1.000000e-04;1.931356e-17
1.000000e-02;5.875917e-19
1.100045e-01;4.871900e-19
2.100090e-01;4.926666e-19
3.100135e-01;4.897334e-19
4.100180e-01;4.839587e-19
5.100225e-01;4.772218e-19
6.100270e-01;4.702883e-19
7.100315e-01;4.635032e-19
8.100360e-01;4.570262e-19
9.100405e-01;4.509274e-19
1.010045e+00;4.452306e-19
1.110050e+00;4.399354e-19
1.210054e+00;4.350284e-19
1.310059e+00;4.304894e-19
1.410063e+00;4.262954e-19
1.510068e+00;4.224225e-19
1.610072e+00;4.188469e-19
1.710077e+00;4.155459e-19
1.810081e+00;4.124978e-19
1.910086e+00;4.096824e-19
2.010090e+00;4.070811e-19
2.110095e+00;4.046766e-19
2.210099e+00;4.024531e-19
2.310104e+00;4.003960e-19
2.410108e+00;3.984920e-19
2.510113e+00;3.967289e-19
2.610117e+00;3.950955e-19
2.710122e+00;3.935817e-19
2.810126e+00;3.921781e-19
2.910131e+00;3.908761e-19
3.010135e+00;3.896680e-19
3.110140e+00;3.885465e-19
3.210144e+00;3.875052e-19
3.310149e+00;3.865380e-19
3.410153e+00;3.856394e-19
3.510158e+00;3.848042e-19
3.610162e+00;3.840280e-19
3.710167e+00;3.833063e-19
3.810171e+00;3.826352e-19
3.910176e+00;3.820112e-19
4.010180e+00;3.814307e-19
4.110185e+00;3.808909e-19
4.210189e+00;3.803887e-19
4.310194e+00;3.799217e-19
4.410198e+00;3.794872e-19
4.510203e+00;3.790832e-19
4.610207e+00;3.787075e-19
4.710212e+00;3.783581e-19
4.810216e+00;3.780333e-19
4.910221e+00;3.777315e-19
5.010225e+00;3.774510e-19
5.110230e+00;3.771905e-19
5.210234e+00;3.769486e-19
5.310239e+00;3.767241e-19
5.410243e+00;3.765158e-19
5.510248e+00;3.763227e-19
5.610252e+00;3.761437e-19
5.710257e+00;3.759780e-19
5.810261e+00;3.758247e-19
5.910266e+00;3.756829e-19
6.010270e+00;3.755519e-19
6.110275e+00;3.754310e-19
6.210279e+00;3.753195e-19
6.310284e+00;3.752169e-19
6.410288e+00;3.751225e-19
6.510293e+00;3.750359e-19
6.610297e+00;3.749564e-19
6.710302e+00;3.748837e-19
6.810306e+00;3.748173e-19
6.910311e+00;3.747568e-19
7.010315e+00;3.747018e-19
7.110320e+00;3.746519e-19
7.210324e+00;3.746068e-19
7.310329e+00;3.745662e-19
7.410333e+00;3.745297e-19
7.510338e+00;3.744972e-19
7.610342e+00;3.744683e-19
7.710347e+00;3.744427e-19
7.810351e+00;3.744203e-19
7.910356e+00;3.744009e-19
8.010360e+00;3.743842e-19
8.110365e+00;3.743700e-19
8.210369e+00;3.743582e-19
8.310374e+00;3.743485e-19
8.410378e+00;3.743409e-19
8.510383e+00;3.743351e-19
8.610387e+00;3.743311e-19
8.710392e+00;3.743286e-19
8.810396e+00;3.743277e-19
8.910401e+00;3.743281e-19
9.010405e+00;3.743297e-19
9.110410e+00;3.743325e-19
9.210414e+00;3.743363e-19
9.310419e+00;3.743411e-19
9.410423e+00;3.743467e-19
9.510428e+00;3.743531e-19
9.610432e+00;3.743602e-19
9.710437e+00;3.743679e-19
9.810441e+00;3.743762e-19
9.910446e+00;3.743850e-19
1.001045e+01;3.743942e-19
1.011045e+01;3.744038e-19
1.021046e+01;3.744137e-19
1.031046e+01;3.744239e-19
1.041047e+01;3.744344e-19
1.051047e+01;3.744450e-19
1.061048e+01;3.744558e-19
1.071048e+01;3.744666e-19
1.081049e+01;3.744776e-19
1.091049e+01;3.744886e-19
1.101050e+01;3.744995e-19
1.111050e+01;3.745105e-19
1.121050e+01;3.745214e-19
1.131051e+01;3.745322e-19
1.141051e+01;3.745429e-19
1.151052e+01;3.745534e-19
1.161052e+01;3.745638e-19
1.171053e+01;3.745741e-19
1.181053e+01;3.745841e-19
1.191054e+01;3.745940e-19
1.201054e+01;3.746036e-19
1.211054e+01;3.746129e-19
1.221055e+01;3.746220e-19
1.231055e+01;3.746309e-19
1.241056e+01;3.746394e-19
1.251056e+01;3.746477e-19
1.261057e+01;3.746556e-19
1.271057e+01;3.746633e-19
1.281058e+01;3.746706e-19
1.291058e+01;3.746776e-19
1.301059e+01;3.746842e-19
1.311059e+01;3.746906e-19
1.321059e+01;3.746965e-19
1.331060e+01;3.747021e-19
1.341060e+01;3.747073e-19
1.351061e+01;3.747122e-19
1.361061e+01;3.747167e-19
1.371062e+01;3.747208e-19
1.381062e+01;3.747246e-19
1.391063e+01;3.747279e-19
1.401063e+01;3.747309e-19
1.411063e+01;3.747335e-19
1.421064e+01;3.747357e-19
1.431064e+01;3.747375e-19
1.441065e+01;3.747389e-19
1.451065e+01;3.747399e-19
1.461066e+01;3.747406e-19
1.471066e+01;3.747408e-19
1.481067e+01;3.747407e-19
1.491067e+01;3.747402e-19
1.501068e+01;3.747392e-19
1.511068e+01;3.747379e-19
1.521068e+01;3.747362e-19
1.531069e+01;3.747341e-19
1.541069e+01;3.747316e-19
1.551070e+01;3.747288e-19
1.561070e+01;3.747255e-19
1.571071e+01;3.747219e-19
1.581071e+01;3.747179e-19
1.591072e+01;3.747135e-19
1.601072e+01;3.747087e-19
1.611072e+01;3.747035e-19
1.621073e+01;3.746980e-19
1.631073e+01;3.746921e-19
1.641074e+01;3.746858e-19
1.651074e+01;3.746792e-19
1.661075e+01;3.746722e-19
1.671075e+01;3.746648e-19
1.681076e+01;3.746571e-19
1.691076e+01;3.746490e-19
1.701077e+01;3.746406e-19
1.711077e+01;3.746318e-19
1.721077e+01;3.746227e-19
1.731078e+01;3.746132e-19
1.741078e+01;3.746034e-19
1.751079e+01;3.745932e-19
1.761079e+01;3.745827e-19
1.771080e+01;3.745719e-19
1.781080e+01;3.745607e-19
1.791081e+01;3.745492e-19
1.801081e+01;3.745374e-19
1.811081e+01;3.745253e-19
1.821082e+01;3.745128e-19
1.831082e+01;3.745001e-19
1.841083e+01;3.744870e-19
1.851083e+01;3.744736e-19
1.861084e+01;3.744599e-19
1.871084e+01;3.744459e-19
1.881085e+01;3.744316e-19
1.891085e+01;3.744170e-19
1.901086e+01;3.744021e-19
1.911086e+01;3.743869e-19
1.921086e+01;3.743714e-19
1.931087e+01;3.743557e-19
1.941087e+01;3.743396e-19
1.951088e+01;3.743233e-19
1.961088e+01;3.743067e-19
1.971089e+01;3.742898e-19
1.981089e+01;3.742727e-19
1.991090e+01;3.742553e-19
2.001090e+01;3.742376e-19
2.011090e+01;3.742197e-19
2.021091e+01;3.742015e-19
2.031091e+01;3.741830e-19
2.041092e+01;3.741644e-19
2.051092e+01;3.741454e-19
2.061093e+01;3.741262e-19
2.071093e+01;3.741068e-19
2.081094e+01;3.740871e-19
2.091094e+01;3.740672e-19
2.101095e+01;3.740470e-19
2.111095e+01;3.740266e-19
2.121095e+01;3.740060e-19
2.131096e+01;3.739852e-19
2.141096e+01;3.739641e-19
2.151097e+01;3.739428e-19
2.161097e+01;3.739213e-19
2.171098e+01;3.738996e-19
2.181098e+01;3.738777e-19
2.191099e+01;3.738555e-19
2.201099e+01;3.738332e-19
2.211099e+01;3.738106e-19
2.221100e+01;3.737878e-19
2.231100e+01;3.737649e-19
2.241101e+01;3.737417e-19
2.251101e+01;3.737184e-19
2.261102e+01;3.736948e-19
2.271102e+01;3.736711e-19
2.281103e+01;3.736471e-19
2.291103e+01;3.736230e-19
2.301104e+01;3.735987e-19
2.311104e+01;3.735742e-19
2.321104e+01;3.735496e-19
2.331105e+01;3.735247e-19
2.341105e+01;3.734997e-19
2.351106e+01;3.734745e-19
2.361106e+01;3.734492e-19
2.371107e+01;3.734237e-19
2.381107e+01;3.733980e-19
2.391108e+01;3.733721e-19
2.401108e+01;3.733461e-19
2.411108e+01;3.733199e-19
2.421109e+01;3.732936e-19
2.431109e+01;3.732671e-19
2.441110e+01;3.732405e-19
2.451110e+01;3.732137e-19
2.461111e+01;3.731868e-19
2.471111e+01;3.731597e-19
2.481112e+01;3.731324e-19
2.491112e+01;3.731051e-19
2.501113e+01;3.730776e-19
2.511113e+01;3.730499e-19
2.521113e+01;3.730221e-19
2.531114e+01;3.729942e-19
2.541114e+01;3.729661e-19
2.551115e+01;3.729379e-19
2.561115e+01;3.729096e-19
2.571116e+01;3.728812e-19
2.581116e+01;3.728526e-19
2.591117e+01;3.728239e-19
2.601117e+01;3.727951e-19
2.611117e+01;3.727661e-19
2.621118e+01;3.727370e-19
2.631118e+01;3.727079e-19
2.641119e+01;3.726786e-19
2.651119e+01;3.726492e-19
2.661120e+01;3.726196e-19
2.671120e+01;3.725900e-19
2.681121e+01;3.725602e-19
2.691121e+01;3.725304e-19
2.701122e+01;3.725004e-19
2.711122e+01;3.724704e-19
2.721122e+01;3.724402e-19
2.731123e+01;3.724099e-19
2.741123e+01;3.723795e-19
2.751124e+01;3.723491e-19
2.761124e+01;3.723185e-19
2.771125e+01;3.722878e-19
2.781125e+01;3.722571e-19
2.791126e+01;3.722262e-19
2.801126e+01;3.721953e-19
2.811126e+01;3.721642e-19
2.821127e+01;3.721331e-19
2.831127e+01;3.721019e-19
2.841128e+01;3.720706e-19
2.851128e+01;3.720392e-19
2.861129e+01;3.720077e-19
2.871129e+01;3.719762e-19
2.881130e+01;3.719445e-19
2.891130e+01;3.719128e-19
2.901131e+01;3.718810e-19
2.911131e+01;3.718491e-19
2.921131e+01;3.718172e-19
2.931132e+01;3.717852e-19
2.941132e+01;3.717531e-19
2.951133e+01;3.717209e-19
2.961133e+01;3.716886e-19
2.971134e+01;3.716563e-19
2.981134e+01;3.716239e-19
2.991135e+01;3.715915e-19
3.001135e+01;3.715590e-19
3.011135e+01;3.715264e-19
3.021136e+01;3.714937e-19
3.031136e+01;3.714610e-19
3.041137e+01;3.714282e-19
3.051137e+01;3.713954e-19
3.061138e+01;3.713625e-19
3.071138e+01;3.713295e-19
3.081139e+01;3.712965e-19
3.091139e+01;3.712634e-19
3.101140e+01;3.712302e-19
3.111140e+01;3.711970e-19
3.121140e+01;3.711638e-19
3.131141e+01;3.711305e-19
3.141141e+01;3.710971e-19
3.151142e+01;3.710637e-19
3.161142e+01;3.710303e-19
3.171143e+01;3.709967e-19
3.181143e+01;3.709632e-19
3.191144e+01;3.709296e-19
3.201144e+01;3.708959e-19
3.211144e+01;3.708622e-19
3.221145e+01;3.708284e-19
3.231145e+01;3.707946e-19
3.241146e+01;3.707608e-19
3.251146e+01;3.707269e-19
3.261147e+01;3.706930e-19
3.271147e+01;3.706590e-19
3.281148e+01;3.706250e-19
3.291148e+01;3.705909e-19
3.301149e+01;3.705568e-19
3.311149e+01;3.705227e-19
3.321149e+01;3.704885e-19
3.331150e+01;3.704543e-19
3.341150e+01;3.704200e-19
3.351151e+01;3.703858e-19
3.361151e+01;3.703514e-19
3.371152e+01;3.703171e-19
3.381152e+01;3.702827e-19
3.391153e+01;3.702483e-19
3.401153e+01;3.702138e-19
3.411153e+01;3.701793e-19
3.421154e+01;3.701448e-19
3.431154e+01;3.701103e-19
3.441155e+01;3.700757e-19
3.451155e+01;3.700411e-19
3.461156e+01;3.700064e-19
3.471156e+01;3.699718e-19
3.481157e+01;3.699371e-19
3.491157e+01;3.699024e-19
3.501158e+01;3.698676e-19
3.511158e+01;3.698328e-19
3.521158e+01;3.697981e-19
3.531159e+01;3.697632e-19
3.541159e+01;3.697284e-19
3.551160e+01;3.696935e-19
3.561160e+01;3.696586e-19
3.571161e+01;3.696237e-19
3.581161e+01;3.695888e-19
3.591162e+01;3.695538e-19
3.601162e+01;3.695189e-19
3.611162e+01;3.694839e-19
3.621163e+01;3.694489e-19
3.631163e+01;3.694138e-19
3.641164e+01;3.693788e-19
3.651164e+01;3.693437e-19
3.661165e+01;3.693086e-19
3.671165e+01;3.692735e-19
3.681166e+01;3.692384e-19
3.691166e+01;3.692033e-19
3.701167e+01;3.691681e-19
3.711167e+01;3.691330e-19
3.721167e+01;3.690978e-19
3.731168e+01;3.690626e-19
3.741168e+01;3.690274e-19
3.751169e+01;3.689922e-19
3.761169e+01;3.689569e-19
3.771170e+01;3.689217e-19
3.781170e+01;3.688865e-19
3.791171e+01;3.688512e-19
3.801171e+01;3.688159e-19
3.811171e+01;3.687806e-19
3.821172e+01;3.687453e-19
3.831172e+01;3.687100e-19
3.841173e+01;3.686747e-19
3.851173e+01;3.686394e-19
3.861174e+01;3.686041e-19
3.871174e+01;3.685687e-19
3.881175e+01;3.685334e-19
3.891175e+01;3.684980e-19
3.901176e+01;3.684627e-19
3.911176e+01;3.684273e-19
3.921176e+01;3.683919e-19
3.931177e+01;3.683566e-19
3.941177e+01;3.683212e-19
3.951178e+01;3.682858e-19
3.961178e+01;3.682504e-19
3.971179e+01;3.682150e-19
3.981179e+01;3.681796e-19
3.991180e+01;3.681442e-19
4.001180e+01;3.681088e-19
4.011180e+01;3.680734e-19
4.021181e+01;3.680380e-19
4.031181e+01;3.680026e-19
4.041182e+01;3.679672e-19
4.051182e+01;3.679318e-19
4.061183e+01;3.678964e-19
4.071183e+01;3.678609e-19
4.081184e+01;3.678255e-19
4.091184e+01;3.677901e-19
4.101185e+01;3.677547e-19
4.111185e+01;3.677193e-19
4.121185e+01;3.676839e-19
4.131186e+01;3.676485e-19
4.141186e+01;3.676131e-19
4.151187e+01;3.675777e-19
4.161187e+01;3.675422e-19
4.171188e+01;3.675068e-19
4.181188e+01;3.674714e-19
4.191189e+01;3.674360e-19
4.201189e+01;3.674007e-19
4.211189e+01;3.673653e-19
4.221190e+01;3.673299e-19
4.231190e+01;3.672945e-19
4.241191e+01;3.672591e-19
4.251191e+01;3.672237e-19
4.261192e+01;3.671884e-19
4.271192e+01;3.671530e-19
4.281193e+01;3.671176e-19
4.291193e+01;3.670823e-19
4.301194e+01;3.670469e-19
4.311194e+01;3.670116e-19
4.321194e+01;3.669763e-19
4.331195e+01;3.669409e-19
4.341195e+01;3.669056e-19
4.351196e+01;3.668703e-19
4.361196e+01;3.668350e-19
4.371197e+01;3.667997e-19
4.381197e+01;3.667644e-19
4.391198e+01;3.667291e-19
4.401198e+01;3.666938e-19
4.411198e+01;3.666585e-19
4.421199e+01;3.666233e-19
4.431199e+01;3.665880e-19
4.441200e+01;3.665528e-19
4.451200e+01;3.665176e-19
4.461201e+01;3.664823e-19
4.471201e+01;3.664471e-19
4.481202e+01;3.664119e-19
4.491202e+01;3.663767e-19
4.501203e+01;3.663415e-19
4.511203e+01;3.663063e-19
4.521203e+01;3.662712e-19
4.531204e+01;3.662360e-19
4.541204e+01;3.662009e-19
4.551205e+01;3.661657e-19
4.561205e+01;3.661306e-19
4.571206e+01;3.660955e-19
4.581206e+01;3.660604e-19
4.591207e+01;3.660253e-19
4.601207e+01;3.659902e-19
4.611207e+01;3.659552e-19
4.621208e+01;3.659201e-19
4.631208e+01;3.658851e-19
4.641209e+01;3.658500e-19
4.651209e+01;3.658150e-19
4.661210e+01;3.657800e-19
4.671210e+01;3.657450e-19
4.681211e+01;3.657101e-19
4.691211e+01;3.656751e-19
4.701212e+01;3.656401e-19
4.711212e+01;3.656052e-19
4.721212e+01;3.655703e-19
4.731213e+01;3.655354e-19
4.741213e+01;3.655005e-19
4.751214e+01;3.654656e-19
4.761214e+01;3.654307e-19
4.771215e+01;3.653959e-19
4.781215e+01;3.653610e-19
4.791216e+01;3.653262e-19
4.801216e+01;3.652914e-19
4.811216e+01;3.652566e-19
4.821217e+01;3.652218e-19
4.831217e+01;3.651871e-19
4.841218e+01;3.651523e-19
4.851218e+01;3.651176e-19
4.861219e+01;3.650829e-19
4.871219e+01;3.650481e-19
4.881220e+01;3.650135e-19
4.891220e+01;3.649788e-19
4.901221e+01;3.649441e-19
4.911221e+01;3.649095e-19
4.921221e+01;3.648749e-19
4.931222e+01;3.648403e-19
4.941222e+01;3.648057e-19
4.951223e+01;3.647711e-19
4.961223e+01;3.647365e-19
4.971224e+01;3.647020e-19
4.981224e+01;3.646675e-19
4.991225e+01;3.646330e-19
5.001225e+01;3.645985e-19
5.011225e+01;3.645640e-19
5.021226e+01;3.645296e-19
5.031226e+01;3.644951e-19
5.041227e+01;3.644607e-19
5.051227e+01;3.644263e-19
5.061228e+01;3.643919e-19
5.071228e+01;3.643575e-19
5.081229e+01;3.643232e-19
5.091229e+01;3.642889e-19
5.101230e+01;3.642545e-19
5.111230e+01;3.642202e-19
5.121230e+01;3.641860e-19
5.131231e+01;3.641517e-19
5.141231e+01;3.641175e-19
5.151232e+01;3.640832e-19
5.161232e+01;3.640490e-19
5.171233e+01;3.640149e-19
5.181233e+01;3.639807e-19
5.191234e+01;3.639465e-19
5.201234e+01;3.639124e-19
5.211234e+01;3.638783e-19
5.221235e+01;3.638442e-19
5.231235e+01;3.638101e-19
5.241236e+01;3.637761e-19
5.251236e+01;3.637420e-19
5.261237e+01;3.637080e-19
5.271237e+01;3.636740e-19
5.281238e+01;3.636401e-19
5.291238e+01;3.636061e-19
5.301239e+01;3.635722e-19
5.311239e+01;3.635382e-19
5.321239e+01;3.635043e-19
5.331240e+01;3.634705e-19
5.341240e+01;3.634366e-19
5.351241e+01;3.634028e-19
5.361241e+01;3.633689e-19
5.371242e+01;3.633351e-19
5.381242e+01;3.633014e-19
5.391243e+01;3.632676e-19
5.401243e+01;3.632339e-19
5.411243e+01;3.632002e-19
5.421244e+01;3.631665e-19
5.431244e+01;3.631328e-19
5.441245e+01;3.630991e-19
5.451245e+01;3.630655e-19
5.461246e+01;3.630319e-19
5.471246e+01;3.629983e-19
5.481247e+01;3.629647e-19
5.491247e+01;3.629311e-19
5.501248e+01;3.628976e-19
5.511248e+01;3.628641e-19
5.521248e+01;3.628306e-19
5.531249e+01;3.627971e-19
5.541249e+01;3.627637e-19
5.551250e+01;3.627302e-19
5.561250e+01;3.626968e-19
5.571251e+01;3.626634e-19
5.581251e+01;3.626301e-19
5.591252e+01;3.625967e-19
5.601252e+01;3.625634e-19
5.611252e+01;3.625301e-19
5.621253e+01;3.624968e-19
5.631253e+01;3.624636e-19
5.641254e+01;3.624303e-19
5.651254e+01;3.623971e-19
5.661255e+01;3.623639e-19
5.671255e+01;3.623307e-19
5.681256e+01;3.622976e-19
5.691256e+01;3.622644e-19
5.701257e+01;3.622313e-19
5.711257e+01;3.621982e-19
5.721257e+01;3.621652e-19
5.731258e+01;3.621321e-19
5.741258e+01;3.620991e-19
5.751259e+01;3.620661e-19
5.761259e+01;3.620331e-19
5.771260e+01;3.620001e-19
5.781260e+01;3.619672e-19
5.791261e+01;3.619343e-19
5.801261e+01;3.619014e-19
5.811261e+01;3.618685e-19
5.821262e+01;3.618357e-19
5.831262e+01;3.618028e-19
5.841263e+01;3.617700e-19
5.851263e+01;3.617372e-19
5.861264e+01;3.617045e-19
5.871264e+01;3.616717e-19
5.881265e+01;3.616390e-19
5.891265e+01;3.616063e-19
5.901266e+01;3.615736e-19
5.911266e+01;3.615410e-19
5.921266e+01;3.615084e-19
5.931267e+01;3.614758e-19
5.941267e+01;3.614432e-19
5.951268e+01;3.614106e-19
5.961268e+01;3.613781e-19
5.971269e+01;3.613455e-19
5.981269e+01;3.613130e-19
5.991270e+01;3.612806e-19
6.001270e+01;3.612481e-19
6.011270e+01;3.612157e-19
6.021271e+01;3.611833e-19
6.031271e+01;3.611509e-19
6.041272e+01;3.611185e-19
6.051272e+01;3.610862e-19
6.061273e+01;3.610539e-19
6.071273e+01;3.610216e-19
6.081274e+01;3.609893e-19
6.091274e+01;3.609570e-19
6.101275e+01;3.609248e-19
6.111275e+01;3.608926e-19
6.121275e+01;3.608604e-19
6.131276e+01;3.608283e-19
6.141276e+01;3.607961e-19
6.151277e+01;3.607640e-19
6.161277e+01;3.607319e-19
6.171278e+01;3.606998e-19
6.181278e+01;3.606678e-19
6.191279e+01;3.606358e-19
6.201279e+01;3.606038e-19
6.211279e+01;3.605718e-19
6.221280e+01;3.605398e-19
6.231280e+01;3.605079e-19
6.241281e+01;3.604760e-19
6.251281e+01;3.604441e-19
6.261282e+01;3.604122e-19
6.271282e+01;3.603804e-19
6.281283e+01;3.603485e-19
6.291283e+01;3.603167e-19
6.301284e+01;3.602850e-19
6.311284e+01;3.602532e-19
6.321284e+01;3.602215e-19
6.331285e+01;3.601898e-19
6.341285e+01;3.601581e-19
6.351286e+01;3.601264e-19
6.361286e+01;3.600948e-19
6.371287e+01;3.600632e-19
6.381287e+01;3.600316e-19
6.391288e+01;3.600000e-19
6.401288e+01;3.599685e-19
6.411288e+01;3.599369e-19
6.421289e+01;3.599054e-19
6.431289e+01;3.598739e-19
6.441290e+01;3.598425e-19
6.451290e+01;3.598110e-19
6.461291e+01;3.597796e-19
6.471291e+01;3.597482e-19
6.481292e+01;3.597169e-19
6.491292e+01;3.596855e-19
6.501293e+01;3.596542e-19
6.511293e+01;3.596229e-19
6.521293e+01;3.595916e-19
6.531294e+01;3.595604e-19
6.541294e+01;3.595291e-19
6.551295e+01;3.594979e-19
6.561295e+01;3.594667e-19
6.571296e+01;3.594356e-19
6.581296e+01;3.594044e-19
6.591297e+01;3.593733e-19
6.601297e+01;3.593422e-19
6.611297e+01;3.593112e-19
6.621298e+01;3.592801e-19
6.631298e+01;3.592491e-19
6.641299e+01;3.592181e-19
6.651299e+01;3.591871e-19
6.661300e+01;3.591561e-19
6.671300e+01;3.591252e-19
6.681301e+01;3.590943e-19
6.691301e+01;3.590634e-19
6.701302e+01;3.590325e-19
6.711302e+01;3.590017e-19
6.721302e+01;3.589709e-19
6.731303e+01;3.589401e-19
6.741303e+01;3.589093e-19
6.751304e+01;3.588785e-19
6.761304e+01;3.588478e-19
6.771305e+01;3.588171e-19
6.781305e+01;3.587864e-19
6.791306e+01;3.587558e-19
6.801306e+01;3.587251e-19
6.811306e+01;3.586945e-19
6.821307e+01;3.586639e-19
6.831307e+01;3.586333e-19
6.841308e+01;3.586028e-19
6.851308e+01;3.585723e-19
6.861309e+01;3.585418e-19
6.871309e+01;3.585113e-19
6.881310e+01;3.584808e-19
6.891310e+01;3.584504e-19
6.901311e+01;3.584200e-19
6.911311e+01;3.583896e-19
6.921311e+01;3.583592e-19
6.931312e+01;3.583289e-19
6.941312e+01;3.582985e-19
6.951313e+01;3.582682e-19
6.961313e+01;3.582380e-19
6.971314e+01;3.582077e-19
6.981314e+01;3.581775e-19
6.991315e+01;3.581473e-19
7.001315e+01;3.581171e-19
7.011315e+01;3.580869e-19
7.021316e+01;3.580568e-19
7.031316e+01;3.580266e-19
7.041317e+01;3.579965e-19
7.051317e+01;3.579665e-19
7.061318e+01;3.579364e-19
7.071318e+01;3.579064e-19
7.081319e+01;3.578764e-19
7.091319e+01;3.578464e-19
7.101320e+01;3.578164e-19
7.111320e+01;3.577865e-19
7.121320e+01;3.577566e-19
7.131321e+01;3.577267e-19
7.141321e+01;3.576968e-19
7.151322e+01;3.576669e-19
7.161322e+01;3.576371e-19
7.171323e+01;3.576073e-19
7.181323e+01;3.575775e-19
7.191324e+01;3.575478e-19
7.201324e+01;3.575180e-19
7.211324e+01;3.574883e-19
7.221325e+01;3.574586e-19
7.231325e+01;3.574289e-19
7.241326e+01;3.573993e-19
7.251326e+01;3.573697e-19
7.261327e+01;3.573401e-19
7.271327e+01;3.573105e-19
7.281328e+01;3.572809e-19
7.291328e+01;3.572514e-19
7.301329e+01;3.572219e-19
7.311329e+01;3.571924e-19
7.321329e+01;3.571629e-19
7.331330e+01;3.571334e-19
7.341330e+01;3.571040e-19
7.351331e+01;3.570746e-19
7.361331e+01;3.570452e-19
7.371332e+01;3.570158e-19
7.381332e+01;3.569865e-19
7.391333e+01;3.569572e-19
7.401333e+01;3.569279e-19
7.411333e+01;3.568986e-19
7.421334e+01;3.568694e-19
7.431334e+01;3.568401e-19
7.441335e+01;3.568109e-19
7.451335e+01;3.567817e-19
7.461336e+01;3.567526e-19
7.471336e+01;3.567234e-19
7.481337e+01;3.566943e-19
7.491337e+01;3.566652e-19
7.501338e+01;3.566361e-19
7.511338e+01;3.566071e-19
7.521338e+01;3.565781e-19
7.531339e+01;3.565490e-19
7.541339e+01;3.565201e-19
7.551340e+01;3.564911e-19
7.561340e+01;3.564621e-19
7.571341e+01;3.564332e-19
7.581341e+01;3.564043e-19
7.591342e+01;3.563754e-19
7.601342e+01;3.563466e-19
7.611342e+01;3.563177e-19
7.621343e+01;3.562889e-19
7.631343e+01;3.562601e-19
7.641344e+01;3.562314e-19
7.651344e+01;3.562026e-19
7.661345e+01;3.561739e-19
7.671345e+01;3.561452e-19
7.681346e+01;3.561165e-19
7.691346e+01;3.560878e-19
7.701347e+01;3.560592e-19
7.711347e+01;3.560306e-19
7.721347e+01;3.560020e-19
7.731348e+01;3.559734e-19
7.741348e+01;3.559448e-19
7.751349e+01;3.559163e-19
7.761349e+01;3.558878e-19
7.771350e+01;3.558593e-19
7.781350e+01;3.558308e-19
7.791351e+01;3.558024e-19
7.801351e+01;3.557739e-19
7.811351e+01;3.557455e-19
7.821352e+01;3.557172e-19
7.831352e+01;3.556888e-19
7.841353e+01;3.556604e-19
7.851353e+01;3.556321e-19
7.861354e+01;3.556038e-19
7.871354e+01;3.555756e-19
7.881355e+01;3.555473e-19
7.891355e+01;3.555191e-19
7.901356e+01;3.554908e-19
7.911356e+01;3.554627e-19
7.921356e+01;3.554345e-19
7.931357e+01;3.554063e-19
7.941357e+01;3.553782e-19
7.951358e+01;3.553501e-19
7.961358e+01;3.553220e-19
7.971359e+01;3.552939e-19
7.981359e+01;3.552659e-19
7.991360e+01;3.552379e-19
8.001360e+01;3.552099e-19
8.011360e+01;3.551819e-19
8.021361e+01;3.551539e-19
8.031361e+01;3.551260e-19
8.041362e+01;3.550981e-19
8.051362e+01;3.550702e-19
8.061363e+01;3.550423e-19
8.071363e+01;3.550144e-19
8.081364e+01;3.549866e-19
8.091364e+01;3.549588e-19
8.101365e+01;3.549310e-19
8.111365e+01;3.549032e-19
8.121365e+01;3.548755e-19
8.131366e+01;3.548477e-19
8.141366e+01;3.548200e-19
8.151367e+01;3.547923e-19
8.161367e+01;3.547647e-19
8.171368e+01;3.547370e-19
8.181368e+01;3.547094e-19
8.191369e+01;3.546818e-19
8.201369e+01;3.546542e-19
8.211369e+01;3.546266e-19
8.221370e+01;3.545991e-19
8.231370e+01;3.545716e-19
8.241371e+01;3.545441e-19
8.251371e+01;3.545166e-19
8.261372e+01;3.544891e-19
8.271372e+01;3.544617e-19
8.281373e+01;3.544342e-19
8.291373e+01;3.544068e-19
8.301374e+01;3.543795e-19
8.311374e+01;3.543521e-19
8.321374e+01;3.543248e-19
8.331375e+01;3.542974e-19
8.341375e+01;3.542701e-19
8.351376e+01;3.542429e-19
8.361376e+01;3.542156e-19
8.371377e+01;3.541884e-19
8.381377e+01;3.541611e-19
8.391378e+01;3.541339e-19
8.401378e+01;3.541068e-19
8.411378e+01;3.540796e-19
8.421379e+01;3.540525e-19
8.431379e+01;3.540254e-19
8.441380e+01;3.539983e-19
8.451380e+01;3.539712e-19
8.461381e+01;3.539441e-19
8.471381e+01;3.539171e-19
8.481382e+01;3.538901e-19
8.491382e+01;3.538631e-19
8.501383e+01;3.538361e-19
8.511383e+01;3.538092e-19
8.521383e+01;3.537822e-19
8.531384e+01;3.537553e-19
8.541384e+01;3.537284e-19
8.551385e+01;3.537015e-19
8.561385e+01;3.536747e-19
8.571386e+01;3.536478e-19
8.581386e+01;3.536210e-19
8.591387e+01;3.535942e-19
8.601387e+01;3.535675e-19
8.611387e+01;3.535407e-19
8.621388e+01;3.535140e-19
8.631388e+01;3.534872e-19
8.641389e+01;3.534605e-19
8.651389e+01;3.534339e-19
8.661390e+01;3.534072e-19
8.671390e+01;3.533806e-19
8.681391e+01;3.533540e-19
8.691391e+01;3.533274e-19
8.701392e+01;3.533008e-19
8.711392e+01;3.532742e-19
8.721392e+01;3.532477e-19
8.731393e+01;3.532212e-19
8.741393e+01;3.531947e-19
8.751394e+01;3.531682e-19
8.761394e+01;3.531417e-19
8.771395e+01;3.531153e-19
8.781395e+01;3.530889e-19
8.791396e+01;3.530625e-19
8.801396e+01;3.530361e-19
8.811396e+01;3.530097e-19
8.821397e+01;3.529834e-19
8.831397e+01;3.529570e-19
8.841398e+01;3.529307e-19
8.851398e+01;3.529045e-19
8.861399e+01;3.528782e-19
8.871399e+01;3.528519e-19
8.881400e+01;3.528257e-19
8.891400e+01;3.527995e-19
8.901401e+01;3.527733e-19
8.911401e+01;3.527471e-19
8.921401e+01;3.527210e-19
8.931402e+01;3.526949e-19
8.941402e+01;3.526687e-19
8.951403e+01;3.526427e-19
8.961403e+01;3.526166e-19
8.971404e+01;3.525905e-19
8.981404e+01;3.525645e-19
8.991405e+01;3.525385e-19
9.001405e+01;3.525125e-19
9.011405e+01;3.524865e-19
9.021406e+01;3.524605e-19
9.031406e+01;3.524346e-19
9.041407e+01;3.524087e-19
9.051407e+01;3.523828e-19
9.061408e+01;3.523569e-19
9.071408e+01;3.523310e-19
9.081409e+01;3.523052e-19
9.091409e+01;3.522794e-19
9.101410e+01;3.522535e-19
9.111410e+01;3.522278e-19
9.121410e+01;3.522020e-19
9.131411e+01;3.521762e-19
9.141411e+01;3.521505e-19
9.151412e+01;3.521248e-19
9.161412e+01;3.520991e-19
9.171413e+01;3.520734e-19
9.181413e+01;3.520478e-19
9.191414e+01;3.520221e-19
9.201414e+01;3.519965e-19
9.211414e+01;3.519709e-19
9.221415e+01;3.519453e-19
9.231415e+01;3.519197e-19
9.241416e+01;3.518942e-19
9.251416e+01;3.518687e-19
9.261417e+01;3.518432e-19
9.271417e+01;3.518177e-19
9.281418e+01;3.517922e-19
9.291418e+01;3.517667e-19
9.301419e+01;3.517413e-19
9.311419e+01;3.517159e-19
9.321419e+01;3.516905e-19
9.331420e+01;3.516651e-19
9.341420e+01;3.516398e-19
9.351421e+01;3.516144e-19
9.361421e+01;3.515891e-19
9.371422e+01;3.515638e-19
9.381422e+01;3.515385e-19
9.391423e+01;3.515132e-19
9.401423e+01;3.514880e-19
9.411423e+01;3.514627e-19
9.421424e+01;3.514375e-19
9.431424e+01;3.514123e-19
9.441425e+01;3.513872e-19
9.451425e+01;3.513620e-19
9.461426e+01;3.513369e-19
9.471426e+01;3.513117e-19
9.481427e+01;3.512866e-19
9.491427e+01;3.512615e-19
9.501428e+01;3.512365e-19
9.511428e+01;3.512114e-19
9.521428e+01;3.511864e-19
9.531429e+01;3.511614e-19
9.541429e+01;3.511364e-19
9.551430e+01;3.511114e-19
9.561430e+01;3.510864e-19
9.571431e+01;3.510615e-19
9.581431e+01;3.510366e-19
9.591432e+01;3.510116e-19
9.601432e+01;3.509868e-19
9.611432e+01;3.509619e-19
9.621433e+01;3.509370e-19
9.631433e+01;3.509122e-19
9.641434e+01;3.508874e-19
9.651434e+01;3.508626e-19
9.661435e+01;3.508378e-19
9.671435e+01;3.508130e-19
9.681436e+01;3.507883e-19
9.691436e+01;3.507635e-19
9.701437e+01;3.507388e-19
9.711437e+01;3.507141e-19
9.721437e+01;3.506895e-19
9.731438e+01;3.506648e-19
9.741438e+01;3.506402e-19
9.751439e+01;3.506155e-19
9.761439e+01;3.505909e-19
9.771440e+01;3.505663e-19
9.781440e+01;3.505418e-19
9.791441e+01;3.505172e-19
9.801441e+01;3.504927e-19
9.811441e+01;3.504681e-19
9.821442e+01;3.504436e-19
9.831442e+01;3.504192e-19
9.841443e+01;3.503947e-19
9.851443e+01;3.503702e-19
9.861444e+01;3.503458e-19
9.871444e+01;3.503214e-19
9.881445e+01;3.502970e-19
9.891445e+01;3.502726e-19
9.901446e+01;3.502483e-19
9.911446e+01;3.502239e-19
9.921446e+01;3.501996e-19
9.931447e+01;3.501753e-19
9.941447e+01;3.501510e-19
9.951448e+01;3.501267e-19
9.961448e+01;3.501024e-19
9.971449e+01;3.500782e-19
9.981449e+01;3.500540e-19
9.991450e+01;3.500298e-19
1.000145e+02;3.500056e-19
1.001145e+02;3.499814e-19
1.002145e+02;3.499572e-19
1.003145e+02;3.499331e-19
1.004145e+02;3.499090e-19
1.005145e+02;3.498849e-19
1.006145e+02;3.498608e-19
1.007145e+02;3.498367e-19
1.008145e+02;3.498126e-19
1.009145e+02;3.497886e-19
1.010145e+02;3.497646e-19
1.011145e+02;3.497406e-19
1.012146e+02;3.497166e-19
1.013146e+02;3.496926e-19
1.014146e+02;3.496687e-19
1.015146e+02;3.496447e-19
1.016146e+02;3.496208e-19
1.017146e+02;3.495969e-19
1.018146e+02;3.495730e-19
1.019146e+02;3.495491e-19
1.020146e+02;3.495253e-19
1.021146e+02;3.495014e-19
1.022146e+02;3.494776e-19
1.023146e+02;3.494538e-19
1.024146e+02;3.494300e-19
1.025146e+02;3.494063e-19
1.026146e+02;3.493825e-19
1.027146e+02;3.493588e-19
1.028146e+02;3.493351e-19
1.029146e+02;3.493113e-19
1.030146e+02;3.492877e-19
1.031146e+02;3.492640e-19
1.032146e+02;3.492403e-19
1.033146e+02;3.492167e-19
1.034147e+02;3.491931e-19
1.035147e+02;3.491695e-19
1.036147e+02;3.491459e-19
1.037147e+02;3.491223e-19
1.038147e+02;3.490987e-19
1.039147e+02;3.490752e-19
1.040147e+02;3.490517e-19
1.041147e+02;3.490282e-19
1.042147e+02;3.490047e-19
1.043147e+02;3.489812e-19
1.044147e+02;3.489577e-19
1.045147e+02;3.489343e-19
1.046147e+02;3.489109e-19
1.047147e+02;3.488875e-19
1.048147e+02;3.488641e-19
1.049147e+02;3.488407e-19
1.050147e+02;3.488173e-19
1.051147e+02;3.487940e-19
1.052147e+02;3.487707e-19
1.053147e+02;3.487473e-19
1.054147e+02;3.487241e-19
1.055147e+02;3.487008e-19
1.056148e+02;3.486775e-19
1.057148e+02;3.486543e-19
1.058148e+02;3.486310e-19
1.059148e+02;3.486078e-19
1.060148e+02;3.485846e-19
1.061148e+02;3.485614e-19
1.062148e+02;3.485383e-19
1.063148e+02;3.485151e-19
1.064148e+02;3.484920e-19
1.065148e+02;3.484688e-19
1.066148e+02;3.484457e-19
1.067148e+02;3.484226e-19
1.068148e+02;3.483996e-19
1.069148e+02;3.483765e-19
1.070148e+02;3.483535e-19
1.071148e+02;3.483304e-19
1.072148e+02;3.483074e-19
1.073148e+02;3.482844e-19
1.074148e+02;3.482615e-19
1.075148e+02;3.482385e-19
1.076148e+02;3.482155e-19
1.077148e+02;3.481926e-19
1.078149e+02;3.481697e-19
1.079149e+02;3.481468e-19
1.080149e+02;3.481239e-19
1.081149e+02;3.481010e-19
1.082149e+02;3.480782e-19
1.083149e+02;3.480553e-19
1.084149e+02;3.480325e-19
1.085149e+02;3.480097e-19
1.086149e+02;3.479869e-19
1.087149e+02;3.479641e-19
1.088149e+02;3.479414e-19
1.089149e+02;3.479186e-19
1.090149e+02;3.478959e-19
1.091149e+02;3.478732e-19
1.092149e+02;3.478505e-19
1.093149e+02;3.478278e-19
1.094149e+02;3.478051e-19
1.095149e+02;3.477825e-19
1.096149e+02;3.477598e-19
1.097149e+02;3.477372e-19
1.098149e+02;3.477146e-19
1.099149e+02;3.476920e-19
1.100150e+02;3.476694e-19
1.101150e+02;3.476469e-19
1.102150e+02;3.476243e-19
1.103150e+02;3.476018e-19
1.104150e+02;3.475793e-19
1.105150e+02;3.475568e-19
1.106150e+02;3.475343e-19
1.107150e+02;3.475118e-19
1.108150e+02;3.474894e-19
1.109150e+02;3.474669e-19
1.110150e+02;3.474445e-19
1.111150e+02;3.474221e-19
1.112150e+02;3.473997e-19
1.113150e+02;3.473773e-19
1.114150e+02;3.473550e-19
1.115150e+02;3.473326e-19
1.116150e+02;3.473103e-19
1.117150e+02;3.472879e-19
1.118150e+02;3.472656e-19
1.119150e+02;3.472434e-19
1.120150e+02;3.472211e-19
1.121150e+02;3.471988e-19
1.122150e+02;3.471766e-19
1.123151e+02;3.471543e-19
1.124151e+02;3.471321e-19
1.125151e+02;3.471099e-19
1.126151e+02;3.470877e-19
1.127151e+02;3.470656e-19
1.128151e+02;3.470434e-19
1.129151e+02;3.470213e-19
1.130151e+02;3.469991e-19
1.131151e+02;3.469770e-19
1.132151e+02;3.469549e-19
1.133151e+02;3.469328e-19
1.134151e+02;3.469108e-19
1.135151e+02;3.468887e-19
1.136151e+02;3.468667e-19
1.137151e+02;3.468447e-19
1.138151e+02;3.468226e-19
1.139151e+02;3.468006e-19
1.140151e+02;3.467787e-19
1.141151e+02;3.467567e-19
1.142151e+02;3.467347e-19
1.143151e+02;3.467128e-19
1.144151e+02;3.466909e-19
1.145152e+02;3.466690e-19
1.146152e+02;3.466471e-19
1.147152e+02;3.466252e-19
1.148152e+02;3.466033e-19
1.149152e+02;3.465815e-19
1.150152e+02;3.465597e-19
1.151152e+02;3.465378e-19
1.152152e+02;3.465160e-19
1.153152e+02;3.464942e-19
1.154152e+02;3.464725e-19
1.155152e+02;3.464507e-19
1.156152e+02;3.464289e-19
1.157152e+02;3.464072e-19
1.158152e+02;3.463855e-19
1.159152e+02;3.463638e-19
1.160152e+02;3.463421e-19
1.161152e+02;3.463204e-19
1.162152e+02;3.462987e-19
1.163152e+02;3.462771e-19
1.164152e+02;3.462555e-19
1.165152e+02;3.462338e-19
1.166152e+02;3.462122e-19
1.167153e+02;3.461906e-19
1.168153e+02;3.461691e-19
1.169153e+02;3.461475e-19
1.170153e+02;3.461259e-19
1.171153e+02;3.461044e-19
1.172153e+02;3.460829e-19
1.173153e+02;3.460614e-19
1.174153e+02;3.460399e-19
1.175153e+02;3.460184e-19
1.176153e+02;3.459969e-19
1.177153e+02;3.459755e-19
1.178153e+02;3.459540e-19
1.179153e+02;3.459326e-19
1.180153e+02;3.459112e-19
1.181153e+02;3.458898e-19
1.182153e+02;3.458684e-19
1.183153e+02;3.458470e-19
1.184153e+02;3.458257e-19
1.185153e+02;3.458044e-19
1.186153e+02;3.457830e-19
1.187153e+02;3.457617e-19
1.188153e+02;3.457404e-19
1.189154e+02;3.457191e-19
1.190154e+02;3.456979e-19
1.191154e+02;3.456766e-19
1.192154e+02;3.456553e-19
1.193154e+02;3.456341e-19
1.194154e+02;3.456129e-19
1.195154e+02;3.455917e-19
1.196154e+02;3.455705e-19
1.197154e+02;3.455493e-19
1.198154e+02;3.455282e-19
1.199154e+02;3.455070e-19
1.200154e+02;3.454859e-19
1.201154e+02;3.454648e-19
1.202154e+02;3.454437e-19
1.203154e+02;3.454226e-19
1.204154e+02;3.454015e-19
1.205154e+02;3.453804e-19
1.206154e+02;3.453594e-19
1.207154e+02;3.453383e-19
1.208154e+02;3.453173e-19
1.209154e+02;3.452963e-19
1.210154e+02;3.452753e-19
1.211154e+02;3.452543e-19
1.212155e+02;3.452333e-19
1.213155e+02;3.452124e-19
1.214155e+02;3.451914e-19
1.215155e+02;3.451705e-19
1.216155e+02;3.451496e-19
1.217155e+02;3.451286e-19
1.218155e+02;3.451078e-19
1.219155e+02;3.450869e-19
1.220155e+02;3.450660e-19
1.221155e+02;3.450452e-19
1.222155e+02;3.450243e-19
1.223155e+02;3.450035e-19
1.224155e+02;3.449827e-19
1.225155e+02;3.449619e-19
1.226155e+02;3.449411e-19
1.227155e+02;3.449203e-19
1.228155e+02;3.448996e-19
1.229155e+02;3.448788e-19
1.230155e+02;3.448581e-19
1.231155e+02;3.448374e-19
1.232155e+02;3.448166e-19
1.233155e+02;3.447960e-19
1.234156e+02;3.447753e-19
1.235156e+02;3.447546e-19
1.236156e+02;3.447340e-19
1.237156e+02;3.447133e-19
1.238156e+02;3.446927e-19
1.239156e+02;3.446721e-19
1.240156e+02;3.446515e-19
1.241156e+02;3.446309e-19
1.242156e+02;3.446103e-19
1.243156e+02;3.445897e-19
1.244156e+02;3.445692e-19
1.245156e+02;3.445486e-19
1.246156e+02;3.445281e-19
1.247156e+02;3.445076e-19
1.248156e+02;3.444871e-19
1.249156e+02;3.444666e-19
1.250156e+02;3.444461e-19
1.251156e+02;3.444257e-19
1.252156e+02;3.444052e-19
1.253156e+02;3.443848e-19
1.254156e+02;3.443644e-19
1.255156e+02;3.443440e-19
1.256157e+02;3.443236e-19
1.257157e+02;3.443032e-19
1.258157e+02;3.442828e-19
1.259157e+02;3.442625e-19
1.260157e+02;3.442421e-19
1.261157e+02;3.442218e-19
1.262157e+02;3.442015e-19
1.263157e+02;3.441812e-19
1.264157e+02;3.441609e-19
1.265157e+02;3.441406e-19
1.266157e+02;3.441203e-19
1.267157e+02;3.441001e-19
1.268157e+02;3.440798e-19
1.269157e+02;3.440596e-19
1.270157e+02;3.440394e-19
1.271157e+02;3.440192e-19
1.272157e+02;3.439990e-19
1.273157e+02;3.439788e-19
1.274157e+02;3.439586e-19
1.275157e+02;3.439385e-19
1.276157e+02;3.439183e-19
1.277157e+02;3.438982e-19
1.278158e+02;3.438781e-19
1.279158e+02;3.438580e-19
1.280158e+02;3.438379e-19
1.281158e+02;3.438178e-19
1.282158e+02;3.437977e-19
1.283158e+02;3.437777e-19
1.284158e+02;3.437576e-19
1.285158e+02;3.437376e-19
1.286158e+02;3.437176e-19
1.287158e+02;3.436976e-19
1.288158e+02;3.436776e-19
1.289158e+02;3.436576e-19
1.290158e+02;3.436376e-19
1.291158e+02;3.436177e-19
1.292158e+02;3.435977e-19
1.293158e+02;3.435778e-19
1.294158e+02;3.435579e-19
1.295158e+02;3.435380e-19
1.296158e+02;3.435181e-19
1.297158e+02;3.434982e-19
1.298158e+02;3.434783e-19
1.299158e+02;3.434585e-19
1.300159e+02;3.434386e-19
1.301159e+02;3.434188e-19
1.302159e+02;3.433990e-19
1.303159e+02;3.433792e-19
1.304159e+02;3.433594e-19
1.305159e+02;3.433396e-19
1.306159e+02;3.433198e-19
1.307159e+02;3.433000e-19
1.308159e+02;3.432803e-19
1.309159e+02;3.432605e-19
1.310159e+02;3.432408e-19
1.311159e+02;3.432211e-19
1.312159e+02;3.432014e-19
1.313159e+02;3.431817e-19
1.314159e+02;3.431620e-19
1.315159e+02;3.431424e-19
1.316159e+02;3.431227e-19
1.317159e+02;3.431031e-19
1.318159e+02;3.430835e-19
1.319159e+02;3.430638e-19
1.320159e+02;3.430442e-19
1.321159e+02;3.430246e-19
1.322159e+02;3.430051e-19
1.323160e+02;3.429855e-19
1.324160e+02;3.429659e-19
1.325160e+02;3.429464e-19
1.326160e+02;3.429269e-19
1.327160e+02;3.429073e-19
1.328160e+02;3.428878e-19
1.329160e+02;3.428683e-19
1.330160e+02;3.428488e-19
1.331160e+02;3.428294e-19
1.332160e+02;3.428099e-19
1.333160e+02;3.427904e-19
1.334160e+02;3.427710e-19
1.335160e+02;3.427516e-19
1.336160e+02;3.427322e-19
1.337160e+02;3.427128e-19
1.338160e+02;3.426934e-19
1.339160e+02;3.426740e-19
1.340160e+02;3.426546e-19
1.341160e+02;3.426353e-19
1.342160e+02;3.426159e-19
1.343160e+02;3.425966e-19
1.344160e+02;3.425773e-19
1.345161e+02;3.425579e-19
1.346161e+02;3.425386e-19
1.347161e+02;3.425194e-19
1.348161e+02;3.425001e-19
1.349161e+02;3.424808e-19
1.350161e+02;3.424616e-19
1.351161e+02;3.424423e-19
1.352161e+02;3.424231e-19
1.353161e+02;3.424039e-19
1.354161e+02;3.423847e-19
1.355161e+02;3.423655e-19
1.356161e+02;3.423463e-19
1.357161e+02;3.423271e-19
1.358161e+02;3.423080e-19
1.359161e+02;3.422888e-19
1.360161e+02;3.422697e-19
1.361161e+02;3.422505e-19
1.362161e+02;3.422314e-19
1.363161e+02;3.422123e-19
1.364161e+02;3.421932e-19
1.365161e+02;3.421742e-19
1.366161e+02;3.421551e-19
1.367162e+02;3.421360e-19
1.368162e+02;3.421170e-19
1.369162e+02;3.420979e-19
1.370162e+02;3.420789e-19
1.371162e+02;3.420599e-19
1.372162e+02;3.420409e-19
1.373162e+02;3.420219e-19
1.374162e+02;3.420029e-19
1.375162e+02;3.419840e-19
1.376162e+02;3.419650e-19
1.377162e+02;3.419461e-19
1.378162e+02;3.419271e-19
1.379162e+02;3.419082e-19
1.380162e+02;3.418893e-19
1.381162e+02;3.418704e-19
1.382162e+02;3.418515e-19
1.383162e+02;3.418326e-19
1.384162e+02;3.418138e-19
1.385162e+02;3.417949e-19
1.386162e+02;3.417761e-19
1.387162e+02;3.417572e-19
1.388162e+02;3.417384e-19
1.389163e+02;3.417196e-19
1.390163e+02;3.417008e-19
1.391163e+02;3.416820e-19
1.392163e+02;3.416632e-19
1.393163e+02;3.416445e-19
1.394163e+02;3.416257e-19
1.395163e+02;3.416070e-19
1.396163e+02;3.415882e-19
1.397163e+02;3.415695e-19
1.398163e+02;3.415508e-19
1.399163e+02;3.415321e-19
1.400163e+02;3.415134e-19
1.401163e+02;3.414947e-19
1.402163e+02;3.414760e-19
1.403163e+02;3.414574e-19
1.404163e+02;3.414387e-19
1.405163e+02;3.414201e-19
1.406163e+02;3.414015e-19
1.407163e+02;3.413829e-19
1.408163e+02;3.413643e-19
1.409163e+02;3.413457e-19
1.410163e+02;3.413271e-19
1.411163e+02;3.413085e-19
1.412164e+02;3.412900e-19
1.413164e+02;3.412714e-19
1.414164e+02;3.412529e-19
1.415164e+02;3.412343e-19
1.416164e+02;3.412158e-19
1.417164e+02;3.411973e-19
1.418164e+02;3.411788e-19
1.419164e+02;3.411603e-19
1.420164e+02;3.411419e-19
1.421164e+02;3.411234e-19
1.422164e+02;3.411049e-19
1.423164e+02;3.410865e-19
1.424164e+02;3.410681e-19
1.425164e+02;3.410497e-19
1.426164e+02;3.410312e-19
1.427164e+02;3.410128e-19
1.428164e+02;3.409945e-19
1.429164e+02;3.409761e-19
1.430164e+02;3.409577e-19
1.431164e+02;3.409394e-19
1.432164e+02;3.409210e-19
1.433164e+02;3.409027e-19
1.434165e+02;3.408844e-19
1.435165e+02;3.408660e-19
1.436165e+02;3.408477e-19
1.437165e+02;3.408294e-19
1.438165e+02;3.408112e-19
1.439165e+02;3.407929e-19
1.440165e+02;3.407746e-19
1.441165e+02;3.407564e-19
1.442165e+02;3.407381e-19
1.443165e+02;3.407199e-19
1.444165e+02;3.407017e-19
1.445165e+02;3.406835e-19
1.446165e+02;3.406653e-19
1.447165e+02;3.406471e-19
1.448165e+02;3.406289e-19
1.449165e+02;3.406107e-19
1.450165e+02;3.405926e-19
1.451165e+02;3.405744e-19
1.452165e+02;3.405563e-19
1.453165e+02;3.405382e-19
1.454165e+02;3.405201e-19
1.455165e+02;3.405020e-19
1.456166e+02;3.404839e-19
1.457166e+02;3.404658e-19
1.458166e+02;3.404477e-19
1.459166e+02;3.404296e-19
1.460166e+02;3.404116e-19
1.461166e+02;3.403935e-19
1.462166e+02;3.403755e-19
1.463166e+02;3.403575e-19
1.464166e+02;3.403395e-19
1.465166e+02;3.403215e-19
1.466166e+02;3.403035e-19
1.467166e+02;3.402855e-19
1.468166e+02;3.402675e-19
1.469166e+02;3.402496e-19
1.470166e+02;3.402316e-19
1.471166e+02;3.402137e-19
1.472166e+02;3.401957e-19
1.473166e+02;3.401778e-19
1.474166e+02;3.401599e-19
1.475166e+02;3.401420e-19
1.476166e+02;3.401241e-19
1.477166e+02;3.401062e-19
1.478167e+02;3.400884e-19
1.479167e+02;3.400705e-19
1.480167e+02;3.400527e-19
1.481167e+02;3.400348e-19
1.482167e+02;3.400170e-19
1.483167e+02;3.399992e-19
1.484167e+02;3.399814e-19
1.485167e+02;3.399636e-19
1.486167e+02;3.399458e-19
1.487167e+02;3.399280e-19
1.488167e+02;3.399102e-19
1.489167e+02;3.398925e-19
1.490167e+02;3.398747e-19
1.491167e+02;3.398570e-19
1.492167e+02;3.398393e-19
1.493167e+02;3.398215e-19
1.494167e+02;3.398038e-19
1.495167e+02;3.397861e-19
1.496167e+02;3.397684e-19
1.497167e+02;3.397508e-19
1.498167e+02;3.397331e-19
1.499167e+02;3.397154e-19
1.500168e+02;3.396978e-19
1.501168e+02;3.396801e-19
1.502168e+02;3.396625e-19
1.503168e+02;3.396449e-19
1.504168e+02;3.396273e-19
1.505168e+02;3.396097e-19
1.506168e+02;3.395921e-19
1.507168e+02;3.395745e-19
1.508168e+02;3.395569e-19
1.509168e+02;3.395394e-19
1.510168e+02;3.395218e-19
1.511168e+02;3.395043e-19
1.512168e+02;3.394867e-19
1.513168e+02;3.394692e-19
1.514168e+02;3.394517e-19
1.515168e+02;3.394342e-19
1.516168e+02;3.394167e-19
1.517168e+02;3.393992e-19
1.518168e+02;3.393817e-19
1.519168e+02;3.393643e-19
1.520168e+02;3.393468e-19
1.521168e+02;3.393294e-19
1.522168e+02;3.393119e-19
1.523169e+02;3.392945e-19
1.524169e+02;3.392771e-19
1.525169e+02;3.392597e-19
1.526169e+02;3.392423e-19
1.527169e+02;3.392249e-19
1.528169e+02;3.392075e-19
1.529169e+02;3.391902e-19
1.530169e+02;3.391728e-19
1.531169e+02;3.391555e-19
1.532169e+02;3.391381e-19
1.533169e+02;3.391208e-19
1.534169e+02;3.391035e-19
1.535169e+02;3.390862e-19
1.536169e+02;3.390689e-19
1.537169e+02;3.390516e-19
1.538169e+02;3.390343e-19
1.539169e+02;3.390170e-19
1.540169e+02;3.389997e-19
1.541169e+02;3.389825e-19
1.542169e+02;3.389652e-19
1.543169e+02;3.389480e-19
1.544169e+02;3.389308e-19
1.545170e+02;3.389136e-19
1.546170e+02;3.388964e-19
1.547170e+02;3.388792e-19
1.548170e+02;3.388620e-19
1.549170e+02;3.388448e-19
1.550170e+02;3.388276e-19
1.551170e+02;3.388105e-19
1.552170e+02;3.387933e-19
1.553170e+02;3.387762e-19
1.554170e+02;3.387590e-19
1.555170e+02;3.387419e-19
1.556170e+02;3.387248e-19
1.557170e+02;3.387077e-19
1.558170e+02;3.386906e-19
1.559170e+02;3.386735e-19
1.560170e+02;3.386565e-19
1.561170e+02;3.386394e-19
1.562170e+02;3.386223e-19
1.563170e+02;3.386053e-19
1.564170e+02;3.385882e-19
1.565170e+02;3.385712e-19
1.566170e+02;3.385542e-19
1.567171e+02;3.385372e-19
1.568171e+02;3.385202e-19
1.569171e+02;3.385032e-19
1.570171e+02;3.384862e-19
1.571171e+02;3.384692e-19
1.572171e+02;3.384523e-19
1.573171e+02;3.384353e-19
1.574171e+02;3.384184e-19
1.575171e+02;3.384014e-19
1.576171e+02;3.383845e-19
1.577171e+02;3.383676e-19
1.578171e+02;3.383507e-19
1.579171e+02;3.383338e-19
1.580171e+02;3.383169e-19
1.581171e+02;3.383000e-19
1.582171e+02;3.382831e-19
1.583171e+02;3.382663e-19
1.584171e+02;3.382494e-19
1.585171e+02;3.382326e-19
1.586171e+02;3.382157e-19
1.587171e+02;3.381989e-19
1.588171e+02;3.381821e-19
1.589172e+02;3.381653e-19
1.590172e+02;3.381485e-19
1.591172e+02;3.381317e-19
1.592172e+02;3.381149e-19
1.593172e+02;3.380981e-19
1.594172e+02;3.380814e-19
1.595172e+02;3.380646e-19
1.596172e+02;3.380478e-19
1.597172e+02;3.380311e-19
1.598172e+02;3.380144e-19
1.599172e+02;3.379977e-19
1.600172e+02;3.379810e-19
1.601172e+02;3.379642e-19
1.602172e+02;3.379476e-19
1.603172e+02;3.379309e-19
1.604172e+02;3.379142e-19
1.605172e+02;3.378975e-19
1.606172e+02;3.378809e-19
1.607172e+02;3.378642e-19
1.608172e+02;3.378476e-19
1.609172e+02;3.378310e-19
1.610172e+02;3.378143e-19
1.611172e+02;3.377977e-19
1.612173e+02;3.377811e-19
1.613173e+02;3.377645e-19
1.614173e+02;3.377479e-19
1.615173e+02;3.377314e-19
1.616173e+02;3.377148e-19
1.617173e+02;3.376982e-19
1.618173e+02;3.376817e-19
1.619173e+02;3.376651e-19
1.620173e+02;3.376486e-19
1.621173e+02;3.376321e-19
1.622173e+02;3.376156e-19
1.623173e+02;3.375990e-19
1.624173e+02;3.375825e-19
1.625173e+02;3.375661e-19
1.626173e+02;3.375496e-19
1.627173e+02;3.375331e-19
1.628173e+02;3.375166e-19
1.629173e+02;3.375002e-19
1.630173e+02;3.374837e-19
1.631173e+02;3.374673e-19
1.632173e+02;3.374509e-19
1.633173e+02;3.374344e-19
1.634174e+02;3.374180e-19
1.635174e+02;3.374016e-19
1.636174e+02;3.373852e-19
1.637174e+02;3.373688e-19
1.638174e+02;3.373525e-19
1.639174e+02;3.373361e-19
1.640174e+02;3.373197e-19
1.641174e+02;3.373034e-19
1.642174e+02;3.372870e-19
1.643174e+02;3.372707e-19
1.644174e+02;3.372544e-19
1.645174e+02;3.372381e-19
1.646174e+02;3.372218e-19
1.647174e+02;3.372055e-19
1.648174e+02;3.371892e-19
1.649174e+02;3.371729e-19
1.650174e+02;3.371566e-19
1.651174e+02;3.371403e-19
1.652174e+02;3.371241e-19
1.653174e+02;3.371078e-19
1.654174e+02;3.370916e-19
1.655174e+02;3.370754e-19
1.656175e+02;3.370591e-19
1.657175e+02;3.370429e-19
1.658175e+02;3.370267e-19
1.659175e+02;3.370105e-19
1.660175e+02;3.369943e-19
1.661175e+02;3.369781e-19
1.662175e+02;3.369620e-19
1.663175e+02;3.369458e-19
1.664175e+02;3.369296e-19
1.665175e+02;3.369135e-19
1.666175e+02;3.368973e-19
1.667175e+02;3.368812e-19
1.668175e+02;3.368651e-19
1.669175e+02;3.368490e-19
1.670175e+02;3.368329e-19
1.671175e+02;3.368168e-19
1.672175e+02;3.368007e-19
1.673175e+02;3.367846e-19
1.674175e+02;3.367685e-19
1.675175e+02;3.367525e-19
1.676175e+02;3.367364e-19
1.677175e+02;3.367204e-19
1.678176e+02;3.367043e-19
1.679176e+02;3.366883e-19
1.680176e+02;3.366723e-19
1.681176e+02;3.366562e-19
1.682176e+02;3.366402e-19
1.683176e+02;3.366242e-19
1.684176e+02;3.366083e-19
1.685176e+02;3.365923e-19
1.686176e+02;3.365763e-19
1.687176e+02;3.365603e-19
1.688176e+02;3.365444e-19
1.689176e+02;3.365284e-19
1.690176e+02;3.365125e-19
1.691176e+02;3.364965e-19
1.692176e+02;3.364806e-19
1.693176e+02;3.364647e-19
1.694176e+02;3.364488e-19
1.695176e+02;3.364329e-19
1.696176e+02;3.364170e-19
1.697176e+02;3.364011e-19
1.698176e+02;3.363852e-19
1.699176e+02;3.363694e-19
1.700177e+02;3.363535e-19
1.701177e+02;3.363377e-19
1.702177e+02;3.363218e-19
1.703177e+02;3.363060e-19
1.704177e+02;3.362902e-19
1.705177e+02;3.362743e-19
1.706177e+02;3.362585e-19
1.707177e+02;3.362427e-19
1.708177e+02;3.362269e-19
1.709177e+02;3.362111e-19
1.710177e+02;3.361954e-19
1.711177e+02;3.361796e-19
1.712177e+02;3.361638e-19
1.713177e+02;3.361481e-19
1.714177e+02;3.361323e-19
1.715177e+02;3.361166e-19
1.716177e+02;3.361009e-19
1.717177e+02;3.360851e-19
1.718177e+02;3.360694e-19
1.719177e+02;3.360537e-19
1.720177e+02;3.360380e-19
1.721177e+02;3.360223e-19
1.722177e+02;3.360066e-19
1.723178e+02;3.359910e-19
1.724178e+02;3.359753e-19
1.725178e+02;3.359596e-19
1.726178e+02;3.359440e-19
1.727178e+02;3.359283e-19
1.728178e+02;3.359127e-19
1.729178e+02;3.358971e-19
1.730178e+02;3.358815e-19
1.731178e+02;3.358658e-19
1.732178e+02;3.358502e-19
1.733178e+02;3.358346e-19
1.734178e+02;3.358191e-19
1.735178e+02;3.358035e-19
1.736178e+02;3.357879e-19
1.737178e+02;3.357723e-19
1.738178e+02;3.357568e-19
1.739178e+02;3.357412e-19
1.740178e+02;3.357257e-19
1.741178e+02;3.357102e-19
1.742178e+02;3.356946e-19
1.743178e+02;3.356791e-19
1.744178e+02;3.356636e-19
1.745179e+02;3.356481e-19
1.746179e+02;3.356326e-19
1.747179e+02;3.356171e-19
1.748179e+02;3.356016e-19
1.749179e+02;3.355862e-19
1.750179e+02;3.355707e-19
1.751179e+02;3.355553e-19
1.752179e+02;3.355398e-19
1.753179e+02;3.355244e-19
1.754179e+02;3.355089e-19
1.755179e+02;3.354935e-19
1.756179e+02;3.354781e-19
1.757179e+02;3.354627e-19
1.758179e+02;3.354473e-19
1.759179e+02;3.354319e-19
1.760179e+02;3.354165e-19
1.761179e+02;3.354011e-19
1.762179e+02;3.353857e-19
1.763179e+02;3.353704e-19
1.764179e+02;3.353550e-19
1.765179e+02;3.353397e-19
1.766179e+02;3.353243e-19
1.767180e+02;3.353090e-19
1.768180e+02;3.352937e-19
1.769180e+02;3.352784e-19
1.770180e+02;3.352631e-19
1.771180e+02;3.352478e-19
1.772180e+02;3.352325e-19
1.773180e+02;3.352172e-19
1.774180e+02;3.352019e-19
1.775180e+02;3.351866e-19
1.776180e+02;3.351714e-19
1.777180e+02;3.351561e-19
1.778180e+02;3.351408e-19
1.779180e+02;3.351256e-19
1.780180e+02;3.351104e-19
1.781180e+02;3.350951e-19
1.782180e+02;3.350799e-19
1.783180e+02;3.350647e-19
1.784180e+02;3.350495e-19
1.785180e+02;3.350343e-19
1.786180e+02;3.350191e-19
1.787180e+02;3.350039e-19
1.788180e+02;3.349888e-19
1.789181e+02;3.349736e-19
1.790181e+02;3.349584e-19
1.791181e+02;3.349433e-19
1.792181e+02;3.349281e-19
1.793181e+02;3.349130e-19
1.794181e+02;3.348979e-19
1.795181e+02;3.348828e-19
1.796181e+02;3.348676e-19
1.797181e+02;3.348525e-19
1.798181e+02;3.348374e-19
1.799181e+02;3.348223e-19
1.800181e+02;3.348073e-19
1.801181e+02;3.347922e-19
1.802181e+02;3.347771e-19
1.803181e+02;3.347620e-19
1.804181e+02;3.347470e-19
1.805181e+02;3.347319e-19
1.806181e+02;3.347169e-19
1.807181e+02;3.347019e-19
1.808181e+02;3.346868e-19
1.809181e+02;3.346718e-19
1.810181e+02;3.346568e-19
1.811181e+02;3.346418e-19
1.812182e+02;3.346268e-19
1.813182e+02;3.346118e-19
1.814182e+02;3.345968e-19
1.815182e+02;3.345819e-19
1.816182e+02;3.345669e-19
1.817182e+02;3.345519e-19
1.818182e+02;3.345370e-19
1.819182e+02;3.345220e-19
1.820182e+02;3.345071e-19
1.821182e+02;3.344922e-19
1.822182e+02;3.344772e-19
1.823182e+02;3.344623e-19
1.824182e+02;3.344474e-19
1.825182e+02;3.344325e-19
1.826182e+02;3.344176e-19
1.827182e+02;3.344027e-19
1.828182e+02;3.343878e-19
1.829182e+02;3.343730e-19
1.830182e+02;3.343581e-19
1.831182e+02;3.343432e-19
1.832182e+02;3.343284e-19
1.833182e+02;3.343135e-19
1.834183e+02;3.342987e-19
1.835183e+02;3.342839e-19
1.836183e+02;3.342690e-19
1.837183e+02;3.342542e-19
1.838183e+02;3.342394e-19
1.839183e+02;3.342246e-19
1.840183e+02;3.342098e-19
1.841183e+02;3.341950e-19
1.842183e+02;3.341803e-19
1.843183e+02;3.341655e-19
1.844183e+02;3.341507e-19
1.845183e+02;3.341360e-19
1.846183e+02;3.341212e-19
1.847183e+02;3.341065e-19
1.848183e+02;3.340917e-19
1.849183e+02;3.340770e-19
1.850183e+02;3.340623e-19
1.851183e+02;3.340476e-19
1.852183e+02;3.340328e-19
1.853183e+02;3.340181e-19
1.854183e+02;3.340034e-19
1.855183e+02;3.339888e-19
1.856184e+02;3.339741e-19
1.857184e+02;3.339594e-19
1.858184e+02;3.339447e-19
1.859184e+02;3.339301e-19
1.860184e+02;3.339154e-19
1.861184e+02;3.339008e-19
1.862184e+02;3.338861e-19
1.863184e+02;3.338715e-19
1.864184e+02;3.338569e-19
1.865184e+02;3.338423e-19
1.866184e+02;3.338276e-19
1.867184e+02;3.338130e-19
1.868184e+02;3.337984e-19
1.869184e+02;3.337838e-19
1.870184e+02;3.337693e-19
1.871184e+02;3.337547e-19
1.872184e+02;3.337401e-19
1.873184e+02;3.337256e-19
1.874184e+02;3.337110e-19
1.875184e+02;3.336965e-19
1.876184e+02;3.336819e-19
1.877184e+02;3.336674e-19
1.878185e+02;3.336528e-19
1.879185e+02;3.336383e-19
1.880185e+02;3.336238e-19
1.881185e+02;3.336093e-19
1.882185e+02;3.335948e-19
1.883185e+02;3.335803e-19
1.884185e+02;3.335658e-19
1.885185e+02;3.335513e-19
1.886185e+02;3.335369e-19
1.887185e+02;3.335224e-19
1.888185e+02;3.335079e-19
1.889185e+02;3.334935e-19
1.890185e+02;3.334790e-19
1.891185e+02;3.334646e-19
1.892185e+02;3.334502e-19
1.893185e+02;3.334357e-19
1.894185e+02;3.334213e-19
1.895185e+02;3.334069e-19
1.896185e+02;3.333925e-19
1.897185e+02;3.333781e-19
1.898185e+02;3.333637e-19
1.899185e+02;3.333493e-19
1.900186e+02;3.333350e-19
1.901186e+02;3.333206e-19
1.902186e+02;3.333062e-19
1.903186e+02;3.332919e-19
1.904186e+02;3.332775e-19
1.905186e+02;3.332632e-19
1.906186e+02;3.332488e-19
1.907186e+02;3.332345e-19
1.908186e+02;3.332202e-19
1.909186e+02;3.332058e-19
1.910186e+02;3.331915e-19
1.911186e+02;3.331772e-19
1.912186e+02;3.331629e-19
1.913186e+02;3.331486e-19
1.914186e+02;3.331344e-19
1.915186e+02;3.331201e-19
1.916186e+02;3.331058e-19
1.917186e+02;3.330915e-19
1.918186e+02;3.330773e-19
1.919186e+02;3.330630e-19
1.920186e+02;3.330488e-19
1.921186e+02;3.330346e-19
1.922186e+02;3.330203e-19
1.923187e+02;3.330061e-19
1.924187e+02;3.329919e-19
1.925187e+02;3.329777e-19
1.926187e+02;3.329635e-19
1.927187e+02;3.329493e-19
1.928187e+02;3.329351e-19
1.929187e+02;3.329209e-19
1.930187e+02;3.329067e-19
1.931187e+02;3.328925e-19
1.932187e+02;3.328784e-19
1.933187e+02;3.328642e-19
1.934187e+02;3.328501e-19
1.935187e+02;3.328359e-19
1.936187e+02;3.328218e-19
1.937187e+02;3.328077e-19
1.938187e+02;3.327935e-19
1.939187e+02;3.327794e-19
1.940187e+02;3.327653e-19
1.941187e+02;3.327512e-19
1.942187e+02;3.327371e-19
1.943187e+02;3.327230e-19
1.944187e+02;3.327089e-19
1.945188e+02;3.326948e-19
1.946188e+02;3.326808e-19
1.947188e+02;3.326667e-19
1.948188e+02;3.326526e-19
1.949188e+02;3.326386e-19
1.950188e+02;3.326245e-19
1.951188e+02;3.326105e-19
1.952188e+02;3.325965e-19
1.953188e+02;3.325824e-19
1.954188e+02;3.325684e-19
1.955188e+02;3.325544e-19
1.956188e+02;3.325404e-19
1.957188e+02;3.325264e-19
1.958188e+02;3.325124e-19
1.959188e+02;3.324984e-19
1.960188e+02;3.324844e-19
1.961188e+02;3.324704e-19
1.962188e+02;3.324565e-19
1.963188e+02;3.324425e-19
1.964188e+02;3.324285e-19
1.965188e+02;3.324146e-19
1.966188e+02;3.324006e-19
1.967189e+02;3.323867e-19
1.968189e+02;3.323728e-19
1.969189e+02;3.323588e-19
1.970189e+02;3.323449e-19
1.971189e+02;3.323310e-19
1.972189e+02;3.323171e-19
1.973189e+02;3.323032e-19
1.974189e+02;3.322893e-19
1.975189e+02;3.322754e-19
1.976189e+02;3.322615e-19
1.977189e+02;3.322477e-19
1.978189e+02;3.322338e-19
1.979189e+02;3.322199e-19
1.980189e+02;3.322061e-19
1.981189e+02;3.321922e-19
1.982189e+02;3.321784e-19
1.983189e+02;3.321646e-19
1.984189e+02;3.321507e-19
1.985189e+02;3.321369e-19
1.986189e+02;3.321231e-19
1.987189e+02;3.321093e-19
1.988189e+02;3.320955e-19
1.989190e+02;3.320817e-19
1.990190e+02;3.320679e-19
1.991190e+02;3.320541e-19
1.992190e+02;3.320403e-19
1.993190e+02;3.320265e-19
1.994190e+02;3.320128e-19
1.995190e+02;3.319990e-19
1.996190e+02;3.319852e-19
1.997190e+02;3.319715e-19
1.998190e+02;3.319578e-19
1.999190e+02;3.319440e-19
2.000190e+02;3.319303e-19
2.001190e+02;3.319166e-19
2.002190e+02;3.319028e-19
2.003190e+02;3.318891e-19
2.004190e+02;3.318754e-19
2.005190e+02;3.318617e-19
2.006190e+02;3.318480e-19
2.007190e+02;3.318343e-19
2.008190e+02;3.318207e-19
2.009190e+02;3.318070e-19
2.010190e+02;3.317933e-19
2.011190e+02;3.317797e-19
2.012191e+02;3.317660e-19
2.013191e+02;3.317524e-19
2.014191e+02;3.317387e-19
2.015191e+02;3.317251e-19
2.016191e+02;3.317114e-19
2.017191e+02;3.316978e-19
2.018191e+02;3.316842e-19
2.019191e+02;3.316706e-19
2.020191e+02;3.316570e-19
2.021191e+02;3.316434e-19
2.022191e+02;3.316298e-19
2.023191e+02;3.316162e-19
2.024191e+02;3.316026e-19
2.025191e+02;3.315890e-19
2.026191e+02;3.315755e-19
2.027191e+02;3.315619e-19
2.028191e+02;3.315483e-19
2.029191e+02;3.315348e-19
2.030191e+02;3.315212e-19
2.031191e+02;3.315077e-19
2.032191e+02;3.314942e-19
2.033191e+02;3.314806e-19
2.034192e+02;3.314671e-19
2.035192e+02;3.314536e-19
2.036192e+02;3.314401e-19
2.037192e+02;3.314266e-19
2.038192e+02;3.314131e-19
2.039192e+02;3.313996e-19
2.040192e+02;3.313861e-19
2.041192e+02;3.313726e-19
2.042192e+02;3.313591e-19
2.043192e+02;3.313457e-19
2.044192e+02;3.313322e-19
2.045192e+02;3.313187e-19
2.046192e+02;3.313053e-19
2.047192e+02;3.312918e-19
2.048192e+02;3.312784e-19
2.049192e+02;3.312650e-19
2.050192e+02;3.312516e-19
2.051192e+02;3.312381e-19
2.052192e+02;3.312247e-19
2.053192e+02;3.312113e-19
2.054192e+02;3.311979e-19
2.055192e+02;3.311845e-19
2.056193e+02;3.311711e-19
2.057193e+02;3.311577e-19
2.058193e+02;3.311443e-19
2.059193e+02;3.311310e-19
2.060193e+02;3.311176e-19
2.061193e+02;3.311042e-19
2.062193e+02;3.310909e-19
2.063193e+02;3.310775e-19
2.064193e+02;3.310642e-19
2.065193e+02;3.310509e-19
2.066193e+02;3.310375e-19
2.067193e+02;3.310242e-19
2.068193e+02;3.310109e-19
2.069193e+02;3.309976e-19
2.070193e+02;3.309843e-19
2.071193e+02;3.309709e-19
2.072193e+02;3.309577e-19
2.073193e+02;3.309444e-19
2.074193e+02;3.309311e-19
2.075193e+02;3.309178e-19
2.076193e+02;3.309045e-19
2.077193e+02;3.308913e-19
2.078194e+02;3.308780e-19
2.079194e+02;3.308647e-19
2.080194e+02;3.308515e-19
2.081194e+02;3.308382e-19
2.082194e+02;3.308250e-19
2.083194e+02;3.308118e-19
2.084194e+02;3.307985e-19
2.085194e+02;3.307853e-19
2.086194e+02;3.307721e-19
2.087194e+02;3.307589e-19
2.088194e+02;3.307457e-19
2.089194e+02;3.307325e-19
2.090194e+02;3.307193e-19
2.091194e+02;3.307061e-19
2.092194e+02;3.306929e-19
2.093194e+02;3.306797e-19
2.094194e+02;3.306666e-19
2.095194e+02;3.306534e-19
2.096194e+02;3.306403e-19
2.097194e+02;3.306271e-19
2.098194e+02;3.306140e-19
2.099194e+02;3.306008e-19
2.100195e+02;3.305877e-19
2.101195e+02;3.305746e-19
2.102195e+02;3.305614e-19
2.103195e+02;3.305483e-19
2.104195e+02;3.305352e-19
2.105195e+02;3.305221e-19
2.106195e+02;3.305090e-19
2.107195e+02;3.304959e-19
2.108195e+02;3.304828e-19
2.109195e+02;3.304697e-19
2.110195e+02;3.304566e-19
2.111195e+02;3.304436e-19
2.112195e+02;3.304305e-19
2.113195e+02;3.304174e-19
2.114195e+02;3.304044e-19
2.115195e+02;3.303913e-19
2.116195e+02;3.303783e-19
2.117195e+02;3.303652e-19
2.118195e+02;3.303522e-19
2.119195e+02;3.303392e-19
2.120195e+02;3.303262e-19
2.121195e+02;3.303131e-19
2.122195e+02;3.303001e-19
2.123196e+02;3.302871e-19
2.124196e+02;3.302741e-19
2.125196e+02;3.302611e-19
2.126196e+02;3.302481e-19
2.127196e+02;3.302352e-19
2.128196e+02;3.302222e-19
2.129196e+02;3.302092e-19
2.130196e+02;3.301962e-19
2.131196e+02;3.301833e-19
2.132196e+02;3.301703e-19
2.133196e+02;3.301574e-19
2.134196e+02;3.301444e-19
2.135196e+02;3.301315e-19
2.136196e+02;3.301186e-19
2.137196e+02;3.301056e-19
2.138196e+02;3.300927e-19
2.139196e+02;3.300798e-19
2.140196e+02;3.300669e-19
2.141196e+02;3.300540e-19
2.142196e+02;3.300411e-19
2.143196e+02;3.300282e-19
2.144196e+02;3.300153e-19
2.145197e+02;3.300024e-19
2.146197e+02;3.299895e-19
2.147197e+02;3.299767e-19
2.148197e+02;3.299638e-19
2.149197e+02;3.299509e-19
2.150197e+02;3.299381e-19
2.151197e+02;3.299252e-19
2.152197e+02;3.299124e-19
2.153197e+02;3.298995e-19
2.154197e+02;3.298867e-19
2.155197e+02;3.298739e-19
2.156197e+02;3.298611e-19
2.157197e+02;3.298482e-19
2.158197e+02;3.298354e-19
2.159197e+02;3.298226e-19
2.160197e+02;3.298098e-19
2.161197e+02;3.297970e-19
2.162197e+02;3.297842e-19
2.163197e+02;3.297714e-19
2.164197e+02;3.297587e-19
2.165197e+02;3.297459e-19
2.166197e+02;3.297331e-19
2.167198e+02;3.297204e-19
2.168198e+02;3.297076e-19
2.169198e+02;3.296949e-19
2.170198e+02;3.296821e-19
2.171198e+02;3.296694e-19
2.172198e+02;3.296566e-19
2.173198e+02;3.296439e-19
2.174198e+02;3.296312e-19
2.175198e+02;3.296184e-19
2.176198e+02;3.296057e-19
2.177198e+02;3.295930e-19
2.178198e+02;3.295803e-19
2.179198e+02;3.295676e-19
2.180198e+02;3.295549e-19
2.181198e+02;3.295422e-19
2.182198e+02;3.295296e-19
2.183198e+02;3.295169e-19
2.184198e+02;3.295042e-19
2.185198e+02;3.294915e-19
2.186198e+02;3.294789e-19
2.187198e+02;3.294662e-19
2.188198e+02;3.294536e-19
2.189199e+02;3.294409e-19
2.190199e+02;3.294283e-19
2.191199e+02;3.294157e-19
2.192199e+02;3.294030e-19
2.193199e+02;3.293904e-19
2.194199e+02;3.293778e-19
2.195199e+02;3.293652e-19
2.196199e+02;3.293526e-19
2.197199e+02;3.293400e-19
2.198199e+02;3.293274e-19
2.199199e+02;3.293148e-19
2.200199e+02;3.293022e-19
2.201199e+02;3.292896e-19
2.202199e+02;3.292770e-19
2.203199e+02;3.292644e-19
2.204199e+02;3.292519e-19
2.205199e+02;3.292393e-19
2.206199e+02;3.292268e-19
2.207199e+02;3.292142e-19
2.208199e+02;3.292017e-19
2.209199e+02;3.291891e-19
2.210199e+02;3.291766e-19
2.211199e+02;3.291641e-19
2.212200e+02;3.291515e-19
2.213200e+02;3.291390e-19
2.214200e+02;3.291265e-19
2.215200e+02;3.291140e-19
2.216200e+02;3.291015e-19
2.217200e+02;3.290890e-19
2.218200e+02;3.290765e-19
2.219200e+02;3.290640e-19
2.220200e+02;3.290515e-19
2.221200e+02;3.290391e-19
2.222200e+02;3.290266e-19
2.223200e+02;3.290141e-19
2.224200e+02;3.290017e-19
2.225200e+02;3.289892e-19
2.226200e+02;3.289767e-19
2.227200e+02;3.289643e-19
2.228200e+02;3.289519e-19
2.229200e+02;3.289394e-19
2.230200e+02;3.289270e-19
2.231200e+02;3.289146e-19
2.232200e+02;3.289021e-19
2.233200e+02;3.288897e-19
2.234201e+02;3.288773e-19
2.235201e+02;3.288649e-19
2.236201e+02;3.288525e-19
2.237201e+02;3.288401e-19
2.238201e+02;3.288277e-19
2.239201e+02;3.288153e-19
2.240201e+02;3.288030e-19
2.241201e+02;3.287906e-19
2.242201e+02;3.287782e-19
2.243201e+02;3.287659e-19
2.244201e+02;3.287535e-19
2.245201e+02;3.287411e-19
2.246201e+02;3.287288e-19
2.247201e+02;3.287164e-19
2.248201e+02;3.287041e-19
2.249201e+02;3.286918e-19
2.250201e+02;3.286794e-19
2.251201e+02;3.286671e-19
2.252201e+02;3.286548e-19
2.253201e+02;3.286425e-19
2.254201e+02;3.286302e-19
2.255201e+02;3.286179e-19
2.256202e+02;3.286056e-19
2.257202e+02;3.285933e-19
2.258202e+02;3.285810e-19
2.259202e+02;3.285687e-19
2.260202e+02;3.285564e-19
2.261202e+02;3.285442e-19
2.262202e+02;3.285319e-19
2.263202e+02;3.285196e-19
2.264202e+02;3.285074e-19
2.265202e+02;3.284951e-19
2.266202e+02;3.284829e-19
2.267202e+02;3.284706e-19
2.268202e+02;3.284584e-19
2.269202e+02;3.284462e-19
2.270202e+02;3.284339e-19
2.271202e+02;3.284217e-19
2.272202e+02;3.284095e-19
2.273202e+02;3.283973e-19
2.274202e+02;3.283851e-19
2.275202e+02;3.283729e-19
2.276202e+02;3.283607e-19
2.277202e+02;3.283485e-19
2.278203e+02;3.283363e-19
2.279203e+02;3.283241e-19
2.280203e+02;3.283119e-19
2.281203e+02;3.282997e-19
2.282203e+02;3.282876e-19
2.283203e+02;3.282754e-19
2.284203e+02;3.282633e-19
2.285203e+02;3.282511e-19
2.286203e+02;3.282389e-19
2.287203e+02;3.282268e-19
2.288203e+02;3.282147e-19
2.289203e+02;3.282025e-19
2.290203e+02;3.281904e-19
2.291203e+02;3.281783e-19
2.292203e+02;3.281662e-19
2.293203e+02;3.281540e-19
2.294203e+02;3.281419e-19
2.295203e+02;3.281298e-19
2.296203e+02;3.281177e-19
2.297203e+02;3.281056e-19
2.298203e+02;3.280935e-19
2.299203e+02;3.280815e-19
2.300204e+02;3.280694e-19
2.301204e+02;3.280573e-19
2.302204e+02;3.280452e-19
2.303204e+02;3.280332e-19
2.304204e+02;3.280211e-19
2.305204e+02;3.280090e-19
2.306204e+02;3.279970e-19
2.307204e+02;3.279850e-19
2.308204e+02;3.279729e-19
2.309204e+02;3.279609e-19
2.310204e+02;3.279488e-19
2.311204e+02;3.279368e-19
2.312204e+02;3.279248e-19
2.313204e+02;3.279128e-19
2.314204e+02;3.279008e-19
2.315204e+02;3.278888e-19
2.316204e+02;3.278768e-19
2.317204e+02;3.278648e-19
2.318204e+02;3.278528e-19
2.319204e+02;3.278408e-19
2.320204e+02;3.278288e-19
2.321204e+02;3.278168e-19
2.322204e+02;3.278048e-19
2.323205e+02;3.277929e-19
2.324205e+02;3.277809e-19
2.325205e+02;3.277689e-19
2.326205e+02;3.277570e-19
2.327205e+02;3.277450e-19
2.328205e+02;3.277331e-19
2.329205e+02;3.277212e-19
2.330205e+02;3.277092e-19
2.331205e+02;3.276973e-19
2.332205e+02;3.276854e-19
2.333205e+02;3.276734e-19
2.334205e+02;3.276615e-19
2.335205e+02;3.276496e-19
2.336205e+02;3.276377e-19
2.337205e+02;3.276258e-19
2.338205e+02;3.276139e-19
2.339205e+02;3.276020e-19
2.340205e+02;3.275901e-19
2.341205e+02;3.275782e-19
2.342205e+02;3.275664e-19
2.343205e+02;3.275545e-19
2.344205e+02;3.275426e-19
2.345206e+02;3.275308e-19
2.346206e+02;3.275189e-19
2.347206e+02;3.275070e-19
2.348206e+02;3.274952e-19
2.349206e+02;3.274833e-19
2.350206e+02;3.274715e-19
2.351206e+02;3.274597e-19
2.352206e+02;3.274478e-19
2.353206e+02;3.274360e-19
2.354206e+02;3.274242e-19
2.355206e+02;3.274124e-19
2.356206e+02;3.274006e-19
2.357206e+02;3.273887e-19
2.358206e+02;3.273769e-19
2.359206e+02;3.273651e-19
2.360206e+02;3.273533e-19
2.361206e+02;3.273416e-19
2.362206e+02;3.273298e-19
2.363206e+02;3.273180e-19
2.364206e+02;3.273062e-19
2.365206e+02;3.272944e-19
2.366206e+02;3.272827e-19
2.367207e+02;3.272709e-19
2.368207e+02;3.272592e-19
2.369207e+02;3.272474e-19
2.370207e+02;3.272357e-19
2.371207e+02;3.272239e-19
2.372207e+02;3.272122e-19
2.373207e+02;3.272004e-19
2.374207e+02;3.271887e-19
2.375207e+02;3.271770e-19
2.376207e+02;3.271653e-19
2.377207e+02;3.271536e-19
2.378207e+02;3.271418e-19
2.379207e+02;3.271301e-19
2.380207e+02;3.271184e-19
2.381207e+02;3.271067e-19
2.382207e+02;3.270950e-19
2.383207e+02;3.270834e-19
2.384207e+02;3.270717e-19
2.385207e+02;3.270600e-19
2.386207e+02;3.270483e-19
2.387207e+02;3.270366e-19
2.388207e+02;3.270250e-19
2.389208e+02;3.270133e-19
2.390208e+02;3.270017e-19
2.391208e+02;3.269900e-19
2.392208e+02;3.269784e-19
2.393208e+02;3.269667e-19
2.394208e+02;3.269551e-19
2.395208e+02;3.269435e-19
2.396208e+02;3.269318e-19
2.397208e+02;3.269202e-19
2.398208e+02;3.269086e-19
2.399208e+02;3.268970e-19
2.400208e+02;3.268854e-19
2.401208e+02;3.268738e-19
2.402208e+02;3.268621e-19
2.403208e+02;3.268506e-19
2.404208e+02;3.268390e-19
2.405208e+02;3.268274e-19
2.406208e+02;3.268158e-19
2.407208e+02;3.268042e-19
2.408208e+02;3.267926e-19
2.409208e+02;3.267811e-19
2.410208e+02;3.267695e-19
2.411209e+02;3.267579e-19
2.412209e+02;3.267464e-19
2.413209e+02;3.267348e-19
2.414209e+02;3.267233e-19
2.415209e+02;3.267117e-19
2.416209e+02;3.267002e-19
2.417209e+02;3.266887e-19
2.418209e+02;3.266771e-19
2.419209e+02;3.266656e-19
2.420209e+02;3.266541e-19
2.421209e+02;3.266426e-19
2.422209e+02;3.266311e-19
2.423209e+02;3.266196e-19
2.424209e+02;3.266081e-19
2.425209e+02;3.265966e-19
2.426209e+02;3.265851e-19
2.427209e+02;3.265736e-19
2.428209e+02;3.265621e-19
2.429209e+02;3.265506e-19
2.430209e+02;3.265391e-19
2.431209e+02;3.265277e-19
2.432209e+02;3.265162e-19
2.433209e+02;3.265047e-19
2.434210e+02;3.264933e-19
2.435210e+02;3.264818e-19
2.436210e+02;3.264704e-19
2.437210e+02;3.264589e-19
2.438210e+02;3.264475e-19
2.439210e+02;3.264360e-19
2.440210e+02;3.264246e-19
2.441210e+02;3.264132e-19
2.442210e+02;3.264018e-19
2.443210e+02;3.263903e-19
2.444210e+02;3.263789e-19
2.445210e+02;3.263675e-19
2.446210e+02;3.263561e-19
2.447210e+02;3.263447e-19
2.448210e+02;3.263333e-19
2.449210e+02;3.263219e-19
2.450210e+02;3.263105e-19
2.451210e+02;3.262991e-19
2.452210e+02;3.262878e-19
2.453210e+02;3.262764e-19
2.454210e+02;3.262650e-19
2.455210e+02;3.262536e-19
2.456211e+02;3.262423e-19
2.457211e+02;3.262309e-19
2.458211e+02;3.262196e-19
2.459211e+02;3.262082e-19
2.460211e+02;3.261969e-19
2.461211e+02;3.261855e-19
2.462211e+02;3.261742e-19
2.463211e+02;3.261629e-19
2.464211e+02;3.261515e-19
2.465211e+02;3.261402e-19
2.466211e+02;3.261289e-19
2.467211e+02;3.261176e-19
2.468211e+02;3.261063e-19
2.469211e+02;3.260950e-19
2.470211e+02;3.260837e-19
2.471211e+02;3.260724e-19
2.472211e+02;3.260611e-19
2.473211e+02;3.260498e-19
2.474211e+02;3.260385e-19
2.475211e+02;3.260272e-19
2.476211e+02;3.260159e-19
2.477211e+02;3.260047e-19
2.478212e+02;3.259934e-19
2.479212e+02;3.259821e-19
2.480212e+02;3.259709e-19
2.481212e+02;3.259596e-19
2.482212e+02;3.259484e-19
2.483212e+02;3.259371e-19
2.484212e+02;3.259259e-19
2.485212e+02;3.259147e-19
2.486212e+02;3.259034e-19
2.487212e+02;3.258922e-19
2.488212e+02;3.258810e-19
2.489212e+02;3.258697e-19
2.490212e+02;3.258585e-19
2.491212e+02;3.258473e-19
2.492212e+02;3.258361e-19
2.493212e+02;3.258249e-19
2.494212e+02;3.258137e-19
2.495212e+02;3.258025e-19
2.496212e+02;3.257913e-19
2.497212e+02;3.257801e-19
2.498212e+02;3.257689e-19
2.499212e+02;3.257578e-19
2.500213e+02;3.257466e-19
2.501213e+02;3.257354e-19
2.502213e+02;3.257243e-19
2.503213e+02;3.257131e-19
2.504213e+02;3.257019e-19
2.505213e+02;3.256908e-19
2.506213e+02;3.256796e-19
2.507213e+02;3.256685e-19
2.508213e+02;3.256574e-19
2.509213e+02;3.256462e-19
2.510213e+02;3.256351e-19
2.511213e+02;3.256240e-19
2.512213e+02;3.256128e-19
2.513213e+02;3.256017e-19
2.514213e+02;3.255906e-19
2.515213e+02;3.255795e-19
2.516213e+02;3.255684e-19
2.517213e+02;3.255573e-19
2.518213e+02;3.255462e-19
2.519213e+02;3.255351e-19
2.520213e+02;3.255240e-19
2.521213e+02;3.255129e-19
2.522213e+02;3.255018e-19
2.523214e+02;3.254907e-19
2.524214e+02;3.254797e-19
2.525214e+02;3.254686e-19
2.526214e+02;3.254575e-19
2.527214e+02;3.254465e-19
2.528214e+02;3.254354e-19
2.529214e+02;3.254244e-19
2.530214e+02;3.254133e-19
2.531214e+02;3.254023e-19
2.532214e+02;3.253912e-19
2.533214e+02;3.253802e-19
2.534214e+02;3.253692e-19
2.535214e+02;3.253581e-19
2.536214e+02;3.253471e-19
2.537214e+02;3.253361e-19
2.538214e+02;3.253251e-19
2.539214e+02;3.253141e-19
2.540214e+02;3.253030e-19
2.541214e+02;3.252920e-19
2.542214e+02;3.252810e-19
2.543214e+02;3.252700e-19
2.544214e+02;3.252591e-19
2.545215e+02;3.252481e-19
2.546215e+02;3.252371e-19
2.547215e+02;3.252261e-19
2.548215e+02;3.252151e-19
2.549215e+02;3.252042e-19
2.550215e+02;3.251932e-19
2.551215e+02;3.251822e-19
2.552215e+02;3.251713e-19
2.553215e+02;3.251603e-19
2.554215e+02;3.251494e-19
2.555215e+02;3.251384e-19
2.556215e+02;3.251275e-19
2.557215e+02;3.251165e-19
2.558215e+02;3.251056e-19
2.559215e+02;3.250947e-19
2.560215e+02;3.250837e-19
2.561215e+02;3.250728e-19
2.562215e+02;3.250619e-19
2.563215e+02;3.250510e-19
2.564215e+02;3.250401e-19
2.565215e+02;3.250292e-19
2.566215e+02;3.250183e-19
2.567216e+02;3.250074e-19
2.568216e+02;3.249965e-19
2.569216e+02;3.249856e-19
2.570216e+02;3.249747e-19
2.571216e+02;3.249638e-19
2.572216e+02;3.249529e-19
2.573216e+02;3.249421e-19
2.574216e+02;3.249312e-19
2.575216e+02;3.249203e-19
2.576216e+02;3.249095e-19
2.577216e+02;3.248986e-19
2.578216e+02;3.248877e-19
2.579216e+02;3.248769e-19
2.580216e+02;3.248660e-19
2.581216e+02;3.248552e-19
2.582216e+02;3.248444e-19
2.583216e+02;3.248335e-19
2.584216e+02;3.248227e-19
2.585216e+02;3.248119e-19
2.586216e+02;3.248010e-19
2.587216e+02;3.247902e-19
2.588216e+02;3.247794e-19
2.589217e+02;3.247686e-19
2.590217e+02;3.247578e-19
2.591217e+02;3.247470e-19
2.592217e+02;3.247362e-19
2.593217e+02;3.247254e-19
2.594217e+02;3.247146e-19
2.595217e+02;3.247038e-19
2.596217e+02;3.246930e-19
2.597217e+02;3.246823e-19
2.598217e+02;3.246715e-19
2.599217e+02;3.246607e-19
2.600217e+02;3.246499e-19
2.601217e+02;3.246392e-19
2.602217e+02;3.246284e-19
2.603217e+02;3.246177e-19
2.604217e+02;3.246069e-19
2.605217e+02;3.245962e-19
2.606217e+02;3.245854e-19
2.607217e+02;3.245747e-19
2.608217e+02;3.245639e-19
2.609217e+02;3.245532e-19
2.610217e+02;3.245425e-19
2.611218e+02;3.245317e-19
2.612218e+02;3.245210e-19
2.613218e+02;3.245103e-19
2.614218e+02;3.244996e-19
2.615218e+02;3.244889e-19
2.616218e+02;3.244782e-19
2.617218e+02;3.244675e-19
2.618218e+02;3.244568e-19
2.619218e+02;3.244461e-19
2.620218e+02;3.244354e-19
2.621218e+02;3.244247e-19
2.622218e+02;3.244140e-19
2.623218e+02;3.244034e-19
2.624218e+02;3.243927e-19
2.625218e+02;3.243820e-19
2.626218e+02;3.243713e-19
2.627218e+02;3.243607e-19
2.628218e+02;3.243500e-19
2.629218e+02;3.243394e-19
2.630218e+02;3.243287e-19
2.631218e+02;3.243181e-19
2.632218e+02;3.243074e-19
2.633218e+02;3.242968e-19
2.634219e+02;3.242861e-19
2.635219e+02;3.242755e-19
2.636219e+02;3.242649e-19
2.637219e+02;3.242543e-19
2.638219e+02;3.242436e-19
2.639219e+02;3.242330e-19
2.640219e+02;3.242224e-19
2.641219e+02;3.242118e-19
2.642219e+02;3.242012e-19
2.643219e+02;3.241906e-19
2.644219e+02;3.241800e-19
2.645219e+02;3.241694e-19
2.646219e+02;3.241588e-19
2.647219e+02;3.241482e-19
2.648219e+02;3.241376e-19
2.649219e+02;3.241271e-19
2.650219e+02;3.241165e-19
2.651219e+02;3.241059e-19
2.652219e+02;3.240954e-19
2.653219e+02;3.240848e-19
2.654219e+02;3.240742e-19
2.655219e+02;3.240637e-19
2.656220e+02;3.240531e-19
2.657220e+02;3.240426e-19
2.658220e+02;3.240320e-19
2.659220e+02;3.240215e-19
2.660220e+02;3.240109e-19
2.661220e+02;3.240004e-19
2.662220e+02;3.239899e-19
2.663220e+02;3.239794e-19
2.664220e+02;3.239688e-19
2.665220e+02;3.239583e-19
2.666220e+02;3.239478e-19
2.667220e+02;3.239373e-19
2.668220e+02;3.239268e-19
2.669220e+02;3.239163e-19
2.670220e+02;3.239058e-19
2.671220e+02;3.238953e-19
2.672220e+02;3.238848e-19
2.673220e+02;3.238743e-19
2.674220e+02;3.238638e-19
2.675220e+02;3.238533e-19
2.676220e+02;3.238429e-19
2.677220e+02;3.238324e-19
2.678221e+02;3.238219e-19
2.679221e+02;3.238115e-19
2.680221e+02;3.238010e-19
2.681221e+02;3.237905e-19
2.682221e+02;3.237801e-19
2.683221e+02;3.237696e-19
2.684221e+02;3.237592e-19
2.685221e+02;3.237487e-19
2.686221e+02;3.237383e-19
2.687221e+02;3.237279e-19
2.688221e+02;3.237174e-19
2.689221e+02;3.237070e-19
2.690221e+02;3.236966e-19
2.691221e+02;3.236862e-19
2.692221e+02;3.236757e-19
2.693221e+02;3.236653e-19
2.694221e+02;3.236549e-19
2.695221e+02;3.236445e-19
2.696221e+02;3.236341e-19
2.697221e+02;3.236237e-19
2.698221e+02;3.236133e-19
2.699221e+02;3.236029e-19
2.700222e+02;3.235925e-19
2.701222e+02;3.235821e-19
2.702222e+02;3.235718e-19
2.703222e+02;3.235614e-19
2.704222e+02;3.235510e-19
2.705222e+02;3.235406e-19
2.706222e+02;3.235303e-19
2.707222e+02;3.235199e-19
2.708222e+02;3.235095e-19
2.709222e+02;3.234992e-19
2.710222e+02;3.234888e-19
2.711222e+02;3.234785e-19
2.712222e+02;3.234681e-19
2.713222e+02;3.234578e-19
2.714222e+02;3.234475e-19
2.715222e+02;3.234371e-19
2.716222e+02;3.234268e-19
2.717222e+02;3.234165e-19
2.718222e+02;3.234062e-19
2.719222e+02;3.233958e-19
2.720222e+02;3.233855e-19
2.721222e+02;3.233752e-19
2.722222e+02;3.233649e-19
2.723223e+02;3.233546e-19
2.724223e+02;3.233443e-19
2.725223e+02;3.233340e-19
2.726223e+02;3.233237e-19
2.727223e+02;3.233134e-19
2.728223e+02;3.233031e-19
2.729223e+02;3.232928e-19
2.730223e+02;3.232826e-19
2.731223e+02;3.232723e-19
2.732223e+02;3.232620e-19
2.733223e+02;3.232517e-19
2.734223e+02;3.232415e-19
2.735223e+02;3.232312e-19
2.736223e+02;3.232210e-19
2.737223e+02;3.232107e-19
2.738223e+02;3.232005e-19
2.739223e+02;3.231902e-19
2.740223e+02;3.231800e-19
2.741223e+02;3.231697e-19
2.742223e+02;3.231595e-19
2.743223e+02;3.231493e-19
2.744223e+02;3.231390e-19
2.745224e+02;3.231288e-19
2.746224e+02;3.231186e-19
2.747224e+02;3.231084e-19
2.748224e+02;3.230981e-19
2.749224e+02;3.230879e-19
2.750224e+02;3.230777e-19
2.751224e+02;3.230675e-19
2.752224e+02;3.230573e-19
2.753224e+02;3.230471e-19
2.754224e+02;3.230369e-19
2.755224e+02;3.230267e-19
2.756224e+02;3.230165e-19
2.757224e+02;3.230064e-19
2.758224e+02;3.229962e-19
2.759224e+02;3.229860e-19
2.760224e+02;3.229758e-19
2.761224e+02;3.229657e-19
2.762224e+02;3.229555e-19
2.763224e+02;3.229453e-19
2.764224e+02;3.229352e-19
2.765224e+02;3.229250e-19
2.766224e+02;3.229149e-19
2.767225e+02;3.229047e-19
2.768225e+02;3.228946e-19
2.769225e+02;3.228844e-19
2.770225e+02;3.228743e-19
2.771225e+02;3.228642e-19
2.772225e+02;3.228540e-19
2.773225e+02;3.228439e-19
2.774225e+02;3.228338e-19
2.775225e+02;3.228237e-19
2.776225e+02;3.228135e-19
2.777225e+02;3.228034e-19
2.778225e+02;3.227933e-19
2.779225e+02;3.227832e-19
2.780225e+02;3.227731e-19
2.781225e+02;3.227630e-19
2.782225e+02;3.227529e-19
2.783225e+02;3.227428e-19
2.784225e+02;3.227327e-19
2.785225e+02;3.227227e-19
2.786225e+02;3.227126e-19
2.787225e+02;3.227025e-19
2.788225e+02;3.226924e-19
2.789226e+02;3.226823e-19
2.790226e+02;3.226723e-19
2.791226e+02;3.226622e-19
2.792226e+02;3.226522e-19
2.793226e+02;3.226421e-19
2.794226e+02;3.226320e-19
2.795226e+02;3.226220e-19
2.796226e+02;3.226119e-19
2.797226e+02;3.226019e-19
2.798226e+02;3.225919e-19
2.799226e+02;3.225818e-19
2.800226e+02;3.225718e-19
2.801226e+02;3.225618e-19
2.802226e+02;3.225517e-19
2.803226e+02;3.225417e-19
2.804226e+02;3.225317e-19
2.805226e+02;3.225217e-19
2.806226e+02;3.225117e-19
2.807226e+02;3.225016e-19
2.808226e+02;3.224916e-19
2.809226e+02;3.224816e-19
2.810226e+02;3.224716e-19
2.811227e+02;3.224616e-19
2.812227e+02;3.224516e-19
2.813227e+02;3.224417e-19
2.814227e+02;3.224317e-19
2.815227e+02;3.224217e-19
2.816227e+02;3.224117e-19
2.817227e+02;3.224017e-19
2.818227e+02;3.223918e-19
2.819227e+02;3.223818e-19
2.820227e+02;3.223718e-19
2.821227e+02;3.223619e-19
2.822227e+02;3.223519e-19
2.823227e+02;3.223420e-19
2.824227e+02;3.223320e-19
2.825227e+02;3.223221e-19
2.826227e+02;3.223121e-19
2.827227e+02;3.223022e-19
2.828227e+02;3.222922e-19
2.829227e+02;3.222823e-19
2.830227e+02;3.222724e-19
2.831227e+02;3.222624e-19
2.832227e+02;3.222525e-19
2.833227e+02;3.222426e-19
2.834228e+02;3.222327e-19
2.835228e+02;3.222228e-19
2.836228e+02;3.222128e-19
2.837228e+02;3.222029e-19
2.838228e+02;3.221930e-19
2.839228e+02;3.221831e-19
2.840228e+02;3.221732e-19
2.841228e+02;3.221633e-19
2.842228e+02;3.221534e-19
2.843228e+02;3.221436e-19
2.844228e+02;3.221337e-19
2.845228e+02;3.221238e-19
2.846228e+02;3.221139e-19
2.847228e+02;3.221040e-19
2.848228e+02;3.220942e-19
2.849228e+02;3.220843e-19
2.850228e+02;3.220744e-19
2.851228e+02;3.220646e-19
2.852228e+02;3.220547e-19
2.853228e+02;3.220449e-19
2.854228e+02;3.220350e-19
2.855228e+02;3.220252e-19
2.856229e+02;3.220153e-19
2.857229e+02;3.220055e-19
2.858229e+02;3.219956e-19
2.859229e+02;3.219858e-19
2.860229e+02;3.219760e-19
2.861229e+02;3.219661e-19
2.862229e+02;3.219563e-19
2.863229e+02;3.219465e-19
2.864229e+02;3.219367e-19
2.865229e+02;3.219269e-19
2.866229e+02;3.219170e-19
2.867229e+02;3.219072e-19
2.868229e+02;3.218974e-19
2.869229e+02;3.218876e-19
2.870229e+02;3.218778e-19
2.871229e+02;3.218680e-19
2.872229e+02;3.218582e-19
2.873229e+02;3.218485e-19
2.874229e+02;3.218387e-19
2.875229e+02;3.218289e-19
2.876229e+02;3.218191e-19
2.877229e+02;3.218093e-19
2.878230e+02;3.217996e-19
2.879230e+02;3.217898e-19
2.880230e+02;3.217800e-19
2.881230e+02;3.217703e-19
2.882230e+02;3.217605e-19
2.883230e+02;3.217507e-19
2.884230e+02;3.217410e-19
2.885230e+02;3.217312e-19
2.886230e+02;3.217215e-19
2.887230e+02;3.217117e-19
2.888230e+02;3.217020e-19
2.889230e+02;3.216923e-19
2.890230e+02;3.216825e-19
2.891230e+02;3.216728e-19
2.892230e+02;3.216631e-19
2.893230e+02;3.216534e-19
2.894230e+02;3.216436e-19
2.895230e+02;3.216339e-19
2.896230e+02;3.216242e-19
2.897230e+02;3.216145e-19
2.898230e+02;3.216048e-19
2.899230e+02;3.215951e-19
2.900231e+02;3.215854e-19
2.901231e+02;3.215757e-19
2.902231e+02;3.215660e-19
2.903231e+02;3.215563e-19
2.904231e+02;3.215466e-19
2.905231e+02;3.215369e-19
2.906231e+02;3.215272e-19
2.907231e+02;3.215176e-19
2.908231e+02;3.215079e-19
2.909231e+02;3.214982e-19
2.910231e+02;3.214885e-19
2.911231e+02;3.214789e-19
2.912231e+02;3.214692e-19
2.913231e+02;3.214596e-19
2.914231e+02;3.214499e-19
2.915231e+02;3.214402e-19
2.916231e+02;3.214306e-19
2.917231e+02;3.214210e-19
2.918231e+02;3.214113e-19
2.919231e+02;3.214017e-19
2.920231e+02;3.213920e-19
2.921231e+02;3.213824e-19
2.922231e+02;3.213728e-19
2.923232e+02;3.213631e-19
2.924232e+02;3.213535e-19
2.925232e+02;3.213439e-19
2.926232e+02;3.213343e-19
2.927232e+02;3.213247e-19
2.928232e+02;3.213150e-19
2.929232e+02;3.213054e-19
2.930232e+02;3.212958e-19
2.931232e+02;3.212862e-19
2.932232e+02;3.212766e-19
2.933232e+02;3.212670e-19
2.934232e+02;3.212574e-19
2.935232e+02;3.212479e-19
2.936232e+02;3.212383e-19
2.937232e+02;3.212287e-19
2.938232e+02;3.212191e-19
2.939232e+02;3.212095e-19
2.940232e+02;3.212000e-19
2.941232e+02;3.211904e-19
2.942232e+02;3.211808e-19
2.943232e+02;3.211712e-19
2.944232e+02;3.211617e-19
2.945233e+02;3.211521e-19
2.946233e+02;3.211426e-19
2.947233e+02;3.211330e-19
2.948233e+02;3.211235e-19
2.949233e+02;3.211139e-19
2.950233e+02;3.211044e-19
2.951233e+02;3.210948e-19
2.952233e+02;3.210853e-19
2.953233e+02;3.210758e-19
2.954233e+02;3.210662e-19
2.955233e+02;3.210567e-19
2.956233e+02;3.210472e-19
2.957233e+02;3.210377e-19
2.958233e+02;3.210282e-19
2.959233e+02;3.210186e-19
2.960233e+02;3.210091e-19
2.961233e+02;3.209996e-19
2.962233e+02;3.209901e-19
2.963233e+02;3.209806e-19
2.964233e+02;3.209711e-19
2.965233e+02;3.209616e-19
2.966233e+02;3.209521e-19
2.967234e+02;3.209426e-19
2.968234e+02;3.209331e-19
2.969234e+02;3.209237e-19
2.970234e+02;3.209142e-19
2.971234e+02;3.209047e-19
2.972234e+02;3.208952e-19
2.973234e+02;3.208858e-19
2.974234e+02;3.208763e-19
2.975234e+02;3.208668e-19
2.976234e+02;3.208574e-19
2.977234e+02;3.208479e-19
2.978234e+02;3.208384e-19
2.979234e+02;3.208290e-19
2.980234e+02;3.208195e-19
2.981234e+02;3.208101e-19
2.982234e+02;3.208007e-19
2.983234e+02;3.207912e-19
2.984234e+02;3.207818e-19
2.985234e+02;3.207723e-19
2.986234e+02;3.207629e-19
2.987234e+02;3.207535e-19
2.988234e+02;3.207441e-19
2.989235e+02;3.207346e-19
2.990235e+02;3.207252e-19
2.991235e+02;3.207158e-19
2.992235e+02;3.207064e-19
2.993235e+02;3.206970e-19
2.994235e+02;3.206876e-19
2.995235e+02;3.206782e-19
2.996235e+02;3.206688e-19
2.997235e+02;3.206594e-19
2.998235e+02;3.206500e-19
2.999235e+02;3.206406e-19
3.000235e+02;3.206312e-19
3.001235e+02;3.206218e-19
3.002235e+02;3.206124e-19
3.003235e+02;3.206030e-19
3.004235e+02;3.205937e-19
3.005235e+02;3.205843e-19
3.006235e+02;3.205749e-19
3.007235e+02;3.205655e-19
3.008235e+02;3.205562e-19
3.009235e+02;3.205468e-19
3.010235e+02;3.205375e-19
3.011236e+02;3.205281e-19
3.012236e+02;3.205188e-19
3.013236e+02;3.205094e-19
3.014236e+02;3.205001e-19
3.015236e+02;3.204907e-19
3.016236e+02;3.204814e-19
3.017236e+02;3.204720e-19
3.018236e+02;3.204627e-19
3.019236e+02;3.204534e-19
3.020236e+02;3.204440e-19
3.021236e+02;3.204347e-19
3.022236e+02;3.204254e-19
3.023236e+02;3.204161e-19
3.024236e+02;3.204068e-19
3.025236e+02;3.203974e-19
3.026236e+02;3.203881e-19
3.027236e+02;3.203788e-19
3.028236e+02;3.203695e-19
3.029236e+02;3.203602e-19
3.030236e+02;3.203509e-19
3.031236e+02;3.203416e-19
3.032236e+02;3.203323e-19
3.033236e+02;3.203230e-19
3.034237e+02;3.203137e-19
3.035237e+02;3.203045e-19
3.036237e+02;3.202952e-19
3.037237e+02;3.202859e-19
3.038237e+02;3.202766e-19
3.039237e+02;3.202674e-19
3.040237e+02;3.202581e-19
3.041237e+02;3.202488e-19
3.042237e+02;3.202396e-19
3.043237e+02;3.202303e-19
3.044237e+02;3.202210e-19
3.045237e+02;3.202118e-19
3.046237e+02;3.202025e-19
3.047237e+02;3.201933e-19
3.048237e+02;3.201840e-19
3.049237e+02;3.201748e-19
3.050237e+02;3.201656e-19
3.051237e+02;3.201563e-19
3.052237e+02;3.201471e-19
3.053237e+02;3.201379e-19
3.054237e+02;3.201286e-19
3.055237e+02;3.201194e-19
3.056238e+02;3.201102e-19
3.057238e+02;3.201010e-19
3.058238e+02;3.200917e-19
3.059238e+02;3.200825e-19
3.060238e+02;3.200733e-19
3.061238e+02;3.200641e-19
3.062238e+02;3.200549e-19
3.063238e+02;3.200457e-19
3.064238e+02;3.200365e-19
3.065238e+02;3.200273e-19
3.066238e+02;3.200181e-19
3.067238e+02;3.200089e-19
3.068238e+02;3.199997e-19
3.069238e+02;3.199905e-19
3.070238e+02;3.199814e-19
3.071238e+02;3.199722e-19
3.072238e+02;3.199630e-19
3.073238e+02;3.199538e-19
3.074238e+02;3.199447e-19
3.075238e+02;3.199355e-19
3.076238e+02;3.199263e-19
3.077238e+02;3.199172e-19
3.078239e+02;3.199080e-19
3.079239e+02;3.198989e-19
3.080239e+02;3.198897e-19
3.081239e+02;3.198806e-19
3.082239e+02;3.198714e-19
3.083239e+02;3.198623e-19
3.084239e+02;3.198531e-19
3.085239e+02;3.198440e-19
3.086239e+02;3.198349e-19
3.087239e+02;3.198257e-19
3.088239e+02;3.198166e-19
3.089239e+02;3.198075e-19
3.090239e+02;3.197983e-19
3.091239e+02;3.197892e-19
3.092239e+02;3.197801e-19
3.093239e+02;3.197710e-19
3.094239e+02;3.197619e-19
3.095239e+02;3.197528e-19
3.096239e+02;3.197437e-19
3.097239e+02;3.197346e-19
3.098239e+02;3.197255e-19
3.099239e+02;3.197164e-19
3.100240e+02;3.197073e-19
3.101240e+02;3.196982e-19
3.102240e+02;3.196891e-19
3.103240e+02;3.196800e-19
3.104240e+02;3.196709e-19
3.105240e+02;3.196618e-19
3.106240e+02;3.196527e-19
3.107240e+02;3.196437e-19
3.108240e+02;3.196346e-19
3.109240e+02;3.196255e-19
3.110240e+02;3.196165e-19
3.111240e+02;3.196074e-19
3.112240e+02;3.195983e-19
3.113240e+02;3.195893e-19
3.114240e+02;3.195802e-19
3.115240e+02;3.195712e-19
3.116240e+02;3.195621e-19
3.117240e+02;3.195531e-19
3.118240e+02;3.195440e-19
3.119240e+02;3.195350e-19
3.120240e+02;3.195259e-19
3.121240e+02;3.195169e-19
3.122240e+02;3.195079e-19
3.123241e+02;3.194988e-19
3.124241e+02;3.194898e-19
3.125241e+02;3.194808e-19
3.126241e+02;3.194718e-19
3.127241e+02;3.194628e-19
3.128241e+02;3.194537e-19
3.129241e+02;3.194447e-19
3.130241e+02;3.194357e-19
3.131241e+02;3.194267e-19
3.132241e+02;3.194177e-19
3.133241e+02;3.194087e-19
3.134241e+02;3.193997e-19
3.135241e+02;3.193907e-19
3.136241e+02;3.193817e-19
3.137241e+02;3.193727e-19
3.138241e+02;3.193637e-19
3.139241e+02;3.193547e-19
3.140241e+02;3.193458e-19
3.141241e+02;3.193368e-19
3.142241e+02;3.193278e-19
3.143241e+02;3.193188e-19
3.144241e+02;3.193099e-19
3.145242e+02;3.193009e-19
3.146242e+02;3.192919e-19
3.147242e+02;3.192830e-19
3.148242e+02;3.192740e-19
3.149242e+02;3.192650e-19
3.150242e+02;3.192561e-19
3.151242e+02;3.192471e-19
3.152242e+02;3.192382e-19
3.153242e+02;3.192292e-19
3.154242e+02;3.192203e-19
3.155242e+02;3.192114e-19
3.156242e+02;3.192024e-19
3.157242e+02;3.191935e-19
3.158242e+02;3.191845e-19
3.159242e+02;3.191756e-19
3.160242e+02;3.191667e-19
3.161242e+02;3.191578e-19
3.162242e+02;3.191488e-19
3.163242e+02;3.191399e-19
3.164242e+02;3.191310e-19
3.165242e+02;3.191221e-19
3.166242e+02;3.191132e-19
3.167243e+02;3.191043e-19
3.168243e+02;3.190954e-19
3.169243e+02;3.190865e-19
3.170243e+02;3.190776e-19
3.171243e+02;3.190687e-19
3.172243e+02;3.190598e-19
3.173243e+02;3.190509e-19
3.174243e+02;3.190420e-19
3.175243e+02;3.190331e-19
3.176243e+02;3.190242e-19
3.177243e+02;3.190153e-19
3.178243e+02;3.190065e-19
3.179243e+02;3.189976e-19
3.180243e+02;3.189887e-19
3.181243e+02;3.189798e-19
3.182243e+02;3.189710e-19
3.183243e+02;3.189621e-19
3.184243e+02;3.189532e-19
3.185243e+02;3.189444e-19
3.186243e+02;3.189355e-19
3.187243e+02;3.189267e-19
3.188243e+02;3.189178e-19
3.189244e+02;3.189090e-19
3.190244e+02;3.189001e-19
3.191244e+02;3.188913e-19
3.192244e+02;3.188825e-19
3.193244e+02;3.188736e-19
3.194244e+02;3.188648e-19
3.195244e+02;3.188559e-19
3.196244e+02;3.188471e-19
3.197244e+02;3.188383e-19
3.198244e+02;3.188295e-19
3.199244e+02;3.188206e-19
3.200244e+02;3.188118e-19
3.201244e+02;3.188030e-19
3.202244e+02;3.187942e-19
3.203244e+02;3.187854e-19
3.204244e+02;3.187766e-19
3.205244e+02;3.187678e-19
3.206244e+02;3.187590e-19
3.207244e+02;3.187502e-19
3.208244e+02;3.187414e-19
3.209244e+02;3.187326e-19
3.210244e+02;3.187238e-19
3.211245e+02;3.187150e-19
3.212245e+02;3.187062e-19
3.213245e+02;3.186974e-19
3.214245e+02;3.186886e-19
3.215245e+02;3.186799e-19
3.216245e+02;3.186711e-19
3.217245e+02;3.186623e-19
3.218245e+02;3.186535e-19
3.219245e+02;3.186448e-19
3.220245e+02;3.186360e-19
3.221245e+02;3.186273e-19
3.222245e+02;3.186185e-19
3.223245e+02;3.186097e-19
3.224245e+02;3.186010e-19
3.225245e+02;3.185922e-19
3.226245e+02;3.185835e-19
3.227245e+02;3.185747e-19
3.228245e+02;3.185660e-19
3.229245e+02;3.185572e-19
3.230245e+02;3.185485e-19
3.231245e+02;3.185398e-19
3.232245e+02;3.185310e-19
3.233245e+02;3.185223e-19
3.234246e+02;3.185136e-19
3.235246e+02;3.185049e-19
3.236246e+02;3.184961e-19
3.237246e+02;3.184874e-19
3.238246e+02;3.184787e-19
3.239246e+02;3.184700e-19
3.240246e+02;3.184613e-19
3.241246e+02;3.184526e-19
3.242246e+02;3.184438e-19
3.243246e+02;3.184351e-19
3.244246e+02;3.184264e-19
3.245246e+02;3.184177e-19
3.246246e+02;3.184090e-19
3.247246e+02;3.184004e-19
3.248246e+02;3.183917e-19
3.249246e+02;3.183830e-19
3.250246e+02;3.183743e-19
3.251246e+02;3.183656e-19
3.252246e+02;3.183569e-19
3.253246e+02;3.183482e-19
3.254246e+02;3.183396e-19
3.255246e+02;3.183309e-19
3.256247e+02;3.183222e-19
3.257247e+02;3.183136e-19
3.258247e+02;3.183049e-19
3.259247e+02;3.182962e-19
3.260247e+02;3.182876e-19
3.261247e+02;3.182789e-19
3.262247e+02;3.182703e-19
3.263247e+02;3.182616e-19
3.264247e+02;3.182529e-19
3.265247e+02;3.182443e-19
3.266247e+02;3.182357e-19
3.267247e+02;3.182270e-19
3.268247e+02;3.182184e-19
3.269247e+02;3.182097e-19
3.270247e+02;3.182011e-19
3.271247e+02;3.181925e-19
3.272247e+02;3.181838e-19
3.273247e+02;3.181752e-19
3.274247e+02;3.181666e-19
3.275247e+02;3.181580e-19
3.276247e+02;3.181494e-19
3.277247e+02;3.181407e-19
3.278248e+02;3.181321e-19
3.279248e+02;3.181235e-19
3.280248e+02;3.181149e-19
3.281248e+02;3.181063e-19
3.282248e+02;3.180977e-19
3.283248e+02;3.180891e-19
3.284248e+02;3.180805e-19
3.285248e+02;3.180719e-19
3.286248e+02;3.180633e-19
3.287248e+02;3.180547e-19
3.288248e+02;3.180461e-19
3.289248e+02;3.180375e-19
3.290248e+02;3.180290e-19
3.291248e+02;3.180204e-19
3.292248e+02;3.180118e-19
3.293248e+02;3.180032e-19
3.294248e+02;3.179946e-19
3.295248e+02;3.179861e-19
3.296248e+02;3.179775e-19
3.297248e+02;3.179689e-19
3.298248e+02;3.179604e-19
3.299248e+02;3.179518e-19
3.300249e+02;3.179433e-19
3.301249e+02;3.179347e-19
3.302249e+02;3.179262e-19
3.303249e+02;3.179176e-19
3.304249e+02;3.179091e-19
3.305249e+02;3.179005e-19
3.306249e+02;3.178920e-19
3.307249e+02;3.178834e-19
3.308249e+02;3.178749e-19
3.309249e+02;3.178664e-19
3.310249e+02;3.178578e-19
3.311249e+02;3.178493e-19
3.312249e+02;3.178408e-19
3.313249e+02;3.178322e-19
3.314249e+02;3.178237e-19
3.315249e+02;3.178152e-19
3.316249e+02;3.178067e-19
3.317249e+02;3.177982e-19
3.318249e+02;3.177897e-19
3.319249e+02;3.177812e-19
3.320249e+02;3.177726e-19
3.321249e+02;3.177641e-19
3.322249e+02;3.177556e-19
3.323250e+02;3.177471e-19
3.324250e+02;3.177386e-19
3.325250e+02;3.177301e-19
3.326250e+02;3.177217e-19
3.327250e+02;3.177132e-19
3.328250e+02;3.177047e-19
3.329250e+02;3.176962e-19
3.330250e+02;3.176877e-19
3.331250e+02;3.176792e-19
3.332250e+02;3.176708e-19
3.333250e+02;3.176623e-19
3.334250e+02;3.176538e-19
3.335250e+02;3.176453e-19
3.336250e+02;3.176369e-19
3.337250e+02;3.176284e-19
3.338250e+02;3.176199e-19
3.339250e+02;3.176115e-19
3.340250e+02;3.176030e-19
3.341250e+02;3.175946e-19
3.342250e+02;3.175861e-19
3.343250e+02;3.175777e-19
3.344250e+02;3.175692e-19
3.345251e+02;3.175608e-19
3.346251e+02;3.175523e-19
3.347251e+02;3.175439e-19
3.348251e+02;3.175355e-19
3.349251e+02;3.175270e-19
3.350251e+02;3.175186e-19
3.351251e+02;3.175102e-19
3.352251e+02;3.175017e-19
3.353251e+02;3.174933e-19
3.354251e+02;3.174849e-19
3.355251e+02;3.174765e-19
3.356251e+02;3.174680e-19
3.357251e+02;3.174596e-19
3.358251e+02;3.174512e-19
3.359251e+02;3.174428e-19
3.360251e+02;3.174344e-19
3.361251e+02;3.174260e-19
3.362251e+02;3.174176e-19
3.363251e+02;3.174092e-19
3.364251e+02;3.174008e-19
3.365251e+02;3.173924e-19
3.366251e+02;3.173840e-19
3.367252e+02;3.173756e-19
3.368252e+02;3.173672e-19
3.369252e+02;3.173588e-19
3.370252e+02;3.173505e-19
3.371252e+02;3.173421e-19
3.372252e+02;3.173337e-19
3.373252e+02;3.173253e-19
3.374252e+02;3.173169e-19
3.375252e+02;3.173086e-19
3.376252e+02;3.173002e-19
3.377252e+02;3.172918e-19
3.378252e+02;3.172835e-19
3.379252e+02;3.172751e-19
3.380252e+02;3.172668e-19
3.381252e+02;3.172584e-19
3.382252e+02;3.172500e-19
3.383252e+02;3.172417e-19
3.384252e+02;3.172333e-19
3.385252e+02;3.172250e-19
3.386252e+02;3.172167e-19
3.387252e+02;3.172083e-19
3.388252e+02;3.172000e-19
3.389253e+02;3.171916e-19
3.390253e+02;3.171833e-19
3.391253e+02;3.171750e-19
3.392253e+02;3.171666e-19
3.393253e+02;3.171583e-19
3.394253e+02;3.171500e-19
3.395253e+02;3.171417e-19
3.396253e+02;3.171333e-19
3.397253e+02;3.171250e-19
3.398253e+02;3.171167e-19
3.399253e+02;3.171084e-19
3.400253e+02;3.171001e-19
3.401253e+02;3.170918e-19
3.402253e+02;3.170835e-19
3.403253e+02;3.170752e-19
3.404253e+02;3.170669e-19
3.405253e+02;3.170586e-19
3.406253e+02;3.170503e-19
3.407253e+02;3.170420e-19
3.408253e+02;3.170337e-19
3.409253e+02;3.170254e-19
3.410253e+02;3.170171e-19
3.411254e+02;3.170088e-19
3.412254e+02;3.170005e-19
3.413254e+02;3.169923e-19
3.414254e+02;3.169840e-19
3.415254e+02;3.169757e-19
3.416254e+02;3.169674e-19
3.417254e+02;3.169592e-19
3.418254e+02;3.169509e-19
3.419254e+02;3.169426e-19
3.420254e+02;3.169344e-19
3.421254e+02;3.169261e-19
3.422254e+02;3.169179e-19
3.423254e+02;3.169096e-19
3.424254e+02;3.169013e-19
3.425254e+02;3.168931e-19
3.426254e+02;3.168848e-19
3.427254e+02;3.168766e-19
3.428254e+02;3.168684e-19
3.429254e+02;3.168601e-19
3.430254e+02;3.168519e-19
3.431254e+02;3.168436e-19
3.432254e+02;3.168354e-19
3.433254e+02;3.168272e-19
3.434255e+02;3.168189e-19
3.435255e+02;3.168107e-19
3.436255e+02;3.168025e-19
3.437255e+02;3.167943e-19
3.438255e+02;3.167860e-19
3.439255e+02;3.167778e-19
3.440255e+02;3.167696e-19
3.441255e+02;3.167614e-19
3.442255e+02;3.167532e-19
3.443255e+02;3.167450e-19
3.444255e+02;3.167368e-19
3.445255e+02;3.167286e-19
3.446255e+02;3.167204e-19
3.447255e+02;3.167122e-19
3.448255e+02;3.167040e-19
3.449255e+02;3.166958e-19
3.450255e+02;3.166876e-19
3.451255e+02;3.166794e-19
3.452255e+02;3.166712e-19
3.453255e+02;3.166630e-19
3.454255e+02;3.166548e-19
3.455255e+02;3.166466e-19
3.456256e+02;3.166385e-19
3.457256e+02;3.166303e-19
3.458256e+02;3.166221e-19
3.459256e+02;3.166139e-19
3.460256e+02;3.166058e-19
3.461256e+02;3.165976e-19
3.462256e+02;3.165894e-19
3.463256e+02;3.165813e-19
3.464256e+02;3.165731e-19
3.465256e+02;3.165650e-19
3.466256e+02;3.165568e-19
3.467256e+02;3.165487e-19
3.468256e+02;3.165405e-19
3.469256e+02;3.165324e-19
3.470256e+02;3.165242e-19
3.471256e+02;3.165161e-19
3.472256e+02;3.165079e-19
3.473256e+02;3.164998e-19
3.474256e+02;3.164917e-19
3.475256e+02;3.164835e-19
3.476256e+02;3.164754e-19
3.477256e+02;3.164673e-19
3.478257e+02;3.164591e-19
3.479257e+02;3.164510e-19
3.480257e+02;3.164429e-19
3.481257e+02;3.164348e-19
3.482257e+02;3.164266e-19
3.483257e+02;3.164185e-19
3.484257e+02;3.164104e-19
3.485257e+02;3.164023e-19
3.486257e+02;3.163942e-19
3.487257e+02;3.163861e-19
3.488257e+02;3.163780e-19
3.489257e+02;3.163699e-19
3.490257e+02;3.163618e-19
3.491257e+02;3.163537e-19
3.492257e+02;3.163456e-19
3.493257e+02;3.163375e-19
3.494257e+02;3.163294e-19
3.495257e+02;3.163213e-19
3.496257e+02;3.163132e-19
3.497257e+02;3.163051e-19
3.498257e+02;3.162971e-19
3.499257e+02;3.162890e-19
3.500258e+02;3.162809e-19
3.501258e+02;3.162728e-19
3.502258e+02;3.162648e-19
3.503258e+02;3.162567e-19
3.504258e+02;3.162486e-19
3.505258e+02;3.162406e-19
3.506258e+02;3.162325e-19
3.507258e+02;3.162244e-19
3.508258e+02;3.162164e-19
3.509258e+02;3.162083e-19
3.510258e+02;3.162003e-19
3.511258e+02;3.161922e-19
3.512258e+02;3.161842e-19
3.513258e+02;3.161761e-19
3.514258e+02;3.161681e-19
3.515258e+02;3.161600e-19
3.516258e+02;3.161520e-19
3.517258e+02;3.161439e-19
3.518258e+02;3.161359e-19
3.519258e+02;3.161279e-19
3.520258e+02;3.161198e-19
3.521258e+02;3.161118e-19
3.522258e+02;3.161038e-19
3.523259e+02;3.160958e-19
3.524259e+02;3.160877e-19
3.525259e+02;3.160797e-19
3.526259e+02;3.160717e-19
3.527259e+02;3.160637e-19
3.528259e+02;3.160557e-19
3.529259e+02;3.160477e-19
3.530259e+02;3.160396e-19
3.531259e+02;3.160316e-19
3.532259e+02;3.160236e-19
3.533259e+02;3.160156e-19
3.534259e+02;3.160076e-19
3.535259e+02;3.159996e-19
3.536259e+02;3.159916e-19
3.537259e+02;3.159836e-19
3.538259e+02;3.159756e-19
3.539259e+02;3.159677e-19
3.540259e+02;3.159597e-19
3.541259e+02;3.159517e-19
3.542259e+02;3.159437e-19
3.543259e+02;3.159357e-19
3.544259e+02;3.159277e-19
3.545260e+02;3.159198e-19
3.546260e+02;3.159118e-19
3.547260e+02;3.159038e-19
3.548260e+02;3.158959e-19
3.549260e+02;3.158879e-19
3.550260e+02;3.158799e-19
3.551260e+02;3.158720e-19
3.552260e+02;3.158640e-19
3.553260e+02;3.158560e-19
3.554260e+02;3.158481e-19
3.555260e+02;3.158401e-19
3.556260e+02;3.158322e-19
3.557260e+02;3.158242e-19
3.558260e+02;3.158163e-19
3.559260e+02;3.158083e-19
3.560260e+02;3.158004e-19
3.561260e+02;3.157924e-19
3.562260e+02;3.157845e-19
3.563260e+02;3.157766e-19
3.564260e+02;3.157686e-19
3.565260e+02;3.157607e-19
3.566260e+02;3.157528e-19
3.567261e+02;3.157448e-19
3.568261e+02;3.157369e-19
3.569261e+02;3.157290e-19
3.570261e+02;3.157211e-19
3.571261e+02;3.157132e-19
3.572261e+02;3.157052e-19
3.573261e+02;3.156973e-19
3.574261e+02;3.156894e-19
3.575261e+02;3.156815e-19
3.576261e+02;3.156736e-19
3.577261e+02;3.156657e-19
3.578261e+02;3.156578e-19
3.579261e+02;3.156499e-19
3.580261e+02;3.156420e-19
3.581261e+02;3.156341e-19
3.582261e+02;3.156262e-19
3.583261e+02;3.156183e-19
3.584261e+02;3.156104e-19
3.585261e+02;3.156025e-19
3.586261e+02;3.155946e-19
3.587261e+02;3.155868e-19
3.588261e+02;3.155789e-19
3.589262e+02;3.155710e-19
3.590262e+02;3.155631e-19
3.591262e+02;3.155552e-19
3.592262e+02;3.155474e-19
3.593262e+02;3.155395e-19
3.594262e+02;3.155316e-19
3.595262e+02;3.155238e-19
3.596262e+02;3.155159e-19
3.597262e+02;3.155080e-19
3.598262e+02;3.155002e-19
3.599262e+02;3.154923e-19
3.600262e+02;3.154845e-19
3.601262e+02;3.154766e-19
3.602262e+02;3.154688e-19
3.603262e+02;3.154609e-19
3.604262e+02;3.154531e-19
3.605262e+02;3.154452e-19
3.606262e+02;3.154374e-19
3.607262e+02;3.154295e-19
3.608262e+02;3.154217e-19
3.609262e+02;3.154139e-19
3.610262e+02;3.154060e-19
3.611263e+02;3.153982e-19
3.612263e+02;3.153904e-19
3.613263e+02;3.153825e-19
3.614263e+02;3.153747e-19
3.615263e+02;3.153669e-19
3.616263e+02;3.153591e-19
3.617263e+02;3.153512e-19
3.618263e+02;3.153434e-19
3.619263e+02;3.153356e-19
3.620263e+02;3.153278e-19
3.621263e+02;3.153200e-19
3.622263e+02;3.153122e-19
3.623263e+02;3.153044e-19
3.624263e+02;3.152966e-19
3.625263e+02;3.152888e-19
3.626263e+02;3.152810e-19
3.627263e+02;3.152732e-19
3.628263e+02;3.152654e-19
3.629263e+02;3.152576e-19
3.630263e+02;3.152498e-19
3.631263e+02;3.152420e-19
3.632263e+02;3.152342e-19
3.633263e+02;3.152264e-19
3.634264e+02;3.152186e-19
3.635264e+02;3.152109e-19
3.636264e+02;3.152031e-19
3.637264e+02;3.151953e-19
3.638264e+02;3.151875e-19
3.639264e+02;3.151798e-19
3.640264e+02;3.151720e-19
3.641264e+02;3.151642e-19
3.642264e+02;3.151565e-19
3.643264e+02;3.151487e-19
3.644264e+02;3.151409e-19
3.645264e+02;3.151332e-19
3.646264e+02;3.151254e-19
3.647264e+02;3.151177e-19
3.648264e+02;3.151099e-19
3.649264e+02;3.151021e-19
3.650264e+02;3.150944e-19
3.651264e+02;3.150867e-19
3.652264e+02;3.150789e-19
3.653264e+02;3.150712e-19
3.654264e+02;3.150634e-19
3.655264e+02;3.150557e-19
3.656265e+02;3.150479e-19
3.657265e+02;3.150402e-19
3.658265e+02;3.150325e-19
3.659265e+02;3.150247e-19
3.660265e+02;3.150170e-19
3.661265e+02;3.150093e-19
3.662265e+02;3.150016e-19
3.663265e+02;3.149938e-19
3.664265e+02;3.149861e-19
3.665265e+02;3.149784e-19
3.666265e+02;3.149707e-19
3.667265e+02;3.149630e-19
3.668265e+02;3.149553e-19
3.669265e+02;3.149476e-19
3.670265e+02;3.149399e-19
3.671265e+02;3.149321e-19
3.672265e+02;3.149244e-19
3.673265e+02;3.149167e-19
3.674265e+02;3.149090e-19
3.675265e+02;3.149013e-19
3.676265e+02;3.148936e-19
3.677265e+02;3.148860e-19
3.678266e+02;3.148783e-19
3.679266e+02;3.148706e-19
3.680266e+02;3.148629e-19
3.681266e+02;3.148552e-19
3.682266e+02;3.148475e-19
3.683266e+02;3.148398e-19
3.684266e+02;3.148322e-19
3.685266e+02;3.148245e-19
3.686266e+02;3.148168e-19
3.687266e+02;3.148091e-19
3.688266e+02;3.148015e-19
3.689266e+02;3.147938e-19
3.690266e+02;3.147861e-19
3.691266e+02;3.147785e-19
3.692266e+02;3.147708e-19
3.693266e+02;3.147631e-19
3.694266e+02;3.147555e-19
3.695266e+02;3.147478e-19
3.696266e+02;3.147402e-19
3.697266e+02;3.147325e-19
3.698266e+02;3.147249e-19
3.699266e+02;3.147172e-19
3.700267e+02;3.147096e-19
3.701267e+02;3.147019e-19
3.702267e+02;3.146943e-19
3.703267e+02;3.146867e-19
3.704267e+02;3.146790e-19
3.705267e+02;3.146714e-19
3.706267e+02;3.146638e-19
3.707267e+02;3.146561e-19
3.708267e+02;3.146485e-19
3.709267e+02;3.146409e-19
3.710267e+02;3.146332e-19
3.711267e+02;3.146256e-19
3.712267e+02;3.146180e-19
3.713267e+02;3.146104e-19
3.714267e+02;3.146028e-19
3.715267e+02;3.145951e-19
3.716267e+02;3.145875e-19
3.717267e+02;3.145799e-19
3.718267e+02;3.145723e-19
3.719267e+02;3.145647e-19
3.720267e+02;3.145571e-19
3.721267e+02;3.145495e-19
3.722267e+02;3.145419e-19
3.723268e+02;3.145343e-19
3.724268e+02;3.145267e-19
3.725268e+02;3.145191e-19
3.726268e+02;3.145115e-19
3.727268e+02;3.145039e-19
3.728268e+02;3.144963e-19
3.729268e+02;3.144887e-19
3.730268e+02;3.144812e-19
3.731268e+02;3.144736e-19
3.732268e+02;3.144660e-19
3.733268e+02;3.144584e-19
3.734268e+02;3.144508e-19
3.735268e+02;3.144433e-19
3.736268e+02;3.144357e-19
3.737268e+02;3.144281e-19
3.738268e+02;3.144206e-19
3.739268e+02;3.144130e-19
3.740268e+02;3.144054e-19
3.741268e+02;3.143979e-19
3.742268e+02;3.143903e-19
3.743268e+02;3.143827e-19
3.744268e+02;3.143752e-19
3.745269e+02;3.143676e-19
3.746269e+02;3.143601e-19
3.747269e+02;3.143525e-19
3.748269e+02;3.143450e-19
3.749269e+02;3.143374e-19
3.750269e+02;3.143299e-19
3.751269e+02;3.143223e-19
3.752269e+02;3.143148e-19
3.753269e+02;3.143073e-19
3.754269e+02;3.142997e-19
3.755269e+02;3.142922e-19
3.756269e+02;3.142847e-19
3.757269e+02;3.142771e-19
3.758269e+02;3.142696e-19
3.759269e+02;3.142621e-19
3.760269e+02;3.142546e-19
3.761269e+02;3.142470e-19
3.762269e+02;3.142395e-19
3.763269e+02;3.142320e-19
3.764269e+02;3.142245e-19
3.765269e+02;3.142170e-19
3.766269e+02;3.142094e-19
3.767270e+02;3.142019e-19
3.768270e+02;3.141944e-19
3.769270e+02;3.141869e-19
3.770270e+02;3.141794e-19
3.771270e+02;3.141719e-19
3.772270e+02;3.141644e-19
3.773270e+02;3.141569e-19
3.774270e+02;3.141494e-19
3.775270e+02;3.141419e-19
3.776270e+02;3.141344e-19
3.777270e+02;3.141269e-19
3.778270e+02;3.141195e-19
3.779270e+02;3.141120e-19
3.780270e+02;3.141045e-19
3.781270e+02;3.140970e-19
3.782270e+02;3.140895e-19
3.783270e+02;3.140820e-19
3.784270e+02;3.140746e-19
3.785270e+02;3.140671e-19
3.786270e+02;3.140596e-19
3.787270e+02;3.140521e-19
3.788270e+02;3.140447e-19
3.789271e+02;3.140372e-19
3.790271e+02;3.140297e-19
3.791271e+02;3.140223e-19
3.792271e+02;3.140148e-19
3.793271e+02;3.140074e-19
3.794271e+02;3.139999e-19
3.795271e+02;3.139924e-19
3.796271e+02;3.139850e-19
3.797271e+02;3.139775e-19
3.798271e+02;3.139701e-19
3.799271e+02;3.139626e-19
3.800271e+02;3.139552e-19
3.801271e+02;3.139477e-19
3.802271e+02;3.139403e-19
3.803271e+02;3.139329e-19
3.804271e+02;3.139254e-19
3.805271e+02;3.139180e-19
3.806271e+02;3.139106e-19
3.807271e+02;3.139031e-19
3.808271e+02;3.138957e-19
3.809271e+02;3.138883e-19
3.810271e+02;3.138808e-19
3.811272e+02;3.138734e-19
3.812272e+02;3.138660e-19
3.813272e+02;3.138586e-19
3.814272e+02;3.138511e-19
3.815272e+02;3.138437e-19
3.816272e+02;3.138363e-19
3.817272e+02;3.138289e-19
3.818272e+02;3.138215e-19
3.819272e+02;3.138141e-19
3.820272e+02;3.138067e-19
3.821272e+02;3.137993e-19
3.822272e+02;3.137919e-19
3.823272e+02;3.137845e-19
3.824272e+02;3.137771e-19
3.825272e+02;3.137697e-19
3.826272e+02;3.137623e-19
3.827272e+02;3.137549e-19
3.828272e+02;3.137475e-19
3.829272e+02;3.137401e-19
3.830272e+02;3.137327e-19
3.831272e+02;3.137253e-19
3.832272e+02;3.137179e-19
3.833272e+02;3.137106e-19
3.834273e+02;3.137032e-19
3.835273e+02;3.136958e-19
3.836273e+02;3.136884e-19
3.837273e+02;3.136810e-19
3.838273e+02;3.136737e-19
3.839273e+02;3.136663e-19
3.840273e+02;3.136589e-19
3.841273e+02;3.136516e-19
3.842273e+02;3.136442e-19
3.843273e+02;3.136368e-19
3.844273e+02;3.136295e-19
3.845273e+02;3.136221e-19
3.846273e+02;3.136148e-19
3.847273e+02;3.136074e-19
3.848273e+02;3.136001e-19
3.849273e+02;3.135927e-19
3.850273e+02;3.135854e-19
3.851273e+02;3.135780e-19
3.852273e+02;3.135707e-19
3.853273e+02;3.135633e-19
3.854273e+02;3.135560e-19
3.855273e+02;3.135486e-19
3.856274e+02;3.135413e-19
3.857274e+02;3.135340e-19
3.858274e+02;3.135266e-19
3.859274e+02;3.135193e-19
3.860274e+02;3.135120e-19
3.861274e+02;3.135046e-19
3.862274e+02;3.134973e-19
3.863274e+02;3.134900e-19
3.864274e+02;3.134827e-19
3.865274e+02;3.134753e-19
3.866274e+02;3.134680e-19
3.867274e+02;3.134607e-19
3.868274e+02;3.134534e-19
3.869274e+02;3.134461e-19
3.870274e+02;3.134388e-19
3.871274e+02;3.134314e-19
3.872274e+02;3.134241e-19
3.873274e+02;3.134168e-19
3.874274e+02;3.134095e-19
3.875274e+02;3.134022e-19
3.876274e+02;3.133949e-19
3.877274e+02;3.133876e-19
3.878275e+02;3.133803e-19
3.879275e+02;3.133730e-19
3.880275e+02;3.133657e-19
3.881275e+02;3.133584e-19
3.882275e+02;3.133512e-19
3.883275e+02;3.133439e-19
3.884275e+02;3.133366e-19
3.885275e+02;3.133293e-19
3.886275e+02;3.133220e-19
3.887275e+02;3.133147e-19
3.888275e+02;3.133075e-19
3.889275e+02;3.133002e-19
3.890275e+02;3.132929e-19
3.891275e+02;3.132856e-19
3.892275e+02;3.132784e-19
3.893275e+02;3.132711e-19
3.894275e+02;3.132638e-19
3.895275e+02;3.132566e-19
3.896275e+02;3.132493e-19
3.897275e+02;3.132420e-19
3.898275e+02;3.132348e-19
3.899275e+02;3.132275e-19
3.900276e+02;3.132203e-19
3.901276e+02;3.132130e-19
3.902276e+02;3.132058e-19
3.903276e+02;3.131985e-19
3.904276e+02;3.131913e-19
3.905276e+02;3.131840e-19
3.906276e+02;3.131768e-19
3.907276e+02;3.131695e-19
3.908276e+02;3.131623e-19
3.909276e+02;3.131550e-19
3.910276e+02;3.131478e-19
3.911276e+02;3.131406e-19
3.912276e+02;3.131333e-19
3.913276e+02;3.131261e-19
3.914276e+02;3.131189e-19
3.915276e+02;3.131116e-19
3.916276e+02;3.131044e-19
3.917276e+02;3.130972e-19
3.918276e+02;3.130900e-19
3.919276e+02;3.130827e-19
3.920276e+02;3.130755e-19
3.921276e+02;3.130683e-19
3.922276e+02;3.130611e-19
3.923277e+02;3.130539e-19
3.924277e+02;3.130467e-19
3.925277e+02;3.130395e-19
3.926277e+02;3.130323e-19
3.927277e+02;3.130250e-19
3.928277e+02;3.130178e-19
3.929277e+02;3.130106e-19
3.930277e+02;3.130034e-19
3.931277e+02;3.129962e-19
3.932277e+02;3.129890e-19
3.933277e+02;3.129818e-19
3.934277e+02;3.129747e-19
3.935277e+02;3.129675e-19
3.936277e+02;3.129603e-19
3.937277e+02;3.129531e-19
3.938277e+02;3.129459e-19
3.939277e+02;3.129387e-19
3.940277e+02;3.129315e-19
3.941277e+02;3.129244e-19
3.942277e+02;3.129172e-19
3.943277e+02;3.129100e-19
3.944277e+02;3.129028e-19
3.945278e+02;3.128956e-19
3.946278e+02;3.128885e-19
3.947278e+02;3.128813e-19
3.948278e+02;3.128741e-19
3.949278e+02;3.128670e-19
3.950278e+02;3.128598e-19
3.951278e+02;3.128526e-19
3.952278e+02;3.128455e-19
3.953278e+02;3.128383e-19
3.954278e+02;3.128312e-19
3.955278e+02;3.128240e-19
3.956278e+02;3.128169e-19
3.957278e+02;3.128097e-19
3.958278e+02;3.128026e-19
3.959278e+02;3.127954e-19
3.960278e+02;3.127883e-19
3.961278e+02;3.127811e-19
3.962278e+02;3.127740e-19
3.963278e+02;3.127668e-19
3.964278e+02;3.127597e-19
3.965278e+02;3.127526e-19
3.966278e+02;3.127454e-19
3.967279e+02;3.127383e-19
3.968279e+02;3.127312e-19
3.969279e+02;3.127240e-19
3.970279e+02;3.127169e-19
3.971279e+02;3.127098e-19
3.972279e+02;3.127026e-19
3.973279e+02;3.126955e-19
3.974279e+02;3.126884e-19
3.975279e+02;3.126813e-19
3.976279e+02;3.126742e-19
3.977279e+02;3.126670e-19
3.978279e+02;3.126599e-19
3.979279e+02;3.126528e-19
3.980279e+02;3.126457e-19
3.981279e+02;3.126386e-19
3.982279e+02;3.126315e-19
3.983279e+02;3.126244e-19
3.984279e+02;3.126173e-19
3.985279e+02;3.126102e-19
3.986279e+02;3.126031e-19
3.987279e+02;3.125960e-19
3.988279e+02;3.125889e-19
3.989280e+02;3.125818e-19
3.990280e+02;3.125747e-19
3.991280e+02;3.125676e-19
3.992280e+02;3.125605e-19
3.993280e+02;3.125534e-19
3.994280e+02;3.125464e-19
3.995280e+02;3.125393e-19
3.996280e+02;3.125322e-19
3.997280e+02;3.125251e-19
3.998280e+02;3.125180e-19
3.999280e+02;3.125109e-19
4.000280e+02;3.125039e-19
4.001280e+02;3.124968e-19
4.002280e+02;3.124897e-19
4.003280e+02;3.124827e-19
4.004280e+02;3.124756e-19
4.005280e+02;3.124685e-19
4.006280e+02;3.124615e-19
4.007280e+02;3.124544e-19
4.008280e+02;3.124473e-19
4.009280e+02;3.124403e-19
4.010280e+02;3.124332e-19
4.011281e+02;3.124262e-19
4.012281e+02;3.124191e-19
4.013281e+02;3.124121e-19
4.014281e+02;3.124050e-19
4.015281e+02;3.123980e-19
4.016281e+02;3.123909e-19
4.017281e+02;3.123839e-19
4.018281e+02;3.123768e-19
4.019281e+02;3.123698e-19
4.020281e+02;3.123627e-19
4.021281e+02;3.123557e-19
4.022281e+02;3.123487e-19
4.023281e+02;3.123416e-19
4.024281e+02;3.123346e-19
4.025281e+02;3.123276e-19
4.026281e+02;3.123205e-19
4.027281e+02;3.123135e-19
4.028281e+02;3.123065e-19
4.029281e+02;3.122995e-19
4.030281e+02;3.122924e-19
4.031281e+02;3.122854e-19
4.032281e+02;3.122784e-19
4.033281e+02;3.122714e-19
4.034282e+02;3.122644e-19
4.035282e+02;3.122574e-19
4.036282e+02;3.122503e-19
4.037282e+02;3.122433e-19
4.038282e+02;3.122363e-19
4.039282e+02;3.122293e-19
4.040282e+02;3.122223e-19
4.041282e+02;3.122153e-19
4.042282e+02;3.122083e-19
4.043282e+02;3.122013e-19
4.044282e+02;3.121943e-19
4.045282e+02;3.121873e-19
4.046282e+02;3.121803e-19
4.047282e+02;3.121733e-19
4.048282e+02;3.121663e-19
4.049282e+02;3.121593e-19
4.050282e+02;3.121524e-19
4.051282e+02;3.121454e-19
4.052282e+02;3.121384e-19
4.053282e+02;3.121314e-19
4.054282e+02;3.121244e-19
4.055282e+02;3.121174e-19
4.056283e+02;3.121105e-19
4.057283e+02;3.121035e-19
4.058283e+02;3.120965e-19
4.059283e+02;3.120895e-19
4.060283e+02;3.120826e-19
4.061283e+02;3.120756e-19
4.062283e+02;3.120686e-19
4.063283e+02;3.120617e-19
4.064283e+02;3.120547e-19
4.065283e+02;3.120477e-19
4.066283e+02;3.120408e-19
4.067283e+02;3.120338e-19
4.068283e+02;3.120269e-19
4.069283e+02;3.120199e-19
4.070283e+02;3.120130e-19
4.071283e+02;3.120060e-19
4.072283e+02;3.119991e-19
4.073283e+02;3.119921e-19
4.074283e+02;3.119852e-19
4.075283e+02;3.119782e-19
4.076283e+02;3.119713e-19
4.077283e+02;3.119643e-19
4.078284e+02;3.119574e-19
4.079284e+02;3.119505e-19
4.080284e+02;3.119435e-19
4.081284e+02;3.119366e-19
4.082284e+02;3.119297e-19
4.083284e+02;3.119227e-19
4.084284e+02;3.119158e-19
4.085284e+02;3.119089e-19
4.086284e+02;3.119019e-19
4.087284e+02;3.118950e-19
4.088284e+02;3.118881e-19
4.089284e+02;3.118812e-19
4.090284e+02;3.118743e-19
4.091284e+02;3.118673e-19
4.092284e+02;3.118604e-19
4.093284e+02;3.118535e-19
4.094284e+02;3.118466e-19
4.095284e+02;3.118397e-19
4.096284e+02;3.118328e-19
4.097284e+02;3.118259e-19
4.098284e+02;3.118190e-19
4.099284e+02;3.118121e-19
4.100285e+02;3.118052e-19
4.101285e+02;3.117983e-19
4.102285e+02;3.117914e-19
4.103285e+02;3.117845e-19
4.104285e+02;3.117776e-19
4.105285e+02;3.117707e-19
4.106285e+02;3.117638e-19
4.107285e+02;3.117569e-19
4.108285e+02;3.117500e-19
4.109285e+02;3.117431e-19
4.110285e+02;3.117362e-19
4.111285e+02;3.117293e-19
4.112285e+02;3.117225e-19
4.113285e+02;3.117156e-19
4.114285e+02;3.117087e-19
4.115285e+02;3.117018e-19
4.116285e+02;3.116949e-19
4.117285e+02;3.116881e-19
4.118285e+02;3.116812e-19
4.119285e+02;3.116743e-19
4.120285e+02;3.116675e-19
4.121285e+02;3.116606e-19
4.122285e+02;3.116537e-19
4.123286e+02;3.116469e-19
4.124286e+02;3.116400e-19
4.125286e+02;3.116331e-19
4.126286e+02;3.116263e-19
4.127286e+02;3.116194e-19
4.128286e+02;3.116126e-19
4.129286e+02;3.116057e-19
4.130286e+02;3.115989e-19
4.131286e+02;3.115920e-19
4.132286e+02;3.115852e-19
4.133286e+02;3.115783e-19
4.134286e+02;3.115715e-19
4.135286e+02;3.115646e-19
4.136286e+02;3.115578e-19
4.137286e+02;3.115509e-19
4.138286e+02;3.115441e-19
4.139286e+02;3.115373e-19
4.140286e+02;3.115304e-19
4.141286e+02;3.115236e-19
4.142286e+02;3.115168e-19
4.143286e+02;3.115099e-19
4.144286e+02;3.115031e-19
4.145287e+02;3.114963e-19
4.146287e+02;3.114894e-19
4.147287e+02;3.114826e-19
4.148287e+02;3.114758e-19
4.149287e+02;3.114690e-19
4.150287e+02;3.114622e-19
4.151287e+02;3.114553e-19
4.152287e+02;3.114485e-19
4.153287e+02;3.114417e-19
4.154287e+02;3.114349e-19
4.155287e+02;3.114281e-19
4.156287e+02;3.114213e-19
4.157287e+02;3.114145e-19
4.158287e+02;3.114077e-19
4.159287e+02;3.114009e-19
4.160287e+02;3.113941e-19
4.161287e+02;3.113873e-19
4.162287e+02;3.113805e-19
4.163287e+02;3.113737e-19
4.164287e+02;3.113669e-19
4.165287e+02;3.113601e-19
4.166287e+02;3.113533e-19
4.167288e+02;3.113465e-19
4.168288e+02;3.113397e-19
4.169288e+02;3.113329e-19
4.170288e+02;3.113261e-19
4.171288e+02;3.113193e-19
4.172288e+02;3.113126e-19
4.173288e+02;3.113058e-19
4.174288e+02;3.112990e-19
4.175288e+02;3.112922e-19
4.176288e+02;3.112854e-19
4.177288e+02;3.112787e-19
4.178288e+02;3.112719e-19
4.179288e+02;3.112651e-19
4.180288e+02;3.112583e-19
4.181288e+02;3.112516e-19
4.182288e+02;3.112448e-19
4.183288e+02;3.112380e-19
4.184288e+02;3.112313e-19
4.185288e+02;3.112245e-19
4.186288e+02;3.112178e-19
4.187288e+02;3.112110e-19
4.188288e+02;3.112042e-19
4.189289e+02;3.111975e-19
4.190289e+02;3.111907e-19
4.191289e+02;3.111840e-19
4.192289e+02;3.111772e-19
4.193289e+02;3.111705e-19
4.194289e+02;3.111637e-19
4.195289e+02;3.111570e-19
4.196289e+02;3.111502e-19
4.197289e+02;3.111435e-19
4.198289e+02;3.111368e-19
4.199289e+02;3.111300e-19
4.200289e+02;3.111233e-19
4.201289e+02;3.111165e-19
4.202289e+02;3.111098e-19
4.203289e+02;3.111031e-19
4.204289e+02;3.110963e-19
4.205289e+02;3.110896e-19
4.206289e+02;3.110829e-19
4.207289e+02;3.110762e-19
4.208289e+02;3.110694e-19
4.209289e+02;3.110627e-19
4.210289e+02;3.110560e-19
4.211290e+02;3.110493e-19
4.212290e+02;3.110426e-19
4.213290e+02;3.110358e-19
4.214290e+02;3.110291e-19
4.215290e+02;3.110224e-19
4.216290e+02;3.110157e-19
4.217290e+02;3.110090e-19
4.218290e+02;3.110023e-19
4.219290e+02;3.109956e-19
4.220290e+02;3.109889e-19
4.221290e+02;3.109822e-19
4.222290e+02;3.109755e-19
4.223290e+02;3.109688e-19
4.224290e+02;3.109621e-19
4.225290e+02;3.109554e-19
4.226290e+02;3.109487e-19
4.227290e+02;3.109420e-19
4.228290e+02;3.109353e-19
4.229290e+02;3.109286e-19
4.230290e+02;3.109219e-19
4.231290e+02;3.109152e-19
4.232290e+02;3.109085e-19
4.233290e+02;3.109018e-19
4.234291e+02;3.108952e-19
4.235291e+02;3.108885e-19
4.236291e+02;3.108818e-19
4.237291e+02;3.108751e-19
4.238291e+02;3.108684e-19
4.239291e+02;3.108618e-19
4.240291e+02;3.108551e-19
4.241291e+02;3.108484e-19
4.242291e+02;3.108417e-19
4.243291e+02;3.108351e-19
4.244291e+02;3.108284e-19
4.245291e+02;3.108217e-19
4.246291e+02;3.108151e-19
4.247291e+02;3.108084e-19
4.248291e+02;3.108017e-19
4.249291e+02;3.107951e-19
4.250291e+02;3.107884e-19
4.251291e+02;3.107818e-19
4.252291e+02;3.107751e-19
4.253291e+02;3.107685e-19
4.254291e+02;3.107618e-19
4.255291e+02;3.107552e-19
4.256292e+02;3.107485e-19
4.257292e+02;3.107419e-19
4.258292e+02;3.107352e-19
4.259292e+02;3.107286e-19
4.260292e+02;3.107219e-19
4.261292e+02;3.107153e-19
4.262292e+02;3.107087e-19
4.263292e+02;3.107020e-19
4.264292e+02;3.106954e-19
4.265292e+02;3.106887e-19
4.266292e+02;3.106821e-19
4.267292e+02;3.106755e-19
4.268292e+02;3.106688e-19
4.269292e+02;3.106622e-19
4.270292e+02;3.106556e-19
4.271292e+02;3.106490e-19
4.272292e+02;3.106423e-19
4.273292e+02;3.106357e-19
4.274292e+02;3.106291e-19
4.275292e+02;3.106225e-19
4.276292e+02;3.106159e-19
4.277292e+02;3.106092e-19
4.278293e+02;3.106026e-19
4.279293e+02;3.105960e-19
4.280293e+02;3.105894e-19
4.281293e+02;3.105828e-19
4.282293e+02;3.105762e-19
4.283293e+02;3.105696e-19
4.284293e+02;3.105630e-19
4.285293e+02;3.105564e-19
4.286293e+02;3.105498e-19
4.287293e+02;3.105432e-19
4.288293e+02;3.105366e-19
4.289293e+02;3.105300e-19
4.290293e+02;3.105234e-19
4.291293e+02;3.105168e-19
4.292293e+02;3.105102e-19
4.293293e+02;3.105036e-19
4.294293e+02;3.104970e-19
4.295293e+02;3.104904e-19
4.296293e+02;3.104838e-19
4.297293e+02;3.104773e-19
4.298293e+02;3.104707e-19
4.299293e+02;3.104641e-19
4.300294e+02;3.104575e-19
4.301294e+02;3.104509e-19
4.302294e+02;3.104444e-19
4.303294e+02;3.104378e-19
4.304294e+02;3.104312e-19
4.305294e+02;3.104246e-19
4.306294e+02;3.104181e-19
4.307294e+02;3.104115e-19
4.308294e+02;3.104049e-19
4.309294e+02;3.103984e-19
4.310294e+02;3.103918e-19
4.311294e+02;3.103852e-19
4.312294e+02;3.103787e-19
4.313294e+02;3.103721e-19
4.314294e+02;3.103655e-19
4.315294e+02;3.103590e-19
4.316294e+02;3.103524e-19
4.317294e+02;3.103459e-19
4.318294e+02;3.103393e-19
4.319294e+02;3.103328e-19
4.320294e+02;3.103262e-19
4.321294e+02;3.103197e-19
4.322294e+02;3.103131e-19
4.323295e+02;3.103066e-19
4.324295e+02;3.103000e-19
4.325295e+02;3.102935e-19
4.326295e+02;3.102870e-19
4.327295e+02;3.102804e-19
4.328295e+02;3.102739e-19
4.329295e+02;3.102673e-19
4.330295e+02;3.102608e-19
4.331295e+02;3.102543e-19
4.332295e+02;3.102477e-19
4.333295e+02;3.102412e-19
4.334295e+02;3.102347e-19
4.335295e+02;3.102282e-19
4.336295e+02;3.102216e-19
4.337295e+02;3.102151e-19
4.338295e+02;3.102086e-19
4.339295e+02;3.102021e-19
4.340295e+02;3.101955e-19
4.341295e+02;3.101890e-19
4.342295e+02;3.101825e-19
4.343295e+02;3.101760e-19
4.344295e+02;3.101695e-19
4.345296e+02;3.101630e-19
4.346296e+02;3.101565e-19
4.347296e+02;3.101500e-19
4.348296e+02;3.101434e-19
4.349296e+02;3.101369e-19
4.350296e+02;3.101304e-19
4.351296e+02;3.101239e-19
4.352296e+02;3.101174e-19
4.353296e+02;3.101109e-19
4.354296e+02;3.101044e-19
4.355296e+02;3.100979e-19
4.356296e+02;3.100914e-19
4.357296e+02;3.100849e-19
4.358296e+02;3.100785e-19
4.359296e+02;3.100720e-19
4.360296e+02;3.100655e-19
4.361296e+02;3.100590e-19
4.362296e+02;3.100525e-19
4.363296e+02;3.100460e-19
4.364296e+02;3.100395e-19
4.365296e+02;3.100330e-19
4.366296e+02;3.100266e-19
4.367297e+02;3.100201e-19
4.368297e+02;3.100136e-19
4.369297e+02;3.100071e-19
4.370297e+02;3.100007e-19
4.371297e+02;3.099942e-19
4.372297e+02;3.099877e-19
4.373297e+02;3.099812e-19
4.374297e+02;3.099748e-19
4.375297e+02;3.099683e-19
4.376297e+02;3.099618e-19
4.377297e+02;3.099554e-19
4.378297e+02;3.099489e-19
4.379297e+02;3.099425e-19
4.380297e+02;3.099360e-19
4.381297e+02;3.099295e-19
4.382297e+02;3.099231e-19
4.383297e+02;3.099166e-19
4.384297e+02;3.099102e-19
4.385297e+02;3.099037e-19
4.386297e+02;3.098973e-19
4.387297e+02;3.098908e-19
4.388297e+02;3.098844e-19
4.389298e+02;3.098779e-19
4.390298e+02;3.098715e-19
4.391298e+02;3.098650e-19
4.392298e+02;3.098586e-19
4.393298e+02;3.098522e-19
4.394298e+02;3.098457e-19
4.395298e+02;3.098393e-19
4.396298e+02;3.098329e-19
4.397298e+02;3.098264e-19
4.398298e+02;3.098200e-19
4.399298e+02;3.098136e-19
4.400298e+02;3.098071e-19
4.401298e+02;3.098007e-19
4.402298e+02;3.097943e-19
4.403298e+02;3.097878e-19
4.404298e+02;3.097814e-19
4.405298e+02;3.097750e-19
4.406298e+02;3.097686e-19
4.407298e+02;3.097622e-19
4.408298e+02;3.097557e-19
4.409298e+02;3.097493e-19
4.410298e+02;3.097429e-19
4.411299e+02;3.097365e-19
4.412299e+02;3.097301e-19
4.413299e+02;3.097237e-19
4.414299e+02;3.097173e-19
4.415299e+02;3.097108e-19
4.416299e+02;3.097044e-19
4.417299e+02;3.096980e-19
4.418299e+02;3.096916e-19
4.419299e+02;3.096852e-19
4.420299e+02;3.096788e-19
4.421299e+02;3.096724e-19
4.422299e+02;3.096660e-19
4.423299e+02;3.096596e-19
4.424299e+02;3.096532e-19
4.425299e+02;3.096469e-19
4.426299e+02;3.096405e-19
4.427299e+02;3.096341e-19
4.428299e+02;3.096277e-19
4.429299e+02;3.096213e-19
4.430299e+02;3.096149e-19
4.431299e+02;3.096085e-19
4.432299e+02;3.096021e-19
4.433299e+02;3.095958e-19
4.434300e+02;3.095894e-19
4.435300e+02;3.095830e-19
4.436300e+02;3.095766e-19
4.437300e+02;3.095702e-19
4.438300e+02;3.095639e-19
4.439300e+02;3.095575e-19
4.440300e+02;3.095511e-19
4.441300e+02;3.095448e-19
4.442300e+02;3.095384e-19
4.443300e+02;3.095320e-19
4.444300e+02;3.095257e-19
4.445300e+02;3.095193e-19
4.446300e+02;3.095129e-19
4.447300e+02;3.095066e-19
4.448300e+02;3.095002e-19
4.449300e+02;3.094938e-19
4.450300e+02;3.094875e-19
4.451300e+02;3.094811e-19
4.452300e+02;3.094748e-19
4.453300e+02;3.094684e-19
4.454300e+02;3.094621e-19
4.455300e+02;3.094557e-19
4.456301e+02;3.094494e-19
4.457301e+02;3.094430e-19
4.458301e+02;3.094367e-19
4.459301e+02;3.094303e-19
4.460301e+02;3.094240e-19
4.461301e+02;3.094177e-19
4.462301e+02;3.094113e-19
4.463301e+02;3.094050e-19
4.464301e+02;3.093986e-19
4.465301e+02;3.093923e-19
4.466301e+02;3.093860e-19
4.467301e+02;3.093796e-19
4.468301e+02;3.093733e-19
4.469301e+02;3.093670e-19
4.470301e+02;3.093606e-19
4.471301e+02;3.093543e-19
4.472301e+02;3.093480e-19
4.473301e+02;3.093417e-19
4.474301e+02;3.093353e-19
4.475301e+02;3.093290e-19
4.476301e+02;3.093227e-19
4.477301e+02;3.093164e-19
4.478302e+02;3.093101e-19
4.479302e+02;3.093038e-19
4.480302e+02;3.092974e-19
4.481302e+02;3.092911e-19
4.482302e+02;3.092848e-19
4.483302e+02;3.092785e-19
4.484302e+02;3.092722e-19
4.485302e+02;3.092659e-19
4.486302e+02;3.092596e-19
4.487302e+02;3.092533e-19
4.488302e+02;3.092470e-19
4.489302e+02;3.092407e-19
4.490302e+02;3.092344e-19
4.491302e+02;3.092281e-19
4.492302e+02;3.092218e-19
4.493302e+02;3.092155e-19
4.494302e+02;3.092092e-19
4.495302e+02;3.092029e-19
4.496302e+02;3.091966e-19
4.497302e+02;3.091903e-19
4.498302e+02;3.091840e-19
4.499302e+02;3.091777e-19
4.500303e+02;3.091715e-19
4.501303e+02;3.091652e-19
4.502303e+02;3.091589e-19
4.503303e+02;3.091526e-19
4.504303e+02;3.091463e-19
4.505303e+02;3.091400e-19
4.506303e+02;3.091338e-19
4.507303e+02;3.091275e-19
4.508303e+02;3.091212e-19
4.509303e+02;3.091149e-19
4.510303e+02;3.091087e-19
4.511303e+02;3.091024e-19
4.512303e+02;3.090961e-19
4.513303e+02;3.090899e-19
4.514303e+02;3.090836e-19
4.515303e+02;3.090773e-19
4.516303e+02;3.090711e-19
4.517303e+02;3.090648e-19
4.518303e+02;3.090586e-19
4.519303e+02;3.090523e-19
4.520303e+02;3.090460e-19
4.521303e+02;3.090398e-19
4.522304e+02;3.090335e-19
4.523304e+02;3.090273e-19
4.524304e+02;3.090210e-19
4.525304e+02;3.090148e-19
4.526304e+02;3.090085e-19
4.527304e+02;3.090023e-19
4.528304e+02;3.089960e-19
4.529304e+02;3.089898e-19
4.530304e+02;3.089835e-19
4.531304e+02;3.089773e-19
4.532304e+02;3.089711e-19
4.533304e+02;3.089648e-19
4.534304e+02;3.089586e-19
4.535304e+02;3.089523e-19
4.536304e+02;3.089461e-19
4.537304e+02;3.089399e-19
4.538304e+02;3.089336e-19
4.539304e+02;3.089274e-19
4.540304e+02;3.089212e-19
4.541304e+02;3.089149e-19
4.542304e+02;3.089087e-19
4.543304e+02;3.089025e-19
4.544304e+02;3.088963e-19
4.545305e+02;3.088900e-19
4.546305e+02;3.088838e-19
4.547305e+02;3.088776e-19
4.548305e+02;3.088714e-19
4.549305e+02;3.088652e-19
4.550305e+02;3.088589e-19
4.551305e+02;3.088527e-19
4.552305e+02;3.088465e-19
4.553305e+02;3.088403e-19
4.554305e+02;3.088341e-19
4.555305e+02;3.088279e-19
4.556305e+02;3.088217e-19
4.557305e+02;3.088155e-19
4.558305e+02;3.088093e-19
4.559305e+02;3.088031e-19
4.560305e+02;3.087969e-19
4.561305e+02;3.087907e-19
4.562305e+02;3.087845e-19
4.563305e+02;3.087783e-19
4.564305e+02;3.087721e-19
4.565305e+02;3.087659e-19
4.566305e+02;3.087597e-19
4.567306e+02;3.087535e-19
4.568306e+02;3.087473e-19
4.569306e+02;3.087411e-19
4.570306e+02;3.087349e-19
4.571306e+02;3.087287e-19
4.572306e+02;3.087225e-19
4.573306e+02;3.087164e-19
4.574306e+02;3.087102e-19
4.575306e+02;3.087040e-19
4.576306e+02;3.086978e-19
4.577306e+02;3.086916e-19
4.578306e+02;3.086855e-19
4.579306e+02;3.086793e-19
4.580306e+02;3.086731e-19
4.581306e+02;3.086669e-19
4.582306e+02;3.086608e-19
4.583306e+02;3.086546e-19
4.584306e+02;3.086484e-19
4.585306e+02;3.086423e-19
4.586306e+02;3.086361e-19
4.587306e+02;3.086299e-19
4.588306e+02;3.086238e-19
4.589307e+02;3.086176e-19
4.590307e+02;3.086114e-19
4.591307e+02;3.086053e-19
4.592307e+02;3.085991e-19
4.593307e+02;3.085930e-19
4.594307e+02;3.085868e-19
4.595307e+02;3.085806e-19
4.596307e+02;3.085745e-19
4.597307e+02;3.085683e-19
4.598307e+02;3.085622e-19
4.599307e+02;3.085560e-19
4.600307e+02;3.085499e-19
4.601307e+02;3.085437e-19
4.602307e+02;3.085376e-19
4.603307e+02;3.085315e-19
4.604307e+02;3.085253e-19
4.605307e+02;3.085192e-19
4.606307e+02;3.085130e-19
4.607307e+02;3.085069e-19
4.608307e+02;3.085008e-19
4.609307e+02;3.084946e-19
4.610307e+02;3.084885e-19
4.611308e+02;3.084824e-19
4.612308e+02;3.084762e-19
4.613308e+02;3.084701e-19
4.614308e+02;3.084640e-19
4.615308e+02;3.084578e-19
4.616308e+02;3.084517e-19
4.617308e+02;3.084456e-19
4.618308e+02;3.084395e-19
4.619308e+02;3.084333e-19
4.620308e+02;3.084272e-19
4.621308e+02;3.084211e-19
4.622308e+02;3.084150e-19
4.623308e+02;3.084089e-19
4.624308e+02;3.084027e-19
4.625308e+02;3.083966e-19
4.626308e+02;3.083905e-19
4.627308e+02;3.083844e-19
4.628308e+02;3.083783e-19
4.629308e+02;3.083722e-19
4.630308e+02;3.083661e-19
4.631308e+02;3.083600e-19
4.632308e+02;3.083539e-19
4.633308e+02;3.083478e-19
4.634309e+02;3.083417e-19
4.635309e+02;3.083356e-19
4.636309e+02;3.083295e-19
4.637309e+02;3.083234e-19
4.638309e+02;3.083173e-19
4.639309e+02;3.083112e-19
4.640309e+02;3.083051e-19
4.641309e+02;3.082990e-19
4.642309e+02;3.082929e-19
4.643309e+02;3.082868e-19
4.644309e+02;3.082807e-19
4.645309e+02;3.082746e-19
4.646309e+02;3.082685e-19
4.647309e+02;3.082625e-19
4.648309e+02;3.082564e-19
4.649309e+02;3.082503e-19
4.650309e+02;3.082442e-19
4.651309e+02;3.082381e-19
4.652309e+02;3.082321e-19
4.653309e+02;3.082260e-19
4.654309e+02;3.082199e-19
4.655309e+02;3.082138e-19
4.656310e+02;3.082078e-19
4.657310e+02;3.082017e-19
4.658310e+02;3.081956e-19
4.659310e+02;3.081895e-19
4.660310e+02;3.081835e-19
4.661310e+02;3.081774e-19
4.662310e+02;3.081713e-19
4.663310e+02;3.081653e-19
4.664310e+02;3.081592e-19
4.665310e+02;3.081532e-19
4.666310e+02;3.081471e-19
4.667310e+02;3.081410e-19
4.668310e+02;3.081350e-19
4.669310e+02;3.081289e-19
4.670310e+02;3.081229e-19
4.671310e+02;3.081168e-19
4.672310e+02;3.081108e-19
4.673310e+02;3.081047e-19
4.674310e+02;3.080987e-19
4.675310e+02;3.080926e-19
4.676310e+02;3.080866e-19
4.677310e+02;3.080805e-19
4.678311e+02;3.080745e-19
4.679311e+02;3.080684e-19
4.680311e+02;3.080624e-19
4.681311e+02;3.080564e-19
4.682311e+02;3.080503e-19
4.683311e+02;3.080443e-19
4.684311e+02;3.080382e-19
4.685311e+02;3.080322e-19
4.686311e+02;3.080262e-19
4.687311e+02;3.080201e-19
4.688311e+02;3.080141e-19
4.689311e+02;3.080081e-19
4.690311e+02;3.080021e-19
4.691311e+02;3.079960e-19
4.692311e+02;3.079900e-19
4.693311e+02;3.079840e-19
4.694311e+02;3.079780e-19
4.695311e+02;3.079719e-19
4.696311e+02;3.079659e-19
4.697311e+02;3.079599e-19
4.698311e+02;3.079539e-19
4.699311e+02;3.079479e-19
4.700312e+02;3.079418e-19
4.701312e+02;3.079358e-19
4.702312e+02;3.079298e-19
4.703312e+02;3.079238e-19
4.704312e+02;3.079178e-19
4.705312e+02;3.079118e-19
4.706312e+02;3.079058e-19
4.707312e+02;3.078998e-19
4.708312e+02;3.078938e-19
4.709312e+02;3.078878e-19
4.710312e+02;3.078818e-19
4.711312e+02;3.078758e-19
4.712312e+02;3.078698e-19
4.713312e+02;3.078638e-19
4.714312e+02;3.078578e-19
4.715312e+02;3.078518e-19
4.716312e+02;3.078458e-19
4.717312e+02;3.078398e-19
4.718312e+02;3.078338e-19
4.719312e+02;3.078278e-19
4.720312e+02;3.078218e-19
4.721312e+02;3.078158e-19
4.722313e+02;3.078098e-19
4.723313e+02;3.078038e-19
4.724313e+02;3.077979e-19
4.725313e+02;3.077919e-19
4.726313e+02;3.077859e-19
4.727313e+02;3.077799e-19
4.728313e+02;3.077739e-19
4.729313e+02;3.077680e-19
4.730313e+02;3.077620e-19
4.731313e+02;3.077560e-19
4.732313e+02;3.077500e-19
4.733313e+02;3.077441e-19
4.734313e+02;3.077381e-19
4.735313e+02;3.077321e-19
4.736313e+02;3.077261e-19
4.737313e+02;3.077202e-19
4.738313e+02;3.077142e-19
4.739313e+02;3.077082e-19
4.740313e+02;3.077023e-19
4.741313e+02;3.076963e-19
4.742313e+02;3.076904e-19
4.743313e+02;3.076844e-19
4.744313e+02;3.076784e-19
4.745314e+02;3.076725e-19
4.746314e+02;3.076665e-19
4.747314e+02;3.076606e-19
4.748314e+02;3.076546e-19
4.749314e+02;3.076487e-19
4.750314e+02;3.076427e-19
4.751314e+02;3.076368e-19
4.752314e+02;3.076308e-19
4.753314e+02;3.076249e-19
4.754314e+02;3.076189e-19
4.755314e+02;3.076130e-19
4.756314e+02;3.076070e-19
4.757314e+02;3.076011e-19
4.758314e+02;3.075951e-19
4.759314e+02;3.075892e-19
4.760314e+02;3.075833e-19
4.761314e+02;3.075773e-19
4.762314e+02;3.075714e-19
4.763314e+02;3.075655e-19
4.764314e+02;3.075595e-19
4.765314e+02;3.075536e-19
4.766314e+02;3.075477e-19
4.767315e+02;3.075417e-19
4.768315e+02;3.075358e-19
4.769315e+02;3.075299e-19
4.770315e+02;3.075239e-19
4.771315e+02;3.075180e-19
4.772315e+02;3.075121e-19
4.773315e+02;3.075062e-19
4.774315e+02;3.075003e-19
4.775315e+02;3.074943e-19
4.776315e+02;3.074884e-19
4.777315e+02;3.074825e-19
4.778315e+02;3.074766e-19
4.779315e+02;3.074707e-19
4.780315e+02;3.074648e-19
4.781315e+02;3.074588e-19
4.782315e+02;3.074529e-19
4.783315e+02;3.074470e-19
4.784315e+02;3.074411e-19
4.785315e+02;3.074352e-19
4.786315e+02;3.074293e-19
4.787315e+02;3.074234e-19
4.788315e+02;3.074175e-19
4.789316e+02;3.074116e-19
4.790316e+02;3.074057e-19
4.791316e+02;3.073998e-19
4.792316e+02;3.073939e-19
4.793316e+02;3.073880e-19
4.794316e+02;3.073821e-19
4.795316e+02;3.073762e-19
4.796316e+02;3.073703e-19
4.797316e+02;3.073644e-19
4.798316e+02;3.073585e-19
4.799316e+02;3.073526e-19
4.800316e+02;3.073468e-19
4.801316e+02;3.073409e-19
4.802316e+02;3.073350e-19
4.803316e+02;3.073291e-19
4.804316e+02;3.073232e-19
4.805316e+02;3.073173e-19
4.806316e+02;3.073114e-19
4.807316e+02;3.073056e-19
4.808316e+02;3.072997e-19
4.809316e+02;3.072938e-19
4.810316e+02;3.072879e-19
4.811317e+02;3.072821e-19
4.812317e+02;3.072762e-19
4.813317e+02;3.072703e-19
4.814317e+02;3.072644e-19
4.815317e+02;3.072586e-19
4.816317e+02;3.072527e-19
4.817317e+02;3.072468e-19
4.818317e+02;3.072410e-19
4.819317e+02;3.072351e-19
4.820317e+02;3.072292e-19
4.821317e+02;3.072234e-19
4.822317e+02;3.072175e-19
4.823317e+02;3.072117e-19
4.824317e+02;3.072058e-19
4.825317e+02;3.071999e-19
4.826317e+02;3.071941e-19
4.827317e+02;3.071882e-19
4.828317e+02;3.071824e-19
4.829317e+02;3.071765e-19
4.830317e+02;3.071707e-19
4.831317e+02;3.071648e-19
4.832317e+02;3.071590e-19
4.833317e+02;3.071531e-19
4.834318e+02;3.071473e-19
4.835318e+02;3.071414e-19
4.836318e+02;3.071356e-19
4.837318e+02;3.071298e-19
4.838318e+02;3.071239e-19
4.839318e+02;3.071181e-19
4.840318e+02;3.071122e-19
4.841318e+02;3.071064e-19
4.842318e+02;3.071006e-19
4.843318e+02;3.070947e-19
4.844318e+02;3.070889e-19
4.845318e+02;3.070831e-19
4.846318e+02;3.070772e-19
4.847318e+02;3.070714e-19
4.848318e+02;3.070656e-19
4.849318e+02;3.070597e-19
4.850318e+02;3.070539e-19
4.851318e+02;3.070481e-19
4.852318e+02;3.070423e-19
4.853318e+02;3.070364e-19
4.854318e+02;3.070306e-19
4.855318e+02;3.070248e-19
4.856319e+02;3.070190e-19
4.857319e+02;3.070132e-19
4.858319e+02;3.070073e-19
4.859319e+02;3.070015e-19
4.860319e+02;3.069957e-19
4.861319e+02;3.069899e-19
4.862319e+02;3.069841e-19
4.863319e+02;3.069783e-19
4.864319e+02;3.069725e-19
4.865319e+02;3.069667e-19
4.866319e+02;3.069608e-19
4.867319e+02;3.069550e-19
4.868319e+02;3.069492e-19
4.869319e+02;3.069434e-19
4.870319e+02;3.069376e-19
4.871319e+02;3.069318e-19
4.872319e+02;3.069260e-19
4.873319e+02;3.069202e-19
4.874319e+02;3.069144e-19
4.875319e+02;3.069086e-19
4.876319e+02;3.069028e-19
4.877319e+02;3.068970e-19
4.878320e+02;3.068913e-19
4.879320e+02;3.068855e-19
4.880320e+02;3.068797e-19
4.881320e+02;3.068739e-19
4.882320e+02;3.068681e-19
4.883320e+02;3.068623e-19
4.884320e+02;3.068565e-19
4.885320e+02;3.068507e-19
4.886320e+02;3.068450e-19
4.887320e+02;3.068392e-19
4.888320e+02;3.068334e-19
4.889320e+02;3.068276e-19
4.890320e+02;3.068218e-19
4.891320e+02;3.068161e-19
4.892320e+02;3.068103e-19
4.893320e+02;3.068045e-19
4.894320e+02;3.067987e-19
4.895320e+02;3.067930e-19
4.896320e+02;3.067872e-19
4.897320e+02;3.067814e-19
4.898320e+02;3.067756e-19
4.899320e+02;3.067699e-19
4.900321e+02;3.067641e-19
4.901321e+02;3.067583e-19
4.902321e+02;3.067526e-19
4.903321e+02;3.067468e-19
4.904321e+02;3.067411e-19
4.905321e+02;3.067353e-19
4.906321e+02;3.067295e-19
4.907321e+02;3.067238e-19
4.908321e+02;3.067180e-19
4.909321e+02;3.067123e-19
4.910321e+02;3.067065e-19
4.911321e+02;3.067008e-19
4.912321e+02;3.066950e-19
4.913321e+02;3.066893e-19
4.914321e+02;3.066835e-19
4.915321e+02;3.066778e-19
4.916321e+02;3.066720e-19
4.917321e+02;3.066663e-19
4.918321e+02;3.066605e-19
4.919321e+02;3.066548e-19
4.920321e+02;3.066490e-19
4.921321e+02;3.066433e-19
4.922322e+02;3.066376e-19
4.923322e+02;3.066318e-19
4.924322e+02;3.066261e-19
4.925322e+02;3.066203e-19
4.926322e+02;3.066146e-19
4.927322e+02;3.066089e-19
4.928322e+02;3.066031e-19
4.929322e+02;3.065974e-19
4.930322e+02;3.065917e-19
4.931322e+02;3.065859e-19
4.932322e+02;3.065802e-19
4.933322e+02;3.065745e-19
4.934322e+02;3.065688e-19
4.935322e+02;3.065630e-19
4.936322e+02;3.065573e-19
4.937322e+02;3.065516e-19
4.938322e+02;3.065459e-19
4.939322e+02;3.065402e-19
4.940322e+02;3.065344e-19
4.941322e+02;3.065287e-19
4.942322e+02;3.065230e-19
4.943322e+02;3.065173e-19
4.944322e+02;3.065116e-19
4.945323e+02;3.065059e-19
4.946323e+02;3.065001e-19
4.947323e+02;3.064944e-19
4.948323e+02;3.064887e-19
4.949323e+02;3.064830e-19
4.950323e+02;3.064773e-19
4.951323e+02;3.064716e-19
4.952323e+02;3.064659e-19
4.953323e+02;3.064602e-19
4.954323e+02;3.064545e-19
4.955323e+02;3.064488e-19
4.956323e+02;3.064431e-19
4.957323e+02;3.064374e-19
4.958323e+02;3.064317e-19
4.959323e+02;3.064260e-19
4.960323e+02;3.064203e-19
4.961323e+02;3.064146e-19
4.962323e+02;3.064089e-19
4.963323e+02;3.064032e-19
4.964323e+02;3.063975e-19
4.965323e+02;3.063918e-19
4.966323e+02;3.063862e-19
4.967324e+02;3.063805e-19
4.968324e+02;3.063748e-19
4.969324e+02;3.063691e-19
4.970324e+02;3.063634e-19
4.971324e+02;3.063577e-19
4.972324e+02;3.063520e-19
4.973324e+02;3.063464e-19
4.974324e+02;3.063407e-19
4.975324e+02;3.063350e-19
4.976324e+02;3.063293e-19
4.977324e+02;3.063237e-19
4.978324e+02;3.063180e-19
4.979324e+02;3.063123e-19
4.980324e+02;3.063066e-19
4.981324e+02;3.063010e-19
4.982324e+02;3.062953e-19
4.983324e+02;3.062896e-19
4.984324e+02;3.062840e-19
4.985324e+02;3.062783e-19
4.986324e+02;3.062726e-19
4.987324e+02;3.062670e-19
4.988324e+02;3.062613e-19
4.989325e+02;3.062556e-19
4.990325e+02;3.062500e-19
4.991325e+02;3.062443e-19
4.992325e+02;3.062387e-19
4.993325e+02;3.062330e-19
4.994325e+02;3.062273e-19
4.995325e+02;3.062217e-19
4.996325e+02;3.062160e-19
4.997325e+02;3.062104e-19
4.998325e+02;3.062047e-19
4.999325e+02;3.061991e-19
5.000325e+02;3.061934e-19
5.001325e+02;3.061878e-19
5.002325e+02;3.061821e-19
5.003325e+02;3.061765e-19
5.004325e+02;3.061708e-19
5.005325e+02;3.061652e-19
5.006325e+02;3.061596e-19
5.007325e+02;3.061539e-19
5.008325e+02;3.061483e-19
5.009325e+02;3.061426e-19
5.010325e+02;3.061370e-19
5.011326e+02;3.061314e-19
5.012326e+02;3.061257e-19
5.013326e+02;3.061201e-19
5.014326e+02;3.061145e-19
5.015326e+02;3.061088e-19
5.016326e+02;3.061032e-19
5.017326e+02;3.060976e-19
5.018326e+02;3.060919e-19
5.019326e+02;3.060863e-19
5.020326e+02;3.060807e-19
5.021326e+02;3.060751e-19
5.022326e+02;3.060694e-19
5.023326e+02;3.060638e-19
5.024326e+02;3.060582e-19
5.025326e+02;3.060526e-19
5.026326e+02;3.060470e-19
5.027326e+02;3.060413e-19
5.028326e+02;3.060357e-19
5.029326e+02;3.060301e-19
5.030326e+02;3.060245e-19
5.031326e+02;3.060189e-19
5.032326e+02;3.060133e-19
5.033326e+02;3.060077e-19
5.034327e+02;3.060020e-19
5.035327e+02;3.059964e-19
5.036327e+02;3.059908e-19
5.037327e+02;3.059852e-19
5.038327e+02;3.059796e-19
5.039327e+02;3.059740e-19
5.040327e+02;3.059684e-19
5.041327e+02;3.059628e-19
5.042327e+02;3.059572e-19
5.043327e+02;3.059516e-19
5.044327e+02;3.059460e-19
5.045327e+02;3.059404e-19
5.046327e+02;3.059348e-19
5.047327e+02;3.059292e-19
5.048327e+02;3.059236e-19
5.049327e+02;3.059180e-19
5.050327e+02;3.059124e-19
5.051327e+02;3.059068e-19
5.052327e+02;3.059013e-19
5.053327e+02;3.058957e-19
5.054327e+02;3.058901e-19
5.055327e+02;3.058845e-19
5.056328e+02;3.058789e-19
5.057328e+02;3.058733e-19
5.058328e+02;3.058677e-19
5.059328e+02;3.058622e-19
5.060328e+02;3.058566e-19
5.061328e+02;3.058510e-19
5.062328e+02;3.058454e-19
5.063328e+02;3.058398e-19
5.064328e+02;3.058343e-19
5.065328e+02;3.058287e-19
5.066328e+02;3.058231e-19
5.067328e+02;3.058175e-19
5.068328e+02;3.058120e-19
5.069328e+02;3.058064e-19
5.070328e+02;3.058008e-19
5.071328e+02;3.057953e-19
5.072328e+02;3.057897e-19
5.073328e+02;3.057841e-19
5.074328e+02;3.057786e-19
5.075328e+02;3.057730e-19
5.076328e+02;3.057674e-19
5.077328e+02;3.057619e-19
5.078329e+02;3.057563e-19
5.079329e+02;3.057508e-19
5.080329e+02;3.057452e-19
5.081329e+02;3.057396e-19
5.082329e+02;3.057341e-19
5.083329e+02;3.057285e-19
5.084329e+02;3.057230e-19
5.085329e+02;3.057174e-19
5.086329e+02;3.057119e-19
5.087329e+02;3.057063e-19
5.088329e+02;3.057008e-19
5.089329e+02;3.056952e-19
5.090329e+02;3.056897e-19
5.091329e+02;3.056841e-19
5.092329e+02;3.056786e-19
5.093329e+02;3.056730e-19
5.094329e+02;3.056675e-19
5.095329e+02;3.056619e-19
5.096329e+02;3.056564e-19
5.097329e+02;3.056509e-19
5.098329e+02;3.056453e-19
5.099329e+02;3.056398e-19
5.100330e+02;3.056343e-19
5.101330e+02;3.056287e-19
5.102330e+02;3.056232e-19
5.103330e+02;3.056177e-19
5.104330e+02;3.056121e-19
5.105330e+02;3.056066e-19
5.106330e+02;3.056011e-19
5.107330e+02;3.055955e-19
5.108330e+02;3.055900e-19
5.109330e+02;3.055845e-19
5.110330e+02;3.055790e-19
5.111330e+02;3.055734e-19
5.112330e+02;3.055679e-19
5.113330e+02;3.055624e-19
5.114330e+02;3.055569e-19
5.115330e+02;3.055513e-19
5.116330e+02;3.055458e-19
5.117330e+02;3.055403e-19
5.118330e+02;3.055348e-19
5.119330e+02;3.055293e-19
5.120330e+02;3.055238e-19
5.121330e+02;3.055182e-19
5.122331e+02;3.055127e-19
5.123331e+02;3.055072e-19
5.124331e+02;3.055017e-19
5.125331e+02;3.054962e-19
5.126331e+02;3.054907e-19
5.127331e+02;3.054852e-19
5.128331e+02;3.054797e-19
5.129331e+02;3.054742e-19
5.130331e+02;3.054687e-19
5.131331e+02;3.054632e-19
5.132331e+02;3.054577e-19
5.133331e+02;3.054522e-19
5.134331e+02;3.054467e-19
5.135331e+02;3.054412e-19
5.136331e+02;3.054357e-19
5.137331e+02;3.054302e-19
5.138331e+02;3.054247e-19
5.139331e+02;3.054192e-19
5.140331e+02;3.054137e-19
5.141331e+02;3.054082e-19
5.142331e+02;3.054027e-19
5.143331e+02;3.053972e-19
5.144331e+02;3.053917e-19
5.145332e+02;3.053863e-19
5.146332e+02;3.053808e-19
5.147332e+02;3.053753e-19
5.148332e+02;3.053698e-19
5.149332e+02;3.053643e-19
5.150332e+02;3.053588e-19
5.151332e+02;3.053534e-19
5.152332e+02;3.053479e-19
5.153332e+02;3.053424e-19
5.154332e+02;3.053369e-19
5.155332e+02;3.053315e-19
5.156332e+02;3.053260e-19
5.157332e+02;3.053205e-19
5.158332e+02;3.053150e-19
5.159332e+02;3.053096e-19
5.160332e+02;3.053041e-19
5.161332e+02;3.052986e-19
5.162332e+02;3.052931e-19
5.163332e+02;3.052877e-19
5.164332e+02;3.052822e-19
5.165332e+02;3.052767e-19
5.166332e+02;3.052713e-19
5.167333e+02;3.052658e-19
5.168333e+02;3.052604e-19
5.169333e+02;3.052549e-19
5.170333e+02;3.052494e-19
5.171333e+02;3.052440e-19
5.172333e+02;3.052385e-19
5.173333e+02;3.052331e-19
5.174333e+02;3.052276e-19
5.175333e+02;3.052222e-19
5.176333e+02;3.052167e-19
5.177333e+02;3.052113e-19
5.178333e+02;3.052058e-19
5.179333e+02;3.052003e-19
5.180333e+02;3.051949e-19
5.181333e+02;3.051895e-19
5.182333e+02;3.051840e-19
5.183333e+02;3.051786e-19
5.184333e+02;3.051731e-19
5.185333e+02;3.051677e-19
5.186333e+02;3.051622e-19
5.187333e+02;3.051568e-19
5.188333e+02;3.051513e-19
5.189334e+02;3.051459e-19
5.190334e+02;3.051405e-19
5.191334e+02;3.051350e-19
5.192334e+02;3.051296e-19
5.193334e+02;3.051242e-19
5.194334e+02;3.051187e-19
5.195334e+02;3.051133e-19
5.196334e+02;3.051079e-19
5.197334e+02;3.051024e-19
5.198334e+02;3.050970e-19
5.199334e+02;3.050916e-19
5.200334e+02;3.050861e-19
5.201334e+02;3.050807e-19
5.202334e+02;3.050753e-19
5.203334e+02;3.050699e-19
5.204334e+02;3.050644e-19
5.205334e+02;3.050590e-19
5.206334e+02;3.050536e-19
5.207334e+02;3.050482e-19
5.208334e+02;3.050428e-19
5.209334e+02;3.050373e-19
5.210334e+02;3.050319e-19
5.211335e+02;3.050265e-19
5.212335e+02;3.050211e-19
5.213335e+02;3.050157e-19
5.214335e+02;3.050103e-19
5.215335e+02;3.050049e-19
5.216335e+02;3.049994e-19
5.217335e+02;3.049940e-19
5.218335e+02;3.049886e-19
5.219335e+02;3.049832e-19
5.220335e+02;3.049778e-19
5.221335e+02;3.049724e-19
5.222335e+02;3.049670e-19
5.223335e+02;3.049616e-19
5.224335e+02;3.049562e-19
5.225335e+02;3.049508e-19
5.226335e+02;3.049454e-19
5.227335e+02;3.049400e-19
5.228335e+02;3.049346e-19
5.229335e+02;3.049292e-19
5.230335e+02;3.049238e-19
5.231335e+02;3.049184e-19
5.232335e+02;3.049130e-19
5.233335e+02;3.049076e-19
5.234336e+02;3.049022e-19
5.235336e+02;3.048968e-19
5.236336e+02;3.048915e-19
5.237336e+02;3.048861e-19
5.238336e+02;3.048807e-19
5.239336e+02;3.048753e-19
5.240336e+02;3.048699e-19
5.241336e+02;3.048645e-19
5.242336e+02;3.048591e-19
5.243336e+02;3.048538e-19
5.244336e+02;3.048484e-19
5.245336e+02;3.048430e-19
5.246336e+02;3.048376e-19
5.247336e+02;3.048322e-19
5.248336e+02;3.048269e-19
5.249336e+02;3.048215e-19
5.250336e+02;3.048161e-19
5.251336e+02;3.048107e-19
5.252336e+02;3.048054e-19
5.253336e+02;3.048000e-19
5.254336e+02;3.047946e-19
5.255336e+02;3.047892e-19
5.256337e+02;3.047839e-19
5.257337e+02;3.047785e-19
5.258337e+02;3.047731e-19
5.259337e+02;3.047678e-19
5.260337e+02;3.047624e-19
5.261337e+02;3.047571e-19
5.262337e+02;3.047517e-19
5.263337e+02;3.047463e-19
5.264337e+02;3.047410e-19
5.265337e+02;3.047356e-19
5.266337e+02;3.047302e-19
5.267337e+02;3.047249e-19
5.268337e+02;3.047195e-19
5.269337e+02;3.047142e-19
5.270337e+02;3.047088e-19
5.271337e+02;3.047035e-19
5.272337e+02;3.046981e-19
5.273337e+02;3.046928e-19
5.274337e+02;3.046874e-19
5.275337e+02;3.046821e-19
5.276337e+02;3.046767e-19
5.277337e+02;3.046714e-19
5.278338e+02;3.046660e-19
5.279338e+02;3.046607e-19
5.280338e+02;3.046553e-19
5.281338e+02;3.046500e-19
5.282338e+02;3.046447e-19
5.283338e+02;3.046393e-19
5.284338e+02;3.046340e-19
5.285338e+02;3.046286e-19
5.286338e+02;3.046233e-19
5.287338e+02;3.046180e-19
5.288338e+02;3.046126e-19
5.289338e+02;3.046073e-19
5.290338e+02;3.046020e-19
5.291338e+02;3.045966e-19
5.292338e+02;3.045913e-19
5.293338e+02;3.045860e-19
5.294338e+02;3.045806e-19
5.295338e+02;3.045753e-19
5.296338e+02;3.045700e-19
5.297338e+02;3.045647e-19
5.298338e+02;3.045593e-19
5.299338e+02;3.045540e-19
5.300339e+02;3.045487e-19
5.301339e+02;3.045434e-19
5.302339e+02;3.045380e-19
5.303339e+02;3.045327e-19
5.304339e+02;3.045274e-19
5.305339e+02;3.045221e-19
5.306339e+02;3.045168e-19
5.307339e+02;3.045115e-19
5.308339e+02;3.045061e-19
5.309339e+02;3.045008e-19
5.310339e+02;3.044955e-19
5.311339e+02;3.044902e-19
5.312339e+02;3.044849e-19
5.313339e+02;3.044796e-19
5.314339e+02;3.044743e-19
5.315339e+02;3.044690e-19
5.316339e+02;3.044637e-19
5.317339e+02;3.044583e-19
5.318339e+02;3.044530e-19
5.319339e+02;3.044477e-19
5.320339e+02;3.044424e-19
5.321339e+02;3.044371e-19
5.322340e+02;3.044318e-19
5.323340e+02;3.044265e-19
5.324340e+02;3.044212e-19
5.325340e+02;3.044159e-19
5.326340e+02;3.044106e-19
5.327340e+02;3.044053e-19
5.328340e+02;3.044001e-19
5.329340e+02;3.043948e-19
5.330340e+02;3.043895e-19
5.331340e+02;3.043842e-19
5.332340e+02;3.043789e-19
5.333340e+02;3.043736e-19
5.334340e+02;3.043683e-19
5.335340e+02;3.043630e-19
5.336340e+02;3.043577e-19
5.337340e+02;3.043524e-19
5.338340e+02;3.043472e-19
5.339340e+02;3.043419e-19
5.340340e+02;3.043366e-19
5.341340e+02;3.043313e-19
5.342340e+02;3.043260e-19
5.343340e+02;3.043208e-19
5.344340e+02;3.043155e-19
5.345341e+02;3.043102e-19
5.346341e+02;3.043049e-19
5.347341e+02;3.042996e-19
5.348341e+02;3.042944e-19
5.349341e+02;3.042891e-19
5.350341e+02;3.042838e-19
5.351341e+02;3.042786e-19
5.352341e+02;3.042733e-19
5.353341e+02;3.042680e-19
5.354341e+02;3.042627e-19
5.355341e+02;3.042575e-19
5.356341e+02;3.042522e-19
5.357341e+02;3.042470e-19
5.358341e+02;3.042417e-19
5.359341e+02;3.042364e-19
5.360341e+02;3.042312e-19
5.361341e+02;3.042259e-19
5.362341e+02;3.042206e-19
5.363341e+02;3.042154e-19
5.364341e+02;3.042101e-19
5.365341e+02;3.042049e-19
5.366341e+02;3.041996e-19
5.367342e+02;3.041944e-19
5.368342e+02;3.041891e-19
5.369342e+02;3.041838e-19
5.370342e+02;3.041786e-19
5.371342e+02;3.041733e-19
5.372342e+02;3.041681e-19
5.373342e+02;3.041628e-19
5.374342e+02;3.041576e-19
5.375342e+02;3.041523e-19
5.376342e+02;3.041471e-19
5.377342e+02;3.041419e-19
5.378342e+02;3.041366e-19
5.379342e+02;3.041314e-19
5.380342e+02;3.041261e-19
5.381342e+02;3.041209e-19
5.382342e+02;3.041156e-19
5.383342e+02;3.041104e-19
5.384342e+02;3.041052e-19
5.385342e+02;3.040999e-19
5.386342e+02;3.040947e-19
5.387342e+02;3.040895e-19
5.388342e+02;3.040842e-19
5.389343e+02;3.040790e-19
5.390343e+02;3.040738e-19
5.391343e+02;3.040685e-19
5.392343e+02;3.040633e-19
5.393343e+02;3.040581e-19
5.394343e+02;3.040528e-19
5.395343e+02;3.040476e-19
5.396343e+02;3.040424e-19
5.397343e+02;3.040372e-19
5.398343e+02;3.040319e-19
5.399343e+02;3.040267e-19
5.400343e+02;3.040215e-19
5.401343e+02;3.040163e-19
5.402343e+02;3.040111e-19
5.403343e+02;3.040058e-19
5.404343e+02;3.040006e-19
5.405343e+02;3.039954e-19
5.406343e+02;3.039902e-19
5.407343e+02;3.039850e-19
5.408343e+02;3.039797e-19
5.409343e+02;3.039745e-19
5.410343e+02;3.039693e-19
5.411344e+02;3.039641e-19
5.412344e+02;3.039589e-19
5.413344e+02;3.039537e-19
5.414344e+02;3.039485e-19
5.415344e+02;3.039433e-19
5.416344e+02;3.039381e-19
5.417344e+02;3.039329e-19
5.418344e+02;3.039277e-19
5.419344e+02;3.039225e-19
5.420344e+02;3.039173e-19
5.421344e+02;3.039121e-19
5.422344e+02;3.039069e-19
5.423344e+02;3.039017e-19
5.424344e+02;3.038965e-19
5.425344e+02;3.038913e-19
5.426344e+02;3.038861e-19
5.427344e+02;3.038809e-19
5.428344e+02;3.038757e-19
5.429344e+02;3.038705e-19
5.430344e+02;3.038653e-19
5.431344e+02;3.038601e-19
5.432344e+02;3.038549e-19
5.433344e+02;3.038497e-19
5.434345e+02;3.038445e-19
5.435345e+02;3.038393e-19
5.436345e+02;3.038341e-19
5.437345e+02;3.038290e-19
5.438345e+02;3.038238e-19
5.439345e+02;3.038186e-19
5.440345e+02;3.038134e-19
5.441345e+02;3.038082e-19
5.442345e+02;3.038030e-19
5.443345e+02;3.037979e-19
5.444345e+02;3.037927e-19
5.445345e+02;3.037875e-19
5.446345e+02;3.037823e-19
5.447345e+02;3.037772e-19
5.448345e+02;3.037720e-19
5.449345e+02;3.037668e-19
5.450345e+02;3.037616e-19
5.451345e+02;3.037565e-19
5.452345e+02;3.037513e-19
5.453345e+02;3.037461e-19
5.454345e+02;3.037409e-19
5.455345e+02;3.037358e-19
5.456346e+02;3.037306e-19
5.457346e+02;3.037254e-19
5.458346e+02;3.037203e-19
5.459346e+02;3.037151e-19
5.460346e+02;3.037100e-19
5.461346e+02;3.037048e-19
5.462346e+02;3.036996e-19
5.463346e+02;3.036945e-19
5.464346e+02;3.036893e-19
5.465346e+02;3.036841e-19
5.466346e+02;3.036790e-19
5.467346e+02;3.036738e-19
5.468346e+02;3.036687e-19
5.469346e+02;3.036635e-19
5.470346e+02;3.036584e-19
5.471346e+02;3.036532e-19
5.472346e+02;3.036481e-19
5.473346e+02;3.036429e-19
5.474346e+02;3.036378e-19
5.475346e+02;3.036326e-19
5.476346e+02;3.036275e-19
5.477346e+02;3.036223e-19
5.478347e+02;3.036172e-19
5.479347e+02;3.036120e-19
5.480347e+02;3.036069e-19
5.481347e+02;3.036017e-19
5.482347e+02;3.035966e-19
5.483347e+02;3.035915e-19
5.484347e+02;3.035863e-19
5.485347e+02;3.035812e-19
5.486347e+02;3.035760e-19
5.487347e+02;3.035709e-19
5.488347e+02;3.035658e-19
5.489347e+02;3.035606e-19
5.490347e+02;3.035555e-19
5.491347e+02;3.035504e-19
5.492347e+02;3.035452e-19
5.493347e+02;3.035401e-19
5.494347e+02;3.035350e-19
5.495347e+02;3.035298e-19
5.496347e+02;3.035247e-19
5.497347e+02;3.035196e-19
5.498347e+02;3.035145e-19
5.499347e+02;3.035093e-19
5.500348e+02;3.035042e-19
5.501348e+02;3.034991e-19
5.502348e+02;3.034940e-19
5.503348e+02;3.034888e-19
5.504348e+02;3.034837e-19
5.505348e+02;3.034786e-19
5.506348e+02;3.034735e-19
5.507348e+02;3.034684e-19
5.508348e+02;3.034632e-19
5.509348e+02;3.034581e-19
5.510348e+02;3.034530e-19
5.511348e+02;3.034479e-19
5.512348e+02;3.034428e-19
5.513348e+02;3.034377e-19
5.514348e+02;3.034325e-19
5.515348e+02;3.034274e-19
5.516348e+02;3.034223e-19
5.517348e+02;3.034172e-19
5.518348e+02;3.034121e-19
5.519348e+02;3.034070e-19
5.520348e+02;3.034019e-19
5.521348e+02;3.033968e-19
5.522349e+02;3.033917e-19
5.523349e+02;3.033866e-19
5.524349e+02;3.033815e-19
5.525349e+02;3.033764e-19
5.526349e+02;3.033713e-19
5.527349e+02;3.033662e-19
5.528349e+02;3.033611e-19
5.529349e+02;3.033560e-19
5.530349e+02;3.033509e-19
5.531349e+02;3.033458e-19
5.532349e+02;3.033407e-19
5.533349e+02;3.033356e-19
5.534349e+02;3.033305e-19
5.535349e+02;3.033254e-19
5.536349e+02;3.033203e-19
5.537349e+02;3.033152e-19
5.538349e+02;3.033102e-19
5.539349e+02;3.033051e-19
5.540349e+02;3.033000e-19
5.541349e+02;3.032949e-19
5.542349e+02;3.032898e-19
5.543349e+02;3.032847e-19
5.544349e+02;3.032796e-19
5.545350e+02;3.032746e-19
5.546350e+02;3.032695e-19
5.547350e+02;3.032644e-19
5.548350e+02;3.032593e-19
5.549350e+02;3.032542e-19
5.550350e+02;3.032492e-19
5.551350e+02;3.032441e-19
5.552350e+02;3.032390e-19
5.553350e+02;3.032339e-19
5.554350e+02;3.032289e-19
5.555350e+02;3.032238e-19
5.556350e+02;3.032187e-19
5.557350e+02;3.032136e-19
5.558350e+02;3.032086e-19
5.559350e+02;3.032035e-19
5.560350e+02;3.031984e-19
5.561350e+02;3.031934e-19
5.562350e+02;3.031883e-19
5.563350e+02;3.031832e-19
5.564350e+02;3.031782e-19
5.565350e+02;3.031731e-19
5.566350e+02;3.031680e-19
5.567351e+02;3.031630e-19
5.568351e+02;3.031579e-19
5.569351e+02;3.031529e-19
5.570351e+02;3.031478e-19
5.571351e+02;3.031427e-19
5.572351e+02;3.031377e-19
5.573351e+02;3.031326e-19
5.574351e+02;3.031276e-19
5.575351e+02;3.031225e-19
5.576351e+02;3.031175e-19
5.577351e+02;3.031124e-19
5.578351e+02;3.031074e-19
5.579351e+02;3.031023e-19
5.580351e+02;3.030973e-19
5.581351e+02;3.030922e-19
5.582351e+02;3.030872e-19
5.583351e+02;3.030821e-19
5.584351e+02;3.030771e-19
5.585351e+02;3.030720e-19
5.586351e+02;3.030670e-19
5.587351e+02;3.030619e-19
5.588351e+02;3.030569e-19
5.589352e+02;3.030519e-19
5.590352e+02;3.030468e-19
5.591352e+02;3.030418e-19
5.592352e+02;3.030367e-19
5.593352e+02;3.030317e-19
5.594352e+02;3.030267e-19
5.595352e+02;3.030216e-19
5.596352e+02;3.030166e-19
5.597352e+02;3.030116e-19
5.598352e+02;3.030065e-19
5.599352e+02;3.030015e-19
5.600352e+02;3.029965e-19
5.601352e+02;3.029914e-19
5.602352e+02;3.029864e-19
5.603352e+02;3.029814e-19
5.604352e+02;3.029763e-19
5.605352e+02;3.029713e-19
5.606352e+02;3.029663e-19
5.607352e+02;3.029613e-19
5.608352e+02;3.029562e-19
5.609352e+02;3.029512e-19
5.610352e+02;3.029462e-19
5.611353e+02;3.029412e-19
5.612353e+02;3.029362e-19
5.613353e+02;3.029311e-19
5.614353e+02;3.029261e-19
5.615353e+02;3.029211e-19
5.616353e+02;3.029161e-19
5.617353e+02;3.029111e-19
5.618353e+02;3.029061e-19
5.619353e+02;3.029010e-19
5.620353e+02;3.028960e-19
5.621353e+02;3.028910e-19
5.622353e+02;3.028860e-19
5.623353e+02;3.028810e-19
5.624353e+02;3.028760e-19
5.625353e+02;3.028710e-19
5.626353e+02;3.028660e-19
5.627353e+02;3.028610e-19
5.628353e+02;3.028560e-19
5.629353e+02;3.028509e-19
5.630353e+02;3.028459e-19
5.631353e+02;3.028409e-19
5.632353e+02;3.028359e-19
5.633353e+02;3.028309e-19
5.634354e+02;3.028259e-19
5.635354e+02;3.028209e-19
5.636354e+02;3.028159e-19
5.637354e+02;3.028109e-19
5.638354e+02;3.028059e-19
5.639354e+02;3.028010e-19
5.640354e+02;3.027960e-19
5.641354e+02;3.027910e-19
5.642354e+02;3.027860e-19
5.643354e+02;3.027810e-19
5.644354e+02;3.027760e-19
5.645354e+02;3.027710e-19
5.646354e+02;3.027660e-19
5.647354e+02;3.027610e-19
5.648354e+02;3.027560e-19
5.649354e+02;3.027510e-19
5.650354e+02;3.027461e-19
5.651354e+02;3.027411e-19
5.652354e+02;3.027361e-19
5.653354e+02;3.027311e-19
5.654354e+02;3.027261e-19
5.655354e+02;3.027211e-19
5.656355e+02;3.027162e-19
5.657355e+02;3.027112e-19
5.658355e+02;3.027062e-19
5.659355e+02;3.027012e-19
5.660355e+02;3.026963e-19
5.661355e+02;3.026913e-19
5.662355e+02;3.026863e-19
5.663355e+02;3.026813e-19
5.664355e+02;3.026764e-19
5.665355e+02;3.026714e-19
5.666355e+02;3.026664e-19
5.667355e+02;3.026614e-19
5.668355e+02;3.026565e-19
5.669355e+02;3.026515e-19
5.670355e+02;3.026465e-19
5.671355e+02;3.026416e-19
5.672355e+02;3.026366e-19
5.673355e+02;3.026316e-19
5.674355e+02;3.026267e-19
5.675355e+02;3.026217e-19
5.676355e+02;3.026168e-19
5.677355e+02;3.026118e-19
5.678356e+02;3.026068e-19
5.679356e+02;3.026019e-19
5.680356e+02;3.025969e-19
5.681356e+02;3.025920e-19
5.682356e+02;3.025870e-19
5.683356e+02;3.025820e-19
5.684356e+02;3.025771e-19
5.685356e+02;3.025721e-19
5.686356e+02;3.025672e-19
5.687356e+02;3.025622e-19
5.688356e+02;3.025573e-19
5.689356e+02;3.025523e-19
5.690356e+02;3.025474e-19
5.691356e+02;3.025424e-19
5.692356e+02;3.025375e-19
5.693356e+02;3.025325e-19
5.694356e+02;3.025276e-19
5.695356e+02;3.025226e-19
5.696356e+02;3.025177e-19
5.697356e+02;3.025128e-19
5.698356e+02;3.025078e-19
5.699356e+02;3.025029e-19
5.700357e+02;3.024979e-19
5.701357e+02;3.024930e-19
5.702357e+02;3.024881e-19
5.703357e+02;3.024831e-19
5.704357e+02;3.024782e-19
5.705357e+02;3.024732e-19
5.706357e+02;3.024683e-19
5.707357e+02;3.024634e-19
5.708357e+02;3.024584e-19
5.709357e+02;3.024535e-19
5.710357e+02;3.024486e-19
5.711357e+02;3.024436e-19
5.712357e+02;3.024387e-19
5.713357e+02;3.024338e-19
5.714357e+02;3.024289e-19
5.715357e+02;3.024239e-19
5.716357e+02;3.024190e-19
5.717357e+02;3.024141e-19
5.718357e+02;3.024092e-19
5.719357e+02;3.024042e-19
5.720357e+02;3.023993e-19
5.721357e+02;3.023944e-19
5.722358e+02;3.023895e-19
5.723358e+02;3.023845e-19
5.724358e+02;3.023796e-19
5.725358e+02;3.023747e-19
5.726358e+02;3.023698e-19
5.727358e+02;3.023649e-19
5.728358e+02;3.023600e-19
5.729358e+02;3.023550e-19
5.730358e+02;3.023501e-19
5.731358e+02;3.023452e-19
5.732358e+02;3.023403e-19
5.733358e+02;3.023354e-19
5.734358e+02;3.023305e-19
5.735358e+02;3.023256e-19
5.736358e+02;3.023207e-19
5.737358e+02;3.023158e-19
5.738358e+02;3.023108e-19
5.739358e+02;3.023059e-19
5.740358e+02;3.023010e-19
5.741358e+02;3.022961e-19
5.742358e+02;3.022912e-19
5.743358e+02;3.022863e-19
5.744358e+02;3.022814e-19
5.745359e+02;3.022765e-19
5.746359e+02;3.022716e-19
5.747359e+02;3.022667e-19
5.748359e+02;3.022618e-19
5.749359e+02;3.022569e-19
5.750359e+02;3.022520e-19
5.751359e+02;3.022471e-19
5.752359e+02;3.022422e-19
5.753359e+02;3.022373e-19
5.754359e+02;3.022325e-19
5.755359e+02;3.022276e-19
5.756359e+02;3.022227e-19
5.757359e+02;3.022178e-19
5.758359e+02;3.022129e-19
5.759359e+02;3.022080e-19
5.760359e+02;3.022031e-19
5.761359e+02;3.021982e-19
5.762359e+02;3.021933e-19
5.763359e+02;3.021885e-19
5.764359e+02;3.021836e-19
5.765359e+02;3.021787e-19
5.766359e+02;3.021738e-19
5.767360e+02;3.021689e-19
5.768360e+02;3.021640e-19
5.769360e+02;3.021592e-19
5.770360e+02;3.021543e-19
5.771360e+02;3.021494e-19
5.772360e+02;3.021445e-19
5.773360e+02;3.021396e-19
5.774360e+02;3.021348e-19
5.775360e+02;3.021299e-19
5.776360e+02;3.021250e-19
5.777360e+02;3.021202e-19
5.778360e+02;3.021153e-19
5.779360e+02;3.021104e-19
5.780360e+02;3.021055e-19
5.781360e+02;3.021007e-19
5.782360e+02;3.020958e-19
5.783360e+02;3.020909e-19
5.784360e+02;3.020861e-19
5.785360e+02;3.020812e-19
5.786360e+02;3.020763e-19
5.787360e+02;3.020715e-19
5.788360e+02;3.020666e-19
5.789361e+02;3.020617e-19
5.790361e+02;3.020569e-19
5.791361e+02;3.020520e-19
5.792361e+02;3.020472e-19
5.793361e+02;3.020423e-19
5.794361e+02;3.020374e-19
5.795361e+02;3.020326e-19
5.796361e+02;3.020277e-19
5.797361e+02;3.020229e-19
5.798361e+02;3.020180e-19
5.799361e+02;3.020132e-19
5.800361e+02;3.020083e-19
5.801361e+02;3.020035e-19
5.802361e+02;3.019986e-19
5.803361e+02;3.019938e-19
5.804361e+02;3.019889e-19
5.805361e+02;3.019841e-19
5.806361e+02;3.019792e-19
5.807361e+02;3.019744e-19
5.808361e+02;3.019695e-19
5.809361e+02;3.019647e-19
5.810361e+02;3.019598e-19
5.811362e+02;3.019550e-19
5.812362e+02;3.019501e-19
5.813362e+02;3.019453e-19
5.814362e+02;3.019405e-19
5.815362e+02;3.019356e-19
5.816362e+02;3.019308e-19
5.817362e+02;3.019259e-19
5.818362e+02;3.019211e-19
5.819362e+02;3.019163e-19
5.820362e+02;3.019114e-19
5.821362e+02;3.019066e-19
5.822362e+02;3.019018e-19
5.823362e+02;3.018969e-19
5.824362e+02;3.018921e-19
5.825362e+02;3.018873e-19
5.826362e+02;3.018824e-19
5.827362e+02;3.018776e-19
5.828362e+02;3.018728e-19
5.829362e+02;3.018679e-19
5.830362e+02;3.018631e-19
5.831362e+02;3.018583e-19
5.832362e+02;3.018535e-19
5.833362e+02;3.018486e-19
5.834363e+02;3.018438e-19
5.835363e+02;3.018390e-19
5.836363e+02;3.018342e-19
5.837363e+02;3.018293e-19
5.838363e+02;3.018245e-19
5.839363e+02;3.018197e-19
5.840363e+02;3.018149e-19
5.841363e+02;3.018101e-19
5.842363e+02;3.018053e-19
5.843363e+02;3.018004e-19
5.844363e+02;3.017956e-19
5.845363e+02;3.017908e-19
5.846363e+02;3.017860e-19
5.847363e+02;3.017812e-19
5.848363e+02;3.017764e-19
5.849363e+02;3.017716e-19
5.850363e+02;3.017667e-19
5.851363e+02;3.017619e-19
5.852363e+02;3.017571e-19
5.853363e+02;3.017523e-19
5.854363e+02;3.017475e-19
5.855363e+02;3.017427e-19
5.856364e+02;3.017379e-19
5.857364e+02;3.017331e-19
5.858364e+02;3.017283e-19
5.859364e+02;3.017235e-19
5.860364e+02;3.017187e-19
5.861364e+02;3.017139e-19
5.862364e+02;3.017091e-19
5.863364e+02;3.017043e-19
5.864364e+02;3.016995e-19
5.865364e+02;3.016947e-19
5.866364e+02;3.016899e-19
5.867364e+02;3.016851e-19
5.868364e+02;3.016803e-19
5.869364e+02;3.016755e-19
5.870364e+02;3.016707e-19
5.871364e+02;3.016659e-19
5.872364e+02;3.016611e-19
5.873364e+02;3.016563e-19
5.874364e+02;3.016515e-19
5.875364e+02;3.016468e-19
5.876364e+02;3.016420e-19
5.877364e+02;3.016372e-19
5.878365e+02;3.016324e-19
5.879365e+02;3.016276e-19
5.880365e+02;3.016228e-19
5.881365e+02;3.016180e-19
5.882365e+02;3.016133e-19
5.883365e+02;3.016085e-19
5.884365e+02;3.016037e-19
5.885365e+02;3.015989e-19
5.886365e+02;3.015941e-19
5.887365e+02;3.015894e-19
5.888365e+02;3.015846e-19
5.889365e+02;3.015798e-19
5.890365e+02;3.015750e-19
5.891365e+02;3.015702e-19
5.892365e+02;3.015655e-19
5.893365e+02;3.015607e-19
5.894365e+02;3.015559e-19
5.895365e+02;3.015511e-19
5.896365e+02;3.015464e-19
5.897365e+02;3.015416e-19
5.898365e+02;3.015368e-19
5.899365e+02;3.015321e-19
5.900366e+02;3.015273e-19
5.901366e+02;3.015225e-19
5.902366e+02;3.015178e-19
5.903366e+02;3.015130e-19
5.904366e+02;3.015082e-19
5.905366e+02;3.015035e-19
5.906366e+02;3.014987e-19
5.907366e+02;3.014939e-19
5.908366e+02;3.014892e-19
5.909366e+02;3.014844e-19
5.910366e+02;3.014797e-19
5.911366e+02;3.014749e-19
5.912366e+02;3.014701e-19
5.913366e+02;3.014654e-19
5.914366e+02;3.014606e-19
5.915366e+02;3.014559e-19
5.916366e+02;3.014511e-19
5.917366e+02;3.014464e-19
5.918366e+02;3.014416e-19
5.919366e+02;3.014369e-19
5.920366e+02;3.014321e-19
5.921366e+02;3.014274e-19
5.922367e+02;3.014226e-19
5.923367e+02;3.014179e-19
5.924367e+02;3.014131e-19
5.925367e+02;3.014084e-19
5.926367e+02;3.014036e-19
5.927367e+02;3.013989e-19
5.928367e+02;3.013941e-19
5.929367e+02;3.013894e-19
5.930367e+02;3.013846e-19
5.931367e+02;3.013799e-19
5.932367e+02;3.013751e-19
5.933367e+02;3.013704e-19
5.934367e+02;3.013657e-19
5.935367e+02;3.013609e-19
5.936367e+02;3.013562e-19
5.937367e+02;3.013514e-19
5.938367e+02;3.013467e-19
5.939367e+02;3.013420e-19
5.940367e+02;3.013372e-19
5.941367e+02;3.013325e-19
5.942367e+02;3.013278e-19
5.943367e+02;3.013230e-19
5.944367e+02;3.013183e-19
5.945368e+02;3.013136e-19
5.946368e+02;3.013088e-19
5.947368e+02;3.013041e-19
5.948368e+02;3.012994e-19
5.949368e+02;3.012947e-19
5.950368e+02;3.012899e-19
5.951368e+02;3.012852e-19
5.952368e+02;3.012805e-19
5.953368e+02;3.012758e-19
5.954368e+02;3.012710e-19
5.955368e+02;3.012663e-19
5.956368e+02;3.012616e-19
5.957368e+02;3.012569e-19
5.958368e+02;3.012521e-19
5.959368e+02;3.012474e-19
5.960368e+02;3.012427e-19
5.961368e+02;3.012380e-19
5.962368e+02;3.012333e-19
5.963368e+02;3.012285e-19
5.964368e+02;3.012238e-19
5.965368e+02;3.012191e-19
5.966368e+02;3.012144e-19
5.967369e+02;3.012097e-19
5.968369e+02;3.012050e-19
5.969369e+02;3.012003e-19
5.970369e+02;3.011956e-19
5.971369e+02;3.011908e-19
5.972369e+02;3.011861e-19
5.973369e+02;3.011814e-19
5.974369e+02;3.011767e-19
5.975369e+02;3.011720e-19
5.976369e+02;3.011673e-19
5.977369e+02;3.011626e-19
5.978369e+02;3.011579e-19
5.979369e+02;3.011532e-19
5.980369e+02;3.011485e-19
5.981369e+02;3.011438e-19
5.982369e+02;3.011391e-19
5.983369e+02;3.011344e-19
5.984369e+02;3.011297e-19
5.985369e+02;3.011250e-19
5.986369e+02;3.011203e-19
5.987369e+02;3.011156e-19
5.988369e+02;3.011109e-19
5.989370e+02;3.011062e-19
5.990370e+02;3.011015e-19
5.991370e+02;3.010968e-19
5.992370e+02;3.010921e-19
5.993370e+02;3.010874e-19
5.994370e+02;3.010827e-19
5.995370e+02;3.010780e-19
5.996370e+02;3.010734e-19
5.997370e+02;3.010687e-19
5.998370e+02;3.010640e-19
5.999370e+02;3.010593e-19
6.000370e+02;3.010546e-19
6.001370e+02;3.010499e-19
6.002370e+02;3.010452e-19
6.003370e+02;3.010405e-19
6.004370e+02;3.010359e-19
6.005370e+02;3.010312e-19
6.006370e+02;3.010265e-19
6.007370e+02;3.010218e-19
6.008370e+02;3.010171e-19
6.009370e+02;3.010125e-19
6.010370e+02;3.010078e-19
6.011371e+02;3.010031e-19
6.012371e+02;3.009984e-19
6.013371e+02;3.009938e-19
6.014371e+02;3.009891e-19
6.015371e+02;3.009844e-19
6.016371e+02;3.009797e-19
6.017371e+02;3.009751e-19
6.018371e+02;3.009704e-19
6.019371e+02;3.009657e-19
6.020371e+02;3.009610e-19
6.021371e+02;3.009564e-19
6.022371e+02;3.009517e-19
6.023371e+02;3.009470e-19
6.024371e+02;3.009424e-19
6.025371e+02;3.009377e-19
6.026371e+02;3.009330e-19
6.027371e+02;3.009284e-19
6.028371e+02;3.009237e-19
6.029371e+02;3.009190e-19
6.030371e+02;3.009144e-19
6.031371e+02;3.009097e-19
6.032371e+02;3.009051e-19
6.033371e+02;3.009004e-19
6.034372e+02;3.008957e-19
6.035372e+02;3.008911e-19
6.036372e+02;3.008864e-19
6.037372e+02;3.008818e-19
6.038372e+02;3.008771e-19
6.039372e+02;3.008725e-19
6.040372e+02;3.008678e-19
6.041372e+02;3.008631e-19
6.042372e+02;3.008585e-19
6.043372e+02;3.008538e-19
6.044372e+02;3.008492e-19
6.045372e+02;3.008445e-19
6.046372e+02;3.008399e-19
6.047372e+02;3.008352e-19
6.048372e+02;3.008306e-19
6.049372e+02;3.008259e-19
6.050372e+02;3.008213e-19
6.051372e+02;3.008166e-19
6.052372e+02;3.008120e-19
6.053372e+02;3.008074e-19
6.054372e+02;3.008027e-19
6.055372e+02;3.007981e-19
6.056373e+02;3.007934e-19
6.057373e+02;3.007888e-19
6.058373e+02;3.007841e-19
6.059373e+02;3.007795e-19
6.060373e+02;3.007749e-19
6.061373e+02;3.007702e-19
6.062373e+02;3.007656e-19
6.063373e+02;3.007610e-19
6.064373e+02;3.007563e-19
6.065373e+02;3.007517e-19
6.066373e+02;3.007471e-19
6.067373e+02;3.007424e-19
6.068373e+02;3.007378e-19
6.069373e+02;3.007332e-19
6.070373e+02;3.007285e-19
6.071373e+02;3.007239e-19
6.072373e+02;3.007193e-19
6.073373e+02;3.007146e-19
6.074373e+02;3.007100e-19
6.075373e+02;3.007054e-19
6.076373e+02;3.007008e-19
6.077373e+02;3.006961e-19
6.078374e+02;3.006915e-19
6.079374e+02;3.006869e-19
6.080374e+02;3.006823e-19
6.081374e+02;3.006776e-19
6.082374e+02;3.006730e-19
6.083374e+02;3.006684e-19
6.084374e+02;3.006638e-19
6.085374e+02;3.006592e-19
6.086374e+02;3.006545e-19
6.087374e+02;3.006499e-19
6.088374e+02;3.006453e-19
6.089374e+02;3.006407e-19
6.090374e+02;3.006361e-19
6.091374e+02;3.006315e-19
6.092374e+02;3.006268e-19
6.093374e+02;3.006222e-19
6.094374e+02;3.006176e-19
6.095374e+02;3.006130e-19
6.096374e+02;3.006084e-19
6.097374e+02;3.006038e-19
6.098374e+02;3.005992e-19
6.099374e+02;3.005946e-19
6.100375e+02;3.005900e-19
6.101375e+02;3.005854e-19
6.102375e+02;3.005807e-19
6.103375e+02;3.005761e-19
6.104375e+02;3.005715e-19
6.105375e+02;3.005669e-19
6.106375e+02;3.005623e-19
6.107375e+02;3.005577e-19
6.108375e+02;3.005531e-19
6.109375e+02;3.005485e-19
6.110375e+02;3.005439e-19
6.111375e+02;3.005393e-19
6.112375e+02;3.005347e-19
6.113375e+02;3.005301e-19
6.114375e+02;3.005255e-19
6.115375e+02;3.005209e-19
6.116375e+02;3.005163e-19
6.117375e+02;3.005118e-19
6.118375e+02;3.005072e-19
6.119375e+02;3.005026e-19
6.120375e+02;3.004980e-19
6.121375e+02;3.004934e-19
6.122376e+02;3.004888e-19
6.123376e+02;3.004842e-19
6.124376e+02;3.004796e-19
6.125376e+02;3.004750e-19
6.126376e+02;3.004704e-19
6.127376e+02;3.004659e-19
6.128376e+02;3.004613e-19
6.129376e+02;3.004567e-19
6.130376e+02;3.004521e-19
6.131376e+02;3.004475e-19
6.132376e+02;3.004429e-19
6.133376e+02;3.004384e-19
6.134376e+02;3.004338e-19
6.135376e+02;3.004292e-19
6.136376e+02;3.004246e-19
6.137376e+02;3.004200e-19
6.138376e+02;3.004155e-19
6.139376e+02;3.004109e-19
6.140376e+02;3.004063e-19
6.141376e+02;3.004017e-19
6.142376e+02;3.003971e-19
6.143376e+02;3.003926e-19
6.144376e+02;3.003880e-19
6.145377e+02;3.003834e-19
6.146377e+02;3.003789e-19
6.147377e+02;3.003743e-19
6.148377e+02;3.003697e-19
6.149377e+02;3.003651e-19
6.150377e+02;3.003606e-19
6.151377e+02;3.003560e-19
6.152377e+02;3.003514e-19
6.153377e+02;3.003469e-19
6.154377e+02;3.003423e-19
6.155377e+02;3.003377e-19
6.156377e+02;3.003332e-19
6.157377e+02;3.003286e-19
6.158377e+02;3.003241e-19
6.159377e+02;3.003195e-19
6.160377e+02;3.003149e-19
6.161377e+02;3.003104e-19
6.162377e+02;3.003058e-19
6.163377e+02;3.003013e-19
6.164377e+02;3.002967e-19
6.165377e+02;3.002921e-19
6.166377e+02;3.002876e-19
6.167378e+02;3.002830e-19
6.168378e+02;3.002785e-19
6.169378e+02;3.002739e-19
6.170378e+02;3.002694e-19
6.171378e+02;3.002648e-19
6.172378e+02;3.002603e-19
6.173378e+02;3.002557e-19
6.174378e+02;3.002512e-19
6.175378e+02;3.002466e-19
6.176378e+02;3.002421e-19
6.177378e+02;3.002375e-19
6.178378e+02;3.002330e-19
6.179378e+02;3.002284e-19
6.180378e+02;3.002239e-19
6.181378e+02;3.002193e-19
6.182378e+02;3.002148e-19
6.183378e+02;3.002102e-19
6.184378e+02;3.002057e-19
6.185378e+02;3.002012e-19
6.186378e+02;3.001966e-19
6.187378e+02;3.001921e-19
6.188378e+02;3.001875e-19
6.189379e+02;3.001830e-19
6.190379e+02;3.001785e-19
6.191379e+02;3.001739e-19
6.192379e+02;3.001694e-19
6.193379e+02;3.001648e-19
6.194379e+02;3.001603e-19
6.195379e+02;3.001558e-19
6.196379e+02;3.001512e-19
6.197379e+02;3.001467e-19
6.198379e+02;3.001422e-19
6.199379e+02;3.001376e-19
6.200379e+02;3.001331e-19
6.201379e+02;3.001286e-19
6.202379e+02;3.001241e-19
6.203379e+02;3.001195e-19
6.204379e+02;3.001150e-19
6.205379e+02;3.001105e-19
6.206379e+02;3.001059e-19
6.207379e+02;3.001014e-19
6.208379e+02;3.000969e-19
6.209379e+02;3.000924e-19
6.210379e+02;3.000878e-19
6.211380e+02;3.000833e-19
6.212380e+02;3.000788e-19
6.213380e+02;3.000743e-19
6.214380e+02;3.000698e-19
6.215380e+02;3.000652e-19
6.216380e+02;3.000607e-19
6.217380e+02;3.000562e-19
6.218380e+02;3.000517e-19
6.219380e+02;3.000472e-19
6.220380e+02;3.000427e-19
6.221380e+02;3.000381e-19
6.222380e+02;3.000336e-19
6.223380e+02;3.000291e-19
6.224380e+02;3.000246e-19
6.225380e+02;3.000201e-19
6.226380e+02;3.000156e-19
6.227380e+02;3.000111e-19
6.228380e+02;3.000066e-19
6.229380e+02;3.000020e-19
6.230380e+02;2.999975e-19
6.231380e+02;2.999930e-19
6.232380e+02;2.999885e-19
6.233380e+02;2.999840e-19
6.234381e+02;2.999795e-19
6.235381e+02;2.999750e-19
6.236381e+02;2.999705e-19
6.237381e+02;2.999660e-19
6.238381e+02;2.999615e-19
6.239381e+02;2.999570e-19
6.240381e+02;2.999525e-19
6.241381e+02;2.999480e-19
6.242381e+02;2.999435e-19
6.243381e+02;2.999390e-19
6.244381e+02;2.999345e-19
6.245381e+02;2.999300e-19
6.246381e+02;2.999255e-19
6.247381e+02;2.999210e-19
6.248381e+02;2.999165e-19
6.249381e+02;2.999120e-19
6.250381e+02;2.999075e-19
6.251381e+02;2.999030e-19
6.252381e+02;2.998985e-19
6.253381e+02;2.998941e-19
6.254381e+02;2.998896e-19
6.255381e+02;2.998851e-19
6.256382e+02;2.998806e-19
6.257382e+02;2.998761e-19
6.258382e+02;2.998716e-19
6.259382e+02;2.998671e-19
6.260382e+02;2.998626e-19
6.261382e+02;2.998582e-19
6.262382e+02;2.998537e-19
6.263382e+02;2.998492e-19
6.264382e+02;2.998447e-19
6.265382e+02;2.998402e-19
6.266382e+02;2.998357e-19
6.267382e+02;2.998313e-19
6.268382e+02;2.998268e-19
6.269382e+02;2.998223e-19
6.270382e+02;2.998178e-19
6.271382e+02;2.998133e-19
6.272382e+02;2.998089e-19
6.273382e+02;2.998044e-19
6.274382e+02;2.997999e-19
6.275382e+02;2.997954e-19
6.276382e+02;2.997910e-19
6.277382e+02;2.997865e-19
6.278383e+02;2.997820e-19
6.279383e+02;2.997775e-19
6.280383e+02;2.997731e-19
6.281383e+02;2.997686e-19
6.282383e+02;2.997641e-19
6.283383e+02;2.997597e-19
6.284383e+02;2.997552e-19
6.285383e+02;2.997507e-19
6.286383e+02;2.997463e-19
6.287383e+02;2.997418e-19
6.288383e+02;2.997373e-19
6.289383e+02;2.997329e-19
6.290383e+02;2.997284e-19
6.291383e+02;2.997239e-19
6.292383e+02;2.997195e-19
6.293383e+02;2.997150e-19
6.294383e+02;2.997106e-19
6.295383e+02;2.997061e-19
6.296383e+02;2.997016e-19
6.297383e+02;2.996972e-19
6.298383e+02;2.996927e-19
6.299383e+02;2.996883e-19
6.300384e+02;2.996838e-19
6.301384e+02;2.996794e-19
6.302384e+02;2.996749e-19
6.303384e+02;2.996704e-19
6.304384e+02;2.996660e-19
6.305384e+02;2.996615e-19
6.306384e+02;2.996571e-19
6.307384e+02;2.996526e-19
6.308384e+02;2.996482e-19
6.309384e+02;2.996437e-19
6.310384e+02;2.996393e-19
6.311384e+02;2.996348e-19
6.312384e+02;2.996304e-19
6.313384e+02;2.996259e-19
6.314384e+02;2.996215e-19
6.315384e+02;2.996170e-19
6.316384e+02;2.996126e-19
6.317384e+02;2.996082e-19
6.318384e+02;2.996037e-19
6.319384e+02;2.995993e-19
6.320384e+02;2.995948e-19
6.321384e+02;2.995904e-19
6.322385e+02;2.995860e-19
6.323385e+02;2.995815e-19
6.324385e+02;2.995771e-19
6.325385e+02;2.995726e-19
6.326385e+02;2.995682e-19
6.327385e+02;2.995638e-19
6.328385e+02;2.995593e-19
6.329385e+02;2.995549e-19
6.330385e+02;2.995505e-19
6.331385e+02;2.995460e-19
6.332385e+02;2.995416e-19
6.333385e+02;2.995372e-19
6.334385e+02;2.995327e-19
6.335385e+02;2.995283e-19
6.336385e+02;2.995239e-19
6.337385e+02;2.995194e-19
6.338385e+02;2.995150e-19
6.339385e+02;2.995106e-19
6.340385e+02;2.995061e-19
6.341385e+02;2.995017e-19
6.342385e+02;2.994973e-19
6.343385e+02;2.994929e-19
6.344385e+02;2.994884e-19
6.345386e+02;2.994840e-19
6.346386e+02;2.994796e-19
6.347386e+02;2.994752e-19
6.348386e+02;2.994708e-19
6.349386e+02;2.994663e-19
6.350386e+02;2.994619e-19
6.351386e+02;2.994575e-19
6.352386e+02;2.994531e-19
6.353386e+02;2.994487e-19
6.354386e+02;2.994442e-19
6.355386e+02;2.994398e-19
6.356386e+02;2.994354e-19
6.357386e+02;2.994310e-19
6.358386e+02;2.994266e-19
6.359386e+02;2.994222e-19
6.360386e+02;2.994178e-19
6.361386e+02;2.994133e-19
6.362386e+02;2.994089e-19
6.363386e+02;2.994045e-19
6.364386e+02;2.994001e-19
6.365386e+02;2.993957e-19
6.366386e+02;2.993913e-19
6.367387e+02;2.993869e-19
6.368387e+02;2.993825e-19
6.369387e+02;2.993781e-19
6.370387e+02;2.993737e-19
6.371387e+02;2.993693e-19
6.372387e+02;2.993649e-19
6.373387e+02;2.993604e-19
6.374387e+02;2.993560e-19
6.375387e+02;2.993516e-19
6.376387e+02;2.993472e-19
6.377387e+02;2.993428e-19
6.378387e+02;2.993384e-19
6.379387e+02;2.993340e-19
6.380387e+02;2.993296e-19
6.381387e+02;2.993252e-19
6.382387e+02;2.993208e-19
6.383387e+02;2.993165e-19
6.384387e+02;2.993121e-19
6.385387e+02;2.993077e-19
6.386387e+02;2.993033e-19
6.387387e+02;2.992989e-19
6.388387e+02;2.992945e-19
6.389388e+02;2.992901e-19
6.390388e+02;2.992857e-19
6.391388e+02;2.992813e-19
6.392388e+02;2.992769e-19
6.393388e+02;2.992725e-19
6.394388e+02;2.992681e-19
6.395388e+02;2.992637e-19
6.396388e+02;2.992594e-19
6.397388e+02;2.992550e-19
6.398388e+02;2.992506e-19
6.399388e+02;2.992462e-19
6.400388e+02;2.992418e-19
6.401388e+02;2.992374e-19
6.402388e+02;2.992331e-19
6.403388e+02;2.992287e-19
6.404388e+02;2.992243e-19
6.405388e+02;2.992199e-19
6.406388e+02;2.992155e-19
6.407388e+02;2.992111e-19
6.408388e+02;2.992068e-19
6.409388e+02;2.992024e-19
6.410388e+02;2.991980e-19
6.411389e+02;2.991936e-19
6.412389e+02;2.991893e-19
6.413389e+02;2.991849e-19
6.414389e+02;2.991805e-19
6.415389e+02;2.991761e-19
6.416389e+02;2.991718e-19
6.417389e+02;2.991674e-19
6.418389e+02;2.991630e-19
6.419389e+02;2.991586e-19
6.420389e+02;2.991543e-19
6.421389e+02;2.991499e-19
6.422389e+02;2.991455e-19
6.423389e+02;2.991412e-19
6.424389e+02;2.991368e-19
6.425389e+02;2.991324e-19
6.426389e+02;2.991281e-19
6.427389e+02;2.991237e-19
6.428389e+02;2.991193e-19
6.429389e+02;2.991150e-19
6.430389e+02;2.991106e-19
6.431389e+02;2.991063e-19
6.432389e+02;2.991019e-19
6.433389e+02;2.990975e-19
6.434390e+02;2.990932e-19
6.435390e+02;2.990888e-19
6.436390e+02;2.990844e-19
6.437390e+02;2.990801e-19
6.438390e+02;2.990757e-19
6.439390e+02;2.990714e-19
6.440390e+02;2.990670e-19
6.441390e+02;2.990627e-19
6.442390e+02;2.990583e-19
6.443390e+02;2.990540e-19
6.444390e+02;2.990496e-19
6.445390e+02;2.990452e-19
6.446390e+02;2.990409e-19
6.447390e+02;2.990365e-19
6.448390e+02;2.990322e-19
6.449390e+02;2.990278e-19
6.450390e+02;2.990235e-19
6.451390e+02;2.990191e-19
6.452390e+02;2.990148e-19
6.453390e+02;2.990105e-19
6.454390e+02;2.990061e-19
6.455390e+02;2.990018e-19
6.456391e+02;2.989974e-19
6.457391e+02;2.989931e-19
6.458391e+02;2.989887e-19
6.459391e+02;2.989844e-19
6.460391e+02;2.989800e-19
6.461391e+02;2.989757e-19
6.462391e+02;2.989714e-19
6.463391e+02;2.989670e-19
6.464391e+02;2.989627e-19
6.465391e+02;2.989583e-19
6.466391e+02;2.989540e-19
6.467391e+02;2.989497e-19
6.468391e+02;2.989453e-19
6.469391e+02;2.989410e-19
6.470391e+02;2.989367e-19
6.471391e+02;2.989323e-19
6.472391e+02;2.989280e-19
6.473391e+02;2.989237e-19
6.474391e+02;2.989193e-19
6.475391e+02;2.989150e-19
6.476391e+02;2.989107e-19
6.477391e+02;2.989063e-19
6.478392e+02;2.989020e-19
6.479392e+02;2.988977e-19
6.480392e+02;2.988933e-19
6.481392e+02;2.988890e-19
6.482392e+02;2.988847e-19
6.483392e+02;2.988804e-19
6.484392e+02;2.988760e-19
6.485392e+02;2.988717e-19
6.486392e+02;2.988674e-19
6.487392e+02;2.988631e-19
6.488392e+02;2.988587e-19
6.489392e+02;2.988544e-19
6.490392e+02;2.988501e-19
6.491392e+02;2.988458e-19
6.492392e+02;2.988415e-19
6.493392e+02;2.988371e-19
6.494392e+02;2.988328e-19
6.495392e+02;2.988285e-19
6.496392e+02;2.988242e-19
6.497392e+02;2.988199e-19
6.498392e+02;2.988155e-19
6.499392e+02;2.988112e-19
6.500393e+02;2.988069e-19
6.501393e+02;2.988026e-19
6.502393e+02;2.987983e-19
6.503393e+02;2.987940e-19
6.504393e+02;2.987897e-19
6.505393e+02;2.987854e-19
6.506393e+02;2.987810e-19
6.507393e+02;2.987767e-19
6.508393e+02;2.987724e-19
6.509393e+02;2.987681e-19
6.510393e+02;2.987638e-19
6.511393e+02;2.987595e-19
6.512393e+02;2.987552e-19
6.513393e+02;2.987509e-19
6.514393e+02;2.987466e-19
6.515393e+02;2.987423e-19
6.516393e+02;2.987380e-19
6.517393e+02;2.987337e-19
6.518393e+02;2.987294e-19
6.519393e+02;2.987251e-19
6.520393e+02;2.987208e-19
6.521393e+02;2.987165e-19
6.522394e+02;2.987122e-19
6.523394e+02;2.987079e-19
6.524394e+02;2.987036e-19
6.525394e+02;2.986993e-19
6.526394e+02;2.986950e-19
6.527394e+02;2.986907e-19
6.528394e+02;2.986864e-19
6.529394e+02;2.986821e-19
6.530394e+02;2.986778e-19
6.531394e+02;2.986735e-19
6.532394e+02;2.986692e-19
6.533394e+02;2.986649e-19
6.534394e+02;2.986606e-19
6.535394e+02;2.986563e-19
6.536394e+02;2.986520e-19
6.537394e+02;2.986478e-19
6.538394e+02;2.986435e-19
6.539394e+02;2.986392e-19
6.540394e+02;2.986349e-19
6.541394e+02;2.986306e-19
6.542394e+02;2.986263e-19
6.543394e+02;2.986220e-19
6.544394e+02;2.986178e-19
6.545395e+02;2.986135e-19
6.546395e+02;2.986092e-19
6.547395e+02;2.986049e-19
6.548395e+02;2.986006e-19
6.549395e+02;2.985963e-19
6.550395e+02;2.985921e-19
6.551395e+02;2.985878e-19
6.552395e+02;2.985835e-19
6.553395e+02;2.985792e-19
6.554395e+02;2.985749e-19
6.555395e+02;2.985707e-19
6.556395e+02;2.985664e-19
6.557395e+02;2.985621e-19
6.558395e+02;2.985578e-19
6.559395e+02;2.985536e-19
6.560395e+02;2.985493e-19
6.561395e+02;2.985450e-19
6.562395e+02;2.985407e-19
6.563395e+02;2.985365e-19
6.564395e+02;2.985322e-19
6.565395e+02;2.985279e-19
6.566395e+02;2.985237e-19
6.567396e+02;2.985194e-19
6.568396e+02;2.985151e-19
6.569396e+02;2.985109e-19
6.570396e+02;2.985066e-19
6.571396e+02;2.985023e-19
6.572396e+02;2.984981e-19
6.573396e+02;2.984938e-19
6.574396e+02;2.984895e-19
6.575396e+02;2.984853e-19
6.576396e+02;2.984810e-19
6.577396e+02;2.984767e-19
6.578396e+02;2.984725e-19
6.579396e+02;2.984682e-19
6.580396e+02;2.984640e-19
6.581396e+02;2.984597e-19
6.582396e+02;2.984554e-19
6.583396e+02;2.984512e-19
6.584396e+02;2.984469e-19
6.585396e+02;2.984427e-19
6.586396e+02;2.984384e-19
6.587396e+02;2.984342e-19
6.588396e+02;2.984299e-19
6.589397e+02;2.984256e-19
6.590397e+02;2.984214e-19
6.591397e+02;2.984171e-19
6.592397e+02;2.984129e-19
6.593397e+02;2.984086e-19
6.594397e+02;2.984044e-19
6.595397e+02;2.984001e-19
6.596397e+02;2.983959e-19
6.597397e+02;2.983916e-19
6.598397e+02;2.983874e-19
6.599397e+02;2.983831e-19
6.600397e+02;2.983789e-19
6.601397e+02;2.983746e-19
6.602397e+02;2.983704e-19
6.603397e+02;2.983662e-19
6.604397e+02;2.983619e-19
6.605397e+02;2.983577e-19
6.606397e+02;2.983534e-19
6.607397e+02;2.983492e-19
6.608397e+02;2.983449e-19
6.609397e+02;2.983407e-19
6.610397e+02;2.983365e-19
6.611398e+02;2.983322e-19
6.612398e+02;2.983280e-19
6.613398e+02;2.983237e-19
6.614398e+02;2.983195e-19
6.615398e+02;2.983153e-19
6.616398e+02;2.983110e-19
6.617398e+02;2.983068e-19
6.618398e+02;2.983026e-19
6.619398e+02;2.982983e-19
6.620398e+02;2.982941e-19
6.621398e+02;2.982899e-19
6.622398e+02;2.982856e-19
6.623398e+02;2.982814e-19
6.624398e+02;2.982772e-19
6.625398e+02;2.982729e-19
6.626398e+02;2.982687e-19
6.627398e+02;2.982645e-19
6.628398e+02;2.982602e-19
6.629398e+02;2.982560e-19
6.630398e+02;2.982518e-19
6.631398e+02;2.982476e-19
6.632398e+02;2.982433e-19
6.633398e+02;2.982391e-19
6.634399e+02;2.982349e-19
6.635399e+02;2.982307e-19
6.636399e+02;2.982264e-19
6.637399e+02;2.982222e-19
6.638399e+02;2.982180e-19
6.639399e+02;2.982138e-19
6.640399e+02;2.982096e-19
6.641399e+02;2.982053e-19
6.642399e+02;2.982011e-19
6.643399e+02;2.981969e-19
6.644399e+02;2.981927e-19
6.645399e+02;2.981885e-19
6.646399e+02;2.981842e-19
6.647399e+02;2.981800e-19
6.648399e+02;2.981758e-19
6.649399e+02;2.981716e-19
6.650399e+02;2.981674e-19
6.651399e+02;2.981632e-19
6.652399e+02;2.981590e-19
6.653399e+02;2.981548e-19
6.654399e+02;2.981505e-19
6.655399e+02;2.981463e-19
6.656400e+02;2.981421e-19
6.657400e+02;2.981379e-19
6.658400e+02;2.981337e-19
6.659400e+02;2.981295e-19
6.660400e+02;2.981253e-19
6.661400e+02;2.981211e-19
6.662400e+02;2.981169e-19
6.663400e+02;2.981127e-19
6.664400e+02;2.981085e-19
6.665400e+02;2.981043e-19
6.666400e+02;2.981001e-19
6.667400e+02;2.980959e-19
6.668400e+02;2.980917e-19
6.669400e+02;2.980875e-19
6.670400e+02;2.980833e-19
6.671400e+02;2.980791e-19
6.672400e+02;2.980749e-19
6.673400e+02;2.980707e-19
6.674400e+02;2.980665e-19
6.675400e+02;2.980623e-19
6.676400e+02;2.980581e-19
6.677400e+02;2.980539e-19
6.678401e+02;2.980497e-19
6.679401e+02;2.980455e-19
6.680401e+02;2.980413e-19
6.681401e+02;2.980371e-19
6.682401e+02;2.980329e-19
6.683401e+02;2.980287e-19
6.684401e+02;2.980245e-19
6.685401e+02;2.980203e-19
6.686401e+02;2.980161e-19
6.687401e+02;2.980119e-19
6.688401e+02;2.980077e-19
6.689401e+02;2.980036e-19
6.690401e+02;2.979994e-19
6.691401e+02;2.979952e-19
6.692401e+02;2.979910e-19
6.693401e+02;2.979868e-19
6.694401e+02;2.979826e-19
6.695401e+02;2.979784e-19
6.696401e+02;2.979743e-19
6.697401e+02;2.979701e-19
6.698401e+02;2.979659e-19
6.699401e+02;2.979617e-19
6.700402e+02;2.979575e-19
6.701402e+02;2.979534e-19
6.702402e+02;2.979492e-19
6.703402e+02;2.979450e-19
6.704402e+02;2.979408e-19
6.705402e+02;2.979366e-19
6.706402e+02;2.979325e-19
6.707402e+02;2.979283e-19
6.708402e+02;2.979241e-19
6.709402e+02;2.979199e-19
6.710402e+02;2.979158e-19
6.711402e+02;2.979116e-19
6.712402e+02;2.979074e-19
6.713402e+02;2.979032e-19
6.714402e+02;2.978991e-19
6.715402e+02;2.978949e-19
6.716402e+02;2.978907e-19
6.717402e+02;2.978866e-19
6.718402e+02;2.978824e-19
6.719402e+02;2.978782e-19
6.720402e+02;2.978740e-19
6.721402e+02;2.978699e-19
6.722403e+02;2.978657e-19
6.723403e+02;2.978615e-19
6.724403e+02;2.978574e-19
6.725403e+02;2.978532e-19
6.726403e+02;2.978490e-19
6.727403e+02;2.978449e-19
6.728403e+02;2.978407e-19
6.729403e+02;2.978366e-19
6.730403e+02;2.978324e-19
6.731403e+02;2.978282e-19
6.732403e+02;2.978241e-19
6.733403e+02;2.978199e-19
6.734403e+02;2.978158e-19
6.735403e+02;2.978116e-19
6.736403e+02;2.978074e-19
6.737403e+02;2.978033e-19
6.738403e+02;2.977991e-19
6.739403e+02;2.977950e-19
6.740403e+02;2.977908e-19
6.741403e+02;2.977867e-19
6.742403e+02;2.977825e-19
6.743403e+02;2.977784e-19
6.744403e+02;2.977742e-19
6.745404e+02;2.977700e-19
6.746404e+02;2.977659e-19
6.747404e+02;2.977617e-19
6.748404e+02;2.977576e-19
6.749404e+02;2.977534e-19
6.750404e+02;2.977493e-19
6.751404e+02;2.977451e-19
6.752404e+02;2.977410e-19
6.753404e+02;2.977369e-19
6.754404e+02;2.977327e-19
6.755404e+02;2.977286e-19
6.756404e+02;2.977244e-19
6.757404e+02;2.977203e-19
6.758404e+02;2.977161e-19
6.759404e+02;2.977120e-19
6.760404e+02;2.977078e-19
6.761404e+02;2.977037e-19
6.762404e+02;2.976996e-19
6.763404e+02;2.976954e-19
6.764404e+02;2.976913e-19
6.765404e+02;2.976871e-19
6.766404e+02;2.976830e-19
6.767405e+02;2.976789e-19
6.768405e+02;2.976747e-19
6.769405e+02;2.976706e-19
6.770405e+02;2.976664e-19
6.771405e+02;2.976623e-19
6.772405e+02;2.976582e-19
6.773405e+02;2.976540e-19
6.774405e+02;2.976499e-19
6.775405e+02;2.976458e-19
6.776405e+02;2.976416e-19
6.777405e+02;2.976375e-19
6.778405e+02;2.976334e-19
6.779405e+02;2.976292e-19
6.780405e+02;2.976251e-19
6.781405e+02;2.976210e-19
6.782405e+02;2.976169e-19
6.783405e+02;2.976127e-19
6.784405e+02;2.976086e-19
6.785405e+02;2.976045e-19
6.786405e+02;2.976004e-19
6.787405e+02;2.975962e-19
6.788405e+02;2.975921e-19
6.789406e+02;2.975880e-19
6.790406e+02;2.975839e-19
6.791406e+02;2.975797e-19
6.792406e+02;2.975756e-19
6.793406e+02;2.975715e-19
6.794406e+02;2.975674e-19
6.795406e+02;2.975632e-19
6.796406e+02;2.975591e-19
6.797406e+02;2.975550e-19
6.798406e+02;2.975509e-19
6.799406e+02;2.975468e-19
6.800406e+02;2.975426e-19
6.801406e+02;2.975385e-19
6.802406e+02;2.975344e-19
6.803406e+02;2.975303e-19
6.804406e+02;2.975262e-19
6.805406e+02;2.975221e-19
6.806406e+02;2.975180e-19
6.807406e+02;2.975138e-19
6.808406e+02;2.975097e-19
6.809406e+02;2.975056e-19
6.810406e+02;2.975015e-19
6.811407e+02;2.974974e-19
6.812407e+02;2.974933e-19
6.813407e+02;2.974892e-19
6.814407e+02;2.974851e-19
6.815407e+02;2.974810e-19
6.816407e+02;2.974769e-19
6.817407e+02;2.974727e-19
6.818407e+02;2.974686e-19
6.819407e+02;2.974645e-19
6.820407e+02;2.974604e-19
6.821407e+02;2.974563e-19
6.822407e+02;2.974522e-19
6.823407e+02;2.974481e-19
6.824407e+02;2.974440e-19
6.825407e+02;2.974399e-19
6.826407e+02;2.974358e-19
6.827407e+02;2.974317e-19
6.828407e+02;2.974276e-19
6.829407e+02;2.974235e-19
6.830407e+02;2.974194e-19
6.831407e+02;2.974153e-19
6.832407e+02;2.974112e-19
6.833408e+02;2.974071e-19
6.834408e+02;2.974030e-19
6.835408e+02;2.973989e-19
6.836408e+02;2.973948e-19
6.837408e+02;2.973907e-19
6.838408e+02;2.973867e-19
6.839408e+02;2.973826e-19
6.840408e+02;2.973785e-19
6.841408e+02;2.973744e-19
6.842408e+02;2.973703e-19
6.843408e+02;2.973662e-19
6.844408e+02;2.973621e-19
6.845408e+02;2.973580e-19
6.846408e+02;2.973539e-19
6.847408e+02;2.973498e-19
6.848408e+02;2.973457e-19
6.849408e+02;2.973417e-19
6.850408e+02;2.973376e-19
6.851408e+02;2.973335e-19
6.852408e+02;2.973294e-19
6.853408e+02;2.973253e-19
6.854408e+02;2.973212e-19
6.855408e+02;2.973172e-19
6.856409e+02;2.973131e-19
6.857409e+02;2.973090e-19
6.858409e+02;2.973049e-19
6.859409e+02;2.973008e-19
6.860409e+02;2.972967e-19
6.861409e+02;2.972927e-19
6.862409e+02;2.972886e-19
6.863409e+02;2.972845e-19
6.864409e+02;2.972804e-19
6.865409e+02;2.972764e-19
6.866409e+02;2.972723e-19
6.867409e+02;2.972682e-19
6.868409e+02;2.972641e-19
6.869409e+02;2.972601e-19
6.870409e+02;2.972560e-19
6.871409e+02;2.972519e-19
6.872409e+02;2.972478e-19
6.873409e+02;2.972438e-19
6.874409e+02;2.972397e-19
6.875409e+02;2.972356e-19
6.876409e+02;2.972316e-19
6.877409e+02;2.972275e-19
6.878410e+02;2.972234e-19
6.879410e+02;2.972193e-19
6.880410e+02;2.972153e-19
6.881410e+02;2.972112e-19
6.882410e+02;2.972071e-19
6.883410e+02;2.972031e-19
6.884410e+02;2.971990e-19
6.885410e+02;2.971949e-19
6.886410e+02;2.971909e-19
6.887410e+02;2.971868e-19
6.888410e+02;2.971828e-19
6.889410e+02;2.971787e-19
6.890410e+02;2.971746e-19
6.891410e+02;2.971706e-19
6.892410e+02;2.971665e-19
6.893410e+02;2.971625e-19
6.894410e+02;2.971584e-19
6.895410e+02;2.971543e-19
6.896410e+02;2.971503e-19
6.897410e+02;2.971462e-19
6.898410e+02;2.971422e-19
6.899410e+02;2.971381e-19
6.900411e+02;2.971341e-19
6.901411e+02;2.971300e-19
6.902411e+02;2.971259e-19
6.903411e+02;2.971219e-19
6.904411e+02;2.971178e-19
6.905411e+02;2.971138e-19
6.906411e+02;2.971097e-19
6.907411e+02;2.971057e-19
6.908411e+02;2.971016e-19
6.909411e+02;2.970976e-19
6.910411e+02;2.970935e-19
6.911411e+02;2.970895e-19
6.912411e+02;2.970854e-19
6.913411e+02;2.970814e-19
6.914411e+02;2.970773e-19
6.915411e+02;2.970733e-19
6.916411e+02;2.970692e-19
6.917411e+02;2.970652e-19
6.918411e+02;2.970612e-19
6.919411e+02;2.970571e-19
6.920411e+02;2.970531e-19
6.921411e+02;2.970490e-19
6.922412e+02;2.970450e-19
6.923412e+02;2.970409e-19
6.924412e+02;2.970369e-19
6.925412e+02;2.970329e-19
6.926412e+02;2.970288e-19
6.927412e+02;2.970248e-19
6.928412e+02;2.970207e-19
6.929412e+02;2.970167e-19
6.930412e+02;2.970127e-19
6.931412e+02;2.970086e-19
6.932412e+02;2.970046e-19
6.933412e+02;2.970006e-19
6.934412e+02;2.969965e-19
6.935412e+02;2.969925e-19
6.936412e+02;2.969885e-19
6.937412e+02;2.969844e-19
6.938412e+02;2.969804e-19
6.939412e+02;2.969764e-19
6.940412e+02;2.969723e-19
6.941412e+02;2.969683e-19
6.942412e+02;2.969643e-19
6.943412e+02;2.969602e-19
6.944412e+02;2.969562e-19
6.945413e+02;2.969522e-19
6.946413e+02;2.969482e-19
6.947413e+02;2.969441e-19
6.948413e+02;2.969401e-19
6.949413e+02;2.969361e-19
6.950413e+02;2.969321e-19
6.951413e+02;2.969280e-19
6.952413e+02;2.969240e-19
6.953413e+02;2.969200e-19
6.954413e+02;2.969160e-19
6.955413e+02;2.969119e-19
6.956413e+02;2.969079e-19
6.957413e+02;2.969039e-19
6.958413e+02;2.968999e-19
6.959413e+02;2.968959e-19
6.960413e+02;2.968918e-19
6.961413e+02;2.968878e-19
6.962413e+02;2.968838e-19
6.963413e+02;2.968798e-19
6.964413e+02;2.968758e-19
6.965413e+02;2.968718e-19
6.966413e+02;2.968677e-19
6.967414e+02;2.968637e-19
6.968414e+02;2.968597e-19
6.969414e+02;2.968557e-19
6.970414e+02;2.968517e-19
6.971414e+02;2.968477e-19
6.972414e+02;2.968437e-19
6.973414e+02;2.968396e-19
6.974414e+02;2.968356e-19
6.975414e+02;2.968316e-19
6.976414e+02;2.968276e-19
6.977414e+02;2.968236e-19
6.978414e+02;2.968196e-19
6.979414e+02;2.968156e-19
6.980414e+02;2.968116e-19
6.981414e+02;2.968076e-19
6.982414e+02;2.968036e-19
6.983414e+02;2.967996e-19
6.984414e+02;2.967956e-19
6.985414e+02;2.967916e-19
6.986414e+02;2.967876e-19
6.987414e+02;2.967835e-19
6.988414e+02;2.967795e-19
6.989415e+02;2.967755e-19
6.990415e+02;2.967715e-19
6.991415e+02;2.967675e-19
6.992415e+02;2.967635e-19
6.993415e+02;2.967595e-19
6.994415e+02;2.967555e-19
6.995415e+02;2.967515e-19
6.996415e+02;2.967475e-19
6.997415e+02;2.967436e-19
6.998415e+02;2.967396e-19
6.999415e+02;2.967356e-19
7.000415e+02;2.967316e-19
7.001415e+02;2.967276e-19
7.002415e+02;2.967236e-19
7.003415e+02;2.967196e-19
7.004415e+02;2.967156e-19
7.005415e+02;2.967116e-19
7.006415e+02;2.967076e-19
7.007415e+02;2.967036e-19
7.008415e+02;2.966996e-19
7.009415e+02;2.966956e-19
7.010415e+02;2.966916e-19
7.011416e+02;2.966877e-19
7.012416e+02;2.966837e-19
7.013416e+02;2.966797e-19
7.014416e+02;2.966757e-19
7.015416e+02;2.966717e-19
7.016416e+02;2.966677e-19
7.017416e+02;2.966637e-19
7.018416e+02;2.966598e-19
7.019416e+02;2.966558e-19
7.020416e+02;2.966518e-19
7.021416e+02;2.966478e-19
7.022416e+02;2.966438e-19
7.023416e+02;2.966398e-19
7.024416e+02;2.966359e-19
7.025416e+02;2.966319e-19
7.026416e+02;2.966279e-19
7.027416e+02;2.966239e-19
7.028416e+02;2.966199e-19
7.029416e+02;2.966160e-19
7.030416e+02;2.966120e-19
7.031416e+02;2.966080e-19
7.032416e+02;2.966040e-19
7.033417e+02;2.966001e-19
7.034417e+02;2.965961e-19
7.035417e+02;2.965921e-19
7.036417e+02;2.965881e-19
7.037417e+02;2.965842e-19
7.038417e+02;2.965802e-19
7.039417e+02;2.965762e-19
7.040417e+02;2.965722e-19
7.041417e+02;2.965683e-19
7.042417e+02;2.965643e-19
7.043417e+02;2.965603e-19
7.044417e+02;2.965564e-19
7.045417e+02;2.965524e-19
7.046417e+02;2.965484e-19
7.047417e+02;2.965445e-19
7.048417e+02;2.965405e-19
7.049417e+02;2.965365e-19
7.050417e+02;2.965326e-19
7.051417e+02;2.965286e-19
7.052417e+02;2.965246e-19
7.053417e+02;2.965207e-19
7.054417e+02;2.965167e-19
7.055417e+02;2.965127e-19
7.056418e+02;2.965088e-19
7.057418e+02;2.965048e-19
7.058418e+02;2.965009e-19
7.059418e+02;2.964969e-19
7.060418e+02;2.964929e-19
7.061418e+02;2.964890e-19
7.062418e+02;2.964850e-19
7.063418e+02;2.964811e-19
7.064418e+02;2.964771e-19
7.065418e+02;2.964731e-19
7.066418e+02;2.964692e-19
7.067418e+02;2.964652e-19
7.068418e+02;2.964613e-19
7.069418e+02;2.964573e-19
7.070418e+02;2.964534e-19
7.071418e+02;2.964494e-19
7.072418e+02;2.964455e-19
7.073418e+02;2.964415e-19
7.074418e+02;2.964376e-19
7.075418e+02;2.964336e-19
7.076418e+02;2.964297e-19
7.077418e+02;2.964257e-19
7.078419e+02;2.964218e-19
7.079419e+02;2.964178e-19
7.080419e+02;2.964139e-19
7.081419e+02;2.964099e-19
7.082419e+02;2.964060e-19
7.083419e+02;2.964020e-19
7.084419e+02;2.963981e-19
7.085419e+02;2.963941e-19
7.086419e+02;2.963902e-19
7.087419e+02;2.963862e-19
7.088419e+02;2.963823e-19
7.089419e+02;2.963783e-19
7.090419e+02;2.963744e-19
7.091419e+02;2.963705e-19
7.092419e+02;2.963665e-19
7.093419e+02;2.963626e-19
7.094419e+02;2.963586e-19
7.095419e+02;2.963547e-19
7.096419e+02;2.963508e-19
7.097419e+02;2.963468e-19
7.098419e+02;2.963429e-19
7.099419e+02;2.963389e-19
7.100420e+02;2.963350e-19
7.101420e+02;2.963311e-19
7.102420e+02;2.963271e-19
7.103420e+02;2.963232e-19
7.104420e+02;2.963193e-19
7.105420e+02;2.963153e-19
7.106420e+02;2.963114e-19
7.107420e+02;2.963075e-19
7.108420e+02;2.963035e-19
7.109420e+02;2.962996e-19
7.110420e+02;2.962957e-19
7.111420e+02;2.962917e-19
7.112420e+02;2.962878e-19
7.113420e+02;2.962839e-19
7.114420e+02;2.962800e-19
7.115420e+02;2.962760e-19
7.116420e+02;2.962721e-19
7.117420e+02;2.962682e-19
7.118420e+02;2.962642e-19
7.119420e+02;2.962603e-19
7.120420e+02;2.962564e-19
7.121420e+02;2.962525e-19
7.122421e+02;2.962485e-19
7.123421e+02;2.962446e-19
7.124421e+02;2.962407e-19
7.125421e+02;2.962368e-19
7.126421e+02;2.962329e-19
7.127421e+02;2.962289e-19
7.128421e+02;2.962250e-19
7.129421e+02;2.962211e-19
7.130421e+02;2.962172e-19
7.131421e+02;2.962133e-19
7.132421e+02;2.962093e-19
7.133421e+02;2.962054e-19
7.134421e+02;2.962015e-19
7.135421e+02;2.961976e-19
7.136421e+02;2.961937e-19
7.137421e+02;2.961898e-19
7.138421e+02;2.961858e-19
7.139421e+02;2.961819e-19
7.140421e+02;2.961780e-19
7.141421e+02;2.961741e-19
7.142421e+02;2.961702e-19
7.143421e+02;2.961663e-19
7.144421e+02;2.961624e-19
7.145422e+02;2.961585e-19
7.146422e+02;2.961545e-19
7.147422e+02;2.961506e-19
7.148422e+02;2.961467e-19
7.149422e+02;2.961428e-19
7.150422e+02;2.961389e-19
7.151422e+02;2.961350e-19
7.152422e+02;2.961311e-19
7.153422e+02;2.961272e-19
7.154422e+02;2.961233e-19
7.155422e+02;2.961194e-19
7.156422e+02;2.961155e-19
7.157422e+02;2.961116e-19
7.158422e+02;2.961077e-19
7.159422e+02;2.961038e-19
7.160422e+02;2.960999e-19
7.161422e+02;2.960960e-19
7.162422e+02;2.960921e-19
7.163422e+02;2.960882e-19
7.164422e+02;2.960843e-19
7.165422e+02;2.960804e-19
7.166422e+02;2.960765e-19
7.167423e+02;2.960726e-19
7.168423e+02;2.960687e-19
7.169423e+02;2.960648e-19
7.170423e+02;2.960609e-19
7.171423e+02;2.960570e-19
7.172423e+02;2.960531e-19
7.173423e+02;2.960492e-19
7.174423e+02;2.960453e-19
7.175423e+02;2.960414e-19
7.176423e+02;2.960375e-19
7.177423e+02;2.960336e-19
7.178423e+02;2.960297e-19
7.179423e+02;2.960258e-19
7.180423e+02;2.960219e-19
7.181423e+02;2.960180e-19
7.182423e+02;2.960141e-19
7.183423e+02;2.960103e-19
7.184423e+02;2.960064e-19
7.185423e+02;2.960025e-19
7.186423e+02;2.959986e-19
7.187423e+02;2.959947e-19
7.188423e+02;2.959908e-19
7.189424e+02;2.959869e-19
7.190424e+02;2.959830e-19
7.191424e+02;2.959792e-19
7.192424e+02;2.959753e-19
7.193424e+02;2.959714e-19
7.194424e+02;2.959675e-19
7.195424e+02;2.959636e-19
7.196424e+02;2.959597e-19
7.197424e+02;2.959559e-19
7.198424e+02;2.959520e-19
7.199424e+02;2.959481e-19
7.200424e+02;2.959442e-19
7.201424e+02;2.959403e-19
7.202424e+02;2.959365e-19
7.203424e+02;2.959326e-19
7.204424e+02;2.959287e-19
7.205424e+02;2.959248e-19
7.206424e+02;2.959210e-19
7.207424e+02;2.959171e-19
7.208424e+02;2.959132e-19
7.209424e+02;2.959093e-19
7.210424e+02;2.959055e-19
7.211425e+02;2.959016e-19
7.212425e+02;2.958977e-19
7.213425e+02;2.958938e-19
7.214425e+02;2.958900e-19
7.215425e+02;2.958861e-19
7.216425e+02;2.958822e-19
7.217425e+02;2.958784e-19
7.218425e+02;2.958745e-19
7.219425e+02;2.958706e-19
7.220425e+02;2.958667e-19
7.221425e+02;2.958629e-19
7.222425e+02;2.958590e-19
7.223425e+02;2.958551e-19
7.224425e+02;2.958513e-19
7.225425e+02;2.958474e-19
7.226425e+02;2.958435e-19
7.227425e+02;2.958397e-19
7.228425e+02;2.958358e-19
7.229425e+02;2.958320e-19
7.230425e+02;2.958281e-19
7.231425e+02;2.958242e-19
7.232425e+02;2.958204e-19
7.233426e+02;2.958165e-19
7.234426e+02;2.958126e-19
7.235426e+02;2.958088e-19
7.236426e+02;2.958049e-19
7.237426e+02;2.958011e-19
7.238426e+02;2.957972e-19
7.239426e+02;2.957934e-19
7.240426e+02;2.957895e-19
7.241426e+02;2.957856e-19
7.242426e+02;2.957818e-19
7.243426e+02;2.957779e-19
7.244426e+02;2.957741e-19
7.245426e+02;2.957702e-19
7.246426e+02;2.957664e-19
7.247426e+02;2.957625e-19
7.248426e+02;2.957587e-19
7.249426e+02;2.957548e-19
7.250426e+02;2.957509e-19
7.251426e+02;2.957471e-19
7.252426e+02;2.957432e-19
7.253426e+02;2.957394e-19
7.254426e+02;2.957355e-19
7.255426e+02;2.957317e-19
7.256427e+02;2.957278e-19
7.257427e+02;2.957240e-19
7.258427e+02;2.957202e-19
7.259427e+02;2.957163e-19
7.260427e+02;2.957125e-19
7.261427e+02;2.957086e-19
7.262427e+02;2.957048e-19
7.263427e+02;2.957009e-19
7.264427e+02;2.956971e-19
7.265427e+02;2.956932e-19
7.266427e+02;2.956894e-19
7.267427e+02;2.956856e-19
7.268427e+02;2.956817e-19
7.269427e+02;2.956779e-19
7.270427e+02;2.956740e-19
7.271427e+02;2.956702e-19
7.272427e+02;2.956663e-19
7.273427e+02;2.956625e-19
7.274427e+02;2.956587e-19
7.275427e+02;2.956548e-19
7.276427e+02;2.956510e-19
7.277427e+02;2.956472e-19
7.278428e+02;2.956433e-19
7.279428e+02;2.956395e-19
7.280428e+02;2.956356e-19
7.281428e+02;2.956318e-19
7.282428e+02;2.956280e-19
7.283428e+02;2.956241e-19
7.284428e+02;2.956203e-19
7.285428e+02;2.956165e-19
7.286428e+02;2.956126e-19
7.287428e+02;2.956088e-19
7.288428e+02;2.956050e-19
7.289428e+02;2.956012e-19
7.290428e+02;2.955973e-19
7.291428e+02;2.955935e-19
7.292428e+02;2.955897e-19
7.293428e+02;2.955858e-19
7.294428e+02;2.955820e-19
7.295428e+02;2.955782e-19
7.296428e+02;2.955744e-19
7.297428e+02;2.955705e-19
7.298428e+02;2.955667e-19
7.299428e+02;2.955629e-19
7.300429e+02;2.955591e-19
7.301429e+02;2.955552e-19
7.302429e+02;2.955514e-19
7.303429e+02;2.955476e-19
7.304429e+02;2.955438e-19
7.305429e+02;2.955399e-19
7.306429e+02;2.955361e-19
7.307429e+02;2.955323e-19
7.308429e+02;2.955285e-19
7.309429e+02;2.955247e-19
7.310429e+02;2.955208e-19
7.311429e+02;2.955170e-19
7.312429e+02;2.955132e-19
7.313429e+02;2.955094e-19
7.314429e+02;2.955056e-19
7.315429e+02;2.955018e-19
7.316429e+02;2.954979e-19
7.317429e+02;2.954941e-19
7.318429e+02;2.954903e-19
7.319429e+02;2.954865e-19
7.320429e+02;2.954827e-19
7.321429e+02;2.954789e-19
7.322430e+02;2.954751e-19
7.323430e+02;2.954712e-19
7.324430e+02;2.954674e-19
7.325430e+02;2.954636e-19
7.326430e+02;2.954598e-19
7.327430e+02;2.954560e-19
7.328430e+02;2.954522e-19
7.329430e+02;2.954484e-19
7.330430e+02;2.954446e-19
7.331430e+02;2.954408e-19
7.332430e+02;2.954370e-19
7.333430e+02;2.954332e-19
7.334430e+02;2.954293e-19
7.335430e+02;2.954255e-19
7.336430e+02;2.954217e-19
7.337430e+02;2.954179e-19
7.338430e+02;2.954141e-19
7.339430e+02;2.954103e-19
7.340430e+02;2.954065e-19
7.341430e+02;2.954027e-19
7.342430e+02;2.953989e-19
7.343430e+02;2.953951e-19
7.344430e+02;2.953913e-19
7.345431e+02;2.953875e-19
7.346431e+02;2.953837e-19
7.347431e+02;2.953799e-19
7.348431e+02;2.953761e-19
7.349431e+02;2.953723e-19
7.350431e+02;2.953685e-19
7.351431e+02;2.953647e-19
7.352431e+02;2.953609e-19
7.353431e+02;2.953571e-19
7.354431e+02;2.953533e-19
7.355431e+02;2.953495e-19
7.356431e+02;2.953458e-19
7.357431e+02;2.953420e-19
7.358431e+02;2.953382e-19
7.359431e+02;2.953344e-19
7.360431e+02;2.953306e-19
7.361431e+02;2.953268e-19
7.362431e+02;2.953230e-19
7.363431e+02;2.953192e-19
7.364431e+02;2.953154e-19
7.365431e+02;2.953116e-19
7.366431e+02;2.953078e-19
7.367432e+02;2.953041e-19
7.368432e+02;2.953003e-19
7.369432e+02;2.952965e-19
7.370432e+02;2.952927e-19
7.371432e+02;2.952889e-19
7.372432e+02;2.952851e-19
7.373432e+02;2.952813e-19
7.374432e+02;2.952776e-19
7.375432e+02;2.952738e-19
7.376432e+02;2.952700e-19
7.377432e+02;2.952662e-19
7.378432e+02;2.952624e-19
7.379432e+02;2.952586e-19
7.380432e+02;2.952549e-19
7.381432e+02;2.952511e-19
7.382432e+02;2.952473e-19
7.383432e+02;2.952435e-19
7.384432e+02;2.952397e-19
7.385432e+02;2.952360e-19
7.386432e+02;2.952322e-19
7.387432e+02;2.952284e-19
7.388432e+02;2.952246e-19
7.389433e+02;2.952208e-19
7.390433e+02;2.952171e-19
7.391433e+02;2.952133e-19
7.392433e+02;2.952095e-19
7.393433e+02;2.952057e-19
7.394433e+02;2.952020e-19
7.395433e+02;2.951982e-19
7.396433e+02;2.951944e-19
7.397433e+02;2.951907e-19
7.398433e+02;2.951869e-19
7.399433e+02;2.951831e-19
7.400433e+02;2.951793e-19
7.401433e+02;2.951756e-19
7.402433e+02;2.951718e-19
7.403433e+02;2.951680e-19
7.404433e+02;2.951643e-19
7.405433e+02;2.951605e-19
7.406433e+02;2.951567e-19
7.407433e+02;2.951530e-19
7.408433e+02;2.951492e-19
7.409433e+02;2.951454e-19
7.410433e+02;2.951417e-19
7.411434e+02;2.951379e-19
7.412434e+02;2.951341e-19
7.413434e+02;2.951304e-19
7.414434e+02;2.951266e-19
7.415434e+02;2.951228e-19
7.416434e+02;2.951191e-19
7.417434e+02;2.951153e-19
7.418434e+02;2.951116e-19
7.419434e+02;2.951078e-19
7.420434e+02;2.951040e-19
7.421434e+02;2.951003e-19
7.422434e+02;2.950965e-19
7.423434e+02;2.950928e-19
7.424434e+02;2.950890e-19
7.425434e+02;2.950853e-19
7.426434e+02;2.950815e-19
7.427434e+02;2.950777e-19
7.428434e+02;2.950740e-19
7.429434e+02;2.950702e-19
7.430434e+02;2.950665e-19
7.431434e+02;2.950627e-19
7.432434e+02;2.950590e-19
7.433435e+02;2.950552e-19
7.434435e+02;2.950515e-19
7.435435e+02;2.950477e-19
7.436435e+02;2.950440e-19
7.437435e+02;2.950402e-19
7.438435e+02;2.950365e-19
7.439435e+02;2.950327e-19
7.440435e+02;2.950290e-19
7.441435e+02;2.950252e-19
7.442435e+02;2.950215e-19
7.443435e+02;2.950177e-19
7.444435e+02;2.950140e-19
7.445435e+02;2.950102e-19
7.446435e+02;2.950065e-19
7.447435e+02;2.950027e-19
7.448435e+02;2.949990e-19
7.449435e+02;2.949952e-19
7.450435e+02;2.949915e-19
7.451435e+02;2.949877e-19
7.452435e+02;2.949840e-19
7.453435e+02;2.949803e-19
7.454435e+02;2.949765e-19
7.455435e+02;2.949728e-19
7.456436e+02;2.949690e-19
7.457436e+02;2.949653e-19
7.458436e+02;2.949616e-19
7.459436e+02;2.949578e-19
7.460436e+02;2.949541e-19
7.461436e+02;2.949503e-19
7.462436e+02;2.949466e-19
7.463436e+02;2.949429e-19
7.464436e+02;2.949391e-19
7.465436e+02;2.949354e-19
7.466436e+02;2.949317e-19
7.467436e+02;2.949279e-19
7.468436e+02;2.949242e-19
7.469436e+02;2.949204e-19
7.470436e+02;2.949167e-19
7.471436e+02;2.949130e-19
7.472436e+02;2.949092e-19
7.473436e+02;2.949055e-19
7.474436e+02;2.949018e-19
7.475436e+02;2.948981e-19
7.476436e+02;2.948943e-19
7.477436e+02;2.948906e-19
7.478437e+02;2.948869e-19
7.479437e+02;2.948831e-19
7.480437e+02;2.948794e-19
7.481437e+02;2.948757e-19
7.482437e+02;2.948720e-19
7.483437e+02;2.948682e-19
7.484437e+02;2.948645e-19
7.485437e+02;2.948608e-19
7.486437e+02;2.948570e-19
7.487437e+02;2.948533e-19
7.488437e+02;2.948496e-19
7.489437e+02;2.948459e-19
7.490437e+02;2.948422e-19
7.491437e+02;2.948384e-19
7.492437e+02;2.948347e-19
7.493437e+02;2.948310e-19
7.494437e+02;2.948273e-19
7.495437e+02;2.948235e-19
7.496437e+02;2.948198e-19
7.497437e+02;2.948161e-19
7.498437e+02;2.948124e-19
7.499437e+02;2.948087e-19
7.500438e+02;2.948049e-19
7.501438e+02;2.948012e-19
7.502438e+02;2.947975e-19
7.503438e+02;2.947938e-19
7.504438e+02;2.947901e-19
7.505438e+02;2.947864e-19
7.506438e+02;2.947826e-19
7.507438e+02;2.947789e-19
7.508438e+02;2.947752e-19
7.509438e+02;2.947715e-19
7.510438e+02;2.947678e-19
7.511438e+02;2.947641e-19
7.512438e+02;2.947604e-19
7.513438e+02;2.947567e-19
7.514438e+02;2.947529e-19
7.515438e+02;2.947492e-19
7.516438e+02;2.947455e-19
7.517438e+02;2.947418e-19
7.518438e+02;2.947381e-19
7.519438e+02;2.947344e-19
7.520438e+02;2.947307e-19
7.521438e+02;2.947270e-19
7.522439e+02;2.947233e-19
7.523439e+02;2.947196e-19
7.524439e+02;2.947159e-19
7.525439e+02;2.947122e-19
7.526439e+02;2.947085e-19
7.527439e+02;2.947048e-19
7.528439e+02;2.947010e-19
7.529439e+02;2.946973e-19
7.530439e+02;2.946936e-19
7.531439e+02;2.946899e-19
7.532439e+02;2.946862e-19
7.533439e+02;2.946825e-19
7.534439e+02;2.946788e-19
7.535439e+02;2.946751e-19
7.536439e+02;2.946714e-19
7.537439e+02;2.946677e-19
7.538439e+02;2.946640e-19
7.539439e+02;2.946603e-19
7.540439e+02;2.946566e-19
7.541439e+02;2.946529e-19
7.542439e+02;2.946492e-19
7.543439e+02;2.946456e-19
7.544439e+02;2.946419e-19
7.545440e+02;2.946382e-19
7.546440e+02;2.946345e-19
7.547440e+02;2.946308e-19
7.548440e+02;2.946271e-19
7.549440e+02;2.946234e-19
7.550440e+02;2.946197e-19
7.551440e+02;2.946160e-19
7.552440e+02;2.946123e-19
7.553440e+02;2.946086e-19
7.554440e+02;2.946049e-19
7.555440e+02;2.946012e-19
7.556440e+02;2.945976e-19
7.557440e+02;2.945939e-19
7.558440e+02;2.945902e-19
7.559440e+02;2.945865e-19
7.560440e+02;2.945828e-19
7.561440e+02;2.945791e-19
7.562440e+02;2.945754e-19
7.563440e+02;2.945717e-19
7.564440e+02;2.945681e-19
7.565440e+02;2.945644e-19
7.566440e+02;2.945607e-19
7.567441e+02;2.945570e-19
7.568441e+02;2.945533e-19
7.569441e+02;2.945496e-19
7.570441e+02;2.945460e-19
7.571441e+02;2.945423e-19
7.572441e+02;2.945386e-19
7.573441e+02;2.945349e-19
7.574441e+02;2.945312e-19
7.575441e+02;2.945275e-19
7.576441e+02;2.945239e-19
7.577441e+02;2.945202e-19
7.578441e+02;2.945165e-19
7.579441e+02;2.945128e-19
7.580441e+02;2.945092e-19
7.581441e+02;2.945055e-19
7.582441e+02;2.945018e-19
7.583441e+02;2.944981e-19
7.584441e+02;2.944945e-19
7.585441e+02;2.944908e-19
7.586441e+02;2.944871e-19
7.587441e+02;2.944834e-19
7.588441e+02;2.944798e-19
7.589442e+02;2.944761e-19
7.590442e+02;2.944724e-19
7.591442e+02;2.944687e-19
7.592442e+02;2.944651e-19
7.593442e+02;2.944614e-19
7.594442e+02;2.944577e-19
7.595442e+02;2.944541e-19
7.596442e+02;2.944504e-19
7.597442e+02;2.944467e-19
7.598442e+02;2.944431e-19
7.599442e+02;2.944394e-19
7.600442e+02;2.944357e-19
7.601442e+02;2.944321e-19
7.602442e+02;2.944284e-19
7.603442e+02;2.944247e-19
7.604442e+02;2.944211e-19
7.605442e+02;2.944174e-19
7.606442e+02;2.944137e-19
7.607442e+02;2.944101e-19
7.608442e+02;2.944064e-19
7.609442e+02;2.944027e-19
7.610442e+02;2.943991e-19
7.611443e+02;2.943954e-19
7.612443e+02;2.943918e-19
7.613443e+02;2.943881e-19
7.614443e+02;2.943844e-19
7.615443e+02;2.943808e-19
7.616443e+02;2.943771e-19
7.617443e+02;2.943735e-19
7.618443e+02;2.943698e-19
7.619443e+02;2.943661e-19
7.620443e+02;2.943625e-19
7.621443e+02;2.943588e-19
7.622443e+02;2.943552e-19
7.623443e+02;2.943515e-19
7.624443e+02;2.943479e-19
7.625443e+02;2.943442e-19
7.626443e+02;2.943406e-19
7.627443e+02;2.943369e-19
7.628443e+02;2.943332e-19
7.629443e+02;2.943296e-19
7.630443e+02;2.943259e-19
7.631443e+02;2.943223e-19
7.632443e+02;2.943186e-19
7.633444e+02;2.943150e-19
7.634444e+02;2.943113e-19
7.635444e+02;2.943077e-19
7.636444e+02;2.943040e-19
7.637444e+02;2.943004e-19
7.638444e+02;2.942967e-19
7.639444e+02;2.942931e-19
7.640444e+02;2.942895e-19
7.641444e+02;2.942858e-19
7.642444e+02;2.942822e-19
7.643444e+02;2.942785e-19
7.644444e+02;2.942749e-19
7.645444e+02;2.942712e-19
7.646444e+02;2.942676e-19
7.647444e+02;2.942639e-19
7.648444e+02;2.942603e-19
7.649444e+02;2.942566e-19
7.650444e+02;2.942530e-19
7.651444e+02;2.942494e-19
7.652444e+02;2.942457e-19
7.653444e+02;2.942421e-19
7.654444e+02;2.942384e-19
7.655444e+02;2.942348e-19
7.656445e+02;2.942312e-19
7.657445e+02;2.942275e-19
7.658445e+02;2.942239e-19
7.659445e+02;2.942203e-19
7.660445e+02;2.942166e-19
7.661445e+02;2.942130e-19
7.662445e+02;2.942093e-19
7.663445e+02;2.942057e-19
7.664445e+02;2.942021e-19
7.665445e+02;2.941984e-19
7.666445e+02;2.941948e-19
7.667445e+02;2.941912e-19
7.668445e+02;2.941875e-19
7.669445e+02;2.941839e-19
7.670445e+02;2.941803e-19
7.671445e+02;2.941766e-19
7.672445e+02;2.941730e-19
7.673445e+02;2.941694e-19
7.674445e+02;2.941657e-19
7.675445e+02;2.941621e-19
7.676445e+02;2.941585e-19
7.677445e+02;2.941549e-19
7.678446e+02;2.941512e-19
7.679446e+02;2.941476e-19
7.680446e+02;2.941440e-19
7.681446e+02;2.941404e-19
7.682446e+02;2.941367e-19
7.683446e+02;2.941331e-19
7.684446e+02;2.941295e-19
7.685446e+02;2.941258e-19
7.686446e+02;2.941222e-19
7.687446e+02;2.941186e-19
7.688446e+02;2.941150e-19
7.689446e+02;2.941114e-19
7.690446e+02;2.941077e-19
7.691446e+02;2.941041e-19
7.692446e+02;2.941005e-19
7.693446e+02;2.940969e-19
7.694446e+02;2.940932e-19
7.695446e+02;2.940896e-19
7.696446e+02;2.940860e-19
7.697446e+02;2.940824e-19
7.698446e+02;2.940788e-19
7.699446e+02;2.940752e-19
7.700447e+02;2.940715e-19
7.701447e+02;2.940679e-19
7.702447e+02;2.940643e-19
7.703447e+02;2.940607e-19
7.704447e+02;2.940571e-19
7.705447e+02;2.940535e-19
7.706447e+02;2.940498e-19
7.707447e+02;2.940462e-19
7.708447e+02;2.940426e-19
7.709447e+02;2.940390e-19
7.710447e+02;2.940354e-19
7.711447e+02;2.940318e-19
7.712447e+02;2.940282e-19
7.713447e+02;2.940246e-19
7.714447e+02;2.940209e-19
7.715447e+02;2.940173e-19
7.716447e+02;2.940137e-19
7.717447e+02;2.940101e-19
7.718447e+02;2.940065e-19
7.719447e+02;2.940029e-19
7.720447e+02;2.939993e-19
7.721447e+02;2.939957e-19
7.722448e+02;2.939921e-19
7.723448e+02;2.939885e-19
7.724448e+02;2.939849e-19
7.725448e+02;2.939813e-19
7.726448e+02;2.939777e-19
7.727448e+02;2.939741e-19
7.728448e+02;2.939705e-19
7.729448e+02;2.939668e-19
7.730448e+02;2.939632e-19
7.731448e+02;2.939596e-19
7.732448e+02;2.939560e-19
7.733448e+02;2.939524e-19
7.734448e+02;2.939488e-19
7.735448e+02;2.939452e-19
7.736448e+02;2.939416e-19
7.737448e+02;2.939380e-19
7.738448e+02;2.939344e-19
7.739448e+02;2.939308e-19
7.740448e+02;2.939272e-19
7.741448e+02;2.939236e-19
7.742448e+02;2.939201e-19
7.743448e+02;2.939165e-19
7.744448e+02;2.939129e-19
7.745449e+02;2.939093e-19
7.746449e+02;2.939057e-19
7.747449e+02;2.939021e-19
7.748449e+02;2.938985e-19
7.749449e+02;2.938949e-19
7.750449e+02;2.938913e-19
7.751449e+02;2.938877e-19
7.752449e+02;2.938841e-19
7.753449e+02;2.938805e-19
7.754449e+02;2.938769e-19
7.755449e+02;2.938733e-19
7.756449e+02;2.938697e-19
7.757449e+02;2.938662e-19
7.758449e+02;2.938626e-19
7.759449e+02;2.938590e-19
7.760449e+02;2.938554e-19
7.761449e+02;2.938518e-19
7.762449e+02;2.938482e-19
7.763449e+02;2.938446e-19
7.764449e+02;2.938410e-19
7.765449e+02;2.938375e-19
7.766449e+02;2.938339e-19
7.767450e+02;2.938303e-19
7.768450e+02;2.938267e-19
7.769450e+02;2.938231e-19
7.770450e+02;2.938195e-19
7.771450e+02;2.938160e-19
7.772450e+02;2.938124e-19
7.773450e+02;2.938088e-19
7.774450e+02;2.938052e-19
7.775450e+02;2.938016e-19
7.776450e+02;2.937980e-19
7.777450e+02;2.937945e-19
7.778450e+02;2.937909e-19
7.779450e+02;2.937873e-19
7.780450e+02;2.937837e-19
7.781450e+02;2.937802e-19
7.782450e+02;2.937766e-19
7.783450e+02;2.937730e-19
7.784450e+02;2.937694e-19
7.785450e+02;2.937658e-19
7.786450e+02;2.937623e-19
7.787450e+02;2.937587e-19
7.788450e+02;2.937551e-19
7.789451e+02;2.937515e-19
7.790451e+02;2.937480e-19
7.791451e+02;2.937444e-19
7.792451e+02;2.937408e-19
7.793451e+02;2.937373e-19
7.794451e+02;2.937337e-19
7.795451e+02;2.937301e-19
7.796451e+02;2.937265e-19
7.797451e+02;2.937230e-19
7.798451e+02;2.937194e-19
7.799451e+02;2.937158e-19
7.800451e+02;2.937123e-19
7.801451e+02;2.937087e-19
7.802451e+02;2.937051e-19
7.803451e+02;2.937016e-19
7.804451e+02;2.936980e-19
7.805451e+02;2.936944e-19
7.806451e+02;2.936909e-19
7.807451e+02;2.936873e-19
7.808451e+02;2.936837e-19
7.809451e+02;2.936802e-19
7.810451e+02;2.936766e-19
7.811452e+02;2.936730e-19
7.812452e+02;2.936695e-19
7.813452e+02;2.936659e-19
7.814452e+02;2.936623e-19
7.815452e+02;2.936588e-19
7.816452e+02;2.936552e-19
7.817452e+02;2.936517e-19
7.818452e+02;2.936481e-19
7.819452e+02;2.936445e-19
7.820452e+02;2.936410e-19
7.821452e+02;2.936374e-19
7.822452e+02;2.936339e-19
7.823452e+02;2.936303e-19
7.824452e+02;2.936268e-19
7.825452e+02;2.936232e-19
7.826452e+02;2.936196e-19
7.827452e+02;2.936161e-19
7.828452e+02;2.936125e-19
7.829452e+02;2.936090e-19
7.830452e+02;2.936054e-19
7.831452e+02;2.936019e-19
7.832452e+02;2.935983e-19
7.833453e+02;2.935948e-19
7.834453e+02;2.935912e-19
7.835453e+02;2.935877e-19
7.836453e+02;2.935841e-19
7.837453e+02;2.935805e-19
7.838453e+02;2.935770e-19
7.839453e+02;2.935734e-19
7.840453e+02;2.935699e-19
7.841453e+02;2.935663e-19
7.842453e+02;2.935628e-19
7.843453e+02;2.935593e-19
7.844453e+02;2.935557e-19
7.845453e+02;2.935522e-19
7.846453e+02;2.935486e-19
7.847453e+02;2.935451e-19
7.848453e+02;2.935415e-19
7.849453e+02;2.935380e-19
7.850453e+02;2.935344e-19
7.851453e+02;2.935309e-19
7.852453e+02;2.935273e-19
7.853453e+02;2.935238e-19
7.854453e+02;2.935202e-19
7.855453e+02;2.935167e-19
7.856454e+02;2.935132e-19
7.857454e+02;2.935096e-19
7.858454e+02;2.935061e-19
7.859454e+02;2.935025e-19
7.860454e+02;2.934990e-19
7.861454e+02;2.934955e-19
7.862454e+02;2.934919e-19
7.863454e+02;2.934884e-19
7.864454e+02;2.934848e-19
7.865454e+02;2.934813e-19
7.866454e+02;2.934778e-19
7.867454e+02;2.934742e-19
7.868454e+02;2.934707e-19
7.869454e+02;2.934672e-19
7.870454e+02;2.934636e-19
7.871454e+02;2.934601e-19
7.872454e+02;2.934566e-19
7.873454e+02;2.934530e-19
7.874454e+02;2.934495e-19
7.875454e+02;2.934460e-19
7.876454e+02;2.934424e-19
7.877454e+02;2.934389e-19
7.878455e+02;2.934354e-19
7.879455e+02;2.934318e-19
7.880455e+02;2.934283e-19
7.881455e+02;2.934248e-19
7.882455e+02;2.934212e-19
7.883455e+02;2.934177e-19
7.884455e+02;2.934142e-19
7.885455e+02;2.934106e-19
7.886455e+02;2.934071e-19
7.887455e+02;2.934036e-19
7.888455e+02;2.934001e-19
7.889455e+02;2.933965e-19
7.890455e+02;2.933930e-19
7.891455e+02;2.933895e-19
7.892455e+02;2.933860e-19
7.893455e+02;2.933824e-19
7.894455e+02;2.933789e-19
7.895455e+02;2.933754e-19
7.896455e+02;2.933719e-19
7.897455e+02;2.933683e-19
7.898455e+02;2.933648e-19
7.899455e+02;2.933613e-19
7.900456e+02;2.933578e-19
7.901456e+02;2.933542e-19
7.902456e+02;2.933507e-19
7.903456e+02;2.933472e-19
7.904456e+02;2.933437e-19
7.905456e+02;2.933402e-19
7.906456e+02;2.933366e-19
7.907456e+02;2.933331e-19
7.908456e+02;2.933296e-19
7.909456e+02;2.933261e-19
7.910456e+02;2.933226e-19
7.911456e+02;2.933191e-19
7.912456e+02;2.933155e-19
7.913456e+02;2.933120e-19
7.914456e+02;2.933085e-19
7.915456e+02;2.933050e-19
7.916456e+02;2.933015e-19
7.917456e+02;2.932980e-19
7.918456e+02;2.932945e-19
7.919456e+02;2.932909e-19
7.920456e+02;2.932874e-19
7.921456e+02;2.932839e-19
7.922457e+02;2.932804e-19
7.923457e+02;2.932769e-19
7.924457e+02;2.932734e-19
7.925457e+02;2.932699e-19
7.926457e+02;2.932664e-19
7.927457e+02;2.932629e-19
7.928457e+02;2.932594e-19
7.929457e+02;2.932558e-19
7.930457e+02;2.932523e-19
7.931457e+02;2.932488e-19
7.932457e+02;2.932453e-19
7.933457e+02;2.932418e-19
7.934457e+02;2.932383e-19
7.935457e+02;2.932348e-19
7.936457e+02;2.932313e-19
7.937457e+02;2.932278e-19
7.938457e+02;2.932243e-19
7.939457e+02;2.932208e-19
7.940457e+02;2.932173e-19
7.941457e+02;2.932138e-19
7.942457e+02;2.932103e-19
7.943457e+02;2.932068e-19
7.944457e+02;2.932033e-19
7.945458e+02;2.931998e-19
7.946458e+02;2.931963e-19
7.947458e+02;2.931928e-19
7.948458e+02;2.931893e-19
7.949458e+02;2.931858e-19
7.950458e+02;2.931823e-19
7.951458e+02;2.931788e-19
7.952458e+02;2.931753e-19
7.953458e+02;2.931718e-19
7.954458e+02;2.931683e-19
7.955458e+02;2.931648e-19
7.956458e+02;2.931613e-19
7.957458e+02;2.931578e-19
7.958458e+02;2.931543e-19
7.959458e+02;2.931508e-19
7.960458e+02;2.931473e-19
7.961458e+02;2.931438e-19
7.962458e+02;2.931403e-19
7.963458e+02;2.931368e-19
7.964458e+02;2.931333e-19
7.965458e+02;2.931299e-19
7.966458e+02;2.931264e-19
7.967459e+02;2.931229e-19
7.968459e+02;2.931194e-19
7.969459e+02;2.931159e-19
7.970459e+02;2.931124e-19
7.971459e+02;2.931089e-19
7.972459e+02;2.931054e-19
7.973459e+02;2.931019e-19
7.974459e+02;2.930985e-19
7.975459e+02;2.930950e-19
7.976459e+02;2.930915e-19
7.977459e+02;2.930880e-19
7.978459e+02;2.930845e-19
7.979459e+02;2.930810e-19
7.980459e+02;2.930775e-19
7.981459e+02;2.930741e-19
7.982459e+02;2.930706e-19
7.983459e+02;2.930671e-19
7.984459e+02;2.930636e-19
7.985459e+02;2.930601e-19
7.986459e+02;2.930566e-19
7.987459e+02;2.930532e-19
7.988459e+02;2.930497e-19
7.989460e+02;2.930462e-19
7.990460e+02;2.930427e-19
7.991460e+02;2.930392e-19
7.992460e+02;2.930358e-19
7.993460e+02;2.930323e-19
7.994460e+02;2.930288e-19
7.995460e+02;2.930253e-19
7.996460e+02;2.930218e-19
7.997460e+02;2.930184e-19
7.998460e+02;2.930149e-19
7.999460e+02;2.930114e-19
8.000460e+02;2.930079e-19
8.001460e+02;2.930045e-19
8.002460e+02;2.930010e-19
8.003460e+02;2.929975e-19
8.004460e+02;2.929940e-19
8.005460e+02;2.929906e-19
8.006460e+02;2.929871e-19
8.007460e+02;2.929836e-19
8.008460e+02;2.929802e-19
8.009460e+02;2.929767e-19
8.010460e+02;2.929732e-19
8.011461e+02;2.929697e-19
8.012461e+02;2.929663e-19
8.013461e+02;2.929628e-19
8.014461e+02;2.929593e-19
8.015461e+02;2.929559e-19
8.016461e+02;2.929524e-19
8.017461e+02;2.929489e-19
8.018461e+02;2.929455e-19
8.019461e+02;2.929420e-19
8.020461e+02;2.929385e-19
8.021461e+02;2.929351e-19
8.022461e+02;2.929316e-19
8.023461e+02;2.929281e-19
8.024461e+02;2.929247e-19
8.025461e+02;2.929212e-19
8.026461e+02;2.929177e-19
8.027461e+02;2.929143e-19
8.028461e+02;2.929108e-19
8.029461e+02;2.929073e-19
8.030461e+02;2.929039e-19
8.031461e+02;2.929004e-19
8.032461e+02;2.928970e-19
8.033462e+02;2.928935e-19
8.034462e+02;2.928900e-19
8.035462e+02;2.928866e-19
8.036462e+02;2.928831e-19
8.037462e+02;2.928797e-19
8.038462e+02;2.928762e-19
8.039462e+02;2.928727e-19
8.040462e+02;2.928693e-19
8.041462e+02;2.928658e-19
8.042462e+02;2.928624e-19
8.043462e+02;2.928589e-19
8.044462e+02;2.928555e-19
8.045462e+02;2.928520e-19
8.046462e+02;2.928486e-19
8.047462e+02;2.928451e-19
8.048462e+02;2.928416e-19
8.049462e+02;2.928382e-19
8.050462e+02;2.928347e-19
8.051462e+02;2.928313e-19
8.052462e+02;2.928278e-19
8.053462e+02;2.928244e-19
8.054462e+02;2.928209e-19
8.055462e+02;2.928175e-19
8.056463e+02;2.928140e-19
8.057463e+02;2.928106e-19
8.058463e+02;2.928071e-19
8.059463e+02;2.928037e-19
8.060463e+02;2.928002e-19
8.061463e+02;2.927968e-19
8.062463e+02;2.927933e-19
8.063463e+02;2.927899e-19
8.064463e+02;2.927864e-19
8.065463e+02;2.927830e-19
8.066463e+02;2.927796e-19
8.067463e+02;2.927761e-19
8.068463e+02;2.927727e-19
8.069463e+02;2.927692e-19
8.070463e+02;2.927658e-19
8.071463e+02;2.927623e-19
8.072463e+02;2.927589e-19
8.073463e+02;2.927554e-19
8.074463e+02;2.927520e-19
8.075463e+02;2.927486e-19
8.076463e+02;2.927451e-19
8.077463e+02;2.927417e-19
8.078464e+02;2.927382e-19
8.079464e+02;2.927348e-19
8.080464e+02;2.927314e-19
8.081464e+02;2.927279e-19
8.082464e+02;2.927245e-19
8.083464e+02;2.927210e-19
8.084464e+02;2.927176e-19
8.085464e+02;2.927142e-19
8.086464e+02;2.927107e-19
8.087464e+02;2.927073e-19
8.088464e+02;2.927039e-19
8.089464e+02;2.927004e-19
8.090464e+02;2.926970e-19
8.091464e+02;2.926936e-19
8.092464e+02;2.926901e-19
8.093464e+02;2.926867e-19
8.094464e+02;2.926833e-19
8.095464e+02;2.926798e-19
8.096464e+02;2.926764e-19
8.097464e+02;2.926730e-19
8.098464e+02;2.926695e-19
8.099464e+02;2.926661e-19
8.100465e+02;2.926627e-19
8.101465e+02;2.926592e-19
8.102465e+02;2.926558e-19
8.103465e+02;2.926524e-19
8.104465e+02;2.926489e-19
8.105465e+02;2.926455e-19
8.106465e+02;2.926421e-19
8.107465e+02;2.926387e-19
8.108465e+02;2.926352e-19
8.109465e+02;2.926318e-19
8.110465e+02;2.926284e-19
8.111465e+02;2.926250e-19
8.112465e+02;2.926215e-19
8.113465e+02;2.926181e-19
8.114465e+02;2.926147e-19
8.115465e+02;2.926113e-19
8.116465e+02;2.926078e-19
8.117465e+02;2.926044e-19
8.118465e+02;2.926010e-19
8.119465e+02;2.925976e-19
8.120465e+02;2.925941e-19
8.121465e+02;2.925907e-19
8.122466e+02;2.925873e-19
8.123466e+02;2.925839e-19
8.124466e+02;2.925805e-19
8.125466e+02;2.925770e-19
8.126466e+02;2.925736e-19
8.127466e+02;2.925702e-19
8.128466e+02;2.925668e-19
8.129466e+02;2.925634e-19
8.130466e+02;2.925599e-19
8.131466e+02;2.925565e-19
8.132466e+02;2.925531e-19
8.133466e+02;2.925497e-19
8.134466e+02;2.925463e-19
8.135466e+02;2.925429e-19
8.136466e+02;2.925395e-19
8.137466e+02;2.925360e-19
8.138466e+02;2.925326e-19
8.139466e+02;2.925292e-19
8.140466e+02;2.925258e-19
8.141466e+02;2.925224e-19
8.142466e+02;2.925190e-19
8.143466e+02;2.925156e-19
8.144466e+02;2.925122e-19
8.145467e+02;2.925087e-19
8.146467e+02;2.925053e-19
8.147467e+02;2.925019e-19
8.148467e+02;2.924985e-19
8.149467e+02;2.924951e-19
8.150467e+02;2.924917e-19
8.151467e+02;2.924883e-19
8.152467e+02;2.924849e-19
8.153467e+02;2.924815e-19
8.154467e+02;2.924781e-19
8.155467e+02;2.924747e-19
8.156467e+02;2.924713e-19
8.157467e+02;2.924678e-19
8.158467e+02;2.924644e-19
8.159467e+02;2.924610e-19
8.160467e+02;2.924576e-19
8.161467e+02;2.924542e-19
8.162467e+02;2.924508e-19
8.163467e+02;2.924474e-19
8.164467e+02;2.924440e-19
8.165467e+02;2.924406e-19
8.166467e+02;2.924372e-19
8.167468e+02;2.924338e-19
8.168468e+02;2.924304e-19
8.169468e+02;2.924270e-19
8.170468e+02;2.924236e-19
8.171468e+02;2.924202e-19
8.172468e+02;2.924168e-19
8.173468e+02;2.924134e-19
8.174468e+02;2.924100e-19
8.175468e+02;2.924066e-19
8.176468e+02;2.924032e-19
8.177468e+02;2.923998e-19
8.178468e+02;2.923964e-19
8.179468e+02;2.923930e-19
8.180468e+02;2.923896e-19
8.181468e+02;2.923862e-19
8.182468e+02;2.923828e-19
8.183468e+02;2.923795e-19
8.184468e+02;2.923761e-19
8.185468e+02;2.923727e-19
8.186468e+02;2.923693e-19
8.187468e+02;2.923659e-19
8.188468e+02;2.923625e-19
8.189469e+02;2.923591e-19
8.190469e+02;2.923557e-19
8.191469e+02;2.923523e-19
8.192469e+02;2.923489e-19
8.193469e+02;2.923455e-19
8.194469e+02;2.923421e-19
8.195469e+02;2.923388e-19
8.196469e+02;2.923354e-19
8.197469e+02;2.923320e-19
8.198469e+02;2.923286e-19
8.199469e+02;2.923252e-19
8.200469e+02;2.923218e-19
8.201469e+02;2.923184e-19
8.202469e+02;2.923150e-19
8.203469e+02;2.923117e-19
8.204469e+02;2.923083e-19
8.205469e+02;2.923049e-19
8.206469e+02;2.923015e-19
8.207469e+02;2.922981e-19
8.208469e+02;2.922947e-19
8.209469e+02;2.922914e-19
8.210469e+02;2.922880e-19
8.211470e+02;2.922846e-19
8.212470e+02;2.922812e-19
8.213470e+02;2.922778e-19
8.214470e+02;2.922744e-19
8.215470e+02;2.922711e-19
8.216470e+02;2.922677e-19
8.217470e+02;2.922643e-19
8.218470e+02;2.922609e-19
8.219470e+02;2.922576e-19
8.220470e+02;2.922542e-19
8.221470e+02;2.922508e-19
8.222470e+02;2.922474e-19
8.223470e+02;2.922440e-19
8.224470e+02;2.922407e-19
8.225470e+02;2.922373e-19
8.226470e+02;2.922339e-19
8.227470e+02;2.922305e-19
8.228470e+02;2.922272e-19
8.229470e+02;2.922238e-19
8.230470e+02;2.922204e-19
8.231470e+02;2.922170e-19
8.232470e+02;2.922137e-19
8.233471e+02;2.922103e-19
8.234471e+02;2.922069e-19
8.235471e+02;2.922036e-19
8.236471e+02;2.922002e-19
8.237471e+02;2.921968e-19
8.238471e+02;2.921934e-19
8.239471e+02;2.921901e-19
8.240471e+02;2.921867e-19
8.241471e+02;2.921833e-19
8.242471e+02;2.921800e-19
8.243471e+02;2.921766e-19
8.244471e+02;2.921732e-19
8.245471e+02;2.921699e-19
8.246471e+02;2.921665e-19
8.247471e+02;2.921631e-19
8.248471e+02;2.921598e-19
8.249471e+02;2.921564e-19
8.250471e+02;2.921530e-19
8.251471e+02;2.921497e-19
8.252471e+02;2.921463e-19
8.253471e+02;2.921429e-19
8.254471e+02;2.921396e-19
8.255471e+02;2.921362e-19
8.256472e+02;2.921328e-19
8.257472e+02;2.921295e-19
8.258472e+02;2.921261e-19
8.259472e+02;2.921228e-19
8.260472e+02;2.921194e-19
8.261472e+02;2.921160e-19
8.262472e+02;2.921127e-19
8.263472e+02;2.921093e-19
8.264472e+02;2.921060e-19
8.265472e+02;2.921026e-19
8.266472e+02;2.920992e-19
8.267472e+02;2.920959e-19
8.268472e+02;2.920925e-19
8.269472e+02;2.920892e-19
8.270472e+02;2.920858e-19
8.271472e+02;2.920825e-19
8.272472e+02;2.920791e-19
8.273472e+02;2.920757e-19
8.274472e+02;2.920724e-19
8.275472e+02;2.920690e-19
8.276472e+02;2.920657e-19
8.277472e+02;2.920623e-19
8.278473e+02;2.920590e-19
8.279473e+02;2.920556e-19
8.280473e+02;2.920523e-19
8.281473e+02;2.920489e-19
8.282473e+02;2.920456e-19
8.283473e+02;2.920422e-19
8.284473e+02;2.920389e-19
8.285473e+02;2.920355e-19
8.286473e+02;2.920322e-19
8.287473e+02;2.920288e-19
8.288473e+02;2.920255e-19
8.289473e+02;2.920221e-19
8.290473e+02;2.920188e-19
8.291473e+02;2.920154e-19
8.292473e+02;2.920121e-19
8.293473e+02;2.920087e-19
8.294473e+02;2.920054e-19
8.295473e+02;2.920020e-19
8.296473e+02;2.919987e-19
8.297473e+02;2.919953e-19
8.298473e+02;2.919920e-19
8.299473e+02;2.919886e-19
8.300474e+02;2.919853e-19
8.301474e+02;2.919820e-19
8.302474e+02;2.919786e-19
8.303474e+02;2.919753e-19
8.304474e+02;2.919719e-19
8.305474e+02;2.919686e-19
8.306474e+02;2.919652e-19
8.307474e+02;2.919619e-19
8.308474e+02;2.919586e-19
8.309474e+02;2.919552e-19
8.310474e+02;2.919519e-19
8.311474e+02;2.919485e-19
8.312474e+02;2.919452e-19
8.313474e+02;2.919419e-19
8.314474e+02;2.919385e-19
8.315474e+02;2.919352e-19
8.316474e+02;2.919319e-19
8.317474e+02;2.919285e-19
8.318474e+02;2.919252e-19
8.319474e+02;2.919218e-19
8.320474e+02;2.919185e-19
8.321474e+02;2.919152e-19
8.322475e+02;2.919118e-19
8.323475e+02;2.919085e-19
8.324475e+02;2.919052e-19
8.325475e+02;2.919018e-19
8.326475e+02;2.918985e-19
8.327475e+02;2.918952e-19
8.328475e+02;2.918918e-19
8.329475e+02;2.918885e-19
8.330475e+02;2.918852e-19
8.331475e+02;2.918818e-19
8.332475e+02;2.918785e-19
8.333475e+02;2.918752e-19
8.334475e+02;2.918719e-19
8.335475e+02;2.918685e-19
8.336475e+02;2.918652e-19
8.337475e+02;2.918619e-19
8.338475e+02;2.918585e-19
8.339475e+02;2.918552e-19
8.340475e+02;2.918519e-19
8.341475e+02;2.918486e-19
8.342475e+02;2.918452e-19
8.343475e+02;2.918419e-19
8.344475e+02;2.918386e-19
8.345476e+02;2.918353e-19
8.346476e+02;2.918319e-19
8.347476e+02;2.918286e-19
8.348476e+02;2.918253e-19
8.349476e+02;2.918220e-19
8.350476e+02;2.918186e-19
8.351476e+02;2.918153e-19
8.352476e+02;2.918120e-19
8.353476e+02;2.918087e-19
8.354476e+02;2.918054e-19
8.355476e+02;2.918020e-19
8.356476e+02;2.917987e-19
8.357476e+02;2.917954e-19
8.358476e+02;2.917921e-19
8.359476e+02;2.917888e-19
8.360476e+02;2.917854e-19
8.361476e+02;2.917821e-19
8.362476e+02;2.917788e-19
8.363476e+02;2.917755e-19
8.364476e+02;2.917722e-19
8.365476e+02;2.917688e-19
8.366476e+02;2.917655e-19
8.367477e+02;2.917622e-19
8.368477e+02;2.917589e-19
8.369477e+02;2.917556e-19
8.370477e+02;2.917523e-19
8.371477e+02;2.917490e-19
8.372477e+02;2.917456e-19
8.373477e+02;2.917423e-19
8.374477e+02;2.917390e-19
8.375477e+02;2.917357e-19
8.376477e+02;2.917324e-19
8.377477e+02;2.917291e-19
8.378477e+02;2.917258e-19
8.379477e+02;2.917225e-19
8.380477e+02;2.917191e-19
8.381477e+02;2.917158e-19
8.382477e+02;2.917125e-19
8.383477e+02;2.917092e-19
8.384477e+02;2.917059e-19
8.385477e+02;2.917026e-19
8.386477e+02;2.916993e-19
8.387477e+02;2.916960e-19
8.388477e+02;2.916927e-19
8.389478e+02;2.916894e-19
8.390478e+02;2.916861e-19
8.391478e+02;2.916828e-19
8.392478e+02;2.916794e-19
8.393478e+02;2.916761e-19
8.394478e+02;2.916728e-19
8.395478e+02;2.916695e-19
8.396478e+02;2.916662e-19
8.397478e+02;2.916629e-19
8.398478e+02;2.916596e-19
8.399478e+02;2.916563e-19
8.400478e+02;2.916530e-19
8.401478e+02;2.916497e-19
8.402478e+02;2.916464e-19
8.403478e+02;2.916431e-19
8.404478e+02;2.916398e-19
8.405478e+02;2.916365e-19
8.406478e+02;2.916332e-19
8.407478e+02;2.916299e-19
8.408478e+02;2.916266e-19
8.409478e+02;2.916233e-19
8.410478e+02;2.916200e-19
8.411479e+02;2.916167e-19
8.412479e+02;2.916134e-19
8.413479e+02;2.916101e-19
8.414479e+02;2.916068e-19
8.415479e+02;2.916035e-19
8.416479e+02;2.916002e-19
8.417479e+02;2.915969e-19
8.418479e+02;2.915936e-19
8.419479e+02;2.915904e-19
8.420479e+02;2.915871e-19
8.421479e+02;2.915838e-19
8.422479e+02;2.915805e-19
8.423479e+02;2.915772e-19
8.424479e+02;2.915739e-19
8.425479e+02;2.915706e-19
8.426479e+02;2.915673e-19
8.427479e+02;2.915640e-19
8.428479e+02;2.915607e-19
8.429479e+02;2.915574e-19
8.430479e+02;2.915541e-19
8.431479e+02;2.915508e-19
8.432479e+02;2.915476e-19
8.433480e+02;2.915443e-19
8.434480e+02;2.915410e-19
8.435480e+02;2.915377e-19
8.436480e+02;2.915344e-19
8.437480e+02;2.915311e-19
8.438480e+02;2.915278e-19
8.439480e+02;2.915245e-19
8.440480e+02;2.915213e-19
8.441480e+02;2.915180e-19
8.442480e+02;2.915147e-19
8.443480e+02;2.915114e-19
8.444480e+02;2.915081e-19
8.445480e+02;2.915048e-19
8.446480e+02;2.915016e-19
8.447480e+02;2.914983e-19
8.448480e+02;2.914950e-19
8.449480e+02;2.914917e-19
8.450480e+02;2.914884e-19
8.451480e+02;2.914851e-19
8.452480e+02;2.914819e-19
8.453480e+02;2.914786e-19
8.454480e+02;2.914753e-19
8.455480e+02;2.914720e-19
8.456481e+02;2.914687e-19
8.457481e+02;2.914655e-19
8.458481e+02;2.914622e-19
8.459481e+02;2.914589e-19
8.460481e+02;2.914556e-19
8.461481e+02;2.914524e-19
8.462481e+02;2.914491e-19
8.463481e+02;2.914458e-19
8.464481e+02;2.914425e-19
8.465481e+02;2.914392e-19
8.466481e+02;2.914360e-19
8.467481e+02;2.914327e-19
8.468481e+02;2.914294e-19
8.469481e+02;2.914261e-19
8.470481e+02;2.914229e-19
8.471481e+02;2.914196e-19
8.472481e+02;2.914163e-19
8.473481e+02;2.914131e-19
8.474481e+02;2.914098e-19
8.475481e+02;2.914065e-19
8.476481e+02;2.914032e-19
8.477481e+02;2.914000e-19
8.478482e+02;2.913967e-19
8.479482e+02;2.913934e-19
8.480482e+02;2.913902e-19
8.481482e+02;2.913869e-19
8.482482e+02;2.913836e-19
8.483482e+02;2.913804e-19
8.484482e+02;2.913771e-19
8.485482e+02;2.913738e-19
8.486482e+02;2.913706e-19
8.487482e+02;2.913673e-19
8.488482e+02;2.913640e-19
8.489482e+02;2.913608e-19
8.490482e+02;2.913575e-19
8.491482e+02;2.913542e-19
8.492482e+02;2.913510e-19
8.493482e+02;2.913477e-19
8.494482e+02;2.913444e-19
8.495482e+02;2.913412e-19
8.496482e+02;2.913379e-19
8.497482e+02;2.913346e-19
8.498482e+02;2.913314e-19
8.499482e+02;2.913281e-19
8.500483e+02;2.913249e-19
8.501483e+02;2.913216e-19
8.502483e+02;2.913183e-19
8.503483e+02;2.913151e-19
8.504483e+02;2.913118e-19
8.505483e+02;2.913086e-19
8.506483e+02;2.913053e-19
8.507483e+02;2.913020e-19
8.508483e+02;2.912988e-19
8.509483e+02;2.912955e-19
8.510483e+02;2.912923e-19
8.511483e+02;2.912890e-19
8.512483e+02;2.912857e-19
8.513483e+02;2.912825e-19
8.514483e+02;2.912792e-19
8.515483e+02;2.912760e-19
8.516483e+02;2.912727e-19
8.517483e+02;2.912695e-19
8.518483e+02;2.912662e-19
8.519483e+02;2.912630e-19
8.520483e+02;2.912597e-19
8.521483e+02;2.912565e-19
8.522484e+02;2.912532e-19
8.523484e+02;2.912499e-19
8.524484e+02;2.912467e-19
8.525484e+02;2.912434e-19
8.526484e+02;2.912402e-19
8.527484e+02;2.912369e-19
8.528484e+02;2.912337e-19
8.529484e+02;2.912304e-19
8.530484e+02;2.912272e-19
8.531484e+02;2.912239e-19
8.532484e+02;2.912207e-19
8.533484e+02;2.912174e-19
8.534484e+02;2.912142e-19
8.535484e+02;2.912110e-19
8.536484e+02;2.912077e-19
8.537484e+02;2.912045e-19
8.538484e+02;2.912012e-19
8.539484e+02;2.911980e-19
8.540484e+02;2.911947e-19
8.541484e+02;2.911915e-19
8.542484e+02;2.911882e-19
8.543484e+02;2.911850e-19
8.544484e+02;2.911817e-19
8.545485e+02;2.911785e-19
8.546485e+02;2.911753e-19
8.547485e+02;2.911720e-19
8.548485e+02;2.911688e-19
8.549485e+02;2.911655e-19
8.550485e+02;2.911623e-19
8.551485e+02;2.911590e-19
8.552485e+02;2.911558e-19
8.553485e+02;2.911526e-19
8.554485e+02;2.911493e-19
8.555485e+02;2.911461e-19
8.556485e+02;2.911428e-19
8.557485e+02;2.911396e-19
8.558485e+02;2.911364e-19
8.559485e+02;2.911331e-19
8.560485e+02;2.911299e-19
8.561485e+02;2.911267e-19
8.562485e+02;2.911234e-19
8.563485e+02;2.911202e-19
8.564485e+02;2.911169e-19
8.565485e+02;2.911137e-19
8.566485e+02;2.911105e-19
8.567486e+02;2.911072e-19
8.568486e+02;2.911040e-19
8.569486e+02;2.911008e-19
8.570486e+02;2.910975e-19
8.571486e+02;2.910943e-19
8.572486e+02;2.910911e-19
8.573486e+02;2.910878e-19
8.574486e+02;2.910846e-19
8.575486e+02;2.910814e-19
8.576486e+02;2.910781e-19
8.577486e+02;2.910749e-19
8.578486e+02;2.910717e-19
8.579486e+02;2.910685e-19
8.580486e+02;2.910652e-19
8.581486e+02;2.910620e-19
8.582486e+02;2.910588e-19
8.583486e+02;2.910555e-19
8.584486e+02;2.910523e-19
8.585486e+02;2.910491e-19
8.586486e+02;2.910459e-19
8.587486e+02;2.910426e-19
8.588486e+02;2.910394e-19
8.589487e+02;2.910362e-19
8.590487e+02;2.910330e-19
8.591487e+02;2.910297e-19
8.592487e+02;2.910265e-19
8.593487e+02;2.910233e-19
8.594487e+02;2.910201e-19
8.595487e+02;2.910168e-19
8.596487e+02;2.910136e-19
8.597487e+02;2.910104e-19
8.598487e+02;2.910072e-19
8.599487e+02;2.910039e-19
8.600487e+02;2.910007e-19
8.601487e+02;2.909975e-19
8.602487e+02;2.909943e-19
8.603487e+02;2.909911e-19
8.604487e+02;2.909878e-19
8.605487e+02;2.909846e-19
8.606487e+02;2.909814e-19
8.607487e+02;2.909782e-19
8.608487e+02;2.909750e-19
8.609487e+02;2.909717e-19
8.610487e+02;2.909685e-19
8.611488e+02;2.909653e-19
8.612488e+02;2.909621e-19
8.613488e+02;2.909589e-19
8.614488e+02;2.909557e-19
8.615488e+02;2.909524e-19
8.616488e+02;2.909492e-19
8.617488e+02;2.909460e-19
8.618488e+02;2.909428e-19
8.619488e+02;2.909396e-19
8.620488e+02;2.909364e-19
8.621488e+02;2.909332e-19
8.622488e+02;2.909299e-19
8.623488e+02;2.909267e-19
8.624488e+02;2.909235e-19
8.625488e+02;2.909203e-19
8.626488e+02;2.909171e-19
8.627488e+02;2.909139e-19
8.628488e+02;2.909107e-19
8.629488e+02;2.909075e-19
8.630488e+02;2.909042e-19
8.631488e+02;2.909010e-19
8.632488e+02;2.908978e-19
8.633489e+02;2.908946e-19
8.634489e+02;2.908914e-19
8.635489e+02;2.908882e-19
8.636489e+02;2.908850e-19
8.637489e+02;2.908818e-19
8.638489e+02;2.908786e-19
8.639489e+02;2.908754e-19
8.640489e+02;2.908722e-19
8.641489e+02;2.908690e-19
8.642489e+02;2.908658e-19
8.643489e+02;2.908626e-19
8.644489e+02;2.908593e-19
8.645489e+02;2.908561e-19
8.646489e+02;2.908529e-19
8.647489e+02;2.908497e-19
8.648489e+02;2.908465e-19
8.649489e+02;2.908433e-19
8.650489e+02;2.908401e-19
8.651489e+02;2.908369e-19
8.652489e+02;2.908337e-19
8.653489e+02;2.908305e-19
8.654489e+02;2.908273e-19
8.655489e+02;2.908241e-19
8.656490e+02;2.908209e-19
8.657490e+02;2.908177e-19
8.658490e+02;2.908145e-19
8.659490e+02;2.908113e-19
8.660490e+02;2.908081e-19
8.661490e+02;2.908049e-19
8.662490e+02;2.908017e-19
8.663490e+02;2.907985e-19
8.664490e+02;2.907953e-19
8.665490e+02;2.907921e-19
8.666490e+02;2.907889e-19
8.667490e+02;2.907858e-19
8.668490e+02;2.907826e-19
8.669490e+02;2.907794e-19
8.670490e+02;2.907762e-19
8.671490e+02;2.907730e-19
8.672490e+02;2.907698e-19
8.673490e+02;2.907666e-19
8.674490e+02;2.907634e-19
8.675490e+02;2.907602e-19
8.676490e+02;2.907570e-19
8.677490e+02;2.907538e-19
8.678491e+02;2.907506e-19
8.679491e+02;2.907474e-19
8.680491e+02;2.907442e-19
8.681491e+02;2.907411e-19
8.682491e+02;2.907379e-19
8.683491e+02;2.907347e-19
8.684491e+02;2.907315e-19
8.685491e+02;2.907283e-19
8.686491e+02;2.907251e-19
8.687491e+02;2.907219e-19
8.688491e+02;2.907187e-19
8.689491e+02;2.907155e-19
8.690491e+02;2.907124e-19
8.691491e+02;2.907092e-19
8.692491e+02;2.907060e-19
8.693491e+02;2.907028e-19
8.694491e+02;2.906996e-19
8.695491e+02;2.906964e-19
8.696491e+02;2.906932e-19
8.697491e+02;2.906901e-19
8.698491e+02;2.906869e-19
8.699491e+02;2.906837e-19
8.700492e+02;2.906805e-19
8.701492e+02;2.906773e-19
8.702492e+02;2.906741e-19
8.703492e+02;2.906710e-19
8.704492e+02;2.906678e-19
8.705492e+02;2.906646e-19
8.706492e+02;2.906614e-19
8.707492e+02;2.906582e-19
8.708492e+02;2.906551e-19
8.709492e+02;2.906519e-19
8.710492e+02;2.906487e-19
8.711492e+02;2.906455e-19
8.712492e+02;2.906424e-19
8.713492e+02;2.906392e-19
8.714492e+02;2.906360e-19
8.715492e+02;2.906328e-19
8.716492e+02;2.906296e-19
8.717492e+02;2.906265e-19
8.718492e+02;2.906233e-19
8.719492e+02;2.906201e-19
8.720492e+02;2.906169e-19
8.721492e+02;2.906138e-19
8.722493e+02;2.906106e-19
8.723493e+02;2.906074e-19
8.724493e+02;2.906042e-19
8.725493e+02;2.906011e-19
8.726493e+02;2.905979e-19
8.727493e+02;2.905947e-19
8.728493e+02;2.905916e-19
8.729493e+02;2.905884e-19
8.730493e+02;2.905852e-19
8.731493e+02;2.905820e-19
8.732493e+02;2.905789e-19
8.733493e+02;2.905757e-19
8.734493e+02;2.905725e-19
8.735493e+02;2.905694e-19
8.736493e+02;2.905662e-19
8.737493e+02;2.905630e-19
8.738493e+02;2.905599e-19
8.739493e+02;2.905567e-19
8.740493e+02;2.905535e-19
8.741493e+02;2.905503e-19
8.742493e+02;2.905472e-19
8.743493e+02;2.905440e-19
8.744493e+02;2.905408e-19
8.745494e+02;2.905377e-19
8.746494e+02;2.905345e-19
8.747494e+02;2.905314e-19
8.748494e+02;2.905282e-19
8.749494e+02;2.905250e-19
8.750494e+02;2.905219e-19
8.751494e+02;2.905187e-19
8.752494e+02;2.905155e-19
8.753494e+02;2.905124e-19
8.754494e+02;2.905092e-19
8.755494e+02;2.905060e-19
8.756494e+02;2.905029e-19
8.757494e+02;2.904997e-19
8.758494e+02;2.904966e-19
8.759494e+02;2.904934e-19
8.760494e+02;2.904902e-19
8.761494e+02;2.904871e-19
8.762494e+02;2.904839e-19
8.763494e+02;2.904808e-19
8.764494e+02;2.904776e-19
8.765494e+02;2.904745e-19
8.766494e+02;2.904713e-19
8.767495e+02;2.904681e-19
8.768495e+02;2.904650e-19
8.769495e+02;2.904618e-19
8.770495e+02;2.904587e-19
8.771495e+02;2.904555e-19
8.772495e+02;2.904524e-19
8.773495e+02;2.904492e-19
8.774495e+02;2.904460e-19
8.775495e+02;2.904429e-19
8.776495e+02;2.904397e-19
8.777495e+02;2.904366e-19
8.778495e+02;2.904334e-19
8.779495e+02;2.904303e-19
8.780495e+02;2.904271e-19
8.781495e+02;2.904240e-19
8.782495e+02;2.904208e-19
8.783495e+02;2.904177e-19
8.784495e+02;2.904145e-19
8.785495e+02;2.904114e-19
8.786495e+02;2.904082e-19
8.787495e+02;2.904051e-19
8.788495e+02;2.904019e-19
8.789496e+02;2.903988e-19
8.790496e+02;2.903956e-19
8.791496e+02;2.903925e-19
8.792496e+02;2.903893e-19
8.793496e+02;2.903862e-19
8.794496e+02;2.903830e-19
8.795496e+02;2.903799e-19
8.796496e+02;2.903767e-19
8.797496e+02;2.903736e-19
8.798496e+02;2.903704e-19
8.799496e+02;2.903673e-19
8.800496e+02;2.903642e-19
8.801496e+02;2.903610e-19
8.802496e+02;2.903579e-19
8.803496e+02;2.903547e-19
8.804496e+02;2.903516e-19
8.805496e+02;2.903484e-19
8.806496e+02;2.903453e-19
8.807496e+02;2.903422e-19
8.808496e+02;2.903390e-19
8.809496e+02;2.903359e-19
8.810496e+02;2.903327e-19
8.811497e+02;2.903296e-19
8.812497e+02;2.903264e-19
8.813497e+02;2.903233e-19
8.814497e+02;2.903202e-19
8.815497e+02;2.903170e-19
8.816497e+02;2.903139e-19
8.817497e+02;2.903108e-19
8.818497e+02;2.903076e-19
8.819497e+02;2.903045e-19
8.820497e+02;2.903013e-19
8.821497e+02;2.902982e-19
8.822497e+02;2.902951e-19
8.823497e+02;2.902919e-19
8.824497e+02;2.902888e-19
8.825497e+02;2.902857e-19
8.826497e+02;2.902825e-19
8.827497e+02;2.902794e-19
8.828497e+02;2.902763e-19
8.829497e+02;2.902731e-19
8.830497e+02;2.902700e-19
8.831497e+02;2.902669e-19
8.832497e+02;2.902637e-19
8.833498e+02;2.902606e-19
8.834498e+02;2.902575e-19
8.835498e+02;2.902543e-19
8.836498e+02;2.902512e-19
8.837498e+02;2.902481e-19
8.838498e+02;2.902449e-19
8.839498e+02;2.902418e-19
8.840498e+02;2.902387e-19
8.841498e+02;2.902355e-19
8.842498e+02;2.902324e-19
8.843498e+02;2.902293e-19
8.844498e+02;2.902262e-19
8.845498e+02;2.902230e-19
8.846498e+02;2.902199e-19
8.847498e+02;2.902168e-19
8.848498e+02;2.902136e-19
8.849498e+02;2.902105e-19
8.850498e+02;2.902074e-19
8.851498e+02;2.902043e-19
8.852498e+02;2.902011e-19
8.853498e+02;2.901980e-19
8.854498e+02;2.901949e-19
8.855498e+02;2.901918e-19
8.856499e+02;2.901886e-19
8.857499e+02;2.901855e-19
8.858499e+02;2.901824e-19
8.859499e+02;2.901793e-19
8.860499e+02;2.901762e-19
8.861499e+02;2.901730e-19
8.862499e+02;2.901699e-19
8.863499e+02;2.901668e-19
8.864499e+02;2.901637e-19
8.865499e+02;2.901605e-19
8.866499e+02;2.901574e-19
8.867499e+02;2.901543e-19
8.868499e+02;2.901512e-19
8.869499e+02;2.901481e-19
8.870499e+02;2.901449e-19
8.871499e+02;2.901418e-19
8.872499e+02;2.901387e-19
8.873499e+02;2.901356e-19
8.874499e+02;2.901325e-19
8.875499e+02;2.901294e-19
8.876499e+02;2.901262e-19
8.877499e+02;2.901231e-19
8.878500e+02;2.901200e-19
8.879500e+02;2.901169e-19
8.880500e+02;2.901138e-19
8.881500e+02;2.901107e-19
8.882500e+02;2.901076e-19
8.883500e+02;2.901044e-19
8.884500e+02;2.901013e-19
8.885500e+02;2.900982e-19
8.886500e+02;2.900951e-19
8.887500e+02;2.900920e-19
8.888500e+02;2.900889e-19
8.889500e+02;2.900858e-19
8.890500e+02;2.900827e-19
8.891500e+02;2.900795e-19
8.892500e+02;2.900764e-19
8.893500e+02;2.900733e-19
8.894500e+02;2.900702e-19
8.895500e+02;2.900671e-19
8.896500e+02;2.900640e-19
8.897500e+02;2.900609e-19
8.898500e+02;2.900578e-19
8.899500e+02;2.900547e-19
8.900501e+02;2.900516e-19
8.901501e+02;2.900485e-19
8.902501e+02;2.900453e-19
8.903501e+02;2.900422e-19
8.904501e+02;2.900391e-19
8.905501e+02;2.900360e-19
8.906501e+02;2.900329e-19
8.907501e+02;2.900298e-19
8.908501e+02;2.900267e-19
8.909501e+02;2.900236e-19
8.910501e+02;2.900205e-19
8.911501e+02;2.900174e-19
8.912501e+02;2.900143e-19
8.913501e+02;2.900112e-19
8.914501e+02;2.900081e-19
8.915501e+02;2.900050e-19
8.916501e+02;2.900019e-19
8.917501e+02;2.899988e-19
8.918501e+02;2.899957e-19
8.919501e+02;2.899926e-19
8.920501e+02;2.899895e-19
8.921501e+02;2.899864e-19
8.922502e+02;2.899833e-19
8.923502e+02;2.899802e-19
8.924502e+02;2.899771e-19
8.925502e+02;2.899740e-19
8.926502e+02;2.899709e-19
8.927502e+02;2.899678e-19
8.928502e+02;2.899647e-19
8.929502e+02;2.899616e-19
8.930502e+02;2.899585e-19
8.931502e+02;2.899554e-19
8.932502e+02;2.899523e-19
8.933502e+02;2.899492e-19
8.934502e+02;2.899461e-19
8.935502e+02;2.899430e-19
8.936502e+02;2.899399e-19
8.937502e+02;2.899368e-19
8.938502e+02;2.899337e-19
8.939502e+02;2.899306e-19
8.940502e+02;2.899276e-19
8.941502e+02;2.899245e-19
8.942502e+02;2.899214e-19
8.943502e+02;2.899183e-19
8.944503e+02;2.899152e-19
8.945503e+02;2.899121e-19
8.946503e+02;2.899090e-19
8.947503e+02;2.899059e-19
8.948503e+02;2.899028e-19
8.949503e+02;2.898997e-19
8.950503e+02;2.898966e-19
8.951503e+02;2.898936e-19
8.952503e+02;2.898905e-19
8.953503e+02;2.898874e-19
8.954503e+02;2.898843e-19
8.955503e+02;2.898812e-19
8.956503e+02;2.898781e-19
8.957503e+02;2.898750e-19
8.958503e+02;2.898719e-19
8.959503e+02;2.898689e-19
8.960503e+02;2.898658e-19
8.961503e+02;2.898627e-19
8.962503e+02;2.898596e-19
8.963503e+02;2.898565e-19
8.964503e+02;2.898534e-19
8.965503e+02;2.898503e-19
8.966503e+02;2.898473e-19
8.967504e+02;2.898442e-19
8.968504e+02;2.898411e-19
8.969504e+02;2.898380e-19
8.970504e+02;2.898349e-19
8.971504e+02;2.898318e-19
8.972504e+02;2.898288e-19
8.973504e+02;2.898257e-19
8.974504e+02;2.898226e-19
8.975504e+02;2.898195e-19
8.976504e+02;2.898164e-19
8.977504e+02;2.898134e-19
8.978504e+02;2.898103e-19
8.979504e+02;2.898072e-19
8.980504e+02;2.898041e-19
8.981504e+02;2.898010e-19
8.982504e+02;2.897980e-19
8.983504e+02;2.897949e-19
8.984504e+02;2.897918e-19
8.985504e+02;2.897887e-19
8.986504e+02;2.897857e-19
8.987504e+02;2.897826e-19
8.988504e+02;2.897795e-19
8.989505e+02;2.897764e-19
8.990505e+02;2.897734e-19
8.991505e+02;2.897703e-19
8.992505e+02;2.897672e-19
8.993505e+02;2.897641e-19
8.994505e+02;2.897611e-19
8.995505e+02;2.897580e-19
8.996505e+02;2.897549e-19
8.997505e+02;2.897518e-19
8.998505e+02;2.897488e-19
8.999505e+02;2.897457e-19
9.000505e+02;2.897426e-19
9.001505e+02;2.897396e-19
9.002505e+02;2.897365e-19
9.003505e+02;2.897334e-19
9.004505e+02;2.897303e-19
9.005505e+02;2.897273e-19
9.006505e+02;2.897242e-19
9.007505e+02;2.897211e-19
9.008505e+02;2.897181e-19
9.009505e+02;2.897150e-19
9.010505e+02;2.897119e-19
9.011506e+02;2.897089e-19
9.012506e+02;2.897058e-19
9.013506e+02;2.897027e-19
9.014506e+02;2.896997e-19
9.015506e+02;2.896966e-19
9.016506e+02;2.896935e-19
9.017506e+02;2.896905e-19
9.018506e+02;2.896874e-19
9.019506e+02;2.896843e-19
9.020506e+02;2.896813e-19
9.021506e+02;2.896782e-19
9.022506e+02;2.896752e-19
9.023506e+02;2.896721e-19
9.024506e+02;2.896690e-19
9.025506e+02;2.896660e-19
9.026506e+02;2.896629e-19
9.027506e+02;2.896598e-19
9.028506e+02;2.896568e-19
9.029506e+02;2.896537e-19
9.030506e+02;2.896507e-19
9.031506e+02;2.896476e-19
9.032506e+02;2.896445e-19
9.033507e+02;2.896415e-19
9.034507e+02;2.896384e-19
9.035507e+02;2.896354e-19
9.036507e+02;2.896323e-19
9.037507e+02;2.896292e-19
9.038507e+02;2.896262e-19
9.039507e+02;2.896231e-19
9.040507e+02;2.896201e-19
9.041507e+02;2.896170e-19
9.042507e+02;2.896140e-19
9.043507e+02;2.896109e-19
9.044507e+02;2.896078e-19
9.045507e+02;2.896048e-19
9.046507e+02;2.896017e-19
9.047507e+02;2.895987e-19
9.048507e+02;2.895956e-19
9.049507e+02;2.895926e-19
9.050507e+02;2.895895e-19
9.051507e+02;2.895865e-19
9.052507e+02;2.895834e-19
9.053507e+02;2.895804e-19
9.054507e+02;2.895773e-19
9.055507e+02;2.895743e-19
9.056508e+02;2.895712e-19
9.057508e+02;2.895682e-19
9.058508e+02;2.895651e-19
9.059508e+02;2.895621e-19
9.060508e+02;2.895590e-19
9.061508e+02;2.895560e-19
9.062508e+02;2.895529e-19
9.063508e+02;2.895499e-19
9.064508e+02;2.895468e-19
9.065508e+02;2.895438e-19
9.066508e+02;2.895407e-19
9.067508e+02;2.895377e-19
9.068508e+02;2.895346e-19
9.069508e+02;2.895316e-19
9.070508e+02;2.895285e-19
9.071508e+02;2.895255e-19
9.072508e+02;2.895224e-19
9.073508e+02;2.895194e-19
9.074508e+02;2.895163e-19
9.075508e+02;2.895133e-19
9.076508e+02;2.895103e-19
9.077508e+02;2.895072e-19
9.078509e+02;2.895042e-19
9.079509e+02;2.895011e-19
9.080509e+02;2.894981e-19
9.081509e+02;2.894950e-19
9.082509e+02;2.894920e-19
9.083509e+02;2.894890e-19
9.084509e+02;2.894859e-19
9.085509e+02;2.894829e-19
9.086509e+02;2.894798e-19
9.087509e+02;2.894768e-19
9.088509e+02;2.894737e-19
9.089509e+02;2.894707e-19
9.090509e+02;2.894677e-19
9.091509e+02;2.894646e-19
9.092509e+02;2.894616e-19
9.093509e+02;2.894586e-19
9.094509e+02;2.894555e-19
9.095509e+02;2.894525e-19
9.096509e+02;2.894494e-19
9.097509e+02;2.894464e-19
9.098509e+02;2.894434e-19
9.099509e+02;2.894403e-19
9.100510e+02;2.894373e-19
9.101510e+02;2.894343e-19
9.102510e+02;2.894312e-19
9.103510e+02;2.894282e-19
9.104510e+02;2.894252e-19
9.105510e+02;2.894221e-19
9.106510e+02;2.894191e-19
9.107510e+02;2.894161e-19
9.108510e+02;2.894130e-19
9.109510e+02;2.894100e-19
9.110510e+02;2.894070e-19
9.111510e+02;2.894039e-19
9.112510e+02;2.894009e-19
9.113510e+02;2.893979e-19
9.114510e+02;2.893948e-19
9.115510e+02;2.893918e-19
9.116510e+02;2.893888e-19
9.117510e+02;2.893857e-19
9.118510e+02;2.893827e-19
9.119510e+02;2.893797e-19
9.120510e+02;2.893767e-19
9.121510e+02;2.893736e-19
9.122511e+02;2.893706e-19
9.123511e+02;2.893676e-19
9.124511e+02;2.893645e-19
9.125511e+02;2.893615e-19
9.126511e+02;2.893585e-19
9.127511e+02;2.893555e-19
9.128511e+02;2.893524e-19
9.129511e+02;2.893494e-19
9.130511e+02;2.893464e-19
9.131511e+02;2.893434e-19
9.132511e+02;2.893403e-19
9.133511e+02;2.893373e-19
9.134511e+02;2.893343e-19
9.135511e+02;2.893313e-19
9.136511e+02;2.893282e-19
9.137511e+02;2.893252e-19
9.138511e+02;2.893222e-19
9.139511e+02;2.893192e-19
9.140511e+02;2.893161e-19
9.141511e+02;2.893131e-19
9.142511e+02;2.893101e-19
9.143511e+02;2.893071e-19
9.144512e+02;2.893041e-19
9.145512e+02;2.893010e-19
9.146512e+02;2.892980e-19
9.147512e+02;2.892950e-19
9.148512e+02;2.892920e-19
9.149512e+02;2.892890e-19
9.150512e+02;2.892859e-19
9.151512e+02;2.892829e-19
9.152512e+02;2.892799e-19
9.153512e+02;2.892769e-19
9.154512e+02;2.892739e-19
9.155512e+02;2.892709e-19
9.156512e+02;2.892678e-19
9.157512e+02;2.892648e-19
9.158512e+02;2.892618e-19
9.159512e+02;2.892588e-19
9.160512e+02;2.892558e-19
9.161512e+02;2.892528e-19
9.162512e+02;2.892498e-19
9.163512e+02;2.892467e-19
9.164512e+02;2.892437e-19
9.165512e+02;2.892407e-19
9.166512e+02;2.892377e-19
9.167513e+02;2.892347e-19
9.168513e+02;2.892317e-19
9.169513e+02;2.892287e-19
9.170513e+02;2.892257e-19
9.171513e+02;2.892226e-19
9.172513e+02;2.892196e-19
9.173513e+02;2.892166e-19
9.174513e+02;2.892136e-19
9.175513e+02;2.892106e-19
9.176513e+02;2.892076e-19
9.177513e+02;2.892046e-19
9.178513e+02;2.892016e-19
9.179513e+02;2.891986e-19
9.180513e+02;2.891956e-19
9.181513e+02;2.891926e-19
9.182513e+02;2.891895e-19
9.183513e+02;2.891865e-19
9.184513e+02;2.891835e-19
9.185513e+02;2.891805e-19
9.186513e+02;2.891775e-19
9.187513e+02;2.891745e-19
9.188513e+02;2.891715e-19
9.189514e+02;2.891685e-19
9.190514e+02;2.891655e-19
9.191514e+02;2.891625e-19
9.192514e+02;2.891595e-19
9.193514e+02;2.891565e-19
9.194514e+02;2.891535e-19
9.195514e+02;2.891505e-19
9.196514e+02;2.891475e-19
9.197514e+02;2.891445e-19
9.198514e+02;2.891415e-19
9.199514e+02;2.891385e-19
9.200514e+02;2.891355e-19
9.201514e+02;2.891325e-19
9.202514e+02;2.891295e-19
9.203514e+02;2.891265e-19
9.204514e+02;2.891235e-19
9.205514e+02;2.891205e-19
9.206514e+02;2.891175e-19
9.207514e+02;2.891145e-19
9.208514e+02;2.891115e-19
9.209514e+02;2.891085e-19
9.210514e+02;2.891055e-19
9.211515e+02;2.891025e-19
9.212515e+02;2.890995e-19
9.213515e+02;2.890965e-19
9.214515e+02;2.890935e-19
9.215515e+02;2.890905e-19
9.216515e+02;2.890875e-19
9.217515e+02;2.890845e-19
9.218515e+02;2.890815e-19
9.219515e+02;2.890785e-19
9.220515e+02;2.890755e-19
9.221515e+02;2.890725e-19
9.222515e+02;2.890695e-19
9.223515e+02;2.890665e-19
9.224515e+02;2.890635e-19
9.225515e+02;2.890606e-19
9.226515e+02;2.890576e-19
9.227515e+02;2.890546e-19
9.228515e+02;2.890516e-19
9.229515e+02;2.890486e-19
9.230515e+02;2.890456e-19
9.231515e+02;2.890426e-19
9.232515e+02;2.890396e-19
9.233516e+02;2.890366e-19
9.234516e+02;2.890336e-19
9.235516e+02;2.890306e-19
9.236516e+02;2.890277e-19
9.237516e+02;2.890247e-19
9.238516e+02;2.890217e-19
9.239516e+02;2.890187e-19
9.240516e+02;2.890157e-19
9.241516e+02;2.890127e-19
9.242516e+02;2.890097e-19
9.243516e+02;2.890067e-19
9.244516e+02;2.890038e-19
9.245516e+02;2.890008e-19
9.246516e+02;2.889978e-19
9.247516e+02;2.889948e-19
9.248516e+02;2.889918e-19
9.249516e+02;2.889888e-19
9.250516e+02;2.889859e-19
9.251516e+02;2.889829e-19
9.252516e+02;2.889799e-19
9.253516e+02;2.889769e-19
9.254516e+02;2.889739e-19
9.255516e+02;2.889709e-19
9.256517e+02;2.889680e-19
9.257517e+02;2.889650e-19
9.258517e+02;2.889620e-19
9.259517e+02;2.889590e-19
9.260517e+02;2.889560e-19
9.261517e+02;2.889531e-19
9.262517e+02;2.889501e-19
9.263517e+02;2.889471e-19
9.264517e+02;2.889441e-19
9.265517e+02;2.889411e-19
9.266517e+02;2.889382e-19
9.267517e+02;2.889352e-19
9.268517e+02;2.889322e-19
9.269517e+02;2.889292e-19
9.270517e+02;2.889262e-19
9.271517e+02;2.889233e-19
9.272517e+02;2.889203e-19
9.273517e+02;2.889173e-19
9.274517e+02;2.889143e-19
9.275517e+02;2.889114e-19
9.276517e+02;2.889084e-19
9.277517e+02;2.889054e-19
9.278518e+02;2.889024e-19
9.279518e+02;2.888995e-19
9.280518e+02;2.888965e-19
9.281518e+02;2.888935e-19
9.282518e+02;2.888905e-19
9.283518e+02;2.888876e-19
9.284518e+02;2.888846e-19
9.285518e+02;2.888816e-19
9.286518e+02;2.888787e-19
9.287518e+02;2.888757e-19
9.288518e+02;2.888727e-19
9.289518e+02;2.888697e-19
9.290518e+02;2.888668e-19
9.291518e+02;2.888638e-19
9.292518e+02;2.888608e-19
9.293518e+02;2.888579e-19
9.294518e+02;2.888549e-19
9.295518e+02;2.888519e-19
9.296518e+02;2.888490e-19
9.297518e+02;2.888460e-19
9.298518e+02;2.888430e-19
9.299518e+02;2.888401e-19
9.300519e+02;2.888371e-19
9.301519e+02;2.888341e-19
9.302519e+02;2.888312e-19
9.303519e+02;2.888282e-19
9.304519e+02;2.888252e-19
9.305519e+02;2.888223e-19
9.306519e+02;2.888193e-19
9.307519e+02;2.888163e-19
9.308519e+02;2.888134e-19
9.309519e+02;2.888104e-19
9.310519e+02;2.888074e-19
9.311519e+02;2.888045e-19
9.312519e+02;2.888015e-19
9.313519e+02;2.887985e-19
9.314519e+02;2.887956e-19
9.315519e+02;2.887926e-19
9.316519e+02;2.887897e-19
9.317519e+02;2.887867e-19
9.318519e+02;2.887837e-19
9.319519e+02;2.887808e-19
9.320519e+02;2.887778e-19
9.321519e+02;2.887749e-19
9.322520e+02;2.887719e-19
9.323520e+02;2.887689e-19
9.324520e+02;2.887660e-19
9.325520e+02;2.887630e-19
9.326520e+02;2.887601e-19
9.327520e+02;2.887571e-19
9.328520e+02;2.887541e-19
9.329520e+02;2.887512e-19
9.330520e+02;2.887482e-19
9.331520e+02;2.887453e-19
9.332520e+02;2.887423e-19
9.333520e+02;2.887394e-19
9.334520e+02;2.887364e-19
9.335520e+02;2.887334e-19
9.336520e+02;2.887305e-19
9.337520e+02;2.887275e-19
9.338520e+02;2.887246e-19
9.339520e+02;2.887216e-19
9.340520e+02;2.887187e-19
9.341520e+02;2.887157e-19
9.342520e+02;2.887128e-19
9.343520e+02;2.887098e-19
9.344521e+02;2.887069e-19
9.345521e+02;2.887039e-19
9.346521e+02;2.887010e-19
9.347521e+02;2.886980e-19
9.348521e+02;2.886951e-19
9.349521e+02;2.886921e-19
9.350521e+02;2.886892e-19
9.351521e+02;2.886862e-19
9.352521e+02;2.886833e-19
9.353521e+02;2.886803e-19
9.354521e+02;2.886774e-19
9.355521e+02;2.886744e-19
9.356521e+02;2.886715e-19
9.357521e+02;2.886685e-19
9.358521e+02;2.886656e-19
9.359521e+02;2.886626e-19
9.360521e+02;2.886597e-19
9.361521e+02;2.886567e-19
9.362521e+02;2.886538e-19
9.363521e+02;2.886508e-19
9.364521e+02;2.886479e-19
9.365521e+02;2.886449e-19
9.366521e+02;2.886420e-19
9.367522e+02;2.886390e-19
9.368522e+02;2.886361e-19
9.369522e+02;2.886332e-19
9.370522e+02;2.886302e-19
9.371522e+02;2.886273e-19
9.372522e+02;2.886243e-19
9.373522e+02;2.886214e-19
9.374522e+02;2.886184e-19
9.375522e+02;2.886155e-19
9.376522e+02;2.886126e-19
9.377522e+02;2.886096e-19
9.378522e+02;2.886067e-19
9.379522e+02;2.886037e-19
9.380522e+02;2.886008e-19
9.381522e+02;2.885979e-19
9.382522e+02;2.885949e-19
9.383522e+02;2.885920e-19
9.384522e+02;2.885890e-19
9.385522e+02;2.885861e-19
9.386522e+02;2.885832e-19
9.387522e+02;2.885802e-19
9.388522e+02;2.885773e-19
9.389523e+02;2.885743e-19
9.390523e+02;2.885714e-19
9.391523e+02;2.885685e-19
9.392523e+02;2.885655e-19
9.393523e+02;2.885626e-19
9.394523e+02;2.885597e-19
9.395523e+02;2.885567e-19
9.396523e+02;2.885538e-19
9.397523e+02;2.885509e-19
9.398523e+02;2.885479e-19
9.399523e+02;2.885450e-19
9.400523e+02;2.885421e-19
9.401523e+02;2.885391e-19
9.402523e+02;2.885362e-19
9.403523e+02;2.885333e-19
9.404523e+02;2.885303e-19
9.405523e+02;2.885274e-19
9.406523e+02;2.885245e-19
9.407523e+02;2.885215e-19
9.408523e+02;2.885186e-19
9.409523e+02;2.885157e-19
9.410523e+02;2.885127e-19
9.411524e+02;2.885098e-19
9.412524e+02;2.885069e-19
9.413524e+02;2.885039e-19
9.414524e+02;2.885010e-19
9.415524e+02;2.884981e-19
9.416524e+02;2.884952e-19
9.417524e+02;2.884922e-19
9.418524e+02;2.884893e-19
9.419524e+02;2.884864e-19
9.420524e+02;2.884835e-19
9.421524e+02;2.884805e-19
9.422524e+02;2.884776e-19
9.423524e+02;2.884747e-19
9.424524e+02;2.884717e-19
9.425524e+02;2.884688e-19
9.426524e+02;2.884659e-19
9.427524e+02;2.884630e-19
9.428524e+02;2.884600e-19
9.429524e+02;2.884571e-19
9.430524e+02;2.884542e-19
9.431524e+02;2.884513e-19
9.432524e+02;2.884483e-19
9.433525e+02;2.884454e-19
9.434525e+02;2.884425e-19
9.435525e+02;2.884396e-19
9.436525e+02;2.884367e-19
9.437525e+02;2.884337e-19
9.438525e+02;2.884308e-19
9.439525e+02;2.884279e-19
9.440525e+02;2.884250e-19
9.441525e+02;2.884221e-19
9.442525e+02;2.884191e-19
9.443525e+02;2.884162e-19
9.444525e+02;2.884133e-19
9.445525e+02;2.884104e-19
9.446525e+02;2.884075e-19
9.447525e+02;2.884045e-19
9.448525e+02;2.884016e-19
9.449525e+02;2.883987e-19
9.450525e+02;2.883958e-19
9.451525e+02;2.883929e-19
9.452525e+02;2.883899e-19
9.453525e+02;2.883870e-19
9.454525e+02;2.883841e-19
9.455525e+02;2.883812e-19
9.456526e+02;2.883783e-19
9.457526e+02;2.883754e-19
9.458526e+02;2.883725e-19
9.459526e+02;2.883695e-19
9.460526e+02;2.883666e-19
9.461526e+02;2.883637e-19
9.462526e+02;2.883608e-19
9.463526e+02;2.883579e-19
9.464526e+02;2.883550e-19
9.465526e+02;2.883521e-19
9.466526e+02;2.883491e-19
9.467526e+02;2.883462e-19
9.468526e+02;2.883433e-19
9.469526e+02;2.883404e-19
9.470526e+02;2.883375e-19
9.471526e+02;2.883346e-19
9.472526e+02;2.883317e-19
9.473526e+02;2.883288e-19
9.474526e+02;2.883259e-19
9.475526e+02;2.883230e-19
9.476526e+02;2.883200e-19
9.477526e+02;2.883171e-19
9.478527e+02;2.883142e-19
9.479527e+02;2.883113e-19
9.480527e+02;2.883084e-19
9.481527e+02;2.883055e-19
9.482527e+02;2.883026e-19
9.483527e+02;2.882997e-19
9.484527e+02;2.882968e-19
9.485527e+02;2.882939e-19
9.486527e+02;2.882910e-19
9.487527e+02;2.882881e-19
9.488527e+02;2.882852e-19
9.489527e+02;2.882823e-19
9.490527e+02;2.882794e-19
9.491527e+02;2.882764e-19
9.492527e+02;2.882735e-19
9.493527e+02;2.882706e-19
9.494527e+02;2.882677e-19
9.495527e+02;2.882648e-19
9.496527e+02;2.882619e-19
9.497527e+02;2.882590e-19
9.498527e+02;2.882561e-19
9.499527e+02;2.882532e-19
9.500528e+02;2.882503e-19
9.501528e+02;2.882474e-19
9.502528e+02;2.882445e-19
9.503528e+02;2.882416e-19
9.504528e+02;2.882387e-19
9.505528e+02;2.882358e-19
9.506528e+02;2.882329e-19
9.507528e+02;2.882300e-19
9.508528e+02;2.882271e-19
9.509528e+02;2.882242e-19
9.510528e+02;2.882213e-19
9.511528e+02;2.882184e-19
9.512528e+02;2.882155e-19
9.513528e+02;2.882126e-19
9.514528e+02;2.882097e-19
9.515528e+02;2.882068e-19
9.516528e+02;2.882039e-19
9.517528e+02;2.882011e-19
9.518528e+02;2.881982e-19
9.519528e+02;2.881953e-19
9.520528e+02;2.881924e-19
9.521528e+02;2.881895e-19
9.522529e+02;2.881866e-19
9.523529e+02;2.881837e-19
9.524529e+02;2.881808e-19
9.525529e+02;2.881779e-19
9.526529e+02;2.881750e-19
9.527529e+02;2.881721e-19
9.528529e+02;2.881692e-19
9.529529e+02;2.881663e-19
9.530529e+02;2.881634e-19
9.531529e+02;2.881605e-19
9.532529e+02;2.881577e-19
9.533529e+02;2.881548e-19
9.534529e+02;2.881519e-19
9.535529e+02;2.881490e-19
9.536529e+02;2.881461e-19
9.537529e+02;2.881432e-19
9.538529e+02;2.881403e-19
9.539529e+02;2.881374e-19
9.540529e+02;2.881345e-19
9.541529e+02;2.881316e-19
9.542529e+02;2.881288e-19
9.543529e+02;2.881259e-19
9.544530e+02;2.881230e-19
9.545530e+02;2.881201e-19
9.546530e+02;2.881172e-19
9.547530e+02;2.881143e-19
9.548530e+02;2.881114e-19
9.549530e+02;2.881086e-19
9.550530e+02;2.881057e-19
9.551530e+02;2.881028e-19
9.552530e+02;2.880999e-19
9.553530e+02;2.880970e-19
9.554530e+02;2.880941e-19
9.555530e+02;2.880912e-19
9.556530e+02;2.880884e-19
9.557530e+02;2.880855e-19
9.558530e+02;2.880826e-19
9.559530e+02;2.880797e-19
9.560530e+02;2.880768e-19
9.561530e+02;2.880740e-19
9.562530e+02;2.880711e-19
9.563530e+02;2.880682e-19
9.564530e+02;2.880653e-19
9.565530e+02;2.880624e-19
9.566530e+02;2.880595e-19
9.567531e+02;2.880567e-19
9.568531e+02;2.880538e-19
9.569531e+02;2.880509e-19
9.570531e+02;2.880480e-19
9.571531e+02;2.880452e-19
9.572531e+02;2.880423e-19
9.573531e+02;2.880394e-19
9.574531e+02;2.880365e-19
9.575531e+02;2.880336e-19
9.576531e+02;2.880308e-19
9.577531e+02;2.880279e-19
9.578531e+02;2.880250e-19
9.579531e+02;2.880221e-19
9.580531e+02;2.880193e-19
9.581531e+02;2.880164e-19
9.582531e+02;2.880135e-19
9.583531e+02;2.880106e-19
9.584531e+02;2.880078e-19
9.585531e+02;2.880049e-19
9.586531e+02;2.880020e-19
9.587531e+02;2.879991e-19
9.588531e+02;2.879963e-19
9.589532e+02;2.879934e-19
9.590532e+02;2.879905e-19
9.591532e+02;2.879876e-19
9.592532e+02;2.879848e-19
9.593532e+02;2.879819e-19
9.594532e+02;2.879790e-19
9.595532e+02;2.879762e-19
9.596532e+02;2.879733e-19
9.597532e+02;2.879704e-19
9.598532e+02;2.879675e-19
9.599532e+02;2.879647e-19
9.600532e+02;2.879618e-19
9.601532e+02;2.879589e-19
9.602532e+02;2.879561e-19
9.603532e+02;2.879532e-19
9.604532e+02;2.879503e-19
9.605532e+02;2.879475e-19
9.606532e+02;2.879446e-19
9.607532e+02;2.879417e-19
9.608532e+02;2.879389e-19
9.609532e+02;2.879360e-19
9.610532e+02;2.879331e-19
9.611533e+02;2.879303e-19
9.612533e+02;2.879274e-19
9.613533e+02;2.879245e-19
9.614533e+02;2.879217e-19
9.615533e+02;2.879188e-19
9.616533e+02;2.879159e-19
9.617533e+02;2.879131e-19
9.618533e+02;2.879102e-19
9.619533e+02;2.879073e-19
9.620533e+02;2.879045e-19
9.621533e+02;2.879016e-19
9.622533e+02;2.878988e-19
9.623533e+02;2.878959e-19
9.624533e+02;2.878930e-19
9.625533e+02;2.878902e-19
9.626533e+02;2.878873e-19
9.627533e+02;2.878845e-19
9.628533e+02;2.878816e-19
9.629533e+02;2.878787e-19
9.630533e+02;2.878759e-19
9.631533e+02;2.878730e-19
9.632533e+02;2.878702e-19
9.633534e+02;2.878673e-19
9.634534e+02;2.878644e-19
9.635534e+02;2.878616e-19
9.636534e+02;2.878587e-19
9.637534e+02;2.878559e-19
9.638534e+02;2.878530e-19
9.639534e+02;2.878501e-19
9.640534e+02;2.878473e-19
9.641534e+02;2.878444e-19
9.642534e+02;2.878416e-19
9.643534e+02;2.878387e-19
9.644534e+02;2.878359e-19
9.645534e+02;2.878330e-19
9.646534e+02;2.878302e-19
9.647534e+02;2.878273e-19
9.648534e+02;2.878244e-19
9.649534e+02;2.878216e-19
9.650534e+02;2.878187e-19
9.651534e+02;2.878159e-19
9.652534e+02;2.878130e-19
9.653534e+02;2.878102e-19
9.654534e+02;2.878073e-19
9.655534e+02;2.878045e-19
9.656535e+02;2.878016e-19
9.657535e+02;2.877988e-19
9.658535e+02;2.877959e-19
9.659535e+02;2.877931e-19
9.660535e+02;2.877902e-19
9.661535e+02;2.877874e-19
9.662535e+02;2.877845e-19
9.663535e+02;2.877817e-19
9.664535e+02;2.877788e-19
9.665535e+02;2.877760e-19
9.666535e+02;2.877731e-19
9.667535e+02;2.877703e-19
9.668535e+02;2.877674e-19
9.669535e+02;2.877646e-19
9.670535e+02;2.877617e-19
9.671535e+02;2.877589e-19
9.672535e+02;2.877560e-19
9.673535e+02;2.877532e-19
9.674535e+02;2.877503e-19
9.675535e+02;2.877475e-19
9.676535e+02;2.877447e-19
9.677535e+02;2.877418e-19
9.678536e+02;2.877390e-19
9.679536e+02;2.877361e-19
9.680536e+02;2.877333e-19
9.681536e+02;2.877304e-19
9.682536e+02;2.877276e-19
9.683536e+02;2.877247e-19
9.684536e+02;2.877219e-19
9.685536e+02;2.877191e-19
9.686536e+02;2.877162e-19
9.687536e+02;2.877134e-19
9.688536e+02;2.877105e-19
9.689536e+02;2.877077e-19
9.690536e+02;2.877048e-19
9.691536e+02;2.877020e-19
9.692536e+02;2.876992e-19
9.693536e+02;2.876963e-19
9.694536e+02;2.876935e-19
9.695536e+02;2.876906e-19
9.696536e+02;2.876878e-19
9.697536e+02;2.876850e-19
9.698536e+02;2.876821e-19
9.699536e+02;2.876793e-19
9.700537e+02;2.876764e-19
9.701537e+02;2.876736e-19
9.702537e+02;2.876708e-19
9.703537e+02;2.876679e-19
9.704537e+02;2.876651e-19
9.705537e+02;2.876623e-19
9.706537e+02;2.876594e-19
9.707537e+02;2.876566e-19
9.708537e+02;2.876538e-19
9.709537e+02;2.876509e-19
9.710537e+02;2.876481e-19
9.711537e+02;2.876452e-19
9.712537e+02;2.876424e-19
9.713537e+02;2.876396e-19
9.714537e+02;2.876367e-19
9.715537e+02;2.876339e-19
9.716537e+02;2.876311e-19
9.717537e+02;2.876282e-19
9.718537e+02;2.876254e-19
9.719537e+02;2.876226e-19
9.720537e+02;2.876197e-19
9.721537e+02;2.876169e-19
9.722538e+02;2.876141e-19
9.723538e+02;2.876113e-19
9.724538e+02;2.876084e-19
9.725538e+02;2.876056e-19
9.726538e+02;2.876028e-19
9.727538e+02;2.875999e-19
9.728538e+02;2.875971e-19
9.729538e+02;2.875943e-19
9.730538e+02;2.875914e-19
9.731538e+02;2.875886e-19
9.732538e+02;2.875858e-19
9.733538e+02;2.875830e-19
9.734538e+02;2.875801e-19
9.735538e+02;2.875773e-19
9.736538e+02;2.875745e-19
9.737538e+02;2.875717e-19
9.738538e+02;2.875688e-19
9.739538e+02;2.875660e-19
9.740538e+02;2.875632e-19
9.741538e+02;2.875603e-19
9.742538e+02;2.875575e-19
9.743538e+02;2.875547e-19
9.744539e+02;2.875519e-19
9.745539e+02;2.875490e-19
9.746539e+02;2.875462e-19
9.747539e+02;2.875434e-19
9.748539e+02;2.875406e-19
9.749539e+02;2.875378e-19
9.750539e+02;2.875349e-19
9.751539e+02;2.875321e-19
9.752539e+02;2.875293e-19
9.753539e+02;2.875265e-19
9.754539e+02;2.875236e-19
9.755539e+02;2.875208e-19
9.756539e+02;2.875180e-19
9.757539e+02;2.875152e-19
9.758539e+02;2.875124e-19
9.759539e+02;2.875095e-19
9.760539e+02;2.875067e-19
9.761539e+02;2.875039e-19
9.762539e+02;2.875011e-19
9.763539e+02;2.874983e-19
9.764539e+02;2.874954e-19
9.765539e+02;2.874926e-19
9.766539e+02;2.874898e-19
9.767540e+02;2.874870e-19
9.768540e+02;2.874842e-19
9.769540e+02;2.874814e-19
9.770540e+02;2.874785e-19
9.771540e+02;2.874757e-19
9.772540e+02;2.874729e-19
9.773540e+02;2.874701e-19
9.774540e+02;2.874673e-19
9.775540e+02;2.874645e-19
9.776540e+02;2.874616e-19
9.777540e+02;2.874588e-19
9.778540e+02;2.874560e-19
9.779540e+02;2.874532e-19
9.780540e+02;2.874504e-19
9.781540e+02;2.874476e-19
9.782540e+02;2.874448e-19
9.783540e+02;2.874419e-19
9.784540e+02;2.874391e-19
9.785540e+02;2.874363e-19
9.786540e+02;2.874335e-19
9.787540e+02;2.874307e-19
9.788540e+02;2.874279e-19
9.789541e+02;2.874251e-19
9.790541e+02;2.874223e-19
9.791541e+02;2.874195e-19
9.792541e+02;2.874166e-19
9.793541e+02;2.874138e-19
9.794541e+02;2.874110e-19
9.795541e+02;2.874082e-19
9.796541e+02;2.874054e-19
9.797541e+02;2.874026e-19
9.798541e+02;2.873998e-19
9.799541e+02;2.873970e-19
9.800541e+02;2.873942e-19
9.801541e+02;2.873914e-19
9.802541e+02;2.873886e-19
9.803541e+02;2.873858e-19
9.804541e+02;2.873829e-19
9.805541e+02;2.873801e-19
9.806541e+02;2.873773e-19
9.807541e+02;2.873745e-19
9.808541e+02;2.873717e-19
9.809541e+02;2.873689e-19
9.810541e+02;2.873661e-19
9.811542e+02;2.873633e-19
9.812542e+02;2.873605e-19
9.813542e+02;2.873577e-19
9.814542e+02;2.873549e-19
9.815542e+02;2.873521e-19
9.816542e+02;2.873493e-19
9.817542e+02;2.873465e-19
9.818542e+02;2.873437e-19
9.819542e+02;2.873409e-19
9.820542e+02;2.873381e-19
9.821542e+02;2.873353e-19
9.822542e+02;2.873325e-19
9.823542e+02;2.873297e-19
9.824542e+02;2.873269e-19
9.825542e+02;2.873241e-19
9.826542e+02;2.873213e-19
9.827542e+02;2.873185e-19
9.828542e+02;2.873157e-19
9.829542e+02;2.873129e-19
9.830542e+02;2.873101e-19
9.831542e+02;2.873073e-19
9.832542e+02;2.873045e-19
9.833543e+02;2.873017e-19
9.834543e+02;2.872989e-19
9.835543e+02;2.872961e-19
9.836543e+02;2.872933e-19
9.837543e+02;2.872905e-19
9.838543e+02;2.872877e-19
9.839543e+02;2.872849e-19
9.840543e+02;2.872821e-19
9.841543e+02;2.872793e-19
9.842543e+02;2.872765e-19
9.843543e+02;2.872737e-19
9.844543e+02;2.872709e-19
9.845543e+02;2.872681e-19
9.846543e+02;2.872654e-19
9.847543e+02;2.872626e-19
9.848543e+02;2.872598e-19
9.849543e+02;2.872570e-19
9.850543e+02;2.872542e-19
9.851543e+02;2.872514e-19
9.852543e+02;2.872486e-19
9.853543e+02;2.872458e-19
9.854543e+02;2.872430e-19
9.855543e+02;2.872402e-19
9.856544e+02;2.872374e-19
9.857544e+02;2.872346e-19
9.858544e+02;2.872318e-19
9.859544e+02;2.872291e-19
9.860544e+02;2.872263e-19
9.861544e+02;2.872235e-19
9.862544e+02;2.872207e-19
9.863544e+02;2.872179e-19
9.864544e+02;2.872151e-19
9.865544e+02;2.872123e-19
9.866544e+02;2.872095e-19
9.867544e+02;2.872067e-19
9.868544e+02;2.872040e-19
9.869544e+02;2.872012e-19
9.870544e+02;2.871984e-19
9.871544e+02;2.871956e-19
9.872544e+02;2.871928e-19
9.873544e+02;2.871900e-19
9.874544e+02;2.871872e-19
9.875544e+02;2.871845e-19
9.876544e+02;2.871817e-19
9.877544e+02;2.871789e-19
9.878545e+02;2.871761e-19
9.879545e+02;2.871733e-19
9.880545e+02;2.871705e-19
9.881545e+02;2.871678e-19
9.882545e+02;2.871650e-19
9.883545e+02;2.871622e-19
9.884545e+02;2.871594e-19
9.885545e+02;2.871566e-19
9.886545e+02;2.871538e-19
9.887545e+02;2.871511e-19
9.888545e+02;2.871483e-19
9.889545e+02;2.871455e-19
9.890545e+02;2.871427e-19
9.891545e+02;2.871399e-19
9.892545e+02;2.871372e-19
9.893545e+02;2.871344e-19
9.894545e+02;2.871316e-19
9.895545e+02;2.871288e-19
9.896545e+02;2.871260e-19
9.897545e+02;2.871233e-19
9.898545e+02;2.871205e-19
9.899545e+02;2.871177e-19
9.900546e+02;2.871149e-19
9.901546e+02;2.871122e-19
9.902546e+02;2.871094e-19
9.903546e+02;2.871066e-19
9.904546e+02;2.871038e-19
9.905546e+02;2.871010e-19
9.906546e+02;2.870983e-19
9.907546e+02;2.870955e-19
9.908546e+02;2.870927e-19
9.909546e+02;2.870899e-19
9.910546e+02;2.870872e-19
9.911546e+02;2.870844e-19
9.912546e+02;2.870816e-19
9.913546e+02;2.870788e-19
9.914546e+02;2.870761e-19
9.915546e+02;2.870733e-19
9.916546e+02;2.870705e-19
9.917546e+02;2.870678e-19
9.918546e+02;2.870650e-19
9.919546e+02;2.870622e-19
9.920546e+02;2.870594e-19
9.921546e+02;2.870567e-19
9.922547e+02;2.870539e-19
9.923547e+02;2.870511e-19
9.924547e+02;2.870484e-19
9.925547e+02;2.870456e-19
9.926547e+02;2.870428e-19
9.927547e+02;2.870400e-19
9.928547e+02;2.870373e-19
9.929547e+02;2.870345e-19
9.930547e+02;2.870317e-19
9.931547e+02;2.870290e-19
9.932547e+02;2.870262e-19
9.933547e+02;2.870234e-19
9.934547e+02;2.870207e-19
9.935547e+02;2.870179e-19
9.936547e+02;2.870151e-19
9.937547e+02;2.870124e-19
9.938547e+02;2.870096e-19
9.939547e+02;2.870068e-19
9.940547e+02;2.870041e-19
9.941547e+02;2.870013e-19
9.942547e+02;2.869985e-19
9.943547e+02;2.869958e-19
9.944548e+02;2.869930e-19
9.945548e+02;2.869902e-19
9.946548e+02;2.869875e-19
9.947548e+02;2.869847e-19
9.948548e+02;2.869819e-19
9.949548e+02;2.869792e-19
9.950548e+02;2.869764e-19
9.951548e+02;2.869737e-19
9.952548e+02;2.869709e-19
9.953548e+02;2.869681e-19
9.954548e+02;2.869654e-19
9.955548e+02;2.869626e-19
9.956548e+02;2.869598e-19
9.957548e+02;2.869571e-19
9.958548e+02;2.869543e-19
9.959548e+02;2.869516e-19
9.960548e+02;2.869488e-19
9.961548e+02;2.869460e-19
9.962548e+02;2.869433e-19
9.963548e+02;2.869405e-19
9.964548e+02;2.869378e-19
9.965548e+02;2.869350e-19
9.966548e+02;2.869323e-19
9.967549e+02;2.869295e-19
9.968549e+02;2.869267e-19
9.969549e+02;2.869240e-19
9.970549e+02;2.869212e-19
9.971549e+02;2.869185e-19
9.972549e+02;2.869157e-19
9.973549e+02;2.869130e-19
9.974549e+02;2.869102e-19
9.975549e+02;2.869074e-19
9.976549e+02;2.869047e-19
9.977549e+02;2.869019e-19
9.978549e+02;2.868992e-19
9.979549e+02;2.868964e-19
9.980549e+02;2.868937e-19
9.981549e+02;2.868909e-19
9.982549e+02;2.868882e-19
9.983549e+02;2.868854e-19
9.984549e+02;2.868827e-19
9.985549e+02;2.868799e-19
9.986549e+02;2.868771e-19
9.987549e+02;2.868744e-19
9.988549e+02;2.868716e-19
9.989550e+02;2.868689e-19
9.990550e+02;2.868661e-19
9.991550e+02;2.868634e-19
9.992550e+02;2.868606e-19
9.993550e+02;2.868579e-19
9.994550e+02;2.868551e-19
9.995550e+02;2.868524e-19
9.996550e+02;2.868496e-19
9.997550e+02;2.868469e-19
9.998550e+02;2.868441e-19
9.999550e+02;2.868414e-19
1.000055e+03;2.868386e-19
1.000155e+03;2.868359e-19
1.000255e+03;2.868332e-19
1.000355e+03;2.868304e-19
1.000455e+03;2.868277e-19
1.000555e+03;2.868249e-19
1.000655e+03;2.868222e-19
1.000755e+03;2.868194e-19
1.000855e+03;2.868167e-19
1.000955e+03;2.868139e-19
1.001055e+03;2.868112e-19
1.001155e+03;2.868084e-19
1.001255e+03;2.868057e-19
1.001355e+03;2.868029e-19
1.001455e+03;2.868002e-19
1.001555e+03;2.867975e-19
1.001655e+03;2.867947e-19
1.001755e+03;2.867920e-19
1.001855e+03;2.867892e-19
1.001955e+03;2.867865e-19
1.002055e+03;2.867837e-19
1.002155e+03;2.867810e-19
1.002255e+03;2.867783e-19
1.002355e+03;2.867755e-19
1.002455e+03;2.867728e-19
1.002555e+03;2.867700e-19
1.002655e+03;2.867673e-19
1.002755e+03;2.867645e-19
1.002855e+03;2.867618e-19
1.002955e+03;2.867591e-19
1.003055e+03;2.867563e-19
1.003155e+03;2.867536e-19
1.003255e+03;2.867509e-19
1.003355e+03;2.867481e-19
1.003455e+03;2.867454e-19
1.003555e+03;2.867426e-19
1.003655e+03;2.867399e-19
1.003755e+03;2.867372e-19
1.003855e+03;2.867344e-19
1.003955e+03;2.867317e-19
1.004055e+03;2.867289e-19
1.004155e+03;2.867262e-19
1.004255e+03;2.867235e-19
1.004355e+03;2.867207e-19
1.004455e+03;2.867180e-19
1.004555e+03;2.867153e-19
1.004655e+03;2.867125e-19
1.004755e+03;2.867098e-19
1.004855e+03;2.867071e-19
1.004955e+03;2.867043e-19
1.005055e+03;2.867016e-19
1.005155e+03;2.866989e-19
1.005255e+03;2.866961e-19
1.005355e+03;2.866934e-19
1.005455e+03;2.866907e-19
1.005555e+03;2.866879e-19
1.005655e+03;2.866852e-19
1.005755e+03;2.866825e-19
1.005855e+03;2.866797e-19
1.005955e+03;2.866770e-19
1.006055e+03;2.866743e-19
1.006155e+03;2.866715e-19
1.006255e+03;2.866688e-19
1.006355e+03;2.866661e-19
1.006455e+03;2.866634e-19
1.006555e+03;2.866606e-19
1.006655e+03;2.866579e-19
1.006755e+03;2.866552e-19
1.006855e+03;2.866524e-19
1.006955e+03;2.866497e-19
1.007055e+03;2.866470e-19
1.007155e+03;2.866443e-19
1.007255e+03;2.866415e-19
1.007355e+03;2.866388e-19
1.007455e+03;2.866361e-19
1.007555e+03;2.866333e-19
1.007655e+03;2.866306e-19
1.007755e+03;2.866279e-19
1.007855e+03;2.866252e-19
1.007955e+03;2.866224e-19
1.008055e+03;2.866197e-19
1.008155e+03;2.866170e-19
1.008255e+03;2.866143e-19
1.008355e+03;2.866115e-19
1.008455e+03;2.866088e-19
1.008555e+03;2.866061e-19
1.008655e+03;2.866034e-19
1.008755e+03;2.866006e-19
1.008855e+03;2.865979e-19
1.008955e+03;2.865952e-19
1.009055e+03;2.865925e-19
1.009155e+03;2.865898e-19
1.009255e+03;2.865870e-19
1.009355e+03;2.865843e-19
1.009455e+03;2.865816e-19
1.009555e+03;2.865789e-19
1.009655e+03;2.865761e-19
1.009755e+03;2.865734e-19
1.009855e+03;2.865707e-19
1.009955e+03;2.865680e-19
1.010055e+03;2.865653e-19
1.010155e+03;2.865625e-19
1.010255e+03;2.865598e-19
1.010355e+03;2.865571e-19
1.010455e+03;2.865544e-19
1.010555e+03;2.865517e-19
1.010655e+03;2.865490e-19
1.010755e+03;2.865462e-19
1.010855e+03;2.865435e-19
1.010955e+03;2.865408e-19
1.011055e+03;2.865381e-19
1.011156e+03;2.865354e-19
1.011256e+03;2.865327e-19
1.011356e+03;2.865299e-19
1.011456e+03;2.865272e-19
1.011556e+03;2.865245e-19
1.011656e+03;2.865218e-19
1.011756e+03;2.865191e-19
1.011856e+03;2.865164e-19
1.011956e+03;2.865136e-19
1.012056e+03;2.865109e-19
1.012156e+03;2.865082e-19
1.012256e+03;2.865055e-19
1.012356e+03;2.865028e-19
1.012456e+03;2.865001e-19
1.012556e+03;2.864974e-19
1.012656e+03;2.864947e-19
1.012756e+03;2.864919e-19
1.012856e+03;2.864892e-19
1.012956e+03;2.864865e-19
1.013056e+03;2.864838e-19
1.013156e+03;2.864811e-19
1.013256e+03;2.864784e-19
1.013356e+03;2.864757e-19
1.013456e+03;2.864730e-19
1.013556e+03;2.864703e-19
1.013656e+03;2.864676e-19
1.013756e+03;2.864648e-19
1.013856e+03;2.864621e-19
1.013956e+03;2.864594e-19
1.014056e+03;2.864567e-19
1.014156e+03;2.864540e-19
1.014256e+03;2.864513e-19
1.014356e+03;2.864486e-19
1.014456e+03;2.864459e-19
1.014556e+03;2.864432e-19
1.014656e+03;2.864405e-19
1.014756e+03;2.864378e-19
1.014856e+03;2.864351e-19
1.014956e+03;2.864324e-19
1.015056e+03;2.864296e-19
1.015156e+03;2.864269e-19
1.015256e+03;2.864242e-19
1.015356e+03;2.864215e-19
1.015456e+03;2.864188e-19
1.015556e+03;2.864161e-19
1.015656e+03;2.864134e-19
1.015756e+03;2.864107e-19
1.015856e+03;2.864080e-19
1.015956e+03;2.864053e-19
1.016056e+03;2.864026e-19
1.016156e+03;2.863999e-19
1.016256e+03;2.863972e-19
1.016356e+03;2.863945e-19
1.016456e+03;2.863918e-19
1.016556e+03;2.863891e-19
1.016656e+03;2.863864e-19
1.016756e+03;2.863837e-19
1.016856e+03;2.863810e-19
1.016956e+03;2.863783e-19
1.017056e+03;2.863756e-19
1.017156e+03;2.863729e-19
1.017256e+03;2.863702e-19
1.017356e+03;2.863675e-19
1.017456e+03;2.863648e-19
1.017556e+03;2.863621e-19
1.017656e+03;2.863594e-19
1.017756e+03;2.863567e-19
1.017856e+03;2.863540e-19
1.017956e+03;2.863513e-19
1.018056e+03;2.863486e-19
1.018156e+03;2.863459e-19
1.018256e+03;2.863432e-19
1.018356e+03;2.863405e-19
1.018456e+03;2.863378e-19
1.018556e+03;2.863351e-19
1.018656e+03;2.863324e-19
1.018756e+03;2.863297e-19
1.018856e+03;2.863271e-19
1.018956e+03;2.863244e-19
1.019056e+03;2.863217e-19
1.019156e+03;2.863190e-19
1.019256e+03;2.863163e-19
1.019356e+03;2.863136e-19
1.019456e+03;2.863109e-19
1.019556e+03;2.863082e-19
1.019656e+03;2.863055e-19
1.019756e+03;2.863028e-19
1.019856e+03;2.863001e-19
1.019956e+03;2.862974e-19
1.020056e+03;2.862947e-19
1.020156e+03;2.862920e-19
1.020256e+03;2.862894e-19
1.020356e+03;2.862867e-19
1.020456e+03;2.862840e-19
1.020556e+03;2.862813e-19
1.020656e+03;2.862786e-19
1.020756e+03;2.862759e-19
1.020856e+03;2.862732e-19
1.020956e+03;2.862705e-19
1.021056e+03;2.862678e-19
1.021156e+03;2.862651e-19
1.021256e+03;2.862625e-19
1.021356e+03;2.862598e-19
1.021456e+03;2.862571e-19
1.021556e+03;2.862544e-19
1.021656e+03;2.862517e-19
1.021756e+03;2.862490e-19
1.021856e+03;2.862463e-19
1.021956e+03;2.862437e-19
1.022056e+03;2.862410e-19
1.022156e+03;2.862383e-19
1.022256e+03;2.862356e-19
1.022356e+03;2.862329e-19
1.022456e+03;2.862302e-19
1.022556e+03;2.862275e-19
1.022656e+03;2.862249e-19
1.022756e+03;2.862222e-19
1.022856e+03;2.862195e-19
1.022956e+03;2.862168e-19
1.023056e+03;2.862141e-19
1.023156e+03;2.862114e-19
1.023256e+03;2.862088e-19
1.023356e+03;2.862061e-19
1.023456e+03;2.862034e-19
1.023556e+03;2.862007e-19
1.023656e+03;2.861980e-19
1.023756e+03;2.861953e-19
1.023856e+03;2.861927e-19
1.023956e+03;2.861900e-19
1.024056e+03;2.861873e-19
1.024156e+03;2.861846e-19
1.024256e+03;2.861819e-19
1.024356e+03;2.861793e-19
1.024456e+03;2.861766e-19
1.024556e+03;2.861739e-19
1.024656e+03;2.861712e-19
1.024756e+03;2.861686e-19
1.024856e+03;2.861659e-19
1.024956e+03;2.861632e-19
1.025056e+03;2.861605e-19
1.025156e+03;2.861578e-19
1.025256e+03;2.861552e-19
1.025356e+03;2.861525e-19
1.025456e+03;2.861498e-19
1.025556e+03;2.861471e-19
1.025656e+03;2.861445e-19
1.025756e+03;2.861418e-19
1.025856e+03;2.861391e-19
1.025956e+03;2.861364e-19
1.026056e+03;2.861338e-19
1.026156e+03;2.861311e-19
1.026256e+03;2.861284e-19
1.026356e+03;2.861257e-19
1.026456e+03;2.861231e-19
1.026556e+03;2.861204e-19
1.026656e+03;2.861177e-19
1.026756e+03;2.861150e-19
1.026856e+03;2.861124e-19
1.026956e+03;2.861097e-19
1.027056e+03;2.861070e-19
1.027156e+03;2.861044e-19
1.027256e+03;2.861017e-19
1.027356e+03;2.860990e-19
1.027456e+03;2.860963e-19
1.027556e+03;2.860937e-19
1.027656e+03;2.860910e-19
1.027756e+03;2.860883e-19
1.027856e+03;2.860857e-19
1.027956e+03;2.860830e-19
1.028056e+03;2.860803e-19
1.028156e+03;2.860777e-19
1.028256e+03;2.860750e-19
1.028356e+03;2.860723e-19
1.028456e+03;2.860696e-19
1.028556e+03;2.860670e-19
1.028656e+03;2.860643e-19
1.028756e+03;2.860616e-19
1.028856e+03;2.860590e-19
1.028956e+03;2.860563e-19
1.029056e+03;2.860536e-19
1.029156e+03;2.860510e-19
1.029256e+03;2.860483e-19
1.029356e+03;2.860456e-19
1.029456e+03;2.860430e-19
1.029556e+03;2.860403e-19
1.029656e+03;2.860377e-19
1.029756e+03;2.860350e-19
1.029856e+03;2.860323e-19
1.029956e+03;2.860297e-19
1.030056e+03;2.860270e-19
1.030156e+03;2.860243e-19
1.030256e+03;2.860217e-19
1.030356e+03;2.860190e-19
1.030456e+03;2.860163e-19
1.030556e+03;2.860137e-19
1.030656e+03;2.860110e-19
1.030756e+03;2.860084e-19
1.030856e+03;2.860057e-19
1.030956e+03;2.860030e-19
1.031056e+03;2.860004e-19
1.031156e+03;2.859977e-19
1.031256e+03;2.859950e-19
1.031356e+03;2.859924e-19
1.031456e+03;2.859897e-19
1.031556e+03;2.859871e-19
1.031656e+03;2.859844e-19
1.031756e+03;2.859818e-19
1.031856e+03;2.859791e-19
1.031956e+03;2.859764e-19
1.032056e+03;2.859738e-19
1.032156e+03;2.859711e-19
1.032256e+03;2.859685e-19
1.032356e+03;2.859658e-19
1.032456e+03;2.859631e-19
1.032556e+03;2.859605e-19
1.032656e+03;2.859578e-19
1.032756e+03;2.859552e-19
1.032856e+03;2.859525e-19
1.032956e+03;2.859499e-19
1.033056e+03;2.859472e-19
1.033156e+03;2.859446e-19
1.033256e+03;2.859419e-19
1.033357e+03;2.859392e-19
1.033457e+03;2.859366e-19
1.033557e+03;2.859339e-19
1.033657e+03;2.859313e-19
1.033757e+03;2.859286e-19
1.033857e+03;2.859260e-19
1.033957e+03;2.859233e-19
1.034057e+03;2.859207e-19
1.034157e+03;2.859180e-19
1.034257e+03;2.859154e-19
1.034357e+03;2.859127e-19
1.034457e+03;2.859101e-19
1.034557e+03;2.859074e-19
1.034657e+03;2.859048e-19
1.034757e+03;2.859021e-19
1.034857e+03;2.858995e-19
1.034957e+03;2.858968e-19
1.035057e+03;2.858942e-19
1.035157e+03;2.858915e-19
1.035257e+03;2.858889e-19
1.035357e+03;2.858862e-19
1.035457e+03;2.858836e-19
1.035557e+03;2.858809e-19
1.035657e+03;2.858783e-19
1.035757e+03;2.858756e-19
1.035857e+03;2.858730e-19
1.035957e+03;2.858703e-19
1.036057e+03;2.858677e-19
1.036157e+03;2.858650e-19
1.036257e+03;2.858624e-19
1.036357e+03;2.858597e-19
1.036457e+03;2.858571e-19
1.036557e+03;2.858544e-19
1.036657e+03;2.858518e-19
1.036757e+03;2.858491e-19
1.036857e+03;2.858465e-19
1.036957e+03;2.858438e-19
1.037057e+03;2.858412e-19
1.037157e+03;2.858386e-19
1.037257e+03;2.858359e-19
1.037357e+03;2.858333e-19
1.037457e+03;2.858306e-19
1.037557e+03;2.858280e-19
1.037657e+03;2.858253e-19
1.037757e+03;2.858227e-19
1.037857e+03;2.858201e-19
1.037957e+03;2.858174e-19
1.038057e+03;2.858148e-19
1.038157e+03;2.858121e-19
1.038257e+03;2.858095e-19
1.038357e+03;2.858068e-19
1.038457e+03;2.858042e-19
1.038557e+03;2.858016e-19
1.038657e+03;2.857989e-19
1.038757e+03;2.857963e-19
1.038857e+03;2.857936e-19
1.038957e+03;2.857910e-19
1.039057e+03;2.857884e-19
1.039157e+03;2.857857e-19
1.039257e+03;2.857831e-19
1.039357e+03;2.857804e-19
1.039457e+03;2.857778e-19
1.039557e+03;2.857752e-19
1.039657e+03;2.857725e-19
1.039757e+03;2.857699e-19
1.039857e+03;2.857673e-19
1.039957e+03;2.857646e-19
1.040057e+03;2.857620e-19
1.040157e+03;2.857594e-19
1.040257e+03;2.857567e-19
1.040357e+03;2.857541e-19
1.040457e+03;2.857514e-19
1.040557e+03;2.857488e-19
1.040657e+03;2.857462e-19
1.040757e+03;2.857435e-19
1.040857e+03;2.857409e-19
1.040957e+03;2.857383e-19
1.041057e+03;2.857356e-19
1.041157e+03;2.857330e-19
1.041257e+03;2.857304e-19
1.041357e+03;2.857277e-19
1.041457e+03;2.857251e-19
1.041557e+03;2.857225e-19
1.041657e+03;2.857198e-19
1.041757e+03;2.857172e-19
1.041857e+03;2.857146e-19
1.041957e+03;2.857119e-19
1.042057e+03;2.857093e-19
1.042157e+03;2.857067e-19
1.042257e+03;2.857040e-19
1.042357e+03;2.857014e-19
1.042457e+03;2.856988e-19
1.042557e+03;2.856962e-19
1.042657e+03;2.856935e-19
1.042757e+03;2.856909e-19
1.042857e+03;2.856883e-19
1.042957e+03;2.856856e-19
1.043057e+03;2.856830e-19
1.043157e+03;2.856804e-19
1.043257e+03;2.856778e-19
1.043357e+03;2.856751e-19
1.043457e+03;2.856725e-19
1.043557e+03;2.856699e-19
1.043657e+03;2.856672e-19
1.043757e+03;2.856646e-19
1.043857e+03;2.856620e-19
1.043957e+03;2.856594e-19
1.044057e+03;2.856567e-19
1.044157e+03;2.856541e-19
1.044257e+03;2.856515e-19
1.044357e+03;2.856489e-19
1.044457e+03;2.856462e-19
1.044557e+03;2.856436e-19
1.044657e+03;2.856410e-19
1.044757e+03;2.856384e-19
1.044857e+03;2.856357e-19
1.044957e+03;2.856331e-19
1.045057e+03;2.856305e-19
1.045157e+03;2.856279e-19
1.045257e+03;2.856252e-19
1.045357e+03;2.856226e-19
1.045457e+03;2.856200e-19
1.045557e+03;2.856174e-19
1.045657e+03;2.856148e-19
1.045757e+03;2.856121e-19
1.045857e+03;2.856095e-19
1.045957e+03;2.856069e-19
1.046057e+03;2.856043e-19
1.046157e+03;2.856017e-19
1.046257e+03;2.855990e-19
1.046357e+03;2.855964e-19
1.046457e+03;2.855938e-19
1.046557e+03;2.855912e-19
1.046657e+03;2.855886e-19
1.046757e+03;2.855859e-19
1.046857e+03;2.855833e-19
1.046957e+03;2.855807e-19
1.047057e+03;2.855781e-19
1.047157e+03;2.855755e-19
1.047257e+03;2.855728e-19
1.047357e+03;2.855702e-19
1.047457e+03;2.855676e-19
1.047557e+03;2.855650e-19
1.047657e+03;2.855624e-19
1.047757e+03;2.855598e-19
1.047857e+03;2.855571e-19
1.047957e+03;2.855545e-19
1.048057e+03;2.855519e-19
1.048157e+03;2.855493e-19
1.048257e+03;2.855467e-19
1.048357e+03;2.855441e-19
1.048457e+03;2.855415e-19
1.048557e+03;2.855388e-19
1.048657e+03;2.855362e-19
1.048757e+03;2.855336e-19
1.048857e+03;2.855310e-19
1.048957e+03;2.855284e-19
1.049057e+03;2.855258e-19
1.049157e+03;2.855232e-19
1.049257e+03;2.855206e-19
1.049357e+03;2.855179e-19
1.049457e+03;2.855153e-19
1.049557e+03;2.855127e-19
1.049657e+03;2.855101e-19
1.049757e+03;2.855075e-19
1.049857e+03;2.855049e-19
1.049957e+03;2.855023e-19
1.050057e+03;2.854997e-19
1.050157e+03;2.854971e-19
1.050257e+03;2.854944e-19
1.050357e+03;2.854918e-19
1.050457e+03;2.854892e-19
1.050557e+03;2.854866e-19
1.050657e+03;2.854840e-19
1.050757e+03;2.854814e-19
1.050857e+03;2.854788e-19
1.050957e+03;2.854762e-19
1.051057e+03;2.854736e-19
1.051157e+03;2.854710e-19
1.051257e+03;2.854684e-19
1.051357e+03;2.854658e-19
1.051457e+03;2.854632e-19
1.051557e+03;2.854605e-19
1.051657e+03;2.854579e-19
1.051757e+03;2.854553e-19
1.051857e+03;2.854527e-19
1.051957e+03;2.854501e-19
1.052057e+03;2.854475e-19
1.052157e+03;2.854449e-19
1.052257e+03;2.854423e-19
1.052357e+03;2.854397e-19
1.052457e+03;2.854371e-19
1.052557e+03;2.854345e-19
1.052657e+03;2.854319e-19
1.052757e+03;2.854293e-19
1.052857e+03;2.854267e-19
1.052957e+03;2.854241e-19
1.053057e+03;2.854215e-19
1.053157e+03;2.854189e-19
1.053257e+03;2.854163e-19
1.053357e+03;2.854137e-19
1.053457e+03;2.854111e-19
1.053557e+03;2.854085e-19
1.053657e+03;2.854059e-19
1.053757e+03;2.854033e-19
1.053857e+03;2.854007e-19
1.053957e+03;2.853981e-19
1.054057e+03;2.853955e-19
1.054157e+03;2.853929e-19
1.054257e+03;2.853903e-19
1.054357e+03;2.853877e-19
1.054457e+03;2.853851e-19
1.054557e+03;2.853825e-19
1.054657e+03;2.853799e-19
1.054757e+03;2.853773e-19
1.054857e+03;2.853747e-19
1.054957e+03;2.853721e-19
1.055057e+03;2.853695e-19
1.055157e+03;2.853669e-19
1.055257e+03;2.853643e-19
1.055357e+03;2.853617e-19
1.055457e+03;2.853591e-19
1.055557e+03;2.853565e-19
1.055658e+03;2.853539e-19
1.055758e+03;2.853513e-19
1.055858e+03;2.853487e-19
1.055958e+03;2.853461e-19
1.056058e+03;2.853435e-19
1.056158e+03;2.853409e-19
1.056258e+03;2.853383e-19
1.056358e+03;2.853358e-19
1.056458e+03;2.853332e-19
1.056558e+03;2.853306e-19
1.056658e+03;2.853280e-19
1.056758e+03;2.853254e-19
1.056858e+03;2.853228e-19
1.056958e+03;2.853202e-19
1.057058e+03;2.853176e-19
1.057158e+03;2.853150e-19
1.057258e+03;2.853124e-19
1.057358e+03;2.853098e-19
1.057458e+03;2.853072e-19
1.057558e+03;2.853047e-19
1.057658e+03;2.853021e-19
1.057758e+03;2.852995e-19
1.057858e+03;2.852969e-19
1.057958e+03;2.852943e-19
1.058058e+03;2.852917e-19
1.058158e+03;2.852891e-19
1.058258e+03;2.852865e-19
1.058358e+03;2.852839e-19
1.058458e+03;2.852813e-19
1.058558e+03;2.852788e-19
1.058658e+03;2.852762e-19
1.058758e+03;2.852736e-19
1.058858e+03;2.852710e-19
1.058958e+03;2.852684e-19
1.059058e+03;2.852658e-19
1.059158e+03;2.852632e-19
1.059258e+03;2.852607e-19
1.059358e+03;2.852581e-19
1.059458e+03;2.852555e-19
1.059558e+03;2.852529e-19
1.059658e+03;2.852503e-19
1.059758e+03;2.852477e-19
1.059858e+03;2.852451e-19
1.059958e+03;2.852426e-19
1.060058e+03;2.852400e-19
1.060158e+03;2.852374e-19
1.060258e+03;2.852348e-19
1.060358e+03;2.852322e-19
1.060458e+03;2.852296e-19
1.060558e+03;2.852271e-19
1.060658e+03;2.852245e-19
1.060758e+03;2.852219e-19
1.060858e+03;2.852193e-19
1.060958e+03;2.852167e-19
1.061058e+03;2.852141e-19
1.061158e+03;2.852116e-19
1.061258e+03;2.852090e-19
1.061358e+03;2.852064e-19
1.061458e+03;2.852038e-19
1.061558e+03;2.852012e-19
1.061658e+03;2.851987e-19
1.061758e+03;2.851961e-19
1.061858e+03;2.851935e-19
1.061958e+03;2.851909e-19
1.062058e+03;2.851883e-19
1.062158e+03;2.851858e-19
1.062258e+03;2.851832e-19
1.062358e+03;2.851806e-19
1.062458e+03;2.851780e-19
1.062558e+03;2.851755e-19
1.062658e+03;2.851729e-19
1.062758e+03;2.851703e-19
1.062858e+03;2.851677e-19
1.062958e+03;2.851651e-19
1.063058e+03;2.851626e-19
1.063158e+03;2.851600e-19
1.063258e+03;2.851574e-19
1.063358e+03;2.851548e-19
1.063458e+03;2.851523e-19
1.063558e+03;2.851497e-19
1.063658e+03;2.851471e-19
1.063758e+03;2.851445e-19
1.063858e+03;2.851420e-19
1.063958e+03;2.851394e-19
1.064058e+03;2.851368e-19
1.064158e+03;2.851342e-19
1.064258e+03;2.851317e-19
1.064358e+03;2.851291e-19
1.064458e+03;2.851265e-19
1.064558e+03;2.851240e-19
1.064658e+03;2.851214e-19
1.064758e+03;2.851188e-19
1.064858e+03;2.851162e-19
1.064958e+03;2.851137e-19
1.065058e+03;2.851111e-19
1.065158e+03;2.851085e-19
1.065258e+03;2.851060e-19
1.065358e+03;2.851034e-19
1.065458e+03;2.851008e-19
1.065558e+03;2.850982e-19
1.065658e+03;2.850957e-19
1.065758e+03;2.850931e-19
1.065858e+03;2.850905e-19
1.065958e+03;2.850880e-19
1.066058e+03;2.850854e-19
1.066158e+03;2.850828e-19
1.066258e+03;2.850803e-19
1.066358e+03;2.850777e-19
1.066458e+03;2.850751e-19
1.066558e+03;2.850726e-19
1.066658e+03;2.850700e-19
1.066758e+03;2.850674e-19
1.066858e+03;2.850649e-19
1.066958e+03;2.850623e-19
1.067058e+03;2.850597e-19
1.067158e+03;2.850572e-19
1.067258e+03;2.850546e-19
1.067358e+03;2.850520e-19
1.067458e+03;2.850495e-19
1.067558e+03;2.850469e-19
1.067658e+03;2.850443e-19
1.067758e+03;2.850418e-19
1.067858e+03;2.850392e-19
1.067958e+03;2.850366e-19
1.068058e+03;2.850341e-19
1.068158e+03;2.850315e-19
1.068258e+03;2.850290e-19
1.068358e+03;2.850264e-19
1.068458e+03;2.850238e-19
1.068558e+03;2.850213e-19
1.068658e+03;2.850187e-19
1.068758e+03;2.850161e-19
1.068858e+03;2.850136e-19
1.068958e+03;2.850110e-19
1.069058e+03;2.850085e-19
1.069158e+03;2.850059e-19
1.069258e+03;2.850033e-19
1.069358e+03;2.850008e-19
1.069458e+03;2.849982e-19
1.069558e+03;2.849957e-19
1.069658e+03;2.849931e-19
1.069758e+03;2.849905e-19
1.069858e+03;2.849880e-19
1.069958e+03;2.849854e-19
1.070058e+03;2.849829e-19
1.070158e+03;2.849803e-19
1.070258e+03;2.849777e-19
1.070358e+03;2.849752e-19
1.070458e+03;2.849726e-19
1.070558e+03;2.849701e-19
1.070658e+03;2.849675e-19
1.070758e+03;2.849650e-19
1.070858e+03;2.849624e-19
1.070958e+03;2.849598e-19
1.071058e+03;2.849573e-19
1.071158e+03;2.849547e-19
1.071258e+03;2.849522e-19
1.071358e+03;2.849496e-19
1.071458e+03;2.849471e-19
1.071558e+03;2.849445e-19
1.071658e+03;2.849420e-19
1.071758e+03;2.849394e-19
1.071858e+03;2.849369e-19
1.071958e+03;2.849343e-19
1.072058e+03;2.849317e-19
1.072158e+03;2.849292e-19
1.072258e+03;2.849266e-19
1.072358e+03;2.849241e-19
1.072458e+03;2.849215e-19
1.072558e+03;2.849190e-19
1.072658e+03;2.849164e-19
1.072758e+03;2.849139e-19
1.072858e+03;2.849113e-19
1.072958e+03;2.849088e-19
1.073058e+03;2.849062e-19
1.073158e+03;2.849037e-19
1.073258e+03;2.849011e-19
1.073358e+03;2.848986e-19
1.073458e+03;2.848960e-19
1.073558e+03;2.848935e-19
1.073658e+03;2.848909e-19
1.073758e+03;2.848884e-19
1.073858e+03;2.848858e-19
1.073958e+03;2.848833e-19
1.074058e+03;2.848807e-19
1.074158e+03;2.848782e-19
1.074258e+03;2.848756e-19
1.074358e+03;2.848731e-19
1.074458e+03;2.848705e-19
1.074558e+03;2.848680e-19
1.074658e+03;2.848654e-19
1.074758e+03;2.848629e-19
1.074858e+03;2.848604e-19
1.074958e+03;2.848578e-19
1.075058e+03;2.848553e-19
1.075158e+03;2.848527e-19
1.075258e+03;2.848502e-19
1.075358e+03;2.848476e-19
1.075458e+03;2.848451e-19
1.075558e+03;2.848425e-19
1.075658e+03;2.848400e-19
1.075758e+03;2.848374e-19
1.075858e+03;2.848349e-19
1.075958e+03;2.848324e-19
1.076058e+03;2.848298e-19
1.076158e+03;2.848273e-19
1.076258e+03;2.848247e-19
1.076358e+03;2.848222e-19
1.076458e+03;2.848196e-19
1.076558e+03;2.848171e-19
1.076658e+03;2.848146e-19
1.076758e+03;2.848120e-19
1.076858e+03;2.848095e-19
1.076958e+03;2.848069e-19
1.077058e+03;2.848044e-19
1.077158e+03;2.848019e-19
1.077258e+03;2.847993e-19
1.077358e+03;2.847968e-19
1.077458e+03;2.847942e-19
1.077558e+03;2.847917e-19
1.077658e+03;2.847892e-19
1.077758e+03;2.847866e-19
1.077859e+03;2.847841e-19
1.077959e+03;2.847815e-19
1.078059e+03;2.847790e-19
1.078159e+03;2.847765e-19
1.078259e+03;2.847739e-19
1.078359e+03;2.847714e-19
1.078459e+03;2.847689e-19
1.078559e+03;2.847663e-19
1.078659e+03;2.847638e-19
1.078759e+03;2.847612e-19
1.078859e+03;2.847587e-19
1.078959e+03;2.847562e-19
1.079059e+03;2.847536e-19
1.079159e+03;2.847511e-19
1.079259e+03;2.847486e-19
1.079359e+03;2.847460e-19
1.079459e+03;2.847435e-19
1.079559e+03;2.847410e-19
1.079659e+03;2.847384e-19
1.079759e+03;2.847359e-19
1.079859e+03;2.847334e-19
1.079959e+03;2.847308e-19
1.080059e+03;2.847283e-19
1.080159e+03;2.847258e-19
1.080259e+03;2.847232e-19
1.080359e+03;2.847207e-19
1.080459e+03;2.847182e-19
1.080559e+03;2.847156e-19
1.080659e+03;2.847131e-19
1.080759e+03;2.847106e-19
1.080859e+03;2.847080e-19
1.080959e+03;2.847055e-19
1.081059e+03;2.847030e-19
1.081159e+03;2.847004e-19
1.081259e+03;2.846979e-19
1.081359e+03;2.846954e-19
1.081459e+03;2.846928e-19
1.081559e+03;2.846903e-19
1.081659e+03;2.846878e-19
1.081759e+03;2.846853e-19
1.081859e+03;2.846827e-19
1.081959e+03;2.846802e-19
1.082059e+03;2.846777e-19
1.082159e+03;2.846751e-19
1.082259e+03;2.846726e-19
1.082359e+03;2.846701e-19
1.082459e+03;2.846676e-19
1.082559e+03;2.846650e-19
1.082659e+03;2.846625e-19
1.082759e+03;2.846600e-19
1.082859e+03;2.846575e-19
1.082959e+03;2.846549e-19
1.083059e+03;2.846524e-19
1.083159e+03;2.846499e-19
1.083259e+03;2.846474e-19
1.083359e+03;2.846448e-19
1.083459e+03;2.846423e-19
1.083559e+03;2.846398e-19
1.083659e+03;2.846373e-19
1.083759e+03;2.846347e-19
1.083859e+03;2.846322e-19
1.083959e+03;2.846297e-19
1.084059e+03;2.846272e-19
1.084159e+03;2.846246e-19
1.084259e+03;2.846221e-19
1.084359e+03;2.846196e-19
1.084459e+03;2.846171e-19
1.084559e+03;2.846145e-19
1.084659e+03;2.846120e-19
1.084759e+03;2.846095e-19
1.084859e+03;2.846070e-19
1.084959e+03;2.846045e-19
1.085059e+03;2.846019e-19
1.085159e+03;2.845994e-19
1.085259e+03;2.845969e-19
1.085359e+03;2.845944e-19
1.085459e+03;2.845919e-19
1.085559e+03;2.845893e-19
1.085659e+03;2.845868e-19
1.085759e+03;2.845843e-19
1.085859e+03;2.845818e-19
1.085959e+03;2.845793e-19
1.086059e+03;2.845767e-19
1.086159e+03;2.845742e-19
1.086259e+03;2.845717e-19
1.086359e+03;2.845692e-19
1.086459e+03;2.845667e-19
1.086559e+03;2.845641e-19
1.086659e+03;2.845616e-19
1.086759e+03;2.845591e-19
1.086859e+03;2.845566e-19
1.086959e+03;2.845541e-19
1.087059e+03;2.845516e-19
1.087159e+03;2.845490e-19
1.087259e+03;2.845465e-19
1.087359e+03;2.845440e-19
1.087459e+03;2.845415e-19
1.087559e+03;2.845390e-19
1.087659e+03;2.845365e-19
1.087759e+03;2.845340e-19
1.087859e+03;2.845314e-19
1.087959e+03;2.845289e-19
1.088059e+03;2.845264e-19
1.088159e+03;2.845239e-19
1.088259e+03;2.845214e-19
1.088359e+03;2.845189e-19
1.088459e+03;2.845164e-19
1.088559e+03;2.845139e-19
1.088659e+03;2.845113e-19
1.088759e+03;2.845088e-19
1.088859e+03;2.845063e-19
1.088959e+03;2.845038e-19
1.089059e+03;2.845013e-19
1.089159e+03;2.844988e-19
1.089259e+03;2.844963e-19
1.089359e+03;2.844938e-19
1.089459e+03;2.844913e-19
1.089559e+03;2.844887e-19
1.089659e+03;2.844862e-19
1.089759e+03;2.844837e-19
1.089859e+03;2.844812e-19
1.089959e+03;2.844787e-19
1.090059e+03;2.844762e-19
1.090159e+03;2.844737e-19
1.090259e+03;2.844712e-19
1.090359e+03;2.844687e-19
1.090459e+03;2.844662e-19
1.090559e+03;2.844637e-19
1.090659e+03;2.844611e-19
1.090759e+03;2.844586e-19
1.090859e+03;2.844561e-19
1.090959e+03;2.844536e-19
1.091059e+03;2.844511e-19
1.091159e+03;2.844486e-19
1.091259e+03;2.844461e-19
1.091359e+03;2.844436e-19
1.091459e+03;2.844411e-19
1.091559e+03;2.844386e-19
1.091659e+03;2.844361e-19
1.091759e+03;2.844336e-19
1.091859e+03;2.844311e-19
1.091959e+03;2.844286e-19
1.092059e+03;2.844261e-19
1.092159e+03;2.844236e-19
1.092259e+03;2.844211e-19
1.092359e+03;2.844186e-19
1.092459e+03;2.844161e-19
1.092559e+03;2.844136e-19
1.092659e+03;2.844111e-19
1.092759e+03;2.844086e-19
1.092859e+03;2.844061e-19
1.092959e+03;2.844035e-19
1.093059e+03;2.844010e-19
1.093159e+03;2.843985e-19
1.093259e+03;2.843960e-19
1.093359e+03;2.843935e-19
1.093459e+03;2.843910e-19
1.093559e+03;2.843885e-19
1.093659e+03;2.843860e-19
1.093759e+03;2.843835e-19
1.093859e+03;2.843810e-19
1.093959e+03;2.843785e-19
1.094059e+03;2.843760e-19
1.094159e+03;2.843735e-19
1.094259e+03;2.843710e-19
1.094359e+03;2.843686e-19
1.094459e+03;2.843661e-19
1.094559e+03;2.843636e-19
1.094659e+03;2.843611e-19
1.094759e+03;2.843586e-19
1.094859e+03;2.843561e-19
1.094959e+03;2.843536e-19
1.095059e+03;2.843511e-19
1.095159e+03;2.843486e-19
1.095259e+03;2.843461e-19
1.095359e+03;2.843436e-19
1.095459e+03;2.843411e-19
1.095559e+03;2.843386e-19
1.095659e+03;2.843361e-19
1.095759e+03;2.843336e-19
1.095859e+03;2.843311e-19
1.095959e+03;2.843286e-19
1.096059e+03;2.843261e-19
1.096159e+03;2.843236e-19
1.096259e+03;2.843211e-19
1.096359e+03;2.843186e-19
1.096459e+03;2.843161e-19
1.096559e+03;2.843136e-19
1.096659e+03;2.843112e-19
1.096759e+03;2.843087e-19
1.096859e+03;2.843062e-19
1.096959e+03;2.843037e-19
1.097059e+03;2.843012e-19
1.097159e+03;2.842987e-19
1.097259e+03;2.842962e-19
1.097359e+03;2.842937e-19
1.097459e+03;2.842912e-19
1.097559e+03;2.842887e-19
1.097659e+03;2.842862e-19
1.097759e+03;2.842838e-19
1.097859e+03;2.842813e-19
1.097959e+03;2.842788e-19
1.098059e+03;2.842763e-19
1.098159e+03;2.842738e-19
1.098259e+03;2.842713e-19
1.098359e+03;2.842688e-19
1.098459e+03;2.842663e-19
1.098559e+03;2.842638e-19
1.098659e+03;2.842614e-19
1.098759e+03;2.842589e-19
1.098859e+03;2.842564e-19
1.098959e+03;2.842539e-19
1.099059e+03;2.842514e-19
1.099159e+03;2.842489e-19
1.099259e+03;2.842464e-19
1.099359e+03;2.842439e-19
1.099459e+03;2.842415e-19
1.099559e+03;2.842390e-19
1.099659e+03;2.842365e-19
1.099759e+03;2.842340e-19
1.099859e+03;2.842315e-19
1.099959e+03;2.842290e-19
1.100060e+03;2.842265e-19
1.100160e+03;2.842241e-19
1.100260e+03;2.842216e-19
1.100360e+03;2.842191e-19
1.100460e+03;2.842166e-19
1.100560e+03;2.842141e-19
1.100660e+03;2.842116e-19
1.100760e+03;2.842092e-19
1.100860e+03;2.842067e-19
1.100960e+03;2.842042e-19
1.101060e+03;2.842017e-19
1.101160e+03;2.841992e-19
1.101260e+03;2.841967e-19
1.101360e+03;2.841943e-19
1.101460e+03;2.841918e-19
1.101560e+03;2.841893e-19
1.101660e+03;2.841868e-19
1.101760e+03;2.841843e-19
1.101860e+03;2.841819e-19
1.101960e+03;2.841794e-19
1.102060e+03;2.841769e-19
1.102160e+03;2.841744e-19
1.102260e+03;2.841719e-19
1.102360e+03;2.841695e-19
1.102460e+03;2.841670e-19
1.102560e+03;2.841645e-19
1.102660e+03;2.841620e-19
1.102760e+03;2.841596e-19
1.102860e+03;2.841571e-19
1.102960e+03;2.841546e-19
1.103060e+03;2.841521e-19
1.103160e+03;2.841496e-19
1.103260e+03;2.841472e-19
1.103360e+03;2.841447e-19
1.103460e+03;2.841422e-19
1.103560e+03;2.841397e-19
1.103660e+03;2.841373e-19
1.103760e+03;2.841348e-19
1.103860e+03;2.841323e-19
1.103960e+03;2.841298e-19
1.104060e+03;2.841274e-19
1.104160e+03;2.841249e-19
1.104260e+03;2.841224e-19
1.104360e+03;2.841199e-19
1.104460e+03;2.841175e-19
1.104560e+03;2.841150e-19
1.104660e+03;2.841125e-19
1.104760e+03;2.841100e-19
1.104860e+03;2.841076e-19
1.104960e+03;2.841051e-19
1.105060e+03;2.841026e-19
1.105160e+03;2.841001e-19
1.105260e+03;2.840977e-19
1.105360e+03;2.840952e-19
1.105460e+03;2.840927e-19
1.105560e+03;2.840903e-19
1.105660e+03;2.840878e-19
1.105760e+03;2.840853e-19
1.105860e+03;2.840828e-19
1.105960e+03;2.840804e-19
1.106060e+03;2.840779e-19
1.106160e+03;2.840754e-19
1.106260e+03;2.840730e-19
1.106360e+03;2.840705e-19
1.106460e+03;2.840680e-19
1.106560e+03;2.840656e-19
1.106660e+03;2.840631e-19
1.106760e+03;2.840606e-19
1.106860e+03;2.840582e-19
1.106960e+03;2.840557e-19
1.107060e+03;2.840532e-19
1.107160e+03;2.840508e-19
1.107260e+03;2.840483e-19
1.107360e+03;2.840458e-19
1.107460e+03;2.840433e-19
1.107560e+03;2.840409e-19
1.107660e+03;2.840384e-19
1.107760e+03;2.840359e-19
1.107860e+03;2.840335e-19
1.107960e+03;2.840310e-19
1.108060e+03;2.840286e-19
1.108160e+03;2.840261e-19
1.108260e+03;2.840236e-19
1.108360e+03;2.840212e-19
1.108460e+03;2.840187e-19
1.108560e+03;2.840162e-19
1.108660e+03;2.840138e-19
1.108760e+03;2.840113e-19
1.108860e+03;2.840088e-19
1.108960e+03;2.840064e-19
1.109060e+03;2.840039e-19
1.109160e+03;2.840014e-19
1.109260e+03;2.839990e-19
1.109360e+03;2.839965e-19
1.109460e+03;2.839941e-19
1.109560e+03;2.839916e-19
1.109660e+03;2.839891e-19
1.109760e+03;2.839867e-19
1.109860e+03;2.839842e-19
1.109960e+03;2.839818e-19
1.110060e+03;2.839793e-19
1.110160e+03;2.839768e-19
1.110260e+03;2.839744e-19
1.110360e+03;2.839719e-19
1.110460e+03;2.839694e-19
1.110560e+03;2.839670e-19
1.110660e+03;2.839645e-19
1.110760e+03;2.839621e-19
1.110860e+03;2.839596e-19
1.110960e+03;2.839572e-19
1.111060e+03;2.839547e-19
1.111160e+03;2.839522e-19
1.111260e+03;2.839498e-19
1.111360e+03;2.839473e-19
1.111460e+03;2.839449e-19
1.111560e+03;2.839424e-19
1.111660e+03;2.839399e-19
1.111760e+03;2.839375e-19
1.111860e+03;2.839350e-19
1.111960e+03;2.839326e-19
1.112060e+03;2.839301e-19
1.112160e+03;2.839277e-19
1.112260e+03;2.839252e-19
1.112360e+03;2.839228e-19
1.112460e+03;2.839203e-19
1.112560e+03;2.839178e-19
1.112660e+03;2.839154e-19
1.112760e+03;2.839129e-19
1.112860e+03;2.839105e-19
1.112960e+03;2.839080e-19
1.113060e+03;2.839056e-19
1.113160e+03;2.839031e-19
1.113260e+03;2.839007e-19
1.113360e+03;2.838982e-19
1.113460e+03;2.838958e-19
1.113560e+03;2.838933e-19
1.113660e+03;2.838909e-19
1.113760e+03;2.838884e-19
1.113860e+03;2.838860e-19
1.113960e+03;2.838835e-19
1.114060e+03;2.838810e-19
1.114160e+03;2.838786e-19
1.114260e+03;2.838761e-19
1.114360e+03;2.838737e-19
1.114460e+03;2.838712e-19
1.114560e+03;2.838688e-19
1.114660e+03;2.838663e-19
1.114760e+03;2.838639e-19
1.114860e+03;2.838614e-19
1.114960e+03;2.838590e-19
1.115060e+03;2.838565e-19
1.115160e+03;2.838541e-19
1.115260e+03;2.838516e-19
1.115360e+03;2.838492e-19
1.115460e+03;2.838468e-19
1.115560e+03;2.838443e-19
1.115660e+03;2.838419e-19
1.115760e+03;2.838394e-19
1.115860e+03;2.838370e-19
1.115960e+03;2.838345e-19
1.116060e+03;2.838321e-19
1.116160e+03;2.838296e-19
1.116260e+03;2.838272e-19
1.116360e+03;2.838247e-19
1.116460e+03;2.838223e-19
1.116560e+03;2.838198e-19
1.116660e+03;2.838174e-19
1.116760e+03;2.838149e-19
1.116860e+03;2.838125e-19
1.116960e+03;2.838101e-19
1.117060e+03;2.838076e-19
1.117160e+03;2.838052e-19
1.117260e+03;2.838027e-19
1.117360e+03;2.838003e-19
1.117460e+03;2.837978e-19
1.117560e+03;2.837954e-19
1.117660e+03;2.837930e-19
1.117760e+03;2.837905e-19
1.117860e+03;2.837881e-19
1.117960e+03;2.837856e-19
1.118060e+03;2.837832e-19
1.118160e+03;2.837807e-19
1.118260e+03;2.837783e-19
1.118360e+03;2.837759e-19
1.118460e+03;2.837734e-19
1.118560e+03;2.837710e-19
1.118660e+03;2.837685e-19
1.118760e+03;2.837661e-19
1.118860e+03;2.837637e-19
1.118960e+03;2.837612e-19
1.119060e+03;2.837588e-19
1.119160e+03;2.837563e-19
1.119260e+03;2.837539e-19
1.119360e+03;2.837515e-19
1.119460e+03;2.837490e-19
1.119560e+03;2.837466e-19
1.119660e+03;2.837441e-19
1.119760e+03;2.837417e-19
1.119860e+03;2.837393e-19
1.119960e+03;2.837368e-19
1.120060e+03;2.837344e-19
1.120160e+03;2.837319e-19
1.120260e+03;2.837295e-19
1.120360e+03;2.837271e-19
1.120460e+03;2.837246e-19
1.120560e+03;2.837222e-19
1.120660e+03;2.837198e-19
1.120760e+03;2.837173e-19
1.120860e+03;2.837149e-19
1.120960e+03;2.837125e-19
1.121060e+03;2.837100e-19
1.121160e+03;2.837076e-19
1.121260e+03;2.837052e-19
1.121360e+03;2.837027e-19
1.121460e+03;2.837003e-19
1.121560e+03;2.836979e-19
1.121660e+03;2.836954e-19
1.121760e+03;2.836930e-19
1.121860e+03;2.836905e-19
1.121960e+03;2.836881e-19
1.122060e+03;2.836857e-19
1.122160e+03;2.836833e-19
1.122261e+03;2.836808e-19
1.122361e+03;2.836784e-19
1.122461e+03;2.836760e-19
1.122561e+03;2.836735e-19
1.122661e+03;2.836711e-19
1.122761e+03;2.836687e-19
1.122861e+03;2.836662e-19
1.122961e+03;2.836638e-19
1.123061e+03;2.836614e-19
1.123161e+03;2.836589e-19
1.123261e+03;2.836565e-19
1.123361e+03;2.836541e-19
1.123461e+03;2.836516e-19
1.123561e+03;2.836492e-19
1.123661e+03;2.836468e-19
1.123761e+03;2.836444e-19
1.123861e+03;2.836419e-19
1.123961e+03;2.836395e-19
1.124061e+03;2.836371e-19
1.124161e+03;2.836346e-19
1.124261e+03;2.836322e-19
1.124361e+03;2.836298e-19
1.124461e+03;2.836274e-19
1.124561e+03;2.836249e-19
1.124661e+03;2.836225e-19
1.124761e+03;2.836201e-19
1.124861e+03;2.836177e-19
1.124961e+03;2.836152e-19
1.125061e+03;2.836128e-19
1.125161e+03;2.836104e-19
1.125261e+03;2.836080e-19
1.125361e+03;2.836055e-19
1.125461e+03;2.836031e-19
1.125561e+03;2.836007e-19
1.125661e+03;2.835983e-19
1.125761e+03;2.835958e-19
1.125861e+03;2.835934e-19
1.125961e+03;2.835910e-19
1.126061e+03;2.835886e-19
1.126161e+03;2.835861e-19
1.126261e+03;2.835837e-19
1.126361e+03;2.835813e-19
1.126461e+03;2.835789e-19
1.126561e+03;2.835764e-19
1.126661e+03;2.835740e-19
1.126761e+03;2.835716e-19
1.126861e+03;2.835692e-19
1.126961e+03;2.835668e-19
1.127061e+03;2.835643e-19
1.127161e+03;2.835619e-19
1.127261e+03;2.835595e-19
1.127361e+03;2.835571e-19
1.127461e+03;2.835546e-19
1.127561e+03;2.835522e-19
1.127661e+03;2.835498e-19
1.127761e+03;2.835474e-19
1.127861e+03;2.835450e-19
1.127961e+03;2.835425e-19
1.128061e+03;2.835401e-19
1.128161e+03;2.835377e-19
1.128261e+03;2.835353e-19
1.128361e+03;2.835329e-19
1.128461e+03;2.835305e-19
1.128561e+03;2.835280e-19
1.128661e+03;2.835256e-19
1.128761e+03;2.835232e-19
1.128861e+03;2.835208e-19
1.128961e+03;2.835184e-19
1.129061e+03;2.835159e-19
1.129161e+03;2.835135e-19
1.129261e+03;2.835111e-19
1.129361e+03;2.835087e-19
1.129461e+03;2.835063e-19
1.129561e+03;2.835039e-19
1.129661e+03;2.835015e-19
1.129761e+03;2.834990e-19
1.129861e+03;2.834966e-19
1.129961e+03;2.834942e-19
1.130061e+03;2.834918e-19
1.130161e+03;2.834894e-19
1.130261e+03;2.834870e-19
1.130361e+03;2.834845e-19
1.130461e+03;2.834821e-19
1.130561e+03;2.834797e-19
1.130661e+03;2.834773e-19
1.130761e+03;2.834749e-19
1.130861e+03;2.834725e-19
1.130961e+03;2.834701e-19
1.131061e+03;2.834677e-19
1.131161e+03;2.834652e-19
1.131261e+03;2.834628e-19
1.131361e+03;2.834604e-19
1.131461e+03;2.834580e-19
1.131561e+03;2.834556e-19
1.131661e+03;2.834532e-19
1.131761e+03;2.834508e-19
1.131861e+03;2.834484e-19
1.131961e+03;2.834460e-19
1.132061e+03;2.834435e-19
1.132161e+03;2.834411e-19
1.132261e+03;2.834387e-19
1.132361e+03;2.834363e-19
1.132461e+03;2.834339e-19
1.132561e+03;2.834315e-19
1.132661e+03;2.834291e-19
1.132761e+03;2.834267e-19
1.132861e+03;2.834243e-19
1.132961e+03;2.834219e-19
1.133061e+03;2.834195e-19
1.133161e+03;2.834170e-19
1.133261e+03;2.834146e-19
1.133361e+03;2.834122e-19
1.133461e+03;2.834098e-19
1.133561e+03;2.834074e-19
1.133661e+03;2.834050e-19
1.133761e+03;2.834026e-19
1.133861e+03;2.834002e-19
1.133961e+03;2.833978e-19
1.134061e+03;2.833954e-19
1.134161e+03;2.833930e-19
1.134261e+03;2.833906e-19
1.134361e+03;2.833882e-19
1.134461e+03;2.833858e-19
1.134561e+03;2.833834e-19
1.134661e+03;2.833810e-19
1.134761e+03;2.833786e-19
1.134861e+03;2.833762e-19
1.134961e+03;2.833737e-19
1.135061e+03;2.833713e-19
1.135161e+03;2.833689e-19
1.135261e+03;2.833665e-19
1.135361e+03;2.833641e-19
1.135461e+03;2.833617e-19
1.135561e+03;2.833593e-19
1.135661e+03;2.833569e-19
1.135761e+03;2.833545e-19
1.135861e+03;2.833521e-19
1.135961e+03;2.833497e-19
1.136061e+03;2.833473e-19
1.136161e+03;2.833449e-19
1.136261e+03;2.833425e-19
1.136361e+03;2.833401e-19
1.136461e+03;2.833377e-19
1.136561e+03;2.833353e-19
1.136661e+03;2.833329e-19
1.136761e+03;2.833305e-19
1.136861e+03;2.833281e-19
1.136961e+03;2.833257e-19
1.137061e+03;2.833233e-19
1.137161e+03;2.833209e-19
1.137261e+03;2.833185e-19
1.137361e+03;2.833161e-19
1.137461e+03;2.833137e-19
1.137561e+03;2.833113e-19
1.137661e+03;2.833089e-19
1.137761e+03;2.833065e-19
1.137861e+03;2.833041e-19
1.137961e+03;2.833017e-19
1.138061e+03;2.832993e-19
1.138161e+03;2.832970e-19
1.138261e+03;2.832946e-19
1.138361e+03;2.832922e-19
1.138461e+03;2.832898e-19
1.138561e+03;2.832874e-19
1.138661e+03;2.832850e-19
1.138761e+03;2.832826e-19
1.138861e+03;2.832802e-19
1.138961e+03;2.832778e-19
1.139061e+03;2.832754e-19
1.139161e+03;2.832730e-19
1.139261e+03;2.832706e-19
1.139361e+03;2.832682e-19
1.139461e+03;2.832658e-19
1.139561e+03;2.832634e-19
1.139661e+03;2.832610e-19
1.139761e+03;2.832586e-19
1.139861e+03;2.832562e-19
1.139961e+03;2.832539e-19
1.140061e+03;2.832515e-19
1.140161e+03;2.832491e-19
1.140261e+03;2.832467e-19
1.140361e+03;2.832443e-19
1.140461e+03;2.832419e-19
1.140561e+03;2.832395e-19
1.140661e+03;2.832371e-19
1.140761e+03;2.832347e-19
1.140861e+03;2.832323e-19
1.140961e+03;2.832299e-19
1.141061e+03;2.832276e-19
1.141161e+03;2.832252e-19
1.141261e+03;2.832228e-19
1.141361e+03;2.832204e-19
1.141461e+03;2.832180e-19
1.141561e+03;2.832156e-19
1.141661e+03;2.832132e-19
1.141761e+03;2.832108e-19
1.141861e+03;2.832084e-19
1.141961e+03;2.832061e-19
1.142061e+03;2.832037e-19
1.142161e+03;2.832013e-19
1.142261e+03;2.831989e-19
1.142361e+03;2.831965e-19
1.142461e+03;2.831941e-19
1.142561e+03;2.831917e-19
1.142661e+03;2.831893e-19
1.142761e+03;2.831870e-19
1.142861e+03;2.831846e-19
1.142961e+03;2.831822e-19
1.143061e+03;2.831798e-19
1.143161e+03;2.831774e-19
1.143261e+03;2.831750e-19
1.143361e+03;2.831726e-19
1.143461e+03;2.831703e-19
1.143561e+03;2.831679e-19
1.143661e+03;2.831655e-19
1.143761e+03;2.831631e-19
1.143861e+03;2.831607e-19
1.143961e+03;2.831583e-19
1.144061e+03;2.831560e-19
1.144161e+03;2.831536e-19
1.144261e+03;2.831512e-19
1.144361e+03;2.831488e-19
1.144462e+03;2.831464e-19
1.144562e+03;2.831440e-19
1.144662e+03;2.831417e-19
1.144762e+03;2.831393e-19
1.144862e+03;2.831369e-19
1.144962e+03;2.831345e-19
1.145062e+03;2.831321e-19
1.145162e+03;2.831298e-19
1.145262e+03;2.831274e-19
1.145362e+03;2.831250e-19
1.145462e+03;2.831226e-19
1.145562e+03;2.831202e-19
1.145662e+03;2.831179e-19
1.145762e+03;2.831155e-19
1.145862e+03;2.831131e-19
1.145962e+03;2.831107e-19
1.146062e+03;2.831083e-19
1.146162e+03;2.831060e-19
1.146262e+03;2.831036e-19
1.146362e+03;2.831012e-19
1.146462e+03;2.830988e-19
1.146562e+03;2.830964e-19
1.146662e+03;2.830941e-19
1.146762e+03;2.830917e-19
1.146862e+03;2.830893e-19
1.146962e+03;2.830869e-19
1.147062e+03;2.830846e-19
1.147162e+03;2.830822e-19
1.147262e+03;2.830798e-19
1.147362e+03;2.830774e-19
1.147462e+03;2.830751e-19
1.147562e+03;2.830727e-19
1.147662e+03;2.830703e-19
1.147762e+03;2.830679e-19
1.147862e+03;2.830656e-19
1.147962e+03;2.830632e-19
1.148062e+03;2.830608e-19
1.148162e+03;2.830584e-19
1.148262e+03;2.830561e-19
1.148362e+03;2.830537e-19
1.148462e+03;2.830513e-19
1.148562e+03;2.830489e-19
1.148662e+03;2.830466e-19
1.148762e+03;2.830442e-19
1.148862e+03;2.830418e-19
1.148962e+03;2.830394e-19
1.149062e+03;2.830371e-19
1.149162e+03;2.830347e-19
1.149262e+03;2.830323e-19
1.149362e+03;2.830300e-19
1.149462e+03;2.830276e-19
1.149562e+03;2.830252e-19
1.149662e+03;2.830228e-19
1.149762e+03;2.830205e-19
1.149862e+03;2.830181e-19
1.149962e+03;2.830157e-19
1.150062e+03;2.830134e-19
1.150162e+03;2.830110e-19
1.150262e+03;2.830086e-19
1.150362e+03;2.830063e-19
1.150462e+03;2.830039e-19
1.150562e+03;2.830015e-19
1.150662e+03;2.829991e-19
1.150762e+03;2.829968e-19
1.150862e+03;2.829944e-19
1.150962e+03;2.829920e-19
1.151062e+03;2.829897e-19
1.151162e+03;2.829873e-19
1.151262e+03;2.829849e-19
1.151362e+03;2.829826e-19
1.151462e+03;2.829802e-19
1.151562e+03;2.829778e-19
1.151662e+03;2.829755e-19
1.151762e+03;2.829731e-19
1.151862e+03;2.829707e-19
1.151962e+03;2.829684e-19
1.152062e+03;2.829660e-19
1.152162e+03;2.829636e-19
1.152262e+03;2.829613e-19
1.152362e+03;2.829589e-19
1.152462e+03;2.829565e-19
1.152562e+03;2.829542e-19
1.152662e+03;2.829518e-19
1.152762e+03;2.829495e-19
1.152862e+03;2.829471e-19
1.152962e+03;2.829447e-19
1.153062e+03;2.829424e-19
1.153162e+03;2.829400e-19
1.153262e+03;2.829376e-19
1.153362e+03;2.829353e-19
1.153462e+03;2.829329e-19
1.153562e+03;2.829305e-19
1.153662e+03;2.829282e-19
1.153762e+03;2.829258e-19
1.153862e+03;2.829235e-19
1.153962e+03;2.829211e-19
1.154062e+03;2.829187e-19
1.154162e+03;2.829164e-19
1.154262e+03;2.829140e-19
1.154362e+03;2.829117e-19
1.154462e+03;2.829093e-19
1.154562e+03;2.829069e-19
1.154662e+03;2.829046e-19
1.154762e+03;2.829022e-19
1.154862e+03;2.828999e-19
1.154962e+03;2.828975e-19
1.155062e+03;2.828951e-19
1.155162e+03;2.828928e-19
1.155262e+03;2.828904e-19
1.155362e+03;2.828881e-19
1.155462e+03;2.828857e-19
1.155562e+03;2.828833e-19
1.155662e+03;2.828810e-19
1.155762e+03;2.828786e-19
1.155862e+03;2.828763e-19
1.155962e+03;2.828739e-19
1.156062e+03;2.828716e-19
1.156162e+03;2.828692e-19
1.156262e+03;2.828668e-19
1.156362e+03;2.828645e-19
1.156462e+03;2.828621e-19
1.156562e+03;2.828598e-19
1.156662e+03;2.828574e-19
1.156762e+03;2.828551e-19
1.156862e+03;2.828527e-19
1.156962e+03;2.828504e-19
1.157062e+03;2.828480e-19
1.157162e+03;2.828456e-19
1.157262e+03;2.828433e-19
1.157362e+03;2.828409e-19
1.157462e+03;2.828386e-19
1.157562e+03;2.828362e-19
1.157662e+03;2.828339e-19
1.157762e+03;2.828315e-19
1.157862e+03;2.828292e-19
1.157962e+03;2.828268e-19
1.158062e+03;2.828245e-19
1.158162e+03;2.828221e-19
1.158262e+03;2.828198e-19
1.158362e+03;2.828174e-19
1.158462e+03;2.828151e-19
1.158562e+03;2.828127e-19
1.158662e+03;2.828104e-19
1.158762e+03;2.828080e-19
1.158862e+03;2.828056e-19
1.158962e+03;2.828033e-19
1.159062e+03;2.828009e-19
1.159162e+03;2.827986e-19
1.159262e+03;2.827962e-19
1.159362e+03;2.827939e-19
1.159462e+03;2.827915e-19
1.159562e+03;2.827892e-19
1.159662e+03;2.827868e-19
1.159762e+03;2.827845e-19
1.159862e+03;2.827822e-19
1.159962e+03;2.827798e-19
1.160062e+03;2.827775e-19
1.160162e+03;2.827751e-19
1.160262e+03;2.827728e-19
1.160362e+03;2.827704e-19
1.160462e+03;2.827681e-19
1.160562e+03;2.827657e-19
1.160662e+03;2.827634e-19
1.160762e+03;2.827610e-19
1.160862e+03;2.827587e-19
1.160962e+03;2.827563e-19
1.161062e+03;2.827540e-19
1.161162e+03;2.827516e-19
1.161262e+03;2.827493e-19
1.161362e+03;2.827469e-19
1.161462e+03;2.827446e-19
1.161562e+03;2.827423e-19
1.161662e+03;2.827399e-19
1.161762e+03;2.827376e-19
1.161862e+03;2.827352e-19
1.161962e+03;2.827329e-19
1.162062e+03;2.827305e-19
1.162162e+03;2.827282e-19
1.162262e+03;2.827258e-19
1.162362e+03;2.827235e-19
1.162462e+03;2.827212e-19
1.162562e+03;2.827188e-19
1.162662e+03;2.827165e-19
1.162762e+03;2.827141e-19
1.162862e+03;2.827118e-19
1.162962e+03;2.827094e-19
1.163062e+03;2.827071e-19
1.163162e+03;2.827048e-19
1.163262e+03;2.827024e-19
1.163362e+03;2.827001e-19
1.163462e+03;2.826977e-19
1.163562e+03;2.826954e-19
1.163662e+03;2.826931e-19
1.163762e+03;2.826907e-19
1.163862e+03;2.826884e-19
1.163962e+03;2.826860e-19
1.164062e+03;2.826837e-19
1.164162e+03;2.826814e-19
1.164262e+03;2.826790e-19
1.164362e+03;2.826767e-19
1.164462e+03;2.826743e-19
1.164562e+03;2.826720e-19
1.164662e+03;2.826697e-19
1.164762e+03;2.826673e-19
1.164862e+03;2.826650e-19
1.164962e+03;2.826626e-19
1.165062e+03;2.826603e-19
1.165162e+03;2.826580e-19
1.165262e+03;2.826556e-19
1.165362e+03;2.826533e-19
1.165462e+03;2.826510e-19
1.165562e+03;2.826486e-19
1.165662e+03;2.826463e-19
1.165762e+03;2.826439e-19
1.165862e+03;2.826416e-19
1.165962e+03;2.826393e-19
1.166062e+03;2.826369e-19
1.166162e+03;2.826346e-19
1.166262e+03;2.826323e-19
1.166362e+03;2.826299e-19
1.166462e+03;2.826276e-19
1.166562e+03;2.826253e-19
1.166662e+03;2.826229e-19
1.166763e+03;2.826206e-19
1.166863e+03;2.826183e-19
1.166963e+03;2.826159e-19
1.167063e+03;2.826136e-19
1.167163e+03;2.826113e-19
1.167263e+03;2.826089e-19
1.167363e+03;2.826066e-19
1.167463e+03;2.826043e-19
1.167563e+03;2.826019e-19
1.167663e+03;2.825996e-19
1.167763e+03;2.825973e-19
1.167863e+03;2.825949e-19
1.167963e+03;2.825926e-19
1.168063e+03;2.825903e-19
1.168163e+03;2.825879e-19
1.168263e+03;2.825856e-19
1.168363e+03;2.825833e-19
1.168463e+03;2.825810e-19
1.168563e+03;2.825786e-19
1.168663e+03;2.825763e-19
1.168763e+03;2.825740e-19
1.168863e+03;2.825716e-19
1.168963e+03;2.825693e-19
1.169063e+03;2.825670e-19
1.169163e+03;2.825646e-19
1.169263e+03;2.825623e-19
1.169363e+03;2.825600e-19
1.169463e+03;2.825577e-19
1.169563e+03;2.825553e-19
1.169663e+03;2.825530e-19
1.169763e+03;2.825507e-19
1.169863e+03;2.825483e-19
1.169963e+03;2.825460e-19
1.170063e+03;2.825437e-19
1.170163e+03;2.825414e-19
1.170263e+03;2.825390e-19
1.170363e+03;2.825367e-19
1.170463e+03;2.825344e-19
1.170563e+03;2.825321e-19
1.170663e+03;2.825297e-19
1.170763e+03;2.825274e-19
1.170863e+03;2.825251e-19
1.170963e+03;2.825228e-19
1.171063e+03;2.825204e-19
1.171163e+03;2.825181e-19
1.171263e+03;2.825158e-19
1.171363e+03;2.825135e-19
1.171463e+03;2.825111e-19
1.171563e+03;2.825088e-19
1.171663e+03;2.825065e-19
1.171763e+03;2.825042e-19
1.171863e+03;2.825018e-19
1.171963e+03;2.824995e-19
1.172063e+03;2.824972e-19
1.172163e+03;2.824949e-19
1.172263e+03;2.824926e-19
1.172363e+03;2.824902e-19
1.172463e+03;2.824879e-19
1.172563e+03;2.824856e-19
1.172663e+03;2.824833e-19
1.172763e+03;2.824809e-19
1.172863e+03;2.824786e-19
1.172963e+03;2.824763e-19
1.173063e+03;2.824740e-19
1.173163e+03;2.824717e-19
1.173263e+03;2.824693e-19
1.173363e+03;2.824670e-19
1.173463e+03;2.824647e-19
1.173563e+03;2.824624e-19
1.173663e+03;2.824601e-19
1.173763e+03;2.824577e-19
1.173863e+03;2.824554e-19
1.173963e+03;2.824531e-19
1.174063e+03;2.824508e-19
1.174163e+03;2.824485e-19
1.174263e+03;2.824461e-19
1.174363e+03;2.824438e-19
1.174463e+03;2.824415e-19
1.174563e+03;2.824392e-19
1.174663e+03;2.824369e-19
1.174763e+03;2.824346e-19
1.174863e+03;2.824322e-19
1.174963e+03;2.824299e-19
1.175063e+03;2.824276e-19
1.175163e+03;2.824253e-19
1.175263e+03;2.824230e-19
1.175363e+03;2.824207e-19
1.175463e+03;2.824183e-19
1.175563e+03;2.824160e-19
1.175663e+03;2.824137e-19
1.175763e+03;2.824114e-19
1.175863e+03;2.824091e-19
1.175963e+03;2.824068e-19
1.176063e+03;2.824045e-19
1.176163e+03;2.824021e-19
1.176263e+03;2.823998e-19
1.176363e+03;2.823975e-19
1.176463e+03;2.823952e-19
1.176563e+03;2.823929e-19
1.176663e+03;2.823906e-19
1.176763e+03;2.823883e-19
1.176863e+03;2.823859e-19
1.176963e+03;2.823836e-19
1.177063e+03;2.823813e-19
1.177163e+03;2.823790e-19
1.177263e+03;2.823767e-19
1.177363e+03;2.823744e-19
1.177463e+03;2.823721e-19
1.177563e+03;2.823698e-19
1.177663e+03;2.823675e-19
1.177763e+03;2.823651e-19
1.177863e+03;2.823628e-19
1.177963e+03;2.823605e-19
1.178063e+03;2.823582e-19
1.178163e+03;2.823559e-19
1.178263e+03;2.823536e-19
1.178363e+03;2.823513e-19
1.178463e+03;2.823490e-19
1.178563e+03;2.823467e-19
1.178663e+03;2.823444e-19
1.178763e+03;2.823420e-19
1.178863e+03;2.823397e-19
1.178963e+03;2.823374e-19
1.179063e+03;2.823351e-19
1.179163e+03;2.823328e-19
1.179263e+03;2.823305e-19
1.179363e+03;2.823282e-19
1.179463e+03;2.823259e-19
1.179563e+03;2.823236e-19
1.179663e+03;2.823213e-19
1.179763e+03;2.823190e-19
1.179863e+03;2.823167e-19
1.179963e+03;2.823144e-19
1.180063e+03;2.823120e-19
1.180163e+03;2.823097e-19
1.180263e+03;2.823074e-19
1.180363e+03;2.823051e-19
1.180463e+03;2.823028e-19
1.180563e+03;2.823005e-19
1.180663e+03;2.822982e-19
1.180763e+03;2.822959e-19
1.180863e+03;2.822936e-19
1.180963e+03;2.822913e-19
1.181063e+03;2.822890e-19
1.181163e+03;2.822867e-19
1.181263e+03;2.822844e-19
1.181363e+03;2.822821e-19
1.181463e+03;2.822798e-19
1.181563e+03;2.822775e-19
1.181663e+03;2.822752e-19
1.181763e+03;2.822729e-19
1.181863e+03;2.822706e-19
1.181963e+03;2.822683e-19
1.182063e+03;2.822660e-19
1.182163e+03;2.822637e-19
1.182263e+03;2.822614e-19
1.182363e+03;2.822591e-19
1.182463e+03;2.822568e-19
1.182563e+03;2.822545e-19
1.182663e+03;2.822522e-19
1.182763e+03;2.822499e-19
1.182863e+03;2.822476e-19
1.182963e+03;2.822453e-19
1.183063e+03;2.822430e-19
1.183163e+03;2.822407e-19
1.183263e+03;2.822384e-19
1.183363e+03;2.822361e-19
1.183463e+03;2.822338e-19
1.183563e+03;2.822315e-19
1.183663e+03;2.822292e-19
1.183763e+03;2.822269e-19
1.183863e+03;2.822246e-19
1.183963e+03;2.822223e-19
1.184063e+03;2.822200e-19
1.184163e+03;2.822177e-19
1.184263e+03;2.822154e-19
1.184363e+03;2.822131e-19
1.184463e+03;2.822108e-19
1.184563e+03;2.822085e-19
1.184663e+03;2.822062e-19
1.184763e+03;2.822039e-19
1.184863e+03;2.822016e-19
1.184963e+03;2.821993e-19
1.185063e+03;2.821970e-19
1.185163e+03;2.821947e-19
1.185263e+03;2.821924e-19
1.185363e+03;2.821901e-19
1.185463e+03;2.821878e-19
1.185563e+03;2.821855e-19
1.185663e+03;2.821832e-19
1.185763e+03;2.821809e-19
1.185863e+03;2.821786e-19
1.185963e+03;2.821764e-19
1.186063e+03;2.821741e-19
1.186163e+03;2.821718e-19
1.186263e+03;2.821695e-19
1.186363e+03;2.821672e-19
1.186463e+03;2.821649e-19
1.186563e+03;2.821626e-19
1.186663e+03;2.821603e-19
1.186763e+03;2.821580e-19
1.186863e+03;2.821557e-19
1.186963e+03;2.821534e-19
1.187063e+03;2.821511e-19
1.187163e+03;2.821488e-19
1.187263e+03;2.821465e-19
1.187363e+03;2.821443e-19
1.187463e+03;2.821420e-19
1.187563e+03;2.821397e-19
1.187663e+03;2.821374e-19
1.187763e+03;2.821351e-19
1.187863e+03;2.821328e-19
1.187963e+03;2.821305e-19
1.188063e+03;2.821282e-19
1.188163e+03;2.821259e-19
1.188263e+03;2.821236e-19
1.188363e+03;2.821214e-19
1.188463e+03;2.821191e-19
1.188563e+03;2.821168e-19
1.188663e+03;2.821145e-19
1.188763e+03;2.821122e-19
1.188863e+03;2.821099e-19
1.188964e+03;2.821076e-19
1.189064e+03;2.821053e-19
1.189164e+03;2.821031e-19
1.189264e+03;2.821008e-19
1.189364e+03;2.820985e-19
1.189464e+03;2.820962e-19
1.189564e+03;2.820939e-19
1.189664e+03;2.820916e-19
1.189764e+03;2.820893e-19
1.189864e+03;2.820870e-19
1.189964e+03;2.820848e-19
1.190064e+03;2.820825e-19
1.190164e+03;2.820802e-19
1.190264e+03;2.820779e-19
1.190364e+03;2.820756e-19
1.190464e+03;2.820733e-19
1.190564e+03;2.820711e-19
1.190664e+03;2.820688e-19
1.190764e+03;2.820665e-19
1.190864e+03;2.820642e-19
1.190964e+03;2.820619e-19
1.191064e+03;2.820596e-19
1.191164e+03;2.820573e-19
1.191264e+03;2.820551e-19
1.191364e+03;2.820528e-19
1.191464e+03;2.820505e-19
1.191564e+03;2.820482e-19
1.191664e+03;2.820459e-19
1.191764e+03;2.820437e-19
1.191864e+03;2.820414e-19
1.191964e+03;2.820391e-19
1.192064e+03;2.820368e-19
1.192164e+03;2.820345e-19
1.192264e+03;2.820322e-19
1.192364e+03;2.820300e-19
1.192464e+03;2.820277e-19
1.192564e+03;2.820254e-19
1.192664e+03;2.820231e-19
1.192764e+03;2.820208e-19
1.192864e+03;2.820186e-19
1.192964e+03;2.820163e-19
1.193064e+03;2.820140e-19
1.193164e+03;2.820117e-19
1.193264e+03;2.820094e-19
1.193364e+03;2.820072e-19
1.193464e+03;2.820049e-19
1.193564e+03;2.820026e-19
1.193664e+03;2.820003e-19
1.193764e+03;2.819981e-19
1.193864e+03;2.819958e-19
1.193964e+03;2.819935e-19
1.194064e+03;2.819912e-19
1.194164e+03;2.819889e-19
1.194264e+03;2.819867e-19
1.194364e+03;2.819844e-19
1.194464e+03;2.819821e-19
1.194564e+03;2.819798e-19
1.194664e+03;2.819776e-19
1.194764e+03;2.819753e-19
1.194864e+03;2.819730e-19
1.194964e+03;2.819707e-19
1.195064e+03;2.819685e-19
1.195164e+03;2.819662e-19
1.195264e+03;2.819639e-19
1.195364e+03;2.819616e-19
1.195464e+03;2.819594e-19
1.195564e+03;2.819571e-19
1.195664e+03;2.819548e-19
1.195764e+03;2.819525e-19
1.195864e+03;2.819503e-19
1.195964e+03;2.819480e-19
1.196064e+03;2.819457e-19
1.196164e+03;2.819434e-19
1.196264e+03;2.819412e-19
1.196364e+03;2.819389e-19
1.196464e+03;2.819366e-19
1.196564e+03;2.819344e-19
1.196664e+03;2.819321e-19
1.196764e+03;2.819298e-19
1.196864e+03;2.819275e-19
1.196964e+03;2.819253e-19
1.197064e+03;2.819230e-19
1.197164e+03;2.819207e-19
1.197264e+03;2.819185e-19
1.197364e+03;2.819162e-19
1.197464e+03;2.819139e-19
1.197564e+03;2.819116e-19
1.197664e+03;2.819094e-19
1.197764e+03;2.819071e-19
1.197864e+03;2.819048e-19
1.197964e+03;2.819026e-19
1.198064e+03;2.819003e-19
1.198164e+03;2.818980e-19
1.198264e+03;2.818958e-19
1.198364e+03;2.818935e-19
1.198464e+03;2.818912e-19
1.198564e+03;2.818889e-19
1.198664e+03;2.818867e-19
1.198764e+03;2.818844e-19
1.198864e+03;2.818821e-19
1.198964e+03;2.818799e-19
1.199064e+03;2.818776e-19
1.199164e+03;2.818753e-19
1.199264e+03;2.818731e-19
1.199364e+03;2.818708e-19
1.199464e+03;2.818685e-19
1.199564e+03;2.818663e-19
1.199664e+03;2.818640e-19
1.199764e+03;2.818617e-19
1.199864e+03;2.818595e-19
1.199964e+03;2.818572e-19
1.200064e+03;2.818549e-19
1.200164e+03;2.818527e-19
1.200264e+03;2.818504e-19
1.200364e+03;2.818482e-19
1.200464e+03;2.818459e-19
1.200564e+03;2.818436e-19
1.200664e+03;2.818414e-19
1.200764e+03;2.818391e-19
1.200864e+03;2.818368e-19
1.200964e+03;2.818346e-19
1.201064e+03;2.818323e-19
1.201164e+03;2.818300e-19
1.201264e+03;2.818278e-19
1.201364e+03;2.818255e-19
1.201464e+03;2.818233e-19
1.201564e+03;2.818210e-19
1.201664e+03;2.818187e-19
1.201764e+03;2.818165e-19
1.201864e+03;2.818142e-19
1.201964e+03;2.818119e-19
1.202064e+03;2.818097e-19
1.202164e+03;2.818074e-19
1.202264e+03;2.818052e-19
1.202364e+03;2.818029e-19
1.202464e+03;2.818006e-19
1.202564e+03;2.817984e-19
1.202664e+03;2.817961e-19
1.202764e+03;2.817939e-19
1.202864e+03;2.817916e-19
1.202964e+03;2.817893e-19
1.203064e+03;2.817871e-19
1.203164e+03;2.817848e-19
1.203264e+03;2.817826e-19
1.203364e+03;2.817803e-19
1.203464e+03;2.817780e-19
1.203564e+03;2.817758e-19
1.203664e+03;2.817735e-19
1.203764e+03;2.817713e-19
1.203864e+03;2.817690e-19
1.203964e+03;2.817668e-19
1.204064e+03;2.817645e-19
1.204164e+03;2.817622e-19
1.204264e+03;2.817600e-19
1.204364e+03;2.817577e-19
1.204464e+03;2.817555e-19
1.204564e+03;2.817532e-19
1.204664e+03;2.817510e-19
1.204764e+03;2.817487e-19
1.204864e+03;2.817465e-19
1.204964e+03;2.817442e-19
1.205064e+03;2.817419e-19
1.205164e+03;2.817397e-19
1.205264e+03;2.817374e-19
1.205364e+03;2.817352e-19
1.205464e+03;2.817329e-19
1.205564e+03;2.817307e-19
1.205664e+03;2.817284e-19
1.205764e+03;2.817262e-19
1.205864e+03;2.817239e-19
1.205964e+03;2.817217e-19
1.206064e+03;2.817194e-19
1.206164e+03;2.817171e-19
1.206264e+03;2.817149e-19
1.206364e+03;2.817126e-19
1.206464e+03;2.817104e-19
1.206564e+03;2.817081e-19
1.206664e+03;2.817059e-19
1.206764e+03;2.817036e-19
1.206864e+03;2.817014e-19
1.206964e+03;2.816991e-19
1.207064e+03;2.816969e-19
1.207164e+03;2.816946e-19
1.207264e+03;2.816924e-19
1.207364e+03;2.816901e-19
1.207464e+03;2.816879e-19
1.207564e+03;2.816856e-19
1.207664e+03;2.816834e-19
1.207764e+03;2.816811e-19
1.207864e+03;2.816789e-19
1.207964e+03;2.816766e-19
1.208064e+03;2.816744e-19
1.208164e+03;2.816721e-19
1.208264e+03;2.816699e-19
1.208364e+03;2.816676e-19
1.208464e+03;2.816654e-19
1.208564e+03;2.816631e-19
1.208664e+03;2.816609e-19
1.208764e+03;2.816586e-19
1.208864e+03;2.816564e-19
1.208964e+03;2.816541e-19
1.209064e+03;2.816519e-19
1.209164e+03;2.816496e-19
1.209264e+03;2.816474e-19
1.209364e+03;2.816452e-19
1.209464e+03;2.816429e-19
1.209564e+03;2.816407e-19
1.209664e+03;2.816384e-19
1.209764e+03;2.816362e-19
1.209864e+03;2.816339e-19
1.209964e+03;2.816317e-19
1.210064e+03;2.816294e-19
1.210164e+03;2.816272e-19
1.210264e+03;2.816249e-19
1.210364e+03;2.816227e-19
1.210464e+03;2.816204e-19
1.210564e+03;2.816182e-19
1.210664e+03;2.816160e-19
1.210764e+03;2.816137e-19
1.210864e+03;2.816115e-19
1.210964e+03;2.816092e-19
1.211064e+03;2.816070e-19
1.211165e+03;2.816047e-19
1.211265e+03;2.816025e-19
1.211365e+03;2.816003e-19
1.211465e+03;2.815980e-19
1.211565e+03;2.815958e-19
1.211665e+03;2.815935e-19
1.211765e+03;2.815913e-19
1.211865e+03;2.815890e-19
1.211965e+03;2.815868e-19
1.212065e+03;2.815846e-19
1.212165e+03;2.815823e-19
1.212265e+03;2.815801e-19
1.212365e+03;2.815778e-19
1.212465e+03;2.815756e-19
1.212565e+03;2.815734e-19
1.212665e+03;2.815711e-19
1.212765e+03;2.815689e-19
1.212865e+03;2.815666e-19
1.212965e+03;2.815644e-19
1.213065e+03;2.815622e-19
1.213165e+03;2.815599e-19
1.213265e+03;2.815577e-19
1.213365e+03;2.815554e-19
1.213465e+03;2.815532e-19
1.213565e+03;2.815510e-19
1.213665e+03;2.815487e-19
1.213765e+03;2.815465e-19
1.213865e+03;2.815443e-19
1.213965e+03;2.815420e-19
1.214065e+03;2.815398e-19
1.214165e+03;2.815375e-19
1.214265e+03;2.815353e-19
1.214365e+03;2.815331e-19
1.214465e+03;2.815308e-19
1.214565e+03;2.815286e-19
1.214665e+03;2.815264e-19
1.214765e+03;2.815241e-19
1.214865e+03;2.815219e-19
1.214965e+03;2.815196e-19
1.215065e+03;2.815174e-19
1.215165e+03;2.815152e-19
1.215265e+03;2.815129e-19
1.215365e+03;2.815107e-19
1.215465e+03;2.815085e-19
1.215565e+03;2.815062e-19
1.215665e+03;2.815040e-19
1.215765e+03;2.815018e-19
1.215865e+03;2.814995e-19
1.215965e+03;2.814973e-19
1.216065e+03;2.814951e-19
1.216165e+03;2.814928e-19
1.216265e+03;2.814906e-19
1.216365e+03;2.814884e-19
1.216465e+03;2.814861e-19
1.216565e+03;2.814839e-19
1.216665e+03;2.814817e-19
1.216765e+03;2.814794e-19
1.216865e+03;2.814772e-19
1.216965e+03;2.814750e-19
1.217065e+03;2.814727e-19
1.217165e+03;2.814705e-19
1.217265e+03;2.814683e-19
1.217365e+03;2.814660e-19
1.217465e+03;2.814638e-19
1.217565e+03;2.814616e-19
1.217665e+03;2.814594e-19
1.217765e+03;2.814571e-19
1.217865e+03;2.814549e-19
1.217965e+03;2.814527e-19
1.218065e+03;2.814504e-19
1.218165e+03;2.814482e-19
1.218265e+03;2.814460e-19
1.218365e+03;2.814437e-19
1.218465e+03;2.814415e-19
1.218565e+03;2.814393e-19
1.218665e+03;2.814371e-19
1.218765e+03;2.814348e-19
1.218865e+03;2.814326e-19
1.218965e+03;2.814304e-19
1.219065e+03;2.814281e-19
1.219165e+03;2.814259e-19
1.219265e+03;2.814237e-19
1.219365e+03;2.814215e-19
1.219465e+03;2.814192e-19
1.219565e+03;2.814170e-19
1.219665e+03;2.814148e-19
1.219765e+03;2.814126e-19
1.219865e+03;2.814103e-19
1.219965e+03;2.814081e-19
1.220065e+03;2.814059e-19
1.220165e+03;2.814037e-19
1.220265e+03;2.814014e-19
1.220365e+03;2.813992e-19
1.220465e+03;2.813970e-19
1.220565e+03;2.813948e-19
1.220665e+03;2.813925e-19
1.220765e+03;2.813903e-19
1.220865e+03;2.813881e-19
1.220965e+03;2.813859e-19
1.221065e+03;2.813836e-19
1.221165e+03;2.813814e-19
1.221265e+03;2.813792e-19
1.221365e+03;2.813770e-19
1.221465e+03;2.813747e-19
1.221565e+03;2.813725e-19
1.221665e+03;2.813703e-19
1.221765e+03;2.813681e-19
1.221865e+03;2.813659e-19
1.221965e+03;2.813636e-19
1.222065e+03;2.813614e-19
1.222165e+03;2.813592e-19
1.222265e+03;2.813570e-19
1.222365e+03;2.813547e-19
1.222465e+03;2.813525e-19
1.222565e+03;2.813503e-19
1.222665e+03;2.813481e-19
1.222765e+03;2.813459e-19
1.222865e+03;2.813436e-19
1.222965e+03;2.813414e-19
1.223065e+03;2.813392e-19
1.223165e+03;2.813370e-19
1.223265e+03;2.813348e-19
1.223365e+03;2.813325e-19
1.223465e+03;2.813303e-19
1.223565e+03;2.813281e-19
1.223665e+03;2.813259e-19
1.223765e+03;2.813237e-19
1.223865e+03;2.813214e-19
1.223965e+03;2.813192e-19
1.224065e+03;2.813170e-19
1.224165e+03;2.813148e-19
1.224265e+03;2.813126e-19
1.224365e+03;2.813104e-19
1.224465e+03;2.813081e-19
1.224565e+03;2.813059e-19
1.224665e+03;2.813037e-19
1.224765e+03;2.813015e-19
1.224865e+03;2.812993e-19
1.224965e+03;2.812971e-19
1.225065e+03;2.812948e-19
1.225165e+03;2.812926e-19
1.225265e+03;2.812904e-19
1.225365e+03;2.812882e-19
1.225465e+03;2.812860e-19
1.225565e+03;2.812838e-19
1.225665e+03;2.812815e-19
1.225765e+03;2.812793e-19
1.225865e+03;2.812771e-19
1.225965e+03;2.812749e-19
1.226065e+03;2.812727e-19
1.226165e+03;2.812705e-19
1.226265e+03;2.812683e-19
1.226365e+03;2.812660e-19
1.226465e+03;2.812638e-19
1.226565e+03;2.812616e-19
1.226665e+03;2.812594e-19
1.226765e+03;2.812572e-19
1.226865e+03;2.812550e-19
1.226965e+03;2.812528e-19
1.227065e+03;2.812506e-19
1.227165e+03;2.812483e-19
1.227265e+03;2.812461e-19
1.227365e+03;2.812439e-19
1.227465e+03;2.812417e-19
1.227565e+03;2.812395e-19
1.227665e+03;2.812373e-19
1.227765e+03;2.812351e-19
1.227865e+03;2.812329e-19
1.227965e+03;2.812307e-19
1.228065e+03;2.812284e-19
1.228165e+03;2.812262e-19
1.228265e+03;2.812240e-19
1.228365e+03;2.812218e-19
1.228465e+03;2.812196e-19
1.228565e+03;2.812174e-19
1.228665e+03;2.812152e-19
1.228765e+03;2.812130e-19
1.228865e+03;2.812108e-19
1.228965e+03;2.812086e-19
1.229065e+03;2.812064e-19
1.229165e+03;2.812041e-19
1.229265e+03;2.812019e-19
1.229365e+03;2.811997e-19
1.229465e+03;2.811975e-19
1.229565e+03;2.811953e-19
1.229665e+03;2.811931e-19
1.229765e+03;2.811909e-19
1.229865e+03;2.811887e-19
1.229965e+03;2.811865e-19
1.230065e+03;2.811843e-19
1.230165e+03;2.811821e-19
1.230265e+03;2.811799e-19
1.230365e+03;2.811777e-19
1.230465e+03;2.811755e-19
1.230565e+03;2.811732e-19
1.230665e+03;2.811710e-19
1.230765e+03;2.811688e-19
1.230865e+03;2.811666e-19
1.230965e+03;2.811644e-19
1.231065e+03;2.811622e-19
1.231165e+03;2.811600e-19
1.231265e+03;2.811578e-19
1.231365e+03;2.811556e-19
1.231465e+03;2.811534e-19
1.231565e+03;2.811512e-19
1.231665e+03;2.811490e-19
1.231765e+03;2.811468e-19
1.231865e+03;2.811446e-19
1.231965e+03;2.811424e-19
1.232065e+03;2.811402e-19
1.232165e+03;2.811380e-19
1.232265e+03;2.811358e-19
1.232365e+03;2.811336e-19
1.232465e+03;2.811314e-19
1.232565e+03;2.811292e-19
1.232665e+03;2.811270e-19
1.232765e+03;2.811248e-19
1.232865e+03;2.811226e-19
1.232965e+03;2.811204e-19
1.233065e+03;2.811182e-19
1.233165e+03;2.811160e-19
1.233265e+03;2.811138e-19
1.233366e+03;2.811116e-19
1.233466e+03;2.811094e-19
1.233566e+03;2.811072e-19
1.233666e+03;2.811050e-19
1.233766e+03;2.811028e-19
1.233866e+03;2.811006e-19
1.233966e+03;2.810984e-19
1.234066e+03;2.810962e-19
1.234166e+03;2.810940e-19
1.234266e+03;2.810918e-19
1.234366e+03;2.810896e-19
1.234466e+03;2.810874e-19
1.234566e+03;2.810852e-19
1.234666e+03;2.810830e-19
1.234766e+03;2.810808e-19
1.234866e+03;2.810786e-19
1.234966e+03;2.810764e-19
1.235066e+03;2.810742e-19
1.235166e+03;2.810720e-19
1.235266e+03;2.810698e-19
1.235366e+03;2.810676e-19
1.235466e+03;2.810654e-19
1.235566e+03;2.810632e-19
1.235666e+03;2.810610e-19
1.235766e+03;2.810588e-19
1.235866e+03;2.810566e-19
1.235966e+03;2.810544e-19
1.236066e+03;2.810522e-19
1.236166e+03;2.810500e-19
1.236266e+03;2.810478e-19
1.236366e+03;2.810456e-19
1.236466e+03;2.810435e-19
1.236566e+03;2.810413e-19
1.236666e+03;2.810391e-19
1.236766e+03;2.810369e-19
1.236866e+03;2.810347e-19
1.236966e+03;2.810325e-19
1.237066e+03;2.810303e-19
1.237166e+03;2.810281e-19
1.237266e+03;2.810259e-19
1.237366e+03;2.810237e-19
1.237466e+03;2.810215e-19
1.237566e+03;2.810193e-19
1.237666e+03;2.810171e-19
1.237766e+03;2.810149e-19
1.237866e+03;2.810128e-19
1.237966e+03;2.810106e-19
1.238066e+03;2.810084e-19
1.238166e+03;2.810062e-19
1.238266e+03;2.810040e-19
1.238366e+03;2.810018e-19
1.238466e+03;2.809996e-19
1.238566e+03;2.809974e-19
1.238666e+03;2.809952e-19
1.238766e+03;2.809930e-19
1.238866e+03;2.809908e-19
1.238966e+03;2.809887e-19
1.239066e+03;2.809865e-19
1.239166e+03;2.809843e-19
1.239266e+03;2.809821e-19
1.239366e+03;2.809799e-19
1.239466e+03;2.809777e-19
1.239566e+03;2.809755e-19
1.239666e+03;2.809733e-19
1.239766e+03;2.809711e-19
1.239866e+03;2.809690e-19
1.239966e+03;2.809668e-19
1.240066e+03;2.809646e-19
1.240166e+03;2.809624e-19
1.240266e+03;2.809602e-19
1.240366e+03;2.809580e-19
1.240466e+03;2.809558e-19
1.240566e+03;2.809536e-19
1.240666e+03;2.809515e-19
1.240766e+03;2.809493e-19
1.240866e+03;2.809471e-19
1.240966e+03;2.809449e-19
1.241066e+03;2.809427e-19
1.241166e+03;2.809405e-19
1.241266e+03;2.809383e-19
1.241366e+03;2.809362e-19
1.241466e+03;2.809340e-19
1.241566e+03;2.809318e-19
1.241666e+03;2.809296e-19
1.241766e+03;2.809274e-19
1.241866e+03;2.809252e-19
1.241966e+03;2.809231e-19
1.242066e+03;2.809209e-19
1.242166e+03;2.809187e-19
1.242266e+03;2.809165e-19
1.242366e+03;2.809143e-19
1.242466e+03;2.809121e-19
1.242566e+03;2.809100e-19
1.242666e+03;2.809078e-19
1.242766e+03;2.809056e-19
1.242866e+03;2.809034e-19
1.242966e+03;2.809012e-19
1.243066e+03;2.808990e-19
1.243166e+03;2.808969e-19
1.243266e+03;2.808947e-19
1.243366e+03;2.808925e-19
1.243466e+03;2.808903e-19
1.243566e+03;2.808881e-19
1.243666e+03;2.808860e-19
1.243766e+03;2.808838e-19
1.243866e+03;2.808816e-19
1.243966e+03;2.808794e-19
1.244066e+03;2.808772e-19
1.244166e+03;2.808750e-19
1.244266e+03;2.808729e-19
1.244366e+03;2.808707e-19
1.244466e+03;2.808685e-19
1.244566e+03;2.808663e-19
1.244666e+03;2.808642e-19
1.244766e+03;2.808620e-19
1.244866e+03;2.808598e-19
1.244966e+03;2.808576e-19
1.245066e+03;2.808554e-19
1.245166e+03;2.808533e-19
1.245266e+03;2.808511e-19
1.245366e+03;2.808489e-19
1.245466e+03;2.808467e-19
1.245566e+03;2.808446e-19
1.245666e+03;2.808424e-19
1.245766e+03;2.808402e-19
1.245866e+03;2.808380e-19
1.245966e+03;2.808358e-19
1.246066e+03;2.808337e-19
1.246166e+03;2.808315e-19
1.246266e+03;2.808293e-19
1.246366e+03;2.808271e-19
1.246466e+03;2.808250e-19
1.246566e+03;2.808228e-19
1.246666e+03;2.808206e-19
1.246766e+03;2.808184e-19
1.246866e+03;2.808163e-19
1.246966e+03;2.808141e-19
1.247066e+03;2.808119e-19
1.247166e+03;2.808097e-19
1.247266e+03;2.808076e-19
1.247366e+03;2.808054e-19
1.247466e+03;2.808032e-19
1.247566e+03;2.808010e-19
1.247666e+03;2.807989e-19
1.247766e+03;2.807967e-19
1.247866e+03;2.807945e-19
1.247966e+03;2.807924e-19
1.248066e+03;2.807902e-19
1.248166e+03;2.807880e-19
1.248266e+03;2.807858e-19
1.248366e+03;2.807837e-19
1.248466e+03;2.807815e-19
1.248566e+03;2.807793e-19
1.248666e+03;2.807771e-19
1.248766e+03;2.807750e-19
1.248866e+03;2.807728e-19
1.248966e+03;2.807706e-19
1.249066e+03;2.807685e-19
1.249166e+03;2.807663e-19
1.249266e+03;2.807641e-19
1.249366e+03;2.807619e-19
1.249466e+03;2.807598e-19
1.249566e+03;2.807576e-19
1.249666e+03;2.807554e-19
1.249766e+03;2.807533e-19
1.249866e+03;2.807511e-19
1.249966e+03;2.807489e-19
1.250066e+03;2.807468e-19
1.250166e+03;2.807446e-19
1.250266e+03;2.807424e-19
1.250366e+03;2.807403e-19
1.250466e+03;2.807381e-19
1.250566e+03;2.807359e-19
1.250666e+03;2.807338e-19
1.250766e+03;2.807316e-19
1.250866e+03;2.807294e-19
1.250966e+03;2.807272e-19
1.251066e+03;2.807251e-19
1.251166e+03;2.807229e-19
1.251266e+03;2.807207e-19
1.251366e+03;2.807186e-19
1.251466e+03;2.807164e-19
1.251566e+03;2.807142e-19
1.251666e+03;2.807121e-19
1.251766e+03;2.807099e-19
1.251866e+03;2.807078e-19
1.251966e+03;2.807056e-19
1.252066e+03;2.807034e-19
1.252166e+03;2.807013e-19
1.252266e+03;2.806991e-19
1.252366e+03;2.806969e-19
1.252466e+03;2.806948e-19
1.252566e+03;2.806926e-19
1.252666e+03;2.806904e-19
1.252766e+03;2.806883e-19
1.252866e+03;2.806861e-19
1.252966e+03;2.806839e-19
1.253066e+03;2.806818e-19
1.253166e+03;2.806796e-19
1.253266e+03;2.806775e-19
1.253366e+03;2.806753e-19
1.253466e+03;2.806731e-19
1.253566e+03;2.806710e-19
1.253666e+03;2.806688e-19
1.253766e+03;2.806666e-19
1.253866e+03;2.806645e-19
1.253966e+03;2.806623e-19
1.254066e+03;2.806602e-19
1.254166e+03;2.806580e-19
1.254266e+03;2.806558e-19
1.254366e+03;2.806537e-19
1.254466e+03;2.806515e-19
1.254566e+03;2.806493e-19
1.254666e+03;2.806472e-19
1.254766e+03;2.806450e-19
1.254866e+03;2.806429e-19
1.254966e+03;2.806407e-19
1.255066e+03;2.806385e-19
1.255166e+03;2.806364e-19
1.255266e+03;2.806342e-19
1.255366e+03;2.806321e-19
1.255466e+03;2.806299e-19
1.255567e+03;2.806278e-19
1.255667e+03;2.806256e-19
1.255767e+03;2.806234e-19
1.255867e+03;2.806213e-19
1.255967e+03;2.806191e-19
1.256067e+03;2.806170e-19
1.256167e+03;2.806148e-19
1.256267e+03;2.806126e-19
1.256367e+03;2.806105e-19
1.256467e+03;2.806083e-19
1.256567e+03;2.806062e-19
1.256667e+03;2.806040e-19
1.256767e+03;2.806019e-19
1.256867e+03;2.805997e-19
1.256967e+03;2.805975e-19
1.257067e+03;2.805954e-19
1.257167e+03;2.805932e-19
1.257267e+03;2.805911e-19
1.257367e+03;2.805889e-19
1.257467e+03;2.805868e-19
1.257567e+03;2.805846e-19
1.257667e+03;2.805825e-19
1.257767e+03;2.805803e-19
1.257867e+03;2.805781e-19
1.257967e+03;2.805760e-19
1.258067e+03;2.805738e-19
1.258167e+03;2.805717e-19
1.258267e+03;2.805695e-19
1.258367e+03;2.805674e-19
1.258467e+03;2.805652e-19
1.258567e+03;2.805631e-19
1.258667e+03;2.805609e-19
1.258767e+03;2.805588e-19
1.258867e+03;2.805566e-19
1.258967e+03;2.805545e-19
1.259067e+03;2.805523e-19
1.259167e+03;2.805502e-19
1.259267e+03;2.805480e-19
1.259367e+03;2.805459e-19
1.259467e+03;2.805437e-19
1.259567e+03;2.805415e-19
1.259667e+03;2.805394e-19
1.259767e+03;2.805372e-19
1.259867e+03;2.805351e-19
1.259967e+03;2.805329e-19
1.260067e+03;2.805308e-19
1.260167e+03;2.805286e-19
1.260267e+03;2.805265e-19
1.260367e+03;2.805243e-19
1.260467e+03;2.805222e-19
1.260567e+03;2.805200e-19
1.260667e+03;2.805179e-19
1.260767e+03;2.805157e-19
1.260867e+03;2.805136e-19
1.260967e+03;2.805114e-19
1.261067e+03;2.805093e-19
1.261167e+03;2.805071e-19
1.261267e+03;2.805050e-19
1.261367e+03;2.805028e-19
1.261467e+03;2.805007e-19
1.261567e+03;2.804986e-19
1.261667e+03;2.804964e-19
1.261767e+03;2.804943e-19
1.261867e+03;2.804921e-19
1.261967e+03;2.804900e-19
1.262067e+03;2.804878e-19
1.262167e+03;2.804857e-19
1.262267e+03;2.804835e-19
1.262367e+03;2.804814e-19
1.262467e+03;2.804792e-19
1.262567e+03;2.804771e-19
1.262667e+03;2.804749e-19
1.262767e+03;2.804728e-19
1.262867e+03;2.804706e-19
1.262967e+03;2.804685e-19
1.263067e+03;2.804664e-19
1.263167e+03;2.804642e-19
1.263267e+03;2.804621e-19
1.263367e+03;2.804599e-19
1.263467e+03;2.804578e-19
1.263567e+03;2.804556e-19
1.263667e+03;2.804535e-19
1.263767e+03;2.804513e-19
1.263867e+03;2.804492e-19
1.263967e+03;2.804471e-19
1.264067e+03;2.804449e-19
1.264167e+03;2.804428e-19
1.264267e+03;2.804406e-19
1.264367e+03;2.804385e-19
1.264467e+03;2.804363e-19
1.264567e+03;2.804342e-19
1.264667e+03;2.804321e-19
1.264767e+03;2.804299e-19
1.264867e+03;2.804278e-19
1.264967e+03;2.804256e-19
1.265067e+03;2.804235e-19
1.265167e+03;2.804213e-19
1.265267e+03;2.804192e-19
1.265367e+03;2.804171e-19
1.265467e+03;2.804149e-19
1.265567e+03;2.804128e-19
1.265667e+03;2.804106e-19
1.265767e+03;2.804085e-19
1.265867e+03;2.804064e-19
1.265967e+03;2.804042e-19
1.266067e+03;2.804021e-19
1.266167e+03;2.803999e-19
1.266267e+03;2.803978e-19
1.266367e+03;2.803957e-19
1.266467e+03;2.803935e-19
1.266567e+03;2.803914e-19
1.266667e+03;2.803892e-19
1.266767e+03;2.803871e-19
1.266867e+03;2.803850e-19
1.266967e+03;2.803828e-19
1.267067e+03;2.803807e-19
1.267167e+03;2.803786e-19
1.267267e+03;2.803764e-19
1.267367e+03;2.803743e-19
1.267467e+03;2.803721e-19
1.267567e+03;2.803700e-19
1.267667e+03;2.803679e-19
1.267767e+03;2.803657e-19
1.267867e+03;2.803636e-19
1.267967e+03;2.803615e-19
1.268067e+03;2.803593e-19
1.268167e+03;2.803572e-19
1.268267e+03;2.803551e-19
1.268367e+03;2.803529e-19
1.268467e+03;2.803508e-19
1.268567e+03;2.803486e-19
1.268667e+03;2.803465e-19
1.268767e+03;2.803444e-19
1.268867e+03;2.803422e-19
1.268967e+03;2.803401e-19
1.269067e+03;2.803380e-19
1.269167e+03;2.803358e-19
1.269267e+03;2.803337e-19
1.269367e+03;2.803316e-19
1.269467e+03;2.803294e-19
1.269567e+03;2.803273e-19
1.269667e+03;2.803252e-19
1.269767e+03;2.803230e-19
1.269867e+03;2.803209e-19
1.269967e+03;2.803188e-19
1.270067e+03;2.803166e-19
1.270167e+03;2.803145e-19
1.270267e+03;2.803124e-19
1.270367e+03;2.803102e-19
1.270467e+03;2.803081e-19
1.270567e+03;2.803060e-19
1.270667e+03;2.803038e-19
1.270767e+03;2.803017e-19
1.270867e+03;2.802996e-19
1.270967e+03;2.802975e-19
1.271067e+03;2.802953e-19
1.271167e+03;2.802932e-19
1.271267e+03;2.802911e-19
1.271367e+03;2.802889e-19
1.271467e+03;2.802868e-19
1.271567e+03;2.802847e-19
1.271667e+03;2.802825e-19
1.271767e+03;2.802804e-19
1.271867e+03;2.802783e-19
1.271967e+03;2.802762e-19
1.272067e+03;2.802740e-19
1.272167e+03;2.802719e-19
1.272267e+03;2.802698e-19
1.272367e+03;2.802676e-19
1.272467e+03;2.802655e-19
1.272567e+03;2.802634e-19
1.272667e+03;2.802613e-19
1.272767e+03;2.802591e-19
1.272867e+03;2.802570e-19
1.272967e+03;2.802549e-19
1.273067e+03;2.802527e-19
1.273167e+03;2.802506e-19
1.273267e+03;2.802485e-19
1.273367e+03;2.802464e-19
1.273467e+03;2.802442e-19
1.273567e+03;2.802421e-19
1.273667e+03;2.802400e-19
1.273767e+03;2.802379e-19
1.273867e+03;2.802357e-19
1.273967e+03;2.802336e-19
1.274067e+03;2.802315e-19
1.274167e+03;2.802294e-19
1.274267e+03;2.802272e-19
1.274367e+03;2.802251e-19
1.274467e+03;2.802230e-19
1.274567e+03;2.802209e-19
1.274667e+03;2.802187e-19
1.274767e+03;2.802166e-19
1.274867e+03;2.802145e-19
1.274967e+03;2.802124e-19
1.275067e+03;2.802102e-19
1.275167e+03;2.802081e-19
1.275267e+03;2.802060e-19
1.275367e+03;2.802039e-19
1.275467e+03;2.802017e-19
1.275567e+03;2.801996e-19
1.275667e+03;2.801975e-19
1.275767e+03;2.801954e-19
1.275867e+03;2.801933e-19
1.275967e+03;2.801911e-19
1.276067e+03;2.801890e-19
1.276167e+03;2.801869e-19
1.276267e+03;2.801848e-19
1.276367e+03;2.801826e-19
1.276467e+03;2.801805e-19
1.276567e+03;2.801784e-19
1.276667e+03;2.801763e-19
1.276767e+03;2.801742e-19
1.276867e+03;2.801720e-19
1.276967e+03;2.801699e-19
1.277067e+03;2.801678e-19
1.277167e+03;2.801657e-19
1.277267e+03;2.801636e-19
1.277367e+03;2.801614e-19
1.277467e+03;2.801593e-19
1.277567e+03;2.801572e-19
1.277667e+03;2.801551e-19
1.277767e+03;2.801530e-19
1.277868e+03;2.801508e-19
1.277968e+03;2.801487e-19
1.278068e+03;2.801466e-19
1.278168e+03;2.801445e-19
1.278268e+03;2.801424e-19
1.278368e+03;2.801403e-19
1.278468e+03;2.801381e-19
1.278568e+03;2.801360e-19
1.278668e+03;2.801339e-19
1.278768e+03;2.801318e-19
1.278868e+03;2.801297e-19
1.278968e+03;2.801275e-19
1.279068e+03;2.801254e-19
1.279168e+03;2.801233e-19
1.279268e+03;2.801212e-19
1.279368e+03;2.801191e-19
1.279468e+03;2.801170e-19
1.279568e+03;2.801149e-19
1.279668e+03;2.801127e-19
1.279768e+03;2.801106e-19
1.279868e+03;2.801085e-19
1.279968e+03;2.801064e-19
1.280068e+03;2.801043e-19
1.280168e+03;2.801022e-19
1.280268e+03;2.801000e-19
1.280368e+03;2.800979e-19
1.280468e+03;2.800958e-19
1.280568e+03;2.800937e-19
1.280668e+03;2.800916e-19
1.280768e+03;2.800895e-19
1.280868e+03;2.800874e-19
1.280968e+03;2.800852e-19
1.281068e+03;2.800831e-19
1.281168e+03;2.800810e-19
1.281268e+03;2.800789e-19
1.281368e+03;2.800768e-19
1.281468e+03;2.800747e-19
1.281568e+03;2.800726e-19
1.281668e+03;2.800705e-19
1.281768e+03;2.800683e-19
1.281868e+03;2.800662e-19
1.281968e+03;2.800641e-19
1.282068e+03;2.800620e-19
1.282168e+03;2.800599e-19
1.282268e+03;2.800578e-19
1.282368e+03;2.800557e-19
1.282468e+03;2.800536e-19
1.282568e+03;2.800515e-19
1.282668e+03;2.800494e-19
1.282768e+03;2.800472e-19
1.282868e+03;2.800451e-19
1.282968e+03;2.800430e-19
1.283068e+03;2.800409e-19
1.283168e+03;2.800388e-19
1.283268e+03;2.800367e-19
1.283368e+03;2.800346e-19
1.283468e+03;2.800325e-19
1.283568e+03;2.800304e-19
1.283668e+03;2.800283e-19
1.283768e+03;2.800261e-19
1.283868e+03;2.800240e-19
1.283968e+03;2.800219e-19
1.284068e+03;2.800198e-19
1.284168e+03;2.800177e-19
1.284268e+03;2.800156e-19
1.284368e+03;2.800135e-19
1.284468e+03;2.800114e-19
1.284568e+03;2.800093e-19
1.284668e+03;2.800072e-19
1.284768e+03;2.800051e-19
1.284868e+03;2.800030e-19
1.284968e+03;2.800009e-19
1.285068e+03;2.799988e-19
1.285168e+03;2.799966e-19
1.285268e+03;2.799945e-19
1.285368e+03;2.799924e-19
1.285468e+03;2.799903e-19
1.285568e+03;2.799882e-19
1.285668e+03;2.799861e-19
1.285768e+03;2.799840e-19
1.285868e+03;2.799819e-19
1.285968e+03;2.799798e-19
1.286068e+03;2.799777e-19
1.286168e+03;2.799756e-19
1.286268e+03;2.799735e-19
1.286368e+03;2.799714e-19
1.286468e+03;2.799693e-19
1.286568e+03;2.799672e-19
1.286668e+03;2.799651e-19
1.286768e+03;2.799630e-19
1.286868e+03;2.799609e-19
1.286968e+03;2.799588e-19
1.287068e+03;2.799567e-19
1.287168e+03;2.799546e-19
1.287268e+03;2.799525e-19
1.287368e+03;2.799504e-19
1.287468e+03;2.799483e-19
1.287568e+03;2.799462e-19
1.287668e+03;2.799441e-19
1.287768e+03;2.799420e-19
1.287868e+03;2.799399e-19
1.287968e+03;2.799378e-19
1.288068e+03;2.799357e-19
1.288168e+03;2.799336e-19
1.288268e+03;2.799315e-19
1.288368e+03;2.799294e-19
1.288468e+03;2.799273e-19
1.288568e+03;2.799252e-19
1.288668e+03;2.799231e-19
1.288768e+03;2.799210e-19
1.288868e+03;2.799189e-19
1.288968e+03;2.799168e-19
1.289068e+03;2.799147e-19
1.289168e+03;2.799126e-19
1.289268e+03;2.799105e-19
1.289368e+03;2.799084e-19
1.289468e+03;2.799063e-19
1.289568e+03;2.799042e-19
1.289668e+03;2.799021e-19
1.289768e+03;2.799000e-19
1.289868e+03;2.798979e-19
1.289968e+03;2.798958e-19
1.290068e+03;2.798937e-19
1.290168e+03;2.798916e-19
1.290268e+03;2.798895e-19
1.290368e+03;2.798874e-19
1.290468e+03;2.798853e-19
1.290568e+03;2.798832e-19
1.290668e+03;2.798811e-19
1.290768e+03;2.798790e-19
1.290868e+03;2.798769e-19
1.290968e+03;2.798748e-19
1.291068e+03;2.798727e-19
1.291168e+03;2.798706e-19
1.291268e+03;2.798685e-19
1.291368e+03;2.798664e-19
1.291468e+03;2.798643e-19
1.291568e+03;2.798622e-19
1.291668e+03;2.798601e-19
1.291768e+03;2.798580e-19
1.291868e+03;2.798559e-19
1.291968e+03;2.798539e-19
1.292068e+03;2.798518e-19
1.292168e+03;2.798497e-19
1.292268e+03;2.798476e-19
1.292368e+03;2.798455e-19
1.292468e+03;2.798434e-19
1.292568e+03;2.798413e-19
1.292668e+03;2.798392e-19
1.292768e+03;2.798371e-19
1.292868e+03;2.798350e-19
1.292968e+03;2.798329e-19
1.293068e+03;2.798308e-19
1.293168e+03;2.798287e-19
1.293268e+03;2.798266e-19
1.293368e+03;2.798246e-19
1.293468e+03;2.798225e-19
1.293568e+03;2.798204e-19
1.293668e+03;2.798183e-19
1.293768e+03;2.798162e-19
1.293868e+03;2.798141e-19
1.293968e+03;2.798120e-19
1.294068e+03;2.798099e-19
1.294168e+03;2.798078e-19
1.294268e+03;2.798057e-19
1.294368e+03;2.798036e-19
1.294468e+03;2.798016e-19
1.294568e+03;2.797995e-19
1.294668e+03;2.797974e-19
1.294768e+03;2.797953e-19
1.294868e+03;2.797932e-19
1.294968e+03;2.797911e-19
1.295068e+03;2.797890e-19
1.295168e+03;2.797869e-19
1.295268e+03;2.797848e-19
1.295368e+03;2.797828e-19
1.295468e+03;2.797807e-19
1.295568e+03;2.797786e-19
1.295668e+03;2.797765e-19
1.295768e+03;2.797744e-19
1.295868e+03;2.797723e-19
1.295968e+03;2.797702e-19
1.296068e+03;2.797681e-19
1.296168e+03;2.797661e-19
1.296268e+03;2.797640e-19
1.296368e+03;2.797619e-19
1.296468e+03;2.797598e-19
1.296568e+03;2.797577e-19
1.296668e+03;2.797556e-19
1.296768e+03;2.797535e-19
1.296868e+03;2.797515e-19
1.296968e+03;2.797494e-19
1.297068e+03;2.797473e-19
1.297168e+03;2.797452e-19
1.297268e+03;2.797431e-19
1.297368e+03;2.797410e-19
1.297468e+03;2.797389e-19
1.297568e+03;2.797369e-19
1.297668e+03;2.797348e-19
1.297768e+03;2.797327e-19
1.297868e+03;2.797306e-19
1.297968e+03;2.797285e-19
1.298068e+03;2.797264e-19
1.298168e+03;2.797244e-19
1.298268e+03;2.797223e-19
1.298368e+03;2.797202e-19
1.298468e+03;2.797181e-19
1.298568e+03;2.797160e-19
1.298668e+03;2.797139e-19
1.298768e+03;2.797119e-19
1.298868e+03;2.797098e-19
1.298968e+03;2.797077e-19
1.299068e+03;2.797056e-19
1.299168e+03;2.797035e-19
1.299268e+03;2.797014e-19
1.299368e+03;2.796994e-19
1.299468e+03;2.796973e-19
1.299568e+03;2.796952e-19
1.299668e+03;2.796931e-19
1.299768e+03;2.796910e-19
1.299868e+03;2.796890e-19
1.299968e+03;2.796869e-19
1.300069e+03;2.796848e-19
1.300169e+03;2.796827e-19
1.300269e+03;2.796806e-19
1.300369e+03;2.796786e-19
1.300469e+03;2.796765e-19
1.300569e+03;2.796744e-19
1.300669e+03;2.796723e-19
1.300769e+03;2.796702e-19
1.300869e+03;2.796682e-19
1.300969e+03;2.796661e-19
1.301069e+03;2.796640e-19
1.301169e+03;2.796619e-19
1.301269e+03;2.796599e-19
1.301369e+03;2.796578e-19
1.301469e+03;2.796557e-19
1.301569e+03;2.796536e-19
1.301669e+03;2.796515e-19
1.301769e+03;2.796495e-19
1.301869e+03;2.796474e-19
1.301969e+03;2.796453e-19
1.302069e+03;2.796432e-19
1.302169e+03;2.796412e-19
1.302269e+03;2.796391e-19
1.302369e+03;2.796370e-19
1.302469e+03;2.796349e-19
1.302569e+03;2.796329e-19
1.302669e+03;2.796308e-19
1.302769e+03;2.796287e-19
1.302869e+03;2.796266e-19
1.302969e+03;2.796245e-19
1.303069e+03;2.796225e-19
1.303169e+03;2.796204e-19
1.303269e+03;2.796183e-19
1.303369e+03;2.796162e-19
1.303469e+03;2.796142e-19
1.303569e+03;2.796121e-19
1.303669e+03;2.796100e-19
1.303769e+03;2.796080e-19
1.303869e+03;2.796059e-19
1.303969e+03;2.796038e-19
1.304069e+03;2.796017e-19
1.304169e+03;2.795997e-19
1.304269e+03;2.795976e-19
1.304369e+03;2.795955e-19
1.304469e+03;2.795934e-19
1.304569e+03;2.795914e-19
1.304669e+03;2.795893e-19
1.304769e+03;2.795872e-19
1.304869e+03;2.795852e-19
1.304969e+03;2.795831e-19
1.305069e+03;2.795810e-19
1.305169e+03;2.795789e-19
1.305269e+03;2.795769e-19
1.305369e+03;2.795748e-19
1.305469e+03;2.795727e-19
1.305569e+03;2.795707e-19
1.305669e+03;2.795686e-19
1.305769e+03;2.795665e-19
1.305869e+03;2.795644e-19
1.305969e+03;2.795624e-19
1.306069e+03;2.795603e-19
1.306169e+03;2.795582e-19
1.306269e+03;2.795562e-19
1.306369e+03;2.795541e-19
1.306469e+03;2.795520e-19
1.306569e+03;2.795500e-19
1.306669e+03;2.795479e-19
1.306769e+03;2.795458e-19
1.306869e+03;2.795437e-19
1.306969e+03;2.795417e-19
1.307069e+03;2.795396e-19
1.307169e+03;2.795375e-19
1.307269e+03;2.795355e-19
1.307369e+03;2.795334e-19
1.307469e+03;2.795313e-19
1.307569e+03;2.795293e-19
1.307669e+03;2.795272e-19
1.307769e+03;2.795251e-19
1.307869e+03;2.795231e-19
1.307969e+03;2.795210e-19
1.308069e+03;2.795189e-19
1.308169e+03;2.795169e-19
1.308269e+03;2.795148e-19
1.308369e+03;2.795127e-19
1.308469e+03;2.795107e-19
1.308569e+03;2.795086e-19
1.308669e+03;2.795065e-19
1.308769e+03;2.795045e-19
1.308869e+03;2.795024e-19
1.308969e+03;2.795003e-19
1.309069e+03;2.794983e-19
1.309169e+03;2.794962e-19
1.309269e+03;2.794941e-19
1.309369e+03;2.794921e-19
1.309469e+03;2.794900e-19
1.309569e+03;2.794880e-19
1.309669e+03;2.794859e-19
1.309769e+03;2.794838e-19
1.309869e+03;2.794818e-19
1.309969e+03;2.794797e-19
1.310069e+03;2.794776e-19
1.310169e+03;2.794756e-19
1.310269e+03;2.794735e-19
1.310369e+03;2.794714e-19
1.310469e+03;2.794694e-19
1.310569e+03;2.794673e-19
1.310669e+03;2.794653e-19
1.310769e+03;2.794632e-19
1.310869e+03;2.794611e-19
1.310969e+03;2.794591e-19
1.311069e+03;2.794570e-19
1.311169e+03;2.794550e-19
1.311269e+03;2.794529e-19
1.311369e+03;2.794508e-19
1.311469e+03;2.794488e-19
1.311569e+03;2.794467e-19
1.311669e+03;2.794446e-19
1.311769e+03;2.794426e-19
1.311869e+03;2.794405e-19
1.311969e+03;2.794385e-19
1.312069e+03;2.794364e-19
1.312169e+03;2.794343e-19
1.312269e+03;2.794323e-19
1.312369e+03;2.794302e-19
1.312469e+03;2.794282e-19
1.312569e+03;2.794261e-19
1.312669e+03;2.794240e-19
1.312769e+03;2.794220e-19
1.312869e+03;2.794199e-19
1.312969e+03;2.794179e-19
1.313069e+03;2.794158e-19
1.313169e+03;2.794138e-19
1.313269e+03;2.794117e-19
1.313369e+03;2.794096e-19
1.313469e+03;2.794076e-19
1.313569e+03;2.794055e-19
1.313669e+03;2.794035e-19
1.313769e+03;2.794014e-19
1.313869e+03;2.793994e-19
1.313969e+03;2.793973e-19
1.314069e+03;2.793952e-19
1.314169e+03;2.793932e-19
1.314269e+03;2.793911e-19
1.314369e+03;2.793891e-19
1.314469e+03;2.793870e-19
1.314569e+03;2.793850e-19
1.314669e+03;2.793829e-19
1.314769e+03;2.793809e-19
1.314869e+03;2.793788e-19
1.314969e+03;2.793767e-19
1.315069e+03;2.793747e-19
1.315169e+03;2.793726e-19
1.315269e+03;2.793706e-19
1.315369e+03;2.793685e-19
1.315469e+03;2.793665e-19
1.315569e+03;2.793644e-19
1.315669e+03;2.793624e-19
1.315769e+03;2.793603e-19
1.315869e+03;2.793583e-19
1.315969e+03;2.793562e-19
1.316069e+03;2.793541e-19
1.316169e+03;2.793521e-19
1.316269e+03;2.793500e-19
1.316369e+03;2.793480e-19
1.316469e+03;2.793459e-19
1.316569e+03;2.793439e-19
1.316669e+03;2.793418e-19
1.316769e+03;2.793398e-19
1.316869e+03;2.793377e-19
1.316969e+03;2.793357e-19
1.317069e+03;2.793336e-19
1.317169e+03;2.793316e-19
1.317269e+03;2.793295e-19
1.317369e+03;2.793275e-19
1.317469e+03;2.793254e-19
1.317569e+03;2.793234e-19
1.317669e+03;2.793213e-19
1.317769e+03;2.793193e-19
1.317869e+03;2.793172e-19
1.317969e+03;2.793152e-19
1.318069e+03;2.793131e-19
1.318169e+03;2.793111e-19
1.318269e+03;2.793090e-19
1.318369e+03;2.793070e-19
1.318469e+03;2.793049e-19
1.318569e+03;2.793029e-19
1.318669e+03;2.793008e-19
1.318769e+03;2.792988e-19
1.318869e+03;2.792967e-19
1.318969e+03;2.792947e-19
1.319069e+03;2.792926e-19
1.319169e+03;2.792906e-19
1.319269e+03;2.792885e-19
1.319369e+03;2.792865e-19
1.319469e+03;2.792844e-19
1.319569e+03;2.792824e-19
1.319669e+03;2.792803e-19
1.319769e+03;2.792783e-19
1.319869e+03;2.792762e-19
1.319969e+03;2.792742e-19
1.320069e+03;2.792722e-19
1.320169e+03;2.792701e-19
1.320269e+03;2.792681e-19
1.320369e+03;2.792660e-19
1.320469e+03;2.792640e-19
1.320569e+03;2.792619e-19
1.320669e+03;2.792599e-19
1.320769e+03;2.792578e-19
1.320869e+03;2.792558e-19
1.320969e+03;2.792537e-19
1.321069e+03;2.792517e-19
1.321169e+03;2.792496e-19
1.321269e+03;2.792476e-19
1.321369e+03;2.792456e-19
1.321469e+03;2.792435e-19
1.321569e+03;2.792415e-19
1.321669e+03;2.792394e-19
1.321769e+03;2.792374e-19
1.321869e+03;2.792353e-19
1.321969e+03;2.792333e-19
1.322069e+03;2.792313e-19
1.322169e+03;2.792292e-19
1.322270e+03;2.792272e-19
1.322370e+03;2.792251e-19
1.322470e+03;2.792231e-19
1.322570e+03;2.792210e-19
1.322670e+03;2.792190e-19
1.322770e+03;2.792170e-19
1.322870e+03;2.792149e-19
1.322970e+03;2.792129e-19
1.323070e+03;2.792108e-19
1.323170e+03;2.792088e-19
1.323270e+03;2.792067e-19
1.323370e+03;2.792047e-19
1.323470e+03;2.792027e-19
1.323570e+03;2.792006e-19
1.323670e+03;2.791986e-19
1.323770e+03;2.791965e-19
1.323870e+03;2.791945e-19
1.323970e+03;2.791925e-19
1.324070e+03;2.791904e-19
1.324170e+03;2.791884e-19
1.324270e+03;2.791863e-19
1.324370e+03;2.791843e-19
1.324470e+03;2.791823e-19
1.324570e+03;2.791802e-19
1.324670e+03;2.791782e-19
1.324770e+03;2.791761e-19
1.324870e+03;2.791741e-19
1.324970e+03;2.791721e-19
1.325070e+03;2.791700e-19
1.325170e+03;2.791680e-19
1.325270e+03;2.791660e-19
1.325370e+03;2.791639e-19
1.325470e+03;2.791619e-19
1.325570e+03;2.791598e-19
1.325670e+03;2.791578e-19
1.325770e+03;2.791558e-19
1.325870e+03;2.791537e-19
1.325970e+03;2.791517e-19
1.326070e+03;2.791497e-19
1.326170e+03;2.791476e-19
1.326270e+03;2.791456e-19
1.326370e+03;2.791435e-19
1.326470e+03;2.791415e-19
1.326570e+03;2.791395e-19
1.326670e+03;2.791374e-19
1.326770e+03;2.791354e-19
1.326870e+03;2.791334e-19
1.326970e+03;2.791313e-19
1.327070e+03;2.791293e-19
1.327170e+03;2.791273e-19
1.327270e+03;2.791252e-19
1.327370e+03;2.791232e-19
1.327470e+03;2.791212e-19
1.327570e+03;2.791191e-19
1.327670e+03;2.791171e-19
1.327770e+03;2.791151e-19
1.327870e+03;2.791130e-19
1.327970e+03;2.791110e-19
1.328070e+03;2.791090e-19
1.328170e+03;2.791069e-19
1.328270e+03;2.791049e-19
1.328370e+03;2.791029e-19
1.328470e+03;2.791008e-19
1.328570e+03;2.790988e-19
1.328670e+03;2.790968e-19
1.328770e+03;2.790947e-19
1.328870e+03;2.790927e-19
1.328970e+03;2.790907e-19
1.329070e+03;2.790886e-19
1.329170e+03;2.790866e-19
1.329270e+03;2.790846e-19
1.329370e+03;2.790825e-19
1.329470e+03;2.790805e-19
1.329570e+03;2.790785e-19
1.329670e+03;2.790764e-19
1.329770e+03;2.790744e-19
1.329870e+03;2.790724e-19
1.329970e+03;2.790703e-19
1.330070e+03;2.790683e-19
1.330170e+03;2.790663e-19
1.330270e+03;2.790643e-19
1.330370e+03;2.790622e-19
1.330470e+03;2.790602e-19
1.330570e+03;2.790582e-19
1.330670e+03;2.790561e-19
1.330770e+03;2.790541e-19
1.330870e+03;2.790521e-19
1.330970e+03;2.790501e-19
1.331070e+03;2.790480e-19
1.331170e+03;2.790460e-19
1.331270e+03;2.790440e-19
1.331370e+03;2.790419e-19
1.331470e+03;2.790399e-19
1.331570e+03;2.790379e-19
1.331670e+03;2.790359e-19
1.331770e+03;2.790338e-19
1.331870e+03;2.790318e-19
1.331970e+03;2.790298e-19
1.332070e+03;2.790277e-19
1.332170e+03;2.790257e-19
1.332270e+03;2.790237e-19
1.332370e+03;2.790217e-19
1.332470e+03;2.790196e-19
1.332570e+03;2.790176e-19
1.332670e+03;2.790156e-19
1.332770e+03;2.790136e-19
1.332870e+03;2.790115e-19
1.332970e+03;2.790095e-19
1.333070e+03;2.790075e-19
1.333170e+03;2.790055e-19
1.333270e+03;2.790034e-19
1.333370e+03;2.790014e-19
1.333470e+03;2.789994e-19
1.333570e+03;2.789974e-19
1.333670e+03;2.789953e-19
1.333770e+03;2.789933e-19
1.333870e+03;2.789913e-19
1.333970e+03;2.789893e-19
1.334070e+03;2.789872e-19
1.334170e+03;2.789852e-19
1.334270e+03;2.789832e-19
1.334370e+03;2.789812e-19
1.334470e+03;2.789792e-19
1.334570e+03;2.789771e-19
1.334670e+03;2.789751e-19
1.334770e+03;2.789731e-19
1.334870e+03;2.789711e-19
1.334970e+03;2.789690e-19
1.335070e+03;2.789670e-19
1.335170e+03;2.789650e-19
1.335270e+03;2.789630e-19
1.335370e+03;2.789609e-19
1.335470e+03;2.789589e-19
1.335570e+03;2.789569e-19
1.335670e+03;2.789549e-19
1.335770e+03;2.789529e-19
1.335870e+03;2.789508e-19
1.335970e+03;2.789488e-19
1.336070e+03;2.789468e-19
1.336170e+03;2.789448e-19
1.336270e+03;2.789428e-19
1.336370e+03;2.789407e-19
1.336470e+03;2.789387e-19
1.336570e+03;2.789367e-19
1.336670e+03;2.789347e-19
1.336770e+03;2.789327e-19
1.336870e+03;2.789306e-19
1.336970e+03;2.789286e-19
1.337070e+03;2.789266e-19
1.337170e+03;2.789246e-19
1.337270e+03;2.789226e-19
1.337370e+03;2.789206e-19
1.337470e+03;2.789185e-19
1.337570e+03;2.789165e-19
1.337670e+03;2.789145e-19
1.337770e+03;2.789125e-19
1.337870e+03;2.789105e-19
1.337970e+03;2.789084e-19
1.338070e+03;2.789064e-19
1.338170e+03;2.789044e-19
1.338270e+03;2.789024e-19
1.338370e+03;2.789004e-19
1.338470e+03;2.788984e-19
1.338570e+03;2.788963e-19
1.338670e+03;2.788943e-19
1.338770e+03;2.788923e-19
1.338870e+03;2.788903e-19
1.338970e+03;2.788883e-19
1.339070e+03;2.788863e-19
1.339170e+03;2.788842e-19
1.339270e+03;2.788822e-19
1.339370e+03;2.788802e-19
1.339470e+03;2.788782e-19
1.339570e+03;2.788762e-19
1.339670e+03;2.788742e-19
1.339770e+03;2.788722e-19
1.339870e+03;2.788701e-19
1.339970e+03;2.788681e-19
1.340070e+03;2.788661e-19
1.340170e+03;2.788641e-19
1.340270e+03;2.788621e-19
1.340370e+03;2.788601e-19
1.340470e+03;2.788581e-19
1.340570e+03;2.788560e-19
1.340670e+03;2.788540e-19
1.340770e+03;2.788520e-19
1.340870e+03;2.788500e-19
1.340970e+03;2.788480e-19
1.341070e+03;2.788460e-19
1.341170e+03;2.788440e-19
1.341270e+03;2.788420e-19
1.341370e+03;2.788399e-19
1.341470e+03;2.788379e-19
1.341570e+03;2.788359e-19
1.341670e+03;2.788339e-19
1.341770e+03;2.788319e-19
1.341870e+03;2.788299e-19
1.341970e+03;2.788279e-19
1.342070e+03;2.788259e-19
1.342170e+03;2.788239e-19
1.342270e+03;2.788218e-19
1.342370e+03;2.788198e-19
1.342470e+03;2.788178e-19
1.342570e+03;2.788158e-19
1.342670e+03;2.788138e-19
1.342770e+03;2.788118e-19
1.342870e+03;2.788098e-19
1.342970e+03;2.788078e-19
1.343070e+03;2.788058e-19
1.343170e+03;2.788038e-19
1.343270e+03;2.788018e-19
1.343370e+03;2.787997e-19
1.343470e+03;2.787977e-19
1.343570e+03;2.787957e-19
1.343670e+03;2.787937e-19
1.343770e+03;2.787917e-19
1.343870e+03;2.787897e-19
1.343970e+03;2.787877e-19
1.344070e+03;2.787857e-19
1.344170e+03;2.787837e-19
1.344270e+03;2.787817e-19
1.344370e+03;2.787797e-19
1.344471e+03;2.787777e-19
1.344571e+03;2.787756e-19
1.344671e+03;2.787736e-19
1.344771e+03;2.787716e-19
1.344871e+03;2.787696e-19
1.344971e+03;2.787676e-19
1.345071e+03;2.787656e-19
1.345171e+03;2.787636e-19
1.345271e+03;2.787616e-19
1.345371e+03;2.787596e-19
1.345471e+03;2.787576e-19
1.345571e+03;2.787556e-19
1.345671e+03;2.787536e-19
1.345771e+03;2.787516e-19
1.345871e+03;2.787496e-19
1.345971e+03;2.787476e-19
1.346071e+03;2.787456e-19
1.346171e+03;2.787436e-19
1.346271e+03;2.787416e-19
1.346371e+03;2.787396e-19
1.346471e+03;2.787375e-19
1.346571e+03;2.787355e-19
1.346671e+03;2.787335e-19
1.346771e+03;2.787315e-19
1.346871e+03;2.787295e-19
1.346971e+03;2.787275e-19
1.347071e+03;2.787255e-19
1.347171e+03;2.787235e-19
1.347271e+03;2.787215e-19
1.347371e+03;2.787195e-19
1.347471e+03;2.787175e-19
1.347571e+03;2.787155e-19
1.347671e+03;2.787135e-19
1.347771e+03;2.787115e-19
1.347871e+03;2.787095e-19
1.347971e+03;2.787075e-19
1.348071e+03;2.787055e-19
1.348171e+03;2.787035e-19
1.348271e+03;2.787015e-19
1.348371e+03;2.786995e-19
1.348471e+03;2.786975e-19
1.348571e+03;2.786955e-19
1.348671e+03;2.786935e-19
1.348771e+03;2.786915e-19
1.348871e+03;2.786895e-19
1.348971e+03;2.786875e-19
1.349071e+03;2.786855e-19
1.349171e+03;2.786835e-19
1.349271e+03;2.786815e-19
1.349371e+03;2.786795e-19
1.349471e+03;2.786775e-19
1.349571e+03;2.786755e-19
1.349671e+03;2.786735e-19
1.349771e+03;2.786715e-19
1.349871e+03;2.786695e-19
1.349971e+03;2.786675e-19
1.350071e+03;2.786655e-19
1.350171e+03;2.786635e-19
1.350271e+03;2.786615e-19
1.350371e+03;2.786595e-19
1.350471e+03;2.786575e-19
1.350571e+03;2.786555e-19
1.350671e+03;2.786535e-19
1.350771e+03;2.786515e-19
1.350871e+03;2.786495e-19
1.350971e+03;2.786475e-19
1.351071e+03;2.786455e-19
1.351171e+03;2.786435e-19
1.351271e+03;2.786416e-19
1.351371e+03;2.786396e-19
1.351471e+03;2.786376e-19
1.351571e+03;2.786356e-19
1.351671e+03;2.786336e-19
1.351771e+03;2.786316e-19
1.351871e+03;2.786296e-19
1.351971e+03;2.786276e-19
1.352071e+03;2.786256e-19
1.352171e+03;2.786236e-19
1.352271e+03;2.786216e-19
1.352371e+03;2.786196e-19
1.352471e+03;2.786176e-19
1.352571e+03;2.786156e-19
1.352671e+03;2.786136e-19
1.352771e+03;2.786116e-19
1.352871e+03;2.786096e-19
1.352971e+03;2.786076e-19
1.353071e+03;2.786056e-19
1.353171e+03;2.786037e-19
1.353271e+03;2.786017e-19
1.353371e+03;2.785997e-19
1.353471e+03;2.785977e-19
1.353571e+03;2.785957e-19
1.353671e+03;2.785937e-19
1.353771e+03;2.785917e-19
1.353871e+03;2.785897e-19
1.353971e+03;2.785877e-19
1.354071e+03;2.785857e-19
1.354171e+03;2.785837e-19
1.354271e+03;2.785817e-19
1.354371e+03;2.785797e-19
1.354471e+03;2.785778e-19
1.354571e+03;2.785758e-19
1.354671e+03;2.785738e-19
1.354771e+03;2.785718e-19
1.354871e+03;2.785698e-19
1.354971e+03;2.785678e-19
1.355071e+03;2.785658e-19
1.355171e+03;2.785638e-19
1.355271e+03;2.785618e-19
1.355371e+03;2.785598e-19
1.355471e+03;2.785578e-19
1.355571e+03;2.785559e-19
1.355671e+03;2.785539e-19
1.355771e+03;2.785519e-19
1.355871e+03;2.785499e-19
1.355971e+03;2.785479e-19
1.356071e+03;2.785459e-19
1.356171e+03;2.785439e-19
1.356271e+03;2.785419e-19
1.356371e+03;2.785399e-19
1.356471e+03;2.785380e-19
1.356571e+03;2.785360e-19
1.356671e+03;2.785340e-19
1.356771e+03;2.785320e-19
1.356871e+03;2.785300e-19
1.356971e+03;2.785280e-19
1.357071e+03;2.785260e-19
1.357171e+03;2.785240e-19
1.357271e+03;2.785221e-19
1.357371e+03;2.785201e-19
1.357471e+03;2.785181e-19
1.357571e+03;2.785161e-19
1.357671e+03;2.785141e-19
1.357771e+03;2.785121e-19
1.357871e+03;2.785101e-19
1.357971e+03;2.785082e-19
1.358071e+03;2.785062e-19
1.358171e+03;2.785042e-19
1.358271e+03;2.785022e-19
1.358371e+03;2.785002e-19
1.358471e+03;2.784982e-19
1.358571e+03;2.784962e-19
1.358671e+03;2.784943e-19
1.358771e+03;2.784923e-19
1.358871e+03;2.784903e-19
1.358971e+03;2.784883e-19
1.359071e+03;2.784863e-19
1.359171e+03;2.784843e-19
1.359271e+03;2.784824e-19
1.359371e+03;2.784804e-19
1.359471e+03;2.784784e-19
1.359571e+03;2.784764e-19
1.359671e+03;2.784744e-19
1.359771e+03;2.784724e-19
1.359871e+03;2.784705e-19
1.359971e+03;2.784685e-19
1.360071e+03;2.784665e-19
1.360171e+03;2.784645e-19
1.360271e+03;2.784625e-19
1.360371e+03;2.784605e-19
1.360471e+03;2.784586e-19
1.360571e+03;2.784566e-19
1.360671e+03;2.784546e-19
1.360771e+03;2.784526e-19
1.360871e+03;2.784506e-19
1.360971e+03;2.784487e-19
1.361071e+03;2.784467e-19
1.361171e+03;2.784447e-19
1.361271e+03;2.784427e-19
1.361371e+03;2.784407e-19
1.361471e+03;2.784388e-19
1.361571e+03;2.784368e-19
1.361671e+03;2.784348e-19
1.361771e+03;2.784328e-19
1.361871e+03;2.784308e-19
1.361971e+03;2.784289e-19
1.362071e+03;2.784269e-19
1.362171e+03;2.784249e-19
1.362271e+03;2.784229e-19
1.362371e+03;2.784209e-19
1.362471e+03;2.784190e-19
1.362571e+03;2.784170e-19
1.362671e+03;2.784150e-19
1.362771e+03;2.784130e-19
1.362871e+03;2.784110e-19
1.362971e+03;2.784091e-19
1.363071e+03;2.784071e-19
1.363171e+03;2.784051e-19
1.363271e+03;2.784031e-19
1.363371e+03;2.784012e-19
1.363471e+03;2.783992e-19
1.363571e+03;2.783972e-19
1.363671e+03;2.783952e-19
1.363771e+03;2.783933e-19
1.363871e+03;2.783913e-19
1.363971e+03;2.783893e-19
1.364071e+03;2.783873e-19
1.364171e+03;2.783853e-19
1.364271e+03;2.783834e-19
1.364371e+03;2.783814e-19
1.364471e+03;2.783794e-19
1.364571e+03;2.783774e-19
1.364671e+03;2.783755e-19
1.364771e+03;2.783735e-19
1.364871e+03;2.783715e-19
1.364971e+03;2.783695e-19
1.365071e+03;2.783676e-19
1.365171e+03;2.783656e-19
1.365271e+03;2.783636e-19
1.365371e+03;2.783616e-19
1.365471e+03;2.783597e-19
1.365571e+03;2.783577e-19
1.365671e+03;2.783557e-19
1.365771e+03;2.783538e-19
1.365871e+03;2.783518e-19
1.365971e+03;2.783498e-19
1.366071e+03;2.783478e-19
1.366171e+03;2.783459e-19
1.366271e+03;2.783439e-19
1.366371e+03;2.783419e-19
1.366471e+03;2.783399e-19
1.366571e+03;2.783380e-19
1.366672e+03;2.783360e-19
1.366772e+03;2.783340e-19
1.366872e+03;2.783321e-19
1.366972e+03;2.783301e-19
1.367072e+03;2.783281e-19
1.367172e+03;2.783261e-19
1.367272e+03;2.783242e-19
1.367372e+03;2.783222e-19
1.367472e+03;2.783202e-19
1.367572e+03;2.783183e-19
1.367672e+03;2.783163e-19
1.367772e+03;2.783143e-19
1.367872e+03;2.783123e-19
1.367972e+03;2.783104e-19
1.368072e+03;2.783084e-19
1.368172e+03;2.783064e-19
1.368272e+03;2.783045e-19
1.368372e+03;2.783025e-19
1.368472e+03;2.783005e-19
1.368572e+03;2.782986e-19
1.368672e+03;2.782966e-19
1.368772e+03;2.782946e-19
1.368872e+03;2.782926e-19
1.368972e+03;2.782907e-19
1.369072e+03;2.782887e-19
1.369172e+03;2.782867e-19
1.369272e+03;2.782848e-19
1.369372e+03;2.782828e-19
1.369472e+03;2.782808e-19
1.369572e+03;2.782789e-19
1.369672e+03;2.782769e-19
1.369772e+03;2.782749e-19
1.369872e+03;2.782730e-19
1.369972e+03;2.782710e-19
1.370072e+03;2.782690e-19
1.370172e+03;2.782671e-19
1.370272e+03;2.782651e-19
1.370372e+03;2.782631e-19
1.370472e+03;2.782612e-19
1.370572e+03;2.782592e-19
1.370672e+03;2.782572e-19
1.370772e+03;2.782553e-19
1.370872e+03;2.782533e-19
1.370972e+03;2.782513e-19
1.371072e+03;2.782494e-19
1.371172e+03;2.782474e-19
1.371272e+03;2.782454e-19
1.371372e+03;2.782435e-19
1.371472e+03;2.782415e-19
1.371572e+03;2.782395e-19
1.371672e+03;2.782376e-19
1.371772e+03;2.782356e-19
1.371872e+03;2.782337e-19
1.371972e+03;2.782317e-19
1.372072e+03;2.782297e-19
1.372172e+03;2.782278e-19
1.372272e+03;2.782258e-19
1.372372e+03;2.782238e-19
1.372472e+03;2.782219e-19
1.372572e+03;2.782199e-19
1.372672e+03;2.782179e-19
1.372772e+03;2.782160e-19
1.372872e+03;2.782140e-19
1.372972e+03;2.782121e-19
1.373072e+03;2.782101e-19
1.373172e+03;2.782081e-19
1.373272e+03;2.782062e-19
1.373372e+03;2.782042e-19
1.373472e+03;2.782022e-19
1.373572e+03;2.782003e-19
1.373672e+03;2.781983e-19
1.373772e+03;2.781964e-19
1.373872e+03;2.781944e-19
1.373972e+03;2.781924e-19
1.374072e+03;2.781905e-19
1.374172e+03;2.781885e-19
1.374272e+03;2.781866e-19
1.374372e+03;2.781846e-19
1.374472e+03;2.781826e-19
1.374572e+03;2.781807e-19
1.374672e+03;2.781787e-19
1.374772e+03;2.781768e-19
1.374872e+03;2.781748e-19
1.374972e+03;2.781728e-19
1.375072e+03;2.781709e-19
1.375172e+03;2.781689e-19
1.375272e+03;2.781670e-19
1.375372e+03;2.781650e-19
1.375472e+03;2.781630e-19
1.375572e+03;2.781611e-19
1.375672e+03;2.781591e-19
1.375772e+03;2.781572e-19
1.375872e+03;2.781552e-19
1.375972e+03;2.781532e-19
1.376072e+03;2.781513e-19
1.376172e+03;2.781493e-19
1.376272e+03;2.781474e-19
1.376372e+03;2.781454e-19
1.376472e+03;2.781435e-19
1.376572e+03;2.781415e-19
1.376672e+03;2.781395e-19
1.376772e+03;2.781376e-19
1.376872e+03;2.781356e-19
1.376972e+03;2.781337e-19
1.377072e+03;2.781317e-19
1.377172e+03;2.781298e-19
1.377272e+03;2.781278e-19
1.377372e+03;2.781259e-19
1.377472e+03;2.781239e-19
1.377572e+03;2.781219e-19
1.377672e+03;2.781200e-19
1.377772e+03;2.781180e-19
1.377872e+03;2.781161e-19
1.377972e+03;2.781141e-19
1.378072e+03;2.781122e-19
1.378172e+03;2.781102e-19
1.378272e+03;2.781083e-19
1.378372e+03;2.781063e-19
1.378472e+03;2.781043e-19
1.378572e+03;2.781024e-19
1.378672e+03;2.781004e-19
1.378772e+03;2.780985e-19
1.378872e+03;2.780965e-19
1.378972e+03;2.780946e-19
1.379072e+03;2.780926e-19
1.379172e+03;2.780907e-19
1.379272e+03;2.780887e-19
1.379372e+03;2.780868e-19
1.379472e+03;2.780848e-19
1.379572e+03;2.780829e-19
1.379672e+03;2.780809e-19
1.379772e+03;2.780790e-19
1.379872e+03;2.780770e-19
1.379972e+03;2.780751e-19
1.380072e+03;2.780731e-19
1.380172e+03;2.780711e-19
1.380272e+03;2.780692e-19
1.380372e+03;2.780672e-19
1.380472e+03;2.780653e-19
1.380572e+03;2.780633e-19
1.380672e+03;2.780614e-19
1.380772e+03;2.780594e-19
1.380872e+03;2.780575e-19
1.380972e+03;2.780555e-19
1.381072e+03;2.780536e-19
1.381172e+03;2.780516e-19
1.381272e+03;2.780497e-19
1.381372e+03;2.780477e-19
1.381472e+03;2.780458e-19
1.381572e+03;2.780438e-19
1.381672e+03;2.780419e-19
1.381772e+03;2.780399e-19
1.381872e+03;2.780380e-19
1.381972e+03;2.780360e-19
1.382072e+03;2.780341e-19
1.382172e+03;2.780321e-19
1.382272e+03;2.780302e-19
1.382372e+03;2.780282e-19
1.382472e+03;2.780263e-19
1.382572e+03;2.780244e-19
1.382672e+03;2.780224e-19
1.382772e+03;2.780205e-19
1.382872e+03;2.780185e-19
1.382972e+03;2.780166e-19
1.383072e+03;2.780146e-19
1.383172e+03;2.780127e-19
1.383272e+03;2.780107e-19
1.383372e+03;2.780088e-19
1.383472e+03;2.780068e-19
1.383572e+03;2.780049e-19
1.383672e+03;2.780029e-19
1.383772e+03;2.780010e-19
1.383872e+03;2.779990e-19
1.383972e+03;2.779971e-19
1.384072e+03;2.779952e-19
1.384172e+03;2.779932e-19
1.384272e+03;2.779913e-19
1.384372e+03;2.779893e-19
1.384472e+03;2.779874e-19
1.384572e+03;2.779854e-19
1.384672e+03;2.779835e-19
1.384772e+03;2.779815e-19
1.384872e+03;2.779796e-19
1.384972e+03;2.779776e-19
1.385072e+03;2.779757e-19
1.385172e+03;2.779738e-19
1.385272e+03;2.779718e-19
1.385372e+03;2.779699e-19
1.385472e+03;2.779679e-19
1.385572e+03;2.779660e-19
1.385672e+03;2.779640e-19
1.385772e+03;2.779621e-19
1.385872e+03;2.779602e-19
1.385972e+03;2.779582e-19
1.386072e+03;2.779563e-19
1.386172e+03;2.779543e-19
1.386272e+03;2.779524e-19
1.386372e+03;2.779504e-19
1.386472e+03;2.779485e-19
1.386572e+03;2.779466e-19
1.386672e+03;2.779446e-19
1.386772e+03;2.779427e-19
1.386872e+03;2.779407e-19
1.386972e+03;2.779388e-19
1.387072e+03;2.779368e-19
1.387172e+03;2.779349e-19
1.387272e+03;2.779330e-19
1.387372e+03;2.779310e-19
1.387472e+03;2.779291e-19
1.387572e+03;2.779271e-19
1.387672e+03;2.779252e-19
1.387772e+03;2.779233e-19
1.387872e+03;2.779213e-19
1.387972e+03;2.779194e-19
1.388072e+03;2.779174e-19
1.388172e+03;2.779155e-19
1.388272e+03;2.779136e-19
1.388372e+03;2.779116e-19
1.388472e+03;2.779097e-19
1.388572e+03;2.779077e-19
1.388672e+03;2.779058e-19
1.388772e+03;2.779039e-19
1.388872e+03;2.779019e-19
1.388973e+03;2.779000e-19
1.389073e+03;2.778981e-19
1.389173e+03;2.778961e-19
1.389273e+03;2.778942e-19
1.389373e+03;2.778922e-19
1.389473e+03;2.778903e-19
1.389573e+03;2.778884e-19
1.389673e+03;2.778864e-19
1.389773e+03;2.778845e-19
1.389873e+03;2.778826e-19
1.389973e+03;2.778806e-19
1.390073e+03;2.778787e-19
1.390173e+03;2.778767e-19
1.390273e+03;2.778748e-19
1.390373e+03;2.778729e-19
1.390473e+03;2.778709e-19
1.390573e+03;2.778690e-19
1.390673e+03;2.778671e-19
1.390773e+03;2.778651e-19
1.390873e+03;2.778632e-19
1.390973e+03;2.778613e-19
1.391073e+03;2.778593e-19
1.391173e+03;2.778574e-19
1.391273e+03;2.778554e-19
1.391373e+03;2.778535e-19
1.391473e+03;2.778516e-19
1.391573e+03;2.778496e-19
1.391673e+03;2.778477e-19
1.391773e+03;2.778458e-19
1.391873e+03;2.778438e-19
1.391973e+03;2.778419e-19
1.392073e+03;2.778400e-19
1.392173e+03;2.778380e-19
1.392273e+03;2.778361e-19
1.392373e+03;2.778342e-19
1.392473e+03;2.778322e-19
1.392573e+03;2.778303e-19
1.392673e+03;2.778284e-19
1.392773e+03;2.778264e-19
1.392873e+03;2.778245e-19
1.392973e+03;2.778226e-19
1.393073e+03;2.778206e-19
1.393173e+03;2.778187e-19
1.393273e+03;2.778168e-19
1.393373e+03;2.778148e-19
1.393473e+03;2.778129e-19
1.393573e+03;2.778110e-19
1.393673e+03;2.778091e-19
1.393773e+03;2.778071e-19
1.393873e+03;2.778052e-19
1.393973e+03;2.778033e-19
1.394073e+03;2.778013e-19
1.394173e+03;2.777994e-19
1.394273e+03;2.777975e-19
1.394373e+03;2.777955e-19
1.394473e+03;2.777936e-19
1.394573e+03;2.777917e-19
1.394673e+03;2.777897e-19
1.394773e+03;2.777878e-19
1.394873e+03;2.777859e-19
1.394973e+03;2.777840e-19
1.395073e+03;2.777820e-19
1.395173e+03;2.777801e-19
1.395273e+03;2.777782e-19
1.395373e+03;2.777762e-19
1.395473e+03;2.777743e-19
1.395573e+03;2.777724e-19
1.395673e+03;2.777705e-19
1.395773e+03;2.777685e-19
1.395873e+03;2.777666e-19
1.395973e+03;2.777647e-19
1.396073e+03;2.777627e-19
1.396173e+03;2.777608e-19
1.396273e+03;2.777589e-19
1.396373e+03;2.777570e-19
1.396473e+03;2.777550e-19
1.396573e+03;2.777531e-19
1.396673e+03;2.777512e-19
1.396773e+03;2.777492e-19
1.396873e+03;2.777473e-19
1.396973e+03;2.777454e-19
1.397073e+03;2.777435e-19
1.397173e+03;2.777415e-19
1.397273e+03;2.777396e-19
1.397373e+03;2.777377e-19
1.397473e+03;2.777358e-19
1.397573e+03;2.777338e-19
1.397673e+03;2.777319e-19
1.397773e+03;2.777300e-19
1.397873e+03;2.777281e-19
1.397973e+03;2.777261e-19
1.398073e+03;2.777242e-19
1.398173e+03;2.777223e-19
1.398273e+03;2.777204e-19
1.398373e+03;2.777184e-19
1.398473e+03;2.777165e-19
1.398573e+03;2.777146e-19
1.398673e+03;2.777127e-19
1.398773e+03;2.777107e-19
1.398873e+03;2.777088e-19
1.398973e+03;2.777069e-19
1.399073e+03;2.777050e-19
1.399173e+03;2.777030e-19
1.399273e+03;2.777011e-19
1.399373e+03;2.776992e-19
1.399473e+03;2.776973e-19
1.399573e+03;2.776954e-19
1.399673e+03;2.776934e-19
1.399773e+03;2.776915e-19
1.399873e+03;2.776896e-19
1.399973e+03;2.776877e-19
1.400073e+03;2.776857e-19
1.400173e+03;2.776838e-19
1.400273e+03;2.776819e-19
1.400373e+03;2.776800e-19
1.400473e+03;2.776781e-19
1.400573e+03;2.776761e-19
1.400673e+03;2.776742e-19
1.400773e+03;2.776723e-19
1.400873e+03;2.776704e-19
1.400973e+03;2.776685e-19
1.401073e+03;2.776665e-19
1.401173e+03;2.776646e-19
1.401273e+03;2.776627e-19
1.401373e+03;2.776608e-19
1.401473e+03;2.776589e-19
1.401573e+03;2.776569e-19
1.401673e+03;2.776550e-19
1.401773e+03;2.776531e-19
1.401873e+03;2.776512e-19
1.401973e+03;2.776493e-19
1.402073e+03;2.776473e-19
1.402173e+03;2.776454e-19
1.402273e+03;2.776435e-19
1.402373e+03;2.776416e-19
1.402473e+03;2.776397e-19
1.402573e+03;2.776377e-19
1.402673e+03;2.776358e-19
1.402773e+03;2.776339e-19
1.402873e+03;2.776320e-19
1.402973e+03;2.776301e-19
1.403073e+03;2.776282e-19
1.403173e+03;2.776262e-19
1.403273e+03;2.776243e-19
1.403373e+03;2.776224e-19
1.403473e+03;2.776205e-19
1.403573e+03;2.776186e-19
1.403673e+03;2.776166e-19
1.403773e+03;2.776147e-19
1.403873e+03;2.776128e-19
1.403973e+03;2.776109e-19
1.404073e+03;2.776090e-19
1.404173e+03;2.776071e-19
1.404273e+03;2.776052e-19
1.404373e+03;2.776032e-19
1.404473e+03;2.776013e-19
1.404573e+03;2.775994e-19
1.404673e+03;2.775975e-19
1.404773e+03;2.775956e-19
1.404873e+03;2.775937e-19
1.404973e+03;2.775917e-19
1.405073e+03;2.775898e-19
1.405173e+03;2.775879e-19
1.405273e+03;2.775860e-19
1.405373e+03;2.775841e-19
1.405473e+03;2.775822e-19
1.405573e+03;2.775803e-19
1.405673e+03;2.775783e-19
1.405773e+03;2.775764e-19
1.405873e+03;2.775745e-19
1.405973e+03;2.775726e-19
1.406073e+03;2.775707e-19
1.406173e+03;2.775688e-19
1.406273e+03;2.775669e-19
1.406373e+03;2.775650e-19
1.406473e+03;2.775630e-19
1.406573e+03;2.775611e-19
1.406673e+03;2.775592e-19
1.406773e+03;2.775573e-19
1.406873e+03;2.775554e-19
1.406973e+03;2.775535e-19
1.407073e+03;2.775516e-19
1.407173e+03;2.775497e-19
1.407273e+03;2.775477e-19
1.407373e+03;2.775458e-19
1.407473e+03;2.775439e-19
1.407573e+03;2.775420e-19
1.407673e+03;2.775401e-19
1.407773e+03;2.775382e-19
1.407873e+03;2.775363e-19
1.407973e+03;2.775344e-19
1.408073e+03;2.775325e-19
1.408173e+03;2.775305e-19
1.408273e+03;2.775286e-19
1.408373e+03;2.775267e-19
1.408473e+03;2.775248e-19
1.408573e+03;2.775229e-19
1.408673e+03;2.775210e-19
1.408773e+03;2.775191e-19
1.408873e+03;2.775172e-19
1.408973e+03;2.775153e-19
1.409073e+03;2.775134e-19
1.409173e+03;2.775114e-19
1.409273e+03;2.775095e-19
1.409373e+03;2.775076e-19
1.409473e+03;2.775057e-19
1.409573e+03;2.775038e-19
1.409673e+03;2.775019e-19
1.409773e+03;2.775000e-19
1.409873e+03;2.774981e-19
1.409973e+03;2.774962e-19
1.410073e+03;2.774943e-19
1.410173e+03;2.774924e-19
1.410273e+03;2.774905e-19
1.410373e+03;2.774886e-19
1.410473e+03;2.774866e-19
1.410573e+03;2.774847e-19
1.410673e+03;2.774828e-19
1.410773e+03;2.774809e-19
1.410873e+03;2.774790e-19
1.410973e+03;2.774771e-19
1.411073e+03;2.774752e-19
1.411174e+03;2.774733e-19
1.411274e+03;2.774714e-19
1.411374e+03;2.774695e-19
1.411474e+03;2.774676e-19
1.411574e+03;2.774657e-19
1.411674e+03;2.774638e-19
1.411774e+03;2.774619e-19
1.411874e+03;2.774600e-19
1.411974e+03;2.774581e-19
1.412074e+03;2.774562e-19
1.412174e+03;2.774543e-19
1.412274e+03;2.774523e-19
1.412374e+03;2.774504e-19
1.412474e+03;2.774485e-19
1.412574e+03;2.774466e-19
1.412674e+03;2.774447e-19
1.412774e+03;2.774428e-19
1.412874e+03;2.774409e-19
1.412974e+03;2.774390e-19
1.413074e+03;2.774371e-19
1.413174e+03;2.774352e-19
1.413274e+03;2.774333e-19
1.413374e+03;2.774314e-19
1.413474e+03;2.774295e-19
1.413574e+03;2.774276e-19
1.413674e+03;2.774257e-19
1.413774e+03;2.774238e-19
1.413874e+03;2.774219e-19
1.413974e+03;2.774200e-19
1.414074e+03;2.774181e-19
1.414174e+03;2.774162e-19
1.414274e+03;2.774143e-19
1.414374e+03;2.774124e-19
1.414474e+03;2.774105e-19
1.414574e+03;2.774086e-19
1.414674e+03;2.774067e-19
1.414774e+03;2.774048e-19
1.414874e+03;2.774029e-19
1.414974e+03;2.774010e-19
1.415074e+03;2.773991e-19
1.415174e+03;2.773972e-19
1.415274e+03;2.773953e-19
1.415374e+03;2.773934e-19
1.415474e+03;2.773915e-19
1.415574e+03;2.773896e-19
1.415674e+03;2.773877e-19
1.415774e+03;2.773858e-19
1.415874e+03;2.773839e-19
1.415974e+03;2.773820e-19
1.416074e+03;2.773801e-19
1.416174e+03;2.773782e-19
1.416274e+03;2.773763e-19
1.416374e+03;2.773744e-19
1.416474e+03;2.773725e-19
1.416574e+03;2.773706e-19
1.416674e+03;2.773687e-19
1.416774e+03;2.773668e-19
1.416874e+03;2.773649e-19
1.416974e+03;2.773630e-19
1.417074e+03;2.773611e-19
1.417174e+03;2.773592e-19
1.417274e+03;2.773573e-19
1.417374e+03;2.773554e-19
1.417474e+03;2.773535e-19
1.417574e+03;2.773516e-19
1.417674e+03;2.773497e-19
1.417774e+03;2.773478e-19
1.417874e+03;2.773459e-19
1.417974e+03;2.773440e-19
1.418074e+03;2.773421e-19
1.418174e+03;2.773402e-19
1.418274e+03;2.773384e-19
1.418374e+03;2.773365e-19
1.418474e+03;2.773346e-19
1.418574e+03;2.773327e-19
1.418674e+03;2.773308e-19
1.418774e+03;2.773289e-19
1.418874e+03;2.773270e-19
1.418974e+03;2.773251e-19
1.419074e+03;2.773232e-19
1.419174e+03;2.773213e-19
1.419274e+03;2.773194e-19
1.419374e+03;2.773175e-19
1.419474e+03;2.773156e-19
1.419574e+03;2.773137e-19
1.419674e+03;2.773118e-19
1.419774e+03;2.773099e-19
1.419874e+03;2.773080e-19
1.419974e+03;2.773061e-19
1.420074e+03;2.773043e-19
1.420174e+03;2.773024e-19
1.420274e+03;2.773005e-19
1.420374e+03;2.772986e-19
1.420474e+03;2.772967e-19
1.420574e+03;2.772948e-19
1.420674e+03;2.772929e-19
1.420774e+03;2.772910e-19
1.420874e+03;2.772891e-19
1.420974e+03;2.772872e-19
1.421074e+03;2.772853e-19
1.421174e+03;2.772834e-19
1.421274e+03;2.772815e-19
1.421374e+03;2.772797e-19
1.421474e+03;2.772778e-19
1.421574e+03;2.772759e-19
1.421674e+03;2.772740e-19
1.421774e+03;2.772721e-19
1.421874e+03;2.772702e-19
1.421974e+03;2.772683e-19
1.422074e+03;2.772664e-19
1.422174e+03;2.772645e-19
1.422274e+03;2.772626e-19
1.422374e+03;2.772608e-19
1.422474e+03;2.772589e-19
1.422574e+03;2.772570e-19
1.422674e+03;2.772551e-19
1.422774e+03;2.772532e-19
1.422874e+03;2.772513e-19
1.422974e+03;2.772494e-19
1.423074e+03;2.772475e-19
1.423174e+03;2.772456e-19
1.423274e+03;2.772438e-19
1.423374e+03;2.772419e-19
1.423474e+03;2.772400e-19
1.423574e+03;2.772381e-19
1.423674e+03;2.772362e-19
1.423774e+03;2.772343e-19
1.423874e+03;2.772324e-19
1.423974e+03;2.772305e-19
1.424074e+03;2.772286e-19
1.424174e+03;2.772268e-19
1.424274e+03;2.772249e-19
1.424374e+03;2.772230e-19
1.424474e+03;2.772211e-19
1.424574e+03;2.772192e-19
1.424674e+03;2.772173e-19
1.424774e+03;2.772154e-19
1.424874e+03;2.772136e-19
1.424974e+03;2.772117e-19
1.425074e+03;2.772098e-19
1.425174e+03;2.772079e-19
1.425274e+03;2.772060e-19
1.425374e+03;2.772041e-19
1.425474e+03;2.772022e-19
1.425574e+03;2.772004e-19
1.425674e+03;2.771985e-19
1.425774e+03;2.771966e-19
1.425874e+03;2.771947e-19
1.425974e+03;2.771928e-19
1.426074e+03;2.771909e-19
1.426174e+03;2.771890e-19
1.426274e+03;2.771872e-19
1.426374e+03;2.771853e-19
1.426474e+03;2.771834e-19
1.426574e+03;2.771815e-19
1.426674e+03;2.771796e-19
1.426774e+03;2.771777e-19
1.426874e+03;2.771759e-19
1.426974e+03;2.771740e-19
1.427074e+03;2.771721e-19
1.427174e+03;2.771702e-19
1.427274e+03;2.771683e-19
1.427374e+03;2.771664e-19
1.427474e+03;2.771646e-19
1.427574e+03;2.771627e-19
1.427674e+03;2.771608e-19
1.427774e+03;2.771589e-19
1.427874e+03;2.771570e-19
1.427974e+03;2.771551e-19
1.428074e+03;2.771533e-19
1.428174e+03;2.771514e-19
1.428274e+03;2.771495e-19
1.428374e+03;2.771476e-19
1.428474e+03;2.771457e-19
1.428574e+03;2.771439e-19
1.428674e+03;2.771420e-19
1.428774e+03;2.771401e-19
1.428874e+03;2.771382e-19
1.428974e+03;2.771363e-19
1.429074e+03;2.771345e-19
1.429174e+03;2.771326e-19
1.429274e+03;2.771307e-19
1.429374e+03;2.771288e-19
1.429474e+03;2.771269e-19
1.429574e+03;2.771251e-19
1.429674e+03;2.771232e-19
1.429774e+03;2.771213e-19
1.429874e+03;2.771194e-19
1.429974e+03;2.771175e-19
1.430074e+03;2.771157e-19
1.430174e+03;2.771138e-19
1.430274e+03;2.771119e-19
1.430374e+03;2.771100e-19
1.430474e+03;2.771081e-19
1.430574e+03;2.771063e-19
1.430674e+03;2.771044e-19
1.430774e+03;2.771025e-19
1.430874e+03;2.771006e-19
1.430974e+03;2.770988e-19
1.431074e+03;2.770969e-19
1.431174e+03;2.770950e-19
1.431274e+03;2.770931e-19
1.431374e+03;2.770912e-19
1.431474e+03;2.770894e-19
1.431574e+03;2.770875e-19
1.431674e+03;2.770856e-19
1.431774e+03;2.770837e-19
1.431874e+03;2.770819e-19
1.431974e+03;2.770800e-19
1.432074e+03;2.770781e-19
1.432174e+03;2.770762e-19
1.432274e+03;2.770744e-19
1.432374e+03;2.770725e-19
1.432474e+03;2.770706e-19
1.432574e+03;2.770687e-19
1.432674e+03;2.770669e-19
1.432774e+03;2.770650e-19
1.432874e+03;2.770631e-19
1.432974e+03;2.770612e-19
1.433074e+03;2.770594e-19
1.433174e+03;2.770575e-19
1.433274e+03;2.770556e-19
1.433375e+03;2.770537e-19
1.433475e+03;2.770519e-19
1.433575e+03;2.770500e-19
1.433675e+03;2.770481e-19
1.433775e+03;2.770462e-19
1.433875e+03;2.770444e-19
1.433975e+03;2.770425e-19
1.434075e+03;2.770406e-19
1.434175e+03;2.770387e-19
1.434275e+03;2.770369e-19
1.434375e+03;2.770350e-19
1.434475e+03;2.770331e-19
1.434575e+03;2.770312e-19
1.434675e+03;2.770294e-19
1.434775e+03;2.770275e-19
1.434875e+03;2.770256e-19
1.434975e+03;2.770238e-19
1.435075e+03;2.770219e-19
1.435175e+03;2.770200e-19
1.435275e+03;2.770181e-19
1.435375e+03;2.770163e-19
1.435475e+03;2.770144e-19
1.435575e+03;2.770125e-19
1.435675e+03;2.770107e-19
1.435775e+03;2.770088e-19
1.435875e+03;2.770069e-19
1.435975e+03;2.770050e-19
1.436075e+03;2.770032e-19
1.436175e+03;2.770013e-19
1.436275e+03;2.769994e-19
1.436375e+03;2.769976e-19
1.436475e+03;2.769957e-19
1.436575e+03;2.769938e-19
1.436675e+03;2.769920e-19
1.436775e+03;2.769901e-19
1.436875e+03;2.769882e-19
1.436975e+03;2.769863e-19
1.437075e+03;2.769845e-19
1.437175e+03;2.769826e-19
1.437275e+03;2.769807e-19
1.437375e+03;2.769789e-19
1.437475e+03;2.769770e-19
1.437575e+03;2.769751e-19
1.437675e+03;2.769733e-19
1.437775e+03;2.769714e-19
1.437875e+03;2.769695e-19
1.437975e+03;2.769677e-19
1.438075e+03;2.769658e-19
1.438175e+03;2.769639e-19
1.438275e+03;2.769621e-19
1.438375e+03;2.769602e-19
1.438475e+03;2.769583e-19
1.438575e+03;2.769565e-19
1.438675e+03;2.769546e-19
1.438775e+03;2.769527e-19
1.438875e+03;2.769509e-19
1.438975e+03;2.769490e-19
1.439075e+03;2.769471e-19
1.439175e+03;2.769453e-19
1.439275e+03;2.769434e-19
1.439375e+03;2.769415e-19
1.439475e+03;2.769397e-19
1.439575e+03;2.769378e-19
1.439675e+03;2.769359e-19
1.439775e+03;2.769341e-19
1.439875e+03;2.769322e-19
1.439975e+03;2.769303e-19
1.440075e+03;2.769285e-19
1.440175e+03;2.769266e-19
1.440275e+03;2.769247e-19
1.440375e+03;2.769229e-19
1.440475e+03;2.769210e-19
1.440575e+03;2.769191e-19
1.440675e+03;2.769173e-19
1.440775e+03;2.769154e-19
1.440875e+03;2.769136e-19
1.440975e+03;2.769117e-19
1.441075e+03;2.769098e-19
1.441175e+03;2.769080e-19
1.441275e+03;2.769061e-19
1.441375e+03;2.769042e-19
1.441475e+03;2.769024e-19
1.441575e+03;2.769005e-19
1.441675e+03;2.768986e-19
1.441775e+03;2.768968e-19
1.441875e+03;2.768949e-19
1.441975e+03;2.768931e-19
1.442075e+03;2.768912e-19
1.442175e+03;2.768893e-19
1.442275e+03;2.768875e-19
1.442375e+03;2.768856e-19
1.442475e+03;2.768837e-19
1.442575e+03;2.768819e-19
1.442675e+03;2.768800e-19
1.442775e+03;2.768782e-19
1.442875e+03;2.768763e-19
1.442975e+03;2.768744e-19
1.443075e+03;2.768726e-19
1.443175e+03;2.768707e-19
1.443275e+03;2.768689e-19
1.443375e+03;2.768670e-19
1.443475e+03;2.768651e-19
1.443575e+03;2.768633e-19
1.443675e+03;2.768614e-19
1.443775e+03;2.768596e-19
1.443875e+03;2.768577e-19
1.443975e+03;2.768558e-19
1.444075e+03;2.768540e-19
1.444175e+03;2.768521e-19
1.444275e+03;2.768503e-19
1.444375e+03;2.768484e-19
1.444475e+03;2.768465e-19
1.444575e+03;2.768447e-19
1.444675e+03;2.768428e-19
1.444775e+03;2.768410e-19
1.444875e+03;2.768391e-19
1.444975e+03;2.768372e-19
1.445075e+03;2.768354e-19
1.445175e+03;2.768335e-19
1.445275e+03;2.768317e-19
1.445375e+03;2.768298e-19
1.445475e+03;2.768280e-19
1.445575e+03;2.768261e-19
1.445675e+03;2.768242e-19
1.445775e+03;2.768224e-19
1.445875e+03;2.768205e-19
1.445975e+03;2.768187e-19
1.446075e+03;2.768168e-19
1.446175e+03;2.768150e-19
1.446275e+03;2.768131e-19
1.446375e+03;2.768112e-19
1.446475e+03;2.768094e-19
1.446575e+03;2.768075e-19
1.446675e+03;2.768057e-19
1.446775e+03;2.768038e-19
1.446875e+03;2.768020e-19
1.446975e+03;2.768001e-19
1.447075e+03;2.767983e-19
1.447175e+03;2.767964e-19
1.447275e+03;2.767945e-19
1.447375e+03;2.767927e-19
1.447475e+03;2.767908e-19
1.447575e+03;2.767890e-19
1.447675e+03;2.767871e-19
1.447775e+03;2.767853e-19
1.447875e+03;2.767834e-19
1.447975e+03;2.767816e-19
1.448075e+03;2.767797e-19
1.448175e+03;2.767779e-19
1.448275e+03;2.767760e-19
1.448375e+03;2.767741e-19
1.448475e+03;2.767723e-19
1.448575e+03;2.767704e-19
1.448675e+03;2.767686e-19
1.448775e+03;2.767667e-19
1.448875e+03;2.767649e-19
1.448975e+03;2.767630e-19
1.449075e+03;2.767612e-19
1.449175e+03;2.767593e-19
1.449275e+03;2.767575e-19
1.449375e+03;2.767556e-19
1.449475e+03;2.767538e-19
1.449575e+03;2.767519e-19
1.449675e+03;2.767501e-19
1.449775e+03;2.767482e-19
1.449875e+03;2.767464e-19
1.449975e+03;2.767445e-19
1.450075e+03;2.767427e-19
1.450175e+03;2.767408e-19
1.450275e+03;2.767390e-19
1.450375e+03;2.767371e-19
1.450475e+03;2.767353e-19
1.450575e+03;2.767334e-19
1.450675e+03;2.767316e-19
1.450775e+03;2.767297e-19
1.450875e+03;2.767279e-19
1.450975e+03;2.767260e-19
1.451075e+03;2.767242e-19
1.451175e+03;2.767223e-19
1.451275e+03;2.767205e-19
1.451375e+03;2.767186e-19
1.451475e+03;2.767168e-19
1.451575e+03;2.767149e-19
1.451675e+03;2.767131e-19
1.451775e+03;2.767112e-19
1.451875e+03;2.767094e-19
1.451975e+03;2.767075e-19
1.452075e+03;2.767057e-19
1.452175e+03;2.767038e-19
1.452275e+03;2.767020e-19
1.452375e+03;2.767001e-19
1.452475e+03;2.766983e-19
1.452575e+03;2.766964e-19
1.452675e+03;2.766946e-19
1.452775e+03;2.766927e-19
1.452875e+03;2.766909e-19
1.452975e+03;2.766890e-19
1.453075e+03;2.766872e-19
1.453175e+03;2.766853e-19
1.453275e+03;2.766835e-19
1.453375e+03;2.766816e-19
1.453475e+03;2.766798e-19
1.453575e+03;2.766780e-19
1.453675e+03;2.766761e-19
1.453775e+03;2.766743e-19
1.453875e+03;2.766724e-19
1.453975e+03;2.766706e-19
1.454075e+03;2.766687e-19
1.454175e+03;2.766669e-19
1.454275e+03;2.766650e-19
1.454375e+03;2.766632e-19
1.454475e+03;2.766613e-19
1.454575e+03;2.766595e-19
1.454675e+03;2.766576e-19
1.454775e+03;2.766558e-19
1.454875e+03;2.766540e-19
1.454975e+03;2.766521e-19
1.455075e+03;2.766503e-19
1.455175e+03;2.766484e-19
1.455275e+03;2.766466e-19
1.455375e+03;2.766447e-19
1.455475e+03;2.766429e-19
1.455576e+03;2.766410e-19
1.455676e+03;2.766392e-19
1.455776e+03;2.766374e-19
1.455876e+03;2.766355e-19
1.455976e+03;2.766337e-19
1.456076e+03;2.766318e-19
1.456176e+03;2.766300e-19
1.456276e+03;2.766281e-19
1.456376e+03;2.766263e-19
1.456476e+03;2.766245e-19
1.456576e+03;2.766226e-19
1.456676e+03;2.766208e-19
1.456776e+03;2.766189e-19
1.456876e+03;2.766171e-19
1.456976e+03;2.766152e-19
1.457076e+03;2.766134e-19
1.457176e+03;2.766116e-19
1.457276e+03;2.766097e-19
1.457376e+03;2.766079e-19
1.457476e+03;2.766060e-19
1.457576e+03;2.766042e-19
1.457676e+03;2.766024e-19
1.457776e+03;2.766005e-19
1.457876e+03;2.765987e-19
1.457976e+03;2.765968e-19
1.458076e+03;2.765950e-19
1.458176e+03;2.765932e-19
1.458276e+03;2.765913e-19
1.458376e+03;2.765895e-19
1.458476e+03;2.765876e-19
1.458576e+03;2.765858e-19
1.458676e+03;2.765840e-19
1.458776e+03;2.765821e-19
1.458876e+03;2.765803e-19
1.458976e+03;2.765784e-19
1.459076e+03;2.765766e-19
1.459176e+03;2.765748e-19
1.459276e+03;2.765729e-19
1.459376e+03;2.765711e-19
1.459476e+03;2.765692e-19
1.459576e+03;2.765674e-19
1.459676e+03;2.765656e-19
1.459776e+03;2.765637e-19
1.459876e+03;2.765619e-19
1.459976e+03;2.765601e-19
1.460076e+03;2.765582e-19
1.460176e+03;2.765564e-19
1.460276e+03;2.765545e-19
1.460376e+03;2.765527e-19
1.460476e+03;2.765509e-19
1.460576e+03;2.765490e-19
1.460676e+03;2.765472e-19
1.460776e+03;2.765454e-19
1.460876e+03;2.765435e-19
1.460976e+03;2.765417e-19
1.461076e+03;2.765398e-19
1.461176e+03;2.765380e-19
1.461276e+03;2.765362e-19
1.461376e+03;2.765343e-19
1.461476e+03;2.765325e-19
1.461576e+03;2.765307e-19
1.461676e+03;2.765288e-19
1.461776e+03;2.765270e-19
1.461876e+03;2.765252e-19
1.461976e+03;2.765233e-19
1.462076e+03;2.765215e-19
1.462176e+03;2.765197e-19
1.462276e+03;2.765178e-19
1.462376e+03;2.765160e-19
1.462476e+03;2.765142e-19
1.462576e+03;2.765123e-19
1.462676e+03;2.765105e-19
1.462776e+03;2.765086e-19
1.462876e+03;2.765068e-19
1.462976e+03;2.765050e-19
1.463076e+03;2.765031e-19
1.463176e+03;2.765013e-19
1.463276e+03;2.764995e-19
1.463376e+03;2.764976e-19
1.463476e+03;2.764958e-19
1.463576e+03;2.764940e-19
1.463676e+03;2.764921e-19
1.463776e+03;2.764903e-19
1.463876e+03;2.764885e-19
1.463976e+03;2.764867e-19
1.464076e+03;2.764848e-19
1.464176e+03;2.764830e-19
1.464276e+03;2.764812e-19
1.464376e+03;2.764793e-19
1.464476e+03;2.764775e-19
1.464576e+03;2.764757e-19
1.464676e+03;2.764738e-19
1.464776e+03;2.764720e-19
1.464876e+03;2.764702e-19
1.464976e+03;2.764683e-19
1.465076e+03;2.764665e-19
1.465176e+03;2.764647e-19
1.465276e+03;2.764628e-19
1.465376e+03;2.764610e-19
1.465476e+03;2.764592e-19
1.465576e+03;2.764573e-19
1.465676e+03;2.764555e-19
1.465776e+03;2.764537e-19
1.465876e+03;2.764519e-19
1.465976e+03;2.764500e-19
1.466076e+03;2.764482e-19
1.466176e+03;2.764464e-19
1.466276e+03;2.764445e-19
1.466376e+03;2.764427e-19
1.466476e+03;2.764409e-19
1.466576e+03;2.764391e-19
1.466676e+03;2.764372e-19
1.466776e+03;2.764354e-19
1.466876e+03;2.764336e-19
1.466976e+03;2.764317e-19
1.467076e+03;2.764299e-19
1.467176e+03;2.764281e-19
1.467276e+03;2.764263e-19
1.467376e+03;2.764244e-19
1.467476e+03;2.764226e-19
1.467576e+03;2.764208e-19
1.467676e+03;2.764189e-19
1.467776e+03;2.764171e-19
1.467876e+03;2.764153e-19
1.467976e+03;2.764135e-19
1.468076e+03;2.764116e-19
1.468176e+03;2.764098e-19
1.468276e+03;2.764080e-19
1.468376e+03;2.764062e-19
1.468476e+03;2.764043e-19
1.468576e+03;2.764025e-19
1.468676e+03;2.764007e-19
1.468776e+03;2.763988e-19
1.468876e+03;2.763970e-19
1.468976e+03;2.763952e-19
1.469076e+03;2.763934e-19
1.469176e+03;2.763915e-19
1.469276e+03;2.763897e-19
1.469376e+03;2.763879e-19
1.469476e+03;2.763861e-19
1.469576e+03;2.763842e-19
1.469676e+03;2.763824e-19
1.469776e+03;2.763806e-19
1.469876e+03;2.763788e-19
1.469976e+03;2.763769e-19
1.470076e+03;2.763751e-19
1.470176e+03;2.763733e-19
1.470276e+03;2.763715e-19
1.470376e+03;2.763696e-19
1.470476e+03;2.763678e-19
1.470576e+03;2.763660e-19
1.470676e+03;2.763642e-19
1.470776e+03;2.763624e-19
1.470876e+03;2.763605e-19
1.470976e+03;2.763587e-19
1.471076e+03;2.763569e-19
1.471176e+03;2.763551e-19
1.471276e+03;2.763532e-19
1.471376e+03;2.763514e-19
1.471476e+03;2.763496e-19
1.471576e+03;2.763478e-19
1.471676e+03;2.763459e-19
1.471776e+03;2.763441e-19
1.471876e+03;2.763423e-19
1.471976e+03;2.763405e-19
1.472076e+03;2.763387e-19
1.472176e+03;2.763368e-19
1.472276e+03;2.763350e-19
1.472376e+03;2.763332e-19
1.472476e+03;2.763314e-19
1.472576e+03;2.763296e-19
1.472676e+03;2.763277e-19
1.472776e+03;2.763259e-19
1.472876e+03;2.763241e-19
1.472976e+03;2.763223e-19
1.473076e+03;2.763205e-19
1.473176e+03;2.763186e-19
1.473276e+03;2.763168e-19
1.473376e+03;2.763150e-19
1.473476e+03;2.763132e-19
1.473576e+03;2.763114e-19
1.473676e+03;2.763095e-19
1.473776e+03;2.763077e-19
1.473876e+03;2.763059e-19
1.473976e+03;2.763041e-19
1.474076e+03;2.763023e-19
1.474176e+03;2.763004e-19
1.474276e+03;2.762986e-19
1.474376e+03;2.762968e-19
1.474476e+03;2.762950e-19
1.474576e+03;2.762932e-19
1.474676e+03;2.762913e-19
1.474776e+03;2.762895e-19
1.474876e+03;2.762877e-19
1.474976e+03;2.762859e-19
1.475076e+03;2.762841e-19
1.475176e+03;2.762823e-19
1.475276e+03;2.762804e-19
1.475376e+03;2.762786e-19
1.475476e+03;2.762768e-19
1.475576e+03;2.762750e-19
1.475676e+03;2.762732e-19
1.475776e+03;2.762714e-19
1.475876e+03;2.762695e-19
1.475976e+03;2.762677e-19
1.476076e+03;2.762659e-19
1.476176e+03;2.762641e-19
1.476276e+03;2.762623e-19
1.476376e+03;2.762605e-19
1.476476e+03;2.762586e-19
1.476576e+03;2.762568e-19
1.476676e+03;2.762550e-19
1.476776e+03;2.762532e-19
1.476876e+03;2.762514e-19
1.476976e+03;2.762496e-19
1.477076e+03;2.762477e-19
1.477176e+03;2.762459e-19
1.477276e+03;2.762441e-19
1.477376e+03;2.762423e-19
1.477476e+03;2.762405e-19
1.477576e+03;2.762387e-19
1.477676e+03;2.762369e-19
1.477776e+03;2.762350e-19
1.477877e+03;2.762332e-19
1.477977e+03;2.762314e-19
1.478077e+03;2.762296e-19
1.478177e+03;2.762278e-19
1.478277e+03;2.762260e-19
1.478377e+03;2.762242e-19
1.478477e+03;2.762223e-19
1.478577e+03;2.762205e-19
1.478677e+03;2.762187e-19
1.478777e+03;2.762169e-19
1.478877e+03;2.762151e-19
1.478977e+03;2.762133e-19
1.479077e+03;2.762115e-19
1.479177e+03;2.762097e-19
1.479277e+03;2.762078e-19
1.479377e+03;2.762060e-19
1.479477e+03;2.762042e-19
1.479577e+03;2.762024e-19
1.479677e+03;2.762006e-19
1.479777e+03;2.761988e-19
1.479877e+03;2.761970e-19
1.479977e+03;2.761952e-19
1.480077e+03;2.761934e-19
1.480177e+03;2.761915e-19
1.480277e+03;2.761897e-19
1.480377e+03;2.761879e-19
1.480477e+03;2.761861e-19
1.480577e+03;2.761843e-19
1.480677e+03;2.761825e-19
1.480777e+03;2.761807e-19
1.480877e+03;2.761789e-19
1.480977e+03;2.761771e-19
1.481077e+03;2.761752e-19
1.481177e+03;2.761734e-19
1.481277e+03;2.761716e-19
1.481377e+03;2.761698e-19
1.481477e+03;2.761680e-19
1.481577e+03;2.761662e-19
1.481677e+03;2.761644e-19
1.481777e+03;2.761626e-19
1.481877e+03;2.761608e-19
1.481977e+03;2.761590e-19
1.482077e+03;2.761572e-19
1.482177e+03;2.761553e-19
1.482277e+03;2.761535e-19
1.482377e+03;2.761517e-19
1.482477e+03;2.761499e-19
1.482577e+03;2.761481e-19
1.482677e+03;2.761463e-19
1.482777e+03;2.761445e-19
1.482877e+03;2.761427e-19
1.482977e+03;2.761409e-19
1.483077e+03;2.761391e-19
1.483177e+03;2.761373e-19
1.483277e+03;2.761355e-19
1.483377e+03;2.761337e-19
1.483477e+03;2.761318e-19
1.483577e+03;2.761300e-19
1.483677e+03;2.761282e-19
1.483777e+03;2.761264e-19
1.483877e+03;2.761246e-19
1.483977e+03;2.761228e-19
1.484077e+03;2.761210e-19
1.484177e+03;2.761192e-19
1.484277e+03;2.761174e-19
1.484377e+03;2.761156e-19
1.484477e+03;2.761138e-19
1.484577e+03;2.761120e-19
1.484677e+03;2.761102e-19
1.484777e+03;2.761084e-19
1.484877e+03;2.761066e-19
1.484977e+03;2.761048e-19
1.485077e+03;2.761030e-19
1.485177e+03;2.761012e-19
1.485277e+03;2.760994e-19
1.485377e+03;2.760975e-19
1.485477e+03;2.760957e-19
1.485577e+03;2.760939e-19
1.485677e+03;2.760921e-19
1.485777e+03;2.760903e-19
1.485877e+03;2.760885e-19
1.485977e+03;2.760867e-19
1.486077e+03;2.760849e-19
1.486177e+03;2.760831e-19
1.486277e+03;2.760813e-19
1.486377e+03;2.760795e-19
1.486477e+03;2.760777e-19
1.486577e+03;2.760759e-19
1.486677e+03;2.760741e-19
1.486777e+03;2.760723e-19
1.486877e+03;2.760705e-19
1.486977e+03;2.760687e-19
1.487077e+03;2.760669e-19
1.487177e+03;2.760651e-19
1.487277e+03;2.760633e-19
1.487377e+03;2.760615e-19
1.487477e+03;2.760597e-19
1.487577e+03;2.760579e-19
1.487677e+03;2.760561e-19
1.487777e+03;2.760543e-19
1.487877e+03;2.760525e-19
1.487977e+03;2.760507e-19
1.488077e+03;2.760489e-19
1.488177e+03;2.760471e-19
1.488277e+03;2.760453e-19
1.488377e+03;2.760435e-19
1.488477e+03;2.760417e-19
1.488577e+03;2.760399e-19
1.488677e+03;2.760381e-19
1.488777e+03;2.760363e-19
1.488877e+03;2.760345e-19
1.488977e+03;2.760327e-19
1.489077e+03;2.760309e-19
1.489177e+03;2.760291e-19
1.489277e+03;2.760273e-19
1.489377e+03;2.760255e-19
1.489477e+03;2.760237e-19
1.489577e+03;2.760219e-19
1.489677e+03;2.760201e-19
1.489777e+03;2.760183e-19
1.489877e+03;2.760165e-19
1.489977e+03;2.760147e-19
1.490077e+03;2.760129e-19
1.490177e+03;2.760111e-19
1.490277e+03;2.760093e-19
1.490377e+03;2.760075e-19
1.490477e+03;2.760057e-19
1.490577e+03;2.760039e-19
1.490677e+03;2.760021e-19
1.490777e+03;2.760003e-19
1.490877e+03;2.759985e-19
1.490977e+03;2.759967e-19
1.491077e+03;2.759949e-19
1.491177e+03;2.759931e-19
1.491277e+03;2.759913e-19
1.491377e+03;2.759895e-19
1.491477e+03;2.759877e-19
1.491577e+03;2.759859e-19
1.491677e+03;2.759841e-19
1.491777e+03;2.759823e-19
1.491877e+03;2.759805e-19
1.491977e+03;2.759788e-19
1.492077e+03;2.759770e-19
1.492177e+03;2.759752e-19
1.492277e+03;2.759734e-19
1.492377e+03;2.759716e-19
1.492477e+03;2.759698e-19
1.492577e+03;2.759680e-19
1.492677e+03;2.759662e-19
1.492777e+03;2.759644e-19
1.492877e+03;2.759626e-19
1.492977e+03;2.759608e-19
1.493077e+03;2.759590e-19
1.493177e+03;2.759572e-19
1.493277e+03;2.759554e-19
1.493377e+03;2.759536e-19
1.493477e+03;2.759518e-19
1.493577e+03;2.759500e-19
1.493677e+03;2.759482e-19
1.493777e+03;2.759464e-19
1.493877e+03;2.759447e-19
1.493977e+03;2.759429e-19
1.494077e+03;2.759411e-19
1.494177e+03;2.759393e-19
1.494277e+03;2.759375e-19
1.494377e+03;2.759357e-19
1.494477e+03;2.759339e-19
1.494577e+03;2.759321e-19
1.494677e+03;2.759303e-19
1.494777e+03;2.759285e-19
1.494877e+03;2.759267e-19
1.494977e+03;2.759249e-19
1.495077e+03;2.759231e-19
1.495177e+03;2.759214e-19
1.495277e+03;2.759196e-19
1.495377e+03;2.759178e-19
1.495477e+03;2.759160e-19
1.495577e+03;2.759142e-19
1.495677e+03;2.759124e-19
1.495777e+03;2.759106e-19
1.495877e+03;2.759088e-19
1.495977e+03;2.759070e-19
1.496077e+03;2.759052e-19
1.496177e+03;2.759034e-19
1.496277e+03;2.759017e-19
1.496377e+03;2.758999e-19
1.496477e+03;2.758981e-19
1.496577e+03;2.758963e-19
1.496677e+03;2.758945e-19
1.496777e+03;2.758927e-19
1.496877e+03;2.758909e-19
1.496977e+03;2.758891e-19
1.497077e+03;2.758873e-19
1.497177e+03;2.758856e-19
1.497277e+03;2.758838e-19
1.497377e+03;2.758820e-19
1.497477e+03;2.758802e-19
1.497577e+03;2.758784e-19
1.497677e+03;2.758766e-19
1.497777e+03;2.758748e-19
1.497877e+03;2.758730e-19
1.497977e+03;2.758712e-19
1.498077e+03;2.758695e-19
1.498177e+03;2.758677e-19
1.498277e+03;2.758659e-19
1.498377e+03;2.758641e-19
1.498477e+03;2.758623e-19
1.498577e+03;2.758605e-19
1.498677e+03;2.758587e-19
1.498777e+03;2.758569e-19
1.498877e+03;2.758552e-19
1.498977e+03;2.758534e-19
1.499077e+03;2.758516e-19
1.499177e+03;2.758498e-19
1.499277e+03;2.758480e-19
1.499377e+03;2.758462e-19
1.499477e+03;2.758444e-19
1.499577e+03;2.758427e-19
1.499677e+03;2.758409e-19
1.499777e+03;2.758391e-19
1.499877e+03;2.758373e-19
1.499977e+03;2.758355e-19
1.500078e+03;2.758337e-19
1.500178e+03;2.758319e-19
1.500278e+03;2.758302e-19
1.500378e+03;2.758284e-19
1.500478e+03;2.758266e-19
1.500578e+03;2.758248e-19
1.500678e+03;2.758230e-19
1.500778e+03;2.758212e-19
1.500878e+03;2.758194e-19
1.500978e+03;2.758177e-19
1.501078e+03;2.758159e-19
1.501178e+03;2.758141e-19
1.501278e+03;2.758123e-19
1.501378e+03;2.758105e-19
1.501478e+03;2.758087e-19
1.501578e+03;2.758070e-19
1.501678e+03;2.758052e-19
1.501778e+03;2.758034e-19
1.501878e+03;2.758016e-19
1.501978e+03;2.757998e-19
1.502078e+03;2.757980e-19
1.502178e+03;2.757963e-19
1.502278e+03;2.757945e-19
1.502378e+03;2.757927e-19
1.502478e+03;2.757909e-19
1.502578e+03;2.757891e-19
1.502678e+03;2.757873e-19
1.502778e+03;2.757856e-19
1.502878e+03;2.757838e-19
1.502978e+03;2.757820e-19
1.503078e+03;2.757802e-19
1.503178e+03;2.757784e-19
1.503278e+03;2.757767e-19
1.503378e+03;2.757749e-19
1.503478e+03;2.757731e-19
1.503578e+03;2.757713e-19
1.503678e+03;2.757695e-19
1.503778e+03;2.757678e-19
1.503878e+03;2.757660e-19
1.503978e+03;2.757642e-19
1.504078e+03;2.757624e-19
1.504178e+03;2.757606e-19
1.504278e+03;2.757589e-19
1.504378e+03;2.757571e-19
1.504478e+03;2.757553e-19
1.504578e+03;2.757535e-19
1.504678e+03;2.757517e-19
1.504778e+03;2.757500e-19
1.504878e+03;2.757482e-19
1.504978e+03;2.757464e-19
1.505078e+03;2.757446e-19
1.505178e+03;2.757428e-19
1.505278e+03;2.757411e-19
1.505378e+03;2.757393e-19
1.505478e+03;2.757375e-19
1.505578e+03;2.757357e-19
1.505678e+03;2.757339e-19
1.505778e+03;2.757322e-19
1.505878e+03;2.757304e-19
1.505978e+03;2.757286e-19
1.506078e+03;2.757268e-19
1.506178e+03;2.757251e-19
1.506278e+03;2.757233e-19
1.506378e+03;2.757215e-19
1.506478e+03;2.757197e-19
1.506578e+03;2.757179e-19
1.506678e+03;2.757162e-19
1.506778e+03;2.757144e-19
1.506878e+03;2.757126e-19
1.506978e+03;2.757108e-19
1.507078e+03;2.757091e-19
1.507178e+03;2.757073e-19
1.507278e+03;2.757055e-19
1.507378e+03;2.757037e-19
1.507478e+03;2.757020e-19
1.507578e+03;2.757002e-19
1.507678e+03;2.756984e-19
1.507778e+03;2.756966e-19
1.507878e+03;2.756949e-19
1.507978e+03;2.756931e-19
1.508078e+03;2.756913e-19
1.508178e+03;2.756895e-19
1.508278e+03;2.756878e-19
1.508378e+03;2.756860e-19
1.508478e+03;2.756842e-19
1.508578e+03;2.756824e-19
1.508678e+03;2.756807e-19
1.508778e+03;2.756789e-19
1.508878e+03;2.756771e-19
1.508978e+03;2.756753e-19
1.509078e+03;2.756736e-19
1.509178e+03;2.756718e-19
1.509278e+03;2.756700e-19
1.509378e+03;2.756682e-19
1.509478e+03;2.756665e-19
1.509578e+03;2.756647e-19
1.509678e+03;2.756629e-19
1.509778e+03;2.756611e-19
1.509878e+03;2.756594e-19
1.509978e+03;2.756576e-19
1.510078e+03;2.756558e-19
1.510178e+03;2.756541e-19
1.510278e+03;2.756523e-19
1.510378e+03;2.756505e-19
1.510478e+03;2.756487e-19
1.510578e+03;2.756470e-19
1.510678e+03;2.756452e-19
1.510778e+03;2.756434e-19
1.510878e+03;2.756417e-19
1.510978e+03;2.756399e-19
1.511078e+03;2.756381e-19
1.511178e+03;2.756363e-19
1.511278e+03;2.756346e-19
1.511378e+03;2.756328e-19
1.511478e+03;2.756310e-19
1.511578e+03;2.756293e-19
1.511678e+03;2.756275e-19
1.511778e+03;2.756257e-19
1.511878e+03;2.756239e-19
1.511978e+03;2.756222e-19
1.512078e+03;2.756204e-19
1.512178e+03;2.756186e-19
1.512278e+03;2.756169e-19
1.512378e+03;2.756151e-19
1.512478e+03;2.756133e-19
1.512578e+03;2.756116e-19
1.512678e+03;2.756098e-19
1.512778e+03;2.756080e-19
1.512878e+03;2.756062e-19
1.512978e+03;2.756045e-19
1.513078e+03;2.756027e-19
1.513178e+03;2.756009e-19
1.513278e+03;2.755992e-19
1.513378e+03;2.755974e-19
1.513478e+03;2.755956e-19
1.513578e+03;2.755939e-19
1.513678e+03;2.755921e-19
1.513778e+03;2.755903e-19
1.513878e+03;2.755886e-19
1.513978e+03;2.755868e-19
1.514078e+03;2.755850e-19
1.514178e+03;2.755833e-19
1.514278e+03;2.755815e-19
1.514378e+03;2.755797e-19
1.514478e+03;2.755780e-19
1.514578e+03;2.755762e-19
1.514678e+03;2.755744e-19
1.514778e+03;2.755727e-19
1.514878e+03;2.755709e-19
1.514978e+03;2.755691e-19
1.515078e+03;2.755674e-19
1.515178e+03;2.755656e-19
1.515278e+03;2.755638e-19
1.515378e+03;2.755621e-19
1.515478e+03;2.755603e-19
1.515578e+03;2.755585e-19
1.515678e+03;2.755568e-19
1.515778e+03;2.755550e-19
1.515878e+03;2.755532e-19
1.515978e+03;2.755515e-19
1.516078e+03;2.755497e-19
1.516178e+03;2.755479e-19
1.516278e+03;2.755462e-19
1.516378e+03;2.755444e-19
1.516478e+03;2.755426e-19
1.516578e+03;2.755409e-19
1.516678e+03;2.755391e-19
1.516778e+03;2.755373e-19
1.516878e+03;2.755356e-19
1.516978e+03;2.755338e-19
1.517078e+03;2.755321e-19
1.517178e+03;2.755303e-19
1.517278e+03;2.755285e-19
1.517378e+03;2.755268e-19
1.517478e+03;2.755250e-19
1.517578e+03;2.755232e-19
1.517678e+03;2.755215e-19
1.517778e+03;2.755197e-19
1.517878e+03;2.755179e-19
1.517978e+03;2.755162e-19
1.518078e+03;2.755144e-19
1.518178e+03;2.755127e-19
1.518278e+03;2.755109e-19
1.518378e+03;2.755091e-19
1.518478e+03;2.755074e-19
1.518578e+03;2.755056e-19
1.518678e+03;2.755038e-19
1.518778e+03;2.755021e-19
1.518878e+03;2.755003e-19
1.518978e+03;2.754986e-19
1.519078e+03;2.754968e-19
1.519178e+03;2.754950e-19
1.519278e+03;2.754933e-19
1.519378e+03;2.754915e-19
1.519478e+03;2.754898e-19
1.519578e+03;2.754880e-19
1.519678e+03;2.754862e-19
1.519778e+03;2.754845e-19
1.519878e+03;2.754827e-19
1.519978e+03;2.754810e-19
1.520078e+03;2.754792e-19
1.520178e+03;2.754774e-19
1.520278e+03;2.754757e-19
1.520378e+03;2.754739e-19
1.520478e+03;2.754722e-19
1.520578e+03;2.754704e-19
1.520678e+03;2.754686e-19
1.520778e+03;2.754669e-19
1.520878e+03;2.754651e-19
1.520978e+03;2.754634e-19
1.521078e+03;2.754616e-19
1.521178e+03;2.754598e-19
1.521278e+03;2.754581e-19
1.521378e+03;2.754563e-19
1.521478e+03;2.754546e-19
1.521578e+03;2.754528e-19
1.521678e+03;2.754510e-19
1.521778e+03;2.754493e-19
1.521878e+03;2.754475e-19
1.521978e+03;2.754458e-19
1.522078e+03;2.754440e-19
1.522178e+03;2.754423e-19
1.522279e+03;2.754405e-19
1.522379e+03;2.754387e-19
1.522479e+03;2.754370e-19
1.522579e+03;2.754352e-19
1.522679e+03;2.754335e-19
1.522779e+03;2.754317e-19
1.522879e+03;2.754300e-19
1.522979e+03;2.754282e-19
1.523079e+03;2.754264e-19
1.523179e+03;2.754247e-19
1.523279e+03;2.754229e-19
1.523379e+03;2.754212e-19
1.523479e+03;2.754194e-19
1.523579e+03;2.754177e-19
1.523679e+03;2.754159e-19
1.523779e+03;2.754141e-19
1.523879e+03;2.754124e-19
1.523979e+03;2.754106e-19
1.524079e+03;2.754089e-19
1.524179e+03;2.754071e-19
1.524279e+03;2.754054e-19
1.524379e+03;2.754036e-19
1.524479e+03;2.754019e-19
1.524579e+03;2.754001e-19
1.524679e+03;2.753984e-19
1.524779e+03;2.753966e-19
1.524879e+03;2.753948e-19
1.524979e+03;2.753931e-19
1.525079e+03;2.753913e-19
1.525179e+03;2.753896e-19
1.525279e+03;2.753878e-19
1.525379e+03;2.753861e-19
1.525479e+03;2.753843e-19
1.525579e+03;2.753826e-19
1.525679e+03;2.753808e-19
1.525779e+03;2.753791e-19
1.525879e+03;2.753773e-19
1.525979e+03;2.753756e-19
1.526079e+03;2.753738e-19
1.526179e+03;2.753721e-19
1.526279e+03;2.753703e-19
1.526379e+03;2.753685e-19
1.526479e+03;2.753668e-19
1.526579e+03;2.753650e-19
1.526679e+03;2.753633e-19
1.526779e+03;2.753615e-19
1.526879e+03;2.753598e-19
1.526979e+03;2.753580e-19
1.527079e+03;2.753563e-19
1.527179e+03;2.753545e-19
1.527279e+03;2.753528e-19
1.527379e+03;2.753510e-19
1.527479e+03;2.753493e-19
1.527579e+03;2.753475e-19
1.527679e+03;2.753458e-19
1.527779e+03;2.753440e-19
1.527879e+03;2.753423e-19
1.527979e+03;2.753405e-19
1.528079e+03;2.753388e-19
1.528179e+03;2.753370e-19
1.528279e+03;2.753353e-19
1.528379e+03;2.753335e-19
1.528479e+03;2.753318e-19
1.528579e+03;2.753300e-19
1.528679e+03;2.753283e-19
1.528779e+03;2.753265e-19
1.528879e+03;2.753248e-19
1.528979e+03;2.753230e-19
1.529079e+03;2.753213e-19
1.529179e+03;2.753195e-19
1.529279e+03;2.753178e-19
1.529379e+03;2.753160e-19
1.529479e+03;2.753143e-19
1.529579e+03;2.753125e-19
1.529679e+03;2.753108e-19
1.529779e+03;2.753090e-19
1.529879e+03;2.753073e-19
1.529979e+03;2.753055e-19
1.530079e+03;2.753038e-19
1.530179e+03;2.753020e-19
1.530279e+03;2.753003e-19
1.530379e+03;2.752985e-19
1.530479e+03;2.752968e-19
1.530579e+03;2.752951e-19
1.530679e+03;2.752933e-19
1.530779e+03;2.752916e-19
1.530879e+03;2.752898e-19
1.530979e+03;2.752881e-19
1.531079e+03;2.752863e-19
1.531179e+03;2.752846e-19
1.531279e+03;2.752828e-19
1.531379e+03;2.752811e-19
1.531479e+03;2.752793e-19
1.531579e+03;2.752776e-19
1.531679e+03;2.752758e-19
1.531779e+03;2.752741e-19
1.531879e+03;2.752724e-19
1.531979e+03;2.752706e-19
1.532079e+03;2.752689e-19
1.532179e+03;2.752671e-19
1.532279e+03;2.752654e-19
1.532379e+03;2.752636e-19
1.532479e+03;2.752619e-19
1.532579e+03;2.752601e-19
1.532679e+03;2.752584e-19
1.532779e+03;2.752566e-19
1.532879e+03;2.752549e-19
1.532979e+03;2.752532e-19
1.533079e+03;2.752514e-19
1.533179e+03;2.752497e-19
1.533279e+03;2.752479e-19
1.533379e+03;2.752462e-19
1.533479e+03;2.752444e-19
1.533579e+03;2.752427e-19
1.533679e+03;2.752409e-19
1.533779e+03;2.752392e-19
1.533879e+03;2.752375e-19
1.533979e+03;2.752357e-19
1.534079e+03;2.752340e-19
1.534179e+03;2.752322e-19
1.534279e+03;2.752305e-19
1.534379e+03;2.752287e-19
1.534479e+03;2.752270e-19
1.534579e+03;2.752253e-19
1.534679e+03;2.752235e-19
1.534779e+03;2.752218e-19
1.534879e+03;2.752200e-19
1.534979e+03;2.752183e-19
1.535079e+03;2.752166e-19
1.535179e+03;2.752148e-19
1.535279e+03;2.752131e-19
1.535379e+03;2.752113e-19
1.535479e+03;2.752096e-19
1.535579e+03;2.752078e-19
1.535679e+03;2.752061e-19
1.535779e+03;2.752044e-19
1.535879e+03;2.752026e-19
1.535979e+03;2.752009e-19
1.536079e+03;2.751991e-19
1.536179e+03;2.751974e-19
1.536279e+03;2.751957e-19
1.536379e+03;2.751939e-19
1.536479e+03;2.751922e-19
1.536579e+03;2.751904e-19
1.536679e+03;2.751887e-19
1.536779e+03;2.751870e-19
1.536879e+03;2.751852e-19
1.536979e+03;2.751835e-19
1.537079e+03;2.751817e-19
1.537179e+03;2.751800e-19
1.537279e+03;2.751783e-19
1.537379e+03;2.751765e-19
1.537479e+03;2.751748e-19
1.537579e+03;2.751730e-19
1.537679e+03;2.751713e-19
1.537779e+03;2.751696e-19
1.537879e+03;2.751678e-19
1.537979e+03;2.751661e-19
1.538079e+03;2.751644e-19
1.538179e+03;2.751626e-19
1.538279e+03;2.751609e-19
1.538379e+03;2.751591e-19
1.538479e+03;2.751574e-19
1.538579e+03;2.751557e-19
1.538679e+03;2.751539e-19
1.538779e+03;2.751522e-19
1.538879e+03;2.751505e-19
1.538979e+03;2.751487e-19
1.539079e+03;2.751470e-19
1.539179e+03;2.751452e-19
1.539279e+03;2.751435e-19
1.539379e+03;2.751418e-19
1.539479e+03;2.751400e-19
1.539579e+03;2.751383e-19
1.539679e+03;2.751366e-19
1.539779e+03;2.751348e-19
1.539879e+03;2.751331e-19
1.539979e+03;2.751314e-19
1.540079e+03;2.751296e-19
1.540179e+03;2.751279e-19
1.540279e+03;2.751261e-19
1.540379e+03;2.751244e-19
1.540479e+03;2.751227e-19
1.540579e+03;2.751209e-19
1.540679e+03;2.751192e-19
1.540779e+03;2.751175e-19
1.540879e+03;2.751157e-19
1.540979e+03;2.751140e-19
1.541079e+03;2.751123e-19
1.541179e+03;2.751105e-19
1.541279e+03;2.751088e-19
1.541379e+03;2.751071e-19
1.541479e+03;2.751053e-19
1.541579e+03;2.751036e-19
1.541679e+03;2.751019e-19
1.541779e+03;2.751001e-19
1.541879e+03;2.750984e-19
1.541979e+03;2.750967e-19
1.542079e+03;2.750949e-19
1.542179e+03;2.750932e-19
1.542279e+03;2.750915e-19
1.542379e+03;2.750897e-19
1.542479e+03;2.750880e-19
1.542579e+03;2.750863e-19
1.542679e+03;2.750845e-19
1.542779e+03;2.750828e-19
1.542879e+03;2.750811e-19
1.542979e+03;2.750793e-19
1.543079e+03;2.750776e-19
1.543179e+03;2.750759e-19
1.543279e+03;2.750741e-19
1.543379e+03;2.750724e-19
1.543479e+03;2.750707e-19
1.543579e+03;2.750689e-19
1.543679e+03;2.750672e-19
1.543779e+03;2.750655e-19
1.543879e+03;2.750637e-19
1.543979e+03;2.750620e-19
1.544079e+03;2.750603e-19
1.544179e+03;2.750586e-19
1.544279e+03;2.750568e-19
1.544379e+03;2.750551e-19
1.544480e+03;2.750534e-19
1.544580e+03;2.750516e-19
1.544680e+03;2.750499e-19
1.544780e+03;2.750482e-19
1.544880e+03;2.750464e-19
1.544980e+03;2.750447e-19
1.545080e+03;2.750430e-19
1.545180e+03;2.750413e-19
1.545280e+03;2.750395e-19
1.545380e+03;2.750378e-19
1.545480e+03;2.750361e-19
1.545580e+03;2.750343e-19
1.545680e+03;2.750326e-19
1.545780e+03;2.750309e-19
1.545880e+03;2.750291e-19
1.545980e+03;2.750274e-19
1.546080e+03;2.750257e-19
1.546180e+03;2.750240e-19
1.546280e+03;2.750222e-19
1.546380e+03;2.750205e-19
1.546480e+03;2.750188e-19
1.546580e+03;2.750171e-19
1.546680e+03;2.750153e-19
1.546780e+03;2.750136e-19
1.546880e+03;2.750119e-19
1.546980e+03;2.750101e-19
1.547080e+03;2.750084e-19
1.547180e+03;2.750067e-19
1.547280e+03;2.750050e-19
1.547380e+03;2.750032e-19
1.547480e+03;2.750015e-19
1.547580e+03;2.749998e-19
1.547680e+03;2.749981e-19
1.547780e+03;2.749963e-19
1.547880e+03;2.749946e-19
1.547980e+03;2.749929e-19
1.548080e+03;2.749911e-19
1.548180e+03;2.749894e-19
1.548280e+03;2.749877e-19
1.548380e+03;2.749860e-19
1.548480e+03;2.749842e-19
1.548580e+03;2.749825e-19
1.548680e+03;2.749808e-19
1.548780e+03;2.749791e-19
1.548880e+03;2.749773e-19
1.548980e+03;2.749756e-19
1.549080e+03;2.749739e-19
1.549180e+03;2.749722e-19
1.549280e+03;2.749704e-19
1.549380e+03;2.749687e-19
1.549480e+03;2.749670e-19
1.549580e+03;2.749653e-19
1.549680e+03;2.749635e-19
1.549780e+03;2.749618e-19
1.549880e+03;2.749601e-19
1.549980e+03;2.749584e-19
1.550080e+03;2.749566e-19
1.550180e+03;2.749549e-19
1.550280e+03;2.749532e-19
1.550380e+03;2.749515e-19
1.550480e+03;2.749498e-19
1.550580e+03;2.749480e-19
1.550680e+03;2.749463e-19
1.550780e+03;2.749446e-19
1.550880e+03;2.749429e-19
1.550980e+03;2.749411e-19
1.551080e+03;2.749394e-19
1.551180e+03;2.749377e-19
1.551280e+03;2.749360e-19
1.551380e+03;2.749343e-19
1.551480e+03;2.749325e-19
1.551580e+03;2.749308e-19
1.551680e+03;2.749291e-19
1.551780e+03;2.749274e-19
1.551880e+03;2.749256e-19
1.551980e+03;2.749239e-19
1.552080e+03;2.749222e-19
1.552180e+03;2.749205e-19
1.552280e+03;2.749188e-19
1.552380e+03;2.749170e-19
1.552480e+03;2.749153e-19
1.552580e+03;2.749136e-19
1.552680e+03;2.749119e-19
1.552780e+03;2.749102e-19
1.552880e+03;2.749084e-19
1.552980e+03;2.749067e-19
1.553080e+03;2.749050e-19
1.553180e+03;2.749033e-19
1.553280e+03;2.749016e-19
1.553380e+03;2.748998e-19
1.553480e+03;2.748981e-19
1.553580e+03;2.748964e-19
1.553680e+03;2.748947e-19
1.553780e+03;2.748930e-19
1.553880e+03;2.748912e-19
1.553980e+03;2.748895e-19
1.554080e+03;2.748878e-19
1.554180e+03;2.748861e-19
1.554280e+03;2.748844e-19
1.554380e+03;2.748826e-19
1.554480e+03;2.748809e-19
1.554580e+03;2.748792e-19
1.554680e+03;2.748775e-19
1.554780e+03;2.748758e-19
1.554880e+03;2.748740e-19
1.554980e+03;2.748723e-19
1.555080e+03;2.748706e-19
1.555180e+03;2.748689e-19
1.555280e+03;2.748672e-19
1.555380e+03;2.748655e-19
1.555480e+03;2.748637e-19
1.555580e+03;2.748620e-19
1.555680e+03;2.748603e-19
1.555780e+03;2.748586e-19
1.555880e+03;2.748569e-19
1.555980e+03;2.748552e-19
1.556080e+03;2.748534e-19
1.556180e+03;2.748517e-19
1.556280e+03;2.748500e-19
1.556380e+03;2.748483e-19
1.556480e+03;2.748466e-19
1.556580e+03;2.748449e-19
1.556680e+03;2.748431e-19
1.556780e+03;2.748414e-19
1.556880e+03;2.748397e-19
1.556980e+03;2.748380e-19
1.557080e+03;2.748363e-19
1.557180e+03;2.748346e-19
1.557280e+03;2.748329e-19
1.557380e+03;2.748311e-19
1.557480e+03;2.748294e-19
1.557580e+03;2.748277e-19
1.557680e+03;2.748260e-19
1.557780e+03;2.748243e-19
1.557880e+03;2.748226e-19
1.557980e+03;2.748208e-19
1.558080e+03;2.748191e-19
1.558180e+03;2.748174e-19
1.558280e+03;2.748157e-19
1.558380e+03;2.748140e-19
1.558480e+03;2.748123e-19
1.558580e+03;2.748106e-19
1.558680e+03;2.748088e-19
1.558780e+03;2.748071e-19
1.558880e+03;2.748054e-19
1.558980e+03;2.748037e-19
1.559080e+03;2.748020e-19
1.559180e+03;2.748003e-19
1.559280e+03;2.747986e-19
1.559380e+03;2.747969e-19
1.559480e+03;2.747951e-19
1.559580e+03;2.747934e-19
1.559680e+03;2.747917e-19
1.559780e+03;2.747900e-19
1.559880e+03;2.747883e-19
1.559980e+03;2.747866e-19
1.560080e+03;2.747849e-19
1.560180e+03;2.747832e-19
1.560280e+03;2.747814e-19
1.560380e+03;2.747797e-19
1.560480e+03;2.747780e-19
1.560580e+03;2.747763e-19
1.560680e+03;2.747746e-19
1.560780e+03;2.747729e-19
1.560880e+03;2.747712e-19
1.560980e+03;2.747695e-19
1.561080e+03;2.747678e-19
1.561180e+03;2.747660e-19
1.561280e+03;2.747643e-19
1.561380e+03;2.747626e-19
1.561480e+03;2.747609e-19
1.561580e+03;2.747592e-19
1.561680e+03;2.747575e-19
1.561780e+03;2.747558e-19
1.561880e+03;2.747541e-19
1.561980e+03;2.747524e-19
1.562080e+03;2.747507e-19
1.562180e+03;2.747489e-19
1.562280e+03;2.747472e-19
1.562380e+03;2.747455e-19
1.562480e+03;2.747438e-19
1.562580e+03;2.747421e-19
1.562680e+03;2.747404e-19
1.562780e+03;2.747387e-19
1.562880e+03;2.747370e-19
1.562980e+03;2.747353e-19
1.563080e+03;2.747336e-19
1.563180e+03;2.747319e-19
1.563280e+03;2.747302e-19
1.563380e+03;2.747284e-19
1.563480e+03;2.747267e-19
1.563580e+03;2.747250e-19
1.563680e+03;2.747233e-19
1.563780e+03;2.747216e-19
1.563880e+03;2.747199e-19
1.563980e+03;2.747182e-19
1.564080e+03;2.747165e-19
1.564180e+03;2.747148e-19
1.564280e+03;2.747131e-19
1.564380e+03;2.747114e-19
1.564480e+03;2.747097e-19
1.564580e+03;2.747080e-19
1.564680e+03;2.747063e-19
1.564780e+03;2.747045e-19
1.564880e+03;2.747028e-19
1.564980e+03;2.747011e-19
1.565080e+03;2.746994e-19
1.565180e+03;2.746977e-19
1.565280e+03;2.746960e-19
1.565380e+03;2.746943e-19
1.565480e+03;2.746926e-19
1.565580e+03;2.746909e-19
1.565680e+03;2.746892e-19
1.565780e+03;2.746875e-19
1.565880e+03;2.746858e-19
1.565980e+03;2.746841e-19
1.566080e+03;2.746824e-19
1.566180e+03;2.746807e-19
1.566280e+03;2.746790e-19
1.566380e+03;2.746773e-19
1.566480e+03;2.746756e-19
1.566580e+03;2.746738e-19
1.566681e+03;2.746721e-19
1.566781e+03;2.746704e-19
1.566881e+03;2.746687e-19
1.566981e+03;2.746670e-19
1.567081e+03;2.746653e-19
1.567181e+03;2.746636e-19
1.567281e+03;2.746619e-19
1.567381e+03;2.746602e-19
1.567481e+03;2.746585e-19
1.567581e+03;2.746568e-19
1.567681e+03;2.746551e-19
1.567781e+03;2.746534e-19
1.567881e+03;2.746517e-19
1.567981e+03;2.746500e-19
1.568081e+03;2.746483e-19
1.568181e+03;2.746466e-19
1.568281e+03;2.746449e-19
1.568381e+03;2.746432e-19
1.568481e+03;2.746415e-19
1.568581e+03;2.746398e-19
1.568681e+03;2.746381e-19
1.568781e+03;2.746364e-19
1.568881e+03;2.746347e-19
1.568981e+03;2.746330e-19
1.569081e+03;2.746313e-19
1.569181e+03;2.746296e-19
1.569281e+03;2.746279e-19
1.569381e+03;2.746262e-19
1.569481e+03;2.746245e-19
1.569581e+03;2.746228e-19
1.569681e+03;2.746211e-19
1.569781e+03;2.746194e-19
1.569881e+03;2.746177e-19
1.569981e+03;2.746160e-19
1.570081e+03;2.746143e-19
1.570181e+03;2.746126e-19
1.570281e+03;2.746109e-19
1.570381e+03;2.746092e-19
1.570481e+03;2.746075e-19
1.570581e+03;2.746058e-19
1.570681e+03;2.746041e-19
1.570781e+03;2.746024e-19
1.570881e+03;2.746007e-19
1.570981e+03;2.745990e-19
1.571081e+03;2.745973e-19
1.571181e+03;2.745956e-19
1.571281e+03;2.745939e-19
1.571381e+03;2.745922e-19
1.571481e+03;2.745905e-19
1.571581e+03;2.745888e-19
1.571681e+03;2.745871e-19
1.571781e+03;2.745854e-19
1.571881e+03;2.745837e-19
1.571981e+03;2.745820e-19
1.572081e+03;2.745803e-19
1.572181e+03;2.745786e-19
1.572281e+03;2.745769e-19
1.572381e+03;2.745752e-19
1.572481e+03;2.745735e-19
1.572581e+03;2.745718e-19
1.572681e+03;2.745701e-19
1.572781e+03;2.745684e-19
1.572881e+03;2.745667e-19
1.572981e+03;2.745650e-19
1.573081e+03;2.745633e-19
1.573181e+03;2.745616e-19
1.573281e+03;2.745599e-19
1.573381e+03;2.745582e-19
1.573481e+03;2.745565e-19
1.573581e+03;2.745548e-19
1.573681e+03;2.745531e-19
1.573781e+03;2.745514e-19
1.573881e+03;2.745497e-19
1.573981e+03;2.745481e-19
1.574081e+03;2.745464e-19
1.574181e+03;2.745447e-19
1.574281e+03;2.745430e-19
1.574381e+03;2.745413e-19
1.574481e+03;2.745396e-19
1.574581e+03;2.745379e-19
1.574681e+03;2.745362e-19
1.574781e+03;2.745345e-19
1.574881e+03;2.745328e-19
1.574981e+03;2.745311e-19
1.575081e+03;2.745294e-19
1.575181e+03;2.745277e-19
1.575281e+03;2.745260e-19
1.575381e+03;2.745243e-19
1.575481e+03;2.745226e-19
1.575581e+03;2.745209e-19
1.575681e+03;2.745192e-19
1.575781e+03;2.745175e-19
1.575881e+03;2.745159e-19
1.575981e+03;2.745142e-19
1.576081e+03;2.745125e-19
1.576181e+03;2.745108e-19
1.576281e+03;2.745091e-19
1.576381e+03;2.745074e-19
1.576481e+03;2.745057e-19
1.576581e+03;2.745040e-19
1.576681e+03;2.745023e-19
1.576781e+03;2.745006e-19
1.576881e+03;2.744989e-19
1.576981e+03;2.744972e-19
1.577081e+03;2.744955e-19
1.577181e+03;2.744938e-19
1.577281e+03;2.744922e-19
1.577381e+03;2.744905e-19
1.577481e+03;2.744888e-19
1.577581e+03;2.744871e-19
1.577681e+03;2.744854e-19
1.577781e+03;2.744837e-19
1.577881e+03;2.744820e-19
1.577981e+03;2.744803e-19
1.578081e+03;2.744786e-19
1.578181e+03;2.744769e-19
1.578281e+03;2.744752e-19
1.578381e+03;2.744736e-19
1.578481e+03;2.744719e-19
1.578581e+03;2.744702e-19
1.578681e+03;2.744685e-19
1.578781e+03;2.744668e-19
1.578881e+03;2.744651e-19
1.578981e+03;2.744634e-19
1.579081e+03;2.744617e-19
1.579181e+03;2.744600e-19
1.579281e+03;2.744583e-19
1.579381e+03;2.744567e-19
1.579481e+03;2.744550e-19
1.579581e+03;2.744533e-19
1.579681e+03;2.744516e-19
1.579781e+03;2.744499e-19
1.579881e+03;2.744482e-19
1.579981e+03;2.744465e-19
1.580081e+03;2.744448e-19
1.580181e+03;2.744431e-19
1.580281e+03;2.744415e-19
1.580381e+03;2.744398e-19
1.580481e+03;2.744381e-19
1.580581e+03;2.744364e-19
1.580681e+03;2.744347e-19
1.580781e+03;2.744330e-19
1.580881e+03;2.744313e-19
1.580981e+03;2.744296e-19
1.581081e+03;2.744279e-19
1.581181e+03;2.744263e-19
1.581281e+03;2.744246e-19
1.581381e+03;2.744229e-19
1.581481e+03;2.744212e-19
1.581581e+03;2.744195e-19
1.581681e+03;2.744178e-19
1.581781e+03;2.744161e-19
1.581881e+03;2.744145e-19
1.581981e+03;2.744128e-19
1.582081e+03;2.744111e-19
1.582181e+03;2.744094e-19
1.582281e+03;2.744077e-19
1.582381e+03;2.744060e-19
1.582481e+03;2.744043e-19
1.582581e+03;2.744026e-19
1.582681e+03;2.744010e-19
1.582781e+03;2.743993e-19
1.582881e+03;2.743976e-19
1.582981e+03;2.743959e-19
1.583081e+03;2.743942e-19
1.583181e+03;2.743925e-19
1.583281e+03;2.743909e-19
1.583381e+03;2.743892e-19
1.583481e+03;2.743875e-19
1.583581e+03;2.743858e-19
1.583681e+03;2.743841e-19
1.583781e+03;2.743824e-19
1.583881e+03;2.743807e-19
1.583981e+03;2.743791e-19
1.584081e+03;2.743774e-19
1.584181e+03;2.743757e-19
1.584281e+03;2.743740e-19
1.584381e+03;2.743723e-19
1.584481e+03;2.743706e-19
1.584581e+03;2.743690e-19
1.584681e+03;2.743673e-19
1.584781e+03;2.743656e-19
1.584881e+03;2.743639e-19
1.584981e+03;2.743622e-19
1.585081e+03;2.743605e-19
1.585181e+03;2.743589e-19
1.585281e+03;2.743572e-19
1.585381e+03;2.743555e-19
1.585481e+03;2.743538e-19
1.585581e+03;2.743521e-19
1.585681e+03;2.743504e-19
1.585781e+03;2.743488e-19
1.585881e+03;2.743471e-19
1.585981e+03;2.743454e-19
1.586081e+03;2.743437e-19
1.586181e+03;2.743420e-19
1.586281e+03;2.743404e-19
1.586381e+03;2.743387e-19
1.586481e+03;2.743370e-19
1.586581e+03;2.743353e-19
1.586681e+03;2.743336e-19
1.586781e+03;2.743319e-19
1.586881e+03;2.743303e-19
1.586981e+03;2.743286e-19
1.587081e+03;2.743269e-19
1.587181e+03;2.743252e-19
1.587281e+03;2.743235e-19
1.587381e+03;2.743219e-19
1.587481e+03;2.743202e-19
1.587581e+03;2.743185e-19
1.587681e+03;2.743168e-19
1.587781e+03;2.743151e-19
1.587881e+03;2.743135e-19
1.587981e+03;2.743118e-19
1.588081e+03;2.743101e-19
1.588181e+03;2.743084e-19
1.588281e+03;2.743067e-19
1.588381e+03;2.743051e-19
1.588481e+03;2.743034e-19
1.588581e+03;2.743017e-19
1.588681e+03;2.743000e-19
1.588781e+03;2.742983e-19
1.588881e+03;2.742967e-19
1.588982e+03;2.742950e-19
1.589082e+03;2.742933e-19
1.589182e+03;2.742916e-19
1.589282e+03;2.742900e-19
1.589382e+03;2.742883e-19
1.589482e+03;2.742866e-19
1.589582e+03;2.742849e-19
1.589682e+03;2.742832e-19
1.589782e+03;2.742816e-19
1.589882e+03;2.742799e-19
1.589982e+03;2.742782e-19
1.590082e+03;2.742765e-19
1.590182e+03;2.742749e-19
1.590282e+03;2.742732e-19
1.590382e+03;2.742715e-19
1.590482e+03;2.742698e-19
1.590582e+03;2.742681e-19
1.590682e+03;2.742665e-19
1.590782e+03;2.742648e-19
1.590882e+03;2.742631e-19
1.590982e+03;2.742614e-19
1.591082e+03;2.742598e-19
1.591182e+03;2.742581e-19
1.591282e+03;2.742564e-19
1.591382e+03;2.742547e-19
1.591482e+03;2.742531e-19
1.591582e+03;2.742514e-19
1.591682e+03;2.742497e-19
1.591782e+03;2.742480e-19
1.591882e+03;2.742464e-19
1.591982e+03;2.742447e-19
1.592082e+03;2.742430e-19
1.592182e+03;2.742413e-19
1.592282e+03;2.742397e-19
1.592382e+03;2.742380e-19
1.592482e+03;2.742363e-19
1.592582e+03;2.742346e-19
1.592682e+03;2.742330e-19
1.592782e+03;2.742313e-19
1.592882e+03;2.742296e-19
1.592982e+03;2.742279e-19
1.593082e+03;2.742263e-19
1.593182e+03;2.742246e-19
1.593282e+03;2.742229e-19
1.593382e+03;2.742212e-19
1.593482e+03;2.742196e-19
1.593582e+03;2.742179e-19
1.593682e+03;2.742162e-19
1.593782e+03;2.742146e-19
1.593882e+03;2.742129e-19
1.593982e+03;2.742112e-19
1.594082e+03;2.742095e-19
1.594182e+03;2.742079e-19
1.594282e+03;2.742062e-19
1.594382e+03;2.742045e-19
1.594482e+03;2.742028e-19
1.594582e+03;2.742012e-19
1.594682e+03;2.741995e-19
1.594782e+03;2.741978e-19
1.594882e+03;2.741962e-19
1.594982e+03;2.741945e-19
1.595082e+03;2.741928e-19
1.595182e+03;2.741911e-19
1.595282e+03;2.741895e-19
1.595382e+03;2.741878e-19
1.595482e+03;2.741861e-19
1.595582e+03;2.741845e-19
1.595682e+03;2.741828e-19
1.595782e+03;2.741811e-19
1.595882e+03;2.741794e-19
1.595982e+03;2.741778e-19
1.596082e+03;2.741761e-19
1.596182e+03;2.741744e-19
1.596282e+03;2.741728e-19
1.596382e+03;2.741711e-19
1.596482e+03;2.741694e-19
1.596582e+03;2.741677e-19
1.596682e+03;2.741661e-19
1.596782e+03;2.741644e-19
1.596882e+03;2.741627e-19
1.596982e+03;2.741611e-19
1.597082e+03;2.741594e-19
1.597182e+03;2.741577e-19
1.597282e+03;2.741561e-19
1.597382e+03;2.741544e-19
1.597482e+03;2.741527e-19
1.597582e+03;2.741511e-19
1.597682e+03;2.741494e-19
1.597782e+03;2.741477e-19
1.597882e+03;2.741460e-19
1.597982e+03;2.741444e-19
1.598082e+03;2.741427e-19
1.598182e+03;2.741410e-19
1.598282e+03;2.741394e-19
1.598382e+03;2.741377e-19
1.598482e+03;2.741360e-19
1.598582e+03;2.741344e-19
1.598682e+03;2.741327e-19
1.598782e+03;2.741310e-19
1.598882e+03;2.741294e-19
1.598982e+03;2.741277e-19
1.599082e+03;2.741260e-19
1.599182e+03;2.741244e-19
1.599282e+03;2.741227e-19
1.599382e+03;2.741210e-19
1.599482e+03;2.741194e-19
1.599582e+03;2.741177e-19
1.599682e+03;2.741160e-19
1.599782e+03;2.741144e-19
1.599882e+03;2.741127e-19
1.599982e+03;2.741110e-19
1.600082e+03;2.741094e-19
1.600182e+03;2.741077e-19
1.600282e+03;2.741060e-19
1.600382e+03;2.741044e-19
1.600482e+03;2.741027e-19
1.600582e+03;2.741010e-19
1.600682e+03;2.740994e-19
1.600782e+03;2.740977e-19
1.600882e+03;2.740960e-19
1.600982e+03;2.740944e-19
1.601082e+03;2.740927e-19
1.601182e+03;2.740910e-19
1.601282e+03;2.740894e-19
1.601382e+03;2.740877e-19
1.601482e+03;2.740861e-19
1.601582e+03;2.740844e-19
1.601682e+03;2.740827e-19
1.601782e+03;2.740811e-19
1.601882e+03;2.740794e-19
1.601982e+03;2.740777e-19
1.602082e+03;2.740761e-19
1.602182e+03;2.740744e-19
1.602282e+03;2.740727e-19
1.602382e+03;2.740711e-19
1.602482e+03;2.740694e-19
1.602582e+03;2.740678e-19
1.602682e+03;2.740661e-19
1.602782e+03;2.740644e-19
1.602882e+03;2.740628e-19
1.602982e+03;2.740611e-19
1.603082e+03;2.740594e-19
1.603182e+03;2.740578e-19
1.603282e+03;2.740561e-19
1.603382e+03;2.740544e-19
1.603482e+03;2.740528e-19
1.603582e+03;2.740511e-19
1.603682e+03;2.740495e-19
1.603782e+03;2.740478e-19
1.603882e+03;2.740461e-19
1.603982e+03;2.740445e-19
1.604082e+03;2.740428e-19
1.604182e+03;2.740412e-19
1.604282e+03;2.740395e-19
1.604382e+03;2.740378e-19
1.604482e+03;2.740362e-19
1.604582e+03;2.740345e-19
1.604682e+03;2.740328e-19
1.604782e+03;2.740312e-19
1.604882e+03;2.740295e-19
1.604982e+03;2.740279e-19
1.605082e+03;2.740262e-19
1.605182e+03;2.740245e-19
1.605282e+03;2.740229e-19
1.605382e+03;2.740212e-19
1.605482e+03;2.740196e-19
1.605582e+03;2.740179e-19
1.605682e+03;2.740162e-19
1.605782e+03;2.740146e-19
1.605882e+03;2.740129e-19
1.605982e+03;2.740113e-19
1.606082e+03;2.740096e-19
1.606182e+03;2.740079e-19
1.606282e+03;2.740063e-19
1.606382e+03;2.740046e-19
1.606482e+03;2.740030e-19
1.606582e+03;2.740013e-19
1.606682e+03;2.739997e-19
1.606782e+03;2.739980e-19
1.606882e+03;2.739963e-19
1.606982e+03;2.739947e-19
1.607082e+03;2.739930e-19
1.607182e+03;2.739914e-19
1.607282e+03;2.739897e-19
1.607382e+03;2.739880e-19
1.607482e+03;2.739864e-19
1.607582e+03;2.739847e-19
1.607682e+03;2.739831e-19
1.607782e+03;2.739814e-19
1.607882e+03;2.739798e-19
1.607982e+03;2.739781e-19
1.608082e+03;2.739764e-19
1.608182e+03;2.739748e-19
1.608282e+03;2.739731e-19
1.608382e+03;2.739715e-19
1.608482e+03;2.739698e-19
1.608582e+03;2.739682e-19
1.608682e+03;2.739665e-19
1.608782e+03;2.739648e-19
1.608882e+03;2.739632e-19
1.608982e+03;2.739615e-19
1.609082e+03;2.739599e-19
1.609182e+03;2.739582e-19
1.609282e+03;2.739566e-19
1.609382e+03;2.739549e-19
1.609482e+03;2.739533e-19
1.609582e+03;2.739516e-19
1.609682e+03;2.739499e-19
1.609782e+03;2.739483e-19
1.609882e+03;2.739466e-19
1.609982e+03;2.739450e-19
1.610082e+03;2.739433e-19
1.610182e+03;2.739417e-19
1.610282e+03;2.739400e-19
1.610382e+03;2.739384e-19
1.610482e+03;2.739367e-19
1.610582e+03;2.739350e-19
1.610682e+03;2.739334e-19
1.610782e+03;2.739317e-19
1.610882e+03;2.739301e-19
1.610982e+03;2.739284e-19
1.611082e+03;2.739268e-19
1.611183e+03;2.739251e-19
1.611283e+03;2.739235e-19
1.611383e+03;2.739218e-19
1.611483e+03;2.739202e-19
1.611583e+03;2.739185e-19
1.611683e+03;2.739169e-19
1.611783e+03;2.739152e-19
1.611883e+03;2.739135e-19
1.611983e+03;2.739119e-19
1.612083e+03;2.739102e-19
1.612183e+03;2.739086e-19
1.612283e+03;2.739069e-19
1.612383e+03;2.739053e-19
1.612483e+03;2.739036e-19
1.612583e+03;2.739020e-19
1.612683e+03;2.739003e-19
1.612783e+03;2.738987e-19
1.612883e+03;2.738970e-19
1.612983e+03;2.738954e-19
1.613083e+03;2.738937e-19
1.613183e+03;2.738921e-19
1.613283e+03;2.738904e-19
1.613383e+03;2.738888e-19
1.613483e+03;2.738871e-19
1.613583e+03;2.738855e-19
1.613683e+03;2.738838e-19
1.613783e+03;2.738822e-19
1.613883e+03;2.738805e-19
1.613983e+03;2.738789e-19
1.614083e+03;2.738772e-19
1.614183e+03;2.738756e-19
1.614283e+03;2.738739e-19
1.614383e+03;2.738723e-19
1.614483e+03;2.738706e-19
1.614583e+03;2.738690e-19
1.614683e+03;2.738673e-19
1.614783e+03;2.738657e-19
1.614883e+03;2.738640e-19
1.614983e+03;2.738624e-19
1.615083e+03;2.738607e-19
1.615183e+03;2.738591e-19
1.615283e+03;2.738574e-19
1.615383e+03;2.738558e-19
1.615483e+03;2.738541e-19
1.615583e+03;2.738525e-19
1.615683e+03;2.738508e-19
1.615783e+03;2.738492e-19
1.615883e+03;2.738475e-19
1.615983e+03;2.738459e-19
1.616083e+03;2.738442e-19
1.616183e+03;2.738426e-19
1.616283e+03;2.738409e-19
1.616383e+03;2.738393e-19
1.616483e+03;2.738376e-19
1.616583e+03;2.738360e-19
1.616683e+03;2.738343e-19
1.616783e+03;2.738327e-19
1.616883e+03;2.738310e-19
1.616983e+03;2.738294e-19
1.617083e+03;2.738277e-19
1.617183e+03;2.738261e-19
1.617283e+03;2.738244e-19
1.617383e+03;2.738228e-19
1.617483e+03;2.738212e-19
1.617583e+03;2.738195e-19
1.617683e+03;2.738179e-19
1.617783e+03;2.738162e-19
1.617883e+03;2.738146e-19
1.617983e+03;2.738129e-19
1.618083e+03;2.738113e-19
1.618183e+03;2.738096e-19
1.618283e+03;2.738080e-19
1.618383e+03;2.738063e-19
1.618483e+03;2.738047e-19
1.618583e+03;2.738030e-19
1.618683e+03;2.738014e-19
1.618783e+03;2.737998e-19
1.618883e+03;2.737981e-19
1.618983e+03;2.737965e-19
1.619083e+03;2.737948e-19
1.619183e+03;2.737932e-19
1.619283e+03;2.737915e-19
1.619383e+03;2.737899e-19
1.619483e+03;2.737882e-19
1.619583e+03;2.737866e-19
1.619683e+03;2.737849e-19
1.619783e+03;2.737833e-19
1.619883e+03;2.737817e-19
1.619983e+03;2.737800e-19
1.620083e+03;2.737784e-19
1.620183e+03;2.737767e-19
1.620283e+03;2.737751e-19
1.620383e+03;2.737734e-19
1.620483e+03;2.737718e-19
1.620583e+03;2.737702e-19
1.620683e+03;2.737685e-19
1.620783e+03;2.737669e-19
1.620883e+03;2.737652e-19
1.620983e+03;2.737636e-19
1.621083e+03;2.737619e-19
1.621183e+03;2.737603e-19
1.621283e+03;2.737587e-19
1.621383e+03;2.737570e-19
1.621483e+03;2.737554e-19
1.621583e+03;2.737537e-19
1.621683e+03;2.737521e-19
1.621783e+03;2.737504e-19
1.621883e+03;2.737488e-19
1.621983e+03;2.737472e-19
1.622083e+03;2.737455e-19
1.622183e+03;2.737439e-19
1.622283e+03;2.737422e-19
1.622383e+03;2.737406e-19
1.622483e+03;2.737389e-19
1.622583e+03;2.737373e-19
1.622683e+03;2.737357e-19
1.622783e+03;2.737340e-19
1.622883e+03;2.737324e-19
1.622983e+03;2.737307e-19
1.623083e+03;2.737291e-19
1.623183e+03;2.737275e-19
1.623283e+03;2.737258e-19
1.623383e+03;2.737242e-19
1.623483e+03;2.737225e-19
1.623583e+03;2.737209e-19
1.623683e+03;2.737193e-19
1.623783e+03;2.737176e-19
1.623883e+03;2.737160e-19
1.623983e+03;2.737143e-19
1.624083e+03;2.737127e-19
1.624183e+03;2.737111e-19
1.624283e+03;2.737094e-19
1.624383e+03;2.737078e-19
1.624483e+03;2.737061e-19
1.624583e+03;2.737045e-19
1.624683e+03;2.737029e-19
1.624783e+03;2.737012e-19
1.624883e+03;2.736996e-19
1.624983e+03;2.736979e-19
1.625083e+03;2.736963e-19
1.625183e+03;2.736947e-19
1.625283e+03;2.736930e-19
1.625383e+03;2.736914e-19
1.625483e+03;2.736898e-19
1.625583e+03;2.736881e-19
1.625683e+03;2.736865e-19
1.625783e+03;2.736848e-19
1.625883e+03;2.736832e-19
1.625983e+03;2.736816e-19
1.626083e+03;2.736799e-19
1.626183e+03;2.736783e-19
1.626283e+03;2.736767e-19
1.626383e+03;2.736750e-19
1.626483e+03;2.736734e-19
1.626583e+03;2.736717e-19
1.626683e+03;2.736701e-19
1.626783e+03;2.736685e-19
1.626883e+03;2.736668e-19
1.626983e+03;2.736652e-19
1.627083e+03;2.736636e-19
1.627183e+03;2.736619e-19
1.627283e+03;2.736603e-19
1.627383e+03;2.736586e-19
1.627483e+03;2.736570e-19
1.627583e+03;2.736554e-19
1.627683e+03;2.736537e-19
1.627783e+03;2.736521e-19
1.627883e+03;2.736505e-19
1.627983e+03;2.736488e-19
1.628083e+03;2.736472e-19
1.628183e+03;2.736456e-19
1.628283e+03;2.736439e-19
1.628383e+03;2.736423e-19
1.628483e+03;2.736407e-19
1.628583e+03;2.736390e-19
1.628683e+03;2.736374e-19
1.628783e+03;2.736358e-19
1.628883e+03;2.736341e-19
1.628983e+03;2.736325e-19
1.629083e+03;2.736308e-19
1.629183e+03;2.736292e-19
1.629283e+03;2.736276e-19
1.629383e+03;2.736259e-19
1.629483e+03;2.736243e-19
1.629583e+03;2.736227e-19
1.629683e+03;2.736210e-19
1.629783e+03;2.736194e-19
1.629883e+03;2.736178e-19
1.629983e+03;2.736161e-19
1.630083e+03;2.736145e-19
1.630183e+03;2.736129e-19
1.630283e+03;2.736112e-19
1.630383e+03;2.736096e-19
1.630483e+03;2.736080e-19
1.630583e+03;2.736063e-19
1.630683e+03;2.736047e-19
1.630783e+03;2.736031e-19
1.630883e+03;2.736015e-19
1.630983e+03;2.735998e-19
1.631083e+03;2.735982e-19
1.631183e+03;2.735966e-19
1.631283e+03;2.735949e-19
1.631383e+03;2.735933e-19
1.631483e+03;2.735917e-19
1.631583e+03;2.735900e-19
1.631683e+03;2.735884e-19
1.631783e+03;2.735868e-19
1.631883e+03;2.735851e-19
1.631983e+03;2.735835e-19
1.632083e+03;2.735819e-19
1.632183e+03;2.735802e-19
1.632283e+03;2.735786e-19
1.632383e+03;2.735770e-19
1.632483e+03;2.735753e-19
1.632583e+03;2.735737e-19
1.632683e+03;2.735721e-19
1.632783e+03;2.735705e-19
1.632883e+03;2.735688e-19
1.632983e+03;2.735672e-19
1.633083e+03;2.735656e-19
1.633183e+03;2.735639e-19
1.633283e+03;2.735623e-19
1.633384e+03;2.735607e-19
1.633484e+03;2.735590e-19
1.633584e+03;2.735574e-19
1.633684e+03;2.735558e-19
1.633784e+03;2.735542e-19
1.633884e+03;2.735525e-19
1.633984e+03;2.735509e-19
1.634084e+03;2.735493e-19
1.634184e+03;2.735476e-19
1.634284e+03;2.735460e-19
1.634384e+03;2.735444e-19
1.634484e+03;2.735428e-19
1.634584e+03;2.735411e-19
1.634684e+03;2.735395e-19
1.634784e+03;2.735379e-19
1.634884e+03;2.735362e-19
1.634984e+03;2.735346e-19
1.635084e+03;2.735330e-19
1.635184e+03;2.735314e-19
1.635284e+03;2.735297e-19
1.635384e+03;2.735281e-19
1.635484e+03;2.735265e-19
1.635584e+03;2.735248e-19
1.635684e+03;2.735232e-19
1.635784e+03;2.735216e-19
1.635884e+03;2.735200e-19
1.635984e+03;2.735183e-19
1.636084e+03;2.735167e-19
1.636184e+03;2.735151e-19
1.636284e+03;2.735135e-19
1.636384e+03;2.735118e-19
1.636484e+03;2.735102e-19
1.636584e+03;2.735086e-19
1.636684e+03;2.735070e-19
1.636784e+03;2.735053e-19
1.636884e+03;2.735037e-19
1.636984e+03;2.735021e-19
1.637084e+03;2.735005e-19
1.637184e+03;2.734988e-19
1.637284e+03;2.734972e-19
1.637384e+03;2.734956e-19
1.637484e+03;2.734939e-19
1.637584e+03;2.734923e-19
1.637684e+03;2.734907e-19
1.637784e+03;2.734891e-19
1.637884e+03;2.734874e-19
1.637984e+03;2.734858e-19
1.638084e+03;2.734842e-19
1.638184e+03;2.734826e-19
1.638284e+03;2.734810e-19
1.638384e+03;2.734793e-19
1.638484e+03;2.734777e-19
1.638584e+03;2.734761e-19
1.638684e+03;2.734745e-19
1.638784e+03;2.734728e-19
1.638884e+03;2.734712e-19
1.638984e+03;2.734696e-19
1.639084e+03;2.734680e-19
1.639184e+03;2.734663e-19
1.639284e+03;2.734647e-19
1.639384e+03;2.734631e-19
1.639484e+03;2.734615e-19
1.639584e+03;2.734598e-19
1.639684e+03;2.734582e-19
1.639784e+03;2.734566e-19
1.639884e+03;2.734550e-19
1.639984e+03;2.734534e-19
1.640084e+03;2.734517e-19
1.640184e+03;2.734501e-19
1.640284e+03;2.734485e-19
1.640384e+03;2.734469e-19
1.640484e+03;2.734452e-19
1.640584e+03;2.734436e-19
1.640684e+03;2.734420e-19
1.640784e+03;2.734404e-19
1.640884e+03;2.734388e-19
1.640984e+03;2.734371e-19
1.641084e+03;2.734355e-19
1.641184e+03;2.734339e-19
1.641284e+03;2.734323e-19
1.641384e+03;2.734306e-19
1.641484e+03;2.734290e-19
1.641584e+03;2.734274e-19
1.641684e+03;2.734258e-19
1.641784e+03;2.734242e-19
1.641884e+03;2.734225e-19
1.641984e+03;2.734209e-19
1.642084e+03;2.734193e-19
1.642184e+03;2.734177e-19
1.642284e+03;2.734161e-19
1.642384e+03;2.734144e-19
1.642484e+03;2.734128e-19
1.642584e+03;2.734112e-19
1.642684e+03;2.734096e-19
1.642784e+03;2.734080e-19
1.642884e+03;2.734063e-19
1.642984e+03;2.734047e-19
1.643084e+03;2.734031e-19
1.643184e+03;2.734015e-19
1.643284e+03;2.733999e-19
1.643384e+03;2.733982e-19
1.643484e+03;2.733966e-19
1.643584e+03;2.733950e-19
1.643684e+03;2.733934e-19
1.643784e+03;2.733918e-19
1.643884e+03;2.733901e-19
1.643984e+03;2.733885e-19
1.644084e+03;2.733869e-19
1.644184e+03;2.733853e-19
1.644284e+03;2.733837e-19
1.644384e+03;2.733821e-19
1.644484e+03;2.733804e-19
1.644584e+03;2.733788e-19
1.644684e+03;2.733772e-19
1.644784e+03;2.733756e-19
1.644884e+03;2.733740e-19
1.644984e+03;2.733724e-19
1.645084e+03;2.733707e-19
1.645184e+03;2.733691e-19
1.645284e+03;2.733675e-19
1.645384e+03;2.733659e-19
1.645484e+03;2.733643e-19
1.645584e+03;2.733626e-19
1.645684e+03;2.733610e-19
1.645784e+03;2.733594e-19
1.645884e+03;2.733578e-19
1.645984e+03;2.733562e-19
1.646084e+03;2.733546e-19
1.646184e+03;2.733530e-19
1.646284e+03;2.733513e-19
1.646384e+03;2.733497e-19
1.646484e+03;2.733481e-19
1.646584e+03;2.733465e-19
1.646684e+03;2.733449e-19
1.646784e+03;2.733433e-19
1.646884e+03;2.733416e-19
1.646984e+03;2.733400e-19
1.647084e+03;2.733384e-19
1.647184e+03;2.733368e-19
1.647284e+03;2.733352e-19
1.647384e+03;2.733336e-19
1.647484e+03;2.733320e-19
1.647584e+03;2.733303e-19
1.647684e+03;2.733287e-19
1.647784e+03;2.733271e-19
1.647884e+03;2.733255e-19
1.647984e+03;2.733239e-19
1.648084e+03;2.733223e-19
1.648184e+03;2.733207e-19
1.648284e+03;2.733190e-19
1.648384e+03;2.733174e-19
1.648484e+03;2.733158e-19
1.648584e+03;2.733142e-19
1.648684e+03;2.733126e-19
1.648784e+03;2.733110e-19
1.648884e+03;2.733094e-19
1.648984e+03;2.733077e-19
1.649084e+03;2.733061e-19
1.649184e+03;2.733045e-19
1.649284e+03;2.733029e-19
1.649384e+03;2.733013e-19
1.649484e+03;2.732997e-19
1.649584e+03;2.732981e-19
1.649684e+03;2.732965e-19
1.649784e+03;2.732948e-19
1.649884e+03;2.732932e-19
1.649984e+03;2.732916e-19
1.650084e+03;2.732900e-19
1.650184e+03;2.732884e-19
1.650284e+03;2.732868e-19
1.650384e+03;2.732852e-19
1.650484e+03;2.732836e-19
1.650584e+03;2.732819e-19
1.650684e+03;2.732803e-19
1.650784e+03;2.732787e-19
1.650884e+03;2.732771e-19
1.650984e+03;2.732755e-19
1.651084e+03;2.732739e-19
1.651184e+03;2.732723e-19
1.651284e+03;2.732707e-19
1.651384e+03;2.732691e-19
1.651484e+03;2.732674e-19
1.651584e+03;2.732658e-19
1.651684e+03;2.732642e-19
1.651784e+03;2.732626e-19
1.651884e+03;2.732610e-19
1.651984e+03;2.732594e-19
1.652084e+03;2.732578e-19
1.652184e+03;2.732562e-19
1.652284e+03;2.732546e-19
1.652384e+03;2.732530e-19
1.652484e+03;2.732513e-19
1.652584e+03;2.732497e-19
1.652684e+03;2.732481e-19
1.652784e+03;2.732465e-19
1.652884e+03;2.732449e-19
1.652984e+03;2.732433e-19
1.653084e+03;2.732417e-19
1.653184e+03;2.732401e-19
1.653284e+03;2.732385e-19
1.653384e+03;2.732369e-19
1.653484e+03;2.732353e-19
1.653584e+03;2.732336e-19
1.653684e+03;2.732320e-19
1.653784e+03;2.732304e-19
1.653884e+03;2.732288e-19
1.653984e+03;2.732272e-19
1.654084e+03;2.732256e-19
1.654184e+03;2.732240e-19
1.654284e+03;2.732224e-19
1.654384e+03;2.732208e-19
1.654484e+03;2.732192e-19
1.654584e+03;2.732176e-19
1.654684e+03;2.732160e-19
1.654784e+03;2.732144e-19
1.654884e+03;2.732128e-19
1.654984e+03;2.732111e-19
1.655084e+03;2.732095e-19
1.655184e+03;2.732079e-19
1.655284e+03;2.732063e-19
1.655384e+03;2.732047e-19
1.655484e+03;2.732031e-19
1.655585e+03;2.732015e-19
1.655685e+03;2.731999e-19
1.655785e+03;2.731983e-19
1.655885e+03;2.731967e-19
1.655985e+03;2.731951e-19
1.656085e+03;2.731935e-19
1.656185e+03;2.731919e-19
1.656285e+03;2.731903e-19
1.656385e+03;2.731887e-19
1.656485e+03;2.731871e-19
1.656585e+03;2.731854e-19
1.656685e+03;2.731838e-19
1.656785e+03;2.731822e-19
1.656885e+03;2.731806e-19
1.656985e+03;2.731790e-19
1.657085e+03;2.731774e-19
1.657185e+03;2.731758e-19
1.657285e+03;2.731742e-19
1.657385e+03;2.731726e-19
1.657485e+03;2.731710e-19
1.657585e+03;2.731694e-19
1.657685e+03;2.731678e-19
1.657785e+03;2.731662e-19
1.657885e+03;2.731646e-19
1.657985e+03;2.731630e-19
1.658085e+03;2.731614e-19
1.658185e+03;2.731598e-19
1.658285e+03;2.731582e-19
1.658385e+03;2.731566e-19
1.658485e+03;2.731550e-19
1.658585e+03;2.731534e-19
1.658685e+03;2.731518e-19
1.658785e+03;2.731502e-19
1.658885e+03;2.731486e-19
1.658985e+03;2.731470e-19
1.659085e+03;2.731453e-19
1.659185e+03;2.731437e-19
1.659285e+03;2.731421e-19
1.659385e+03;2.731405e-19
1.659485e+03;2.731389e-19
1.659585e+03;2.731373e-19
1.659685e+03;2.731357e-19
1.659785e+03;2.731341e-19
1.659885e+03;2.731325e-19
1.659985e+03;2.731309e-19
1.660085e+03;2.731293e-19
1.660185e+03;2.731277e-19
1.660285e+03;2.731261e-19
1.660385e+03;2.731245e-19
1.660485e+03;2.731229e-19
1.660585e+03;2.731213e-19
1.660685e+03;2.731197e-19
1.660785e+03;2.731181e-19
1.660885e+03;2.731165e-19
1.660985e+03;2.731149e-19
1.661085e+03;2.731133e-19
1.661185e+03;2.731117e-19
1.661285e+03;2.731101e-19
1.661385e+03;2.731085e-19
1.661485e+03;2.731069e-19
1.661585e+03;2.731053e-19
1.661685e+03;2.731037e-19
1.661785e+03;2.731021e-19
1.661885e+03;2.731005e-19
1.661985e+03;2.730989e-19
1.662085e+03;2.730973e-19
1.662185e+03;2.730957e-19
1.662285e+03;2.730941e-19
1.662385e+03;2.730925e-19
1.662485e+03;2.730909e-19
1.662585e+03;2.730893e-19
1.662685e+03;2.730877e-19
1.662785e+03;2.730861e-19
1.662885e+03;2.730845e-19
1.662985e+03;2.730829e-19
1.663085e+03;2.730813e-19
1.663185e+03;2.730797e-19
1.663285e+03;2.730781e-19
1.663385e+03;2.730765e-19
1.663485e+03;2.730749e-19
1.663585e+03;2.730733e-19
1.663685e+03;2.730717e-19
1.663785e+03;2.730701e-19
1.663885e+03;2.730685e-19
1.663985e+03;2.730669e-19
1.664085e+03;2.730653e-19
1.664185e+03;2.730638e-19
1.664285e+03;2.730622e-19
1.664385e+03;2.730606e-19
1.664485e+03;2.730590e-19
1.664585e+03;2.730574e-19
1.664685e+03;2.730558e-19
1.664785e+03;2.730542e-19
1.664885e+03;2.730526e-19
1.664985e+03;2.730510e-19
1.665085e+03;2.730494e-19
1.665185e+03;2.730478e-19
1.665285e+03;2.730462e-19
1.665385e+03;2.730446e-19
1.665485e+03;2.730430e-19
1.665585e+03;2.730414e-19
1.665685e+03;2.730398e-19
1.665785e+03;2.730382e-19
1.665885e+03;2.730366e-19
1.665985e+03;2.730350e-19
1.666085e+03;2.730334e-19
1.666185e+03;2.730318e-19
1.666285e+03;2.730302e-19
1.666385e+03;2.730286e-19
1.666485e+03;2.730270e-19
1.666585e+03;2.730254e-19
1.666685e+03;2.730239e-19
1.666785e+03;2.730223e-19
1.666885e+03;2.730207e-19
1.666985e+03;2.730191e-19
1.667085e+03;2.730175e-19
1.667185e+03;2.730159e-19
1.667285e+03;2.730143e-19
1.667385e+03;2.730127e-19
1.667485e+03;2.730111e-19
1.667585e+03;2.730095e-19
1.667685e+03;2.730079e-19
1.667785e+03;2.730063e-19
1.667885e+03;2.730047e-19
1.667985e+03;2.730031e-19
1.668085e+03;2.730015e-19
1.668185e+03;2.729999e-19
1.668285e+03;2.729983e-19
1.668385e+03;2.729968e-19
1.668485e+03;2.729952e-19
1.668585e+03;2.729936e-19
1.668685e+03;2.729920e-19
1.668785e+03;2.729904e-19
1.668885e+03;2.729888e-19
1.668985e+03;2.729872e-19
1.669085e+03;2.729856e-19
1.669185e+03;2.729840e-19
1.669285e+03;2.729824e-19
1.669385e+03;2.729808e-19
1.669485e+03;2.729792e-19
1.669585e+03;2.729776e-19
1.669685e+03;2.729761e-19
1.669785e+03;2.729745e-19
1.669885e+03;2.729729e-19
1.669985e+03;2.729713e-19
1.670085e+03;2.729697e-19
1.670185e+03;2.729681e-19
1.670285e+03;2.729665e-19
1.670385e+03;2.729649e-19
1.670485e+03;2.729633e-19
1.670585e+03;2.729617e-19
1.670685e+03;2.729601e-19
1.670785e+03;2.729586e-19
1.670885e+03;2.729570e-19
1.670985e+03;2.729554e-19
1.671085e+03;2.729538e-19
1.671185e+03;2.729522e-19
1.671285e+03;2.729506e-19
1.671385e+03;2.729490e-19
1.671485e+03;2.729474e-19
1.671585e+03;2.729458e-19
1.671685e+03;2.729442e-19
1.671785e+03;2.729427e-19
1.671885e+03;2.729411e-19
1.671985e+03;2.729395e-19
1.672085e+03;2.729379e-19
1.672185e+03;2.729363e-19
1.672285e+03;2.729347e-19
1.672385e+03;2.729331e-19
1.672485e+03;2.729315e-19
1.672585e+03;2.729299e-19
1.672685e+03;2.729284e-19
1.672785e+03;2.729268e-19
1.672885e+03;2.729252e-19
1.672985e+03;2.729236e-19
1.673085e+03;2.729220e-19
1.673185e+03;2.729204e-19
1.673285e+03;2.729188e-19
1.673385e+03;2.729172e-19
1.673485e+03;2.729156e-19
1.673585e+03;2.729141e-19
1.673685e+03;2.729125e-19
1.673785e+03;2.729109e-19
1.673885e+03;2.729093e-19
1.673985e+03;2.729077e-19
1.674085e+03;2.729061e-19
1.674185e+03;2.729045e-19
1.674285e+03;2.729029e-19
1.674385e+03;2.729014e-19
1.674485e+03;2.728998e-19
1.674585e+03;2.728982e-19
1.674685e+03;2.728966e-19
1.674785e+03;2.728950e-19
1.674885e+03;2.728934e-19
1.674985e+03;2.728918e-19
1.675085e+03;2.728903e-19
1.675185e+03;2.728887e-19
1.675285e+03;2.728871e-19
1.675385e+03;2.728855e-19
1.675485e+03;2.728839e-19
1.675585e+03;2.728823e-19
1.675685e+03;2.728807e-19
1.675785e+03;2.728792e-19
1.675885e+03;2.728776e-19
1.675985e+03;2.728760e-19
1.676085e+03;2.728744e-19
1.676185e+03;2.728728e-19
1.676285e+03;2.728712e-19
1.676385e+03;2.728696e-19
1.676485e+03;2.728681e-19
1.676585e+03;2.728665e-19
1.676685e+03;2.728649e-19
1.676785e+03;2.728633e-19
1.676885e+03;2.728617e-19
1.676985e+03;2.728601e-19
1.677085e+03;2.728585e-19
1.677185e+03;2.728570e-19
1.677285e+03;2.728554e-19
1.677385e+03;2.728538e-19
1.677485e+03;2.728522e-19
1.677585e+03;2.728506e-19
1.677685e+03;2.728490e-19
1.677786e+03;2.728475e-19
1.677886e+03;2.728459e-19
1.677986e+03;2.728443e-19
1.678086e+03;2.728427e-19
1.678186e+03;2.728411e-19
1.678286e+03;2.728395e-19
1.678386e+03;2.728380e-19
1.678486e+03;2.728364e-19
1.678586e+03;2.728348e-19
1.678686e+03;2.728332e-19
1.678786e+03;2.728316e-19
1.678886e+03;2.728301e-19
1.678986e+03;2.728285e-19
1.679086e+03;2.728269e-19
1.679186e+03;2.728253e-19
1.679286e+03;2.728237e-19
1.679386e+03;2.728221e-19
1.679486e+03;2.728206e-19
1.679586e+03;2.728190e-19
1.679686e+03;2.728174e-19
1.679786e+03;2.728158e-19
1.679886e+03;2.728142e-19
1.679986e+03;2.728127e-19
1.680086e+03;2.728111e-19
1.680186e+03;2.728095e-19
1.680286e+03;2.728079e-19
1.680386e+03;2.728063e-19
1.680486e+03;2.728047e-19
1.680586e+03;2.728032e-19
1.680686e+03;2.728016e-19
1.680786e+03;2.728000e-19
1.680886e+03;2.727984e-19
1.680986e+03;2.727968e-19
1.681086e+03;2.727953e-19
1.681186e+03;2.727937e-19
1.681286e+03;2.727921e-19
1.681386e+03;2.727905e-19
1.681486e+03;2.727889e-19
1.681586e+03;2.727874e-19
1.681686e+03;2.727858e-19
1.681786e+03;2.727842e-19
1.681886e+03;2.727826e-19
1.681986e+03;2.727810e-19
1.682086e+03;2.727795e-19
1.682186e+03;2.727779e-19
1.682286e+03;2.727763e-19
1.682386e+03;2.727747e-19
1.682486e+03;2.727732e-19
1.682586e+03;2.727716e-19
1.682686e+03;2.727700e-19
1.682786e+03;2.727684e-19
1.682886e+03;2.727668e-19
1.682986e+03;2.727653e-19
1.683086e+03;2.727637e-19
1.683186e+03;2.727621e-19
1.683286e+03;2.727605e-19
1.683386e+03;2.727589e-19
1.683486e+03;2.727574e-19
1.683586e+03;2.727558e-19
1.683686e+03;2.727542e-19
1.683786e+03;2.727526e-19
1.683886e+03;2.727511e-19
1.683986e+03;2.727495e-19
1.684086e+03;2.727479e-19
1.684186e+03;2.727463e-19
1.684286e+03;2.727448e-19
1.684386e+03;2.727432e-19
1.684486e+03;2.727416e-19
1.684586e+03;2.727400e-19
1.684686e+03;2.727384e-19
1.684786e+03;2.727369e-19
1.684886e+03;2.727353e-19
1.684986e+03;2.727337e-19
1.685086e+03;2.727321e-19
1.685186e+03;2.727306e-19
1.685286e+03;2.727290e-19
1.685386e+03;2.727274e-19
1.685486e+03;2.727258e-19
1.685586e+03;2.727243e-19
1.685686e+03;2.727227e-19
1.685786e+03;2.727211e-19
1.685886e+03;2.727195e-19
1.685986e+03;2.727180e-19
1.686086e+03;2.727164e-19
1.686186e+03;2.727148e-19
1.686286e+03;2.727132e-19
1.686386e+03;2.727117e-19
1.686486e+03;2.727101e-19
1.686586e+03;2.727085e-19
1.686686e+03;2.727069e-19
1.686786e+03;2.727054e-19
1.686886e+03;2.727038e-19
1.686986e+03;2.727022e-19
1.687086e+03;2.727006e-19
1.687186e+03;2.726991e-19
1.687286e+03;2.726975e-19
1.687386e+03;2.726959e-19
1.687486e+03;2.726943e-19
1.687586e+03;2.726928e-19
1.687686e+03;2.726912e-19
1.687786e+03;2.726896e-19
1.687886e+03;2.726881e-19
1.687986e+03;2.726865e-19
1.688086e+03;2.726849e-19
1.688186e+03;2.726833e-19
1.688286e+03;2.726818e-19
1.688386e+03;2.726802e-19
1.688486e+03;2.726786e-19
1.688586e+03;2.726770e-19
1.688686e+03;2.726755e-19
1.688786e+03;2.726739e-19
1.688886e+03;2.726723e-19
1.688986e+03;2.726708e-19
1.689086e+03;2.726692e-19
1.689186e+03;2.726676e-19
1.689286e+03;2.726660e-19
1.689386e+03;2.726645e-19
1.689486e+03;2.726629e-19
1.689586e+03;2.726613e-19
1.689686e+03;2.726597e-19
1.689786e+03;2.726582e-19
1.689886e+03;2.726566e-19
1.689986e+03;2.726550e-19
1.690086e+03;2.726535e-19
1.690186e+03;2.726519e-19
1.690286e+03;2.726503e-19
1.690386e+03;2.726487e-19
1.690486e+03;2.726472e-19
1.690586e+03;2.726456e-19
1.690686e+03;2.726440e-19
1.690786e+03;2.726425e-19
1.690886e+03;2.726409e-19
1.690986e+03;2.726393e-19
1.691086e+03;2.726378e-19
1.691186e+03;2.726362e-19
1.691286e+03;2.726346e-19
1.691386e+03;2.726330e-19
1.691486e+03;2.726315e-19
1.691586e+03;2.726299e-19
1.691686e+03;2.726283e-19
1.691786e+03;2.726268e-19
1.691886e+03;2.726252e-19
1.691986e+03;2.726236e-19
1.692086e+03;2.726221e-19
1.692186e+03;2.726205e-19
1.692286e+03;2.726189e-19
1.692386e+03;2.726174e-19
1.692486e+03;2.726158e-19
1.692586e+03;2.726142e-19
1.692686e+03;2.726126e-19
1.692786e+03;2.726111e-19
1.692886e+03;2.726095e-19
1.692986e+03;2.726079e-19
1.693086e+03;2.726064e-19
1.693186e+03;2.726048e-19
1.693286e+03;2.726032e-19
1.693386e+03;2.726017e-19
1.693486e+03;2.726001e-19
1.693586e+03;2.725985e-19
1.693686e+03;2.725970e-19
1.693786e+03;2.725954e-19
1.693886e+03;2.725938e-19
1.693986e+03;2.725923e-19
1.694086e+03;2.725907e-19
1.694186e+03;2.725891e-19
1.694286e+03;2.725876e-19
1.694386e+03;2.725860e-19
1.694486e+03;2.725844e-19
1.694586e+03;2.725829e-19
1.694686e+03;2.725813e-19
1.694786e+03;2.725797e-19
1.694886e+03;2.725782e-19
1.694986e+03;2.725766e-19
1.695086e+03;2.725750e-19
1.695186e+03;2.725735e-19
1.695286e+03;2.725719e-19
1.695386e+03;2.725703e-19
1.695486e+03;2.725688e-19
1.695586e+03;2.725672e-19
1.695686e+03;2.725656e-19
1.695786e+03;2.725641e-19
1.695886e+03;2.725625e-19
1.695986e+03;2.725609e-19
1.696086e+03;2.725594e-19
1.696186e+03;2.725578e-19
1.696286e+03;2.725562e-19
1.696386e+03;2.725547e-19
1.696486e+03;2.725531e-19
1.696586e+03;2.725516e-19
1.696686e+03;2.725500e-19
1.696786e+03;2.725484e-19
1.696886e+03;2.725469e-19
1.696986e+03;2.725453e-19
1.697086e+03;2.725437e-19
1.697186e+03;2.725422e-19
1.697286e+03;2.725406e-19
1.697386e+03;2.725390e-19
1.697486e+03;2.725375e-19
1.697586e+03;2.725359e-19
1.697686e+03;2.725343e-19
1.697786e+03;2.725328e-19
1.697886e+03;2.725312e-19
1.697986e+03;2.725297e-19
1.698086e+03;2.725281e-19
1.698186e+03;2.725265e-19
1.698286e+03;2.725250e-19
1.698386e+03;2.725234e-19
1.698486e+03;2.725218e-19
1.698586e+03;2.725203e-19
1.698686e+03;2.725187e-19
1.698786e+03;2.725172e-19
1.698886e+03;2.725156e-19
1.698986e+03;2.725140e-19
1.699086e+03;2.725125e-19
1.699186e+03;2.725109e-19
1.699286e+03;2.725093e-19
1.699386e+03;2.725078e-19
1.699486e+03;2.725062e-19
1.699586e+03;2.725047e-19
1.699686e+03;2.725031e-19
1.699786e+03;2.725015e-19
1.699886e+03;2.725000e-19
1.699986e+03;2.724984e-19
1.700087e+03;2.724969e-19
1.700187e+03;2.724953e-19
1.700287e+03;2.724937e-19
1.700387e+03;2.724922e-19
1.700487e+03;2.724906e-19
1.700587e+03;2.724890e-19
1.700687e+03;2.724875e-19
1.700787e+03;2.724859e-19
1.700887e+03;2.724844e-19
1.700987e+03;2.724828e-19
1.701087e+03;2.724812e-19
1.701187e+03;2.724797e-19
1.701287e+03;2.724781e-19
1.701387e+03;2.724766e-19
1.701487e+03;2.724750e-19
1.701587e+03;2.724734e-19
1.701687e+03;2.724719e-19
1.701787e+03;2.724703e-19
1.701887e+03;2.724688e-19
1.701987e+03;2.724672e-19
1.702087e+03;2.724656e-19
1.702187e+03;2.724641e-19
1.702287e+03;2.724625e-19
1.702387e+03;2.724610e-19
1.702487e+03;2.724594e-19
1.702587e+03;2.724579e-19
1.702687e+03;2.724563e-19
1.702787e+03;2.724547e-19
1.702887e+03;2.724532e-19
1.702987e+03;2.724516e-19
1.703087e+03;2.724501e-19
1.703187e+03;2.724485e-19
1.703287e+03;2.724469e-19
1.703387e+03;2.724454e-19
1.703487e+03;2.724438e-19
1.703587e+03;2.724423e-19
1.703687e+03;2.724407e-19
1.703787e+03;2.724392e-19
1.703887e+03;2.724376e-19
1.703987e+03;2.724360e-19
1.704087e+03;2.724345e-19
1.704187e+03;2.724329e-19
1.704287e+03;2.724314e-19
1.704387e+03;2.724298e-19
1.704487e+03;2.724283e-19
1.704587e+03;2.724267e-19
1.704687e+03;2.724251e-19
1.704787e+03;2.724236e-19
1.704887e+03;2.724220e-19
1.704987e+03;2.724205e-19
1.705087e+03;2.724189e-19
1.705187e+03;2.724174e-19
1.705287e+03;2.724158e-19
1.705387e+03;2.724142e-19
1.705487e+03;2.724127e-19
1.705587e+03;2.724111e-19
1.705687e+03;2.724096e-19
1.705787e+03;2.724080e-19
1.705887e+03;2.724065e-19
1.705987e+03;2.724049e-19
1.706087e+03;2.724034e-19
1.706187e+03;2.724018e-19
1.706287e+03;2.724002e-19
1.706387e+03;2.723987e-19
1.706487e+03;2.723971e-19
1.706587e+03;2.723956e-19
1.706687e+03;2.723940e-19
1.706787e+03;2.723925e-19
1.706887e+03;2.723909e-19
1.706987e+03;2.723894e-19
1.707087e+03;2.723878e-19
1.707187e+03;2.723863e-19
1.707287e+03;2.723847e-19
1.707387e+03;2.723832e-19
1.707487e+03;2.723816e-19
1.707587e+03;2.723800e-19
1.707687e+03;2.723785e-19
1.707787e+03;2.723769e-19
1.707887e+03;2.723754e-19
1.707987e+03;2.723738e-19
1.708087e+03;2.723723e-19
1.708187e+03;2.723707e-19
1.708287e+03;2.723692e-19
1.708387e+03;2.723676e-19
1.708487e+03;2.723661e-19
1.708587e+03;2.723645e-19
1.708687e+03;2.723630e-19
1.708787e+03;2.723614e-19
1.708887e+03;2.723599e-19
1.708987e+03;2.723583e-19
1.709087e+03;2.723567e-19
1.709187e+03;2.723552e-19
1.709287e+03;2.723536e-19
1.709387e+03;2.723521e-19
1.709487e+03;2.723505e-19
1.709587e+03;2.723490e-19
1.709687e+03;2.723474e-19
1.709787e+03;2.723459e-19
1.709887e+03;2.723443e-19
1.709987e+03;2.723428e-19
1.710087e+03;2.723412e-19
1.710187e+03;2.723397e-19
1.710287e+03;2.723381e-19
1.710387e+03;2.723366e-19
1.710487e+03;2.723350e-19
1.710587e+03;2.723335e-19
1.710687e+03;2.723319e-19
1.710787e+03;2.723304e-19
1.710887e+03;2.723288e-19
1.710987e+03;2.723273e-19
1.711087e+03;2.723257e-19
1.711187e+03;2.723242e-19
1.711287e+03;2.723226e-19
1.711387e+03;2.723211e-19
1.711487e+03;2.723195e-19
1.711587e+03;2.723180e-19
1.711687e+03;2.723164e-19
1.711787e+03;2.723149e-19
1.711887e+03;2.723133e-19
1.711987e+03;2.723118e-19
1.712087e+03;2.723102e-19
1.712187e+03;2.723087e-19
1.712287e+03;2.723071e-19
1.712387e+03;2.723056e-19
1.712487e+03;2.723040e-19
1.712587e+03;2.723025e-19
1.712687e+03;2.723009e-19
1.712787e+03;2.722994e-19
1.712887e+03;2.722978e-19
1.712987e+03;2.722963e-19
1.713087e+03;2.722947e-19
1.713187e+03;2.722932e-19
1.713287e+03;2.722916e-19
1.713387e+03;2.722901e-19
1.713487e+03;2.722885e-19
1.713587e+03;2.722870e-19
1.713687e+03;2.722854e-19
1.713787e+03;2.722839e-19
1.713887e+03;2.722823e-19
1.713987e+03;2.722808e-19
1.714087e+03;2.722793e-19
1.714187e+03;2.722777e-19
1.714287e+03;2.722762e-19
1.714387e+03;2.722746e-19
1.714487e+03;2.722731e-19
1.714587e+03;2.722715e-19
1.714687e+03;2.722700e-19
1.714787e+03;2.722684e-19
1.714887e+03;2.722669e-19
1.714987e+03;2.722653e-19
1.715087e+03;2.722638e-19
1.715187e+03;2.722622e-19
1.715287e+03;2.722607e-19
1.715387e+03;2.722591e-19
1.715487e+03;2.722576e-19
1.715587e+03;2.722561e-19
1.715687e+03;2.722545e-19
1.715787e+03;2.722530e-19
1.715887e+03;2.722514e-19
1.715987e+03;2.722499e-19
1.716087e+03;2.722483e-19
1.716187e+03;2.722468e-19
1.716287e+03;2.722452e-19
1.716387e+03;2.722437e-19
1.716487e+03;2.722421e-19
1.716587e+03;2.722406e-19
1.716687e+03;2.722390e-19
1.716787e+03;2.722375e-19
1.716887e+03;2.722360e-19
1.716987e+03;2.722344e-19
1.717087e+03;2.722329e-19
1.717187e+03;2.722313e-19
1.717287e+03;2.722298e-19
1.717387e+03;2.722282e-19
1.717487e+03;2.722267e-19
1.717587e+03;2.722251e-19
1.717687e+03;2.722236e-19
1.717787e+03;2.722221e-19
1.717887e+03;2.722205e-19
1.717987e+03;2.722190e-19
1.718087e+03;2.722174e-19
1.718187e+03;2.722159e-19
1.718287e+03;2.722143e-19
1.718387e+03;2.722128e-19
1.718487e+03;2.722113e-19
1.718587e+03;2.722097e-19
1.718687e+03;2.722082e-19
1.718787e+03;2.722066e-19
1.718887e+03;2.722051e-19
1.718987e+03;2.722035e-19
1.719087e+03;2.722020e-19
1.719187e+03;2.722005e-19
1.719287e+03;2.721989e-19
1.719387e+03;2.721974e-19
1.719487e+03;2.721958e-19
1.719587e+03;2.721943e-19
1.719687e+03;2.721927e-19
1.719787e+03;2.721912e-19
1.719887e+03;2.721897e-19
1.719987e+03;2.721881e-19
1.720087e+03;2.721866e-19
1.720187e+03;2.721850e-19
1.720287e+03;2.721835e-19
1.720387e+03;2.721820e-19
1.720487e+03;2.721804e-19
1.720587e+03;2.721789e-19
1.720687e+03;2.721773e-19
1.720787e+03;2.721758e-19
1.720887e+03;2.721742e-19
1.720987e+03;2.721727e-19
1.721087e+03;2.721712e-19
1.721187e+03;2.721696e-19
1.721287e+03;2.721681e-19
1.721387e+03;2.721665e-19
1.721487e+03;2.721650e-19
1.721587e+03;2.721635e-19
1.721687e+03;2.721619e-19
1.721787e+03;2.721604e-19
1.721887e+03;2.721588e-19
1.721987e+03;2.721573e-19
1.722087e+03;2.721558e-19
1.722187e+03;2.721542e-19
1.722288e+03;2.721527e-19
1.722388e+03;2.721511e-19
1.722488e+03;2.721496e-19
1.722588e+03;2.721481e-19
1.722688e+03;2.721465e-19
1.722788e+03;2.721450e-19
1.722888e+03;2.721434e-19
1.722988e+03;2.721419e-19
1.723088e+03;2.721404e-19
1.723188e+03;2.721388e-19
1.723288e+03;2.721373e-19
1.723388e+03;2.721358e-19
1.723488e+03;2.721342e-19
1.723588e+03;2.721327e-19
1.723688e+03;2.721311e-19
1.723788e+03;2.721296e-19
1.723888e+03;2.721281e-19
1.723988e+03;2.721265e-19
1.724088e+03;2.721250e-19
1.724188e+03;2.721234e-19
1.724288e+03;2.721219e-19
1.724388e+03;2.721204e-19
1.724488e+03;2.721188e-19
1.724588e+03;2.721173e-19
1.724688e+03;2.721158e-19
1.724788e+03;2.721142e-19
1.724888e+03;2.721127e-19
1.724988e+03;2.721112e-19
1.725088e+03;2.721096e-19
1.725188e+03;2.721081e-19
1.725288e+03;2.721065e-19
1.725388e+03;2.721050e-19
1.725488e+03;2.721035e-19
1.725588e+03;2.721019e-19
1.725688e+03;2.721004e-19
1.725788e+03;2.720989e-19
1.725888e+03;2.720973e-19
1.725988e+03;2.720958e-19
1.726088e+03;2.720942e-19
1.726188e+03;2.720927e-19
1.726288e+03;2.720912e-19
1.726388e+03;2.720896e-19
1.726488e+03;2.720881e-19
1.726588e+03;2.720866e-19
1.726688e+03;2.720850e-19
1.726788e+03;2.720835e-19
1.726888e+03;2.720820e-19
1.726988e+03;2.720804e-19
1.727088e+03;2.720789e-19
1.727188e+03;2.720774e-19
1.727288e+03;2.720758e-19
1.727388e+03;2.720743e-19
1.727488e+03;2.720728e-19
1.727588e+03;2.720712e-19
1.727688e+03;2.720697e-19
1.727788e+03;2.720682e-19
1.727888e+03;2.720666e-19
1.727988e+03;2.720651e-19
1.728088e+03;2.720636e-19
1.728188e+03;2.720620e-19
1.728288e+03;2.720605e-19
1.728388e+03;2.720589e-19
1.728488e+03;2.720574e-19
1.728588e+03;2.720559e-19
1.728688e+03;2.720543e-19
1.728788e+03;2.720528e-19
1.728888e+03;2.720513e-19
1.728988e+03;2.720497e-19
1.729088e+03;2.720482e-19
1.729188e+03;2.720467e-19
1.729288e+03;2.720451e-19
1.729388e+03;2.720436e-19
1.729488e+03;2.720421e-19
1.729588e+03;2.720406e-19
1.729688e+03;2.720390e-19
1.729788e+03;2.720375e-19
1.729888e+03;2.720360e-19
1.729988e+03;2.720344e-19
1.730088e+03;2.720329e-19
1.730188e+03;2.720314e-19
1.730288e+03;2.720298e-19
1.730388e+03;2.720283e-19
1.730488e+03;2.720268e-19
1.730588e+03;2.720252e-19
1.730688e+03;2.720237e-19
1.730788e+03;2.720222e-19
1.730888e+03;2.720206e-19
1.730988e+03;2.720191e-19
1.731088e+03;2.720176e-19
1.731188e+03;2.720160e-19
1.731288e+03;2.720145e-19
1.731388e+03;2.720130e-19
1.731488e+03;2.720114e-19
1.731588e+03;2.720099e-19
1.731688e+03;2.720084e-19
1.731788e+03;2.720069e-19
1.731888e+03;2.720053e-19
1.731988e+03;2.720038e-19
1.732088e+03;2.720023e-19
1.732188e+03;2.720007e-19
1.732288e+03;2.719992e-19
1.732388e+03;2.719977e-19
1.732488e+03;2.719961e-19
1.732588e+03;2.719946e-19
1.732688e+03;2.719931e-19
1.732788e+03;2.719916e-19
1.732888e+03;2.719900e-19
1.732988e+03;2.719885e-19
1.733088e+03;2.719870e-19
1.733188e+03;2.719854e-19
1.733288e+03;2.719839e-19
1.733388e+03;2.719824e-19
1.733488e+03;2.719809e-19
1.733588e+03;2.719793e-19
1.733688e+03;2.719778e-19
1.733788e+03;2.719763e-19
1.733888e+03;2.719747e-19
1.733988e+03;2.719732e-19
1.734088e+03;2.719717e-19
1.734188e+03;2.719702e-19
1.734288e+03;2.719686e-19
1.734388e+03;2.719671e-19
1.734488e+03;2.719656e-19
1.734588e+03;2.719640e-19
1.734688e+03;2.719625e-19
1.734788e+03;2.719610e-19
1.734888e+03;2.719595e-19
1.734988e+03;2.719579e-19
1.735088e+03;2.719564e-19
1.735188e+03;2.719549e-19
1.735288e+03;2.719533e-19
1.735388e+03;2.719518e-19
1.735488e+03;2.719503e-19
1.735588e+03;2.719488e-19
1.735688e+03;2.719472e-19
1.735788e+03;2.719457e-19
1.735888e+03;2.719442e-19
1.735988e+03;2.719427e-19
1.736088e+03;2.719411e-19
1.736188e+03;2.719396e-19
1.736288e+03;2.719381e-19
1.736388e+03;2.719366e-19
1.736488e+03;2.719350e-19
1.736588e+03;2.719335e-19
1.736688e+03;2.719320e-19
1.736788e+03;2.719305e-19
1.736888e+03;2.719289e-19
1.736988e+03;2.719274e-19
1.737088e+03;2.719259e-19
1.737188e+03;2.719243e-19
1.737288e+03;2.719228e-19
1.737388e+03;2.719213e-19
1.737488e+03;2.719198e-19
1.737588e+03;2.719182e-19
1.737688e+03;2.719167e-19
1.737788e+03;2.719152e-19
1.737888e+03;2.719137e-19
1.737988e+03;2.719121e-19
1.738088e+03;2.719106e-19
1.738188e+03;2.719091e-19
1.738288e+03;2.719076e-19
1.738388e+03;2.719061e-19
1.738488e+03;2.719045e-19
1.738588e+03;2.719030e-19
1.738688e+03;2.719015e-19
1.738788e+03;2.719000e-19
1.738888e+03;2.718984e-19
1.738988e+03;2.718969e-19
1.739088e+03;2.718954e-19
1.739188e+03;2.718939e-19
1.739288e+03;2.718923e-19
1.739388e+03;2.718908e-19
1.739488e+03;2.718893e-19
1.739588e+03;2.718878e-19
1.739688e+03;2.718862e-19
1.739788e+03;2.718847e-19
1.739888e+03;2.718832e-19
1.739988e+03;2.718817e-19
1.740088e+03;2.718802e-19
1.740188e+03;2.718786e-19
1.740288e+03;2.718771e-19
1.740388e+03;2.718756e-19
1.740488e+03;2.718741e-19
1.740588e+03;2.718725e-19
1.740688e+03;2.718710e-19
1.740788e+03;2.718695e-19
1.740888e+03;2.718680e-19
1.740988e+03;2.718665e-19
1.741088e+03;2.718649e-19
1.741188e+03;2.718634e-19
1.741288e+03;2.718619e-19
1.741388e+03;2.718604e-19
1.741488e+03;2.718588e-19
1.741588e+03;2.718573e-19
1.741688e+03;2.718558e-19
1.741788e+03;2.718543e-19
1.741888e+03;2.718528e-19
1.741988e+03;2.718512e-19
1.742088e+03;2.718497e-19
1.742188e+03;2.718482e-19
1.742288e+03;2.718467e-19
1.742388e+03;2.718452e-19
1.742488e+03;2.718436e-19
1.742588e+03;2.718421e-19
1.742688e+03;2.718406e-19
1.742788e+03;2.718391e-19
1.742888e+03;2.718376e-19
1.742988e+03;2.718360e-19
1.743088e+03;2.718345e-19
1.743188e+03;2.718330e-19
1.743288e+03;2.718315e-19
1.743388e+03;2.718300e-19
1.743488e+03;2.718284e-19
1.743588e+03;2.718269e-19
1.743688e+03;2.718254e-19
1.743788e+03;2.718239e-19
1.743888e+03;2.718224e-19
1.743988e+03;2.718208e-19
1.744088e+03;2.718193e-19
1.744188e+03;2.718178e-19
1.744288e+03;2.718163e-19
1.744388e+03;2.718148e-19
1.744489e+03;2.718132e-19
1.744589e+03;2.718117e-19
1.744689e+03;2.718102e-19
1.744789e+03;2.718087e-19
1.744889e+03;2.718072e-19
1.744989e+03;2.718057e-19
1.745089e+03;2.718041e-19
1.745189e+03;2.718026e-19
1.745289e+03;2.718011e-19
1.745389e+03;2.717996e-19
1.745489e+03;2.717981e-19
1.745589e+03;2.717965e-19
1.745689e+03;2.717950e-19
1.745789e+03;2.717935e-19
1.745889e+03;2.717920e-19
1.745989e+03;2.717905e-19
1.746089e+03;2.717890e-19
1.746189e+03;2.717874e-19
1.746289e+03;2.717859e-19
1.746389e+03;2.717844e-19
1.746489e+03;2.717829e-19
1.746589e+03;2.717814e-19
1.746689e+03;2.717799e-19
1.746789e+03;2.717783e-19
1.746889e+03;2.717768e-19
1.746989e+03;2.717753e-19
1.747089e+03;2.717738e-19
1.747189e+03;2.717723e-19
1.747289e+03;2.717708e-19
1.747389e+03;2.717692e-19
1.747489e+03;2.717677e-19
1.747589e+03;2.717662e-19
1.747689e+03;2.717647e-19
1.747789e+03;2.717632e-19
1.747889e+03;2.717617e-19
1.747989e+03;2.717602e-19
1.748089e+03;2.717586e-19
1.748189e+03;2.717571e-19
1.748289e+03;2.717556e-19
1.748389e+03;2.717541e-19
1.748489e+03;2.717526e-19
1.748589e+03;2.717511e-19
1.748689e+03;2.717496e-19
1.748789e+03;2.717480e-19
1.748889e+03;2.717465e-19
1.748989e+03;2.717450e-19
1.749089e+03;2.717435e-19
1.749189e+03;2.717420e-19
1.749289e+03;2.717405e-19
1.749389e+03;2.717390e-19
1.749489e+03;2.717374e-19
1.749589e+03;2.717359e-19
1.749689e+03;2.717344e-19
1.749789e+03;2.717329e-19
1.749889e+03;2.717314e-19
1.749989e+03;2.717299e-19
1.750089e+03;2.717284e-19
1.750189e+03;2.717268e-19
1.750289e+03;2.717253e-19
1.750389e+03;2.717238e-19
1.750489e+03;2.717223e-19
1.750589e+03;2.717208e-19
1.750689e+03;2.717193e-19
1.750789e+03;2.717178e-19
1.750889e+03;2.717163e-19
1.750989e+03;2.717147e-19
1.751089e+03;2.717132e-19
1.751189e+03;2.717117e-19
1.751289e+03;2.717102e-19
1.751389e+03;2.717087e-19
1.751489e+03;2.717072e-19
1.751589e+03;2.717057e-19
1.751689e+03;2.717042e-19
1.751789e+03;2.717026e-19
1.751889e+03;2.717011e-19
1.751989e+03;2.716996e-19
1.752089e+03;2.716981e-19
1.752189e+03;2.716966e-19
1.752289e+03;2.716951e-19
1.752389e+03;2.716936e-19
1.752489e+03;2.716921e-19
1.752589e+03;2.716906e-19
1.752689e+03;2.716890e-19
1.752789e+03;2.716875e-19
1.752889e+03;2.716860e-19
1.752989e+03;2.716845e-19
1.753089e+03;2.716830e-19
1.753189e+03;2.716815e-19
1.753289e+03;2.716800e-19
1.753389e+03;2.716785e-19
1.753489e+03;2.716770e-19
1.753589e+03;2.716754e-19
1.753689e+03;2.716739e-19
1.753789e+03;2.716724e-19
1.753889e+03;2.716709e-19
1.753989e+03;2.716694e-19
1.754089e+03;2.716679e-19
1.754189e+03;2.716664e-19
1.754289e+03;2.716649e-19
1.754389e+03;2.716634e-19
1.754489e+03;2.716619e-19
1.754589e+03;2.716603e-19
1.754689e+03;2.716588e-19
1.754789e+03;2.716573e-19
1.754889e+03;2.716558e-19
1.754989e+03;2.716543e-19
1.755089e+03;2.716528e-19
1.755189e+03;2.716513e-19
1.755289e+03;2.716498e-19
1.755389e+03;2.716483e-19
1.755489e+03;2.716468e-19
1.755589e+03;2.716453e-19
1.755689e+03;2.716438e-19
1.755789e+03;2.716422e-19
1.755889e+03;2.716407e-19
1.755989e+03;2.716392e-19
1.756089e+03;2.716377e-19
1.756189e+03;2.716362e-19
1.756289e+03;2.716347e-19
1.756389e+03;2.716332e-19
1.756489e+03;2.716317e-19
1.756589e+03;2.716302e-19
1.756689e+03;2.716287e-19
1.756789e+03;2.716272e-19
1.756889e+03;2.716257e-19
1.756989e+03;2.716242e-19
1.757089e+03;2.716227e-19
1.757189e+03;2.716211e-19
1.757289e+03;2.716196e-19
1.757389e+03;2.716181e-19
1.757489e+03;2.716166e-19
1.757589e+03;2.716151e-19
1.757689e+03;2.716136e-19
1.757789e+03;2.716121e-19
1.757889e+03;2.716106e-19
1.757989e+03;2.716091e-19
1.758089e+03;2.716076e-19
1.758189e+03;2.716061e-19
1.758289e+03;2.716046e-19
1.758389e+03;2.716031e-19
1.758489e+03;2.716016e-19
1.758589e+03;2.716001e-19
1.758689e+03;2.715986e-19
1.758789e+03;2.715970e-19
1.758889e+03;2.715955e-19
1.758989e+03;2.715940e-19
1.759089e+03;2.715925e-19
1.759189e+03;2.715910e-19
1.759289e+03;2.715895e-19
1.759389e+03;2.715880e-19
1.759489e+03;2.715865e-19
1.759589e+03;2.715850e-19
1.759689e+03;2.715835e-19
1.759789e+03;2.715820e-19
1.759889e+03;2.715805e-19
1.759989e+03;2.715790e-19
1.760089e+03;2.715775e-19
1.760189e+03;2.715760e-19
1.760289e+03;2.715745e-19
1.760389e+03;2.715730e-19
1.760489e+03;2.715715e-19
1.760589e+03;2.715700e-19
1.760689e+03;2.715685e-19
1.760789e+03;2.715670e-19
1.760889e+03;2.715655e-19
1.760989e+03;2.715640e-19
1.761089e+03;2.715625e-19
1.761189e+03;2.715609e-19
1.761289e+03;2.715594e-19
1.761389e+03;2.715579e-19
1.761489e+03;2.715564e-19
1.761589e+03;2.715549e-19
1.761689e+03;2.715534e-19
1.761789e+03;2.715519e-19
1.761889e+03;2.715504e-19
1.761989e+03;2.715489e-19
1.762089e+03;2.715474e-19
1.762189e+03;2.715459e-19
1.762289e+03;2.715444e-19
1.762389e+03;2.715429e-19
1.762489e+03;2.715414e-19
1.762589e+03;2.715399e-19
1.762689e+03;2.715384e-19
1.762789e+03;2.715369e-19
1.762889e+03;2.715354e-19
1.762989e+03;2.715339e-19
1.763089e+03;2.715324e-19
1.763189e+03;2.715309e-19
1.763289e+03;2.715294e-19
1.763389e+03;2.715279e-19
1.763489e+03;2.715264e-19
1.763589e+03;2.715249e-19
1.763689e+03;2.715234e-19
1.763789e+03;2.715219e-19
1.763889e+03;2.715204e-19
1.763989e+03;2.715189e-19
1.764089e+03;2.715174e-19
1.764189e+03;2.715159e-19
1.764289e+03;2.715144e-19
1.764389e+03;2.715129e-19
1.764489e+03;2.715114e-19
1.764589e+03;2.715099e-19
1.764689e+03;2.715084e-19
1.764789e+03;2.715069e-19
1.764889e+03;2.715054e-19
1.764989e+03;2.715039e-19
1.765089e+03;2.715024e-19
1.765189e+03;2.715009e-19
1.765289e+03;2.714994e-19
1.765389e+03;2.714979e-19
1.765489e+03;2.714964e-19
1.765589e+03;2.714949e-19
1.765689e+03;2.714934e-19
1.765789e+03;2.714919e-19
1.765889e+03;2.714904e-19
1.765989e+03;2.714889e-19
1.766089e+03;2.714874e-19
1.766189e+03;2.714859e-19
1.766289e+03;2.714844e-19
1.766389e+03;2.714829e-19
1.766489e+03;2.714814e-19
1.766589e+03;2.714799e-19
1.766690e+03;2.714784e-19
1.766790e+03;2.714769e-19
1.766890e+03;2.714754e-19
1.766990e+03;2.714739e-19
1.767090e+03;2.714724e-19
1.767190e+03;2.714709e-19
1.767290e+03;2.714694e-19
1.767390e+03;2.714679e-19
1.767490e+03;2.714664e-19
1.767590e+03;2.714649e-19
1.767690e+03;2.714634e-19
1.767790e+03;2.714619e-19
1.767890e+03;2.714604e-19
1.767990e+03;2.714590e-19
1.768090e+03;2.714575e-19
1.768190e+03;2.714560e-19
1.768290e+03;2.714545e-19
1.768390e+03;2.714530e-19
1.768490e+03;2.714515e-19
1.768590e+03;2.714500e-19
1.768690e+03;2.714485e-19
1.768790e+03;2.714470e-19
1.768890e+03;2.714455e-19
1.768990e+03;2.714440e-19
1.769090e+03;2.714425e-19
1.769190e+03;2.714410e-19
1.769290e+03;2.714395e-19
1.769390e+03;2.714380e-19
1.769490e+03;2.714365e-19
1.769590e+03;2.714350e-19
1.769690e+03;2.714335e-19
1.769790e+03;2.714320e-19
1.769890e+03;2.714305e-19
1.769990e+03;2.714290e-19
1.770090e+03;2.714275e-19
1.770190e+03;2.714260e-19
1.770290e+03;2.714245e-19
1.770390e+03;2.714231e-19
1.770490e+03;2.714216e-19
1.770590e+03;2.714201e-19
1.770690e+03;2.714186e-19
1.770790e+03;2.714171e-19
1.770890e+03;2.714156e-19
1.770990e+03;2.714141e-19
1.771090e+03;2.714126e-19
1.771190e+03;2.714111e-19
1.771290e+03;2.714096e-19
1.771390e+03;2.714081e-19
1.771490e+03;2.714066e-19
1.771590e+03;2.714051e-19
1.771690e+03;2.714036e-19
1.771790e+03;2.714021e-19
1.771890e+03;2.714006e-19
1.771990e+03;2.713991e-19
1.772090e+03;2.713977e-19
1.772190e+03;2.713962e-19
1.772290e+03;2.713947e-19
1.772390e+03;2.713932e-19
1.772490e+03;2.713917e-19
1.772590e+03;2.713902e-19
1.772690e+03;2.713887e-19
1.772790e+03;2.713872e-19
1.772890e+03;2.713857e-19
1.772990e+03;2.713842e-19
1.773090e+03;2.713827e-19
1.773190e+03;2.713812e-19
1.773290e+03;2.713797e-19
1.773390e+03;2.713783e-19
1.773490e+03;2.713768e-19
1.773590e+03;2.713753e-19
1.773690e+03;2.713738e-19
1.773790e+03;2.713723e-19
1.773890e+03;2.713708e-19
1.773990e+03;2.713693e-19
1.774090e+03;2.713678e-19
1.774190e+03;2.713663e-19
1.774290e+03;2.713648e-19
1.774390e+03;2.713633e-19
1.774490e+03;2.713618e-19
1.774590e+03;2.713604e-19
1.774690e+03;2.713589e-19
1.774790e+03;2.713574e-19
1.774890e+03;2.713559e-19
1.774990e+03;2.713544e-19
1.775090e+03;2.713529e-19
1.775190e+03;2.713514e-19
1.775290e+03;2.713499e-19
1.775390e+03;2.713484e-19
1.775490e+03;2.713469e-19
1.775590e+03;2.713455e-19
1.775690e+03;2.713440e-19
1.775790e+03;2.713425e-19
1.775890e+03;2.713410e-19
1.775990e+03;2.713395e-19
1.776090e+03;2.713380e-19
1.776190e+03;2.713365e-19
1.776290e+03;2.713350e-19
1.776390e+03;2.713335e-19
1.776490e+03;2.713320e-19
1.776590e+03;2.713306e-19
1.776690e+03;2.713291e-19
1.776790e+03;2.713276e-19
1.776890e+03;2.713261e-19
1.776990e+03;2.713246e-19
1.777090e+03;2.713231e-19
1.777190e+03;2.713216e-19
1.777290e+03;2.713201e-19
1.777390e+03;2.713186e-19
1.777490e+03;2.713172e-19
1.777590e+03;2.713157e-19
1.777690e+03;2.713142e-19
1.777790e+03;2.713127e-19
1.777890e+03;2.713112e-19
1.777990e+03;2.713097e-19
1.778090e+03;2.713082e-19
1.778190e+03;2.713067e-19
1.778290e+03;2.713053e-19
1.778390e+03;2.713038e-19
1.778490e+03;2.713023e-19
1.778590e+03;2.713008e-19
1.778690e+03;2.712993e-19
1.778790e+03;2.712978e-19
1.778890e+03;2.712963e-19
1.778990e+03;2.712948e-19
1.779090e+03;2.712934e-19
1.779190e+03;2.712919e-19
1.779290e+03;2.712904e-19
1.779390e+03;2.712889e-19
1.779490e+03;2.712874e-19
1.779590e+03;2.712859e-19
1.779690e+03;2.712844e-19
1.779790e+03;2.712830e-19
1.779890e+03;2.712815e-19
1.779990e+03;2.712800e-19
1.780090e+03;2.712785e-19
1.780190e+03;2.712770e-19
1.780290e+03;2.712755e-19
1.780390e+03;2.712740e-19
1.780490e+03;2.712726e-19
1.780590e+03;2.712711e-19
1.780690e+03;2.712696e-19
1.780790e+03;2.712681e-19
1.780890e+03;2.712666e-19
1.780990e+03;2.712651e-19
1.781090e+03;2.712636e-19
1.781190e+03;2.712622e-19
1.781290e+03;2.712607e-19
1.781390e+03;2.712592e-19
1.781490e+03;2.712577e-19
1.781590e+03;2.712562e-19
1.781690e+03;2.712547e-19
1.781790e+03;2.712532e-19
1.781890e+03;2.712518e-19
1.781990e+03;2.712503e-19
1.782090e+03;2.712488e-19
1.782190e+03;2.712473e-19
1.782290e+03;2.712458e-19
1.782390e+03;2.712443e-19
1.782490e+03;2.712429e-19
1.782590e+03;2.712414e-19
1.782690e+03;2.712399e-19
1.782790e+03;2.712384e-19
1.782890e+03;2.712369e-19
1.782990e+03;2.712354e-19
1.783090e+03;2.712340e-19
1.783190e+03;2.712325e-19
1.783290e+03;2.712310e-19
1.783390e+03;2.712295e-19
1.783490e+03;2.712280e-19
1.783590e+03;2.712265e-19
1.783690e+03;2.712251e-19
1.783790e+03;2.712236e-19
1.783890e+03;2.712221e-19
1.783990e+03;2.712206e-19
1.784090e+03;2.712191e-19
1.784190e+03;2.712176e-19
1.784290e+03;2.712162e-19
1.784390e+03;2.712147e-19
1.784490e+03;2.712132e-19
1.784590e+03;2.712117e-19
1.784690e+03;2.712102e-19
1.784790e+03;2.712088e-19
1.784890e+03;2.712073e-19
1.784990e+03;2.712058e-19
1.785090e+03;2.712043e-19
1.785190e+03;2.712028e-19
1.785290e+03;2.712013e-19
1.785390e+03;2.711999e-19
1.785490e+03;2.711984e-19
1.785590e+03;2.711969e-19
1.785690e+03;2.711954e-19
1.785790e+03;2.711939e-19
1.785890e+03;2.711925e-19
1.785990e+03;2.711910e-19
1.786090e+03;2.711895e-19
1.786190e+03;2.711880e-19
1.786290e+03;2.711865e-19
1.786390e+03;2.711851e-19
1.786490e+03;2.711836e-19
1.786590e+03;2.711821e-19
1.786690e+03;2.711806e-19
1.786790e+03;2.711791e-19
1.786890e+03;2.711777e-19
1.786990e+03;2.711762e-19
1.787090e+03;2.711747e-19
1.787190e+03;2.711732e-19
1.787290e+03;2.711717e-19
1.787390e+03;2.711703e-19
1.787490e+03;2.711688e-19
1.787590e+03;2.711673e-19
1.787690e+03;2.711658e-19
1.787790e+03;2.711643e-19
1.787890e+03;2.711629e-19
1.787990e+03;2.711614e-19
1.788090e+03;2.711599e-19
1.788190e+03;2.711584e-19
1.788290e+03;2.711569e-19
1.788390e+03;2.711555e-19
1.788490e+03;2.711540e-19
1.788590e+03;2.711525e-19
1.788690e+03;2.711510e-19
1.788790e+03;2.711496e-19
1.788891e+03;2.711481e-19
1.788991e+03;2.711466e-19
1.789091e+03;2.711451e-19
1.789191e+03;2.711436e-19
1.789291e+03;2.711422e-19
1.789391e+03;2.711407e-19
1.789491e+03;2.711392e-19
1.789591e+03;2.711377e-19
1.789691e+03;2.711363e-19
1.789791e+03;2.711348e-19
1.789891e+03;2.711333e-19
1.789991e+03;2.711318e-19
1.790091e+03;2.711303e-19
1.790191e+03;2.711289e-19
1.790291e+03;2.711274e-19
1.790391e+03;2.711259e-19
1.790491e+03;2.711244e-19
1.790591e+03;2.711230e-19
1.790691e+03;2.711215e-19
1.790791e+03;2.711200e-19
1.790891e+03;2.711185e-19
1.790991e+03;2.711171e-19
1.791091e+03;2.711156e-19
1.791191e+03;2.711141e-19
1.791291e+03;2.711126e-19
1.791391e+03;2.711112e-19
1.791491e+03;2.711097e-19
1.791591e+03;2.711082e-19
1.791691e+03;2.711067e-19
1.791791e+03;2.711053e-19
1.791891e+03;2.711038e-19
1.791991e+03;2.711023e-19
1.792091e+03;2.711008e-19
1.792191e+03;2.710993e-19
1.792291e+03;2.710979e-19
1.792391e+03;2.710964e-19
1.792491e+03;2.710949e-19
1.792591e+03;2.710934e-19
1.792691e+03;2.710920e-19
1.792791e+03;2.710905e-19
1.792891e+03;2.710890e-19
1.792991e+03;2.710876e-19
1.793091e+03;2.710861e-19
1.793191e+03;2.710846e-19
1.793291e+03;2.710831e-19
1.793391e+03;2.710817e-19
1.793491e+03;2.710802e-19
1.793591e+03;2.710787e-19
1.793691e+03;2.710772e-19
1.793791e+03;2.710758e-19
1.793891e+03;2.710743e-19
1.793991e+03;2.710728e-19
1.794091e+03;2.710713e-19
1.794191e+03;2.710699e-19
1.794291e+03;2.710684e-19
1.794391e+03;2.710669e-19
1.794491e+03;2.710654e-19
1.794591e+03;2.710640e-19
1.794691e+03;2.710625e-19
1.794791e+03;2.710610e-19
1.794891e+03;2.710596e-19
1.794991e+03;2.710581e-19
1.795091e+03;2.710566e-19
1.795191e+03;2.710551e-19
1.795291e+03;2.710537e-19
1.795391e+03;2.710522e-19
1.795491e+03;2.710507e-19
1.795591e+03;2.710492e-19
1.795691e+03;2.710478e-19
1.795791e+03;2.710463e-19
1.795891e+03;2.710448e-19
1.795991e+03;2.710434e-19
1.796091e+03;2.710419e-19
1.796191e+03;2.710404e-19
1.796291e+03;2.710389e-19
1.796391e+03;2.710375e-19
1.796491e+03;2.710360e-19
1.796591e+03;2.710345e-19
1.796691e+03;2.710331e-19
1.796791e+03;2.710316e-19
1.796891e+03;2.710301e-19
1.796991e+03;2.710286e-19
1.797091e+03;2.710272e-19
1.797191e+03;2.710257e-19
1.797291e+03;2.710242e-19
1.797391e+03;2.710228e-19
1.797491e+03;2.710213e-19
1.797591e+03;2.710198e-19
1.797691e+03;2.710183e-19
1.797791e+03;2.710169e-19
1.797891e+03;2.710154e-19
1.797991e+03;2.710139e-19
1.798091e+03;2.710125e-19
1.798191e+03;2.710110e-19
1.798291e+03;2.710095e-19
1.798391e+03;2.710081e-19
1.798491e+03;2.710066e-19
1.798591e+03;2.710051e-19
1.798691e+03;2.710037e-19
1.798791e+03;2.710022e-19
1.798891e+03;2.710007e-19
1.798991e+03;2.709992e-19
1.799091e+03;2.709978e-19
1.799191e+03;2.709963e-19
1.799291e+03;2.709948e-19
1.799391e+03;2.709934e-19
1.799491e+03;2.709919e-19
1.799591e+03;2.709904e-19
1.799691e+03;2.709890e-19
1.799791e+03;2.709875e-19
1.799891e+03;2.709860e-19
1.799991e+03;2.709846e-19
1.800091e+03;2.709831e-19
1.800191e+03;2.709816e-19
1.800291e+03;2.709802e-19
1.800391e+03;2.709787e-19
1.800491e+03;2.709772e-19
1.800591e+03;2.709757e-19
1.800691e+03;2.709743e-19
1.800791e+03;2.709728e-19
1.800891e+03;2.709713e-19
1.800991e+03;2.709699e-19
1.801091e+03;2.709684e-19
1.801191e+03;2.709669e-19
1.801291e+03;2.709655e-19
1.801391e+03;2.709640e-19
1.801491e+03;2.709625e-19
1.801591e+03;2.709611e-19
1.801691e+03;2.709596e-19
1.801791e+03;2.709581e-19
1.801891e+03;2.709567e-19
1.801991e+03;2.709552e-19
1.802091e+03;2.709537e-19
1.802191e+03;2.709523e-19
1.802291e+03;2.709508e-19
1.802391e+03;2.709493e-19
1.802491e+03;2.709479e-19
1.802591e+03;2.709464e-19
1.802691e+03;2.709449e-19
1.802791e+03;2.709435e-19
1.802891e+03;2.709420e-19
1.802991e+03;2.709405e-19
1.803091e+03;2.709391e-19
1.803191e+03;2.709376e-19
1.803291e+03;2.709362e-19
1.803391e+03;2.709347e-19
1.803491e+03;2.709332e-19
1.803591e+03;2.709318e-19
1.803691e+03;2.709303e-19
1.803791e+03;2.709288e-19
1.803891e+03;2.709274e-19
1.803991e+03;2.709259e-19
1.804091e+03;2.709244e-19
1.804191e+03;2.709230e-19
1.804291e+03;2.709215e-19
1.804391e+03;2.709200e-19
1.804491e+03;2.709186e-19
1.804591e+03;2.709171e-19
1.804691e+03;2.709156e-19
1.804791e+03;2.709142e-19
1.804891e+03;2.709127e-19
1.804991e+03;2.709113e-19
1.805091e+03;2.709098e-19
1.805191e+03;2.709083e-19
1.805291e+03;2.709069e-19
1.805391e+03;2.709054e-19
1.805491e+03;2.709039e-19
1.805591e+03;2.709025e-19
1.805691e+03;2.709010e-19
1.805791e+03;2.708995e-19
1.805891e+03;2.708981e-19
1.805991e+03;2.708966e-19
1.806091e+03;2.708952e-19
1.806191e+03;2.708937e-19
1.806291e+03;2.708922e-19
1.806391e+03;2.708908e-19
1.806491e+03;2.708893e-19
1.806591e+03;2.708878e-19
1.806691e+03;2.708864e-19
1.806791e+03;2.708849e-19
1.806891e+03;2.708835e-19
1.806991e+03;2.708820e-19
1.807091e+03;2.708805e-19
1.807191e+03;2.708791e-19
1.807291e+03;2.708776e-19
1.807391e+03;2.708761e-19
1.807491e+03;2.708747e-19
1.807591e+03;2.708732e-19
1.807691e+03;2.708718e-19
1.807791e+03;2.708703e-19
1.807891e+03;2.708688e-19
1.807991e+03;2.708674e-19
1.808091e+03;2.708659e-19
1.808191e+03;2.708645e-19
1.808291e+03;2.708630e-19
1.808391e+03;2.708615e-19
1.808491e+03;2.708601e-19
1.808591e+03;2.708586e-19
1.808691e+03;2.708571e-19
1.808791e+03;2.708557e-19
1.808891e+03;2.708542e-19
1.808991e+03;2.708528e-19
1.809091e+03;2.708513e-19
1.809191e+03;2.708498e-19
1.809291e+03;2.708484e-19
1.809391e+03;2.708469e-19
1.809491e+03;2.708455e-19
1.809591e+03;2.708440e-19
1.809691e+03;2.708425e-19
1.809791e+03;2.708411e-19
1.809891e+03;2.708396e-19
1.809991e+03;2.708382e-19
1.810091e+03;2.708367e-19
1.810191e+03;2.708352e-19
1.810291e+03;2.708338e-19
1.810391e+03;2.708323e-19
1.810491e+03;2.708309e-19
1.810591e+03;2.708294e-19
1.810691e+03;2.708280e-19
1.810791e+03;2.708265e-19
1.810891e+03;2.708250e-19
1.810991e+03;2.708236e-19
1.811091e+03;2.708221e-19
1.811192e+03;2.708207e-19
1.811292e+03;2.708192e-19
1.811392e+03;2.708177e-19
1.811492e+03;2.708163e-19
1.811592e+03;2.708148e-19
1.811692e+03;2.708134e-19
1.811792e+03;2.708119e-19
1.811892e+03;2.708104e-19
1.811992e+03;2.708090e-19
1.812092e+03;2.708075e-19
1.812192e+03;2.708061e-19
1.812292e+03;2.708046e-19
1.812392e+03;2.708032e-19
1.812492e+03;2.708017e-19
1.812592e+03;2.708002e-19
1.812692e+03;2.707988e-19
1.812792e+03;2.707973e-19
1.812892e+03;2.707959e-19
1.812992e+03;2.707944e-19
1.813092e+03;2.707930e-19
1.813192e+03;2.707915e-19
1.813292e+03;2.707900e-19
1.813392e+03;2.707886e-19
1.813492e+03;2.707871e-19
1.813592e+03;2.707857e-19
1.813692e+03;2.707842e-19
1.813792e+03;2.707828e-19
1.813892e+03;2.707813e-19
1.813992e+03;2.707799e-19
1.814092e+03;2.707784e-19
1.814192e+03;2.707769e-19
1.814292e+03;2.707755e-19
1.814392e+03;2.707740e-19
1.814492e+03;2.707726e-19
1.814592e+03;2.707711e-19
1.814692e+03;2.707697e-19
1.814792e+03;2.707682e-19
1.814892e+03;2.707668e-19
1.814992e+03;2.707653e-19
1.815092e+03;2.707638e-19
1.815192e+03;2.707624e-19
1.815292e+03;2.707609e-19
1.815392e+03;2.707595e-19
1.815492e+03;2.707580e-19
1.815592e+03;2.707566e-19
1.815692e+03;2.707551e-19
1.815792e+03;2.707537e-19
1.815892e+03;2.707522e-19
1.815992e+03;2.707507e-19
1.816092e+03;2.707493e-19
1.816192e+03;2.707478e-19
1.816292e+03;2.707464e-19
1.816392e+03;2.707449e-19
1.816492e+03;2.707435e-19
1.816592e+03;2.707420e-19
1.816692e+03;2.707406e-19
1.816792e+03;2.707391e-19
1.816892e+03;2.707377e-19
1.816992e+03;2.707362e-19
1.817092e+03;2.707348e-19
1.817192e+03;2.707333e-19
1.817292e+03;2.707318e-19
1.817392e+03;2.707304e-19
1.817492e+03;2.707289e-19
1.817592e+03;2.707275e-19
1.817692e+03;2.707260e-19
1.817792e+03;2.707246e-19
1.817892e+03;2.707231e-19
1.817992e+03;2.707217e-19
1.818092e+03;2.707202e-19
1.818192e+03;2.707188e-19
1.818292e+03;2.707173e-19
1.818392e+03;2.707159e-19
1.818492e+03;2.707144e-19
1.818592e+03;2.707130e-19
1.818692e+03;2.707115e-19
1.818792e+03;2.707101e-19
1.818892e+03;2.707086e-19
1.818992e+03;2.707072e-19
1.819092e+03;2.707057e-19
1.819192e+03;2.707043e-19
1.819292e+03;2.707028e-19
1.819392e+03;2.707013e-19
1.819492e+03;2.706999e-19
1.819592e+03;2.706984e-19
1.819692e+03;2.706970e-19
1.819792e+03;2.706955e-19
1.819892e+03;2.706941e-19
1.819992e+03;2.706926e-19
1.820092e+03;2.706912e-19
1.820192e+03;2.706897e-19
1.820292e+03;2.706883e-19
1.820392e+03;2.706868e-19
1.820492e+03;2.706854e-19
1.820592e+03;2.706839e-19
1.820692e+03;2.706825e-19
1.820792e+03;2.706810e-19
1.820892e+03;2.706796e-19
1.820992e+03;2.706781e-19
1.821092e+03;2.706767e-19
1.821192e+03;2.706752e-19
1.821292e+03;2.706738e-19
1.821392e+03;2.706723e-19
1.821492e+03;2.706709e-19
1.821592e+03;2.706694e-19
1.821692e+03;2.706680e-19
1.821792e+03;2.706665e-19
1.821892e+03;2.706651e-19
1.821992e+03;2.706636e-19
1.822092e+03;2.706622e-19
1.822192e+03;2.706607e-19
1.822292e+03;2.706593e-19
1.822392e+03;2.706578e-19
1.822492e+03;2.706564e-19
1.822592e+03;2.706549e-19
1.822692e+03;2.706535e-19
1.822792e+03;2.706520e-19
1.822892e+03;2.706506e-19
1.822992e+03;2.706492e-19
1.823092e+03;2.706477e-19
1.823192e+03;2.706463e-19
1.823292e+03;2.706448e-19
1.823392e+03;2.706434e-19
1.823492e+03;2.706419e-19
1.823592e+03;2.706405e-19
1.823692e+03;2.706390e-19
1.823792e+03;2.706376e-19
1.823892e+03;2.706361e-19
1.823992e+03;2.706347e-19
1.824092e+03;2.706332e-19
1.824192e+03;2.706318e-19
1.824292e+03;2.706303e-19
1.824392e+03;2.706289e-19
1.824492e+03;2.706274e-19
1.824592e+03;2.706260e-19
1.824692e+03;2.706245e-19
1.824792e+03;2.706231e-19
1.824892e+03;2.706216e-19
1.824992e+03;2.706202e-19
1.825092e+03;2.706188e-19
1.825192e+03;2.706173e-19
1.825292e+03;2.706159e-19
1.825392e+03;2.706144e-19
1.825492e+03;2.706130e-19
1.825592e+03;2.706115e-19
1.825692e+03;2.706101e-19
1.825792e+03;2.706086e-19
1.825892e+03;2.706072e-19
1.825992e+03;2.706057e-19
1.826092e+03;2.706043e-19
1.826192e+03;2.706028e-19
1.826292e+03;2.706014e-19
1.826392e+03;2.706000e-19
1.826492e+03;2.705985e-19
1.826592e+03;2.705971e-19
1.826692e+03;2.705956e-19
1.826792e+03;2.705942e-19
1.826892e+03;2.705927e-19
1.826992e+03;2.705913e-19
1.827092e+03;2.705898e-19
1.827192e+03;2.705884e-19
1.827292e+03;2.705869e-19
1.827392e+03;2.705855e-19
1.827492e+03;2.705841e-19
1.827592e+03;2.705826e-19
1.827692e+03;2.705812e-19
1.827792e+03;2.705797e-19
1.827892e+03;2.705783e-19
1.827992e+03;2.705768e-19
1.828092e+03;2.705754e-19
1.828192e+03;2.705740e-19
1.828292e+03;2.705725e-19
1.828392e+03;2.705711e-19
1.828492e+03;2.705696e-19
1.828592e+03;2.705682e-19
1.828692e+03;2.705667e-19
1.828792e+03;2.705653e-19
1.828892e+03;2.705638e-19
1.828992e+03;2.705624e-19
1.829092e+03;2.705610e-19
1.829192e+03;2.705595e-19
1.829292e+03;2.705581e-19
1.829392e+03;2.705566e-19
1.829492e+03;2.705552e-19
1.829592e+03;2.705537e-19
1.829692e+03;2.705523e-19
1.829792e+03;2.705509e-19
1.829892e+03;2.705494e-19
1.829992e+03;2.705480e-19
1.830092e+03;2.705465e-19
1.830192e+03;2.705451e-19
1.830292e+03;2.705436e-19
1.830392e+03;2.705422e-19
1.830492e+03;2.705408e-19
1.830592e+03;2.705393e-19
1.830692e+03;2.705379e-19
1.830792e+03;2.705364e-19
1.830892e+03;2.705350e-19
1.830992e+03;2.705336e-19
1.831092e+03;2.705321e-19
1.831192e+03;2.705307e-19
1.831292e+03;2.705292e-19
1.831392e+03;2.705278e-19
1.831492e+03;2.705263e-19
1.831592e+03;2.705249e-19
1.831692e+03;2.705235e-19
1.831792e+03;2.705220e-19
1.831892e+03;2.705206e-19
1.831992e+03;2.705191e-19
1.832092e+03;2.705177e-19
1.832192e+03;2.705163e-19
1.832292e+03;2.705148e-19
1.832392e+03;2.705134e-19
1.832492e+03;2.705119e-19
1.832592e+03;2.705105e-19
1.832692e+03;2.705091e-19
1.832792e+03;2.705076e-19
1.832892e+03;2.705062e-19
1.832992e+03;2.705047e-19
1.833092e+03;2.705033e-19
1.833192e+03;2.705019e-19
1.833292e+03;2.705004e-19
1.833393e+03;2.704990e-19
1.833493e+03;2.704975e-19
1.833593e+03;2.704961e-19
1.833693e+03;2.704947e-19
1.833793e+03;2.704932e-19
1.833893e+03;2.704918e-19
1.833993e+03;2.704903e-19
1.834093e+03;2.704889e-19
1.834193e+03;2.704875e-19
1.834293e+03;2.704860e-19
1.834393e+03;2.704846e-19
1.834493e+03;2.704832e-19
1.834593e+03;2.704817e-19
1.834693e+03;2.704803e-19
1.834793e+03;2.704788e-19
1.834893e+03;2.704774e-19
1.834993e+03;2.704760e-19
1.835093e+03;2.704745e-19
1.835193e+03;2.704731e-19
1.835293e+03;2.704716e-19
1.835393e+03;2.704702e-19
1.835493e+03;2.704688e-19
1.835593e+03;2.704673e-19
1.835693e+03;2.704659e-19
1.835793e+03;2.704645e-19
1.835893e+03;2.704630e-19
1.835993e+03;2.704616e-19
1.836093e+03;2.704601e-19
1.836193e+03;2.704587e-19
1.836293e+03;2.704573e-19
1.836393e+03;2.704558e-19
1.836493e+03;2.704544e-19
1.836593e+03;2.704530e-19
1.836693e+03;2.704515e-19
1.836793e+03;2.704501e-19
1.836893e+03;2.704486e-19
1.836993e+03;2.704472e-19
1.837093e+03;2.704458e-19
1.837193e+03;2.704443e-19
1.837293e+03;2.704429e-19
1.837393e+03;2.704415e-19
1.837493e+03;2.704400e-19
1.837593e+03;2.704386e-19
1.837693e+03;2.704372e-19
1.837793e+03;2.704357e-19
1.837893e+03;2.704343e-19
1.837993e+03;2.704329e-19
1.838093e+03;2.704314e-19
1.838193e+03;2.704300e-19
1.838293e+03;2.704285e-19
1.838393e+03;2.704271e-19
1.838493e+03;2.704257e-19
1.838593e+03;2.704242e-19
1.838693e+03;2.704228e-19
1.838793e+03;2.704214e-19
1.838893e+03;2.704199e-19
1.838993e+03;2.704185e-19
1.839093e+03;2.704171e-19
1.839193e+03;2.704156e-19
1.839293e+03;2.704142e-19
1.839393e+03;2.704128e-19
1.839493e+03;2.704113e-19
1.839593e+03;2.704099e-19
1.839693e+03;2.704085e-19
1.839793e+03;2.704070e-19
1.839893e+03;2.704056e-19
1.839993e+03;2.704042e-19
1.840093e+03;2.704027e-19
1.840193e+03;2.704013e-19
1.840293e+03;2.703999e-19
1.840393e+03;2.703984e-19
1.840493e+03;2.703970e-19
1.840593e+03;2.703956e-19
1.840693e+03;2.703941e-19
1.840793e+03;2.703927e-19
1.840893e+03;2.703913e-19
1.840993e+03;2.703898e-19
1.841093e+03;2.703884e-19
1.841193e+03;2.703870e-19
1.841293e+03;2.703855e-19
1.841393e+03;2.703841e-19
1.841493e+03;2.703827e-19
1.841593e+03;2.703812e-19
1.841693e+03;2.703798e-19
1.841793e+03;2.703784e-19
1.841893e+03;2.703769e-19
1.841993e+03;2.703755e-19
1.842093e+03;2.703741e-19
1.842193e+03;2.703726e-19
1.842293e+03;2.703712e-19
1.842393e+03;2.703698e-19
1.842493e+03;2.703683e-19
1.842593e+03;2.703669e-19
1.842693e+03;2.703655e-19
1.842793e+03;2.703640e-19
1.842893e+03;2.703626e-19
1.842993e+03;2.703612e-19
1.843093e+03;2.703597e-19
1.843193e+03;2.703583e-19
1.843293e+03;2.703569e-19
1.843393e+03;2.703554e-19
1.843493e+03;2.703540e-19
1.843593e+03;2.703526e-19
1.843693e+03;2.703512e-19
1.843793e+03;2.703497e-19
1.843893e+03;2.703483e-19
1.843993e+03;2.703469e-19
1.844093e+03;2.703454e-19
1.844193e+03;2.703440e-19
1.844293e+03;2.703426e-19
1.844393e+03;2.703411e-19
1.844493e+03;2.703397e-19
1.844593e+03;2.703383e-19
1.844693e+03;2.703368e-19
1.844793e+03;2.703354e-19
1.844893e+03;2.703340e-19
1.844993e+03;2.703326e-19
1.845093e+03;2.703311e-19
1.845193e+03;2.703297e-19
1.845293e+03;2.703283e-19
1.845393e+03;2.703268e-19
1.845493e+03;2.703254e-19
1.845593e+03;2.703240e-19
1.845693e+03;2.703226e-19
1.845793e+03;2.703211e-19
1.845893e+03;2.703197e-19
1.845993e+03;2.703183e-19
1.846093e+03;2.703168e-19
1.846193e+03;2.703154e-19
1.846293e+03;2.703140e-19
1.846393e+03;2.703125e-19
1.846493e+03;2.703111e-19
1.846593e+03;2.703097e-19
1.846693e+03;2.703083e-19
1.846793e+03;2.703068e-19
1.846893e+03;2.703054e-19
1.846993e+03;2.703040e-19
1.847093e+03;2.703026e-19
1.847193e+03;2.703011e-19
1.847293e+03;2.702997e-19
1.847393e+03;2.702983e-19
1.847493e+03;2.702968e-19
1.847593e+03;2.702954e-19
1.847693e+03;2.702940e-19
1.847793e+03;2.702926e-19
1.847893e+03;2.702911e-19
1.847993e+03;2.702897e-19
1.848093e+03;2.702883e-19
1.848193e+03;2.702868e-19
1.848293e+03;2.702854e-19
1.848393e+03;2.702840e-19
1.848493e+03;2.702826e-19
1.848593e+03;2.702811e-19
1.848693e+03;2.702797e-19
1.848793e+03;2.702783e-19
1.848893e+03;2.702769e-19
1.848993e+03;2.702754e-19
1.849093e+03;2.702740e-19
1.849193e+03;2.702726e-19
1.849293e+03;2.702712e-19
1.849393e+03;2.702697e-19
1.849493e+03;2.702683e-19
1.849593e+03;2.702669e-19
1.849693e+03;2.702654e-19
1.849793e+03;2.702640e-19
1.849893e+03;2.702626e-19
1.849993e+03;2.702612e-19
1.850093e+03;2.702597e-19
1.850193e+03;2.702583e-19
1.850293e+03;2.702569e-19
1.850393e+03;2.702555e-19
1.850493e+03;2.702540e-19
1.850593e+03;2.702526e-19
1.850693e+03;2.702512e-19
1.850793e+03;2.702498e-19
1.850893e+03;2.702483e-19
1.850993e+03;2.702469e-19
1.851093e+03;2.702455e-19
1.851193e+03;2.702441e-19
1.851293e+03;2.702426e-19
1.851393e+03;2.702412e-19
1.851493e+03;2.702398e-19
1.851593e+03;2.702384e-19
1.851693e+03;2.702369e-19
1.851793e+03;2.702355e-19
1.851893e+03;2.702341e-19
1.851993e+03;2.702327e-19
1.852093e+03;2.702313e-19
1.852193e+03;2.702298e-19
1.852293e+03;2.702284e-19
1.852393e+03;2.702270e-19
1.852493e+03;2.702256e-19
1.852593e+03;2.702241e-19
1.852693e+03;2.702227e-19
1.852793e+03;2.702213e-19
1.852893e+03;2.702199e-19
1.852993e+03;2.702184e-19
1.853093e+03;2.702170e-19
1.853193e+03;2.702156e-19
1.853293e+03;2.702142e-19
1.853393e+03;2.702127e-19
1.853493e+03;2.702113e-19
1.853593e+03;2.702099e-19
1.853693e+03;2.702085e-19
1.853793e+03;2.702071e-19
1.853893e+03;2.702056e-19
1.853993e+03;2.702042e-19
1.854093e+03;2.702028e-19
1.854193e+03;2.702014e-19
1.854293e+03;2.701999e-19
1.854393e+03;2.701985e-19
1.854493e+03;2.701971e-19
1.854593e+03;2.701957e-19
1.854693e+03;2.701943e-19
1.854793e+03;2.701928e-19
1.854893e+03;2.701914e-19
1.854993e+03;2.701900e-19
1.855093e+03;2.701886e-19
1.855193e+03;2.701871e-19
1.855293e+03;2.701857e-19
1.855393e+03;2.701843e-19
1.855493e+03;2.701829e-19
1.855594e+03;2.701815e-19
1.855694e+03;2.701800e-19
1.855794e+03;2.701786e-19
1.855894e+03;2.701772e-19
1.855994e+03;2.701758e-19
1.856094e+03;2.701744e-19
1.856194e+03;2.701729e-19
1.856294e+03;2.701715e-19
1.856394e+03;2.701701e-19
1.856494e+03;2.701687e-19
1.856594e+03;2.701673e-19
1.856694e+03;2.701658e-19
1.856794e+03;2.701644e-19
1.856894e+03;2.701630e-19
1.856994e+03;2.701616e-19
1.857094e+03;2.701602e-19
1.857194e+03;2.701587e-19
1.857294e+03;2.701573e-19
1.857394e+03;2.701559e-19
1.857494e+03;2.701545e-19
1.857594e+03;2.701531e-19
1.857694e+03;2.701516e-19
1.857794e+03;2.701502e-19
1.857894e+03;2.701488e-19
1.857994e+03;2.701474e-19
1.858094e+03;2.701460e-19
1.858194e+03;2.701445e-19
1.858294e+03;2.701431e-19
1.858394e+03;2.701417e-19
1.858494e+03;2.701403e-19
1.858594e+03;2.701389e-19
1.858694e+03;2.701375e-19
1.858794e+03;2.701360e-19
1.858894e+03;2.701346e-19
1.858994e+03;2.701332e-19
1.859094e+03;2.701318e-19
1.859194e+03;2.701304e-19
1.859294e+03;2.701289e-19
1.859394e+03;2.701275e-19
1.859494e+03;2.701261e-19
1.859594e+03;2.701247e-19
1.859694e+03;2.701233e-19
1.859794e+03;2.701219e-19
1.859894e+03;2.701204e-19
1.859994e+03;2.701190e-19
1.860094e+03;2.701176e-19
1.860194e+03;2.701162e-19
1.860294e+03;2.701148e-19
1.860394e+03;2.701133e-19
1.860494e+03;2.701119e-19
1.860594e+03;2.701105e-19
1.860694e+03;2.701091e-19
1.860794e+03;2.701077e-19
1.860894e+03;2.701063e-19
1.860994e+03;2.701048e-19
1.861094e+03;2.701034e-19
1.861194e+03;2.701020e-19
1.861294e+03;2.701006e-19
1.861394e+03;2.700992e-19
1.861494e+03;2.700978e-19
1.861594e+03;2.700964e-19
1.861694e+03;2.700949e-19
1.861794e+03;2.700935e-19
1.861894e+03;2.700921e-19
1.861994e+03;2.700907e-19
1.862094e+03;2.700893e-19
1.862194e+03;2.700879e-19
1.862294e+03;2.700864e-19
1.862394e+03;2.700850e-19
1.862494e+03;2.700836e-19
1.862594e+03;2.700822e-19
1.862694e+03;2.700808e-19
1.862794e+03;2.700794e-19
1.862894e+03;2.700779e-19
1.862994e+03;2.700765e-19
1.863094e+03;2.700751e-19
1.863194e+03;2.700737e-19
1.863294e+03;2.700723e-19
1.863394e+03;2.700709e-19
1.863494e+03;2.700695e-19
1.863594e+03;2.700680e-19
1.863694e+03;2.700666e-19
1.863794e+03;2.700652e-19
1.863894e+03;2.700638e-19
1.863994e+03;2.700624e-19
1.864094e+03;2.700610e-19
1.864194e+03;2.700596e-19
1.864294e+03;2.700581e-19
1.864394e+03;2.700567e-19
1.864494e+03;2.700553e-19
1.864594e+03;2.700539e-19
1.864694e+03;2.700525e-19
1.864794e+03;2.700511e-19
1.864894e+03;2.700497e-19
1.864994e+03;2.700483e-19
1.865094e+03;2.700468e-19
1.865194e+03;2.700454e-19
1.865294e+03;2.700440e-19
1.865394e+03;2.700426e-19
1.865494e+03;2.700412e-19
1.865594e+03;2.700398e-19
1.865694e+03;2.700384e-19
1.865794e+03;2.700369e-19
1.865894e+03;2.700355e-19
1.865994e+03;2.700341e-19
1.866094e+03;2.700327e-19
1.866194e+03;2.700313e-19
1.866294e+03;2.700299e-19
1.866394e+03;2.700285e-19
1.866494e+03;2.700271e-19
1.866594e+03;2.700256e-19
1.866694e+03;2.700242e-19
1.866794e+03;2.700228e-19
1.866894e+03;2.700214e-19
1.866994e+03;2.700200e-19
1.867094e+03;2.700186e-19
1.867194e+03;2.700172e-19
1.867294e+03;2.700158e-19
1.867394e+03;2.700144e-19
1.867494e+03;2.700129e-19
1.867594e+03;2.700115e-19
1.867694e+03;2.700101e-19
1.867794e+03;2.700087e-19
1.867894e+03;2.700073e-19
1.867994e+03;2.700059e-19
1.868094e+03;2.700045e-19
1.868194e+03;2.700031e-19
1.868294e+03;2.700017e-19
1.868394e+03;2.700002e-19
1.868494e+03;2.699988e-19
1.868594e+03;2.699974e-19
1.868694e+03;2.699960e-19
1.868794e+03;2.699946e-19
1.868894e+03;2.699932e-19
1.868994e+03;2.699918e-19
1.869094e+03;2.699904e-19
1.869194e+03;2.699890e-19
1.869294e+03;2.699876e-19
1.869394e+03;2.699861e-19
1.869494e+03;2.699847e-19
1.869594e+03;2.699833e-19
1.869694e+03;2.699819e-19
1.869794e+03;2.699805e-19
1.869894e+03;2.699791e-19
1.869994e+03;2.699777e-19
1.870094e+03;2.699763e-19
1.870194e+03;2.699749e-19
1.870294e+03;2.699735e-19
1.870394e+03;2.699720e-19
1.870494e+03;2.699706e-19
1.870594e+03;2.699692e-19
1.870694e+03;2.699678e-19
1.870794e+03;2.699664e-19
1.870894e+03;2.699650e-19
1.870994e+03;2.699636e-19
1.871094e+03;2.699622e-19
1.871194e+03;2.699608e-19
1.871294e+03;2.699594e-19
1.871394e+03;2.699580e-19
1.871494e+03;2.699566e-19
1.871594e+03;2.699551e-19
1.871694e+03;2.699537e-19
1.871794e+03;2.699523e-19
1.871894e+03;2.699509e-19
1.871994e+03;2.699495e-19
1.872094e+03;2.699481e-19
1.872194e+03;2.699467e-19
1.872294e+03;2.699453e-19
1.872394e+03;2.699439e-19
1.872494e+03;2.699425e-19
1.872594e+03;2.699411e-19
1.872694e+03;2.699397e-19
1.872794e+03;2.699383e-19
1.872894e+03;2.699369e-19
1.872994e+03;2.699354e-19
1.873094e+03;2.699340e-19
1.873194e+03;2.699326e-19
1.873294e+03;2.699312e-19
1.873394e+03;2.699298e-19
1.873494e+03;2.699284e-19
1.873594e+03;2.699270e-19
1.873694e+03;2.699256e-19
1.873794e+03;2.699242e-19
1.873894e+03;2.699228e-19
1.873994e+03;2.699214e-19
1.874094e+03;2.699200e-19
1.874194e+03;2.699186e-19
1.874294e+03;2.699172e-19
1.874394e+03;2.699158e-19
1.874494e+03;2.699144e-19
1.874594e+03;2.699129e-19
1.874694e+03;2.699115e-19
1.874794e+03;2.699101e-19
1.874894e+03;2.699087e-19
1.874994e+03;2.699073e-19
1.875094e+03;2.699059e-19
1.875194e+03;2.699045e-19
1.875294e+03;2.699031e-19
1.875394e+03;2.699017e-19
1.875494e+03;2.699003e-19
1.875594e+03;2.698989e-19
1.875694e+03;2.698975e-19
1.875794e+03;2.698961e-19
1.875894e+03;2.698947e-19
1.875994e+03;2.698933e-19
1.876094e+03;2.698919e-19
1.876194e+03;2.698905e-19
1.876294e+03;2.698891e-19
1.876394e+03;2.698877e-19
1.876494e+03;2.698863e-19
1.876594e+03;2.698848e-19
1.876694e+03;2.698834e-19
1.876794e+03;2.698820e-19
1.876894e+03;2.698806e-19
1.876994e+03;2.698792e-19
1.877094e+03;2.698778e-19
1.877194e+03;2.698764e-19
1.877294e+03;2.698750e-19
1.877394e+03;2.698736e-19
1.877494e+03;2.698722e-19
1.877594e+03;2.698708e-19
1.877694e+03;2.698694e-19
1.877795e+03;2.698680e-19
1.877895e+03;2.698666e-19
1.877995e+03;2.698652e-19
1.878095e+03;2.698638e-19
1.878195e+03;2.698624e-19
1.878295e+03;2.698610e-19
1.878395e+03;2.698596e-19
1.878495e+03;2.698582e-19
1.878595e+03;2.698568e-19
1.878695e+03;2.698554e-19
1.878795e+03;2.698540e-19
1.878895e+03;2.698526e-19
1.878995e+03;2.698512e-19
1.879095e+03;2.698498e-19
1.879195e+03;2.698484e-19
1.879295e+03;2.698470e-19
1.879395e+03;2.698456e-19
1.879495e+03;2.698442e-19
1.879595e+03;2.698428e-19
1.879695e+03;2.698414e-19
1.879795e+03;2.698400e-19
1.879895e+03;2.698386e-19
1.879995e+03;2.698372e-19
1.880095e+03;2.698358e-19
1.880195e+03;2.698344e-19
1.880295e+03;2.698330e-19
1.880395e+03;2.698316e-19
1.880495e+03;2.698302e-19
1.880595e+03;2.698288e-19
1.880695e+03;2.698274e-19
1.880795e+03;2.698260e-19
1.880895e+03;2.698246e-19
1.880995e+03;2.698232e-19
1.881095e+03;2.698218e-19
1.881195e+03;2.698204e-19
1.881295e+03;2.698190e-19
1.881395e+03;2.698176e-19
1.881495e+03;2.698162e-19
1.881595e+03;2.698148e-19
1.881695e+03;2.698134e-19
1.881795e+03;2.698120e-19
1.881895e+03;2.698106e-19
1.881995e+03;2.698092e-19
1.882095e+03;2.698078e-19
1.882195e+03;2.698064e-19
1.882295e+03;2.698050e-19
1.882395e+03;2.698036e-19
1.882495e+03;2.698022e-19
1.882595e+03;2.698008e-19
1.882695e+03;2.697994e-19
1.882795e+03;2.697980e-19
1.882895e+03;2.697966e-19
1.882995e+03;2.697952e-19
1.883095e+03;2.697938e-19
1.883195e+03;2.697924e-19
1.883295e+03;2.697910e-19
1.883395e+03;2.697896e-19
1.883495e+03;2.697882e-19
1.883595e+03;2.697868e-19
1.883695e+03;2.697854e-19
1.883795e+03;2.697840e-19
1.883895e+03;2.697826e-19
1.883995e+03;2.697812e-19
1.884095e+03;2.697798e-19
1.884195e+03;2.697784e-19
1.884295e+03;2.697770e-19
1.884395e+03;2.697756e-19
1.884495e+03;2.697742e-19
1.884595e+03;2.697728e-19
1.884695e+03;2.697714e-19
1.884795e+03;2.697700e-19
1.884895e+03;2.697686e-19
1.884995e+03;2.697672e-19
1.885095e+03;2.697658e-19
1.885195e+03;2.697644e-19
1.885295e+03;2.697630e-19
1.885395e+03;2.697616e-19
1.885495e+03;2.697602e-19
1.885595e+03;2.697588e-19
1.885695e+03;2.697574e-19
1.885795e+03;2.697560e-19
1.885895e+03;2.697546e-19
1.885995e+03;2.697532e-19
1.886095e+03;2.697518e-19
1.886195e+03;2.697504e-19
1.886295e+03;2.697490e-19
1.886395e+03;2.697476e-19
1.886495e+03;2.697463e-19
1.886595e+03;2.697449e-19
1.886695e+03;2.697435e-19
1.886795e+03;2.697421e-19
1.886895e+03;2.697407e-19
1.886995e+03;2.697393e-19
1.887095e+03;2.697379e-19
1.887195e+03;2.697365e-19
1.887295e+03;2.697351e-19
1.887395e+03;2.697337e-19
1.887495e+03;2.697323e-19
1.887595e+03;2.697309e-19
1.887695e+03;2.697295e-19
1.887795e+03;2.697281e-19
1.887895e+03;2.697267e-19
1.887995e+03;2.697253e-19
1.888095e+03;2.697239e-19
1.888195e+03;2.697225e-19
1.888295e+03;2.697211e-19
1.888395e+03;2.697197e-19
1.888495e+03;2.697183e-19
1.888595e+03;2.697170e-19
1.888695e+03;2.697156e-19
1.888795e+03;2.697142e-19
1.888895e+03;2.697128e-19
1.888995e+03;2.697114e-19
1.889095e+03;2.697100e-19
1.889195e+03;2.697086e-19
1.889295e+03;2.697072e-19
1.889395e+03;2.697058e-19
1.889495e+03;2.697044e-19
1.889595e+03;2.697030e-19
1.889695e+03;2.697016e-19
1.889795e+03;2.697002e-19
1.889895e+03;2.696988e-19
1.889995e+03;2.696974e-19
1.890095e+03;2.696960e-19
1.890195e+03;2.696947e-19
1.890295e+03;2.696933e-19
1.890395e+03;2.696919e-19
1.890495e+03;2.696905e-19
1.890595e+03;2.696891e-19
1.890695e+03;2.696877e-19
1.890795e+03;2.696863e-19
1.890895e+03;2.696849e-19
1.890995e+03;2.696835e-19
1.891095e+03;2.696821e-19
1.891195e+03;2.696807e-19
1.891295e+03;2.696793e-19
1.891395e+03;2.696779e-19
1.891495e+03;2.696766e-19
1.891595e+03;2.696752e-19
1.891695e+03;2.696738e-19
1.891795e+03;2.696724e-19
1.891895e+03;2.696710e-19
1.891995e+03;2.696696e-19
1.892095e+03;2.696682e-19
1.892195e+03;2.696668e-19
1.892295e+03;2.696654e-19
1.892395e+03;2.696640e-19
1.892495e+03;2.696626e-19
1.892595e+03;2.696612e-19
1.892695e+03;2.696599e-19
1.892795e+03;2.696585e-19
1.892895e+03;2.696571e-19
1.892995e+03;2.696557e-19
1.893095e+03;2.696543e-19
1.893195e+03;2.696529e-19
1.893295e+03;2.696515e-19
1.893395e+03;2.696501e-19
1.893495e+03;2.696487e-19
1.893595e+03;2.696473e-19
1.893695e+03;2.696459e-19
1.893795e+03;2.696446e-19
1.893895e+03;2.696432e-19
1.893995e+03;2.696418e-19
1.894095e+03;2.696404e-19
1.894195e+03;2.696390e-19
1.894295e+03;2.696376e-19
1.894395e+03;2.696362e-19
1.894495e+03;2.696348e-19
1.894595e+03;2.696334e-19
1.894695e+03;2.696320e-19
1.894795e+03;2.696307e-19
1.894895e+03;2.696293e-19
1.894995e+03;2.696279e-19
1.895095e+03;2.696265e-19
1.895195e+03;2.696251e-19
1.895295e+03;2.696237e-19
1.895395e+03;2.696223e-19
1.895495e+03;2.696209e-19
1.895595e+03;2.696195e-19
1.895695e+03;2.696182e-19
1.895795e+03;2.696168e-19
1.895895e+03;2.696154e-19
1.895995e+03;2.696140e-19
1.896095e+03;2.696126e-19
1.896195e+03;2.696112e-19
1.896295e+03;2.696098e-19
1.896395e+03;2.696084e-19
1.896495e+03;2.696070e-19
1.896595e+03;2.696057e-19
1.896695e+03;2.696043e-19
1.896795e+03;2.696029e-19
1.896895e+03;2.696015e-19
1.896995e+03;2.696001e-19
1.897095e+03;2.695987e-19
1.897195e+03;2.695973e-19
1.897295e+03;2.695959e-19
1.897395e+03;2.695946e-19
1.897495e+03;2.695932e-19
1.897595e+03;2.695918e-19
1.897695e+03;2.695904e-19
1.897795e+03;2.695890e-19
1.897895e+03;2.695876e-19
1.897995e+03;2.695862e-19
1.898095e+03;2.695848e-19
1.898195e+03;2.695835e-19
1.898295e+03;2.695821e-19
1.898395e+03;2.695807e-19
1.898495e+03;2.695793e-19
1.898595e+03;2.695779e-19
1.898695e+03;2.695765e-19
1.898795e+03;2.695751e-19
1.898895e+03;2.695738e-19
1.898995e+03;2.695724e-19
1.899095e+03;2.695710e-19
1.899195e+03;2.695696e-19
1.899295e+03;2.695682e-19
1.899395e+03;2.695668e-19
1.899495e+03;2.695654e-19
1.899595e+03;2.695641e-19
1.899695e+03;2.695627e-19
1.899795e+03;2.695613e-19
1.899895e+03;2.695599e-19
1.899995e+03;2.695585e-19
1.900096e+03;2.695571e-19
1.900196e+03;2.695557e-19
1.900296e+03;2.695544e-19
1.900396e+03;2.695530e-19
1.900496e+03;2.695516e-19
1.900596e+03;2.695502e-19
1.900696e+03;2.695488e-19
1.900796e+03;2.695474e-19
1.900896e+03;2.695460e-19
1.900996e+03;2.695447e-19
1.901096e+03;2.695433e-19
1.901196e+03;2.695419e-19
1.901296e+03;2.695405e-19
1.901396e+03;2.695391e-19
1.901496e+03;2.695377e-19
1.901596e+03;2.695364e-19
1.901696e+03;2.695350e-19
1.901796e+03;2.695336e-19
1.901896e+03;2.695322e-19
1.901996e+03;2.695308e-19
1.902096e+03;2.695294e-19
1.902196e+03;2.695281e-19
1.902296e+03;2.695267e-19
1.902396e+03;2.695253e-19
1.902496e+03;2.695239e-19
1.902596e+03;2.695225e-19
1.902696e+03;2.695211e-19
1.902796e+03;2.695198e-19
1.902896e+03;2.695184e-19
1.902996e+03;2.695170e-19
1.903096e+03;2.695156e-19
1.903196e+03;2.695142e-19
1.903296e+03;2.695128e-19
1.903396e+03;2.695115e-19
1.903496e+03;2.695101e-19
1.903596e+03;2.695087e-19
1.903696e+03;2.695073e-19
1.903796e+03;2.695059e-19
1.903896e+03;2.695045e-19
1.903996e+03;2.695032e-19
1.904096e+03;2.695018e-19
1.904196e+03;2.695004e-19
1.904296e+03;2.694990e-19
1.904396e+03;2.694976e-19
1.904496e+03;2.694963e-19
1.904596e+03;2.694949e-19
1.904696e+03;2.694935e-19
1.904796e+03;2.694921e-19
1.904896e+03;2.694907e-19
1.904996e+03;2.694893e-19
1.905096e+03;2.694880e-19
1.905196e+03;2.694866e-19
1.905296e+03;2.694852e-19
1.905396e+03;2.694838e-19
1.905496e+03;2.694824e-19
1.905596e+03;2.694811e-19
1.905696e+03;2.694797e-19
1.905796e+03;2.694783e-19
1.905896e+03;2.694769e-19
1.905996e+03;2.694755e-19
1.906096e+03;2.694742e-19
1.906196e+03;2.694728e-19
1.906296e+03;2.694714e-19
1.906396e+03;2.694700e-19
1.906496e+03;2.694686e-19
1.906596e+03;2.694673e-19
1.906696e+03;2.694659e-19
1.906796e+03;2.694645e-19
1.906896e+03;2.694631e-19
1.906996e+03;2.694617e-19
1.907096e+03;2.694604e-19
1.907196e+03;2.694590e-19
1.907296e+03;2.694576e-19
1.907396e+03;2.694562e-19
1.907496e+03;2.694548e-19
1.907596e+03;2.694535e-19
1.907696e+03;2.694521e-19
1.907796e+03;2.694507e-19
1.907896e+03;2.694493e-19
1.907996e+03;2.694479e-19
1.908096e+03;2.694466e-19
1.908196e+03;2.694452e-19
1.908296e+03;2.694438e-19
1.908396e+03;2.694424e-19
1.908496e+03;2.694410e-19
1.908596e+03;2.694397e-19
1.908696e+03;2.694383e-19
1.908796e+03;2.694369e-19
1.908896e+03;2.694355e-19
1.908996e+03;2.694342e-19
1.909096e+03;2.694328e-19
1.909196e+03;2.694314e-19
1.909296e+03;2.694300e-19
1.909396e+03;2.694286e-19
1.909496e+03;2.694273e-19
1.909596e+03;2.694259e-19
1.909696e+03;2.694245e-19
1.909796e+03;2.694231e-19
1.909896e+03;2.694217e-19
1.909996e+03;2.694204e-19
1.910096e+03;2.694190e-19
1.910196e+03;2.694176e-19
1.910296e+03;2.694162e-19
1.910396e+03;2.694149e-19
1.910496e+03;2.694135e-19
1.910596e+03;2.694121e-19
1.910696e+03;2.694107e-19
1.910796e+03;2.694094e-19
1.910896e+03;2.694080e-19
1.910996e+03;2.694066e-19
1.911096e+03;2.694052e-19
1.911196e+03;2.694038e-19
1.911296e+03;2.694025e-19
1.911396e+03;2.694011e-19
1.911496e+03;2.693997e-19
1.911596e+03;2.693983e-19
1.911696e+03;2.693970e-19
1.911796e+03;2.693956e-19
1.911896e+03;2.693942e-19
1.911996e+03;2.693928e-19
1.912096e+03;2.693915e-19
1.912196e+03;2.693901e-19
1.912296e+03;2.693887e-19
1.912396e+03;2.693873e-19
1.912496e+03;2.693860e-19
1.912596e+03;2.693846e-19
1.912696e+03;2.693832e-19
1.912796e+03;2.693818e-19
1.912896e+03;2.693805e-19
1.912996e+03;2.693791e-19
1.913096e+03;2.693777e-19
1.913196e+03;2.693763e-19
1.913296e+03;2.693750e-19
1.913396e+03;2.693736e-19
1.913496e+03;2.693722e-19
1.913596e+03;2.693708e-19
1.913696e+03;2.693695e-19
1.913796e+03;2.693681e-19
1.913896e+03;2.693667e-19
1.913996e+03;2.693653e-19
1.914096e+03;2.693640e-19
1.914196e+03;2.693626e-19
1.914296e+03;2.693612e-19
1.914396e+03;2.693598e-19
1.914496e+03;2.693585e-19
1.914596e+03;2.693571e-19
1.914696e+03;2.693557e-19
1.914796e+03;2.693543e-19
1.914896e+03;2.693530e-19
1.914996e+03;2.693516e-19
1.915096e+03;2.693502e-19
1.915196e+03;2.693488e-19
1.915296e+03;2.693475e-19
1.915396e+03;2.693461e-19
1.915496e+03;2.693447e-19
1.915596e+03;2.693434e-19
1.915696e+03;2.693420e-19
1.915796e+03;2.693406e-19
1.915896e+03;2.693392e-19
1.915996e+03;2.693379e-19
1.916096e+03;2.693365e-19
1.916196e+03;2.693351e-19
1.916296e+03;2.693337e-19
1.916396e+03;2.693324e-19
1.916496e+03;2.693310e-19
1.916596e+03;2.693296e-19
1.916696e+03;2.693282e-19
1.916796e+03;2.693269e-19
1.916896e+03;2.693255e-19
1.916996e+03;2.693241e-19
1.917096e+03;2.693228e-19
1.917196e+03;2.693214e-19
1.917296e+03;2.693200e-19
1.917396e+03;2.693186e-19
1.917496e+03;2.693173e-19
1.917596e+03;2.693159e-19
1.917696e+03;2.693145e-19
1.917796e+03;2.693132e-19
1.917896e+03;2.693118e-19
1.917996e+03;2.693104e-19
1.918096e+03;2.693090e-19
1.918196e+03;2.693077e-19
1.918296e+03;2.693063e-19
1.918396e+03;2.693049e-19
1.918496e+03;2.693036e-19
1.918596e+03;2.693022e-19
1.918696e+03;2.693008e-19
1.918796e+03;2.692994e-19
1.918896e+03;2.692981e-19
1.918996e+03;2.692967e-19
1.919096e+03;2.692953e-19
1.919196e+03;2.692940e-19
1.919296e+03;2.692926e-19
1.919396e+03;2.692912e-19
1.919496e+03;2.692899e-19
1.919596e+03;2.692885e-19
1.919696e+03;2.692871e-19
1.919796e+03;2.692857e-19
1.919896e+03;2.692844e-19
1.919996e+03;2.692830e-19
1.920096e+03;2.692816e-19
1.920196e+03;2.692803e-19
1.920296e+03;2.692789e-19
1.920396e+03;2.692775e-19
1.920496e+03;2.692762e-19
1.920596e+03;2.692748e-19
1.920696e+03;2.692734e-19
1.920796e+03;2.692720e-19
1.920896e+03;2.692707e-19
1.920996e+03;2.692693e-19
1.921096e+03;2.692679e-19
1.921196e+03;2.692666e-19
1.921296e+03;2.692652e-19
1.921396e+03;2.692638e-19
1.921496e+03;2.692625e-19
1.921596e+03;2.692611e-19
1.921696e+03;2.692597e-19
1.921796e+03;2.692584e-19
1.921896e+03;2.692570e-19
1.921996e+03;2.692556e-19
1.922096e+03;2.692543e-19
1.922196e+03;2.692529e-19
1.922297e+03;2.692515e-19
1.922397e+03;2.692502e-19
1.922497e+03;2.692488e-19
1.922597e+03;2.692474e-19
1.922697e+03;2.692460e-19
1.922797e+03;2.692447e-19
1.922897e+03;2.692433e-19
1.922997e+03;2.692419e-19
1.923097e+03;2.692406e-19
1.923197e+03;2.692392e-19
1.923297e+03;2.692378e-19
1.923397e+03;2.692365e-19
1.923497e+03;2.692351e-19
1.923597e+03;2.692337e-19
1.923697e+03;2.692324e-19
1.923797e+03;2.692310e-19
1.923897e+03;2.692296e-19
1.923997e+03;2.692283e-19
1.924097e+03;2.692269e-19
1.924197e+03;2.692255e-19
1.924297e+03;2.692242e-19
1.924397e+03;2.692228e-19
1.924497e+03;2.692214e-19
1.924597e+03;2.692201e-19
1.924697e+03;2.692187e-19
1.924797e+03;2.692173e-19
1.924897e+03;2.692160e-19
1.924997e+03;2.692146e-19
1.925097e+03;2.692132e-19
1.925197e+03;2.692119e-19
1.925297e+03;2.692105e-19
1.925397e+03;2.692091e-19
1.925497e+03;2.692078e-19
1.925597e+03;2.692064e-19
1.925697e+03;2.692050e-19
1.925797e+03;2.692037e-19
1.925897e+03;2.692023e-19
1.925997e+03;2.692010e-19
1.926097e+03;2.691996e-19
1.926197e+03;2.691982e-19
1.926297e+03;2.691969e-19
1.926397e+03;2.691955e-19
1.926497e+03;2.691941e-19
1.926597e+03;2.691928e-19
1.926697e+03;2.691914e-19
1.926797e+03;2.691900e-19
1.926897e+03;2.691887e-19
1.926997e+03;2.691873e-19
1.927097e+03;2.691859e-19
1.927197e+03;2.691846e-19
1.927297e+03;2.691832e-19
1.927397e+03;2.691818e-19
1.927497e+03;2.691805e-19
1.927597e+03;2.691791e-19
1.927697e+03;2.691778e-19
1.927797e+03;2.691764e-19
1.927897e+03;2.691750e-19
1.927997e+03;2.691737e-19
1.928097e+03;2.691723e-19
1.928197e+03;2.691709e-19
1.928297e+03;2.691696e-19
1.928397e+03;2.691682e-19
1.928497e+03;2.691668e-19
1.928597e+03;2.691655e-19
1.928697e+03;2.691641e-19
1.928797e+03;2.691628e-19
1.928897e+03;2.691614e-19
1.928997e+03;2.691600e-19
1.929097e+03;2.691587e-19
1.929197e+03;2.691573e-19
1.929297e+03;2.691559e-19
1.929397e+03;2.691546e-19
1.929497e+03;2.691532e-19
1.929597e+03;2.691519e-19
1.929697e+03;2.691505e-19
1.929797e+03;2.691491e-19
1.929897e+03;2.691478e-19
1.929997e+03;2.691464e-19
1.930097e+03;2.691450e-19
1.930197e+03;2.691437e-19
1.930297e+03;2.691423e-19
1.930397e+03;2.691410e-19
1.930497e+03;2.691396e-19
1.930597e+03;2.691382e-19
1.930697e+03;2.691369e-19
1.930797e+03;2.691355e-19
1.930897e+03;2.691341e-19
1.930997e+03;2.691328e-19
1.931097e+03;2.691314e-19
1.931197e+03;2.691301e-19
1.931297e+03;2.691287e-19
1.931397e+03;2.691273e-19
1.931497e+03;2.691260e-19
1.931597e+03;2.691246e-19
1.931697e+03;2.691233e-19
1.931797e+03;2.691219e-19
1.931897e+03;2.691205e-19
1.931997e+03;2.691192e-19
1.932097e+03;2.691178e-19
1.932197e+03;2.691165e-19
1.932297e+03;2.691151e-19
1.932397e+03;2.691137e-19
1.932497e+03;2.691124e-19
1.932597e+03;2.691110e-19
1.932697e+03;2.691097e-19
1.932797e+03;2.691083e-19
1.932897e+03;2.691069e-19
1.932997e+03;2.691056e-19
1.933097e+03;2.691042e-19
1.933197e+03;2.691029e-19
1.933297e+03;2.691015e-19
1.933397e+03;2.691001e-19
1.933497e+03;2.690988e-19
1.933597e+03;2.690974e-19
1.933697e+03;2.690961e-19
1.933797e+03;2.690947e-19
1.933897e+03;2.690933e-19
1.933997e+03;2.690920e-19
1.934097e+03;2.690906e-19
1.934197e+03;2.690893e-19
1.934297e+03;2.690879e-19
1.934397e+03;2.690865e-19
1.934497e+03;2.690852e-19
1.934597e+03;2.690838e-19
1.934697e+03;2.690825e-19
1.934797e+03;2.690811e-19
1.934897e+03;2.690797e-19
1.934997e+03;2.690784e-19
1.935097e+03;2.690770e-19
1.935197e+03;2.690757e-19
1.935297e+03;2.690743e-19
1.935397e+03;2.690730e-19
1.935497e+03;2.690716e-19
1.935597e+03;2.690702e-19
1.935697e+03;2.690689e-19
1.935797e+03;2.690675e-19
1.935897e+03;2.690662e-19
1.935997e+03;2.690648e-19
1.936097e+03;2.690635e-19
1.936197e+03;2.690621e-19
1.936297e+03;2.690607e-19
1.936397e+03;2.690594e-19
1.936497e+03;2.690580e-19
1.936597e+03;2.690567e-19
1.936697e+03;2.690553e-19
1.936797e+03;2.690540e-19
1.936897e+03;2.690526e-19
1.936997e+03;2.690512e-19
1.937097e+03;2.690499e-19
1.937197e+03;2.690485e-19
1.937297e+03;2.690472e-19
1.937397e+03;2.690458e-19
1.937497e+03;2.690445e-19
1.937597e+03;2.690431e-19
1.937697e+03;2.690417e-19
1.937797e+03;2.690404e-19
1.937897e+03;2.690390e-19
1.937997e+03;2.690377e-19
1.938097e+03;2.690363e-19
1.938197e+03;2.690350e-19
1.938297e+03;2.690336e-19
1.938397e+03;2.690322e-19
1.938497e+03;2.690309e-19
1.938597e+03;2.690295e-19
1.938697e+03;2.690282e-19
1.938797e+03;2.690268e-19
1.938897e+03;2.690255e-19
1.938997e+03;2.690241e-19
1.939097e+03;2.690228e-19
1.939197e+03;2.690214e-19
1.939297e+03;2.690200e-19
1.939397e+03;2.690187e-19
1.939497e+03;2.690173e-19
1.939597e+03;2.690160e-19
1.939697e+03;2.690146e-19
1.939797e+03;2.690133e-19
1.939897e+03;2.690119e-19
1.939997e+03;2.690106e-19
1.940097e+03;2.690092e-19
1.940197e+03;2.690079e-19
1.940297e+03;2.690065e-19
1.940397e+03;2.690051e-19
1.940497e+03;2.690038e-19
1.940597e+03;2.690024e-19
1.940697e+03;2.690011e-19
1.940797e+03;2.689997e-19
1.940897e+03;2.689984e-19
1.940997e+03;2.689970e-19
1.941097e+03;2.689957e-19
1.941197e+03;2.689943e-19
1.941297e+03;2.689930e-19
1.941397e+03;2.689916e-19
1.941497e+03;2.689903e-19
1.941597e+03;2.689889e-19
1.941697e+03;2.689875e-19
1.941797e+03;2.689862e-19
1.941897e+03;2.689848e-19
1.941997e+03;2.689835e-19
1.942097e+03;2.689821e-19
1.942197e+03;2.689808e-19
1.942297e+03;2.689794e-19
1.942397e+03;2.689781e-19
1.942497e+03;2.689767e-19
1.942597e+03;2.689754e-19
1.942697e+03;2.689740e-19
1.942797e+03;2.689727e-19
1.942897e+03;2.689713e-19
1.942997e+03;2.689700e-19
1.943097e+03;2.689686e-19
1.943197e+03;2.689673e-19
1.943297e+03;2.689659e-19
1.943397e+03;2.689646e-19
1.943497e+03;2.689632e-19
1.943597e+03;2.689618e-19
1.943697e+03;2.689605e-19
1.943797e+03;2.689591e-19
1.943897e+03;2.689578e-19
1.943997e+03;2.689564e-19
1.944097e+03;2.689551e-19
1.944197e+03;2.689537e-19
1.944297e+03;2.689524e-19
1.944397e+03;2.689510e-19
1.944498e+03;2.689497e-19
1.944598e+03;2.689483e-19
1.944698e+03;2.689470e-19
1.944798e+03;2.689456e-19
1.944898e+03;2.689443e-19
1.944998e+03;2.689429e-19
1.945098e+03;2.689416e-19
1.945198e+03;2.689402e-19
1.945298e+03;2.689389e-19
1.945398e+03;2.689375e-19
1.945498e+03;2.689362e-19
1.945598e+03;2.689348e-19
1.945698e+03;2.689335e-19
1.945798e+03;2.689321e-19
1.945898e+03;2.689308e-19
1.945998e+03;2.689294e-19
1.946098e+03;2.689281e-19
1.946198e+03;2.689267e-19
1.946298e+03;2.689254e-19
1.946398e+03;2.689240e-19
1.946498e+03;2.689227e-19
1.946598e+03;2.689213e-19
1.946698e+03;2.689200e-19
1.946798e+03;2.689186e-19
1.946898e+03;2.689173e-19
1.946998e+03;2.689159e-19
1.947098e+03;2.689146e-19
1.947198e+03;2.689132e-19
1.947298e+03;2.689119e-19
1.947398e+03;2.689105e-19
1.947498e+03;2.689092e-19
1.947598e+03;2.689078e-19
1.947698e+03;2.689065e-19
1.947798e+03;2.689051e-19
1.947898e+03;2.689038e-19
1.947998e+03;2.689024e-19
1.948098e+03;2.689011e-19
1.948198e+03;2.688997e-19
1.948298e+03;2.688984e-19
1.948398e+03;2.688970e-19
1.948498e+03;2.688957e-19
1.948598e+03;2.688943e-19
1.948698e+03;2.688930e-19
1.948798e+03;2.688916e-19
1.948898e+03;2.688903e-19
1.948998e+03;2.688890e-19
1.949098e+03;2.688876e-19
1.949198e+03;2.688863e-19
1.949298e+03;2.688849e-19
1.949398e+03;2.688836e-19
1.949498e+03;2.688822e-19
1.949598e+03;2.688809e-19
1.949698e+03;2.688795e-19
1.949798e+03;2.688782e-19
1.949898e+03;2.688768e-19
1.949998e+03;2.688755e-19
1.950098e+03;2.688741e-19
1.950198e+03;2.688728e-19
1.950298e+03;2.688714e-19
1.950398e+03;2.688701e-19
1.950498e+03;2.688687e-19
1.950598e+03;2.688674e-19
1.950698e+03;2.688660e-19
1.950798e+03;2.688647e-19
1.950898e+03;2.688634e-19
1.950998e+03;2.688620e-19
1.951098e+03;2.688607e-19
1.951198e+03;2.688593e-19
1.951298e+03;2.688580e-19
1.951398e+03;2.688566e-19
1.951498e+03;2.688553e-19
1.951598e+03;2.688539e-19
1.951698e+03;2.688526e-19
1.951798e+03;2.688512e-19
1.951898e+03;2.688499e-19
1.951998e+03;2.688485e-19
1.952098e+03;2.688472e-19
1.952198e+03;2.688459e-19
1.952298e+03;2.688445e-19
1.952398e+03;2.688432e-19
1.952498e+03;2.688418e-19
1.952598e+03;2.688405e-19
1.952698e+03;2.688391e-19
1.952798e+03;2.688378e-19
1.952898e+03;2.688364e-19
1.952998e+03;2.688351e-19
1.953098e+03;2.688338e-19
1.953198e+03;2.688324e-19
1.953298e+03;2.688311e-19
1.953398e+03;2.688297e-19
1.953498e+03;2.688284e-19
1.953598e+03;2.688270e-19
1.953698e+03;2.688257e-19
1.953798e+03;2.688243e-19
1.953898e+03;2.688230e-19
1.953998e+03;2.688217e-19
1.954098e+03;2.688203e-19
1.954198e+03;2.688190e-19
1.954298e+03;2.688176e-19
1.954398e+03;2.688163e-19
1.954498e+03;2.688149e-19
1.954598e+03;2.688136e-19
1.954698e+03;2.688122e-19
1.954798e+03;2.688109e-19
1.954898e+03;2.688096e-19
1.954998e+03;2.688082e-19
1.955098e+03;2.688069e-19
1.955198e+03;2.688055e-19
1.955298e+03;2.688042e-19
1.955398e+03;2.688028e-19
1.955498e+03;2.688015e-19
1.955598e+03;2.688002e-19
1.955698e+03;2.687988e-19
1.955798e+03;2.687975e-19
1.955898e+03;2.687961e-19
1.955998e+03;2.687948e-19
1.956098e+03;2.687934e-19
1.956198e+03;2.687921e-19
1.956298e+03;2.687908e-19
1.956398e+03;2.687894e-19
1.956498e+03;2.687881e-19
1.956598e+03;2.687867e-19
1.956698e+03;2.687854e-19
1.956798e+03;2.687840e-19
1.956898e+03;2.687827e-19
1.956998e+03;2.687814e-19
1.957098e+03;2.687800e-19
1.957198e+03;2.687787e-19
1.957298e+03;2.687773e-19
1.957398e+03;2.687760e-19
1.957498e+03;2.687747e-19
1.957598e+03;2.687733e-19
1.957698e+03;2.687720e-19
1.957798e+03;2.687706e-19
1.957898e+03;2.687693e-19
1.957998e+03;2.687679e-19
1.958098e+03;2.687666e-19
1.958198e+03;2.687653e-19
1.958298e+03;2.687639e-19
1.958398e+03;2.687626e-19
1.958498e+03;2.687612e-19
1.958598e+03;2.687599e-19
1.958698e+03;2.687586e-19
1.958798e+03;2.687572e-19
1.958898e+03;2.687559e-19
1.958998e+03;2.687545e-19
1.959098e+03;2.687532e-19
1.959198e+03;2.687519e-19
1.959298e+03;2.687505e-19
1.959398e+03;2.687492e-19
1.959498e+03;2.687478e-19
1.959598e+03;2.687465e-19
1.959698e+03;2.687452e-19
1.959798e+03;2.687438e-19
1.959898e+03;2.687425e-19
1.959998e+03;2.687411e-19
1.960098e+03;2.687398e-19
1.960198e+03;2.687385e-19
1.960298e+03;2.687371e-19
1.960398e+03;2.687358e-19
1.960498e+03;2.687344e-19
1.960598e+03;2.687331e-19
1.960698e+03;2.687318e-19
1.960798e+03;2.687304e-19
1.960898e+03;2.687291e-19
1.960998e+03;2.687277e-19
1.961098e+03;2.687264e-19
1.961198e+03;2.687251e-19
1.961298e+03;2.687237e-19
1.961398e+03;2.687224e-19
1.961498e+03;2.687210e-19
1.961598e+03;2.687197e-19
1.961698e+03;2.687184e-19
1.961798e+03;2.687170e-19
1.961898e+03;2.687157e-19
1.961998e+03;2.687144e-19
1.962098e+03;2.687130e-19
1.962198e+03;2.687117e-19
1.962298e+03;2.687103e-19
1.962398e+03;2.687090e-19
1.962498e+03;2.687077e-19
1.962598e+03;2.687063e-19
1.962698e+03;2.687050e-19
1.962798e+03;2.687036e-19
1.962898e+03;2.687023e-19
1.962998e+03;2.687010e-19
1.963098e+03;2.686996e-19
1.963198e+03;2.686983e-19
1.963298e+03;2.686970e-19
1.963398e+03;2.686956e-19
1.963498e+03;2.686943e-19
1.963598e+03;2.686930e-19
1.963698e+03;2.686916e-19
1.963798e+03;2.686903e-19
1.963898e+03;2.686889e-19
1.963998e+03;2.686876e-19
1.964098e+03;2.686863e-19
1.964198e+03;2.686849e-19
1.964298e+03;2.686836e-19
1.964398e+03;2.686823e-19
1.964498e+03;2.686809e-19
1.964598e+03;2.686796e-19
1.964698e+03;2.686782e-19
1.964798e+03;2.686769e-19
1.964898e+03;2.686756e-19
1.964998e+03;2.686742e-19
1.965098e+03;2.686729e-19
1.965198e+03;2.686716e-19
1.965298e+03;2.686702e-19
1.965398e+03;2.686689e-19
1.965498e+03;2.686676e-19
1.965598e+03;2.686662e-19
1.965698e+03;2.686649e-19
1.965798e+03;2.686636e-19
1.965898e+03;2.686622e-19
1.965998e+03;2.686609e-19
1.966098e+03;2.686595e-19
1.966198e+03;2.686582e-19
1.966298e+03;2.686569e-19
1.966398e+03;2.686555e-19
1.966498e+03;2.686542e-19
1.966598e+03;2.686529e-19
1.966699e+03;2.686515e-19
1.966799e+03;2.686502e-19
1.966899e+03;2.686489e-19
1.966999e+03;2.686475e-19
1.967099e+03;2.686462e-19
1.967199e+03;2.686449e-19
1.967299e+03;2.686435e-19
1.967399e+03;2.686422e-19
1.967499e+03;2.686409e-19
1.967599e+03;2.686395e-19
1.967699e+03;2.686382e-19
1.967799e+03;2.686369e-19
1.967899e+03;2.686355e-19
1.967999e+03;2.686342e-19
1.968099e+03;2.686329e-19
1.968199e+03;2.686315e-19
1.968299e+03;2.686302e-19
1.968399e+03;2.686289e-19
1.968499e+03;2.686275e-19
1.968599e+03;2.686262e-19
1.968699e+03;2.686249e-19
1.968799e+03;2.686235e-19
1.968899e+03;2.686222e-19
1.968999e+03;2.686209e-19
1.969099e+03;2.686195e-19
1.969199e+03;2.686182e-19
1.969299e+03;2.686169e-19
1.969399e+03;2.686155e-19
1.969499e+03;2.686142e-19
1.969599e+03;2.686129e-19
1.969699e+03;2.686115e-19
1.969799e+03;2.686102e-19
1.969899e+03;2.686089e-19
1.969999e+03;2.686075e-19
1.970099e+03;2.686062e-19
1.970199e+03;2.686049e-19
1.970299e+03;2.686035e-19
1.970399e+03;2.686022e-19
1.970499e+03;2.686009e-19
1.970599e+03;2.685995e-19
1.970699e+03;2.685982e-19
1.970799e+03;2.685969e-19
1.970899e+03;2.685955e-19
1.970999e+03;2.685942e-19
1.971099e+03;2.685929e-19
1.971199e+03;2.685915e-19
1.971299e+03;2.685902e-19
1.971399e+03;2.685889e-19
1.971499e+03;2.685875e-19
1.971599e+03;2.685862e-19
1.971699e+03;2.685849e-19
1.971799e+03;2.685836e-19
1.971899e+03;2.685822e-19
1.971999e+03;2.685809e-19
1.972099e+03;2.685796e-19
1.972199e+03;2.685782e-19
1.972299e+03;2.685769e-19
1.972399e+03;2.685756e-19
1.972499e+03;2.685742e-19
1.972599e+03;2.685729e-19
1.972699e+03;2.685716e-19
1.972799e+03;2.685702e-19
1.972899e+03;2.685689e-19
1.972999e+03;2.685676e-19
1.973099e+03;2.685663e-19
1.973199e+03;2.685649e-19
1.973299e+03;2.685636e-19
1.973399e+03;2.685623e-19
1.973499e+03;2.685609e-19
1.973599e+03;2.685596e-19
1.973699e+03;2.685583e-19
1.973799e+03;2.685569e-19
1.973899e+03;2.685556e-19
1.973999e+03;2.685543e-19
1.974099e+03;2.685530e-19
1.974199e+03;2.685516e-19
1.974299e+03;2.685503e-19
1.974399e+03;2.685490e-19
1.974499e+03;2.685476e-19
1.974599e+03;2.685463e-19
1.974699e+03;2.685450e-19
1.974799e+03;2.685437e-19
1.974899e+03;2.685423e-19
1.974999e+03;2.685410e-19
1.975099e+03;2.685397e-19
1.975199e+03;2.685383e-19
1.975299e+03;2.685370e-19
1.975399e+03;2.685357e-19
1.975499e+03;2.685344e-19
1.975599e+03;2.685330e-19
1.975699e+03;2.685317e-19
1.975799e+03;2.685304e-19
1.975899e+03;2.685290e-19
1.975999e+03;2.685277e-19
1.976099e+03;2.685264e-19
1.976199e+03;2.685251e-19
1.976299e+03;2.685237e-19
1.976399e+03;2.685224e-19
1.976499e+03;2.685211e-19
1.976599e+03;2.685197e-19
1.976699e+03;2.685184e-19
1.976799e+03;2.685171e-19
1.976899e+03;2.685158e-19
1.976999e+03;2.685144e-19
1.977099e+03;2.685131e-19
1.977199e+03;2.685118e-19
1.977299e+03;2.685105e-19
1.977399e+03;2.685091e-19
1.977499e+03;2.685078e-19
1.977599e+03;2.685065e-19
1.977699e+03;2.685051e-19
1.977799e+03;2.685038e-19
1.977899e+03;2.685025e-19
1.977999e+03;2.685012e-19
1.978099e+03;2.684998e-19
1.978199e+03;2.684985e-19
1.978299e+03;2.684972e-19
1.978399e+03;2.684959e-19
1.978499e+03;2.684945e-19
1.978599e+03;2.684932e-19
1.978699e+03;2.684919e-19
1.978799e+03;2.684906e-19
1.978899e+03;2.684892e-19
1.978999e+03;2.684879e-19
1.979099e+03;2.684866e-19
1.979199e+03;2.684852e-19
1.979299e+03;2.684839e-19
1.979399e+03;2.684826e-19
1.979499e+03;2.684813e-19
1.979599e+03;2.684799e-19
1.979699e+03;2.684786e-19
1.979799e+03;2.684773e-19
1.979899e+03;2.684760e-19
1.979999e+03;2.684746e-19
1.980099e+03;2.684733e-19
1.980199e+03;2.684720e-19
1.980299e+03;2.684707e-19
1.980399e+03;2.684693e-19
1.980499e+03;2.684680e-19
1.980599e+03;2.684667e-19
1.980699e+03;2.684654e-19
1.980799e+03;2.684640e-19
1.980899e+03;2.684627e-19
1.980999e+03;2.684614e-19
1.981099e+03;2.684601e-19
1.981199e+03;2.684587e-19
1.981299e+03;2.684574e-19
1.981399e+03;2.684561e-19
1.981499e+03;2.684548e-19
1.981599e+03;2.684535e-19
1.981699e+03;2.684521e-19
1.981799e+03;2.684508e-19
1.981899e+03;2.684495e-19
1.981999e+03;2.684482e-19
1.982099e+03;2.684468e-19
1.982199e+03;2.684455e-19
1.982299e+03;2.684442e-19
1.982399e+03;2.684429e-19
1.982499e+03;2.684415e-19
1.982599e+03;2.684402e-19
1.982699e+03;2.684389e-19
1.982799e+03;2.684376e-19
1.982899e+03;2.684362e-19
1.982999e+03;2.684349e-19
1.983099e+03;2.684336e-19
1.983199e+03;2.684323e-19
1.983299e+03;2.684310e-19
1.983399e+03;2.684296e-19
1.983499e+03;2.684283e-19
1.983599e+03;2.684270e-19
1.983699e+03;2.684257e-19
1.983799e+03;2.684243e-19
1.983899e+03;2.684230e-19
1.983999e+03;2.684217e-19
1.984099e+03;2.684204e-19
1.984199e+03;2.684191e-19
1.984299e+03;2.684177e-19
1.984399e+03;2.684164e-19
1.984499e+03;2.684151e-19
1.984599e+03;2.684138e-19
1.984699e+03;2.684124e-19
1.984799e+03;2.684111e-19
1.984899e+03;2.684098e-19
1.984999e+03;2.684085e-19
1.985099e+03;2.684072e-19
1.985199e+03;2.684058e-19
1.985299e+03;2.684045e-19
1.985399e+03;2.684032e-19
1.985499e+03;2.684019e-19
1.985599e+03;2.684005e-19
1.985699e+03;2.683992e-19
1.985799e+03;2.683979e-19
1.985899e+03;2.683966e-19
1.985999e+03;2.683953e-19
1.986099e+03;2.683939e-19
1.986199e+03;2.683926e-19
1.986299e+03;2.683913e-19
1.986399e+03;2.683900e-19
1.986499e+03;2.683887e-19
1.986599e+03;2.683873e-19
1.986699e+03;2.683860e-19
1.986799e+03;2.683847e-19
1.986899e+03;2.683834e-19
1.986999e+03;2.683821e-19
1.987099e+03;2.683807e-19
1.987199e+03;2.683794e-19
1.987299e+03;2.683781e-19
1.987399e+03;2.683768e-19
1.987499e+03;2.683755e-19
1.987599e+03;2.683741e-19
1.987699e+03;2.683728e-19
1.987799e+03;2.683715e-19
1.987899e+03;2.683702e-19
1.987999e+03;2.683689e-19
1.988099e+03;2.683675e-19
1.988199e+03;2.683662e-19
1.988299e+03;2.683649e-19
1.988399e+03;2.683636e-19
1.988499e+03;2.683623e-19
1.988599e+03;2.683609e-19
1.988699e+03;2.683596e-19
1.988799e+03;2.683583e-19
1.988900e+03;2.683570e-19
1.989000e+03;2.683557e-19
1.989100e+03;2.683544e-19
1.989200e+03;2.683530e-19
1.989300e+03;2.683517e-19
1.989400e+03;2.683504e-19
1.989500e+03;2.683491e-19
1.989600e+03;2.683478e-19
1.989700e+03;2.683464e-19
1.989800e+03;2.683451e-19
1.989900e+03;2.683438e-19
1.990000e+03;2.683425e-19
1.990100e+03;2.683412e-19
1.990200e+03;2.683399e-19
1.990300e+03;2.683385e-19
1.990400e+03;2.683372e-19
1.990500e+03;2.683359e-19
1.990600e+03;2.683346e-19
1.990700e+03;2.683333e-19
1.990800e+03;2.683319e-19
1.990900e+03;2.683306e-19
1.991000e+03;2.683293e-19
1.991100e+03;2.683280e-19
1.991200e+03;2.683267e-19
1.991300e+03;2.683254e-19
1.991400e+03;2.683240e-19
1.991500e+03;2.683227e-19
1.991600e+03;2.683214e-19
1.991700e+03;2.683201e-19
1.991800e+03;2.683188e-19
1.991900e+03;2.683175e-19
1.992000e+03;2.683161e-19
1.992100e+03;2.683148e-19
1.992200e+03;2.683135e-19
1.992300e+03;2.683122e-19
1.992400e+03;2.683109e-19
1.992500e+03;2.683096e-19
1.992600e+03;2.683082e-19
1.992700e+03;2.683069e-19
1.992800e+03;2.683056e-19
1.992900e+03;2.683043e-19
1.993000e+03;2.683030e-19
1.993100e+03;2.683017e-19
1.993200e+03;2.683003e-19
1.993300e+03;2.682990e-19
1.993400e+03;2.682977e-19
1.993500e+03;2.682964e-19
1.993600e+03;2.682951e-19
1.993700e+03;2.682938e-19
1.993800e+03;2.682925e-19
1.993900e+03;2.682911e-19
1.994000e+03;2.682898e-19
1.994100e+03;2.682885e-19
1.994200e+03;2.682872e-19
1.994300e+03;2.682859e-19
1.994400e+03;2.682846e-19
1.994500e+03;2.682832e-19
1.994600e+03;2.682819e-19
1.994700e+03;2.682806e-19
1.994800e+03;2.682793e-19
1.994900e+03;2.682780e-19
1.995000e+03;2.682767e-19
1.995100e+03;2.682754e-19
1.995200e+03;2.682740e-19
1.995300e+03;2.682727e-19
1.995400e+03;2.682714e-19
1.995500e+03;2.682701e-19
1.995600e+03;2.682688e-19
1.995700e+03;2.682675e-19
1.995800e+03;2.682662e-19
1.995900e+03;2.682648e-19
1.996000e+03;2.682635e-19
1.996100e+03;2.682622e-19
1.996200e+03;2.682609e-19
1.996300e+03;2.682596e-19
1.996400e+03;2.682583e-19
1.996500e+03;2.682570e-19
1.996600e+03;2.682557e-19
1.996700e+03;2.682543e-19
1.996800e+03;2.682530e-19
1.996900e+03;2.682517e-19
1.997000e+03;2.682504e-19
1.997100e+03;2.682491e-19
1.997200e+03;2.682478e-19
1.997300e+03;2.682465e-19
1.997400e+03;2.682451e-19
1.997500e+03;2.682438e-19
1.997600e+03;2.682425e-19
1.997700e+03;2.682412e-19
1.997800e+03;2.682399e-19
1.997900e+03;2.682386e-19
1.998000e+03;2.682373e-19
1.998100e+03;2.682360e-19
1.998200e+03;2.682346e-19
1.998300e+03;2.682333e-19
1.998400e+03;2.682320e-19
1.998500e+03;2.682307e-19
1.998600e+03;2.682294e-19
1.998700e+03;2.682281e-19
1.998800e+03;2.682268e-19
1.998900e+03;2.682255e-19
1.999000e+03;2.682242e-19
1.999100e+03;2.682228e-19
1.999200e+03;2.682215e-19
1.999300e+03;2.682202e-19
1.999400e+03;2.682189e-19
1.999500e+03;2.682176e-19
1.999600e+03;2.682163e-19
1.999700e+03;2.682150e-19
1.999800e+03;2.682137e-19
1.999900e+03;2.682124e-19
2.000000e+03;2.682110e-19
