1.000000e-04;6.030238e-20
1.000000e-02;4.425328e-20
6.000200e-02;1.274272e-20
1.100040e-01;4.911116e-21
1.600060e-01;1.987238e-21
2.100080e-01;5.126864e-22
2.600100e-01;1.391927e-21
3.100120e-01;2.124145e-21
3.600140e-01;2.767097e-21
4.100160e-01;3.373985e-21
4.600180e-01;3.969832e-21
5.100200e-01;4.567014e-21
5.600220e-01;5.171807e-21
6.100240e-01;5.787381e-21
6.600260e-01;6.415254e-21
7.100280e-01;7.056033e-21
7.600300e-01;7.709811e-21
8.100320e-01;8.376392e-21
8.600340e-01;9.055412e-21
9.100360e-01;9.746411e-21
9.600380e-01;1.044888e-20
1.010040e+00;1.116230e-20
1.060042e+00;1.188611e-20
1.110044e+00;1.261978e-20
1.160046e+00;1.336278e-20
1.210048e+00;1.411459e-20
1.260050e+00;1.487470e-20
1.310052e+00;1.564260e-20
1.360054e+00;1.641783e-20
1.410056e+00;1.719990e-20
1.460058e+00;1.798836e-20
1.510060e+00;1.878277e-20
1.560062e+00;1.958270e-20
1.610064e+00;2.038774e-20
1.660066e+00;2.119746e-20
1.710068e+00;2.201149e-20
1.760070e+00;2.282944e-20
1.810072e+00;2.365095e-20
1.860074e+00;2.447564e-20
1.910076e+00;2.530318e-20
1.960078e+00;2.613322e-20
2.010080e+00;2.696545e-20
2.060082e+00;2.779954e-20
2.110084e+00;2.863519e-20
2.160086e+00;2.947211e-20
2.210088e+00;3.031002e-20
2.260090e+00;3.114864e-20
2.310092e+00;3.198771e-20
2.360094e+00;3.282698e-20
2.410096e+00;3.366621e-20
2.460098e+00;3.450516e-20
2.510100e+00;3.534362e-20
2.560102e+00;3.618139e-20
2.610104e+00;3.701825e-20
2.660106e+00;3.785402e-20
2.710108e+00;3.868853e-20
2.760110e+00;3.952160e-20
2.810112e+00;4.035308e-20
2.860114e+00;4.118281e-20
2.910116e+00;4.201068e-20
2.960118e+00;4.283653e-20
3.010120e+00;4.366027e-20
3.060122e+00;4.448178e-20
3.110124e+00;4.530096e-20
3.160126e+00;4.611773e-20
3.210128e+00;4.693201e-20
3.260130e+00;4.774372e-20
3.310132e+00;4.855282e-20
3.360134e+00;4.935924e-20
3.410136e+00;5.016295e-20
3.460138e+00;5.096391e-20
3.510140e+00;5.176210e-20
3.560142e+00;5.255751e-20
3.610144e+00;5.335011e-20
3.660146e+00;5.413992e-20
3.710148e+00;5.492694e-20
3.760150e+00;5.571119e-20
3.810152e+00;5.649268e-20
3.860154e+00;5.727145e-20
3.910156e+00;5.804752e-20
3.960158e+00;5.882095e-20
4.010160e+00;5.959178e-20
4.060162e+00;6.036006e-20
4.110164e+00;6.112585e-20
4.160166e+00;6.188922e-20
4.210168e+00;6.265023e-20
4.260170e+00;6.340897e-20
4.310172e+00;6.416551e-20
4.360174e+00;6.491993e-20
4.410176e+00;6.567232e-20
4.460178e+00;6.642277e-20
4.510180e+00;6.717138e-20
4.560182e+00;6.791824e-20
4.610184e+00;6.866345e-20
4.660186e+00;6.940713e-20
4.710188e+00;7.014937e-20
4.760190e+00;7.089027e-20
4.810192e+00;7.162996e-20
4.860194e+00;7.236855e-20
4.910196e+00;7.310613e-20
4.960198e+00;7.384284e-20
5.010200e+00;7.457877e-20
5.060202e+00;7.531405e-20
5.110204e+00;7.604880e-20
5.160206e+00;7.678312e-20
5.210208e+00;7.751713e-20
5.260210e+00;7.825095e-20
5.310212e+00;7.898469e-20
5.360214e+00;7.971847e-20
5.410216e+00;8.045238e-20
5.460218e+00;8.118655e-20
5.510220e+00;8.192109e-20
5.560222e+00;8.265609e-20
5.610224e+00;8.339167e-20
5.660226e+00;8.412792e-20
5.710228e+00;8.486495e-20
5.760230e+00;8.560285e-20
5.810232e+00;8.634171e-20
5.860234e+00;8.708164e-20
5.910236e+00;8.782270e-20
5.960238e+00;8.856499e-20
6.010240e+00;8.930858e-20
6.060242e+00;9.005355e-20
6.110244e+00;9.079997e-20
6.160246e+00;9.154791e-20
6.210248e+00;9.229743e-20
6.260250e+00;9.304858e-20
6.310252e+00;9.380142e-20
6.360254e+00;9.455599e-20
6.410256e+00;9.531234e-20
6.460258e+00;9.607049e-20
6.510260e+00;9.683048e-20
6.560262e+00;9.759233e-20
6.610264e+00;9.835605e-20
6.660266e+00;9.912167e-20
6.710268e+00;9.988917e-20
6.760270e+00;1.006586e-19
6.810272e+00;1.014298e-19
6.860274e+00;1.022030e-19
6.910276e+00;1.029779e-19
6.960278e+00;1.037547e-19
7.010280e+00;1.045332e-19
7.060282e+00;1.053135e-19
7.110284e+00;1.060954e-19
7.160286e+00;1.068789e-19
7.210288e+00;1.076640e-19
7.260290e+00;1.084505e-19
7.310292e+00;1.092384e-19
7.360294e+00;1.100275e-19
7.410296e+00;1.108179e-19
7.460298e+00;1.116093e-19
7.510300e+00;1.124016e-19
7.560302e+00;1.131947e-19
7.610304e+00;1.139885e-19
7.660306e+00;1.147829e-19
7.710308e+00;1.155776e-19
7.760310e+00;1.163725e-19
7.810312e+00;1.171675e-19
7.860314e+00;1.179624e-19
7.910316e+00;1.187569e-19
7.960318e+00;1.195509e-19
8.010320e+00;1.203442e-19
8.060322e+00;1.211366e-19
8.110324e+00;1.219278e-19
8.160326e+00;1.227177e-19
8.210328e+00;1.235059e-19
8.260330e+00;1.242923e-19
8.310332e+00;1.250766e-19
8.360334e+00;1.258585e-19
8.410336e+00;1.266378e-19
8.460338e+00;1.274143e-19
8.510340e+00;1.281875e-19
8.560342e+00;1.289573e-19
8.610344e+00;1.297234e-19
8.660346e+00;1.304855e-19
8.710348e+00;1.312432e-19
8.760350e+00;1.319963e-19
8.810352e+00;1.327444e-19
8.860354e+00;1.334874e-19
8.910356e+00;1.342247e-19
8.960358e+00;1.349562e-19
9.010360e+00;1.356815e-19
9.060362e+00;1.364003e-19
9.110364e+00;1.371122e-19
9.160366e+00;1.378170e-19
9.210368e+00;1.385142e-19
9.260370e+00;1.392037e-19
9.310372e+00;1.398850e-19
9.360374e+00;1.405578e-19
9.410376e+00;1.412219e-19
9.460378e+00;1.418768e-19
9.510380e+00;1.425223e-19
9.560382e+00;1.431580e-19
9.610384e+00;1.437837e-19
9.660386e+00;1.443990e-19
9.710388e+00;1.450036e-19
9.760390e+00;1.455972e-19
9.810392e+00;1.461795e-19
9.860394e+00;1.467503e-19
9.910396e+00;1.473092e-19
9.960398e+00;1.478560e-19
1.001040e+01;1.483904e-19
1.006040e+01;1.489121e-19
1.011040e+01;1.494209e-19
1.016041e+01;1.499166e-19
1.021041e+01;1.503988e-19
1.026041e+01;1.508675e-19
1.031041e+01;1.513223e-19
1.036041e+01;1.517631e-19
1.041042e+01;1.521896e-19
1.046042e+01;1.526017e-19
1.051042e+01;1.529992e-19
1.056042e+01;1.533820e-19
1.061042e+01;1.537499e-19
1.066043e+01;1.541028e-19
1.071043e+01;1.544404e-19
1.076043e+01;1.547629e-19
1.081043e+01;1.550699e-19
1.086043e+01;1.553615e-19
1.091044e+01;1.556375e-19
1.096044e+01;1.558979e-19
1.101044e+01;1.561427e-19
1.106044e+01;1.563718e-19
1.111044e+01;1.565851e-19
1.116045e+01;1.567828e-19
1.121045e+01;1.569647e-19
1.126045e+01;1.571309e-19
1.131045e+01;1.572814e-19
1.136045e+01;1.574162e-19
1.141046e+01;1.575355e-19
1.146046e+01;1.576392e-19
1.151046e+01;1.577274e-19
1.156046e+01;1.578003e-19
1.161046e+01;1.578579e-19
1.166047e+01;1.579002e-19
1.171047e+01;1.579275e-19
1.176047e+01;1.579399e-19
1.181047e+01;1.579374e-19
1.186047e+01;1.579203e-19
1.191048e+01;1.578887e-19
1.196048e+01;1.578427e-19
1.201048e+01;1.577826e-19
1.206048e+01;1.577084e-19
1.211048e+01;1.576205e-19
1.216049e+01;1.575189e-19
1.221049e+01;1.574039e-19
1.226049e+01;1.572757e-19
1.231049e+01;1.571345e-19
1.236049e+01;1.569806e-19
1.241050e+01;1.568141e-19
1.246050e+01;1.566353e-19
1.251050e+01;1.564444e-19
1.256050e+01;1.562416e-19
1.261050e+01;1.560273e-19
1.266051e+01;1.558016e-19
1.271051e+01;1.555648e-19
1.276051e+01;1.553171e-19
1.281051e+01;1.550588e-19
1.286051e+01;1.547901e-19
1.291052e+01;1.545114e-19
1.296052e+01;1.542228e-19
1.301052e+01;1.539247e-19
1.306052e+01;1.536172e-19
1.311052e+01;1.533006e-19
1.316053e+01;1.529753e-19
1.321053e+01;1.526414e-19
1.326053e+01;1.522992e-19
1.331053e+01;1.519490e-19
1.336053e+01;1.515910e-19
1.341054e+01;1.512254e-19
1.346054e+01;1.508526e-19
1.351054e+01;1.504728e-19
1.356054e+01;1.500862e-19
1.361054e+01;1.496931e-19
1.366055e+01;1.492937e-19
1.371055e+01;1.488883e-19
1.376055e+01;1.484770e-19
1.381055e+01;1.480602e-19
1.386055e+01;1.476381e-19
1.391056e+01;1.472108e-19
1.396056e+01;1.467787e-19
1.401056e+01;1.463419e-19
1.406056e+01;1.459006e-19
1.411056e+01;1.454552e-19
1.416057e+01;1.450057e-19
1.421057e+01;1.445524e-19
1.426057e+01;1.440955e-19
1.431057e+01;1.436352e-19
1.436057e+01;1.431717e-19
1.441058e+01;1.427052e-19
1.446058e+01;1.422359e-19
1.451058e+01;1.417639e-19
1.456058e+01;1.412894e-19
1.461058e+01;1.408127e-19
1.466059e+01;1.403338e-19
1.471059e+01;1.398530e-19
1.476059e+01;1.393704e-19
1.481059e+01;1.388862e-19
1.486059e+01;1.384005e-19
1.491060e+01;1.379134e-19
1.496060e+01;1.374252e-19
1.501060e+01;1.369360e-19
1.506060e+01;1.364459e-19
1.511060e+01;1.359550e-19
1.516061e+01;1.354635e-19
1.521061e+01;1.349715e-19
1.526061e+01;1.344791e-19
1.531061e+01;1.339865e-19
1.536061e+01;1.334937e-19
1.541062e+01;1.330009e-19
1.546062e+01;1.325082e-19
1.551062e+01;1.320157e-19
1.556062e+01;1.315235e-19
1.561062e+01;1.310317e-19
1.566063e+01;1.305403e-19
1.571063e+01;1.300495e-19
1.576063e+01;1.295594e-19
1.581063e+01;1.290701e-19
1.586063e+01;1.285816e-19
1.591064e+01;1.280940e-19
1.596064e+01;1.276074e-19
1.601064e+01;1.271219e-19
1.606064e+01;1.266375e-19
1.611064e+01;1.261543e-19
1.616065e+01;1.256724e-19
1.621065e+01;1.251918e-19
1.626065e+01;1.247126e-19
1.631065e+01;1.242349e-19
1.636065e+01;1.237586e-19
1.641066e+01;1.232840e-19
1.646066e+01;1.228109e-19
1.651066e+01;1.223395e-19
1.656066e+01;1.218698e-19
1.661066e+01;1.214019e-19
1.666067e+01;1.209357e-19
1.671067e+01;1.204714e-19
1.676067e+01;1.200090e-19
1.681067e+01;1.195484e-19
1.686067e+01;1.190898e-19
1.691068e+01;1.186332e-19
1.696068e+01;1.181786e-19
1.701068e+01;1.177260e-19
1.706068e+01;1.172754e-19
1.711068e+01;1.168270e-19
1.716069e+01;1.163806e-19
1.721069e+01;1.159364e-19
1.726069e+01;1.154943e-19
1.731069e+01;1.150544e-19
1.736069e+01;1.146167e-19
1.741070e+01;1.141812e-19
1.746070e+01;1.137479e-19
1.751070e+01;1.133168e-19
1.756070e+01;1.128880e-19
1.761070e+01;1.124614e-19
1.766071e+01;1.120371e-19
1.771071e+01;1.116151e-19
1.776071e+01;1.111954e-19
1.781071e+01;1.107780e-19
1.786071e+01;1.103629e-19
1.791072e+01;1.099501e-19
1.796072e+01;1.095396e-19
1.801072e+01;1.091314e-19
1.806072e+01;1.087255e-19
1.811072e+01;1.083220e-19
1.816073e+01;1.079207e-19
1.821073e+01;1.075219e-19
1.826073e+01;1.071253e-19
1.831073e+01;1.067310e-19
1.836073e+01;1.063391e-19
1.841074e+01;1.059495e-19
1.846074e+01;1.055623e-19
1.851074e+01;1.051773e-19
1.856074e+01;1.047946e-19
1.861074e+01;1.044143e-19
1.866075e+01;1.040363e-19
1.871075e+01;1.036605e-19
1.876075e+01;1.032871e-19
1.881075e+01;1.029159e-19
1.886075e+01;1.025470e-19
1.891076e+01;1.021804e-19
1.896076e+01;1.018161e-19
1.901076e+01;1.014540e-19
1.906076e+01;1.010942e-19
1.911076e+01;1.007366e-19
1.916077e+01;1.003813e-19
1.921077e+01;1.000281e-19
1.926077e+01;9.967721e-20
1.931077e+01;9.932851e-20
1.936077e+01;9.898200e-20
1.941078e+01;9.863767e-20
1.946078e+01;9.829553e-20
1.951078e+01;9.795554e-20
1.956078e+01;9.761772e-20
1.961078e+01;9.728203e-20
1.966079e+01;9.694848e-20
1.971079e+01;9.661705e-20
1.976079e+01;9.628773e-20
1.981079e+01;9.596051e-20
1.986079e+01;9.563538e-20
1.991080e+01;9.531232e-20
1.996080e+01;9.499133e-20
2.001080e+01;9.467238e-20
2.006080e+01;9.435548e-20
2.011080e+01;9.404060e-20
2.016081e+01;9.372774e-20
2.021081e+01;9.341688e-20
2.026081e+01;9.310801e-20
2.031081e+01;9.280111e-20
2.036081e+01;9.249618e-20
2.041082e+01;9.219320e-20
2.046082e+01;9.189216e-20
2.051082e+01;9.159305e-20
2.056082e+01;9.129585e-20
2.061082e+01;9.100055e-20
2.066083e+01;9.070714e-20
2.071083e+01;9.041561e-20
2.076083e+01;9.012594e-20
2.081083e+01;8.983811e-20
2.086083e+01;8.955212e-20
2.091084e+01;8.926796e-20
2.096084e+01;8.898561e-20
2.101084e+01;8.870505e-20
2.106084e+01;8.842628e-20
2.111084e+01;8.814929e-20
2.116085e+01;8.787405e-20
2.121085e+01;8.760056e-20
2.126085e+01;8.732880e-20
2.131085e+01;8.705876e-20
2.136085e+01;8.679044e-20
2.141086e+01;8.652381e-20
2.146086e+01;8.625886e-20
2.151086e+01;8.599558e-20
2.156086e+01;8.573396e-20
2.161086e+01;8.547399e-20
2.166087e+01;8.521565e-20
2.171087e+01;8.495893e-20
2.176087e+01;8.470382e-20
2.181087e+01;8.445031e-20
2.186087e+01;8.419838e-20
2.191088e+01;8.394803e-20
2.196088e+01;8.369923e-20
2.201088e+01;8.345198e-20
2.206088e+01;8.320627e-20
2.211088e+01;8.296209e-20
2.216089e+01;8.271941e-20
2.221089e+01;8.247824e-20
2.226089e+01;8.223855e-20
2.231089e+01;8.200034e-20
2.236089e+01;8.176360e-20
2.241090e+01;8.152831e-20
2.246090e+01;8.129447e-20
2.251090e+01;8.106205e-20
2.256090e+01;8.083106e-20
2.261090e+01;8.060148e-20
2.266091e+01;8.037329e-20
2.271091e+01;8.014649e-20
2.276091e+01;7.992107e-20
2.281091e+01;7.969701e-20
2.286091e+01;7.947431e-20
2.291092e+01;7.925295e-20
2.296092e+01;7.903292e-20
2.301092e+01;7.881421e-20
2.306092e+01;7.859682e-20
2.311092e+01;7.838073e-20
2.316093e+01;7.816592e-20
2.321093e+01;7.795240e-20
2.326093e+01;7.774015e-20
2.331093e+01;7.752916e-20
2.336093e+01;7.731942e-20
2.341094e+01;7.711092e-20
2.346094e+01;7.690365e-20
2.351094e+01;7.669760e-20
2.356094e+01;7.649276e-20
2.361094e+01;7.628912e-20
2.366095e+01;7.608668e-20
2.371095e+01;7.588541e-20
2.376095e+01;7.568532e-20
2.381095e+01;7.548639e-20
2.386095e+01;7.528861e-20
2.391096e+01;7.509198e-20
2.396096e+01;7.489649e-20
2.401096e+01;7.470212e-20
2.406096e+01;7.450887e-20
2.411096e+01;7.431672e-20
2.416097e+01;7.412568e-20
2.421097e+01;7.393573e-20
2.426097e+01;7.374686e-20
2.431097e+01;7.355906e-20
2.436097e+01;7.337233e-20
2.441098e+01;7.318665e-20
2.446098e+01;7.300202e-20
2.451098e+01;7.281843e-20
2.456098e+01;7.263588e-20
2.461098e+01;7.245434e-20
2.466099e+01;7.227383e-20
2.471099e+01;7.209432e-20
2.476099e+01;7.191580e-20
2.481099e+01;7.173828e-20
2.486099e+01;7.156175e-20
2.491100e+01;7.138619e-20
2.496100e+01;7.121159e-20
2.501100e+01;7.103796e-20
2.506100e+01;7.086528e-20
2.511100e+01;7.069354e-20
2.516101e+01;7.052275e-20
2.521101e+01;7.035288e-20
2.526101e+01;7.018394e-20
2.531101e+01;7.001591e-20
2.536101e+01;6.984879e-20
2.541102e+01;6.968257e-20
2.546102e+01;6.951725e-20
2.551102e+01;6.935282e-20
2.556102e+01;6.918926e-20
2.561102e+01;6.902658e-20
2.566103e+01;6.886477e-20
2.571103e+01;6.870381e-20
2.576103e+01;6.854371e-20
2.581103e+01;6.838446e-20
2.586103e+01;6.822605e-20
2.591104e+01;6.806847e-20
2.596104e+01;6.791172e-20
2.601104e+01;6.775579e-20
2.606104e+01;6.760068e-20
2.611104e+01;6.744637e-20
2.616105e+01;6.729286e-20
2.621105e+01;6.714016e-20
2.626105e+01;6.698824e-20
2.631105e+01;6.683710e-20
2.636105e+01;6.668675e-20
2.641106e+01;6.653716e-20
2.646106e+01;6.638835e-20
2.651106e+01;6.624029e-20
2.656106e+01;6.609298e-20
2.661106e+01;6.594643e-20
2.666107e+01;6.580062e-20
2.671107e+01;6.565555e-20
2.676107e+01;6.551120e-20
2.681107e+01;6.536759e-20
2.686107e+01;6.522469e-20
2.691108e+01;6.508252e-20
2.696108e+01;6.494105e-20
2.701108e+01;6.480028e-20
2.706108e+01;6.466022e-20
2.711108e+01;6.452085e-20
2.716109e+01;6.438217e-20
2.721109e+01;6.424417e-20
2.726109e+01;6.410686e-20
2.731109e+01;6.397021e-20
2.736109e+01;6.383424e-20
2.741110e+01;6.369893e-20
2.746110e+01;6.356428e-20
2.751110e+01;6.343028e-20
2.756110e+01;6.329693e-20
2.761110e+01;6.316423e-20
2.766111e+01;6.303216e-20
2.771111e+01;6.290073e-20
2.776111e+01;6.276994e-20
2.781111e+01;6.263977e-20
2.786111e+01;6.251022e-20
2.791112e+01;6.238128e-20
2.796112e+01;6.225296e-20
2.801112e+01;6.212525e-20
2.806112e+01;6.199814e-20
2.811112e+01;6.187163e-20
2.816113e+01;6.174571e-20
2.821113e+01;6.162039e-20
2.826113e+01;6.149565e-20
2.831113e+01;6.137149e-20
2.836113e+01;6.124791e-20
2.841114e+01;6.112491e-20
2.846114e+01;6.100247e-20
2.851114e+01;6.088060e-20
2.856114e+01;6.075930e-20
2.861114e+01;6.063855e-20
2.866115e+01;6.051835e-20
2.871115e+01;6.039870e-20
2.876115e+01;6.027960e-20
2.881115e+01;6.016104e-20
2.886115e+01;6.004302e-20
2.891116e+01;5.992554e-20
2.896116e+01;5.980858e-20
2.901116e+01;5.969215e-20
2.906116e+01;5.957625e-20
2.911116e+01;5.946086e-20
2.916117e+01;5.934599e-20
2.921117e+01;5.923164e-20
2.926117e+01;5.911779e-20
2.931117e+01;5.900445e-20
2.936117e+01;5.889160e-20
2.941118e+01;5.877926e-20
2.946118e+01;5.866742e-20
2.951118e+01;5.855606e-20
2.956118e+01;5.844519e-20
2.961118e+01;5.833481e-20
2.966119e+01;5.822491e-20
2.971119e+01;5.811549e-20
2.976119e+01;5.800654e-20
2.981119e+01;5.789806e-20
2.986119e+01;5.779006e-20
2.991120e+01;5.768251e-20
2.996120e+01;5.757544e-20
3.001120e+01;5.746882e-20
3.006120e+01;5.736265e-20
3.011120e+01;5.725694e-20
3.016121e+01;5.715168e-20
3.021121e+01;5.704687e-20
3.026121e+01;5.694250e-20
3.031121e+01;5.683857e-20
3.036121e+01;5.673508e-20
3.041122e+01;5.663202e-20
3.046122e+01;5.652940e-20
3.051122e+01;5.642720e-20
3.056122e+01;5.632544e-20
3.061122e+01;5.622409e-20
3.066123e+01;5.612317e-20
3.071123e+01;5.602267e-20
3.076123e+01;5.592258e-20
3.081123e+01;5.582291e-20
3.086123e+01;5.572364e-20
3.091124e+01;5.562478e-20
3.096124e+01;5.552633e-20
3.101124e+01;5.542828e-20
3.106124e+01;5.533063e-20
3.111124e+01;5.523337e-20
3.116125e+01;5.513651e-20
3.121125e+01;5.504005e-20
3.126125e+01;5.494397e-20
3.131125e+01;5.484828e-20
3.136125e+01;5.475297e-20
3.141126e+01;5.465804e-20
3.146126e+01;5.456350e-20
3.151126e+01;5.446933e-20
3.156126e+01;5.437554e-20
3.161126e+01;5.428211e-20
3.166127e+01;5.418906e-20
3.171127e+01;5.409638e-20
3.176127e+01;5.400406e-20
3.181127e+01;5.391211e-20
3.186127e+01;5.382051e-20
3.191128e+01;5.372928e-20
3.196128e+01;5.363840e-20
3.201128e+01;5.354787e-20
3.206128e+01;5.345770e-20
3.211128e+01;5.336787e-20
3.216129e+01;5.327840e-20
3.221129e+01;5.318927e-20
3.226129e+01;5.310048e-20
3.231129e+01;5.301203e-20
3.236129e+01;5.292392e-20
3.241130e+01;5.283615e-20
3.246130e+01;5.274872e-20
3.251130e+01;5.266161e-20
3.256130e+01;5.257484e-20
3.261130e+01;5.248840e-20
3.266131e+01;5.240228e-20
3.271131e+01;5.231649e-20
3.276131e+01;5.223102e-20
3.281131e+01;5.214587e-20
3.286131e+01;5.206104e-20
3.291132e+01;5.197653e-20
3.296132e+01;5.189233e-20
3.301132e+01;5.180845e-20
3.306132e+01;5.172488e-20
3.311132e+01;5.164161e-20
3.316133e+01;5.155866e-20
3.321133e+01;5.147601e-20
3.326133e+01;5.139366e-20
3.331133e+01;5.131162e-20
3.336133e+01;5.122988e-20
3.341134e+01;5.114843e-20
3.346134e+01;5.106729e-20
3.351134e+01;5.098643e-20
3.356134e+01;5.090587e-20
3.361134e+01;5.082561e-20
3.366135e+01;5.074563e-20
3.371135e+01;5.066594e-20
3.376135e+01;5.058654e-20
3.381135e+01;5.050742e-20
3.386135e+01;5.042859e-20
3.391136e+01;5.035004e-20
3.396136e+01;5.027176e-20
3.401136e+01;5.019377e-20
3.406136e+01;5.011605e-20
3.411136e+01;5.003861e-20
3.416137e+01;4.996144e-20
3.421137e+01;4.988455e-20
3.426137e+01;4.980792e-20
3.431137e+01;4.973157e-20
3.436137e+01;4.965548e-20
3.441138e+01;4.957965e-20
3.446138e+01;4.950410e-20
3.451138e+01;4.942880e-20
3.456138e+01;4.935377e-20
3.461138e+01;4.927899e-20
3.466139e+01;4.920448e-20
3.471139e+01;4.913022e-20
3.476139e+01;4.905621e-20
3.481139e+01;4.898247e-20
3.486139e+01;4.890897e-20
3.491140e+01;4.883573e-20
3.496140e+01;4.876273e-20
3.501140e+01;4.868999e-20
3.506140e+01;4.861749e-20
3.511140e+01;4.854523e-20
3.516141e+01;4.847323e-20
3.521141e+01;4.840146e-20
3.526141e+01;4.832994e-20
3.531141e+01;4.825866e-20
3.536141e+01;4.818761e-20
3.541142e+01;4.811681e-20
3.546142e+01;4.804624e-20
3.551142e+01;4.797590e-20
3.556142e+01;4.790580e-20
3.561142e+01;4.783594e-20
3.566143e+01;4.776630e-20
3.571143e+01;4.769690e-20
3.576143e+01;4.762772e-20
3.581143e+01;4.755877e-20
3.586143e+01;4.749005e-20
3.591144e+01;4.742155e-20
3.596144e+01;4.735328e-20
3.601144e+01;4.728523e-20
3.606144e+01;4.721740e-20
3.611144e+01;4.714980e-20
3.616145e+01;4.708241e-20
3.621145e+01;4.701524e-20
3.626145e+01;4.694829e-20
3.631145e+01;4.688155e-20
3.636145e+01;4.681503e-20
3.641146e+01;4.674872e-20
3.646146e+01;4.668263e-20
3.651146e+01;4.661674e-20
3.656146e+01;4.655107e-20
3.661146e+01;4.648561e-20
3.666147e+01;4.642035e-20
3.671147e+01;4.635530e-20
3.676147e+01;4.629046e-20
3.681147e+01;4.622582e-20
3.686147e+01;4.616139e-20
3.691148e+01;4.609716e-20
3.696148e+01;4.603313e-20
3.701148e+01;4.596930e-20
3.706148e+01;4.590567e-20
3.711148e+01;4.584224e-20
3.716149e+01;4.577901e-20
3.721149e+01;4.571597e-20
3.726149e+01;4.565313e-20
3.731149e+01;4.559049e-20
3.736149e+01;4.552804e-20
3.741150e+01;4.546578e-20
3.746150e+01;4.540371e-20
3.751150e+01;4.534183e-20
3.756150e+01;4.528015e-20
3.761150e+01;4.521865e-20
3.766151e+01;4.515734e-20
3.771151e+01;4.509622e-20
3.776151e+01;4.503528e-20
3.781151e+01;4.497453e-20
3.786151e+01;4.491396e-20
3.791152e+01;4.485358e-20
3.796152e+01;4.479338e-20
3.801152e+01;4.473336e-20
3.806152e+01;4.467352e-20
3.811152e+01;4.461386e-20
3.816153e+01;4.455438e-20
3.821153e+01;4.449507e-20
3.826153e+01;4.443595e-20
3.831153e+01;4.437700e-20
3.836153e+01;4.431822e-20
3.841154e+01;4.425962e-20
3.846154e+01;4.420120e-20
3.851154e+01;4.414294e-20
3.856154e+01;4.408486e-20
3.861154e+01;4.402695e-20
3.866155e+01;4.396921e-20
3.871155e+01;4.391164e-20
3.876155e+01;4.385424e-20
3.881155e+01;4.379700e-20
3.886155e+01;4.373994e-20
3.891156e+01;4.368303e-20
3.896156e+01;4.362630e-20
3.901156e+01;4.356973e-20
3.906156e+01;4.351332e-20
3.911156e+01;4.345708e-20
3.916157e+01;4.340100e-20
3.921157e+01;4.334508e-20
3.926157e+01;4.328932e-20
3.931157e+01;4.323372e-20
3.936157e+01;4.317828e-20
3.941158e+01;4.312300e-20
3.946158e+01;4.306787e-20
3.951158e+01;4.301291e-20
3.956158e+01;4.295810e-20
3.961158e+01;4.290344e-20
3.966159e+01;4.284894e-20
3.971159e+01;4.279460e-20
3.976159e+01;4.274041e-20
3.981159e+01;4.268637e-20
3.986159e+01;4.263248e-20
3.991160e+01;4.257874e-20
3.996160e+01;4.252516e-20
4.001160e+01;4.247172e-20
4.006160e+01;4.241844e-20
4.011160e+01;4.236530e-20
4.016161e+01;4.231231e-20
4.021161e+01;4.225947e-20
4.026161e+01;4.220677e-20
4.031161e+01;4.215422e-20
4.036161e+01;4.210182e-20
4.041162e+01;4.204956e-20
4.046162e+01;4.199744e-20
4.051162e+01;4.194547e-20
4.056162e+01;4.189363e-20
4.061162e+01;4.184195e-20
4.066163e+01;4.179040e-20
4.071163e+01;4.173899e-20
4.076163e+01;4.168772e-20
4.081163e+01;4.163660e-20
4.086163e+01;4.158561e-20
4.091164e+01;4.153476e-20
4.096164e+01;4.148405e-20
4.101164e+01;4.143347e-20
4.106164e+01;4.138303e-20
4.111164e+01;4.133273e-20
4.116165e+01;4.128256e-20
4.121165e+01;4.123252e-20
4.126165e+01;4.118262e-20
4.131165e+01;4.113286e-20
4.136165e+01;4.108322e-20
4.141166e+01;4.103372e-20
4.146166e+01;4.098435e-20
4.151166e+01;4.093511e-20
4.156166e+01;4.088600e-20
4.161166e+01;4.083703e-20
4.166167e+01;4.078818e-20
4.171167e+01;4.073946e-20
4.176167e+01;4.069086e-20
4.181167e+01;4.064240e-20
4.186167e+01;4.059406e-20
4.191168e+01;4.054585e-20
4.196168e+01;4.049776e-20
4.201168e+01;4.044981e-20
4.206168e+01;4.040197e-20
4.211168e+01;4.035426e-20
4.216169e+01;4.030667e-20
4.221169e+01;4.025921e-20
4.226169e+01;4.021187e-20
4.231169e+01;4.016465e-20
4.236169e+01;4.011756e-20
4.241170e+01;4.007058e-20
4.246170e+01;4.002373e-20
4.251170e+01;3.997700e-20
4.256170e+01;3.993038e-20
4.261170e+01;3.988389e-20
4.266171e+01;3.983751e-20
4.271171e+01;3.979125e-20
4.276171e+01;3.974512e-20
4.281171e+01;3.969909e-20
4.286171e+01;3.965319e-20
4.291172e+01;3.960740e-20
4.296172e+01;3.956172e-20
4.301172e+01;3.951617e-20
4.306172e+01;3.947072e-20
4.311172e+01;3.942539e-20
4.316173e+01;3.938018e-20
4.321173e+01;3.933508e-20
4.326173e+01;3.929009e-20
4.331173e+01;3.924521e-20
4.336173e+01;3.920045e-20
4.341174e+01;3.915579e-20
4.346174e+01;3.911125e-20
4.351174e+01;3.906682e-20
4.356174e+01;3.902250e-20
4.361174e+01;3.897829e-20
4.366175e+01;3.893419e-20
4.371175e+01;3.889020e-20
4.376175e+01;3.884631e-20
4.381175e+01;3.880254e-20
4.386175e+01;3.875887e-20
4.391176e+01;3.871531e-20
4.396176e+01;3.867185e-20
4.401176e+01;3.862850e-20
4.406176e+01;3.858526e-20
4.411176e+01;3.854212e-20
4.416177e+01;3.849909e-20
4.421177e+01;3.845616e-20
4.426177e+01;3.841334e-20
4.431177e+01;3.837062e-20
4.436177e+01;3.832800e-20
4.441178e+01;3.828549e-20
4.446178e+01;3.824308e-20
4.451178e+01;3.820077e-20
4.456178e+01;3.815857e-20
4.461178e+01;3.811646e-20
4.466179e+01;3.807445e-20
4.471179e+01;3.803255e-20
4.476179e+01;3.799075e-20
4.481179e+01;3.794904e-20
4.486179e+01;3.790744e-20
4.491180e+01;3.786593e-20
4.496180e+01;3.782452e-20
4.501180e+01;3.778322e-20
4.506180e+01;3.774200e-20
4.511180e+01;3.770089e-20
4.516181e+01;3.765987e-20
4.521181e+01;3.761895e-20
4.526181e+01;3.757813e-20
4.531181e+01;3.753740e-20
4.536181e+01;3.749677e-20
4.541182e+01;3.745623e-20
4.546182e+01;3.741579e-20
4.551182e+01;3.737544e-20
4.556182e+01;3.733519e-20
4.561182e+01;3.729503e-20
4.566183e+01;3.725496e-20
4.571183e+01;3.721499e-20
4.576183e+01;3.717511e-20
4.581183e+01;3.713532e-20
4.586183e+01;3.709562e-20
4.591184e+01;3.705602e-20
4.596184e+01;3.701650e-20
4.601184e+01;3.697708e-20
4.606184e+01;3.693775e-20
4.611184e+01;3.689851e-20
4.616185e+01;3.685936e-20
4.621185e+01;3.682030e-20
4.626185e+01;3.678132e-20
4.631185e+01;3.674244e-20
4.636185e+01;3.670364e-20
4.641186e+01;3.666494e-20
4.646186e+01;3.662632e-20
4.651186e+01;3.658779e-20
4.656186e+01;3.654934e-20
4.661186e+01;3.651098e-20
4.666187e+01;3.647271e-20
4.671187e+01;3.643453e-20
4.676187e+01;3.639643e-20
4.681187e+01;3.635842e-20
4.686187e+01;3.632049e-20
4.691188e+01;3.628265e-20
4.696188e+01;3.624489e-20
4.701188e+01;3.620722e-20
4.706188e+01;3.616963e-20
4.711188e+01;3.613213e-20
4.716189e+01;3.609470e-20
4.721189e+01;3.605737e-20
4.726189e+01;3.602011e-20
4.731189e+01;3.598294e-20
4.736189e+01;3.594585e-20
4.741190e+01;3.590884e-20
4.746190e+01;3.587191e-20
4.751190e+01;3.583507e-20
4.756190e+01;3.579830e-20
4.761190e+01;3.576162e-20
4.766191e+01;3.572502e-20
4.771191e+01;3.568850e-20
4.776191e+01;3.565205e-20
4.781191e+01;3.561569e-20
4.786191e+01;3.557941e-20
4.791192e+01;3.554320e-20
4.796192e+01;3.550708e-20
4.801192e+01;3.547103e-20
4.806192e+01;3.543506e-20
4.811192e+01;3.539917e-20
4.816193e+01;3.536336e-20
4.821193e+01;3.532763e-20
4.826193e+01;3.529197e-20
4.831193e+01;3.525639e-20
4.836193e+01;3.522088e-20
4.841194e+01;3.518546e-20
4.846194e+01;3.515010e-20
4.851194e+01;3.511483e-20
4.856194e+01;3.507963e-20
4.861194e+01;3.504450e-20
4.866195e+01;3.500945e-20
4.871195e+01;3.497448e-20
4.876195e+01;3.493958e-20
4.881195e+01;3.490475e-20
4.886195e+01;3.487000e-20
4.891196e+01;3.483532e-20
4.896196e+01;3.480071e-20
4.901196e+01;3.476618e-20
4.906196e+01;3.473172e-20
4.911196e+01;3.469734e-20
4.916197e+01;3.466302e-20
4.921197e+01;3.462878e-20
4.926197e+01;3.459461e-20
4.931197e+01;3.456052e-20
4.936197e+01;3.452649e-20
4.941198e+01;3.449254e-20
4.946198e+01;3.445865e-20
4.951198e+01;3.442484e-20
4.956198e+01;3.439110e-20
4.961198e+01;3.435743e-20
4.966199e+01;3.432382e-20
4.971199e+01;3.429029e-20
4.976199e+01;3.425683e-20
4.981199e+01;3.422344e-20
4.986199e+01;3.419011e-20
4.991200e+01;3.415686e-20
4.996200e+01;3.412367e-20
5.001200e+01;3.409055e-20
5.006200e+01;3.405750e-20
5.011200e+01;3.402452e-20
5.016201e+01;3.399161e-20
5.021201e+01;3.395876e-20
5.026201e+01;3.392598e-20
5.031201e+01;3.389327e-20
5.036201e+01;3.386062e-20
5.041202e+01;3.382805e-20
5.046202e+01;3.379553e-20
5.051202e+01;3.376309e-20
5.056202e+01;3.373071e-20
5.061202e+01;3.369839e-20
5.066203e+01;3.366614e-20
5.071203e+01;3.363396e-20
5.076203e+01;3.360184e-20
5.081203e+01;3.356979e-20
5.086203e+01;3.353780e-20
5.091204e+01;3.350588e-20
5.096204e+01;3.347402e-20
5.101204e+01;3.344222e-20
5.106204e+01;3.341049e-20
5.111204e+01;3.337882e-20
5.116205e+01;3.334722e-20
5.121205e+01;3.331568e-20
5.126205e+01;3.328420e-20
5.131205e+01;3.325278e-20
5.136205e+01;3.322143e-20
5.141206e+01;3.319014e-20
5.146206e+01;3.315891e-20
5.151206e+01;3.312774e-20
5.156206e+01;3.309664e-20
5.161206e+01;3.306559e-20
5.166207e+01;3.303461e-20
5.171207e+01;3.300369e-20
5.176207e+01;3.297283e-20
5.181207e+01;3.294203e-20
5.186207e+01;3.291130e-20
5.191208e+01;3.288062e-20
5.196208e+01;3.285000e-20
5.201208e+01;3.281945e-20
5.206208e+01;3.278895e-20
5.211208e+01;3.275851e-20
5.216209e+01;3.272813e-20
5.221209e+01;3.269781e-20
5.226209e+01;3.266755e-20
5.231209e+01;3.263735e-20
5.236209e+01;3.260721e-20
5.241210e+01;3.257713e-20
5.246210e+01;3.254710e-20
5.251210e+01;3.251714e-20
5.256210e+01;3.248723e-20
5.261210e+01;3.245738e-20
5.266211e+01;3.242758e-20
5.271211e+01;3.239785e-20
5.276211e+01;3.236817e-20
5.281211e+01;3.233855e-20
5.286211e+01;3.230898e-20
5.291212e+01;3.227948e-20
5.296212e+01;3.225002e-20
5.301212e+01;3.222063e-20
5.306212e+01;3.219129e-20
5.311212e+01;3.216201e-20
5.316213e+01;3.213278e-20
5.321213e+01;3.210361e-20
5.326213e+01;3.207450e-20
5.331213e+01;3.204544e-20
5.336213e+01;3.201643e-20
5.341214e+01;3.198748e-20
5.346214e+01;3.195859e-20
5.351214e+01;3.192975e-20
5.356214e+01;3.190096e-20
5.361214e+01;3.187223e-20
5.366215e+01;3.184356e-20
5.371215e+01;3.181493e-20
5.376215e+01;3.178636e-20
5.381215e+01;3.175785e-20
5.386215e+01;3.172939e-20
5.391216e+01;3.170098e-20
5.396216e+01;3.167262e-20
5.401216e+01;3.164432e-20
5.406216e+01;3.161607e-20
5.411216e+01;3.158788e-20
5.416217e+01;3.155973e-20
5.421217e+01;3.153164e-20
5.426217e+01;3.150360e-20
5.431217e+01;3.147562e-20
5.436217e+01;3.144768e-20
5.441218e+01;3.141980e-20
5.446218e+01;3.139197e-20
5.451218e+01;3.136419e-20
5.456218e+01;3.133646e-20
5.461218e+01;3.130878e-20
5.466219e+01;3.128115e-20
5.471219e+01;3.125358e-20
5.476219e+01;3.122605e-20
5.481219e+01;3.119858e-20
5.486219e+01;3.117116e-20
5.491220e+01;3.114378e-20
5.496220e+01;3.111646e-20
5.501220e+01;3.108919e-20
5.506220e+01;3.106196e-20
5.511220e+01;3.103479e-20
5.516221e+01;3.100766e-20
5.521221e+01;3.098059e-20
5.526221e+01;3.095356e-20
5.531221e+01;3.092659e-20
5.536221e+01;3.089966e-20
5.541222e+01;3.087278e-20
5.546222e+01;3.084595e-20
5.551222e+01;3.081917e-20
5.556222e+01;3.079244e-20
5.561222e+01;3.076575e-20
5.566223e+01;3.073912e-20
5.571223e+01;3.071253e-20
5.576223e+01;3.068599e-20
5.581223e+01;3.065950e-20
5.586223e+01;3.063305e-20
5.591224e+01;3.060665e-20
5.596224e+01;3.058030e-20
5.601224e+01;3.055400e-20
5.606224e+01;3.052774e-20
5.611224e+01;3.050153e-20
5.616225e+01;3.047537e-20
5.621225e+01;3.044926e-20
5.626225e+01;3.042319e-20
5.631225e+01;3.039716e-20
5.636225e+01;3.037119e-20
5.641226e+01;3.034526e-20
5.646226e+01;3.031937e-20
5.651226e+01;3.029353e-20
5.656226e+01;3.026774e-20
5.661226e+01;3.024199e-20
5.666227e+01;3.021629e-20
5.671227e+01;3.019063e-20
5.676227e+01;3.016502e-20
5.681227e+01;3.013945e-20
5.686227e+01;3.011393e-20
5.691228e+01;3.008846e-20
5.696228e+01;3.006302e-20
5.701228e+01;3.003764e-20
5.706228e+01;3.001229e-20
5.711228e+01;2.998699e-20
5.716229e+01;2.996174e-20
5.721229e+01;2.993653e-20
5.726229e+01;2.991136e-20
5.731229e+01;2.988624e-20
5.736229e+01;2.986116e-20
5.741230e+01;2.983613e-20
5.746230e+01;2.981113e-20
5.751230e+01;2.978618e-20
5.756230e+01;2.976128e-20
5.761230e+01;2.973642e-20
5.766231e+01;2.971160e-20
5.771231e+01;2.968682e-20
5.776231e+01;2.966209e-20
5.781231e+01;2.963740e-20
5.786231e+01;2.961275e-20
5.791232e+01;2.958814e-20
5.796232e+01;2.956358e-20
5.801232e+01;2.953906e-20
5.806232e+01;2.951458e-20
5.811232e+01;2.949014e-20
5.816233e+01;2.946574e-20
5.821233e+01;2.944139e-20
5.826233e+01;2.941708e-20
5.831233e+01;2.939281e-20
5.836233e+01;2.936858e-20
5.841234e+01;2.934439e-20
5.846234e+01;2.932024e-20
5.851234e+01;2.929613e-20
5.856234e+01;2.927207e-20
5.861234e+01;2.924804e-20
5.866235e+01;2.922406e-20
5.871235e+01;2.920012e-20
5.876235e+01;2.917621e-20
5.881235e+01;2.915235e-20
5.886235e+01;2.912853e-20
5.891236e+01;2.910475e-20
5.896236e+01;2.908100e-20
5.901236e+01;2.905730e-20
5.906236e+01;2.903364e-20
5.911236e+01;2.901002e-20
5.916237e+01;2.898643e-20
5.921237e+01;2.896289e-20
5.926237e+01;2.893939e-20
5.931237e+01;2.891592e-20
5.936237e+01;2.889250e-20
5.941238e+01;2.886911e-20
5.946238e+01;2.884576e-20
5.951238e+01;2.882245e-20
5.956238e+01;2.879918e-20
5.961238e+01;2.877595e-20
5.966239e+01;2.875276e-20
5.971239e+01;2.872961e-20
5.976239e+01;2.870649e-20
5.981239e+01;2.868341e-20
5.986239e+01;2.866037e-20
5.991240e+01;2.863737e-20
5.996240e+01;2.861441e-20
6.001240e+01;2.859148e-20
6.006240e+01;2.856860e-20
6.011240e+01;2.854575e-20
6.016241e+01;2.852294e-20
6.021241e+01;2.850016e-20
6.026241e+01;2.847742e-20
6.031241e+01;2.845472e-20
6.036241e+01;2.843206e-20
6.041242e+01;2.840943e-20
6.046242e+01;2.838685e-20
6.051242e+01;2.836429e-20
6.056242e+01;2.834178e-20
6.061242e+01;2.831930e-20
6.066243e+01;2.829686e-20
6.071243e+01;2.827445e-20
6.076243e+01;2.825208e-20
6.081243e+01;2.822975e-20
6.086243e+01;2.820745e-20
6.091244e+01;2.818519e-20
6.096244e+01;2.816297e-20
6.101244e+01;2.814078e-20
6.106244e+01;2.811863e-20
6.111244e+01;2.809651e-20
6.116245e+01;2.807443e-20
6.121245e+01;2.805239e-20
6.126245e+01;2.803038e-20
6.131245e+01;2.800840e-20
6.136245e+01;2.798646e-20
6.141246e+01;2.796456e-20
6.146246e+01;2.794269e-20
6.151246e+01;2.792086e-20
6.156246e+01;2.789906e-20
6.161246e+01;2.787729e-20
6.166247e+01;2.785557e-20
6.171247e+01;2.783387e-20
6.176247e+01;2.781221e-20
6.181247e+01;2.779059e-20
6.186247e+01;2.776900e-20
6.191248e+01;2.774744e-20
6.196248e+01;2.772592e-20
6.201248e+01;2.770443e-20
6.206248e+01;2.768297e-20
6.211248e+01;2.766155e-20
6.216249e+01;2.764017e-20
6.221249e+01;2.761882e-20
6.226249e+01;2.759750e-20
6.231249e+01;2.757621e-20
6.236249e+01;2.755496e-20
6.241250e+01;2.753374e-20
6.246250e+01;2.751256e-20
6.251250e+01;2.749141e-20
6.256250e+01;2.747029e-20
6.261250e+01;2.744921e-20
6.266251e+01;2.742816e-20
6.271251e+01;2.740714e-20
6.276251e+01;2.738615e-20
6.281251e+01;2.736520e-20
6.286251e+01;2.734428e-20
6.291252e+01;2.732339e-20
6.296252e+01;2.730254e-20
6.301252e+01;2.728171e-20
6.306252e+01;2.726092e-20
6.311252e+01;2.724017e-20
6.316253e+01;2.721944e-20
6.321253e+01;2.719875e-20
6.326253e+01;2.717809e-20
6.331253e+01;2.715746e-20
6.336253e+01;2.713686e-20
6.341254e+01;2.711630e-20
6.346254e+01;2.709576e-20
6.351254e+01;2.707526e-20
6.356254e+01;2.705479e-20
6.361254e+01;2.703435e-20
6.366255e+01;2.701395e-20
6.371255e+01;2.699357e-20
6.376255e+01;2.697323e-20
6.381255e+01;2.695292e-20
6.386255e+01;2.693263e-20
6.391256e+01;2.691238e-20
6.396256e+01;2.689216e-20
6.401256e+01;2.687198e-20
6.406256e+01;2.685182e-20
6.411256e+01;2.683169e-20
6.416257e+01;2.681160e-20
6.421257e+01;2.679153e-20
6.426257e+01;2.677150e-20
6.431257e+01;2.675149e-20
6.436257e+01;2.673152e-20
6.441258e+01;2.671157e-20
6.446258e+01;2.669166e-20
6.451258e+01;2.667178e-20
6.456258e+01;2.665193e-20
6.461258e+01;2.663210e-20
6.466259e+01;2.661231e-20
6.471259e+01;2.659255e-20
6.476259e+01;2.657282e-20
6.481259e+01;2.655311e-20
6.486259e+01;2.653344e-20
6.491260e+01;2.651380e-20
6.496260e+01;2.649418e-20
6.501260e+01;2.647460e-20
6.506260e+01;2.645504e-20
6.511260e+01;2.643552e-20
6.516261e+01;2.641602e-20
6.521261e+01;2.639655e-20
6.526261e+01;2.637711e-20
6.531261e+01;2.635771e-20
6.536261e+01;2.633833e-20
6.541262e+01;2.631897e-20
6.546262e+01;2.629965e-20
6.551262e+01;2.628036e-20
6.556262e+01;2.626109e-20
6.561262e+01;2.624186e-20
6.566263e+01;2.622265e-20
6.571263e+01;2.620347e-20
6.576263e+01;2.618432e-20
6.581263e+01;2.616520e-20
6.586263e+01;2.614611e-20
6.591264e+01;2.612704e-20
6.596264e+01;2.610801e-20
6.601264e+01;2.608900e-20
6.606264e+01;2.607002e-20
6.611264e+01;2.605106e-20
6.616265e+01;2.603214e-20
6.621265e+01;2.601324e-20
6.626265e+01;2.599437e-20
6.631265e+01;2.597553e-20
6.636265e+01;2.595672e-20
6.641266e+01;2.593793e-20
6.646266e+01;2.591918e-20
6.651266e+01;2.590045e-20
6.656266e+01;2.588174e-20
6.661266e+01;2.586307e-20
6.666267e+01;2.584442e-20
6.671267e+01;2.582580e-20
6.676267e+01;2.580720e-20
6.681267e+01;2.578864e-20
6.686267e+01;2.577010e-20
6.691268e+01;2.575158e-20
6.696268e+01;2.573310e-20
6.701268e+01;2.571464e-20
6.706268e+01;2.569621e-20
6.711268e+01;2.567780e-20
6.716269e+01;2.565942e-20
6.721269e+01;2.564107e-20
6.726269e+01;2.562275e-20
6.731269e+01;2.560445e-20
6.736269e+01;2.558618e-20
6.741270e+01;2.556793e-20
6.746270e+01;2.554971e-20
6.751270e+01;2.553152e-20
6.756270e+01;2.551335e-20
6.761270e+01;2.549521e-20
6.766271e+01;2.547709e-20
6.771271e+01;2.545900e-20
6.776271e+01;2.544094e-20
6.781271e+01;2.542290e-20
6.786271e+01;2.540489e-20
6.791272e+01;2.538691e-20
6.796272e+01;2.536895e-20
6.801272e+01;2.535102e-20
6.806272e+01;2.533311e-20
6.811272e+01;2.531523e-20
6.816273e+01;2.529737e-20
6.821273e+01;2.527954e-20
6.826273e+01;2.526173e-20
6.831273e+01;2.524395e-20
6.836273e+01;2.522619e-20
6.841274e+01;2.520846e-20
6.846274e+01;2.519076e-20
6.851274e+01;2.517308e-20
6.856274e+01;2.515542e-20
6.861274e+01;2.513780e-20
6.866275e+01;2.512019e-20
6.871275e+01;2.510261e-20
6.876275e+01;2.508506e-20
6.881275e+01;2.506753e-20
6.886275e+01;2.505002e-20
6.891276e+01;2.503254e-20
6.896276e+01;2.501508e-20
6.901276e+01;2.499765e-20
6.906276e+01;2.498024e-20
6.911276e+01;2.496286e-20
6.916277e+01;2.494550e-20
6.921277e+01;2.492817e-20
6.926277e+01;2.491086e-20
6.931277e+01;2.489358e-20
6.936277e+01;2.487631e-20
6.941278e+01;2.485908e-20
6.946278e+01;2.484186e-20
6.951278e+01;2.482468e-20
6.956278e+01;2.480751e-20
6.961278e+01;2.479037e-20
6.966279e+01;2.477325e-20
6.971279e+01;2.475616e-20
6.976279e+01;2.473909e-20
6.981279e+01;2.472205e-20
6.986279e+01;2.470502e-20
6.991280e+01;2.468803e-20
6.996280e+01;2.467105e-20
7.001280e+01;2.465410e-20
7.006280e+01;2.463717e-20
7.011280e+01;2.462027e-20
7.016281e+01;2.460339e-20
7.021281e+01;2.458653e-20
7.026281e+01;2.456970e-20
7.031281e+01;2.455289e-20
7.036281e+01;2.453610e-20
7.041282e+01;2.451933e-20
7.046282e+01;2.450259e-20
7.051282e+01;2.448587e-20
7.056282e+01;2.446918e-20
7.061282e+01;2.445251e-20
7.066283e+01;2.443586e-20
7.071283e+01;2.441923e-20
7.076283e+01;2.440262e-20
7.081283e+01;2.438604e-20
7.086283e+01;2.436948e-20
7.091284e+01;2.435295e-20
7.096284e+01;2.433644e-20
7.101284e+01;2.431994e-20
7.106284e+01;2.430348e-20
7.111284e+01;2.428703e-20
7.116285e+01;2.427061e-20
7.121285e+01;2.425421e-20
7.126285e+01;2.423783e-20
7.131285e+01;2.422147e-20
7.136285e+01;2.420514e-20
7.141286e+01;2.418882e-20
7.146286e+01;2.417253e-20
7.151286e+01;2.415626e-20
7.156286e+01;2.414002e-20
7.161286e+01;2.412379e-20
7.166287e+01;2.410759e-20
7.171287e+01;2.409141e-20
7.176287e+01;2.407525e-20
7.181287e+01;2.405912e-20
7.186287e+01;2.404300e-20
7.191288e+01;2.402691e-20
7.196288e+01;2.401084e-20
7.201288e+01;2.399479e-20
7.206288e+01;2.397876e-20
7.211288e+01;2.396275e-20
7.216289e+01;2.394677e-20
7.221289e+01;2.393080e-20
7.226289e+01;2.391486e-20
7.231289e+01;2.389894e-20
7.236289e+01;2.388304e-20
7.241290e+01;2.386716e-20
7.246290e+01;2.385130e-20
7.251290e+01;2.383547e-20
7.256290e+01;2.381965e-20
7.261290e+01;2.380386e-20
7.266291e+01;2.378808e-20
7.271291e+01;2.377233e-20
7.276291e+01;2.375660e-20
7.281291e+01;2.374089e-20
7.286291e+01;2.372520e-20
7.291292e+01;2.370953e-20
7.296292e+01;2.369389e-20
7.301292e+01;2.367826e-20
7.306292e+01;2.366265e-20
7.311292e+01;2.364707e-20
7.316293e+01;2.363150e-20
7.321293e+01;2.361596e-20
7.326293e+01;2.360043e-20
7.331293e+01;2.358493e-20
7.336293e+01;2.356945e-20
7.341294e+01;2.355398e-20
7.346294e+01;2.353854e-20
7.351294e+01;2.352312e-20
7.356294e+01;2.350772e-20
7.361294e+01;2.349233e-20
7.366295e+01;2.347697e-20
7.371295e+01;2.346163e-20
7.376295e+01;2.344631e-20
7.381295e+01;2.343101e-20
7.386295e+01;2.341573e-20
7.391296e+01;2.340047e-20
7.396296e+01;2.338523e-20
7.401296e+01;2.337001e-20
7.406296e+01;2.335480e-20
7.411296e+01;2.333962e-20
7.416297e+01;2.332446e-20
7.421297e+01;2.330932e-20
7.426297e+01;2.329420e-20
7.431297e+01;2.327909e-20
7.436297e+01;2.326401e-20
7.441298e+01;2.324895e-20
7.446298e+01;2.323390e-20
7.451298e+01;2.321888e-20
7.456298e+01;2.320387e-20
7.461298e+01;2.318889e-20
7.466299e+01;2.317392e-20
7.471299e+01;2.315897e-20
7.476299e+01;2.314405e-20
7.481299e+01;2.312914e-20
7.486299e+01;2.311425e-20
7.491300e+01;2.309938e-20
7.496300e+01;2.308453e-20
7.501300e+01;2.306970e-20
7.506300e+01;2.305489e-20
7.511300e+01;2.304009e-20
7.516301e+01;2.302532e-20
7.521301e+01;2.301056e-20
7.526301e+01;2.299583e-20
7.531301e+01;2.298111e-20
7.536301e+01;2.296641e-20
7.541302e+01;2.295173e-20
7.546302e+01;2.293707e-20
7.551302e+01;2.292242e-20
7.556302e+01;2.290780e-20
7.561302e+01;2.289320e-20
7.566303e+01;2.287861e-20
7.571303e+01;2.286404e-20
7.576303e+01;2.284949e-20
7.581303e+01;2.283496e-20
7.586303e+01;2.282045e-20
7.591304e+01;2.280595e-20
7.596304e+01;2.279148e-20
7.601304e+01;2.277702e-20
7.606304e+01;2.276258e-20
7.611304e+01;2.274816e-20
7.616305e+01;2.273376e-20
7.621305e+01;2.271938e-20
7.626305e+01;2.270501e-20
7.631305e+01;2.269066e-20
7.636305e+01;2.267633e-20
7.641306e+01;2.266202e-20
7.646306e+01;2.264773e-20
7.651306e+01;2.263345e-20
7.656306e+01;2.261920e-20
7.661306e+01;2.260496e-20
7.666307e+01;2.259073e-20
7.671307e+01;2.257653e-20
7.676307e+01;2.256235e-20
7.681307e+01;2.254818e-20
7.686307e+01;2.253403e-20
7.691308e+01;2.251989e-20
7.696308e+01;2.250578e-20
7.701308e+01;2.249168e-20
7.706308e+01;2.247760e-20
7.711308e+01;2.246354e-20
7.716309e+01;2.244950e-20
7.721309e+01;2.243547e-20
7.726309e+01;2.242146e-20
7.731309e+01;2.240747e-20
7.736309e+01;2.239349e-20
7.741310e+01;2.237954e-20
7.746310e+01;2.236560e-20
7.751310e+01;2.235167e-20
7.756310e+01;2.233777e-20
7.761310e+01;2.232388e-20
7.766311e+01;2.231001e-20
7.771311e+01;2.229616e-20
7.776311e+01;2.228232e-20
7.781311e+01;2.226850e-20
7.786311e+01;2.225470e-20
7.791312e+01;2.224092e-20
7.796312e+01;2.222715e-20
7.801312e+01;2.221340e-20
7.806312e+01;2.219966e-20
7.811312e+01;2.218595e-20
7.816313e+01;2.217225e-20
7.821313e+01;2.215856e-20
7.826313e+01;2.214490e-20
7.831313e+01;2.213125e-20
7.836313e+01;2.211761e-20
7.841314e+01;2.210400e-20
7.846314e+01;2.209040e-20
7.851314e+01;2.207682e-20
7.856314e+01;2.206325e-20
7.861314e+01;2.204970e-20
7.866315e+01;2.203617e-20
7.871315e+01;2.202265e-20
7.876315e+01;2.200915e-20
7.881315e+01;2.199567e-20
7.886315e+01;2.198220e-20
7.891316e+01;2.196875e-20
7.896316e+01;2.195532e-20
7.901316e+01;2.194190e-20
7.906316e+01;2.192850e-20
7.911316e+01;2.191512e-20
7.916317e+01;2.190175e-20
7.921317e+01;2.188839e-20
7.926317e+01;2.187506e-20
7.931317e+01;2.186174e-20
7.936317e+01;2.184843e-20
7.941318e+01;2.183515e-20
7.946318e+01;2.182188e-20
7.951318e+01;2.180862e-20
7.956318e+01;2.179538e-20
7.961318e+01;2.178216e-20
7.966319e+01;2.176895e-20
7.971319e+01;2.175576e-20
7.976319e+01;2.174258e-20
7.981319e+01;2.172942e-20
7.986319e+01;2.171628e-20
7.991320e+01;2.170315e-20
7.996320e+01;2.169004e-20
8.001320e+01;2.167694e-20
8.006320e+01;2.166386e-20
8.011320e+01;2.165080e-20
8.016321e+01;2.163775e-20
8.021321e+01;2.162471e-20
8.026321e+01;2.161170e-20
8.031321e+01;2.159869e-20
8.036321e+01;2.158571e-20
8.041322e+01;2.157273e-20
8.046322e+01;2.155978e-20
8.051322e+01;2.154684e-20
8.056322e+01;2.153391e-20
8.061322e+01;2.152100e-20
8.066323e+01;2.150811e-20
8.071323e+01;2.149523e-20
8.076323e+01;2.148237e-20
8.081323e+01;2.146952e-20
8.086323e+01;2.145669e-20
8.091324e+01;2.144387e-20
8.096324e+01;2.143107e-20
8.101324e+01;2.141828e-20
8.106324e+01;2.140551e-20
8.111324e+01;2.139275e-20
8.116325e+01;2.138001e-20
8.121325e+01;2.136728e-20
8.126325e+01;2.135457e-20
8.131325e+01;2.134188e-20
8.136325e+01;2.132919e-20
8.141326e+01;2.131653e-20
8.146326e+01;2.130388e-20
8.151326e+01;2.129124e-20
8.156326e+01;2.127862e-20
8.161326e+01;2.126601e-20
8.166327e+01;2.125342e-20
8.171327e+01;2.124084e-20
8.176327e+01;2.122828e-20
8.181327e+01;2.121573e-20
8.186327e+01;2.120320e-20
8.191328e+01;2.119068e-20
8.196328e+01;2.117818e-20
8.201328e+01;2.116569e-20
8.206328e+01;2.115321e-20
8.211328e+01;2.114075e-20
8.216329e+01;2.112831e-20
8.221329e+01;2.111588e-20
8.226329e+01;2.110346e-20
8.231329e+01;2.109106e-20
8.236329e+01;2.107867e-20
8.241330e+01;2.106630e-20
8.246330e+01;2.105394e-20
8.251330e+01;2.104160e-20
8.256330e+01;2.102927e-20
8.261330e+01;2.101696e-20
8.266331e+01;2.100465e-20
8.271331e+01;2.099237e-20
8.276331e+01;2.098010e-20
8.281331e+01;2.096784e-20
8.286331e+01;2.095559e-20
8.291332e+01;2.094336e-20
8.296332e+01;2.093115e-20
8.301332e+01;2.091895e-20
8.306332e+01;2.090676e-20
8.311332e+01;2.089459e-20
8.316333e+01;2.088243e-20
8.321333e+01;2.087028e-20
8.326333e+01;2.085815e-20
8.331333e+01;2.084604e-20
8.336333e+01;2.083393e-20
8.341334e+01;2.082185e-20
8.346334e+01;2.080977e-20
8.351334e+01;2.079771e-20
8.356334e+01;2.078566e-20
8.361334e+01;2.077363e-20
8.366335e+01;2.076161e-20
8.371335e+01;2.074960e-20
8.376335e+01;2.073761e-20
8.381335e+01;2.072563e-20
8.386335e+01;2.071367e-20
8.391336e+01;2.070172e-20
8.396336e+01;2.068978e-20
8.401336e+01;2.067786e-20
8.406336e+01;2.066595e-20
8.411336e+01;2.065405e-20
8.416337e+01;2.064217e-20
8.421337e+01;2.063030e-20
8.426337e+01;2.061844e-20
8.431337e+01;2.060660e-20
8.436337e+01;2.059477e-20
8.441338e+01;2.058296e-20
8.446338e+01;2.057116e-20
8.451338e+01;2.055937e-20
8.456338e+01;2.054759e-20
8.461338e+01;2.053583e-20
8.466339e+01;2.052408e-20
8.471339e+01;2.051235e-20
8.476339e+01;2.050063e-20
8.481339e+01;2.048892e-20
8.486339e+01;2.047722e-20
8.491340e+01;2.046554e-20
8.496340e+01;2.045387e-20
8.501340e+01;2.044222e-20
8.506340e+01;2.043057e-20
8.511340e+01;2.041894e-20
8.516341e+01;2.040733e-20
8.521341e+01;2.039573e-20
8.526341e+01;2.038414e-20
8.531341e+01;2.037256e-20
8.536341e+01;2.036099e-20
8.541342e+01;2.034944e-20
8.546342e+01;2.033791e-20
8.551342e+01;2.032638e-20
8.556342e+01;2.031487e-20
8.561342e+01;2.030337e-20
8.566343e+01;2.029188e-20
8.571343e+01;2.028041e-20
8.576343e+01;2.026895e-20
8.581343e+01;2.025750e-20
8.586343e+01;2.024607e-20
8.591344e+01;2.023465e-20
8.596344e+01;2.022324e-20
8.601344e+01;2.021184e-20
8.606344e+01;2.020046e-20
8.611344e+01;2.018908e-20
8.616345e+01;2.017773e-20
8.621345e+01;2.016638e-20
8.626345e+01;2.015505e-20
8.631345e+01;2.014373e-20
8.636345e+01;2.013242e-20
8.641346e+01;2.012112e-20
8.646346e+01;2.010984e-20
8.651346e+01;2.009857e-20
8.656346e+01;2.008731e-20
8.661346e+01;2.007607e-20
8.666347e+01;2.006483e-20
8.671347e+01;2.005361e-20
8.676347e+01;2.004241e-20
8.681347e+01;2.003121e-20
8.686347e+01;2.002003e-20
8.691348e+01;2.000886e-20
8.696348e+01;1.999770e-20
8.701348e+01;1.998655e-20
8.706348e+01;1.997542e-20
8.711348e+01;1.996429e-20
8.716349e+01;1.995318e-20
8.721349e+01;1.994209e-20
8.726349e+01;1.993100e-20
8.731349e+01;1.991993e-20
8.736349e+01;1.990887e-20
8.741350e+01;1.989782e-20
8.746350e+01;1.988678e-20
8.751350e+01;1.987576e-20
8.756350e+01;1.986475e-20
8.761350e+01;1.985375e-20
8.766351e+01;1.984276e-20
8.771351e+01;1.983178e-20
8.776351e+01;1.982082e-20
8.781351e+01;1.980987e-20
8.786351e+01;1.979893e-20
8.791352e+01;1.978800e-20
8.796352e+01;1.977708e-20
8.801352e+01;1.976618e-20
8.806352e+01;1.975528e-20
8.811352e+01;1.974440e-20
8.816353e+01;1.973353e-20
8.821353e+01;1.972268e-20
8.826353e+01;1.971183e-20
8.831353e+01;1.970100e-20
8.836353e+01;1.969018e-20
8.841354e+01;1.967937e-20
8.846354e+01;1.966857e-20
8.851354e+01;1.965778e-20
8.856354e+01;1.964701e-20
8.861354e+01;1.963624e-20
8.866355e+01;1.962549e-20
8.871355e+01;1.961475e-20
8.876355e+01;1.960403e-20
8.881355e+01;1.959331e-20
8.886355e+01;1.958260e-20
8.891356e+01;1.957191e-20
8.896356e+01;1.956123e-20
8.901356e+01;1.955056e-20
8.906356e+01;1.953990e-20
8.911356e+01;1.952925e-20
8.916357e+01;1.951862e-20
8.921357e+01;1.950799e-20
8.926357e+01;1.949738e-20
8.931357e+01;1.948678e-20
8.936357e+01;1.947619e-20
8.941358e+01;1.946561e-20
8.946358e+01;1.945504e-20
8.951358e+01;1.944448e-20
8.956358e+01;1.943394e-20
8.961358e+01;1.942340e-20
8.966359e+01;1.941288e-20
8.971359e+01;1.940237e-20
8.976359e+01;1.939187e-20
8.981359e+01;1.938138e-20
8.986359e+01;1.937090e-20
8.991360e+01;1.936044e-20
8.996360e+01;1.934998e-20
9.001360e+01;1.933954e-20
9.006360e+01;1.932910e-20
9.011360e+01;1.931868e-20
9.016361e+01;1.930827e-20
9.021361e+01;1.929787e-20
9.026361e+01;1.928748e-20
9.031361e+01;1.927711e-20
9.036361e+01;1.926674e-20
9.041362e+01;1.925638e-20
9.046362e+01;1.924604e-20
9.051362e+01;1.923571e-20
9.056362e+01;1.922538e-20
9.061362e+01;1.921507e-20
9.066363e+01;1.920477e-20
9.071363e+01;1.919448e-20
9.076363e+01;1.918420e-20
9.081363e+01;1.917393e-20
9.086363e+01;1.916368e-20
9.091364e+01;1.915343e-20
9.096364e+01;1.914319e-20
9.101364e+01;1.913297e-20
9.106364e+01;1.912275e-20
9.111364e+01;1.911255e-20
9.116365e+01;1.910236e-20
9.121365e+01;1.909218e-20
9.126365e+01;1.908201e-20
9.131365e+01;1.907184e-20
9.136365e+01;1.906169e-20
9.141366e+01;1.905156e-20
9.146366e+01;1.904143e-20
9.151366e+01;1.903131e-20
9.156366e+01;1.902120e-20
9.161366e+01;1.901110e-20
9.166367e+01;1.900102e-20
9.171367e+01;1.899094e-20
9.176367e+01;1.898088e-20
9.181367e+01;1.897082e-20
9.186367e+01;1.896078e-20
9.191368e+01;1.895074e-20
9.196368e+01;1.894072e-20
9.201368e+01;1.893071e-20
9.206368e+01;1.892071e-20
9.211368e+01;1.891071e-20
9.216369e+01;1.890073e-20
9.221369e+01;1.889076e-20
9.226369e+01;1.888080e-20
9.231369e+01;1.887085e-20
9.236369e+01;1.886091e-20
9.241370e+01;1.885098e-20
9.246370e+01;1.884106e-20
9.251370e+01;1.883115e-20
9.256370e+01;1.882125e-20
9.261370e+01;1.881136e-20
9.266371e+01;1.880149e-20
9.271371e+01;1.879162e-20
9.276371e+01;1.878176e-20
9.281371e+01;1.877191e-20
9.286371e+01;1.876207e-20
9.291372e+01;1.875225e-20
9.296372e+01;1.874243e-20
9.301372e+01;1.873262e-20
9.306372e+01;1.872283e-20
9.311372e+01;1.871304e-20
9.316373e+01;1.870326e-20
9.321373e+01;1.869349e-20
9.326373e+01;1.868374e-20
9.331373e+01;1.867399e-20
9.336373e+01;1.866425e-20
9.341374e+01;1.865453e-20
9.346374e+01;1.864481e-20
9.351374e+01;1.863510e-20
9.356374e+01;1.862541e-20
9.361374e+01;1.861572e-20
9.366375e+01;1.860604e-20
9.371375e+01;1.859638e-20
9.376375e+01;1.858672e-20
9.381375e+01;1.857707e-20
9.386375e+01;1.856743e-20
9.391376e+01;1.855781e-20
9.396376e+01;1.854819e-20
9.401376e+01;1.853858e-20
9.406376e+01;1.852898e-20
9.411376e+01;1.851939e-20
9.416377e+01;1.850982e-20
9.421377e+01;1.850025e-20
9.426377e+01;1.849069e-20
9.431377e+01;1.848114e-20
9.436377e+01;1.847160e-20
9.441378e+01;1.846207e-20
9.446378e+01;1.845255e-20
9.451378e+01;1.844304e-20
9.456378e+01;1.843354e-20
9.461378e+01;1.842404e-20
9.466379e+01;1.841456e-20
9.471379e+01;1.840509e-20
9.476379e+01;1.839563e-20
9.481379e+01;1.838617e-20
9.486379e+01;1.837673e-20
9.491380e+01;1.836730e-20
9.496380e+01;1.835787e-20
9.501380e+01;1.834846e-20
9.506380e+01;1.833905e-20
9.511380e+01;1.832966e-20
9.516381e+01;1.832027e-20
9.521381e+01;1.831089e-20
9.526381e+01;1.830153e-20
9.531381e+01;1.829217e-20
9.536381e+01;1.828282e-20
9.541382e+01;1.827348e-20
9.546382e+01;1.826415e-20
9.551382e+01;1.825483e-20
9.556382e+01;1.824552e-20
9.561382e+01;1.823622e-20
9.566383e+01;1.822692e-20
9.571383e+01;1.821764e-20
9.576383e+01;1.820837e-20
9.581383e+01;1.819910e-20
9.586383e+01;1.818985e-20
9.591384e+01;1.818060e-20
9.596384e+01;1.817136e-20
9.601384e+01;1.816213e-20
9.606384e+01;1.815292e-20
9.611384e+01;1.814371e-20
9.616385e+01;1.813451e-20
9.621385e+01;1.812532e-20
9.626385e+01;1.811613e-20
9.631385e+01;1.810696e-20
9.636385e+01;1.809780e-20
9.641386e+01;1.808864e-20
9.646386e+01;1.807950e-20
9.651386e+01;1.807036e-20
9.656386e+01;1.806124e-20
9.661386e+01;1.805212e-20
9.666387e+01;1.804301e-20
9.671387e+01;1.803391e-20
9.676387e+01;1.802482e-20
9.681387e+01;1.801574e-20
9.686387e+01;1.800666e-20
9.691388e+01;1.799760e-20
9.696388e+01;1.798854e-20
9.701388e+01;1.797950e-20
9.706388e+01;1.797046e-20
9.711388e+01;1.796143e-20
9.716389e+01;1.795241e-20
9.721389e+01;1.794340e-20
9.726389e+01;1.793440e-20
9.731389e+01;1.792541e-20
9.736389e+01;1.791643e-20
9.741390e+01;1.790745e-20
9.746390e+01;1.789848e-20
9.751390e+01;1.788953e-20
9.756390e+01;1.788058e-20
9.761390e+01;1.787164e-20
9.766391e+01;1.786271e-20
9.771391e+01;1.785379e-20
9.776391e+01;1.784487e-20
9.781391e+01;1.783597e-20
9.786391e+01;1.782707e-20
9.791392e+01;1.781819e-20
9.796392e+01;1.780931e-20
9.801392e+01;1.780044e-20
9.806392e+01;1.779158e-20
9.811392e+01;1.778272e-20
9.816393e+01;1.777388e-20
9.821393e+01;1.776504e-20
9.826393e+01;1.775622e-20
9.831393e+01;1.774740e-20
9.836393e+01;1.773859e-20
9.841394e+01;1.772979e-20
9.846394e+01;1.772100e-20
9.851394e+01;1.771221e-20
9.856394e+01;1.770344e-20
9.861394e+01;1.769467e-20
9.866395e+01;1.768592e-20
9.871395e+01;1.767717e-20
9.876395e+01;1.766843e-20
9.881395e+01;1.765969e-20
9.886395e+01;1.765097e-20
9.891396e+01;1.764225e-20
9.896396e+01;1.763355e-20
9.901396e+01;1.762485e-20
9.906396e+01;1.761616e-20
9.911396e+01;1.760748e-20
9.916397e+01;1.759880e-20
9.921397e+01;1.759014e-20
9.926397e+01;1.758148e-20
9.931397e+01;1.757283e-20
9.936397e+01;1.756419e-20
9.941398e+01;1.755556e-20
9.946398e+01;1.754694e-20
9.951398e+01;1.753832e-20
9.956398e+01;1.752972e-20
9.961398e+01;1.752112e-20
9.966399e+01;1.751253e-20
9.971399e+01;1.750395e-20
9.976399e+01;1.749537e-20
9.981399e+01;1.748681e-20
9.986399e+01;1.747825e-20
9.991400e+01;1.746970e-20
9.996400e+01;1.746116e-20
1.000140e+02;1.745263e-20
1.000640e+02;1.744410e-20
1.001140e+02;1.743559e-20
1.001640e+02;1.742708e-20
1.002140e+02;1.741858e-20
1.002640e+02;1.741009e-20
1.003140e+02;1.740160e-20
1.003640e+02;1.739313e-20
1.004140e+02;1.738466e-20
1.004640e+02;1.737620e-20
1.005140e+02;1.736775e-20
1.005640e+02;1.735931e-20
1.006140e+02;1.735087e-20
1.006640e+02;1.734244e-20
1.007140e+02;1.733403e-20
1.007640e+02;1.732561e-20
1.008140e+02;1.731721e-20
1.008640e+02;1.730882e-20
1.009140e+02;1.730043e-20
1.009640e+02;1.729205e-20
1.010140e+02;1.728368e-20
1.010640e+02;1.727532e-20
1.011140e+02;1.726696e-20
1.011640e+02;1.725861e-20
1.012140e+02;1.725027e-20
1.012641e+02;1.724194e-20
1.013141e+02;1.723362e-20
1.013641e+02;1.722530e-20
1.014141e+02;1.721700e-20
1.014641e+02;1.720870e-20
1.015141e+02;1.720040e-20
1.015641e+02;1.719212e-20
1.016141e+02;1.718384e-20
1.016641e+02;1.717557e-20
1.017141e+02;1.716731e-20
1.017641e+02;1.715906e-20
1.018141e+02;1.715081e-20
1.018641e+02;1.714258e-20
1.019141e+02;1.713435e-20
1.019641e+02;1.712613e-20
1.020141e+02;1.711791e-20
1.020641e+02;1.710970e-20
1.021141e+02;1.710151e-20
1.021641e+02;1.709331e-20
1.022141e+02;1.708513e-20
1.022641e+02;1.707696e-20
1.023141e+02;1.706879e-20
1.023641e+02;1.706063e-20
1.024141e+02;1.705247e-20
1.024641e+02;1.704433e-20
1.025141e+02;1.703619e-20
1.025641e+02;1.702806e-20
1.026141e+02;1.701994e-20
1.026641e+02;1.701182e-20
1.027141e+02;1.700372e-20
1.027641e+02;1.699562e-20
1.028141e+02;1.698752e-20
1.028641e+02;1.697944e-20
1.029141e+02;1.697136e-20
1.029641e+02;1.696329e-20
1.030141e+02;1.695523e-20
1.030641e+02;1.694718e-20
1.031141e+02;1.693913e-20
1.031641e+02;1.693109e-20
1.032141e+02;1.692306e-20
1.032641e+02;1.691503e-20
1.033141e+02;1.690702e-20
1.033641e+02;1.689901e-20
1.034141e+02;1.689101e-20
1.034641e+02;1.688301e-20
1.035141e+02;1.687502e-20
1.035641e+02;1.686704e-20
1.036141e+02;1.685907e-20
1.036641e+02;1.685111e-20
1.037141e+02;1.684315e-20
1.037642e+02;1.683520e-20
1.038142e+02;1.682726e-20
1.038642e+02;1.681932e-20
1.039142e+02;1.681139e-20
1.039642e+02;1.680347e-20
1.040142e+02;1.679556e-20
1.040642e+02;1.678765e-20
1.041142e+02;1.677975e-20
1.041642e+02;1.677186e-20
1.042142e+02;1.676397e-20
1.042642e+02;1.675610e-20
1.043142e+02;1.674823e-20
1.043642e+02;1.674036e-20
1.044142e+02;1.673251e-20
1.044642e+02;1.672466e-20
1.045142e+02;1.671682e-20
1.045642e+02;1.670898e-20
1.046142e+02;1.670116e-20
1.046642e+02;1.669334e-20
1.047142e+02;1.668552e-20
1.047642e+02;1.667772e-20
1.048142e+02;1.666992e-20
1.048642e+02;1.666213e-20
1.049142e+02;1.665435e-20
1.049642e+02;1.664657e-20
1.050142e+02;1.663880e-20
1.050642e+02;1.663104e-20
1.051142e+02;1.662328e-20
1.051642e+02;1.661553e-20
1.052142e+02;1.660779e-20
1.052642e+02;1.660006e-20
1.053142e+02;1.659233e-20
1.053642e+02;1.658461e-20
1.054142e+02;1.657690e-20
1.054642e+02;1.656919e-20
1.055142e+02;1.656149e-20
1.055642e+02;1.655380e-20
1.056142e+02;1.654611e-20
1.056642e+02;1.653844e-20
1.057142e+02;1.653076e-20
1.057642e+02;1.652310e-20
1.058142e+02;1.651544e-20
1.058642e+02;1.650779e-20
1.059142e+02;1.650015e-20
1.059642e+02;1.649251e-20
1.060142e+02;1.648488e-20
1.060642e+02;1.647726e-20
1.061142e+02;1.646964e-20
1.061642e+02;1.646204e-20
1.062142e+02;1.645443e-20
1.062643e+02;1.644684e-20
1.063143e+02;1.643925e-20
1.063643e+02;1.643167e-20
1.064143e+02;1.642409e-20
1.064643e+02;1.641653e-20
1.065143e+02;1.640897e-20
1.065643e+02;1.640141e-20
1.066143e+02;1.639386e-20
1.066643e+02;1.638632e-20
1.067143e+02;1.637879e-20
1.067643e+02;1.637126e-20
1.068143e+02;1.636374e-20
1.068643e+02;1.635623e-20
1.069143e+02;1.634872e-20
1.069643e+02;1.634122e-20
1.070143e+02;1.633373e-20
1.070643e+02;1.632624e-20
1.071143e+02;1.631876e-20
1.071643e+02;1.631129e-20
1.072143e+02;1.630382e-20
1.072643e+02;1.629636e-20
1.073143e+02;1.628891e-20
1.073643e+02;1.628146e-20
1.074143e+02;1.627402e-20
1.074643e+02;1.626659e-20
1.075143e+02;1.625916e-20
1.075643e+02;1.625174e-20
1.076143e+02;1.624433e-20
1.076643e+02;1.623693e-20
1.077143e+02;1.622953e-20
1.077643e+02;1.622213e-20
1.078143e+02;1.621474e-20
1.078643e+02;1.620736e-20
1.079143e+02;1.619999e-20
1.079643e+02;1.619262e-20
1.080143e+02;1.618526e-20
1.080643e+02;1.617791e-20
1.081143e+02;1.617056e-20
1.081643e+02;1.616322e-20
1.082143e+02;1.615589e-20
1.082643e+02;1.614856e-20
1.083143e+02;1.614124e-20
1.083643e+02;1.613392e-20
1.084143e+02;1.612661e-20
1.084643e+02;1.611931e-20
1.085143e+02;1.611202e-20
1.085643e+02;1.610473e-20
1.086143e+02;1.609744e-20
1.086643e+02;1.609017e-20
1.087143e+02;1.608290e-20
1.087644e+02;1.607564e-20
1.088144e+02;1.606838e-20
1.088644e+02;1.606113e-20
1.089144e+02;1.605388e-20
1.089644e+02;1.604665e-20
1.090144e+02;1.603941e-20
1.090644e+02;1.603219e-20
1.091144e+02;1.602497e-20
1.091644e+02;1.601776e-20
1.092144e+02;1.601055e-20
1.092644e+02;1.600335e-20
1.093144e+02;1.599616e-20
1.093644e+02;1.598897e-20
1.094144e+02;1.598179e-20
1.094644e+02;1.597462e-20
1.095144e+02;1.596745e-20
1.095644e+02;1.596029e-20
1.096144e+02;1.595313e-20
1.096644e+02;1.594598e-20
1.097144e+02;1.593884e-20
1.097644e+02;1.593170e-20
1.098144e+02;1.592457e-20
1.098644e+02;1.591745e-20
1.099144e+02;1.591033e-20
1.099644e+02;1.590322e-20
1.100144e+02;1.589611e-20
1.100644e+02;1.588901e-20
1.101144e+02;1.588192e-20
1.101644e+02;1.587483e-20
1.102144e+02;1.586775e-20
1.102644e+02;1.586068e-20
1.103144e+02;1.585361e-20
1.103644e+02;1.584655e-20
1.104144e+02;1.583949e-20
1.104644e+02;1.583244e-20
1.105144e+02;1.582540e-20
1.105644e+02;1.581836e-20
1.106144e+02;1.581133e-20
1.106644e+02;1.580430e-20
1.107144e+02;1.579728e-20
1.107644e+02;1.579027e-20
1.108144e+02;1.578326e-20
1.108644e+02;1.577626e-20
1.109144e+02;1.576926e-20
1.109644e+02;1.576228e-20
1.110144e+02;1.575529e-20
1.110644e+02;1.574832e-20
1.111144e+02;1.574134e-20
1.111644e+02;1.573438e-20
1.112144e+02;1.572742e-20
1.112645e+02;1.572047e-20
1.113145e+02;1.571352e-20
1.113645e+02;1.570658e-20
1.114145e+02;1.569964e-20
1.114645e+02;1.569272e-20
1.115145e+02;1.568579e-20
1.115645e+02;1.567888e-20
1.116145e+02;1.567196e-20
1.116645e+02;1.566506e-20
1.117145e+02;1.565816e-20
1.117645e+02;1.565127e-20
1.118145e+02;1.564438e-20
1.118645e+02;1.563750e-20
1.119145e+02;1.563062e-20
1.119645e+02;1.562375e-20
1.120145e+02;1.561689e-20
1.120645e+02;1.561003e-20
1.121145e+02;1.560318e-20
1.121645e+02;1.559633e-20
1.122145e+02;1.558949e-20
1.122645e+02;1.558266e-20
1.123145e+02;1.557583e-20
1.123645e+02;1.556901e-20
1.124145e+02;1.556219e-20
1.124645e+02;1.555538e-20
1.125145e+02;1.554857e-20
1.125645e+02;1.554177e-20
1.126145e+02;1.553498e-20
1.126645e+02;1.552819e-20
1.127145e+02;1.552141e-20
1.127645e+02;1.551463e-20
1.128145e+02;1.550786e-20
1.128645e+02;1.550110e-20
1.129145e+02;1.549434e-20
1.129645e+02;1.548759e-20
1.130145e+02;1.548084e-20
1.130645e+02;1.547410e-20
1.131145e+02;1.546736e-20
1.131645e+02;1.546063e-20
1.132145e+02;1.545391e-20
1.132645e+02;1.544719e-20
1.133145e+02;1.544048e-20
1.133645e+02;1.543377e-20
1.134145e+02;1.542707e-20
1.134645e+02;1.542037e-20
1.135145e+02;1.541368e-20
1.135645e+02;1.540700e-20
1.136145e+02;1.540032e-20
1.136645e+02;1.539364e-20
1.137145e+02;1.538697e-20
1.137646e+02;1.538031e-20
1.138146e+02;1.537366e-20
1.138646e+02;1.536700e-20
1.139146e+02;1.536036e-20
1.139646e+02;1.535372e-20
1.140146e+02;1.534709e-20
1.140646e+02;1.534046e-20
1.141146e+02;1.533383e-20
1.141646e+02;1.532722e-20
1.142146e+02;1.532061e-20
1.142646e+02;1.531400e-20
1.143146e+02;1.530740e-20
1.143646e+02;1.530080e-20
1.144146e+02;1.529421e-20
1.144646e+02;1.528763e-20
1.145146e+02;1.528105e-20
1.145646e+02;1.527448e-20
1.146146e+02;1.526791e-20
1.146646e+02;1.526135e-20
1.147146e+02;1.525479e-20
1.147646e+02;1.524824e-20
1.148146e+02;1.524170e-20
1.148646e+02;1.523516e-20
1.149146e+02;1.522862e-20
1.149646e+02;1.522209e-20
1.150146e+02;1.521557e-20
1.150646e+02;1.520905e-20
1.151146e+02;1.520254e-20
1.151646e+02;1.519603e-20
1.152146e+02;1.518953e-20
1.152646e+02;1.518303e-20
1.153146e+02;1.517654e-20
1.153646e+02;1.517006e-20
1.154146e+02;1.516358e-20
1.154646e+02;1.515710e-20
1.155146e+02;1.515063e-20
1.155646e+02;1.514417e-20
1.156146e+02;1.513771e-20
1.156646e+02;1.513126e-20
1.157146e+02;1.512481e-20
1.157646e+02;1.511836e-20
1.158146e+02;1.511193e-20
1.158646e+02;1.510550e-20
1.159146e+02;1.509907e-20
1.159646e+02;1.509265e-20
1.160146e+02;1.508623e-20
1.160646e+02;1.507982e-20
1.161146e+02;1.507342e-20
1.161646e+02;1.506702e-20
1.162146e+02;1.506062e-20
1.162647e+02;1.505423e-20
1.163147e+02;1.504785e-20
1.163647e+02;1.504147e-20
1.164147e+02;1.503510e-20
1.164647e+02;1.502873e-20
1.165147e+02;1.502236e-20
1.165647e+02;1.501601e-20
1.166147e+02;1.500965e-20
1.166647e+02;1.500331e-20
1.167147e+02;1.499696e-20
1.167647e+02;1.499063e-20
1.168147e+02;1.498430e-20
1.168647e+02;1.497797e-20
1.169147e+02;1.497165e-20
1.169647e+02;1.496533e-20
1.170147e+02;1.495902e-20
1.170647e+02;1.495272e-20
1.171147e+02;1.494642e-20
1.171647e+02;1.494012e-20
1.172147e+02;1.493383e-20
1.172647e+02;1.492755e-20
1.173147e+02;1.492127e-20
1.173647e+02;1.491499e-20
1.174147e+02;1.490872e-20
1.174647e+02;1.490246e-20
1.175147e+02;1.489620e-20
1.175647e+02;1.488994e-20
1.176147e+02;1.488370e-20
1.176647e+02;1.487745e-20
1.177147e+02;1.487121e-20
1.177647e+02;1.486498e-20
1.178147e+02;1.485875e-20
1.178647e+02;1.485253e-20
1.179147e+02;1.484631e-20
1.179647e+02;1.484010e-20
1.180147e+02;1.483389e-20
1.180647e+02;1.482768e-20
1.181147e+02;1.482149e-20
1.181647e+02;1.481529e-20
1.182147e+02;1.480910e-20
1.182647e+02;1.480292e-20
1.183147e+02;1.479674e-20
1.183647e+02;1.479057e-20
1.184147e+02;1.478440e-20
1.184647e+02;1.477824e-20
1.185147e+02;1.477208e-20
1.185647e+02;1.476593e-20
1.186147e+02;1.475978e-20
1.186647e+02;1.475364e-20
1.187147e+02;1.474750e-20
1.187648e+02;1.474137e-20
1.188148e+02;1.473524e-20
1.188648e+02;1.472912e-20
1.189148e+02;1.472300e-20
1.189648e+02;1.471688e-20
1.190148e+02;1.471078e-20
1.190648e+02;1.470467e-20
1.191148e+02;1.469857e-20
1.191648e+02;1.469248e-20
1.192148e+02;1.468639e-20
1.192648e+02;1.468031e-20
1.193148e+02;1.467423e-20
1.193648e+02;1.466816e-20
1.194148e+02;1.466209e-20
1.194648e+02;1.465602e-20
1.195148e+02;1.464996e-20
1.195648e+02;1.464391e-20
1.196148e+02;1.463786e-20
1.196648e+02;1.463182e-20
1.197148e+02;1.462578e-20
1.197648e+02;1.461974e-20
1.198148e+02;1.461371e-20
1.198648e+02;1.460769e-20
1.199148e+02;1.460167e-20
1.199648e+02;1.459565e-20
1.200148e+02;1.458964e-20
1.200648e+02;1.458363e-20
1.201148e+02;1.457763e-20
1.201648e+02;1.457164e-20
1.202148e+02;1.456565e-20
1.202648e+02;1.455966e-20
1.203148e+02;1.455368e-20
1.203648e+02;1.454770e-20
1.204148e+02;1.454173e-20
1.204648e+02;1.453576e-20
1.205148e+02;1.452980e-20
1.205648e+02;1.452384e-20
1.206148e+02;1.451789e-20
1.206648e+02;1.451194e-20
1.207148e+02;1.450599e-20
1.207648e+02;1.450006e-20
1.208148e+02;1.449412e-20
1.208648e+02;1.448819e-20
1.209148e+02;1.448227e-20
1.209648e+02;1.447635e-20
1.210148e+02;1.447043e-20
1.210648e+02;1.446452e-20
1.211148e+02;1.445862e-20
1.211648e+02;1.445271e-20
1.212148e+02;1.444682e-20
1.212649e+02;1.444093e-20
1.213149e+02;1.443504e-20
1.213649e+02;1.442916e-20
1.214149e+02;1.442328e-20
1.214649e+02;1.441741e-20
1.215149e+02;1.441154e-20
1.215649e+02;1.440567e-20
1.216149e+02;1.439981e-20
1.216649e+02;1.439396e-20
1.217149e+02;1.438811e-20
1.217649e+02;1.438226e-20
1.218149e+02;1.437642e-20
1.218649e+02;1.437059e-20
1.219149e+02;1.436476e-20
1.219649e+02;1.435893e-20
1.220149e+02;1.435311e-20
1.220649e+02;1.434729e-20
1.221149e+02;1.434148e-20
1.221649e+02;1.433567e-20
1.222149e+02;1.432986e-20
1.222649e+02;1.432406e-20
1.223149e+02;1.431827e-20
1.223649e+02;1.431248e-20
1.224149e+02;1.430669e-20
1.224649e+02;1.430091e-20
1.225149e+02;1.429513e-20
1.225649e+02;1.428936e-20
1.226149e+02;1.428360e-20
1.226649e+02;1.427783e-20
1.227149e+02;1.427207e-20
1.227649e+02;1.426632e-20
1.228149e+02;1.426057e-20
1.228649e+02;1.425483e-20
1.229149e+02;1.424908e-20
1.229649e+02;1.424335e-20
1.230149e+02;1.423762e-20
1.230649e+02;1.423189e-20
1.231149e+02;1.422617e-20
1.231649e+02;1.422045e-20
1.232149e+02;1.421474e-20
1.232649e+02;1.420903e-20
1.233149e+02;1.420332e-20
1.233649e+02;1.419762e-20
1.234149e+02;1.419193e-20
1.234649e+02;1.418624e-20
1.235149e+02;1.418055e-20
1.235649e+02;1.417487e-20
1.236149e+02;1.416919e-20
1.236649e+02;1.416352e-20
1.237149e+02;1.415785e-20
1.237650e+02;1.415218e-20
1.238150e+02;1.414652e-20
1.238650e+02;1.414087e-20
1.239150e+02;1.413521e-20
1.239650e+02;1.412957e-20
1.240150e+02;1.412392e-20
1.240650e+02;1.411829e-20
1.241150e+02;1.411265e-20
1.241650e+02;1.410702e-20
1.242150e+02;1.410140e-20
1.242650e+02;1.409578e-20
1.243150e+02;1.409016e-20
1.243650e+02;1.408455e-20
1.244150e+02;1.407894e-20
1.244650e+02;1.407334e-20
1.245150e+02;1.406774e-20
1.245650e+02;1.406214e-20
1.246150e+02;1.405655e-20
1.246650e+02;1.405097e-20
1.247150e+02;1.404538e-20
1.247650e+02;1.403981e-20
1.248150e+02;1.403423e-20
1.248650e+02;1.402866e-20
1.249150e+02;1.402310e-20
1.249650e+02;1.401754e-20
1.250150e+02;1.401198e-20
1.250650e+02;1.400643e-20
1.251150e+02;1.400088e-20
1.251650e+02;1.399534e-20
1.252150e+02;1.398980e-20
1.252650e+02;1.398427e-20
1.253150e+02;1.397874e-20
1.253650e+02;1.397321e-20
1.254150e+02;1.396769e-20
1.254650e+02;1.396217e-20
1.255150e+02;1.395666e-20
1.255650e+02;1.395115e-20
1.256150e+02;1.394564e-20
1.256650e+02;1.394014e-20
1.257150e+02;1.393465e-20
1.257650e+02;1.392915e-20
1.258150e+02;1.392367e-20
1.258650e+02;1.391818e-20
1.259150e+02;1.391270e-20
1.259650e+02;1.390723e-20
1.260150e+02;1.390176e-20
1.260650e+02;1.389629e-20
1.261150e+02;1.389082e-20
1.261650e+02;1.388537e-20
1.262150e+02;1.387991e-20
1.262651e+02;1.387446e-20
1.263151e+02;1.386901e-20
1.263651e+02;1.386357e-20
1.264151e+02;1.385813e-20
1.264651e+02;1.385270e-20
1.265151e+02;1.384727e-20
1.265651e+02;1.384185e-20
1.266151e+02;1.383642e-20
1.266651e+02;1.383101e-20
1.267151e+02;1.382559e-20
1.267651e+02;1.382018e-20
1.268151e+02;1.381478e-20
1.268651e+02;1.380938e-20
1.269151e+02;1.380398e-20
1.269651e+02;1.379859e-20
1.270151e+02;1.379320e-20
1.270651e+02;1.378782e-20
1.271151e+02;1.378244e-20
1.271651e+02;1.377706e-20
1.272151e+02;1.377169e-20
1.272651e+02;1.376632e-20
1.273151e+02;1.376095e-20
1.273651e+02;1.375559e-20
1.274151e+02;1.375024e-20
1.274651e+02;1.374489e-20
1.275151e+02;1.373954e-20
1.275651e+02;1.373420e-20
1.276151e+02;1.372886e-20
1.276651e+02;1.372352e-20
1.277151e+02;1.371819e-20
1.277651e+02;1.371286e-20
1.278151e+02;1.370754e-20
1.278651e+02;1.370222e-20
1.279151e+02;1.369690e-20
1.279651e+02;1.369159e-20
1.280151e+02;1.368628e-20
1.280651e+02;1.368098e-20
1.281151e+02;1.367568e-20
1.281651e+02;1.367038e-20
1.282151e+02;1.366509e-20
1.282651e+02;1.365980e-20
1.283151e+02;1.365452e-20
1.283651e+02;1.364924e-20
1.284151e+02;1.364396e-20
1.284651e+02;1.363869e-20
1.285151e+02;1.363342e-20
1.285651e+02;1.362816e-20
1.286151e+02;1.362290e-20
1.286651e+02;1.361764e-20
1.287151e+02;1.361239e-20
1.287652e+02;1.360714e-20
1.288152e+02;1.360190e-20
1.288652e+02;1.359666e-20
1.289152e+02;1.359142e-20
1.289652e+02;1.358619e-20
1.290152e+02;1.358096e-20
1.290652e+02;1.357574e-20
1.291152e+02;1.357052e-20
1.291652e+02;1.356530e-20
1.292152e+02;1.356009e-20
1.292652e+02;1.355488e-20
1.293152e+02;1.354967e-20
1.293652e+02;1.354447e-20
1.294152e+02;1.353927e-20
1.294652e+02;1.353408e-20
1.295152e+02;1.352889e-20
1.295652e+02;1.352371e-20
1.296152e+02;1.351852e-20
1.296652e+02;1.351334e-20
1.297152e+02;1.350817e-20
1.297652e+02;1.350300e-20
1.298152e+02;1.349783e-20
1.298652e+02;1.349267e-20
1.299152e+02;1.348751e-20
1.299652e+02;1.348236e-20
1.300152e+02;1.347721e-20
1.300652e+02;1.347206e-20
1.301152e+02;1.346691e-20
1.301652e+02;1.346178e-20
1.302152e+02;1.345664e-20
1.302652e+02;1.345151e-20
1.303152e+02;1.344638e-20
1.303652e+02;1.344125e-20
1.304152e+02;1.343613e-20
1.304652e+02;1.343102e-20
1.305152e+02;1.342590e-20
1.305652e+02;1.342079e-20
1.306152e+02;1.341569e-20
1.306652e+02;1.341059e-20
1.307152e+02;1.340549e-20
1.307652e+02;1.340039e-20
1.308152e+02;1.339530e-20
1.308652e+02;1.339022e-20
1.309152e+02;1.338513e-20
1.309652e+02;1.338005e-20
1.310152e+02;1.337498e-20
1.310652e+02;1.336991e-20
1.311152e+02;1.336484e-20
1.311652e+02;1.335977e-20
1.312152e+02;1.335471e-20
1.312653e+02;1.334966e-20
1.313153e+02;1.334460e-20
1.313653e+02;1.333955e-20
1.314153e+02;1.333451e-20
1.314653e+02;1.332947e-20
1.315153e+02;1.332443e-20
1.315653e+02;1.331939e-20
1.316153e+02;1.331436e-20
1.316653e+02;1.330933e-20
1.317153e+02;1.330431e-20
1.317653e+02;1.329929e-20
1.318153e+02;1.329427e-20
1.318653e+02;1.328926e-20
1.319153e+02;1.328425e-20
1.319653e+02;1.327925e-20
1.320153e+02;1.327425e-20
1.320653e+02;1.326925e-20
1.321153e+02;1.326425e-20
1.321653e+02;1.325926e-20
1.322153e+02;1.325428e-20
1.322653e+02;1.324929e-20
1.323153e+02;1.324431e-20
1.323653e+02;1.323934e-20
1.324153e+02;1.323436e-20
1.324653e+02;1.322940e-20
1.325153e+02;1.322443e-20
1.325653e+02;1.321947e-20
1.326153e+02;1.321451e-20
1.326653e+02;1.320956e-20
1.327153e+02;1.320460e-20
1.327653e+02;1.319966e-20
1.328153e+02;1.319471e-20
1.328653e+02;1.318977e-20
1.329153e+02;1.318484e-20
1.329653e+02;1.317990e-20
1.330153e+02;1.317498e-20
1.330653e+02;1.317005e-20
1.331153e+02;1.316513e-20
1.331653e+02;1.316021e-20
1.332153e+02;1.315529e-20
1.332653e+02;1.315038e-20
1.333153e+02;1.314548e-20
1.333653e+02;1.314057e-20
1.334153e+02;1.313567e-20
1.334653e+02;1.313077e-20
1.335153e+02;1.312588e-20
1.335653e+02;1.312099e-20
1.336153e+02;1.311610e-20
1.336653e+02;1.311122e-20
1.337153e+02;1.310634e-20
1.337654e+02;1.310146e-20
1.338154e+02;1.309659e-20
1.338654e+02;1.309172e-20
1.339154e+02;1.308686e-20
1.339654e+02;1.308199e-20
1.340154e+02;1.307714e-20
1.340654e+02;1.307228e-20
1.341154e+02;1.306743e-20
1.341654e+02;1.306258e-20
1.342154e+02;1.305774e-20
1.342654e+02;1.305290e-20
1.343154e+02;1.304806e-20
1.343654e+02;1.304323e-20
1.344154e+02;1.303839e-20
1.344654e+02;1.303357e-20
1.345154e+02;1.302874e-20
1.345654e+02;1.302392e-20
1.346154e+02;1.301911e-20
1.346654e+02;1.301429e-20
1.347154e+02;1.300948e-20
1.347654e+02;1.300468e-20
1.348154e+02;1.299987e-20
1.348654e+02;1.299508e-20
1.349154e+02;1.299028e-20
1.349654e+02;1.298549e-20
1.350154e+02;1.298070e-20
1.350654e+02;1.297591e-20
1.351154e+02;1.297113e-20
1.351654e+02;1.296635e-20
1.352154e+02;1.296158e-20
1.352654e+02;1.295680e-20
1.353154e+02;1.295203e-20
1.353654e+02;1.294727e-20
1.354154e+02;1.294251e-20
1.354654e+02;1.293775e-20
1.355154e+02;1.293299e-20
1.355654e+02;1.292824e-20
1.356154e+02;1.292349e-20
1.356654e+02;1.291875e-20
1.357154e+02;1.291401e-20
1.357654e+02;1.290927e-20
1.358154e+02;1.290453e-20
1.358654e+02;1.289980e-20
1.359154e+02;1.289507e-20
1.359654e+02;1.289035e-20
1.360154e+02;1.288563e-20
1.360654e+02;1.288091e-20
1.361154e+02;1.287620e-20
1.361654e+02;1.287148e-20
1.362154e+02;1.286678e-20
1.362655e+02;1.286207e-20
1.363155e+02;1.285737e-20
1.363655e+02;1.285267e-20
1.364155e+02;1.284798e-20
1.364655e+02;1.284329e-20
1.365155e+02;1.283860e-20
1.365655e+02;1.283391e-20
1.366155e+02;1.282923e-20
1.366655e+02;1.282456e-20
1.367155e+02;1.281988e-20
1.367655e+02;1.281521e-20
1.368155e+02;1.281054e-20
1.368655e+02;1.280588e-20
1.369155e+02;1.280121e-20
1.369655e+02;1.279656e-20
1.370155e+02;1.279190e-20
1.370655e+02;1.278725e-20
1.371155e+02;1.278260e-20
1.371655e+02;1.277796e-20
1.372155e+02;1.277331e-20
1.372655e+02;1.276868e-20
1.373155e+02;1.276404e-20
1.373655e+02;1.275941e-20
1.374155e+02;1.275478e-20
1.374655e+02;1.275015e-20
1.375155e+02;1.274553e-20
1.375655e+02;1.274091e-20
1.376155e+02;1.273630e-20
1.376655e+02;1.273168e-20
1.377155e+02;1.272708e-20
1.377655e+02;1.272247e-20
1.378155e+02;1.271787e-20
1.378655e+02;1.271327e-20
1.379155e+02;1.270867e-20
1.379655e+02;1.270408e-20
1.380155e+02;1.269949e-20
1.380655e+02;1.269490e-20
1.381155e+02;1.269032e-20
1.381655e+02;1.268574e-20
1.382155e+02;1.268116e-20
1.382655e+02;1.267659e-20
1.383155e+02;1.267201e-20
1.383655e+02;1.266745e-20
1.384155e+02;1.266288e-20
1.384655e+02;1.265832e-20
1.385155e+02;1.265376e-20
1.385655e+02;1.264921e-20
1.386155e+02;1.264466e-20
1.386655e+02;1.264011e-20
1.387155e+02;1.263556e-20
1.387656e+02;1.263102e-20
1.388156e+02;1.262648e-20
1.388656e+02;1.262195e-20
1.389156e+02;1.261741e-20
1.389656e+02;1.261288e-20
1.390156e+02;1.260836e-20
1.390656e+02;1.260384e-20
1.391156e+02;1.259932e-20
1.391656e+02;1.259480e-20
1.392156e+02;1.259028e-20
1.392656e+02;1.258577e-20
1.393156e+02;1.258127e-20
1.393656e+02;1.257676e-20
1.394156e+02;1.257226e-20
1.394656e+02;1.256776e-20
1.395156e+02;1.256327e-20
1.395656e+02;1.255878e-20
1.396156e+02;1.255429e-20
1.396656e+02;1.254980e-20
1.397156e+02;1.254532e-20
1.397656e+02;1.254084e-20
1.398156e+02;1.253636e-20
1.398656e+02;1.253189e-20
1.399156e+02;1.252742e-20
1.399656e+02;1.252295e-20
1.400156e+02;1.251849e-20
1.400656e+02;1.251403e-20
1.401156e+02;1.250957e-20
1.401656e+02;1.250512e-20
1.402156e+02;1.250066e-20
1.402656e+02;1.249622e-20
1.403156e+02;1.249177e-20
1.403656e+02;1.248733e-20
1.404156e+02;1.248289e-20
1.404656e+02;1.247845e-20
1.405156e+02;1.247402e-20
1.405656e+02;1.246959e-20
1.406156e+02;1.246516e-20
1.406656e+02;1.246074e-20
1.407156e+02;1.245632e-20
1.407656e+02;1.245190e-20
1.408156e+02;1.244748e-20
1.408656e+02;1.244307e-20
1.409156e+02;1.243866e-20
1.409656e+02;1.243426e-20
1.410156e+02;1.242985e-20
1.410656e+02;1.242545e-20
1.411156e+02;1.242106e-20
1.411656e+02;1.241666e-20
1.412156e+02;1.241227e-20
1.412657e+02;1.240788e-20
1.413157e+02;1.240350e-20
1.413657e+02;1.239912e-20
1.414157e+02;1.239474e-20
1.414657e+02;1.239036e-20
1.415157e+02;1.238599e-20
1.415657e+02;1.238162e-20
1.416157e+02;1.237725e-20
1.416657e+02;1.237289e-20
1.417157e+02;1.236853e-20
1.417657e+02;1.236417e-20
1.418157e+02;1.235981e-20
1.418657e+02;1.235546e-20
1.419157e+02;1.235111e-20
1.419657e+02;1.234677e-20
1.420157e+02;1.234242e-20
1.420657e+02;1.233808e-20
1.421157e+02;1.233375e-20
1.421657e+02;1.232941e-20
1.422157e+02;1.232508e-20
1.422657e+02;1.232075e-20
1.423157e+02;1.231643e-20
1.423657e+02;1.231210e-20
1.424157e+02;1.230779e-20
1.424657e+02;1.230347e-20
1.425157e+02;1.229916e-20
1.425657e+02;1.229484e-20
1.426157e+02;1.229054e-20
1.426657e+02;1.228623e-20
1.427157e+02;1.228193e-20
1.427657e+02;1.227763e-20
1.428157e+02;1.227333e-20
1.428657e+02;1.226904e-20
1.429157e+02;1.226475e-20
1.429657e+02;1.226046e-20
1.430157e+02;1.225618e-20
1.430657e+02;1.225190e-20
1.431157e+02;1.224762e-20
1.431657e+02;1.224334e-20
1.432157e+02;1.223907e-20
1.432657e+02;1.223480e-20
1.433157e+02;1.223053e-20
1.433657e+02;1.222627e-20
1.434157e+02;1.222201e-20
1.434657e+02;1.221775e-20
1.435157e+02;1.221349e-20
1.435657e+02;1.220924e-20
1.436157e+02;1.220499e-20
1.436657e+02;1.220074e-20
1.437157e+02;1.219650e-20
1.437658e+02;1.219226e-20
1.438158e+02;1.218802e-20
1.438658e+02;1.218378e-20
1.439158e+02;1.217955e-20
1.439658e+02;1.217532e-20
1.440158e+02;1.217109e-20
1.440658e+02;1.216687e-20
1.441158e+02;1.216265e-20
1.441658e+02;1.215843e-20
1.442158e+02;1.215421e-20
1.442658e+02;1.215000e-20
1.443158e+02;1.214579e-20
1.443658e+02;1.214158e-20
1.444158e+02;1.213738e-20
1.444658e+02;1.213318e-20
1.445158e+02;1.212898e-20
1.445658e+02;1.212478e-20
1.446158e+02;1.212059e-20
1.446658e+02;1.211640e-20
1.447158e+02;1.211221e-20
1.447658e+02;1.210803e-20
1.448158e+02;1.210384e-20
1.448658e+02;1.209967e-20
1.449158e+02;1.209549e-20
1.449658e+02;1.209132e-20
1.450158e+02;1.208714e-20
1.450658e+02;1.208298e-20
1.451158e+02;1.207881e-20
1.451658e+02;1.207465e-20
1.452158e+02;1.207049e-20
1.452658e+02;1.206633e-20
1.453158e+02;1.206218e-20
1.453658e+02;1.205803e-20
1.454158e+02;1.205388e-20
1.454658e+02;1.204973e-20
1.455158e+02;1.204559e-20
1.455658e+02;1.204145e-20
1.456158e+02;1.203731e-20
1.456658e+02;1.203318e-20
1.457158e+02;1.202904e-20
1.457658e+02;1.202491e-20
1.458158e+02;1.202079e-20
1.458658e+02;1.201666e-20
1.459158e+02;1.201254e-20
1.459658e+02;1.200842e-20
1.460158e+02;1.200431e-20
1.460658e+02;1.200020e-20
1.461158e+02;1.199609e-20
1.461658e+02;1.199198e-20
1.462158e+02;1.198787e-20
1.462659e+02;1.198377e-20
1.463159e+02;1.197967e-20
1.463659e+02;1.197558e-20
1.464159e+02;1.197148e-20
1.464659e+02;1.196739e-20
1.465159e+02;1.196330e-20
1.465659e+02;1.195922e-20
1.466159e+02;1.195513e-20
1.466659e+02;1.195105e-20
1.467159e+02;1.194698e-20
1.467659e+02;1.194290e-20
1.468159e+02;1.193883e-20
1.468659e+02;1.193476e-20
1.469159e+02;1.193069e-20
1.469659e+02;1.192663e-20
1.470159e+02;1.192257e-20
1.470659e+02;1.191851e-20
1.471159e+02;1.191445e-20
1.471659e+02;1.191040e-20
1.472159e+02;1.190635e-20
1.472659e+02;1.190230e-20
1.473159e+02;1.189825e-20
1.473659e+02;1.189421e-20
1.474159e+02;1.189017e-20
1.474659e+02;1.188613e-20
1.475159e+02;1.188210e-20
1.475659e+02;1.187806e-20
1.476159e+02;1.187403e-20
1.476659e+02;1.187001e-20
1.477159e+02;1.186598e-20
1.477659e+02;1.186196e-20
1.478159e+02;1.185794e-20
1.478659e+02;1.185393e-20
1.479159e+02;1.184991e-20
1.479659e+02;1.184590e-20
1.480159e+02;1.184189e-20
1.480659e+02;1.183789e-20
1.481159e+02;1.183388e-20
1.481659e+02;1.182988e-20
1.482159e+02;1.182588e-20
1.482659e+02;1.182189e-20
1.483159e+02;1.181790e-20
1.483659e+02;1.181391e-20
1.484159e+02;1.180992e-20
1.484659e+02;1.180593e-20
1.485159e+02;1.180195e-20
1.485659e+02;1.179797e-20
1.486159e+02;1.179399e-20
1.486659e+02;1.179002e-20
1.487159e+02;1.178605e-20
1.487660e+02;1.178208e-20
1.488160e+02;1.177811e-20
1.488660e+02;1.177415e-20
1.489160e+02;1.177018e-20
1.489660e+02;1.176623e-20
1.490160e+02;1.176227e-20
1.490660e+02;1.175831e-20
1.491160e+02;1.175436e-20
1.491660e+02;1.175041e-20
1.492160e+02;1.174647e-20
1.492660e+02;1.174252e-20
1.493160e+02;1.173858e-20
1.493660e+02;1.173464e-20
1.494160e+02;1.173071e-20
1.494660e+02;1.172678e-20
1.495160e+02;1.172284e-20
1.495660e+02;1.171892e-20
1.496160e+02;1.171499e-20
1.496660e+02;1.171107e-20
1.497160e+02;1.170715e-20
1.497660e+02;1.170323e-20
1.498160e+02;1.169931e-20
1.498660e+02;1.169540e-20
1.499160e+02;1.169149e-20
1.499660e+02;1.168758e-20
1.500160e+02;1.168367e-20
1.500660e+02;1.167977e-20
1.501160e+02;1.167587e-20
1.501660e+02;1.167197e-20
1.502160e+02;1.166808e-20
1.502660e+02;1.166418e-20
1.503160e+02;1.166029e-20
1.503660e+02;1.165641e-20
1.504160e+02;1.165252e-20
1.504660e+02;1.164864e-20
1.505160e+02;1.164476e-20
1.505660e+02;1.164088e-20
1.506160e+02;1.163700e-20
1.506660e+02;1.163313e-20
1.507160e+02;1.162926e-20
1.507660e+02;1.162539e-20
1.508160e+02;1.162153e-20
1.508660e+02;1.161766e-20
1.509160e+02;1.161380e-20
1.509660e+02;1.160994e-20
1.510160e+02;1.160609e-20
1.510660e+02;1.160224e-20
1.511160e+02;1.159839e-20
1.511660e+02;1.159454e-20
1.512160e+02;1.159069e-20
1.512661e+02;1.158685e-20
1.513161e+02;1.158301e-20
1.513661e+02;1.157917e-20
1.514161e+02;1.157533e-20
1.514661e+02;1.157150e-20
1.515161e+02;1.156767e-20
1.515661e+02;1.156384e-20
1.516161e+02;1.156001e-20
1.516661e+02;1.155619e-20
1.517161e+02;1.155237e-20
1.517661e+02;1.154855e-20
1.518161e+02;1.154474e-20
1.518661e+02;1.154092e-20
1.519161e+02;1.153711e-20
1.519661e+02;1.153330e-20
1.520161e+02;1.152949e-20
1.520661e+02;1.152569e-20
1.521161e+02;1.152189e-20
1.521661e+02;1.151809e-20
1.522161e+02;1.151429e-20
1.522661e+02;1.151050e-20
1.523161e+02;1.150671e-20
1.523661e+02;1.150292e-20
1.524161e+02;1.149913e-20
1.524661e+02;1.149534e-20
1.525161e+02;1.149156e-20
1.525661e+02;1.148778e-20
1.526161e+02;1.148400e-20
1.526661e+02;1.148023e-20
1.527161e+02;1.147646e-20
1.527661e+02;1.147269e-20
1.528161e+02;1.146892e-20
1.528661e+02;1.146515e-20
1.529161e+02;1.146139e-20
1.529661e+02;1.145763e-20
1.530161e+02;1.145387e-20
1.530661e+02;1.145011e-20
1.531161e+02;1.144636e-20
1.531661e+02;1.144261e-20
1.532161e+02;1.143886e-20
1.532661e+02;1.143511e-20
1.533161e+02;1.143137e-20
1.533661e+02;1.142763e-20
1.534161e+02;1.142389e-20
1.534661e+02;1.142015e-20
1.535161e+02;1.141642e-20
1.535661e+02;1.141269e-20
1.536161e+02;1.140896e-20
1.536661e+02;1.140523e-20
1.537161e+02;1.140150e-20
1.537662e+02;1.139778e-20
1.538162e+02;1.139406e-20
1.538662e+02;1.139034e-20
1.539162e+02;1.138662e-20
1.539662e+02;1.138291e-20
1.540162e+02;1.137920e-20
1.540662e+02;1.137549e-20
1.541162e+02;1.137178e-20
1.541662e+02;1.136808e-20
1.542162e+02;1.136438e-20
1.542662e+02;1.136068e-20
1.543162e+02;1.135698e-20
1.543662e+02;1.135329e-20
1.544162e+02;1.134959e-20
1.544662e+02;1.134590e-20
1.545162e+02;1.134222e-20
1.545662e+02;1.133853e-20
1.546162e+02;1.133485e-20
1.546662e+02;1.133117e-20
1.547162e+02;1.132749e-20
1.547662e+02;1.132381e-20
1.548162e+02;1.132014e-20
1.548662e+02;1.131647e-20
1.549162e+02;1.131280e-20
1.549662e+02;1.130913e-20
1.550162e+02;1.130546e-20
1.550662e+02;1.130180e-20
1.551162e+02;1.129814e-20
1.551662e+02;1.129448e-20
1.552162e+02;1.129083e-20
1.552662e+02;1.128717e-20
1.553162e+02;1.128352e-20
1.553662e+02;1.127987e-20
1.554162e+02;1.127623e-20
1.554662e+02;1.127258e-20
1.555162e+02;1.126894e-20
1.555662e+02;1.126530e-20
1.556162e+02;1.126166e-20
1.556662e+02;1.125803e-20
1.557162e+02;1.125440e-20
1.557662e+02;1.125077e-20
1.558162e+02;1.124714e-20
1.558662e+02;1.124351e-20
1.559162e+02;1.123989e-20
1.559662e+02;1.123627e-20
1.560162e+02;1.123265e-20
1.560662e+02;1.122903e-20
1.561162e+02;1.122541e-20
1.561662e+02;1.122180e-20
1.562162e+02;1.121819e-20
1.562663e+02;1.121458e-20
1.563163e+02;1.121098e-20
1.563663e+02;1.120737e-20
1.564163e+02;1.120377e-20
1.564663e+02;1.120017e-20
1.565163e+02;1.119658e-20
1.565663e+02;1.119298e-20
1.566163e+02;1.118939e-20
1.566663e+02;1.118580e-20
1.567163e+02;1.118221e-20
1.567663e+02;1.117863e-20
1.568163e+02;1.117504e-20
1.568663e+02;1.117146e-20
1.569163e+02;1.116788e-20
1.569663e+02;1.116430e-20
1.570163e+02;1.116073e-20
1.570663e+02;1.115716e-20
1.571163e+02;1.115359e-20
1.571663e+02;1.115002e-20
1.572163e+02;1.114645e-20
1.572663e+02;1.114289e-20
1.573163e+02;1.113933e-20
1.573663e+02;1.113577e-20
1.574163e+02;1.113221e-20
1.574663e+02;1.112866e-20
1.575163e+02;1.112510e-20
1.575663e+02;1.112155e-20
1.576163e+02;1.111800e-20
1.576663e+02;1.111446e-20
1.577163e+02;1.111091e-20
1.577663e+02;1.110737e-20
1.578163e+02;1.110383e-20
1.578663e+02;1.110030e-20
1.579163e+02;1.109676e-20
1.579663e+02;1.109323e-20
1.580163e+02;1.108970e-20
1.580663e+02;1.108617e-20
1.581163e+02;1.108264e-20
1.581663e+02;1.107912e-20
1.582163e+02;1.107559e-20
1.582663e+02;1.107207e-20
1.583163e+02;1.106856e-20
1.583663e+02;1.106504e-20
1.584163e+02;1.106153e-20
1.584663e+02;1.105802e-20
1.585163e+02;1.105451e-20
1.585663e+02;1.105100e-20
1.586163e+02;1.104749e-20
1.586663e+02;1.104399e-20
1.587163e+02;1.104049e-20
1.587664e+02;1.103699e-20
1.588164e+02;1.103350e-20
1.588664e+02;1.103000e-20
1.589164e+02;1.102651e-20
1.589664e+02;1.102302e-20
1.590164e+02;1.101953e-20
1.590664e+02;1.101605e-20
1.591164e+02;1.101256e-20
1.591664e+02;1.100908e-20
1.592164e+02;1.100560e-20
1.592664e+02;1.100212e-20
1.593164e+02;1.099865e-20
1.593664e+02;1.099518e-20
1.594164e+02;1.099170e-20
1.594664e+02;1.098824e-20
1.595164e+02;1.098477e-20
1.595664e+02;1.098130e-20
1.596164e+02;1.097784e-20
1.596664e+02;1.097438e-20
1.597164e+02;1.097092e-20
1.597664e+02;1.096747e-20
1.598164e+02;1.096401e-20
1.598664e+02;1.096056e-20
1.599164e+02;1.095711e-20
1.599664e+02;1.095366e-20
1.600164e+02;1.095022e-20
1.600664e+02;1.094677e-20
1.601164e+02;1.094333e-20
1.601664e+02;1.093989e-20
1.602164e+02;1.093646e-20
1.602664e+02;1.093302e-20
1.603164e+02;1.092959e-20
1.603664e+02;1.092616e-20
1.604164e+02;1.092273e-20
1.604664e+02;1.091930e-20
1.605164e+02;1.091588e-20
1.605664e+02;1.091245e-20
1.606164e+02;1.090903e-20
1.606664e+02;1.090561e-20
1.607164e+02;1.090220e-20
1.607664e+02;1.089878e-20
1.608164e+02;1.089537e-20
1.608664e+02;1.089196e-20
1.609164e+02;1.088855e-20
1.609664e+02;1.088515e-20
1.610164e+02;1.088174e-20
1.610664e+02;1.087834e-20
1.611164e+02;1.087494e-20
1.611664e+02;1.087154e-20
1.612164e+02;1.086815e-20
1.612665e+02;1.086475e-20
1.613165e+02;1.086136e-20
1.613665e+02;1.085797e-20
1.614165e+02;1.085458e-20
1.614665e+02;1.085120e-20
1.615165e+02;1.084781e-20
1.615665e+02;1.084443e-20
1.616165e+02;1.084105e-20
1.616665e+02;1.083767e-20
1.617165e+02;1.083430e-20
1.617665e+02;1.083092e-20
1.618165e+02;1.082755e-20
1.618665e+02;1.082418e-20
1.619165e+02;1.082082e-20
1.619665e+02;1.081745e-20
1.620165e+02;1.081409e-20
1.620665e+02;1.081073e-20
1.621165e+02;1.080737e-20
1.621665e+02;1.080401e-20
1.622165e+02;1.080065e-20
1.622665e+02;1.079730e-20
1.623165e+02;1.079395e-20
1.623665e+02;1.079060e-20
1.624165e+02;1.078725e-20
1.624665e+02;1.078391e-20
1.625165e+02;1.078056e-20
1.625665e+02;1.077722e-20
1.626165e+02;1.077388e-20
1.626665e+02;1.077055e-20
1.627165e+02;1.076721e-20
1.627665e+02;1.076388e-20
1.628165e+02;1.076055e-20
1.628665e+02;1.075722e-20
1.629165e+02;1.075389e-20
1.629665e+02;1.075056e-20
1.630165e+02;1.074724e-20
1.630665e+02;1.074392e-20
1.631165e+02;1.074060e-20
1.631665e+02;1.073728e-20
1.632165e+02;1.073397e-20
1.632665e+02;1.073065e-20
1.633165e+02;1.072734e-20
1.633665e+02;1.072403e-20
1.634165e+02;1.072072e-20
1.634665e+02;1.071742e-20
1.635165e+02;1.071411e-20
1.635665e+02;1.071081e-20
1.636165e+02;1.070751e-20
1.636665e+02;1.070422e-20
1.637165e+02;1.070092e-20
1.637666e+02;1.069763e-20
1.638166e+02;1.069433e-20
1.638666e+02;1.069104e-20
1.639166e+02;1.068776e-20
1.639666e+02;1.068447e-20
1.640166e+02;1.068119e-20
1.640666e+02;1.067790e-20
1.641166e+02;1.067462e-20
1.641666e+02;1.067134e-20
1.642166e+02;1.066807e-20
1.642666e+02;1.066479e-20
1.643166e+02;1.066152e-20
1.643666e+02;1.065825e-20
1.644166e+02;1.065498e-20
1.644666e+02;1.065172e-20
1.645166e+02;1.064845e-20
1.645666e+02;1.064519e-20
1.646166e+02;1.064193e-20
1.646666e+02;1.063867e-20
1.647166e+02;1.063541e-20
1.647666e+02;1.063216e-20
1.648166e+02;1.062890e-20
1.648666e+02;1.062565e-20
1.649166e+02;1.062240e-20
1.649666e+02;1.061915e-20
1.650166e+02;1.061591e-20
1.650666e+02;1.061267e-20
1.651166e+02;1.060942e-20
1.651666e+02;1.060618e-20
1.652166e+02;1.060295e-20
1.652666e+02;1.059971e-20
1.653166e+02;1.059648e-20
1.653666e+02;1.059324e-20
1.654166e+02;1.059001e-20
1.654666e+02;1.058679e-20
1.655166e+02;1.058356e-20
1.655666e+02;1.058033e-20
1.656166e+02;1.057711e-20
1.656666e+02;1.057389e-20
1.657166e+02;1.057067e-20
1.657666e+02;1.056746e-20
1.658166e+02;1.056424e-20
1.658666e+02;1.056103e-20
1.659166e+02;1.055782e-20
1.659666e+02;1.055461e-20
1.660166e+02;1.055140e-20
1.660666e+02;1.054819e-20
1.661166e+02;1.054499e-20
1.661666e+02;1.054179e-20
1.662166e+02;1.053859e-20
1.662667e+02;1.053539e-20
1.663167e+02;1.053219e-20
1.663667e+02;1.052900e-20
1.664167e+02;1.052581e-20
1.664667e+02;1.052262e-20
1.665167e+02;1.051943e-20
1.665667e+02;1.051624e-20
1.666167e+02;1.051305e-20
1.666667e+02;1.050987e-20
1.667167e+02;1.050669e-20
1.667667e+02;1.050351e-20
1.668167e+02;1.050033e-20
1.668667e+02;1.049716e-20
1.669167e+02;1.049398e-20
1.669667e+02;1.049081e-20
1.670167e+02;1.048764e-20
1.670667e+02;1.048447e-20
1.671167e+02;1.048130e-20
1.671667e+02;1.047814e-20
1.672167e+02;1.047498e-20
1.672667e+02;1.047182e-20
1.673167e+02;1.046866e-20
1.673667e+02;1.046550e-20
1.674167e+02;1.046234e-20
1.674667e+02;1.045919e-20
1.675167e+02;1.045604e-20
1.675667e+02;1.045289e-20
1.676167e+02;1.044974e-20
1.676667e+02;1.044659e-20
1.677167e+02;1.044345e-20
1.677667e+02;1.044031e-20
1.678167e+02;1.043717e-20
1.678667e+02;1.043403e-20
1.679167e+02;1.043089e-20
1.679667e+02;1.042775e-20
1.680167e+02;1.042462e-20
1.680667e+02;1.042149e-20
1.681167e+02;1.041836e-20
1.681667e+02;1.041523e-20
1.682167e+02;1.041210e-20
1.682667e+02;1.040898e-20
1.683167e+02;1.040586e-20
1.683667e+02;1.040273e-20
1.684167e+02;1.039962e-20
1.684667e+02;1.039650e-20
1.685167e+02;1.039338e-20
1.685667e+02;1.039027e-20
1.686167e+02;1.038716e-20
1.686667e+02;1.038405e-20
1.687167e+02;1.038094e-20
1.687668e+02;1.037783e-20
1.688168e+02;1.037473e-20
1.688668e+02;1.037162e-20
1.689168e+02;1.036852e-20
1.689668e+02;1.036542e-20
1.690168e+02;1.036233e-20
1.690668e+02;1.035923e-20
1.691168e+02;1.035614e-20
1.691668e+02;1.035304e-20
1.692168e+02;1.034995e-20
1.692668e+02;1.034686e-20
1.693168e+02;1.034378e-20
1.693668e+02;1.034069e-20
1.694168e+02;1.033761e-20
1.694668e+02;1.033453e-20
1.695168e+02;1.033145e-20
1.695668e+02;1.032837e-20
1.696168e+02;1.032529e-20
1.696668e+02;1.032222e-20
1.697168e+02;1.031915e-20
1.697668e+02;1.031607e-20
1.698168e+02;1.031300e-20
1.698668e+02;1.030994e-20
1.699168e+02;1.030687e-20
1.699668e+02;1.030381e-20
1.700168e+02;1.030075e-20
1.700668e+02;1.029768e-20
1.701168e+02;1.029463e-20
1.701668e+02;1.029157e-20
1.702168e+02;1.028851e-20
1.702668e+02;1.028546e-20
1.703168e+02;1.028241e-20
1.703668e+02;1.027936e-20
1.704168e+02;1.027631e-20
1.704668e+02;1.027326e-20
1.705168e+02;1.027022e-20
1.705668e+02;1.026718e-20
1.706168e+02;1.026413e-20
1.706668e+02;1.026109e-20
1.707168e+02;1.025806e-20
1.707668e+02;1.025502e-20
1.708168e+02;1.025199e-20
1.708668e+02;1.024895e-20
1.709168e+02;1.024592e-20
1.709668e+02;1.024289e-20
1.710168e+02;1.023987e-20
1.710668e+02;1.023684e-20
1.711168e+02;1.023382e-20
1.711668e+02;1.023079e-20
1.712168e+02;1.022777e-20
1.712669e+02;1.022475e-20
1.713169e+02;1.022174e-20
1.713669e+02;1.021872e-20
1.714169e+02;1.021571e-20
1.714669e+02;1.021270e-20
1.715169e+02;1.020969e-20
1.715669e+02;1.020668e-20
1.716169e+02;1.020367e-20
1.716669e+02;1.020067e-20
1.717169e+02;1.019766e-20
1.717669e+02;1.019466e-20
1.718169e+02;1.019166e-20
1.718669e+02;1.018866e-20
1.719169e+02;1.018566e-20
1.719669e+02;1.018267e-20
1.720169e+02;1.017968e-20
1.720669e+02;1.017669e-20
1.721169e+02;1.017370e-20
1.721669e+02;1.017071e-20
1.722169e+02;1.016772e-20
1.722669e+02;1.016474e-20
1.723169e+02;1.016175e-20
1.723669e+02;1.015877e-20
1.724169e+02;1.015579e-20
1.724669e+02;1.015281e-20
1.725169e+02;1.014984e-20
1.725669e+02;1.014686e-20
1.726169e+02;1.014389e-20
1.726669e+02;1.014092e-20
1.727169e+02;1.013795e-20
1.727669e+02;1.013498e-20
1.728169e+02;1.013201e-20
1.728669e+02;1.012905e-20
1.729169e+02;1.012609e-20
1.729669e+02;1.012312e-20
1.730169e+02;1.012017e-20
1.730669e+02;1.011721e-20
1.731169e+02;1.011425e-20
1.731669e+02;1.011130e-20
1.732169e+02;1.010834e-20
1.732669e+02;1.010539e-20
1.733169e+02;1.010244e-20
1.733669e+02;1.009949e-20
1.734169e+02;1.009655e-20
1.734669e+02;1.009360e-20
1.735169e+02;1.009066e-20
1.735669e+02;1.008772e-20
1.736169e+02;1.008478e-20
1.736669e+02;1.008184e-20
1.737169e+02;1.007890e-20
1.737670e+02;1.007597e-20
1.738170e+02;1.007304e-20
1.738670e+02;1.007010e-20
1.739170e+02;1.006717e-20
1.739670e+02;1.006425e-20
1.740170e+02;1.006132e-20
1.740670e+02;1.005840e-20
1.741170e+02;1.005547e-20
1.741670e+02;1.005255e-20
1.742170e+02;1.004963e-20
1.742670e+02;1.004671e-20
1.743170e+02;1.004379e-20
1.743670e+02;1.004088e-20
1.744170e+02;1.003797e-20
1.744670e+02;1.003505e-20
1.745170e+02;1.003214e-20
1.745670e+02;1.002924e-20
1.746170e+02;1.002633e-20
1.746670e+02;1.002342e-20
1.747170e+02;1.002052e-20
1.747670e+02;1.001762e-20
1.748170e+02;1.001472e-20
1.748670e+02;1.001182e-20
1.749170e+02;1.000892e-20
1.749670e+02;1.000602e-20
1.750170e+02;1.000313e-20
1.750670e+02;1.000024e-20
1.751170e+02;9.997347e-21
1.751670e+02;9.994458e-21
1.752170e+02;9.991570e-21
1.752670e+02;9.988684e-21
1.753170e+02;9.985800e-21
1.753670e+02;9.982917e-21
1.754170e+02;9.980036e-21
1.754670e+02;9.977156e-21
1.755170e+02;9.974278e-21
1.755670e+02;9.971402e-21
1.756170e+02;9.968527e-21
1.756670e+02;9.965654e-21
1.757170e+02;9.962782e-21
1.757670e+02;9.959912e-21
1.758170e+02;9.957044e-21
1.758670e+02;9.954177e-21
1.759170e+02;9.951312e-21
1.759670e+02;9.948448e-21
1.760170e+02;9.945586e-21
1.760670e+02;9.942725e-21
1.761170e+02;9.939866e-21
1.761670e+02;9.937009e-21
1.762170e+02;9.934153e-21
1.762671e+02;9.931299e-21
1.763171e+02;9.928446e-21
1.763671e+02;9.925595e-21
1.764171e+02;9.922746e-21
1.764671e+02;9.919898e-21
1.765171e+02;9.917052e-21
1.765671e+02;9.914207e-21
1.766171e+02;9.911364e-21
1.766671e+02;9.908522e-21
1.767171e+02;9.905682e-21
1.767671e+02;9.902844e-21
1.768171e+02;9.900007e-21
1.768671e+02;9.897172e-21
1.769171e+02;9.894338e-21
1.769671e+02;9.891506e-21
1.770171e+02;9.888675e-21
1.770671e+02;9.885846e-21
1.771171e+02;9.883018e-21
1.771671e+02;9.880192e-21
1.772171e+02;9.877368e-21
1.772671e+02;9.874545e-21
1.773171e+02;9.871724e-21
1.773671e+02;9.868904e-21
1.774171e+02;9.866086e-21
1.774671e+02;9.863269e-21
1.775171e+02;9.860454e-21
1.775671e+02;9.857641e-21
1.776171e+02;9.854829e-21
1.776671e+02;9.852018e-21
1.777171e+02;9.849209e-21
1.777671e+02;9.846402e-21
1.778171e+02;9.843596e-21
1.778671e+02;9.840792e-21
1.779171e+02;9.837989e-21
1.779671e+02;9.835188e-21
1.780171e+02;9.832388e-21
1.780671e+02;9.829590e-21
1.781171e+02;9.826793e-21
1.781671e+02;9.823998e-21
1.782171e+02;9.821204e-21
1.782671e+02;9.818412e-21
1.783171e+02;9.815622e-21
1.783671e+02;9.812833e-21
1.784171e+02;9.810045e-21
1.784671e+02;9.807259e-21
1.785171e+02;9.804475e-21
1.785671e+02;9.801692e-21
1.786171e+02;9.798911e-21
1.786671e+02;9.796131e-21
1.787171e+02;9.793352e-21
1.787672e+02;9.790576e-21
1.788172e+02;9.787800e-21
1.788672e+02;9.785026e-21
1.789172e+02;9.782254e-21
1.789672e+02;9.779483e-21
1.790172e+02;9.776714e-21
1.790672e+02;9.773946e-21
1.791172e+02;9.771180e-21
1.791672e+02;9.768415e-21
1.792172e+02;9.765652e-21
1.792672e+02;9.762890e-21
1.793172e+02;9.760130e-21
1.793672e+02;9.757371e-21
1.794172e+02;9.754614e-21
1.794672e+02;9.751858e-21
1.795172e+02;9.749104e-21
1.795672e+02;9.746352e-21
1.796172e+02;9.743600e-21
1.796672e+02;9.740851e-21
1.797172e+02;9.738102e-21
1.797672e+02;9.735355e-21
1.798172e+02;9.732610e-21
1.798672e+02;9.729866e-21
1.799172e+02;9.727124e-21
1.799672e+02;9.724383e-21
1.800172e+02;9.721644e-21
1.800672e+02;9.718906e-21
1.801172e+02;9.716170e-21
1.801672e+02;9.713435e-21
1.802172e+02;9.710702e-21
1.802672e+02;9.707970e-21
1.803172e+02;9.705239e-21
1.803672e+02;9.702510e-21
1.804172e+02;9.699783e-21
1.804672e+02;9.697057e-21
1.805172e+02;9.694332e-21
1.805672e+02;9.691609e-21
1.806172e+02;9.688888e-21
1.806672e+02;9.686167e-21
1.807172e+02;9.683449e-21
1.807672e+02;9.680732e-21
1.808172e+02;9.678016e-21
1.808672e+02;9.675302e-21
1.809172e+02;9.672589e-21
1.809672e+02;9.669878e-21
1.810172e+02;9.667168e-21
1.810672e+02;9.664459e-21
1.811172e+02;9.661752e-21
1.811672e+02;9.659047e-21
1.812172e+02;9.656343e-21
1.812673e+02;9.653640e-21
1.813173e+02;9.650939e-21
1.813673e+02;9.648239e-21
1.814173e+02;9.645541e-21
1.814673e+02;9.642844e-21
1.815173e+02;9.640149e-21
1.815673e+02;9.637455e-21
1.816173e+02;9.634763e-21
1.816673e+02;9.632072e-21
1.817173e+02;9.629382e-21
1.817673e+02;9.626694e-21
1.818173e+02;9.624008e-21
1.818673e+02;9.621323e-21
1.819173e+02;9.618639e-21
1.819673e+02;9.615956e-21
1.820173e+02;9.613276e-21
1.820673e+02;9.610596e-21
1.821173e+02;9.607918e-21
1.821673e+02;9.605242e-21
1.822173e+02;9.602566e-21
1.822673e+02;9.599893e-21
1.823173e+02;9.597220e-21
1.823673e+02;9.594550e-21
1.824173e+02;9.591880e-21
1.824673e+02;9.589212e-21
1.825173e+02;9.586546e-21
1.825673e+02;9.583881e-21
1.826173e+02;9.581217e-21
1.826673e+02;9.578555e-21
1.827173e+02;9.575894e-21
1.827673e+02;9.573234e-21
1.828173e+02;9.570576e-21
1.828673e+02;9.567920e-21
1.829173e+02;9.565265e-21
1.829673e+02;9.562611e-21
1.830173e+02;9.559958e-21
1.830673e+02;9.557308e-21
1.831173e+02;9.554658e-21
1.831673e+02;9.552010e-21
1.832173e+02;9.549363e-21
1.832673e+02;9.546718e-21
1.833173e+02;9.544074e-21
1.833673e+02;9.541432e-21
1.834173e+02;9.538791e-21
1.834673e+02;9.536151e-21
1.835173e+02;9.533513e-21
1.835673e+02;9.530876e-21
1.836173e+02;9.528240e-21
1.836673e+02;9.525606e-21
1.837173e+02;9.522974e-21
1.837674e+02;9.520342e-21
1.838174e+02;9.517713e-21
1.838674e+02;9.515084e-21
1.839174e+02;9.512457e-21
1.839674e+02;9.509832e-21
1.840174e+02;9.507207e-21
1.840674e+02;9.504584e-21
1.841174e+02;9.501963e-21
1.841674e+02;9.499343e-21
1.842174e+02;9.496724e-21
1.842674e+02;9.494107e-21
1.843174e+02;9.491491e-21
1.843674e+02;9.488876e-21
1.844174e+02;9.486263e-21
1.844674e+02;9.483651e-21
1.845174e+02;9.481041e-21
1.845674e+02;9.478432e-21
1.846174e+02;9.475824e-21
1.846674e+02;9.473218e-21
1.847174e+02;9.470613e-21
1.847674e+02;9.468010e-21
1.848174e+02;9.465408e-21
1.848674e+02;9.462807e-21
1.849174e+02;9.460208e-21
1.849674e+02;9.457610e-21
1.850174e+02;9.455013e-21
1.850674e+02;9.452418e-21
1.851174e+02;9.449824e-21
1.851674e+02;9.447231e-21
1.852174e+02;9.444640e-21
1.852674e+02;9.442050e-21
1.853174e+02;9.439462e-21
1.853674e+02;9.436875e-21
1.854174e+02;9.434289e-21
1.854674e+02;9.431705e-21
1.855174e+02;9.429122e-21
1.855674e+02;9.426540e-21
1.856174e+02;9.423960e-21
1.856674e+02;9.421381e-21
1.857174e+02;9.418804e-21
1.857674e+02;9.416227e-21
1.858174e+02;9.413653e-21
1.858674e+02;9.411079e-21
1.859174e+02;9.408507e-21
1.859674e+02;9.405936e-21
1.860174e+02;9.403367e-21
1.860674e+02;9.400799e-21
1.861174e+02;9.398232e-21
1.861674e+02;9.395667e-21
1.862174e+02;9.393103e-21
1.862675e+02;9.390540e-21
1.863175e+02;9.387979e-21
1.863675e+02;9.385419e-21
1.864175e+02;9.382860e-21
1.864675e+02;9.380303e-21
1.865175e+02;9.377747e-21
1.865675e+02;9.375192e-21
1.866175e+02;9.372639e-21
1.866675e+02;9.370087e-21
1.867175e+02;9.367536e-21
1.867675e+02;9.364987e-21
1.868175e+02;9.362439e-21
1.868675e+02;9.359892e-21
1.869175e+02;9.357347e-21
1.869675e+02;9.354803e-21
1.870175e+02;9.352260e-21
1.870675e+02;9.349719e-21
1.871175e+02;9.347179e-21
1.871675e+02;9.344640e-21
1.872175e+02;9.342103e-21
1.872675e+02;9.339567e-21
1.873175e+02;9.337032e-21
1.873675e+02;9.334499e-21
1.874175e+02;9.331967e-21
1.874675e+02;9.329436e-21
1.875175e+02;9.326907e-21
1.875675e+02;9.324379e-21
1.876175e+02;9.321852e-21
1.876675e+02;9.319326e-21
1.877175e+02;9.316802e-21
1.877675e+02;9.314279e-21
1.878175e+02;9.311758e-21
1.878675e+02;9.309238e-21
1.879175e+02;9.306719e-21
1.879675e+02;9.304201e-21
1.880175e+02;9.301685e-21
1.880675e+02;9.299170e-21
1.881175e+02;9.296656e-21
1.881675e+02;9.294144e-21
1.882175e+02;9.291633e-21
1.882675e+02;9.289123e-21
1.883175e+02;9.286615e-21
1.883675e+02;9.284108e-21
1.884175e+02;9.281602e-21
1.884675e+02;9.279097e-21
1.885175e+02;9.276594e-21
1.885675e+02;9.274092e-21
1.886175e+02;9.271591e-21
1.886675e+02;9.269092e-21
1.887175e+02;9.266594e-21
1.887676e+02;9.264097e-21
1.888176e+02;9.261602e-21
1.888676e+02;9.259108e-21
1.889176e+02;9.256615e-21
1.889676e+02;9.254123e-21
1.890176e+02;9.251633e-21
1.890676e+02;9.249144e-21
1.891176e+02;9.246656e-21
1.891676e+02;9.244170e-21
1.892176e+02;9.241684e-21
1.892676e+02;9.239200e-21
1.893176e+02;9.236718e-21
1.893676e+02;9.234237e-21
1.894176e+02;9.231757e-21
1.894676e+02;9.229278e-21
1.895176e+02;9.226800e-21
1.895676e+02;9.224324e-21
1.896176e+02;9.221849e-21
1.896676e+02;9.219375e-21
1.897176e+02;9.216903e-21
1.897676e+02;9.214432e-21
1.898176e+02;9.211962e-21
1.898676e+02;9.209494e-21
1.899176e+02;9.207026e-21
1.899676e+02;9.204560e-21
1.900176e+02;9.202096e-21
1.900676e+02;9.199632e-21
1.901176e+02;9.197170e-21
1.901676e+02;9.194709e-21
1.902176e+02;9.192249e-21
1.902676e+02;9.189791e-21
1.903176e+02;9.187334e-21
1.903676e+02;9.184878e-21
1.904176e+02;9.182423e-21
1.904676e+02;9.179970e-21
1.905176e+02;9.177518e-21
1.905676e+02;9.175067e-21
1.906176e+02;9.172617e-21
1.906676e+02;9.170169e-21
1.907176e+02;9.167722e-21
1.907676e+02;9.165276e-21
1.908176e+02;9.162831e-21
1.908676e+02;9.160388e-21
1.909176e+02;9.157946e-21
1.909676e+02;9.155505e-21
1.910176e+02;9.153065e-21
1.910676e+02;9.150627e-21
1.911176e+02;9.148190e-21
1.911676e+02;9.145754e-21
1.912176e+02;9.143320e-21
1.912677e+02;9.140886e-21
1.913177e+02;9.138454e-21
1.913677e+02;9.136023e-21
1.914177e+02;9.133594e-21
1.914677e+02;9.131165e-21
1.915177e+02;9.128738e-21
1.915677e+02;9.126312e-21
1.916177e+02;9.123888e-21
1.916677e+02;9.121464e-21
1.917177e+02;9.119042e-21
1.917677e+02;9.116621e-21
1.918177e+02;9.114201e-21
1.918677e+02;9.111783e-21
1.919177e+02;9.109365e-21
1.919677e+02;9.106949e-21
1.920177e+02;9.104535e-21
1.920677e+02;9.102121e-21
1.921177e+02;9.099709e-21
1.921677e+02;9.097298e-21
1.922177e+02;9.094888e-21
1.922677e+02;9.092479e-21
1.923177e+02;9.090072e-21
1.923677e+02;9.087665e-21
1.924177e+02;9.085260e-21
1.924677e+02;9.082857e-21
1.925177e+02;9.080454e-21
1.925677e+02;9.078053e-21
1.926177e+02;9.075653e-21
1.926677e+02;9.073254e-21
1.927177e+02;9.070856e-21
1.927677e+02;9.068460e-21
1.928177e+02;9.066065e-21
1.928677e+02;9.063671e-21
1.929177e+02;9.061278e-21
1.929677e+02;9.058886e-21
1.930177e+02;9.056496e-21
1.930677e+02;9.054107e-21
1.931177e+02;9.051719e-21
1.931677e+02;9.049332e-21
1.932177e+02;9.046946e-21
1.932677e+02;9.044562e-21
1.933177e+02;9.042179e-21
1.933677e+02;9.039797e-21
1.934177e+02;9.037416e-21
1.934677e+02;9.035037e-21
1.935177e+02;9.032658e-21
1.935677e+02;9.030281e-21
1.936177e+02;9.027905e-21
1.936677e+02;9.025531e-21
1.937177e+02;9.023157e-21
1.937678e+02;9.020785e-21
1.938178e+02;9.018414e-21
1.938678e+02;9.016044e-21
1.939178e+02;9.013675e-21
1.939678e+02;9.011308e-21
1.940178e+02;9.008941e-21
1.940678e+02;9.006576e-21
1.941178e+02;9.004212e-21
1.941678e+02;9.001849e-21
1.942178e+02;8.999488e-21
1.942678e+02;8.997127e-21
1.943178e+02;8.994768e-21
1.943678e+02;8.992410e-21
1.944178e+02;8.990053e-21
1.944678e+02;8.987698e-21
1.945178e+02;8.985343e-21
1.945678e+02;8.982990e-21
1.946178e+02;8.980638e-21
1.946678e+02;8.978287e-21
1.947178e+02;8.975937e-21
1.947678e+02;8.973589e-21
1.948178e+02;8.971242e-21
1.948678e+02;8.968895e-21
1.949178e+02;8.966550e-21
1.949678e+02;8.964207e-21
1.950178e+02;8.961864e-21
1.950678e+02;8.959522e-21
1.951178e+02;8.957182e-21
1.951678e+02;8.954843e-21
1.952178e+02;8.952505e-21
1.952678e+02;8.950168e-21
1.953178e+02;8.947833e-21
1.953678e+02;8.945498e-21
1.954178e+02;8.943165e-21
1.954678e+02;8.940833e-21
1.955178e+02;8.938502e-21
1.955678e+02;8.936172e-21
1.956178e+02;8.933844e-21
1.956678e+02;8.931516e-21
1.957178e+02;8.929190e-21
1.957678e+02;8.926865e-21
1.958178e+02;8.924541e-21
1.958678e+02;8.922218e-21
1.959178e+02;8.919896e-21
1.959678e+02;8.917576e-21
1.960178e+02;8.915257e-21
1.960678e+02;8.912939e-21
1.961178e+02;8.910622e-21
1.961678e+02;8.908306e-21
1.962178e+02;8.905991e-21
1.962679e+02;8.903677e-21
1.963179e+02;8.901365e-21
1.963679e+02;8.899054e-21
1.964179e+02;8.896744e-21
1.964679e+02;8.894435e-21
1.965179e+02;8.892127e-21
1.965679e+02;8.889821e-21
1.966179e+02;8.887515e-21
1.966679e+02;8.885211e-21
1.967179e+02;8.882908e-21
1.967679e+02;8.880605e-21
1.968179e+02;8.878305e-21
1.968679e+02;8.876005e-21
1.969179e+02;8.873706e-21
1.969679e+02;8.871409e-21
1.970179e+02;8.869112e-21
1.970679e+02;8.866817e-21
1.971179e+02;8.864523e-21
1.971679e+02;8.862230e-21
1.972179e+02;8.859939e-21
1.972679e+02;8.857648e-21
1.973179e+02;8.855358e-21
1.973679e+02;8.853070e-21
1.974179e+02;8.850783e-21
1.974679e+02;8.848497e-21
1.975179e+02;8.846212e-21
1.975679e+02;8.843928e-21
1.976179e+02;8.841645e-21
1.976679e+02;8.839364e-21
1.977179e+02;8.837083e-21
1.977679e+02;8.834804e-21
1.978179e+02;8.832526e-21
1.978679e+02;8.830249e-21
1.979179e+02;8.827973e-21
1.979679e+02;8.825698e-21
1.980179e+02;8.823425e-21
1.980679e+02;8.821152e-21
1.981179e+02;8.818881e-21
1.981679e+02;8.816610e-21
1.982179e+02;8.814341e-21
1.982679e+02;8.812073e-21
1.983179e+02;8.809806e-21
1.983679e+02;8.807540e-21
1.984179e+02;8.805276e-21
1.984679e+02;8.803012e-21
1.985179e+02;8.800750e-21
1.985679e+02;8.798488e-21
1.986179e+02;8.796228e-21
1.986679e+02;8.793969e-21
1.987179e+02;8.791711e-21
1.987680e+02;8.789454e-21
1.988180e+02;8.787198e-21
1.988680e+02;8.784943e-21
1.989180e+02;8.782690e-21
1.989680e+02;8.780437e-21
1.990180e+02;8.778186e-21
1.990680e+02;8.775936e-21
1.991180e+02;8.773687e-21
1.991680e+02;8.771439e-21
1.992180e+02;8.769192e-21
1.992680e+02;8.766946e-21
1.993180e+02;8.764701e-21
1.993680e+02;8.762458e-21
1.994180e+02;8.760215e-21
1.994680e+02;8.757974e-21
1.995180e+02;8.755733e-21
1.995680e+02;8.753494e-21
1.996180e+02;8.751256e-21
1.996680e+02;8.749019e-21
1.997180e+02;8.746783e-21
1.997680e+02;8.744548e-21
1.998180e+02;8.742315e-21
1.998680e+02;8.740082e-21
1.999180e+02;8.737850e-21
1.999680e+02;8.735620e-21
2.000180e+02;8.733391e-21
2.000680e+02;8.731162e-21
2.001180e+02;8.728935e-21
2.001680e+02;8.726709e-21
2.002180e+02;8.724484e-21
2.002680e+02;8.722260e-21
2.003180e+02;8.720037e-21
2.003680e+02;8.717816e-21
2.004180e+02;8.715595e-21
2.004680e+02;8.713375e-21
2.005180e+02;8.711157e-21
2.005680e+02;8.708940e-21
2.006180e+02;8.706723e-21
2.006680e+02;8.704508e-21
2.007180e+02;8.702294e-21
2.007680e+02;8.700081e-21
2.008180e+02;8.697869e-21
2.008680e+02;8.695658e-21
2.009180e+02;8.693448e-21
2.009680e+02;8.691239e-21
2.010180e+02;8.689032e-21
2.010680e+02;8.686825e-21
2.011180e+02;8.684619e-21
2.011680e+02;8.682415e-21
2.012180e+02;8.680212e-21
2.012681e+02;8.678009e-21
2.013181e+02;8.675808e-21
2.013681e+02;8.673608e-21
2.014181e+02;8.671409e-21
2.014681e+02;8.669211e-21
2.015181e+02;8.667014e-21
2.015681e+02;8.664818e-21
2.016181e+02;8.662623e-21
2.016681e+02;8.660429e-21
2.017181e+02;8.658237e-21
2.017681e+02;8.656045e-21
2.018181e+02;8.653854e-21
2.018681e+02;8.651665e-21
2.019181e+02;8.649476e-21
2.019681e+02;8.647289e-21
2.020181e+02;8.645103e-21
2.020681e+02;8.642917e-21
2.021181e+02;8.640733e-21
2.021681e+02;8.638550e-21
2.022181e+02;8.636368e-21
2.022681e+02;8.634187e-21
2.023181e+02;8.632007e-21
2.023681e+02;8.629828e-21
2.024181e+02;8.627650e-21
2.024681e+02;8.625473e-21
2.025181e+02;8.623298e-21
2.025681e+02;8.621123e-21
2.026181e+02;8.618949e-21
2.026681e+02;8.616777e-21
2.027181e+02;8.614605e-21
2.027681e+02;8.612435e-21
2.028181e+02;8.610265e-21
2.028681e+02;8.608097e-21
2.029181e+02;8.605929e-21
2.029681e+02;8.603763e-21
2.030181e+02;8.601598e-21
2.030681e+02;8.599434e-21
2.031181e+02;8.597271e-21
2.031681e+02;8.595108e-21
2.032181e+02;8.592947e-21
2.032681e+02;8.590787e-21
2.033181e+02;8.588628e-21
2.033681e+02;8.586470e-21
2.034181e+02;8.584313e-21
2.034681e+02;8.582157e-21
2.035181e+02;8.580003e-21
2.035681e+02;8.577849e-21
2.036181e+02;8.575696e-21
2.036681e+02;8.573544e-21
2.037181e+02;8.571394e-21
2.037682e+02;8.569244e-21
2.038182e+02;8.567095e-21
2.038682e+02;8.564948e-21
2.039182e+02;8.562801e-21
2.039682e+02;8.560655e-21
2.040182e+02;8.558511e-21
2.040682e+02;8.556367e-21
2.041182e+02;8.554225e-21
2.041682e+02;8.552084e-21
2.042182e+02;8.549943e-21
2.042682e+02;8.547804e-21
2.043182e+02;8.545665e-21
2.043682e+02;8.543528e-21
2.044182e+02;8.541392e-21
2.044682e+02;8.539257e-21
2.045182e+02;8.537122e-21
2.045682e+02;8.534989e-21
2.046182e+02;8.532857e-21
2.046682e+02;8.530726e-21
2.047182e+02;8.528596e-21
2.047682e+02;8.526466e-21
2.048182e+02;8.524338e-21
2.048682e+02;8.522211e-21
2.049182e+02;8.520085e-21
2.049682e+02;8.517960e-21
2.050182e+02;8.515836e-21
2.050682e+02;8.513713e-21
2.051182e+02;8.511591e-21
2.051682e+02;8.509470e-21
2.052182e+02;8.507350e-21
2.052682e+02;8.505231e-21
2.053182e+02;8.503113e-21
2.053682e+02;8.500996e-21
2.054182e+02;8.498880e-21
2.054682e+02;8.496765e-21
2.055182e+02;8.494651e-21
2.055682e+02;8.492538e-21
2.056182e+02;8.490426e-21
2.056682e+02;8.488315e-21
2.057182e+02;8.486205e-21
2.057682e+02;8.484096e-21
2.058182e+02;8.481989e-21
2.058682e+02;8.479882e-21
2.059182e+02;8.477776e-21
2.059682e+02;8.475671e-21
2.060182e+02;8.473567e-21
2.060682e+02;8.471464e-21
2.061182e+02;8.469362e-21
2.061682e+02;8.467261e-21
2.062182e+02;8.465161e-21
2.062683e+02;8.463063e-21
2.063183e+02;8.460965e-21
2.063683e+02;8.458868e-21
2.064183e+02;8.456772e-21
2.064683e+02;8.454677e-21
2.065183e+02;8.452583e-21
2.065683e+02;8.450490e-21
2.066183e+02;8.448398e-21
2.066683e+02;8.446307e-21
2.067183e+02;8.444217e-21
2.067683e+02;8.442128e-21
2.068183e+02;8.440040e-21
2.068683e+02;8.437953e-21
2.069183e+02;8.435867e-21
2.069683e+02;8.433782e-21
2.070183e+02;8.431698e-21
2.070683e+02;8.429615e-21
2.071183e+02;8.427533e-21
2.071683e+02;8.425452e-21
2.072183e+02;8.423372e-21
2.072683e+02;8.421293e-21
2.073183e+02;8.419215e-21
2.073683e+02;8.417138e-21
2.074183e+02;8.415062e-21
2.074683e+02;8.412987e-21
2.075183e+02;8.410912e-21
2.075683e+02;8.408839e-21
2.076183e+02;8.406767e-21
2.076683e+02;8.404696e-21
2.077183e+02;8.402625e-21
2.077683e+02;8.400556e-21
2.078183e+02;8.398488e-21
2.078683e+02;8.396421e-21
2.079183e+02;8.394354e-21
2.079683e+02;8.392289e-21
2.080183e+02;8.390224e-21
2.080683e+02;8.388161e-21
2.081183e+02;8.386099e-21
2.081683e+02;8.384037e-21
2.082183e+02;8.381976e-21
2.082683e+02;8.379917e-21
2.083183e+02;8.377858e-21
2.083683e+02;8.375801e-21
2.084183e+02;8.373744e-21
2.084683e+02;8.371688e-21
2.085183e+02;8.369634e-21
2.085683e+02;8.367580e-21
2.086183e+02;8.365527e-21
2.086683e+02;8.363475e-21
2.087183e+02;8.361425e-21
2.087684e+02;8.359375e-21
2.088184e+02;8.357326e-21
2.088684e+02;8.355278e-21
2.089184e+02;8.353231e-21
2.089684e+02;8.351185e-21
2.090184e+02;8.349140e-21
2.090684e+02;8.347096e-21
2.091184e+02;8.345052e-21
2.091684e+02;8.343010e-21
2.092184e+02;8.340969e-21
2.092684e+02;8.338929e-21
2.093184e+02;8.336889e-21
2.093684e+02;8.334851e-21
2.094184e+02;8.332813e-21
2.094684e+02;8.330777e-21
2.095184e+02;8.328741e-21
2.095684e+02;8.326707e-21
2.096184e+02;8.324673e-21
2.096684e+02;8.322641e-21
2.097184e+02;8.320609e-21
2.097684e+02;8.318578e-21
2.098184e+02;8.316548e-21
2.098684e+02;8.314519e-21
2.099184e+02;8.312492e-21
2.099684e+02;8.310465e-21
2.100184e+02;8.308439e-21
2.100684e+02;8.306414e-21
2.101184e+02;8.304389e-21
2.101684e+02;8.302366e-21
2.102184e+02;8.300344e-21
2.102684e+02;8.298323e-21
2.103184e+02;8.296302e-21
2.103684e+02;8.294283e-21
2.104184e+02;8.292264e-21
2.104684e+02;8.290247e-21
2.105184e+02;8.288230e-21
2.105684e+02;8.286215e-21
2.106184e+02;8.284200e-21
2.106684e+02;8.282186e-21
2.107184e+02;8.280173e-21
2.107684e+02;8.278161e-21
2.108184e+02;8.276150e-21
2.108684e+02;8.274140e-21
2.109184e+02;8.272131e-21
2.109684e+02;8.270123e-21
2.110184e+02;8.268116e-21
2.110684e+02;8.266110e-21
2.111184e+02;8.264104e-21
2.111684e+02;8.262100e-21
2.112184e+02;8.260096e-21
2.112685e+02;8.258094e-21
2.113185e+02;8.256092e-21
2.113685e+02;8.254091e-21
2.114185e+02;8.252092e-21
2.114685e+02;8.250093e-21
2.115185e+02;8.248095e-21
2.115685e+02;8.246098e-21
2.116185e+02;8.244102e-21
2.116685e+02;8.242107e-21
2.117185e+02;8.240112e-21
2.117685e+02;8.238119e-21
2.118185e+02;8.236127e-21
2.118685e+02;8.234135e-21
2.119185e+02;8.232145e-21
2.119685e+02;8.230155e-21
2.120185e+02;8.228166e-21
2.120685e+02;8.226179e-21
2.121185e+02;8.224192e-21
2.121685e+02;8.222206e-21
2.122185e+02;8.220221e-21
2.122685e+02;8.218237e-21
2.123185e+02;8.216254e-21
2.123685e+02;8.214271e-21
2.124185e+02;8.212290e-21
2.124685e+02;8.210310e-21
2.125185e+02;8.208330e-21
2.125685e+02;8.206351e-21
2.126185e+02;8.204374e-21
2.126685e+02;8.202397e-21
2.127185e+02;8.200421e-21
2.127685e+02;8.198446e-21
2.128185e+02;8.196472e-21
2.128685e+02;8.194499e-21
2.129185e+02;8.192527e-21
2.129685e+02;8.190555e-21
2.130185e+02;8.188585e-21
2.130685e+02;8.186616e-21
2.131185e+02;8.184647e-21
2.131685e+02;8.182679e-21
2.132185e+02;8.180712e-21
2.132685e+02;8.178747e-21
2.133185e+02;8.176782e-21
2.133685e+02;8.174818e-21
2.134185e+02;8.172854e-21
2.134685e+02;8.170892e-21
2.135185e+02;8.168931e-21
2.135685e+02;8.166970e-21
2.136185e+02;8.165011e-21
2.136685e+02;8.163052e-21
2.137185e+02;8.161094e-21
2.137686e+02;8.159137e-21
2.138186e+02;8.157181e-21
2.138686e+02;8.155226e-21
2.139186e+02;8.153272e-21
2.139686e+02;8.151319e-21
2.140186e+02;8.149367e-21
2.140686e+02;8.147415e-21
2.141186e+02;8.145465e-21
2.141686e+02;8.143515e-21
2.142186e+02;8.141566e-21
2.142686e+02;8.139618e-21
2.143186e+02;8.137671e-21
2.143686e+02;8.135725e-21
2.144186e+02;8.133780e-21
2.144686e+02;8.131835e-21
2.145186e+02;8.129892e-21
2.145686e+02;8.127949e-21
2.146186e+02;8.126008e-21
2.146686e+02;8.124067e-21
2.147186e+02;8.122127e-21
2.147686e+02;8.120188e-21
2.148186e+02;8.118250e-21
2.148686e+02;8.116313e-21
2.149186e+02;8.114376e-21
2.149686e+02;8.112441e-21
2.150186e+02;8.110506e-21
2.150686e+02;8.108572e-21
2.151186e+02;8.106640e-21
2.151686e+02;8.104708e-21
2.152186e+02;8.102777e-21
2.152686e+02;8.100846e-21
2.153186e+02;8.098917e-21
2.153686e+02;8.096989e-21
2.154186e+02;8.095061e-21
2.154686e+02;8.093135e-21
2.155186e+02;8.091209e-21
2.155686e+02;8.089284e-21
2.156186e+02;8.087360e-21
2.156686e+02;8.085437e-21
2.157186e+02;8.083514e-21
2.157686e+02;8.081593e-21
2.158186e+02;8.079672e-21
2.158686e+02;8.077753e-21
2.159186e+02;8.075834e-21
2.159686e+02;8.073916e-21
2.160186e+02;8.071999e-21
2.160686e+02;8.070083e-21
2.161186e+02;8.068167e-21
2.161686e+02;8.066253e-21
2.162186e+02;8.064339e-21
2.162687e+02;8.062427e-21
2.163187e+02;8.060515e-21
2.163687e+02;8.058604e-21
2.164187e+02;8.056694e-21
2.164687e+02;8.054785e-21
2.165187e+02;8.052876e-21
2.165687e+02;8.050969e-21
2.166187e+02;8.049062e-21
2.166687e+02;8.047156e-21
2.167187e+02;8.045252e-21
2.167687e+02;8.043347e-21
2.168187e+02;8.041444e-21
2.168687e+02;8.039542e-21
2.169187e+02;8.037641e-21
2.169687e+02;8.035740e-21
2.170187e+02;8.033840e-21
2.170687e+02;8.031941e-21
2.171187e+02;8.030043e-21
2.171687e+02;8.028146e-21
2.172187e+02;8.026250e-21
2.172687e+02;8.024354e-21
2.173187e+02;8.022460e-21
2.173687e+02;8.020566e-21
2.174187e+02;8.018673e-21
2.174687e+02;8.016781e-21
2.175187e+02;8.014890e-21
2.175687e+02;8.013000e-21
2.176187e+02;8.011110e-21
2.176687e+02;8.009222e-21
2.177187e+02;8.007334e-21
2.177687e+02;8.005447e-21
2.178187e+02;8.003561e-21
2.178687e+02;8.001676e-21
2.179187e+02;7.999791e-21
2.179687e+02;7.997908e-21
2.180187e+02;7.996025e-21
2.180687e+02;7.994143e-21
2.181187e+02;7.992262e-21
2.181687e+02;7.990382e-21
2.182187e+02;7.988503e-21
2.182687e+02;7.986625e-21
2.183187e+02;7.984747e-21
2.183687e+02;7.982870e-21
2.184187e+02;7.980994e-21
2.184687e+02;7.979119e-21
2.185187e+02;7.977245e-21
2.185687e+02;7.975372e-21
2.186187e+02;7.973499e-21
2.186687e+02;7.971627e-21
2.187187e+02;7.969757e-21
2.187688e+02;7.967887e-21
2.188188e+02;7.966017e-21
2.188688e+02;7.964149e-21
2.189188e+02;7.962282e-21
2.189688e+02;7.960415e-21
2.190188e+02;7.958549e-21
2.190688e+02;7.956684e-21
2.191188e+02;7.954820e-21
2.191688e+02;7.952957e-21
2.192188e+02;7.951094e-21
2.192688e+02;7.949233e-21
2.193188e+02;7.947372e-21
2.193688e+02;7.945512e-21
2.194188e+02;7.943653e-21
2.194688e+02;7.941794e-21
2.195188e+02;7.939937e-21
2.195688e+02;7.938080e-21
2.196188e+02;7.936224e-21
2.196688e+02;7.934370e-21
2.197188e+02;7.932515e-21
2.197688e+02;7.930662e-21
2.198188e+02;7.928810e-21
2.198688e+02;7.926958e-21
2.199188e+02;7.925107e-21
2.199688e+02;7.923257e-21
2.200188e+02;7.921408e-21
2.200688e+02;7.919559e-21
2.201188e+02;7.917712e-21
2.201688e+02;7.915865e-21
2.202188e+02;7.914019e-21
2.202688e+02;7.912174e-21
2.203188e+02;7.910330e-21
2.203688e+02;7.908487e-21
2.204188e+02;7.906644e-21
2.204688e+02;7.904802e-21
2.205188e+02;7.902961e-21
2.205688e+02;7.901121e-21
2.206188e+02;7.899282e-21
2.206688e+02;7.897443e-21
2.207188e+02;7.895606e-21
2.207688e+02;7.893769e-21
2.208188e+02;7.891933e-21
2.208688e+02;7.890097e-21
2.209188e+02;7.888263e-21
2.209688e+02;7.886429e-21
2.210188e+02;7.884597e-21
2.210688e+02;7.882765e-21
2.211188e+02;7.880934e-21
2.211688e+02;7.879103e-21
2.212188e+02;7.877274e-21
2.212689e+02;7.875445e-21
2.213189e+02;7.873617e-21
2.213689e+02;7.871790e-21
2.214189e+02;7.869964e-21
2.214689e+02;7.868138e-21
2.215189e+02;7.866314e-21
2.215689e+02;7.864490e-21
2.216189e+02;7.862667e-21
2.216689e+02;7.860844e-21
2.217189e+02;7.859023e-21
2.217689e+02;7.857202e-21
2.218189e+02;7.855382e-21
2.218689e+02;7.853563e-21
2.219189e+02;7.851745e-21
2.219689e+02;7.849928e-21
2.220189e+02;7.848111e-21
2.220689e+02;7.846295e-21
2.221189e+02;7.844480e-21
2.221689e+02;7.842666e-21
2.222189e+02;7.840853e-21
2.222689e+02;7.839040e-21
2.223189e+02;7.837229e-21
2.223689e+02;7.835418e-21
2.224189e+02;7.833607e-21
2.224689e+02;7.831798e-21
2.225189e+02;7.829989e-21
2.225689e+02;7.828182e-21
2.226189e+02;7.826375e-21
2.226689e+02;7.824568e-21
2.227189e+02;7.822763e-21
2.227689e+02;7.820958e-21
2.228189e+02;7.819155e-21
2.228689e+02;7.817352e-21
2.229189e+02;7.815549e-21
2.229689e+02;7.813748e-21
2.230189e+02;7.811947e-21
2.230689e+02;7.810148e-21
2.231189e+02;7.808349e-21
2.231689e+02;7.806550e-21
2.232189e+02;7.804753e-21
2.232689e+02;7.802956e-21
2.233189e+02;7.801160e-21
2.233689e+02;7.799365e-21
2.234189e+02;7.797571e-21
2.234689e+02;7.795777e-21
2.235189e+02;7.793985e-21
2.235689e+02;7.792193e-21
2.236189e+02;7.790402e-21
2.236689e+02;7.788611e-21
2.237189e+02;7.786822e-21
2.237690e+02;7.785033e-21
2.238190e+02;7.783245e-21
2.238690e+02;7.781458e-21
2.239190e+02;7.779671e-21
2.239690e+02;7.777886e-21
2.240190e+02;7.776101e-21
2.240690e+02;7.774317e-21
2.241190e+02;7.772533e-21
2.241690e+02;7.770751e-21
2.242190e+02;7.768969e-21
2.242690e+02;7.767188e-21
2.243190e+02;7.765408e-21
2.243690e+02;7.763629e-21
2.244190e+02;7.761850e-21
2.244690e+02;7.760072e-21
2.245190e+02;7.758295e-21
2.245690e+02;7.756519e-21
2.246190e+02;7.754743e-21
2.246690e+02;7.752969e-21
2.247190e+02;7.751195e-21
2.247690e+02;7.749422e-21
2.248190e+02;7.747649e-21
2.248690e+02;7.745878e-21
2.249190e+02;7.744107e-21
2.249690e+02;7.742337e-21
2.250190e+02;7.740567e-21
2.250690e+02;7.738799e-21
2.251190e+02;7.737031e-21
2.251690e+02;7.735264e-21
2.252190e+02;7.733498e-21
2.252690e+02;7.731732e-21
2.253190e+02;7.729968e-21
2.253690e+02;7.728204e-21
2.254190e+02;7.726441e-21
2.254690e+02;7.724678e-21
2.255190e+02;7.722917e-21
2.255690e+02;7.721156e-21
2.256190e+02;7.719396e-21
2.256690e+02;7.717637e-21
2.257190e+02;7.715878e-21
2.257690e+02;7.714120e-21
2.258190e+02;7.712363e-21
2.258690e+02;7.710607e-21
2.259190e+02;7.708852e-21
2.259690e+02;7.707097e-21
2.260190e+02;7.705343e-21
2.260690e+02;7.703590e-21
2.261190e+02;7.701837e-21
2.261690e+02;7.700086e-21
2.262190e+02;7.698335e-21
2.262691e+02;7.696585e-21
2.263191e+02;7.694835e-21
2.263691e+02;7.693087e-21
2.264191e+02;7.691339e-21
2.264691e+02;7.689592e-21
2.265191e+02;7.687846e-21
2.265691e+02;7.686100e-21
2.266191e+02;7.684355e-21
2.266691e+02;7.682611e-21
2.267191e+02;7.680868e-21
2.267691e+02;7.679125e-21
2.268191e+02;7.677383e-21
2.268691e+02;7.675642e-21
2.269191e+02;7.673902e-21
2.269691e+02;7.672163e-21
2.270191e+02;7.670424e-21
2.270691e+02;7.668686e-21
2.271191e+02;7.666949e-21
2.271691e+02;7.665212e-21
2.272191e+02;7.663476e-21
2.272691e+02;7.661741e-21
2.273191e+02;7.660007e-21
2.273691e+02;7.658273e-21
2.274191e+02;7.656541e-21
2.274691e+02;7.654809e-21
2.275191e+02;7.653077e-21
2.275691e+02;7.651347e-21
2.276191e+02;7.649617e-21
2.276691e+02;7.647888e-21
2.277191e+02;7.646160e-21
2.277691e+02;7.644432e-21
2.278191e+02;7.642705e-21
2.278691e+02;7.640979e-21
2.279191e+02;7.639254e-21
2.279691e+02;7.637530e-21
2.280191e+02;7.635806e-21
2.280691e+02;7.634083e-21
2.281191e+02;7.632360e-21
2.281691e+02;7.630639e-21
2.282191e+02;7.628918e-21
2.282691e+02;7.627198e-21
2.283191e+02;7.625478e-21
2.283691e+02;7.623760e-21
2.284191e+02;7.622042e-21
2.284691e+02;7.620325e-21
2.285191e+02;7.618608e-21
2.285691e+02;7.616893e-21
2.286191e+02;7.615178e-21
2.286691e+02;7.613464e-21
2.287191e+02;7.611750e-21
2.287692e+02;7.610037e-21
2.288192e+02;7.608326e-21
2.288692e+02;7.606614e-21
2.289192e+02;7.604904e-21
2.289692e+02;7.603194e-21
2.290192e+02;7.601485e-21
2.290692e+02;7.599777e-21
2.291192e+02;7.598069e-21
2.291692e+02;7.596362e-21
2.292192e+02;7.594656e-21
2.292692e+02;7.592951e-21
2.293192e+02;7.591246e-21
2.293692e+02;7.589542e-21
2.294192e+02;7.587839e-21
2.294692e+02;7.586137e-21
2.295192e+02;7.584435e-21
2.295692e+02;7.582734e-21
2.296192e+02;7.581034e-21
2.296692e+02;7.579334e-21
2.297192e+02;7.577635e-21
2.297692e+02;7.575937e-21
2.298192e+02;7.574240e-21
2.298692e+02;7.572543e-21
2.299192e+02;7.570847e-21
2.299692e+02;7.569152e-21
2.300192e+02;7.567458e-21
2.300692e+02;7.565764e-21
2.301192e+02;7.564071e-21
2.301692e+02;7.562379e-21
2.302192e+02;7.560687e-21
2.302692e+02;7.558996e-21
2.303192e+02;7.557306e-21
2.303692e+02;7.555617e-21
2.304192e+02;7.553928e-21
2.304692e+02;7.552240e-21
2.305192e+02;7.550553e-21
2.305692e+02;7.548866e-21
2.306192e+02;7.547181e-21
2.306692e+02;7.545496e-21
2.307192e+02;7.543811e-21
2.307692e+02;7.542128e-21
2.308192e+02;7.540445e-21
2.308692e+02;7.538762e-21
2.309192e+02;7.537081e-21
2.309692e+02;7.535400e-21
2.310192e+02;7.533720e-21
2.310692e+02;7.532041e-21
2.311192e+02;7.530362e-21
2.311692e+02;7.528684e-21
2.312192e+02;7.527007e-21
2.312693e+02;7.525331e-21
2.313193e+02;7.523655e-21
2.313693e+02;7.521980e-21
2.314193e+02;7.520305e-21
2.314693e+02;7.518632e-21
2.315193e+02;7.516959e-21
2.315693e+02;7.515287e-21
2.316193e+02;7.513615e-21
2.316693e+02;7.511944e-21
2.317193e+02;7.510274e-21
2.317693e+02;7.508605e-21
2.318193e+02;7.506936e-21
2.318693e+02;7.505268e-21
2.319193e+02;7.503601e-21
2.319693e+02;7.501935e-21
2.320193e+02;7.500269e-21
2.320693e+02;7.498604e-21
2.321193e+02;7.496939e-21
2.321693e+02;7.495276e-21
2.322193e+02;7.493612e-21
2.322693e+02;7.491950e-21
2.323193e+02;7.490289e-21
2.323693e+02;7.488628e-21
2.324193e+02;7.486968e-21
2.324693e+02;7.485308e-21
2.325193e+02;7.483649e-21
2.325693e+02;7.481991e-21
2.326193e+02;7.480334e-21
2.326693e+02;7.478677e-21
2.327193e+02;7.477021e-21
2.327693e+02;7.475366e-21
2.328193e+02;7.473711e-21
2.328693e+02;7.472057e-21
2.329193e+02;7.470404e-21
2.329693e+02;7.468752e-21
2.330193e+02;7.467100e-21
2.330693e+02;7.465449e-21
2.331193e+02;7.463798e-21
2.331693e+02;7.462149e-21
2.332193e+02;7.460500e-21
2.332693e+02;7.458851e-21
2.333193e+02;7.457204e-21
2.333693e+02;7.455557e-21
2.334193e+02;7.453911e-21
2.334693e+02;7.452265e-21
2.335193e+02;7.450620e-21
2.335693e+02;7.448976e-21
2.336193e+02;7.447333e-21
2.336693e+02;7.445690e-21
2.337193e+02;7.444048e-21
2.337694e+02;7.442406e-21
2.338194e+02;7.440766e-21
2.338694e+02;7.439126e-21
2.339194e+02;7.437486e-21
2.339694e+02;7.435848e-21
2.340194e+02;7.434210e-21
2.340694e+02;7.432573e-21
2.341194e+02;7.430936e-21
2.341694e+02;7.429300e-21
2.342194e+02;7.427665e-21
2.342694e+02;7.426031e-21
2.343194e+02;7.424397e-21
2.343694e+02;7.422764e-21
2.344194e+02;7.421131e-21
2.344694e+02;7.419499e-21
2.345194e+02;7.417868e-21
2.345694e+02;7.416238e-21
2.346194e+02;7.414608e-21
2.346694e+02;7.412979e-21
2.347194e+02;7.411351e-21
2.347694e+02;7.409723e-21
2.348194e+02;7.408096e-21
2.348694e+02;7.406470e-21
2.349194e+02;7.404845e-21
2.349694e+02;7.403220e-21
2.350194e+02;7.401595e-21
2.350694e+02;7.399972e-21
2.351194e+02;7.398349e-21
2.351694e+02;7.396727e-21
2.352194e+02;7.395105e-21
2.352694e+02;7.393484e-21
2.353194e+02;7.391864e-21
2.353694e+02;7.390245e-21
2.354194e+02;7.388626e-21
2.354694e+02;7.387008e-21
2.355194e+02;7.385390e-21
2.355694e+02;7.383774e-21
2.356194e+02;7.382157e-21
2.356694e+02;7.380542e-21
2.357194e+02;7.378927e-21
2.357694e+02;7.377313e-21
2.358194e+02;7.375700e-21
2.358694e+02;7.374087e-21
2.359194e+02;7.372475e-21
2.359694e+02;7.370864e-21
2.360194e+02;7.369253e-21
2.360694e+02;7.367643e-21
2.361194e+02;7.366033e-21
2.361694e+02;7.364425e-21
2.362194e+02;7.362817e-21
2.362695e+02;7.361209e-21
2.363195e+02;7.359603e-21
2.363695e+02;7.357997e-21
2.364195e+02;7.356391e-21
2.364695e+02;7.354787e-21
2.365195e+02;7.353183e-21
2.365695e+02;7.351579e-21
2.366195e+02;7.349977e-21
2.366695e+02;7.348375e-21
2.367195e+02;7.346773e-21
2.367695e+02;7.345173e-21
2.368195e+02;7.343573e-21
2.368695e+02;7.341973e-21
2.369195e+02;7.340374e-21
2.369695e+02;7.338776e-21
2.370195e+02;7.337179e-21
2.370695e+02;7.335582e-21
2.371195e+02;7.333986e-21
2.371695e+02;7.332391e-21
2.372195e+02;7.330796e-21
2.372695e+02;7.329202e-21
2.373195e+02;7.327609e-21
2.373695e+02;7.326016e-21
2.374195e+02;7.324424e-21
2.374695e+02;7.322833e-21
2.375195e+02;7.321242e-21
2.375695e+02;7.319652e-21
2.376195e+02;7.318062e-21
2.376695e+02;7.316474e-21
2.377195e+02;7.314885e-21
2.377695e+02;7.313298e-21
2.378195e+02;7.311711e-21
2.378695e+02;7.310125e-21
2.379195e+02;7.308540e-21
2.379695e+02;7.306955e-21
2.380195e+02;7.305371e-21
2.380695e+02;7.303787e-21
2.381195e+02;7.302204e-21
2.381695e+02;7.300622e-21
2.382195e+02;7.299040e-21
2.382695e+02;7.297460e-21
2.383195e+02;7.295879e-21
2.383695e+02;7.294300e-21
2.384195e+02;7.292721e-21
2.384695e+02;7.291142e-21
2.385195e+02;7.289565e-21
2.385695e+02;7.287988e-21
2.386195e+02;7.286411e-21
2.386695e+02;7.284836e-21
2.387195e+02;7.283261e-21
2.387696e+02;7.281686e-21
2.388196e+02;7.280113e-21
2.388696e+02;7.278540e-21
2.389196e+02;7.276967e-21
2.389696e+02;7.275395e-21
2.390196e+02;7.273824e-21
2.390696e+02;7.272254e-21
2.391196e+02;7.270684e-21
2.391696e+02;7.269115e-21
2.392196e+02;7.267546e-21
2.392696e+02;7.265978e-21
2.393196e+02;7.264411e-21
2.393696e+02;7.262844e-21
2.394196e+02;7.261278e-21
2.394696e+02;7.259713e-21
2.395196e+02;7.258148e-21
2.395696e+02;7.256584e-21
2.396196e+02;7.255021e-21
2.396696e+02;7.253458e-21
2.397196e+02;7.251896e-21
2.397696e+02;7.250334e-21
2.398196e+02;7.248774e-21
2.398696e+02;7.247213e-21
2.399196e+02;7.245654e-21
2.399696e+02;7.244095e-21
2.400196e+02;7.242537e-21
2.400696e+02;7.240979e-21
2.401196e+02;7.239422e-21
2.401696e+02;7.237866e-21
2.402196e+02;7.236310e-21
2.402696e+02;7.234755e-21
2.403196e+02;7.233200e-21
2.403696e+02;7.231647e-21
2.404196e+02;7.230093e-21
2.404696e+02;7.228541e-21
2.405196e+02;7.226989e-21
2.405696e+02;7.225438e-21
2.406196e+02;7.223887e-21
2.406696e+02;7.222337e-21
2.407196e+02;7.220788e-21
2.407696e+02;7.219239e-21
2.408196e+02;7.217691e-21
2.408696e+02;7.216143e-21
2.409196e+02;7.214596e-21
2.409696e+02;7.213050e-21
2.410196e+02;7.211505e-21
2.410696e+02;7.209960e-21
2.411196e+02;7.208415e-21
2.411696e+02;7.206872e-21
2.412196e+02;7.205329e-21
2.412697e+02;7.203786e-21
2.413197e+02;7.202245e-21
2.413697e+02;7.200703e-21
2.414197e+02;7.199163e-21
2.414697e+02;7.197623e-21
2.415197e+02;7.196084e-21
2.415697e+02;7.194545e-21
2.416197e+02;7.193007e-21
2.416697e+02;7.191470e-21
2.417197e+02;7.189933e-21
2.417697e+02;7.188397e-21
2.418197e+02;7.186861e-21
2.418697e+02;7.185326e-21
2.419197e+02;7.183792e-21
2.419697e+02;7.182258e-21
2.420197e+02;7.180725e-21
2.420697e+02;7.179193e-21
2.421197e+02;7.177661e-21
2.421697e+02;7.176130e-21
2.422197e+02;7.174600e-21
2.422697e+02;7.173070e-21
2.423197e+02;7.171540e-21
2.423697e+02;7.170012e-21
2.424197e+02;7.168484e-21
2.424697e+02;7.166956e-21
2.425197e+02;7.165430e-21
2.425697e+02;7.163903e-21
2.426197e+02;7.162378e-21
2.426697e+02;7.160853e-21
2.427197e+02;7.159329e-21
2.427697e+02;7.157805e-21
2.428197e+02;7.156282e-21
2.428697e+02;7.154759e-21
2.429197e+02;7.153238e-21
2.429697e+02;7.151716e-21
2.430197e+02;7.150196e-21
2.430697e+02;7.148676e-21
2.431197e+02;7.147156e-21
2.431697e+02;7.145638e-21
2.432197e+02;7.144119e-21
2.432697e+02;7.142602e-21
2.433197e+02;7.141085e-21
2.433697e+02;7.139569e-21
2.434197e+02;7.138053e-21
2.434697e+02;7.136538e-21
2.435197e+02;7.135023e-21
2.435697e+02;7.133510e-21
2.436197e+02;7.131996e-21
2.436697e+02;7.130484e-21
2.437197e+02;7.128972e-21
2.437698e+02;7.127460e-21
2.438198e+02;7.125950e-21
2.438698e+02;7.124439e-21
2.439198e+02;7.122930e-21
2.439698e+02;7.121421e-21
2.440198e+02;7.119912e-21
2.440698e+02;7.118405e-21
2.441198e+02;7.116898e-21
2.441698e+02;7.115391e-21
2.442198e+02;7.113885e-21
2.442698e+02;7.112380e-21
2.443198e+02;7.110875e-21
2.443698e+02;7.109371e-21
2.444198e+02;7.107868e-21
2.444698e+02;7.106365e-21
2.445198e+02;7.104862e-21
2.445698e+02;7.103361e-21
2.446198e+02;7.101860e-21
2.446698e+02;7.100359e-21
2.447198e+02;7.098859e-21
2.447698e+02;7.097360e-21
2.448198e+02;7.095861e-21
2.448698e+02;7.094363e-21
2.449198e+02;7.092866e-21
2.449698e+02;7.091369e-21
2.450198e+02;7.089873e-21
2.450698e+02;7.088377e-21
2.451198e+02;7.086882e-21
2.451698e+02;7.085388e-21
2.452198e+02;7.083894e-21
2.452698e+02;7.082401e-21
2.453198e+02;7.080908e-21
2.453698e+02;7.079416e-21
2.454198e+02;7.077924e-21
2.454698e+02;7.076434e-21
2.455198e+02;7.074943e-21
2.455698e+02;7.073454e-21
2.456198e+02;7.071965e-21
2.456698e+02;7.070476e-21
2.457198e+02;7.068988e-21
2.457698e+02;7.067501e-21
2.458198e+02;7.066014e-21
2.458698e+02;7.064528e-21
2.459198e+02;7.063043e-21
2.459698e+02;7.061558e-21
2.460198e+02;7.060074e-21
2.460698e+02;7.058590e-21
2.461198e+02;7.057107e-21
2.461698e+02;7.055625e-21
2.462198e+02;7.054143e-21
2.462699e+02;7.052661e-21
2.463199e+02;7.051181e-21
2.463699e+02;7.049700e-21
2.464199e+02;7.048221e-21
2.464699e+02;7.046742e-21
2.465199e+02;7.045264e-21
2.465699e+02;7.043786e-21
2.466199e+02;7.042309e-21
2.466699e+02;7.040832e-21
2.467199e+02;7.039356e-21
2.467699e+02;7.037881e-21
2.468199e+02;7.036406e-21
2.468699e+02;7.034932e-21
2.469199e+02;7.033458e-21
2.469699e+02;7.031985e-21
2.470199e+02;7.030513e-21
2.470699e+02;7.029041e-21
2.471199e+02;7.027569e-21
2.471699e+02;7.026099e-21
2.472199e+02;7.024629e-21
2.472699e+02;7.023159e-21
2.473199e+02;7.021690e-21
2.473699e+02;7.020222e-21
2.474199e+02;7.018754e-21
2.474699e+02;7.017287e-21
2.475199e+02;7.015820e-21
2.475699e+02;7.014354e-21
2.476199e+02;7.012889e-21
2.476699e+02;7.011424e-21
2.477199e+02;7.009960e-21
2.477699e+02;7.008496e-21
2.478199e+02;7.007033e-21
2.478699e+02;7.005570e-21
2.479199e+02;7.004108e-21
2.479699e+02;7.002647e-21
2.480199e+02;7.001186e-21
2.480699e+02;6.999726e-21
2.481199e+02;6.998266e-21
2.481699e+02;6.996807e-21
2.482199e+02;6.995349e-21
2.482699e+02;6.993891e-21
2.483199e+02;6.992434e-21
2.483699e+02;6.990977e-21
2.484199e+02;6.989521e-21
2.484699e+02;6.988065e-21
2.485199e+02;6.986610e-21
2.485699e+02;6.985156e-21
2.486199e+02;6.983702e-21
2.486699e+02;6.982249e-21
2.487199e+02;6.980796e-21
2.487700e+02;6.979344e-21
2.488200e+02;6.977893e-21
2.488700e+02;6.976442e-21
2.489200e+02;6.974991e-21
2.489700e+02;6.973541e-21
2.490200e+02;6.972092e-21
2.490700e+02;6.970644e-21
2.491200e+02;6.969195e-21
2.491700e+02;6.967748e-21
2.492200e+02;6.966301e-21
2.492700e+02;6.964855e-21
2.493200e+02;6.963409e-21
2.493700e+02;6.961964e-21
2.494200e+02;6.960519e-21
2.494700e+02;6.959075e-21
2.495200e+02;6.957631e-21
2.495700e+02;6.956188e-21
2.496200e+02;6.954746e-21
2.496700e+02;6.953304e-21
2.497200e+02;6.951863e-21
2.497700e+02;6.950422e-21
2.498200e+02;6.948982e-21
2.498700e+02;6.947543e-21
2.499200e+02;6.946104e-21
2.499700e+02;6.944665e-21
2.500200e+02;6.943228e-21
2.500700e+02;6.941790e-21
2.501200e+02;6.940354e-21
2.501700e+02;6.938918e-21
2.502200e+02;6.937482e-21
2.502700e+02;6.936047e-21
2.503200e+02;6.934613e-21
2.503700e+02;6.933179e-21
2.504200e+02;6.931745e-21
2.504700e+02;6.930313e-21
2.505200e+02;6.928880e-21
2.505700e+02;6.927449e-21
2.506200e+02;6.926018e-21
2.506700e+02;6.924587e-21
2.507200e+02;6.923157e-21
2.507700e+02;6.921728e-21
2.508200e+02;6.920299e-21
2.508700e+02;6.918871e-21
2.509200e+02;6.917443e-21
2.509700e+02;6.916016e-21
2.510200e+02;6.914590e-21
2.510700e+02;6.913164e-21
2.511200e+02;6.911738e-21
2.511700e+02;6.910313e-21
2.512200e+02;6.908889e-21
2.512701e+02;6.907465e-21
2.513201e+02;6.906042e-21
2.513701e+02;6.904620e-21
2.514201e+02;6.903197e-21
2.514701e+02;6.901776e-21
2.515201e+02;6.900355e-21
2.515701e+02;6.898935e-21
2.516201e+02;6.897515e-21
2.516701e+02;6.896095e-21
2.517201e+02;6.894677e-21
2.517701e+02;6.893259e-21
2.518201e+02;6.891841e-21
2.518701e+02;6.890424e-21
2.519201e+02;6.889007e-21
2.519701e+02;6.887591e-21
2.520201e+02;6.886176e-21
2.520701e+02;6.884761e-21
2.521201e+02;6.883347e-21
2.521701e+02;6.881933e-21
2.522201e+02;6.880520e-21
2.522701e+02;6.879107e-21
2.523201e+02;6.877695e-21
2.523701e+02;6.876284e-21
2.524201e+02;6.874873e-21
2.524701e+02;6.873462e-21
2.525201e+02;6.872052e-21
2.525701e+02;6.870643e-21
2.526201e+02;6.869234e-21
2.526701e+02;6.867826e-21
2.527201e+02;6.866418e-21
2.527701e+02;6.865011e-21
2.528201e+02;6.863605e-21
2.528701e+02;6.862198e-21
2.529201e+02;6.860793e-21
2.529701e+02;6.859388e-21
2.530201e+02;6.857984e-21
2.530701e+02;6.856580e-21
2.531201e+02;6.855177e-21
2.531701e+02;6.853774e-21
2.532201e+02;6.852372e-21
2.532701e+02;6.850970e-21
2.533201e+02;6.849569e-21
2.533701e+02;6.848168e-21
2.534201e+02;6.846768e-21
2.534701e+02;6.845369e-21
2.535201e+02;6.843970e-21
2.535701e+02;6.842571e-21
2.536201e+02;6.841174e-21
2.536701e+02;6.839776e-21
2.537201e+02;6.838379e-21
2.537702e+02;6.836983e-21
2.538202e+02;6.835588e-21
2.538702e+02;6.834192e-21
2.539202e+02;6.832798e-21
2.539702e+02;6.831404e-21
2.540202e+02;6.830010e-21
2.540702e+02;6.828617e-21
2.541202e+02;6.827225e-21
2.541702e+02;6.825833e-21
2.542202e+02;6.824442e-21
2.542702e+02;6.823051e-21
2.543202e+02;6.821661e-21
2.543702e+02;6.820271e-21
2.544202e+02;6.818882e-21
2.544702e+02;6.817493e-21
2.545202e+02;6.816105e-21
2.545702e+02;6.814717e-21
2.546202e+02;6.813330e-21
2.546702e+02;6.811944e-21
2.547202e+02;6.810558e-21
2.547702e+02;6.809172e-21
2.548202e+02;6.807788e-21
2.548702e+02;6.806403e-21
2.549202e+02;6.805019e-21
2.549702e+02;6.803636e-21
2.550202e+02;6.802253e-21
2.550702e+02;6.800871e-21
2.551202e+02;6.799489e-21
2.551702e+02;6.798108e-21
2.552202e+02;6.796728e-21
2.552702e+02;6.795348e-21
2.553202e+02;6.793968e-21
2.553702e+02;6.792589e-21
2.554202e+02;6.791211e-21
2.554702e+02;6.789833e-21
2.555202e+02;6.788455e-21
2.555702e+02;6.787078e-21
2.556202e+02;6.785702e-21
2.556702e+02;6.784326e-21
2.557202e+02;6.782951e-21
2.557702e+02;6.781576e-21
2.558202e+02;6.780202e-21
2.558702e+02;6.778828e-21
2.559202e+02;6.777455e-21
2.559702e+02;6.776082e-21
2.560202e+02;6.774710e-21
2.560702e+02;6.773339e-21
2.561202e+02;6.771968e-21
2.561702e+02;6.770597e-21
2.562202e+02;6.769227e-21
2.562703e+02;6.767858e-21
2.563203e+02;6.766489e-21
2.563703e+02;6.765120e-21
2.564203e+02;6.763752e-21
2.564703e+02;6.762385e-21
2.565203e+02;6.761018e-21
2.565703e+02;6.759652e-21
2.566203e+02;6.758286e-21
2.566703e+02;6.756921e-21
2.567203e+02;6.755556e-21
2.567703e+02;6.754192e-21
2.568203e+02;6.752828e-21
2.568703e+02;6.751465e-21
2.569203e+02;6.750102e-21
2.569703e+02;6.748740e-21
2.570203e+02;6.747379e-21
2.570703e+02;6.746018e-21
2.571203e+02;6.744657e-21
2.571703e+02;6.743297e-21
2.572203e+02;6.741938e-21
2.572703e+02;6.740579e-21
2.573203e+02;6.739220e-21
2.573703e+02;6.737862e-21
2.574203e+02;6.736505e-21
2.574703e+02;6.735148e-21
2.575203e+02;6.733791e-21
2.575703e+02;6.732436e-21
2.576203e+02;6.731080e-21
2.576703e+02;6.729725e-21
2.577203e+02;6.728371e-21
2.577703e+02;6.727017e-21
2.578203e+02;6.725664e-21
2.578703e+02;6.724311e-21
2.579203e+02;6.722959e-21
2.579703e+02;6.721607e-21
2.580203e+02;6.720256e-21
2.580703e+02;6.718906e-21
2.581203e+02;6.717555e-21
2.581703e+02;6.716206e-21
2.582203e+02;6.714857e-21
2.582703e+02;6.713508e-21
2.583203e+02;6.712160e-21
2.583703e+02;6.710812e-21
2.584203e+02;6.709465e-21
2.584703e+02;6.708119e-21
2.585203e+02;6.706773e-21
2.585703e+02;6.705427e-21
2.586203e+02;6.704082e-21
2.586703e+02;6.702738e-21
2.587203e+02;6.701394e-21
2.587704e+02;6.700050e-21
2.588204e+02;6.698707e-21
2.588704e+02;6.697365e-21
2.589204e+02;6.696023e-21
2.589704e+02;6.694681e-21
2.590204e+02;6.693340e-21
2.590704e+02;6.692000e-21
2.591204e+02;6.690660e-21
2.591704e+02;6.689321e-21
2.592204e+02;6.687982e-21
2.592704e+02;6.686643e-21
2.593204e+02;6.685306e-21
2.593704e+02;6.683968e-21
2.594204e+02;6.682631e-21
2.594704e+02;6.681295e-21
2.595204e+02;6.679959e-21
2.595704e+02;6.678624e-21
2.596204e+02;6.677289e-21
2.596704e+02;6.675955e-21
2.597204e+02;6.674621e-21
2.597704e+02;6.673288e-21
2.598204e+02;6.671955e-21
2.598704e+02;6.670623e-21
2.599204e+02;6.669291e-21
2.599704e+02;6.667960e-21
2.600204e+02;6.666629e-21
2.600704e+02;6.665299e-21
2.601204e+02;6.663969e-21
2.601704e+02;6.662640e-21
2.602204e+02;6.661311e-21
2.602704e+02;6.659983e-21
2.603204e+02;6.658655e-21
2.603704e+02;6.657328e-21
2.604204e+02;6.656001e-21
2.604704e+02;6.654675e-21
2.605204e+02;6.653349e-21
2.605704e+02;6.652024e-21
2.606204e+02;6.650699e-21
2.606704e+02;6.649375e-21
2.607204e+02;6.648051e-21
2.607704e+02;6.646728e-21
2.608204e+02;6.645405e-21
2.608704e+02;6.644083e-21
2.609204e+02;6.642761e-21
2.609704e+02;6.641440e-21
2.610204e+02;6.640119e-21
2.610704e+02;6.638799e-21
2.611204e+02;6.637479e-21
2.611704e+02;6.636160e-21
2.612204e+02;6.634841e-21
2.612705e+02;6.633523e-21
2.613205e+02;6.632205e-21
2.613705e+02;6.630888e-21
2.614205e+02;6.629571e-21
2.614705e+02;6.628255e-21
2.615205e+02;6.626939e-21
2.615705e+02;6.625624e-21
2.616205e+02;6.624310e-21
2.616705e+02;6.622995e-21
2.617205e+02;6.621682e-21
2.617705e+02;6.620368e-21
2.618205e+02;6.619056e-21
2.618705e+02;6.617743e-21
2.619205e+02;6.616431e-21
2.619705e+02;6.615120e-21
2.620205e+02;6.613809e-21
2.620705e+02;6.612499e-21
2.621205e+02;6.611189e-21
2.621705e+02;6.609880e-21
2.622205e+02;6.608571e-21
2.622705e+02;6.607263e-21
2.623205e+02;6.605955e-21
2.623705e+02;6.604648e-21
2.624205e+02;6.603341e-21
2.624705e+02;6.602035e-21
2.625205e+02;6.600729e-21
2.625705e+02;6.599423e-21
2.626205e+02;6.598118e-21
2.626705e+02;6.596814e-21
2.627205e+02;6.595510e-21
2.627705e+02;6.594207e-21
2.628205e+02;6.592904e-21
2.628705e+02;6.591601e-21
2.629205e+02;6.590300e-21
2.629705e+02;6.588998e-21
2.630205e+02;6.587697e-21
2.630705e+02;6.586397e-21
2.631205e+02;6.585097e-21
2.631705e+02;6.583797e-21
2.632205e+02;6.582498e-21
2.632705e+02;6.581200e-21
2.633205e+02;6.579902e-21
2.633705e+02;6.578604e-21
2.634205e+02;6.577307e-21
2.634705e+02;6.576010e-21
2.635205e+02;6.574714e-21
2.635705e+02;6.573419e-21
2.636205e+02;6.572124e-21
2.636705e+02;6.570829e-21
2.637205e+02;6.569535e-21
2.637706e+02;6.568241e-21
2.638206e+02;6.566948e-21
2.638706e+02;6.565655e-21
2.639206e+02;6.564363e-21
2.639706e+02;6.563071e-21
2.640206e+02;6.561780e-21
2.640706e+02;6.560489e-21
2.641206e+02;6.559199e-21
2.641706e+02;6.557909e-21
2.642206e+02;6.556620e-21
2.642706e+02;6.555331e-21
2.643206e+02;6.554043e-21
2.643706e+02;6.552755e-21
2.644206e+02;6.551468e-21
2.644706e+02;6.550181e-21
2.645206e+02;6.548894e-21
2.645706e+02;6.547608e-21
2.646206e+02;6.546323e-21
2.646706e+02;6.545038e-21
2.647206e+02;6.543753e-21
2.647706e+02;6.542469e-21
2.648206e+02;6.541186e-21
2.648706e+02;6.539903e-21
2.649206e+02;6.538620e-21
2.649706e+02;6.537338e-21
2.650206e+02;6.536056e-21
2.650706e+02;6.534775e-21
2.651206e+02;6.533494e-21
2.651706e+02;6.532214e-21
2.652206e+02;6.530934e-21
2.652706e+02;6.529655e-21
2.653206e+02;6.528376e-21
2.653706e+02;6.527098e-21
2.654206e+02;6.525820e-21
2.654706e+02;6.524543e-21
2.655206e+02;6.523266e-21
2.655706e+02;6.521990e-21
2.656206e+02;6.520714e-21
2.656706e+02;6.519438e-21
2.657206e+02;6.518163e-21
2.657706e+02;6.516889e-21
2.658206e+02;6.515615e-21
2.658706e+02;6.514341e-21
2.659206e+02;6.513068e-21
2.659706e+02;6.511795e-21
2.660206e+02;6.510523e-21
2.660706e+02;6.509252e-21
2.661206e+02;6.507980e-21
2.661706e+02;6.506710e-21
2.662206e+02;6.505439e-21
2.662707e+02;6.504170e-21
2.663207e+02;6.502900e-21
2.663707e+02;6.501632e-21
2.664207e+02;6.500363e-21
2.664707e+02;6.499095e-21
2.665207e+02;6.497828e-21
2.665707e+02;6.496561e-21
2.666207e+02;6.495294e-21
2.666707e+02;6.494028e-21
2.667207e+02;6.492763e-21
2.667707e+02;6.491498e-21
2.668207e+02;6.490233e-21
2.668707e+02;6.488969e-21
2.669207e+02;6.487705e-21
2.669707e+02;6.486442e-21
2.670207e+02;6.485179e-21
2.670707e+02;6.483917e-21
2.671207e+02;6.482655e-21
2.671707e+02;6.481394e-21
2.672207e+02;6.480133e-21
2.672707e+02;6.478873e-21
2.673207e+02;6.477613e-21
2.673707e+02;6.476353e-21
2.674207e+02;6.475094e-21
2.674707e+02;6.473836e-21
2.675207e+02;6.472577e-21
2.675707e+02;6.471320e-21
2.676207e+02;6.470063e-21
2.676707e+02;6.468806e-21
2.677207e+02;6.467550e-21
2.677707e+02;6.466294e-21
2.678207e+02;6.465039e-21
2.678707e+02;6.463784e-21
2.679207e+02;6.462529e-21
2.679707e+02;6.461276e-21
2.680207e+02;6.460022e-21
2.680707e+02;6.458769e-21
2.681207e+02;6.457517e-21
2.681707e+02;6.456264e-21
2.682207e+02;6.455013e-21
2.682707e+02;6.453762e-21
2.683207e+02;6.452511e-21
2.683707e+02;6.451261e-21
2.684207e+02;6.450011e-21
2.684707e+02;6.448762e-21
2.685207e+02;6.447513e-21
2.685707e+02;6.446264e-21
2.686207e+02;6.445017e-21
2.686707e+02;6.443769e-21
2.687207e+02;6.442522e-21
2.687708e+02;6.441275e-21
2.688208e+02;6.440029e-21
2.688708e+02;6.438784e-21
2.689208e+02;6.437539e-21
2.689708e+02;6.436294e-21
2.690208e+02;6.435050e-21
2.690708e+02;6.433806e-21
2.691208e+02;6.432562e-21
2.691708e+02;6.431320e-21
2.692208e+02;6.430077e-21
2.692708e+02;6.428835e-21
2.693208e+02;6.427594e-21
2.693708e+02;6.426352e-21
2.694208e+02;6.425112e-21
2.694708e+02;6.423872e-21
2.695208e+02;6.422632e-21
2.695708e+02;6.421393e-21
2.696208e+02;6.420154e-21
2.696708e+02;6.418916e-21
2.697208e+02;6.417678e-21
2.697708e+02;6.416440e-21
2.698208e+02;6.415203e-21
2.698708e+02;6.413967e-21
2.699208e+02;6.412731e-21
2.699708e+02;6.411495e-21
2.700208e+02;6.410260e-21
2.700708e+02;6.409025e-21
2.701208e+02;6.407791e-21
2.701708e+02;6.406557e-21
2.702208e+02;6.405324e-21
2.702708e+02;6.404091e-21
2.703208e+02;6.402858e-21
2.703708e+02;6.401626e-21
2.704208e+02;6.400395e-21
2.704708e+02;6.399163e-21
2.705208e+02;6.397933e-21
2.705708e+02;6.396703e-21
2.706208e+02;6.395473e-21
2.706708e+02;6.394243e-21
2.707208e+02;6.393015e-21
2.707708e+02;6.391786e-21
2.708208e+02;6.390558e-21
2.708708e+02;6.389331e-21
2.709208e+02;6.388104e-21
2.709708e+02;6.386877e-21
2.710208e+02;6.385651e-21
2.710708e+02;6.384425e-21
2.711208e+02;6.383200e-21
2.711708e+02;6.381975e-21
2.712208e+02;6.380750e-21
2.712709e+02;6.379527e-21
2.713209e+02;6.378303e-21
2.713709e+02;6.377080e-21
2.714209e+02;6.375857e-21
2.714709e+02;6.374635e-21
2.715209e+02;6.373413e-21
2.715709e+02;6.372192e-21
2.716209e+02;6.370971e-21
2.716709e+02;6.369751e-21
2.717209e+02;6.368531e-21
2.717709e+02;6.367311e-21
2.718209e+02;6.366092e-21
2.718709e+02;6.364874e-21
2.719209e+02;6.363656e-21
2.719709e+02;6.362438e-21
2.720209e+02;6.361221e-21
2.720709e+02;6.360004e-21
2.721209e+02;6.358787e-21
2.721709e+02;6.357571e-21
2.722209e+02;6.356356e-21
2.722709e+02;6.355141e-21
2.723209e+02;6.353926e-21
2.723709e+02;6.352712e-21
2.724209e+02;6.351498e-21
2.724709e+02;6.350285e-21
2.725209e+02;6.349072e-21
2.725709e+02;6.347859e-21
2.726209e+02;6.346647e-21
2.726709e+02;6.345436e-21
2.727209e+02;6.344225e-21
2.727709e+02;6.343014e-21
2.728209e+02;6.341804e-21
2.728709e+02;6.340594e-21
2.729209e+02;6.339385e-21
2.729709e+02;6.338176e-21
2.730209e+02;6.336967e-21
2.730709e+02;6.335759e-21
2.731209e+02;6.334551e-21
2.731709e+02;6.333344e-21
2.732209e+02;6.332137e-21
2.732709e+02;6.330931e-21
2.733209e+02;6.329725e-21
2.733709e+02;6.328520e-21
2.734209e+02;6.327315e-21
2.734709e+02;6.326110e-21
2.735209e+02;6.324906e-21
2.735709e+02;6.323702e-21
2.736209e+02;6.322499e-21
2.736709e+02;6.321296e-21
2.737209e+02;6.320094e-21
2.737710e+02;6.318892e-21
2.738210e+02;6.317690e-21
2.738710e+02;6.316489e-21
2.739210e+02;6.315289e-21
2.739710e+02;6.314088e-21
2.740210e+02;6.312889e-21
2.740710e+02;6.311689e-21
2.741210e+02;6.310490e-21
2.741710e+02;6.309292e-21
2.742210e+02;6.308094e-21
2.742710e+02;6.306896e-21
2.743210e+02;6.305699e-21
2.743710e+02;6.304502e-21
2.744210e+02;6.303306e-21
2.744710e+02;6.302110e-21
2.745210e+02;6.300914e-21
2.745710e+02;6.299719e-21
2.746210e+02;6.298525e-21
2.746710e+02;6.297331e-21
2.747210e+02;6.296137e-21
2.747710e+02;6.294943e-21
2.748210e+02;6.293751e-21
2.748710e+02;6.292558e-21
2.749210e+02;6.291366e-21
2.749710e+02;6.290174e-21
2.750210e+02;6.288983e-21
2.750710e+02;6.287792e-21
2.751210e+02;6.286602e-21
2.751710e+02;6.285412e-21
2.752210e+02;6.284223e-21
2.752710e+02;6.283034e-21
2.753210e+02;6.281845e-21
2.753710e+02;6.280657e-21
2.754210e+02;6.279469e-21
2.754710e+02;6.278282e-21
2.755210e+02;6.277095e-21
2.755710e+02;6.275908e-21
2.756210e+02;6.274722e-21
2.756710e+02;6.273537e-21
2.757210e+02;6.272351e-21
2.757710e+02;6.271167e-21
2.758210e+02;6.269982e-21
2.758710e+02;6.268798e-21
2.759210e+02;6.267615e-21
2.759710e+02;6.266432e-21
2.760210e+02;6.265249e-21
2.760710e+02;6.264067e-21
2.761210e+02;6.262885e-21
2.761710e+02;6.261704e-21
2.762210e+02;6.260523e-21
2.762711e+02;6.259342e-21
2.763211e+02;6.258162e-21
2.763711e+02;6.256982e-21
2.764211e+02;6.255803e-21
2.764711e+02;6.254624e-21
2.765211e+02;6.253446e-21
2.765711e+02;6.252267e-21
2.766211e+02;6.251090e-21
2.766711e+02;6.249913e-21
2.767211e+02;6.248736e-21
2.767711e+02;6.247560e-21
2.768211e+02;6.246384e-21
2.768711e+02;6.245208e-21
2.769211e+02;6.244033e-21
2.769711e+02;6.242858e-21
2.770211e+02;6.241684e-21
2.770711e+02;6.240510e-21
2.771211e+02;6.239337e-21
2.771711e+02;6.238164e-21
2.772211e+02;6.236991e-21
2.772711e+02;6.235819e-21
2.773211e+02;6.234647e-21
2.773711e+02;6.233476e-21
2.774211e+02;6.232305e-21
2.774711e+02;6.231135e-21
2.775211e+02;6.229965e-21
2.775711e+02;6.228795e-21
2.776211e+02;6.227626e-21
2.776711e+02;6.226457e-21
2.777211e+02;6.225289e-21
2.777711e+02;6.224121e-21
2.778211e+02;6.222953e-21
2.778711e+02;6.221786e-21
2.779211e+02;6.220619e-21
2.779711e+02;6.219453e-21
2.780211e+02;6.218287e-21
2.780711e+02;6.217121e-21
2.781211e+02;6.215956e-21
2.781711e+02;6.214792e-21
2.782211e+02;6.213627e-21
2.782711e+02;6.212464e-21
2.783211e+02;6.211300e-21
2.783711e+02;6.210137e-21
2.784211e+02;6.208975e-21
2.784711e+02;6.207812e-21
2.785211e+02;6.206651e-21
2.785711e+02;6.205489e-21
2.786211e+02;6.204328e-21
2.786711e+02;6.203168e-21
2.787211e+02;6.202008e-21
2.787712e+02;6.200848e-21
2.788212e+02;6.199689e-21
2.788712e+02;6.198530e-21
2.789212e+02;6.197371e-21
2.789712e+02;6.196213e-21
2.790212e+02;6.195055e-21
2.790712e+02;6.193898e-21
2.791212e+02;6.192741e-21
2.791712e+02;6.191585e-21
2.792212e+02;6.190429e-21
2.792712e+02;6.189273e-21
2.793212e+02;6.188118e-21
2.793712e+02;6.186963e-21
2.794212e+02;6.185809e-21
2.794712e+02;6.184655e-21
2.795212e+02;6.183501e-21
2.795712e+02;6.182348e-21
2.796212e+02;6.181195e-21
2.796712e+02;6.180043e-21
2.797212e+02;6.178891e-21
2.797712e+02;6.177740e-21
2.798212e+02;6.176589e-21
2.798712e+02;6.175438e-21
2.799212e+02;6.174288e-21
2.799712e+02;6.173138e-21
2.800212e+02;6.171988e-21
2.800712e+02;6.170839e-21
2.801212e+02;6.169690e-21
2.801712e+02;6.168542e-21
2.802212e+02;6.167394e-21
2.802712e+02;6.166247e-21
2.803212e+02;6.165100e-21
2.803712e+02;6.163953e-21
2.804212e+02;6.162807e-21
2.804712e+02;6.161661e-21
2.805212e+02;6.160515e-21
2.805712e+02;6.159370e-21
2.806212e+02;6.158226e-21
2.806712e+02;6.157081e-21
2.807212e+02;6.155938e-21
2.807712e+02;6.154794e-21
2.808212e+02;6.153651e-21
2.808712e+02;6.152509e-21
2.809212e+02;6.151366e-21
2.809712e+02;6.150224e-21
2.810212e+02;6.149083e-21
2.810712e+02;6.147942e-21
2.811212e+02;6.146801e-21
2.811712e+02;6.145661e-21
2.812212e+02;6.144521e-21
2.812713e+02;6.143382e-21
2.813213e+02;6.142243e-21
2.813713e+02;6.141104e-21
2.814213e+02;6.139966e-21
2.814713e+02;6.138828e-21
2.815213e+02;6.137691e-21
2.815713e+02;6.136554e-21
2.816213e+02;6.135417e-21
2.816713e+02;6.134281e-21
2.817213e+02;6.133145e-21
2.817713e+02;6.132010e-21
2.818213e+02;6.130875e-21
2.818713e+02;6.129740e-21
2.819213e+02;6.128606e-21
2.819713e+02;6.127472e-21
2.820213e+02;6.126339e-21
2.820713e+02;6.125206e-21
2.821213e+02;6.124073e-21
2.821713e+02;6.122941e-21
2.822213e+02;6.121809e-21
2.822713e+02;6.120677e-21
2.823213e+02;6.119546e-21
2.823713e+02;6.118416e-21
2.824213e+02;6.117286e-21
2.824713e+02;6.116156e-21
2.825213e+02;6.115026e-21
2.825713e+02;6.113897e-21
2.826213e+02;6.112768e-21
2.826713e+02;6.111640e-21
2.827213e+02;6.110512e-21
2.827713e+02;6.109385e-21
2.828213e+02;6.108258e-21
2.828713e+02;6.107131e-21
2.829213e+02;6.106005e-21
2.829713e+02;6.104879e-21
2.830213e+02;6.103753e-21
2.830713e+02;6.102628e-21
2.831213e+02;6.101503e-21
2.831713e+02;6.100379e-21
2.832213e+02;6.099255e-21
2.832713e+02;6.098132e-21
2.833213e+02;6.097008e-21
2.833713e+02;6.095886e-21
2.834213e+02;6.094763e-21
2.834713e+02;6.093641e-21
2.835213e+02;6.092520e-21
2.835713e+02;6.091398e-21
2.836213e+02;6.090278e-21
2.836713e+02;6.089157e-21
2.837213e+02;6.088037e-21
2.837714e+02;6.086917e-21
2.838214e+02;6.085798e-21
2.838714e+02;6.084679e-21
2.839214e+02;6.083561e-21
2.839714e+02;6.082443e-21
2.840214e+02;6.081325e-21
2.840714e+02;6.080208e-21
2.841214e+02;6.079091e-21
2.841714e+02;6.077974e-21
2.842214e+02;6.076858e-21
2.842714e+02;6.075742e-21
2.843214e+02;6.074627e-21
2.843714e+02;6.073512e-21
2.844214e+02;6.072398e-21
2.844714e+02;6.071283e-21
2.845214e+02;6.070170e-21
2.845714e+02;6.069056e-21
2.846214e+02;6.067943e-21
2.846714e+02;6.066830e-21
2.847214e+02;6.065718e-21
2.847714e+02;6.064606e-21
2.848214e+02;6.063495e-21
2.848714e+02;6.062384e-21
2.849214e+02;6.061273e-21
2.849714e+02;6.060163e-21
2.850214e+02;6.059053e-21
2.850714e+02;6.057943e-21
2.851214e+02;6.056834e-21
2.851714e+02;6.055725e-21
2.852214e+02;6.054617e-21
2.852714e+02;6.053509e-21
2.853214e+02;6.052401e-21
2.853714e+02;6.051294e-21
2.854214e+02;6.050187e-21
2.854714e+02;6.049080e-21
2.855214e+02;6.047974e-21
2.855714e+02;6.046869e-21
2.856214e+02;6.045763e-21
2.856714e+02;6.044658e-21
2.857214e+02;6.043554e-21
2.857714e+02;6.042450e-21
2.858214e+02;6.041346e-21
2.858714e+02;6.040242e-21
2.859214e+02;6.039139e-21
2.859714e+02;6.038037e-21
2.860214e+02;6.036934e-21
2.860714e+02;6.035832e-21
2.861214e+02;6.034731e-21
2.861714e+02;6.033630e-21
2.862214e+02;6.032529e-21
2.862715e+02;6.031429e-21
2.863215e+02;6.030329e-21
2.863715e+02;6.029229e-21
2.864215e+02;6.028130e-21
2.864715e+02;6.027031e-21
2.865215e+02;6.025932e-21
2.865715e+02;6.024834e-21
2.866215e+02;6.023737e-21
2.866715e+02;6.022639e-21
2.867215e+02;6.021542e-21
2.867715e+02;6.020446e-21
2.868215e+02;6.019349e-21
2.868715e+02;6.018254e-21
2.869215e+02;6.017158e-21
2.869715e+02;6.016063e-21
2.870215e+02;6.014968e-21
2.870715e+02;6.013874e-21
2.871215e+02;6.012780e-21
2.871715e+02;6.011687e-21
2.872215e+02;6.010593e-21
2.872715e+02;6.009501e-21
2.873215e+02;6.008408e-21
2.873715e+02;6.007316e-21
2.874215e+02;6.006224e-21
2.874715e+02;6.005133e-21
2.875215e+02;6.004042e-21
2.875715e+02;6.002952e-21
2.876215e+02;6.001861e-21
2.876715e+02;6.000772e-21
2.877215e+02;5.999682e-21
2.877715e+02;5.998593e-21
2.878215e+02;5.997504e-21
2.878715e+02;5.996416e-21
2.879215e+02;5.995328e-21
2.879715e+02;5.994241e-21
2.880215e+02;5.993153e-21
2.880715e+02;5.992067e-21
2.881215e+02;5.990980e-21
2.881715e+02;5.989894e-21
2.882215e+02;5.988808e-21
2.882715e+02;5.987723e-21
2.883215e+02;5.986638e-21
2.883715e+02;5.985554e-21
2.884215e+02;5.984469e-21
2.884715e+02;5.983385e-21
2.885215e+02;5.982302e-21
2.885715e+02;5.981219e-21
2.886215e+02;5.980136e-21
2.886715e+02;5.979054e-21
2.887215e+02;5.977972e-21
2.887716e+02;5.976890e-21
2.888216e+02;5.975809e-21
2.888716e+02;5.974728e-21
2.889216e+02;5.973648e-21
2.889716e+02;5.972568e-21
2.890216e+02;5.971488e-21
2.890716e+02;5.970408e-21
2.891216e+02;5.969329e-21
2.891716e+02;5.968251e-21
2.892216e+02;5.967172e-21
2.892716e+02;5.966095e-21
2.893216e+02;5.965017e-21
2.893716e+02;5.963940e-21
2.894216e+02;5.962863e-21
2.894716e+02;5.961787e-21
2.895216e+02;5.960711e-21
2.895716e+02;5.959635e-21
2.896216e+02;5.958559e-21
2.896716e+02;5.957485e-21
2.897216e+02;5.956410e-21
2.897716e+02;5.955336e-21
2.898216e+02;5.954262e-21
2.898716e+02;5.953188e-21
2.899216e+02;5.952115e-21
2.899716e+02;5.951042e-21
2.900216e+02;5.949970e-21
2.900716e+02;5.948898e-21
2.901216e+02;5.947826e-21
2.901716e+02;5.946755e-21
2.902216e+02;5.945684e-21
2.902716e+02;5.944614e-21
2.903216e+02;5.943543e-21
2.903716e+02;5.942473e-21
2.904216e+02;5.941404e-21
2.904716e+02;5.940335e-21
2.905216e+02;5.939266e-21
2.905716e+02;5.938198e-21
2.906216e+02;5.937130e-21
2.906716e+02;5.936062e-21
2.907216e+02;5.934995e-21
2.907716e+02;5.933928e-21
2.908216e+02;5.932861e-21
2.908716e+02;5.931795e-21
2.909216e+02;5.930729e-21
2.909716e+02;5.929664e-21
2.910216e+02;5.928599e-21
2.910716e+02;5.927534e-21
2.911216e+02;5.926469e-21
2.911716e+02;5.925405e-21
2.912216e+02;5.924342e-21
2.912717e+02;5.923278e-21
2.913217e+02;5.922215e-21
2.913717e+02;5.921153e-21
2.914217e+02;5.920091e-21
2.914717e+02;5.919029e-21
2.915217e+02;5.917967e-21
2.915717e+02;5.916906e-21
2.916217e+02;5.915845e-21
2.916717e+02;5.914785e-21
2.917217e+02;5.913725e-21
2.917717e+02;5.912665e-21
2.918217e+02;5.911606e-21
2.918717e+02;5.910547e-21
2.919217e+02;5.909488e-21
2.919717e+02;5.908430e-21
2.920217e+02;5.907372e-21
2.920717e+02;5.906315e-21
2.921217e+02;5.905257e-21
2.921717e+02;5.904200e-21
2.922217e+02;5.903144e-21
2.922717e+02;5.902088e-21
2.923217e+02;5.901032e-21
2.923717e+02;5.899977e-21
2.924217e+02;5.898922e-21
2.924717e+02;5.897867e-21
2.925217e+02;5.896813e-21
2.925717e+02;5.895759e-21
2.926217e+02;5.894705e-21
2.926717e+02;5.893652e-21
2.927217e+02;5.892599e-21
2.927717e+02;5.891546e-21
2.928217e+02;5.890494e-21
2.928717e+02;5.889442e-21
2.929217e+02;5.888391e-21
2.929717e+02;5.887340e-21
2.930217e+02;5.886289e-21
2.930717e+02;5.885239e-21
2.931217e+02;5.884188e-21
2.931717e+02;5.883139e-21
2.932217e+02;5.882089e-21
2.932717e+02;5.881040e-21
2.933217e+02;5.879992e-21
2.933717e+02;5.878943e-21
2.934217e+02;5.877895e-21
2.934717e+02;5.876848e-21
2.935217e+02;5.875801e-21
2.935717e+02;5.874754e-21
2.936217e+02;5.873707e-21
2.936717e+02;5.872661e-21
2.937217e+02;5.871615e-21
2.937718e+02;5.870570e-21
2.938218e+02;5.869525e-21
2.938718e+02;5.868480e-21
2.939218e+02;5.867436e-21
2.939718e+02;5.866391e-21
2.940218e+02;5.865348e-21
2.940718e+02;5.864304e-21
2.941218e+02;5.863261e-21
2.941718e+02;5.862219e-21
2.942218e+02;5.861176e-21
2.942718e+02;5.860134e-21
2.943218e+02;5.859093e-21
2.943718e+02;5.858052e-21
2.944218e+02;5.857011e-21
2.944718e+02;5.855970e-21
2.945218e+02;5.854930e-21
2.945718e+02;5.853890e-21
2.946218e+02;5.852851e-21
2.946718e+02;5.851811e-21
2.947218e+02;5.850773e-21
2.947718e+02;5.849734e-21
2.948218e+02;5.848696e-21
2.948718e+02;5.847658e-21
2.949218e+02;5.846621e-21
2.949718e+02;5.845584e-21
2.950218e+02;5.844547e-21
2.950718e+02;5.843511e-21
2.951218e+02;5.842475e-21
2.951718e+02;5.841439e-21
2.952218e+02;5.840404e-21
2.952718e+02;5.839369e-21
2.953218e+02;5.838334e-21
2.953718e+02;5.837300e-21
2.954218e+02;5.836266e-21
2.954718e+02;5.835232e-21
2.955218e+02;5.834199e-21
2.955718e+02;5.833166e-21
2.956218e+02;5.832134e-21
2.956718e+02;5.831101e-21
2.957218e+02;5.830070e-21
2.957718e+02;5.829038e-21
2.958218e+02;5.828007e-21
2.958718e+02;5.826976e-21
2.959218e+02;5.825946e-21
2.959718e+02;5.824915e-21
2.960218e+02;5.823886e-21
2.960718e+02;5.822856e-21
2.961218e+02;5.821827e-21
2.961718e+02;5.820798e-21
2.962218e+02;5.819770e-21
2.962719e+02;5.818742e-21
2.963219e+02;5.817714e-21
2.963719e+02;5.816687e-21
2.964219e+02;5.815660e-21
2.964719e+02;5.814633e-21
2.965219e+02;5.813607e-21
2.965719e+02;5.812581e-21
2.966219e+02;5.811555e-21
2.966719e+02;5.810530e-21
2.967219e+02;5.809505e-21
2.967719e+02;5.808480e-21
2.968219e+02;5.807456e-21
2.968719e+02;5.806432e-21
2.969219e+02;5.805408e-21
2.969719e+02;5.804385e-21
2.970219e+02;5.803362e-21
2.970719e+02;5.802339e-21
2.971219e+02;5.801317e-21
2.971719e+02;5.800295e-21
2.972219e+02;5.799274e-21
2.972719e+02;5.798252e-21
2.973219e+02;5.797231e-21
2.973719e+02;5.796211e-21
2.974219e+02;5.795191e-21
2.974719e+02;5.794171e-21
2.975219e+02;5.793151e-21
2.975719e+02;5.792132e-21
2.976219e+02;5.791113e-21
2.976719e+02;5.790095e-21
2.977219e+02;5.789076e-21
2.977719e+02;5.788059e-21
2.978219e+02;5.787041e-21
2.978719e+02;5.786024e-21
2.979219e+02;5.785007e-21
2.979719e+02;5.783991e-21
2.980219e+02;5.782974e-21
2.980719e+02;5.781959e-21
2.981219e+02;5.780943e-21
2.981719e+02;5.779928e-21
2.982219e+02;5.778913e-21
2.982719e+02;5.777899e-21
2.983219e+02;5.776885e-21
2.983719e+02;5.775871e-21
2.984219e+02;5.774857e-21
2.984719e+02;5.773844e-21
2.985219e+02;5.772832e-21
2.985719e+02;5.771819e-21
2.986219e+02;5.770807e-21
2.986719e+02;5.769795e-21
2.987219e+02;5.768784e-21
2.987720e+02;5.767773e-21
2.988220e+02;5.766762e-21
2.988720e+02;5.765751e-21
2.989220e+02;5.764741e-21
2.989720e+02;5.763732e-21
2.990220e+02;5.762722e-21
2.990720e+02;5.761713e-21
2.991220e+02;5.760704e-21
2.991720e+02;5.759696e-21
2.992220e+02;5.758688e-21
2.992720e+02;5.757680e-21
2.993220e+02;5.756673e-21
2.993720e+02;5.755666e-21
2.994220e+02;5.754659e-21
2.994720e+02;5.753652e-21
2.995220e+02;5.752646e-21
2.995720e+02;5.751640e-21
2.996220e+02;5.750635e-21
2.996720e+02;5.749630e-21
2.997220e+02;5.748625e-21
2.997720e+02;5.747621e-21
2.998220e+02;5.746617e-21
2.998720e+02;5.745613e-21
2.999220e+02;5.744609e-21
2.999720e+02;5.743606e-21
3.000220e+02;5.742604e-21
3.000720e+02;5.741601e-21
3.001220e+02;5.740599e-21
3.001720e+02;5.739597e-21
3.002220e+02;5.738596e-21
3.002720e+02;5.737595e-21
3.003220e+02;5.736594e-21
3.003720e+02;5.735593e-21
3.004220e+02;5.734593e-21
3.004720e+02;5.733593e-21
3.005220e+02;5.732594e-21
3.005720e+02;5.731595e-21
3.006220e+02;5.730596e-21
3.006720e+02;5.729598e-21
3.007220e+02;5.728599e-21
3.007720e+02;5.727602e-21
3.008220e+02;5.726604e-21
3.008720e+02;5.725607e-21
3.009220e+02;5.724610e-21
3.009720e+02;5.723613e-21
3.010220e+02;5.722617e-21
3.010720e+02;5.721621e-21
3.011220e+02;5.720626e-21
3.011720e+02;5.719631e-21
3.012220e+02;5.718636e-21
3.012721e+02;5.717641e-21
3.013221e+02;5.716647e-21
3.013721e+02;5.715653e-21
3.014221e+02;5.714660e-21
3.014721e+02;5.713666e-21
3.015221e+02;5.712673e-21
3.015721e+02;5.711681e-21
3.016221e+02;5.710689e-21
3.016721e+02;5.709697e-21
3.017221e+02;5.708705e-21
3.017721e+02;5.707714e-21
3.018221e+02;5.706723e-21
3.018721e+02;5.705732e-21
3.019221e+02;5.704742e-21
3.019721e+02;5.703752e-21
3.020221e+02;5.702762e-21
3.020721e+02;5.701773e-21
3.021221e+02;5.700784e-21
3.021721e+02;5.699795e-21
3.022221e+02;5.698807e-21
3.022721e+02;5.697819e-21
3.023221e+02;5.696831e-21
3.023721e+02;5.695844e-21
3.024221e+02;5.694857e-21
3.024721e+02;5.693870e-21
3.025221e+02;5.692883e-21
3.025721e+02;5.691897e-21
3.026221e+02;5.690911e-21
3.026721e+02;5.689926e-21
3.027221e+02;5.688941e-21
3.027721e+02;5.687956e-21
3.028221e+02;5.686972e-21
3.028721e+02;5.685987e-21
3.029221e+02;5.685004e-21
3.029721e+02;5.684020e-21
3.030221e+02;5.683037e-21
3.030721e+02;5.682054e-21
3.031221e+02;5.681071e-21
3.031721e+02;5.680089e-21
3.032221e+02;5.679107e-21
3.032721e+02;5.678126e-21
3.033221e+02;5.677144e-21
3.033721e+02;5.676163e-21
3.034221e+02;5.675183e-21
3.034721e+02;5.674202e-21
3.035221e+02;5.673222e-21
3.035721e+02;5.672243e-21
3.036221e+02;5.671263e-21
3.036721e+02;5.670284e-21
3.037221e+02;5.669306e-21
3.037722e+02;5.668327e-21
3.038222e+02;5.667349e-21
3.038722e+02;5.666371e-21
3.039222e+02;5.665394e-21
3.039722e+02;5.664417e-21
3.040222e+02;5.663440e-21
3.040722e+02;5.662464e-21
3.041222e+02;5.661487e-21
3.041722e+02;5.660512e-21
3.042222e+02;5.659536e-21
3.042722e+02;5.658561e-21
3.043222e+02;5.657586e-21
3.043722e+02;5.656611e-21
3.044222e+02;5.655637e-21
3.044722e+02;5.654663e-21
3.045222e+02;5.653689e-21
3.045722e+02;5.652716e-21
3.046222e+02;5.651743e-21
3.046722e+02;5.650770e-21
3.047222e+02;5.649798e-21
3.047722e+02;5.648826e-21
3.048222e+02;5.647854e-21
3.048722e+02;5.646883e-21
3.049222e+02;5.645912e-21
3.049722e+02;5.644941e-21
3.050222e+02;5.643971e-21
3.050722e+02;5.643000e-21
3.051222e+02;5.642031e-21
3.051722e+02;5.641061e-21
3.052222e+02;5.640092e-21
3.052722e+02;5.639123e-21
3.053222e+02;5.638154e-21
3.053722e+02;5.637186e-21
3.054222e+02;5.636218e-21
3.054722e+02;5.635250e-21
3.055222e+02;5.634283e-21
3.055722e+02;5.633316e-21
3.056222e+02;5.632349e-21
3.056722e+02;5.631383e-21
3.057222e+02;5.630417e-21
3.057722e+02;5.629451e-21
3.058222e+02;5.628486e-21
3.058722e+02;5.627521e-21
3.059222e+02;5.626556e-21
3.059722e+02;5.625591e-21
3.060222e+02;5.624627e-21
3.060722e+02;5.623663e-21
3.061222e+02;5.622700e-21
3.061722e+02;5.621736e-21
3.062222e+02;5.620773e-21
3.062723e+02;5.619811e-21
3.063223e+02;5.618848e-21
3.063723e+02;5.617886e-21
3.064223e+02;5.616925e-21
3.064723e+02;5.615963e-21
3.065223e+02;5.615002e-21
3.065723e+02;5.614042e-21
3.066223e+02;5.613081e-21
3.066723e+02;5.612121e-21
3.067223e+02;5.611161e-21
3.067723e+02;5.610202e-21
3.068223e+02;5.609242e-21
3.068723e+02;5.608283e-21
3.069223e+02;5.607325e-21
3.069723e+02;5.606367e-21
3.070223e+02;5.605409e-21
3.070723e+02;5.604451e-21
3.071223e+02;5.603493e-21
3.071723e+02;5.602536e-21
3.072223e+02;5.601580e-21
3.072723e+02;5.600623e-21
3.073223e+02;5.599667e-21
3.073723e+02;5.598711e-21
3.074223e+02;5.597756e-21
3.074723e+02;5.596801e-21
3.075223e+02;5.595846e-21
3.075723e+02;5.594891e-21
3.076223e+02;5.593937e-21
3.076723e+02;5.592983e-21
3.077223e+02;5.592029e-21
3.077723e+02;5.591076e-21
3.078223e+02;5.590123e-21
3.078723e+02;5.589170e-21
3.079223e+02;5.588218e-21
3.079723e+02;5.587265e-21
3.080223e+02;5.586314e-21
3.080723e+02;5.585362e-21
3.081223e+02;5.584411e-21
3.081723e+02;5.583460e-21
3.082223e+02;5.582509e-21
3.082723e+02;5.581559e-21
3.083223e+02;5.580609e-21
3.083723e+02;5.579659e-21
3.084223e+02;5.578710e-21
3.084723e+02;5.577761e-21
3.085223e+02;5.576812e-21
3.085723e+02;5.575864e-21
3.086223e+02;5.574916e-21
3.086723e+02;5.573968e-21
3.087223e+02;5.573020e-21
3.087724e+02;5.572073e-21
3.088224e+02;5.571126e-21
3.088724e+02;5.570179e-21
3.089224e+02;5.569233e-21
3.089724e+02;5.568287e-21
3.090224e+02;5.567341e-21
3.090724e+02;5.566396e-21
3.091224e+02;5.565451e-21
3.091724e+02;5.564506e-21
3.092224e+02;5.563561e-21
3.092724e+02;5.562617e-21
3.093224e+02;5.561673e-21
3.093724e+02;5.560730e-21
3.094224e+02;5.559786e-21
3.094724e+02;5.558843e-21
3.095224e+02;5.557900e-21
3.095724e+02;5.556958e-21
3.096224e+02;5.556016e-21
3.096724e+02;5.555074e-21
3.097224e+02;5.554133e-21
3.097724e+02;5.553191e-21
3.098224e+02;5.552251e-21
3.098724e+02;5.551310e-21
3.099224e+02;5.550370e-21
3.099724e+02;5.549430e-21
3.100224e+02;5.548490e-21
3.100724e+02;5.547551e-21
3.101224e+02;5.546612e-21
3.101724e+02;5.545673e-21
3.102224e+02;5.544734e-21
3.102724e+02;5.543796e-21
3.103224e+02;5.542858e-21
3.103724e+02;5.541921e-21
3.104224e+02;5.540983e-21
3.104724e+02;5.540046e-21
3.105224e+02;5.539110e-21
3.105724e+02;5.538173e-21
3.106224e+02;5.537237e-21
3.106724e+02;5.536301e-21
3.107224e+02;5.535366e-21
3.107724e+02;5.534431e-21
3.108224e+02;5.533496e-21
3.108724e+02;5.532561e-21
3.109224e+02;5.531627e-21
3.109724e+02;5.530693e-21
3.110224e+02;5.529759e-21
3.110724e+02;5.528826e-21
3.111224e+02;5.527892e-21
3.111724e+02;5.526960e-21
3.112224e+02;5.526027e-21
3.112725e+02;5.525095e-21
3.113225e+02;5.524163e-21
3.113725e+02;5.523231e-21
3.114225e+02;5.522300e-21
3.114725e+02;5.521369e-21
3.115225e+02;5.520438e-21
3.115725e+02;5.519508e-21
3.116225e+02;5.518578e-21
3.116725e+02;5.517648e-21
3.117225e+02;5.516718e-21
3.117725e+02;5.515789e-21
3.118225e+02;5.514860e-21
3.118725e+02;5.513931e-21
3.119225e+02;5.513003e-21
3.119725e+02;5.512075e-21
3.120225e+02;5.511147e-21
3.120725e+02;5.510219e-21
3.121225e+02;5.509292e-21
3.121725e+02;5.508365e-21
3.122225e+02;5.507439e-21
3.122725e+02;5.506512e-21
3.123225e+02;5.505586e-21
3.123725e+02;5.504661e-21
3.124225e+02;5.503735e-21
3.124725e+02;5.502810e-21
3.125225e+02;5.501885e-21
3.125725e+02;5.500961e-21
3.126225e+02;5.500036e-21
3.126725e+02;5.499112e-21
3.127225e+02;5.498189e-21
3.127725e+02;5.497265e-21
3.128225e+02;5.496342e-21
3.128725e+02;5.495420e-21
3.129225e+02;5.494497e-21
3.129725e+02;5.493575e-21
3.130225e+02;5.492653e-21
3.130725e+02;5.491731e-21
3.131225e+02;5.490810e-21
3.131725e+02;5.489889e-21
3.132225e+02;5.488968e-21
3.132725e+02;5.488048e-21
3.133225e+02;5.487127e-21
3.133725e+02;5.486208e-21
3.134225e+02;5.485288e-21
3.134725e+02;5.484369e-21
3.135225e+02;5.483450e-21
3.135725e+02;5.482531e-21
3.136225e+02;5.481613e-21
3.136725e+02;5.480694e-21
3.137225e+02;5.479777e-21
3.137726e+02;5.478859e-21
3.138226e+02;5.477942e-21
3.138726e+02;5.477025e-21
3.139226e+02;5.476108e-21
3.139726e+02;5.475192e-21
3.140226e+02;5.474276e-21
3.140726e+02;5.473360e-21
3.141226e+02;5.472444e-21
3.141726e+02;5.471529e-21
3.142226e+02;5.470614e-21
3.142726e+02;5.469699e-21
3.143226e+02;5.468785e-21
3.143726e+02;5.467871e-21
3.144226e+02;5.466957e-21
3.144726e+02;5.466043e-21
3.145226e+02;5.465130e-21
3.145726e+02;5.464217e-21
3.146226e+02;5.463305e-21
3.146726e+02;5.462392e-21
3.147226e+02;5.461480e-21
3.147726e+02;5.460568e-21
3.148226e+02;5.459657e-21
3.148726e+02;5.458746e-21
3.149226e+02;5.457835e-21
3.149726e+02;5.456924e-21
3.150226e+02;5.456014e-21
3.150726e+02;5.455104e-21
3.151226e+02;5.454194e-21
3.151726e+02;5.453284e-21
3.152226e+02;5.452375e-21
3.152726e+02;5.451466e-21
3.153226e+02;5.450558e-21
3.153726e+02;5.449649e-21
3.154226e+02;5.448741e-21
3.154726e+02;5.447833e-21
3.155226e+02;5.446926e-21
3.155726e+02;5.446019e-21
3.156226e+02;5.445112e-21
3.156726e+02;5.444205e-21
3.157226e+02;5.443299e-21
3.157726e+02;5.442393e-21
3.158226e+02;5.441487e-21
3.158726e+02;5.440582e-21
3.159226e+02;5.439676e-21
3.159726e+02;5.438771e-21
3.160226e+02;5.437867e-21
3.160726e+02;5.436962e-21
3.161226e+02;5.436058e-21
3.161726e+02;5.435154e-21
3.162226e+02;5.434251e-21
3.162727e+02;5.433348e-21
3.163227e+02;5.432445e-21
3.163727e+02;5.431542e-21
3.164227e+02;5.430640e-21
3.164727e+02;5.429738e-21
3.165227e+02;5.428836e-21
3.165727e+02;5.427934e-21
3.166227e+02;5.427033e-21
3.166727e+02;5.426132e-21
3.167227e+02;5.425231e-21
3.167727e+02;5.424331e-21
3.168227e+02;5.423431e-21
3.168727e+02;5.422531e-21
3.169227e+02;5.421631e-21
3.169727e+02;5.420732e-21
3.170227e+02;5.419833e-21
3.170727e+02;5.418934e-21
3.171227e+02;5.418036e-21
3.171727e+02;5.417138e-21
3.172227e+02;5.416240e-21
3.172727e+02;5.415342e-21
3.173227e+02;5.414445e-21
3.173727e+02;5.413548e-21
3.174227e+02;5.412651e-21
3.174727e+02;5.411755e-21
3.175227e+02;5.410859e-21
3.175727e+02;5.409963e-21
3.176227e+02;5.409067e-21
3.176727e+02;5.408172e-21
3.177227e+02;5.407277e-21
3.177727e+02;5.406382e-21
3.178227e+02;5.405487e-21
3.178727e+02;5.404593e-21
3.179227e+02;5.403699e-21
3.179727e+02;5.402805e-21
3.180227e+02;5.401912e-21
3.180727e+02;5.401019e-21
3.181227e+02;5.400126e-21
3.181727e+02;5.399233e-21
3.182227e+02;5.398341e-21
3.182727e+02;5.397449e-21
3.183227e+02;5.396557e-21
3.183727e+02;5.395666e-21
3.184227e+02;5.394775e-21
3.184727e+02;5.393884e-21
3.185227e+02;5.392993e-21
3.185727e+02;5.392103e-21
3.186227e+02;5.391213e-21
3.186727e+02;5.390323e-21
3.187227e+02;5.389434e-21
3.187728e+02;5.388544e-21
3.188228e+02;5.387655e-21
3.188728e+02;5.386767e-21
3.189228e+02;5.385878e-21
3.189728e+02;5.384990e-21
3.190228e+02;5.384102e-21
3.190728e+02;5.383215e-21
3.191228e+02;5.382327e-21
3.191728e+02;5.381440e-21
3.192228e+02;5.380554e-21
3.192728e+02;5.379667e-21
3.193228e+02;5.378781e-21
3.193728e+02;5.377895e-21
3.194228e+02;5.377009e-21
3.194728e+02;5.376124e-21
3.195228e+02;5.375239e-21
3.195728e+02;5.374354e-21
3.196228e+02;5.373469e-21
3.196728e+02;5.372585e-21
3.197228e+02;5.371701e-21
3.197728e+02;5.370817e-21
3.198228e+02;5.369934e-21
3.198728e+02;5.369051e-21
3.199228e+02;5.368168e-21
3.199728e+02;5.367285e-21
3.200228e+02;5.366403e-21
3.200728e+02;5.365521e-21
3.201228e+02;5.364639e-21
3.201728e+02;5.363757e-21
3.202228e+02;5.362876e-21
3.202728e+02;5.361995e-21
3.203228e+02;5.361114e-21
3.203728e+02;5.360234e-21
3.204228e+02;5.359354e-21
3.204728e+02;5.358474e-21
3.205228e+02;5.357594e-21
3.205728e+02;5.356715e-21
3.206228e+02;5.355836e-21
3.206728e+02;5.354957e-21
3.207228e+02;5.354078e-21
3.207728e+02;5.353200e-21
3.208228e+02;5.352322e-21
3.208728e+02;5.351444e-21
3.209228e+02;5.350567e-21
3.209728e+02;5.349690e-21
3.210228e+02;5.348813e-21
3.210728e+02;5.347936e-21
3.211228e+02;5.347060e-21
3.211728e+02;5.346184e-21
3.212228e+02;5.345308e-21
3.212729e+02;5.344432e-21
3.213229e+02;5.343557e-21
3.213729e+02;5.342682e-21
3.214229e+02;5.341807e-21
3.214729e+02;5.340933e-21
3.215229e+02;5.340059e-21
3.215729e+02;5.339185e-21
3.216229e+02;5.338311e-21
3.216729e+02;5.337438e-21
3.217229e+02;5.336564e-21
3.217729e+02;5.335692e-21
3.218229e+02;5.334819e-21
3.218729e+02;5.333947e-21
3.219229e+02;5.333075e-21
3.219729e+02;5.332203e-21
3.220229e+02;5.331331e-21
3.220729e+02;5.330460e-21
3.221229e+02;5.329589e-21
3.221729e+02;5.328718e-21
3.222229e+02;5.327848e-21
3.222729e+02;5.326978e-21
3.223229e+02;5.326108e-21
3.223729e+02;5.325238e-21
3.224229e+02;5.324369e-21
3.224729e+02;5.323500e-21
3.225229e+02;5.322631e-21
3.225729e+02;5.321762e-21
3.226229e+02;5.320894e-21
3.226729e+02;5.320026e-21
3.227229e+02;5.319158e-21
3.227729e+02;5.318291e-21
3.228229e+02;5.317423e-21
3.228729e+02;5.316556e-21
3.229229e+02;5.315690e-21
3.229729e+02;5.314823e-21
3.230229e+02;5.313957e-21
3.230729e+02;5.313091e-21
3.231229e+02;5.312225e-21
3.231729e+02;5.311360e-21
3.232229e+02;5.310495e-21
3.232729e+02;5.309630e-21
3.233229e+02;5.308765e-21
3.233729e+02;5.307901e-21
3.234229e+02;5.307037e-21
3.234729e+02;5.306173e-21
3.235229e+02;5.305310e-21
3.235729e+02;5.304447e-21
3.236229e+02;5.303584e-21
3.236729e+02;5.302721e-21
3.237229e+02;5.301858e-21
3.237730e+02;5.300996e-21
3.238230e+02;5.300134e-21
3.238730e+02;5.299273e-21
3.239230e+02;5.298411e-21
3.239730e+02;5.297550e-21
3.240230e+02;5.296689e-21
3.240730e+02;5.295828e-21
3.241230e+02;5.294968e-21
3.241730e+02;5.294108e-21
3.242230e+02;5.293248e-21
3.242730e+02;5.292389e-21
3.243230e+02;5.291529e-21
3.243730e+02;5.290670e-21
3.244230e+02;5.289811e-21
3.244730e+02;5.288953e-21
3.245230e+02;5.288095e-21
3.245730e+02;5.287237e-21
3.246230e+02;5.286379e-21
3.246730e+02;5.285522e-21
3.247230e+02;5.284664e-21
3.247730e+02;5.283807e-21
3.248230e+02;5.282951e-21
3.248730e+02;5.282094e-21
3.249230e+02;5.281238e-21
3.249730e+02;5.280382e-21
3.250230e+02;5.279527e-21
3.250730e+02;5.278671e-21
3.251230e+02;5.277816e-21
3.251730e+02;5.276961e-21
3.252230e+02;5.276107e-21
3.252730e+02;5.275252e-21
3.253230e+02;5.274398e-21
3.253730e+02;5.273544e-21
3.254230e+02;5.272691e-21
3.254730e+02;5.271838e-21
3.255230e+02;5.270985e-21
3.255730e+02;5.270132e-21
3.256230e+02;5.269279e-21
3.256730e+02;5.268427e-21
3.257230e+02;5.267575e-21
3.257730e+02;5.266723e-21
3.258230e+02;5.265872e-21
3.258730e+02;5.265021e-21
3.259230e+02;5.264170e-21
3.259730e+02;5.263319e-21
3.260230e+02;5.262469e-21
3.260730e+02;5.261618e-21
3.261230e+02;5.260768e-21
3.261730e+02;5.259919e-21
3.262230e+02;5.259069e-21
3.262731e+02;5.258220e-21
3.263231e+02;5.257371e-21
3.263731e+02;5.256523e-21
3.264231e+02;5.255674e-21
3.264731e+02;5.254826e-21
3.265231e+02;5.253978e-21
3.265731e+02;5.253131e-21
3.266231e+02;5.252283e-21
3.266731e+02;5.251436e-21
3.267231e+02;5.250590e-21
3.267731e+02;5.249743e-21
3.268231e+02;5.248897e-21
3.268731e+02;5.248051e-21
3.269231e+02;5.247205e-21
3.269731e+02;5.246359e-21
3.270231e+02;5.245514e-21
3.270731e+02;5.244669e-21
3.271231e+02;5.243824e-21
3.271731e+02;5.242980e-21
3.272231e+02;5.242135e-21
3.272731e+02;5.241291e-21
3.273231e+02;5.240448e-21
3.273731e+02;5.239604e-21
3.274231e+02;5.238761e-21
3.274731e+02;5.237918e-21
3.275231e+02;5.237075e-21
3.275731e+02;5.236233e-21
3.276231e+02;5.235391e-21
3.276731e+02;5.234549e-21
3.277231e+02;5.233707e-21
3.277731e+02;5.232865e-21
3.278231e+02;5.232024e-21
3.278731e+02;5.231183e-21
3.279231e+02;5.230343e-21
3.279731e+02;5.229502e-21
3.280231e+02;5.228662e-21
3.280731e+02;5.227822e-21
3.281231e+02;5.226982e-21
3.281731e+02;5.226143e-21
3.282231e+02;5.225304e-21
3.282731e+02;5.224465e-21
3.283231e+02;5.223626e-21
3.283731e+02;5.222788e-21
3.284231e+02;5.221950e-21
3.284731e+02;5.221112e-21
3.285231e+02;5.220274e-21
3.285731e+02;5.219437e-21
3.286231e+02;5.218600e-21
3.286731e+02;5.217763e-21
3.287231e+02;5.216926e-21
3.287732e+02;5.216090e-21
3.288232e+02;5.215254e-21
3.288732e+02;5.214418e-21
3.289232e+02;5.213582e-21
3.289732e+02;5.212747e-21
3.290232e+02;5.211912e-21
3.290732e+02;5.211077e-21
3.291232e+02;5.210242e-21
3.291732e+02;5.209408e-21
3.292232e+02;5.208574e-21
3.292732e+02;5.207740e-21
3.293232e+02;5.206906e-21
3.293732e+02;5.206073e-21
3.294232e+02;5.205240e-21
3.294732e+02;5.204407e-21
3.295232e+02;5.203574e-21
3.295732e+02;5.202742e-21
3.296232e+02;5.201910e-21
3.296732e+02;5.201078e-21
3.297232e+02;5.200246e-21
3.297732e+02;5.199415e-21
3.298232e+02;5.198584e-21
3.298732e+02;5.197753e-21
3.299232e+02;5.196923e-21
3.299732e+02;5.196092e-21
3.300232e+02;5.195262e-21
3.300732e+02;5.194432e-21
3.301232e+02;5.193603e-21
3.301732e+02;5.192773e-21
3.302232e+02;5.191944e-21
3.302732e+02;5.191115e-21
3.303232e+02;5.190287e-21
3.303732e+02;5.189458e-21
3.304232e+02;5.188630e-21
3.304732e+02;5.187802e-21
3.305232e+02;5.186975e-21
3.305732e+02;5.186147e-21
3.306232e+02;5.185320e-21
3.306732e+02;5.184493e-21
3.307232e+02;5.183667e-21
3.307732e+02;5.182840e-21
3.308232e+02;5.182014e-21
3.308732e+02;5.181188e-21
3.309232e+02;5.180363e-21
3.309732e+02;5.179537e-21
3.310232e+02;5.178712e-21
3.310732e+02;5.177887e-21
3.311232e+02;5.177063e-21
3.311732e+02;5.176238e-21
3.312232e+02;5.175414e-21
3.312733e+02;5.174590e-21
3.313233e+02;5.173767e-21
3.313733e+02;5.172943e-21
3.314233e+02;5.172120e-21
3.314733e+02;5.171297e-21
3.315233e+02;5.170475e-21
3.315733e+02;5.169652e-21
3.316233e+02;5.168830e-21
3.316733e+02;5.168008e-21
3.317233e+02;5.167186e-21
3.317733e+02;5.166365e-21
3.318233e+02;5.165544e-21
3.318733e+02;5.164723e-21
3.319233e+02;5.163902e-21
3.319733e+02;5.163082e-21
3.320233e+02;5.162262e-21
3.320733e+02;5.161442e-21
3.321233e+02;5.160622e-21
3.321733e+02;5.159802e-21
3.322233e+02;5.158983e-21
3.322733e+02;5.158164e-21
3.323233e+02;5.157345e-21
3.323733e+02;5.156527e-21
3.324233e+02;5.155709e-21
3.324733e+02;5.154891e-21
3.325233e+02;5.154073e-21
3.325733e+02;5.153255e-21
3.326233e+02;5.152438e-21
3.326733e+02;5.151621e-21
3.327233e+02;5.150804e-21
3.327733e+02;5.149988e-21
3.328233e+02;5.149171e-21
3.328733e+02;5.148355e-21
3.329233e+02;5.147540e-21
3.329733e+02;5.146724e-21
3.330233e+02;5.145909e-21
3.330733e+02;5.145094e-21
3.331233e+02;5.144279e-21
3.331733e+02;5.143464e-21
3.332233e+02;5.142650e-21
3.332733e+02;5.141836e-21
3.333233e+02;5.141022e-21
3.333733e+02;5.140208e-21
3.334233e+02;5.139395e-21
3.334733e+02;5.138582e-21
3.335233e+02;5.137769e-21
3.335733e+02;5.136956e-21
3.336233e+02;5.136144e-21
3.336733e+02;5.135332e-21
3.337233e+02;5.134520e-21
3.337734e+02;5.133708e-21
3.338234e+02;5.132897e-21
3.338734e+02;5.132085e-21
3.339234e+02;5.131274e-21
3.339734e+02;5.130464e-21
3.340234e+02;5.129653e-21
3.340734e+02;5.128843e-21
3.341234e+02;5.128033e-21
3.341734e+02;5.127223e-21
3.342234e+02;5.126414e-21
3.342734e+02;5.125604e-21
3.343234e+02;5.124795e-21
3.343734e+02;5.123986e-21
3.344234e+02;5.123178e-21
3.344734e+02;5.122370e-21
3.345234e+02;5.121562e-21
3.345734e+02;5.120754e-21
3.346234e+02;5.119946e-21
3.346734e+02;5.119139e-21
3.347234e+02;5.118332e-21
3.347734e+02;5.117525e-21
3.348234e+02;5.116718e-21
3.348734e+02;5.115912e-21
3.349234e+02;5.115105e-21
3.349734e+02;5.114300e-21
3.350234e+02;5.113494e-21
3.350734e+02;5.112688e-21
3.351234e+02;5.111883e-21
3.351734e+02;5.111078e-21
3.352234e+02;5.110273e-21
3.352734e+02;5.109469e-21
3.353234e+02;5.108665e-21
3.353734e+02;5.107861e-21
3.354234e+02;5.107057e-21
3.354734e+02;5.106253e-21
3.355234e+02;5.105450e-21
3.355734e+02;5.104647e-21
3.356234e+02;5.103844e-21
3.356734e+02;5.103042e-21
3.357234e+02;5.102239e-21
3.357734e+02;5.101437e-21
3.358234e+02;5.100635e-21
3.358734e+02;5.099834e-21
3.359234e+02;5.099032e-21
3.359734e+02;5.098231e-21
3.360234e+02;5.097430e-21
3.360734e+02;5.096629e-21
3.361234e+02;5.095829e-21
3.361734e+02;5.095029e-21
3.362234e+02;5.094229e-21
3.362735e+02;5.093429e-21
3.363235e+02;5.092629e-21
3.363735e+02;5.091830e-21
3.364235e+02;5.091031e-21
3.364735e+02;5.090232e-21
3.365235e+02;5.089434e-21
3.365735e+02;5.088635e-21
3.366235e+02;5.087837e-21
3.366735e+02;5.087039e-21
3.367235e+02;5.086242e-21
3.367735e+02;5.085444e-21
3.368235e+02;5.084647e-21
3.368735e+02;5.083850e-21
3.369235e+02;5.083054e-21
3.369735e+02;5.082257e-21
3.370235e+02;5.081461e-21
3.370735e+02;5.080665e-21
3.371235e+02;5.079869e-21
3.371735e+02;5.079074e-21
3.372235e+02;5.078278e-21
3.372735e+02;5.077483e-21
3.373235e+02;5.076688e-21
3.373735e+02;5.075894e-21
3.374235e+02;5.075100e-21
3.374735e+02;5.074305e-21
3.375235e+02;5.073512e-21
3.375735e+02;5.072718e-21
3.376235e+02;5.071924e-21
3.376735e+02;5.071131e-21
3.377235e+02;5.070338e-21
3.377735e+02;5.069546e-21
3.378235e+02;5.068753e-21
3.378735e+02;5.067961e-21
3.379235e+02;5.067169e-21
3.379735e+02;5.066377e-21
3.380235e+02;5.065586e-21
3.380735e+02;5.064794e-21
3.381235e+02;5.064003e-21
3.381735e+02;5.063212e-21
3.382235e+02;5.062422e-21
3.382735e+02;5.061631e-21
3.383235e+02;5.060841e-21
3.383735e+02;5.060051e-21
3.384235e+02;5.059261e-21
3.384735e+02;5.058472e-21
3.385235e+02;5.057683e-21
3.385735e+02;5.056894e-21
3.386235e+02;5.056105e-21
3.386735e+02;5.055316e-21
3.387235e+02;5.054528e-21
3.387736e+02;5.053740e-21
3.388236e+02;5.052952e-21
3.388736e+02;5.052165e-21
3.389236e+02;5.051377e-21
3.389736e+02;5.050590e-21
3.390236e+02;5.049803e-21
3.390736e+02;5.049016e-21
3.391236e+02;5.048230e-21
3.391736e+02;5.047444e-21
3.392236e+02;5.046658e-21
3.392736e+02;5.045872e-21
3.393236e+02;5.045086e-21
3.393736e+02;5.044301e-21
3.394236e+02;5.043516e-21
3.394736e+02;5.042731e-21
3.395236e+02;5.041947e-21
3.395736e+02;5.041162e-21
3.396236e+02;5.040378e-21
3.396736e+02;5.039594e-21
3.397236e+02;5.038810e-21
3.397736e+02;5.038027e-21
3.398236e+02;5.037244e-21
3.398736e+02;5.036461e-21
3.399236e+02;5.035678e-21
3.399736e+02;5.034895e-21
3.400236e+02;5.034113e-21
3.400736e+02;5.033331e-21
3.401236e+02;5.032549e-21
3.401736e+02;5.031767e-21
3.402236e+02;5.030986e-21
3.402736e+02;5.030205e-21
3.403236e+02;5.029424e-21
3.403736e+02;5.028643e-21
3.404236e+02;5.027862e-21
3.404736e+02;5.027082e-21
3.405236e+02;5.026302e-21
3.405736e+02;5.025522e-21
3.406236e+02;5.024743e-21
3.406736e+02;5.023963e-21
3.407236e+02;5.023184e-21
3.407736e+02;5.022405e-21
3.408236e+02;5.021627e-21
3.408736e+02;5.020848e-21
3.409236e+02;5.020070e-21
3.409736e+02;5.019292e-21
3.410236e+02;5.018514e-21
3.410736e+02;5.017737e-21
3.411236e+02;5.016959e-21
3.411736e+02;5.016182e-21
3.412236e+02;5.015405e-21
3.412737e+02;5.014629e-21
3.413237e+02;5.013852e-21
3.413737e+02;5.013076e-21
3.414237e+02;5.012300e-21
3.414737e+02;5.011524e-21
3.415237e+02;5.010749e-21
3.415737e+02;5.009973e-21
3.416237e+02;5.009198e-21
3.416737e+02;5.008423e-21
3.417237e+02;5.007649e-21
3.417737e+02;5.006874e-21
3.418237e+02;5.006100e-21
3.418737e+02;5.005326e-21
3.419237e+02;5.004553e-21
3.419737e+02;5.003779e-21
3.420237e+02;5.003006e-21
3.420737e+02;5.002233e-21
3.421237e+02;5.001460e-21
3.421737e+02;5.000687e-21
3.422237e+02;4.999915e-21
3.422737e+02;4.999143e-21
3.423237e+02;4.998371e-21
3.423737e+02;4.997599e-21
3.424237e+02;4.996828e-21
3.424737e+02;4.996056e-21
3.425237e+02;4.995285e-21
3.425737e+02;4.994515e-21
3.426237e+02;4.993744e-21
3.426737e+02;4.992974e-21
3.427237e+02;4.992203e-21
3.427737e+02;4.991434e-21
3.428237e+02;4.990664e-21
3.428737e+02;4.989894e-21
3.429237e+02;4.989125e-21
3.429737e+02;4.988356e-21
3.430237e+02;4.987587e-21
3.430737e+02;4.986819e-21
3.431237e+02;4.986050e-21
3.431737e+02;4.985282e-21
3.432237e+02;4.984514e-21
3.432737e+02;4.983747e-21
3.433237e+02;4.982979e-21
3.433737e+02;4.982212e-21
3.434237e+02;4.981445e-21
3.434737e+02;4.980678e-21
3.435237e+02;4.979911e-21
3.435737e+02;4.979145e-21
3.436237e+02;4.978379e-21
3.436737e+02;4.977613e-21
3.437237e+02;4.976847e-21
3.437738e+02;4.976082e-21
3.438238e+02;4.975317e-21
3.438738e+02;4.974552e-21
3.439238e+02;4.973787e-21
3.439738e+02;4.973022e-21
3.440238e+02;4.972258e-21
3.440738e+02;4.971494e-21
3.441238e+02;4.970730e-21
3.441738e+02;4.969966e-21
3.442238e+02;4.969203e-21
3.442738e+02;4.968439e-21
3.443238e+02;4.967676e-21
3.443738e+02;4.966913e-21
3.444238e+02;4.966151e-21
3.444738e+02;4.965388e-21
3.445238e+02;4.964626e-21
3.445738e+02;4.963864e-21
3.446238e+02;4.963103e-21
3.446738e+02;4.962341e-21
3.447238e+02;4.961580e-21
3.447738e+02;4.960819e-21
3.448238e+02;4.960058e-21
3.448738e+02;4.959297e-21
3.449238e+02;4.958537e-21
3.449738e+02;4.957777e-21
3.450238e+02;4.957017e-21
3.450738e+02;4.956257e-21
3.451238e+02;4.955497e-21
3.451738e+02;4.954738e-21
3.452238e+02;4.953979e-21
3.452738e+02;4.953220e-21
3.453238e+02;4.952461e-21
3.453738e+02;4.951703e-21
3.454238e+02;4.950945e-21
3.454738e+02;4.950187e-21
3.455238e+02;4.949429e-21
3.455738e+02;4.948671e-21
3.456238e+02;4.947914e-21
3.456738e+02;4.947157e-21
3.457238e+02;4.946400e-21
3.457738e+02;4.945643e-21
3.458238e+02;4.944887e-21
3.458738e+02;4.944130e-21
3.459238e+02;4.943374e-21
3.459738e+02;4.942619e-21
3.460238e+02;4.941863e-21
3.460738e+02;4.941108e-21
3.461238e+02;4.940352e-21
3.461738e+02;4.939597e-21
3.462238e+02;4.938843e-21
3.462739e+02;4.938088e-21
3.463239e+02;4.937334e-21
3.463739e+02;4.936580e-21
3.464239e+02;4.935826e-21
3.464739e+02;4.935072e-21
3.465239e+02;4.934319e-21
3.465739e+02;4.933565e-21
3.466239e+02;4.932812e-21
3.466739e+02;4.932060e-21
3.467239e+02;4.931307e-21
3.467739e+02;4.930555e-21
3.468239e+02;4.929802e-21
3.468739e+02;4.929050e-21
3.469239e+02;4.928299e-21
3.469739e+02;4.927547e-21
3.470239e+02;4.926796e-21
3.470739e+02;4.926045e-21
3.471239e+02;4.925294e-21
3.471739e+02;4.924543e-21
3.472239e+02;4.923793e-21
3.472739e+02;4.923043e-21
3.473239e+02;4.922293e-21
3.473739e+02;4.921543e-21
3.474239e+02;4.920793e-21
3.474739e+02;4.920044e-21
3.475239e+02;4.919295e-21
3.475739e+02;4.918546e-21
3.476239e+02;4.917797e-21
3.476739e+02;4.917049e-21
3.477239e+02;4.916300e-21
3.477739e+02;4.915552e-21
3.478239e+02;4.914804e-21
3.478739e+02;4.914057e-21
3.479239e+02;4.913309e-21
3.479739e+02;4.912562e-21
3.480239e+02;4.911815e-21
3.480739e+02;4.911068e-21
3.481239e+02;4.910322e-21
3.481739e+02;4.909575e-21
3.482239e+02;4.908829e-21
3.482739e+02;4.908083e-21
3.483239e+02;4.907337e-21
3.483739e+02;4.906592e-21
3.484239e+02;4.905846e-21
3.484739e+02;4.905101e-21
3.485239e+02;4.904357e-21
3.485739e+02;4.903612e-21
3.486239e+02;4.902867e-21
3.486739e+02;4.902123e-21
3.487239e+02;4.901379e-21
3.487740e+02;4.900635e-21
3.488240e+02;4.899892e-21
3.488740e+02;4.899148e-21
3.489240e+02;4.898405e-21
3.489740e+02;4.897662e-21
3.490240e+02;4.896919e-21
3.490740e+02;4.896177e-21
3.491240e+02;4.895434e-21
3.491740e+02;4.894692e-21
3.492240e+02;4.893950e-21
3.492740e+02;4.893209e-21
3.493240e+02;4.892467e-21
3.493740e+02;4.891726e-21
3.494240e+02;4.890985e-21
3.494740e+02;4.890244e-21
3.495240e+02;4.889503e-21
3.495740e+02;4.888763e-21
3.496240e+02;4.888022e-21
3.496740e+02;4.887282e-21
3.497240e+02;4.886543e-21
3.497740e+02;4.885803e-21
3.498240e+02;4.885064e-21
3.498740e+02;4.884324e-21
3.499240e+02;4.883585e-21
3.499740e+02;4.882847e-21
3.500240e+02;4.882108e-21
3.500740e+02;4.881370e-21
3.501240e+02;4.880632e-21
3.501740e+02;4.879894e-21
3.502240e+02;4.879156e-21
3.502740e+02;4.878418e-21
3.503240e+02;4.877681e-21
3.503740e+02;4.876944e-21
3.504240e+02;4.876207e-21
3.504740e+02;4.875471e-21
3.505240e+02;4.874734e-21
3.505740e+02;4.873998e-21
3.506240e+02;4.873262e-21
3.506740e+02;4.872526e-21
3.507240e+02;4.871790e-21
3.507740e+02;4.871055e-21
3.508240e+02;4.870320e-21
3.508740e+02;4.869585e-21
3.509240e+02;4.868850e-21
3.509740e+02;4.868115e-21
3.510240e+02;4.867381e-21
3.510740e+02;4.866647e-21
3.511240e+02;4.865913e-21
3.511740e+02;4.865179e-21
3.512240e+02;4.864445e-21
3.512741e+02;4.863712e-21
3.513241e+02;4.862979e-21
3.513741e+02;4.862246e-21
3.514241e+02;4.861513e-21
3.514741e+02;4.860781e-21
3.515241e+02;4.860048e-21
3.515741e+02;4.859316e-21
3.516241e+02;4.858584e-21
3.516741e+02;4.857853e-21
3.517241e+02;4.857121e-21
3.517741e+02;4.856390e-21
3.518241e+02;4.855659e-21
3.518741e+02;4.854928e-21
3.519241e+02;4.854197e-21
3.519741e+02;4.853467e-21
3.520241e+02;4.852737e-21
3.520741e+02;4.852007e-21
3.521241e+02;4.851277e-21
3.521741e+02;4.850547e-21
3.522241e+02;4.849818e-21
3.522741e+02;4.849088e-21
3.523241e+02;4.848359e-21
3.523741e+02;4.847631e-21
3.524241e+02;4.846902e-21
3.524741e+02;4.846174e-21
3.525241e+02;4.845445e-21
3.525741e+02;4.844718e-21
3.526241e+02;4.843990e-21
3.526741e+02;4.843262e-21
3.527241e+02;4.842535e-21
3.527741e+02;4.841808e-21
3.528241e+02;4.841081e-21
3.528741e+02;4.840354e-21
3.529241e+02;4.839627e-21
3.529741e+02;4.838901e-21
3.530241e+02;4.838175e-21
3.530741e+02;4.837449e-21
3.531241e+02;4.836723e-21
3.531741e+02;4.835998e-21
3.532241e+02;4.835272e-21
3.532741e+02;4.834547e-21
3.533241e+02;4.833822e-21
3.533741e+02;4.833098e-21
3.534241e+02;4.832373e-21
3.534741e+02;4.831649e-21
3.535241e+02;4.830925e-21
3.535741e+02;4.830201e-21
3.536241e+02;4.829477e-21
3.536741e+02;4.828754e-21
3.537241e+02;4.828030e-21
3.537742e+02;4.827307e-21
3.538242e+02;4.826584e-21
3.538742e+02;4.825862e-21
3.539242e+02;4.825139e-21
3.539742e+02;4.824417e-21
3.540242e+02;4.823695e-21
3.540742e+02;4.822973e-21
3.541242e+02;4.822251e-21
3.541742e+02;4.821530e-21
3.542242e+02;4.820809e-21
3.542742e+02;4.820088e-21
3.543242e+02;4.819367e-21
3.543742e+02;4.818646e-21
3.544242e+02;4.817926e-21
3.544742e+02;4.817205e-21
3.545242e+02;4.816485e-21
3.545742e+02;4.815765e-21
3.546242e+02;4.815046e-21
3.546742e+02;4.814326e-21
3.547242e+02;4.813607e-21
3.547742e+02;4.812888e-21
3.548242e+02;4.812169e-21
3.548742e+02;4.811451e-21
3.549242e+02;4.810732e-21
3.549742e+02;4.810014e-21
3.550242e+02;4.809296e-21
3.550742e+02;4.808578e-21
3.551242e+02;4.807860e-21
3.551742e+02;4.807143e-21
3.552242e+02;4.806426e-21
3.552742e+02;4.805709e-21
3.553242e+02;4.804992e-21
3.553742e+02;4.804275e-21
3.554242e+02;4.803559e-21
3.554742e+02;4.802843e-21
3.555242e+02;4.802127e-21
3.555742e+02;4.801411e-21
3.556242e+02;4.800695e-21
3.556742e+02;4.799980e-21
3.557242e+02;4.799264e-21
3.557742e+02;4.798549e-21
3.558242e+02;4.797835e-21
3.558742e+02;4.797120e-21
3.559242e+02;4.796406e-21
3.559742e+02;4.795691e-21
3.560242e+02;4.794977e-21
3.560742e+02;4.794263e-21
3.561242e+02;4.793550e-21
3.561742e+02;4.792836e-21
3.562242e+02;4.792123e-21
3.562743e+02;4.791410e-21
3.563243e+02;4.790697e-21
3.563743e+02;4.789985e-21
3.564243e+02;4.789272e-21
3.564743e+02;4.788560e-21
3.565243e+02;4.787848e-21
3.565743e+02;4.787136e-21
3.566243e+02;4.786424e-21
3.566743e+02;4.785713e-21
3.567243e+02;4.785002e-21
3.567743e+02;4.784291e-21
3.568243e+02;4.783580e-21
3.568743e+02;4.782869e-21
3.569243e+02;4.782159e-21
3.569743e+02;4.781449e-21
3.570243e+02;4.780738e-21
3.570743e+02;4.780029e-21
3.571243e+02;4.779319e-21
3.571743e+02;4.778609e-21
3.572243e+02;4.777900e-21
3.572743e+02;4.777191e-21
3.573243e+02;4.776482e-21
3.573743e+02;4.775774e-21
3.574243e+02;4.775065e-21
3.574743e+02;4.774357e-21
3.575243e+02;4.773649e-21
3.575743e+02;4.772941e-21
3.576243e+02;4.772233e-21
3.576743e+02;4.771526e-21
3.577243e+02;4.770818e-21
3.577743e+02;4.770111e-21
3.578243e+02;4.769404e-21
3.578743e+02;4.768698e-21
3.579243e+02;4.767991e-21
3.579743e+02;4.767285e-21
3.580243e+02;4.766579e-21
3.580743e+02;4.765873e-21
3.581243e+02;4.765167e-21
3.581743e+02;4.764461e-21
3.582243e+02;4.763756e-21
3.582743e+02;4.763051e-21
3.583243e+02;4.762346e-21
3.583743e+02;4.761641e-21
3.584243e+02;4.760937e-21
3.584743e+02;4.760232e-21
3.585243e+02;4.759528e-21
3.585743e+02;4.758824e-21
3.586243e+02;4.758120e-21
3.586743e+02;4.757417e-21
3.587243e+02;4.756713e-21
3.587744e+02;4.756010e-21
3.588244e+02;4.755307e-21
3.588744e+02;4.754604e-21
3.589244e+02;4.753902e-21
3.589744e+02;4.753199e-21
3.590244e+02;4.752497e-21
3.590744e+02;4.751795e-21
3.591244e+02;4.751093e-21
3.591744e+02;4.750392e-21
3.592244e+02;4.749690e-21
3.592744e+02;4.748989e-21
3.593244e+02;4.748288e-21
3.593744e+02;4.747587e-21
3.594244e+02;4.746886e-21
3.594744e+02;4.746186e-21
3.595244e+02;4.745486e-21
3.595744e+02;4.744786e-21
3.596244e+02;4.744086e-21
3.596744e+02;4.743386e-21
3.597244e+02;4.742686e-21
3.597744e+02;4.741987e-21
3.598244e+02;4.741288e-21
3.598744e+02;4.740589e-21
3.599244e+02;4.739890e-21
3.599744e+02;4.739192e-21
3.600244e+02;4.738494e-21
3.600744e+02;4.737795e-21
3.601244e+02;4.737097e-21
3.601744e+02;4.736400e-21
3.602244e+02;4.735702e-21
3.602744e+02;4.735005e-21
3.603244e+02;4.734307e-21
3.603744e+02;4.733610e-21
3.604244e+02;4.732914e-21
3.604744e+02;4.732217e-21
3.605244e+02;4.731521e-21
3.605744e+02;4.730824e-21
3.606244e+02;4.730128e-21
3.606744e+02;4.729433e-21
3.607244e+02;4.728737e-21
3.607744e+02;4.728041e-21
3.608244e+02;4.727346e-21
3.608744e+02;4.726651e-21
3.609244e+02;4.725956e-21
3.609744e+02;4.725261e-21
3.610244e+02;4.724567e-21
3.610744e+02;4.723873e-21
3.611244e+02;4.723178e-21
3.611744e+02;4.722485e-21
3.612244e+02;4.721791e-21
3.612745e+02;4.721097e-21
3.613245e+02;4.720404e-21
3.613745e+02;4.719711e-21
3.614245e+02;4.719018e-21
3.614745e+02;4.718325e-21
3.615245e+02;4.717632e-21
3.615745e+02;4.716940e-21
3.616245e+02;4.716248e-21
3.616745e+02;4.715556e-21
3.617245e+02;4.714864e-21
3.617745e+02;4.714172e-21
3.618245e+02;4.713481e-21
3.618745e+02;4.712789e-21
3.619245e+02;4.712098e-21
3.619745e+02;4.711408e-21
3.620245e+02;4.710717e-21
3.620745e+02;4.710026e-21
3.621245e+02;4.709336e-21
3.621745e+02;4.708646e-21
3.622245e+02;4.707956e-21
3.622745e+02;4.707266e-21
3.623245e+02;4.706577e-21
3.623745e+02;4.705887e-21
3.624245e+02;4.705198e-21
3.624745e+02;4.704509e-21
3.625245e+02;4.703820e-21
3.625745e+02;4.703132e-21
3.626245e+02;4.702443e-21
3.626745e+02;4.701755e-21
3.627245e+02;4.701067e-21
3.627745e+02;4.700379e-21
3.628245e+02;4.699691e-21
3.628745e+02;4.699004e-21
3.629245e+02;4.698317e-21
3.629745e+02;4.697629e-21
3.630245e+02;4.696943e-21
3.630745e+02;4.696256e-21
3.631245e+02;4.695569e-21
3.631745e+02;4.694883e-21
3.632245e+02;4.694197e-21
3.632745e+02;4.693511e-21
3.633245e+02;4.692825e-21
3.633745e+02;4.692139e-21
3.634245e+02;4.691454e-21
3.634745e+02;4.690769e-21
3.635245e+02;4.690084e-21
3.635745e+02;4.689399e-21
3.636245e+02;4.688714e-21
3.636745e+02;4.688030e-21
3.637245e+02;4.687345e-21
3.637746e+02;4.686661e-21
3.638246e+02;4.685977e-21
3.638746e+02;4.685294e-21
3.639246e+02;4.684610e-21
3.639746e+02;4.683927e-21
3.640246e+02;4.683244e-21
3.640746e+02;4.682561e-21
3.641246e+02;4.681878e-21
3.641746e+02;4.681195e-21
3.642246e+02;4.680513e-21
3.642746e+02;4.679830e-21
3.643246e+02;4.679148e-21
3.643746e+02;4.678467e-21
3.644246e+02;4.677785e-21
3.644746e+02;4.677103e-21
3.645246e+02;4.676422e-21
3.645746e+02;4.675741e-21
3.646246e+02;4.675060e-21
3.646746e+02;4.674379e-21
3.647246e+02;4.673699e-21
3.647746e+02;4.673018e-21
3.648246e+02;4.672338e-21
3.648746e+02;4.671658e-21
3.649246e+02;4.670978e-21
3.649746e+02;4.670299e-21
3.650246e+02;4.669619e-21
3.650746e+02;4.668940e-21
3.651246e+02;4.668261e-21
3.651746e+02;4.667582e-21
3.652246e+02;4.666903e-21
3.652746e+02;4.666225e-21
3.653246e+02;4.665546e-21
3.653746e+02;4.664868e-21
3.654246e+02;4.664190e-21
3.654746e+02;4.663512e-21
3.655246e+02;4.662835e-21
3.655746e+02;4.662157e-21
3.656246e+02;4.661480e-21
3.656746e+02;4.660803e-21
3.657246e+02;4.660126e-21
3.657746e+02;4.659449e-21
3.658246e+02;4.658773e-21
3.658746e+02;4.658097e-21
3.659246e+02;4.657420e-21
3.659746e+02;4.656745e-21
3.660246e+02;4.656069e-21
3.660746e+02;4.655393e-21
3.661246e+02;4.654718e-21
3.661746e+02;4.654043e-21
3.662246e+02;4.653367e-21
3.662747e+02;4.652693e-21
3.663247e+02;4.652018e-21
3.663747e+02;4.651343e-21
3.664247e+02;4.650669e-21
3.664747e+02;4.649995e-21
3.665247e+02;4.649321e-21
3.665747e+02;4.648647e-21
3.666247e+02;4.647974e-21
3.666747e+02;4.647300e-21
3.667247e+02;4.646627e-21
3.667747e+02;4.645954e-21
3.668247e+02;4.645281e-21
3.668747e+02;4.644609e-21
3.669247e+02;4.643936e-21
3.669747e+02;4.643264e-21
3.670247e+02;4.642592e-21
3.670747e+02;4.641920e-21
3.671247e+02;4.641248e-21
3.671747e+02;4.640577e-21
3.672247e+02;4.639905e-21
3.672747e+02;4.639234e-21
3.673247e+02;4.638563e-21
3.673747e+02;4.637892e-21
3.674247e+02;4.637221e-21
3.674747e+02;4.636551e-21
3.675247e+02;4.635881e-21
3.675747e+02;4.635210e-21
3.676247e+02;4.634541e-21
3.676747e+02;4.633871e-21
3.677247e+02;4.633201e-21
3.677747e+02;4.632532e-21
3.678247e+02;4.631863e-21
3.678747e+02;4.631194e-21
3.679247e+02;4.630525e-21
3.679747e+02;4.629856e-21
3.680247e+02;4.629188e-21
3.680747e+02;4.628519e-21
3.681247e+02;4.627851e-21
3.681747e+02;4.627183e-21
3.682247e+02;4.626515e-21
3.682747e+02;4.625848e-21
3.683247e+02;4.625180e-21
3.683747e+02;4.624513e-21
3.684247e+02;4.623846e-21
3.684747e+02;4.623179e-21
3.685247e+02;4.622513e-21
3.685747e+02;4.621846e-21
3.686247e+02;4.621180e-21
3.686747e+02;4.620514e-21
3.687247e+02;4.619848e-21
3.687748e+02;4.619182e-21
3.688248e+02;4.618516e-21
3.688748e+02;4.617851e-21
3.689248e+02;4.617186e-21
3.689748e+02;4.616521e-21
3.690248e+02;4.615856e-21
3.690748e+02;4.615191e-21
3.691248e+02;4.614526e-21
3.691748e+02;4.613862e-21
3.692248e+02;4.613198e-21
3.692748e+02;4.612534e-21
3.693248e+02;4.611870e-21
3.693748e+02;4.611206e-21
3.694248e+02;4.610543e-21
3.694748e+02;4.609880e-21
3.695248e+02;4.609217e-21
3.695748e+02;4.608554e-21
3.696248e+02;4.607891e-21
3.696748e+02;4.607228e-21
3.697248e+02;4.606566e-21
3.697748e+02;4.605904e-21
3.698248e+02;4.605242e-21
3.698748e+02;4.604580e-21
3.699248e+02;4.603918e-21
3.699748e+02;4.603257e-21
3.700248e+02;4.602595e-21
3.700748e+02;4.601934e-21
3.701248e+02;4.601273e-21
3.701748e+02;4.600612e-21
3.702248e+02;4.599952e-21
3.702748e+02;4.599291e-21
3.703248e+02;4.598631e-21
3.703748e+02;4.597971e-21
3.704248e+02;4.597311e-21
3.704748e+02;4.596651e-21
3.705248e+02;4.595992e-21
3.705748e+02;4.595333e-21
3.706248e+02;4.594673e-21
3.706748e+02;4.594014e-21
3.707248e+02;4.593356e-21
3.707748e+02;4.592697e-21
3.708248e+02;4.592038e-21
3.708748e+02;4.591380e-21
3.709248e+02;4.590722e-21
3.709748e+02;4.590064e-21
3.710248e+02;4.589406e-21
3.710748e+02;4.588749e-21
3.711248e+02;4.588091e-21
3.711748e+02;4.587434e-21
3.712248e+02;4.586777e-21
3.712749e+02;4.586120e-21
3.713249e+02;4.585463e-21
3.713749e+02;4.584807e-21
3.714249e+02;4.584150e-21
3.714749e+02;4.583494e-21
3.715249e+02;4.582838e-21
3.715749e+02;4.582182e-21
3.716249e+02;4.581527e-21
3.716749e+02;4.580871e-21
3.717249e+02;4.580216e-21
3.717749e+02;4.579561e-21
3.718249e+02;4.578906e-21
3.718749e+02;4.578251e-21
3.719249e+02;4.577596e-21
3.719749e+02;4.576942e-21
3.720249e+02;4.576287e-21
3.720749e+02;4.575633e-21
3.721249e+02;4.574979e-21
3.721749e+02;4.574326e-21
3.722249e+02;4.573672e-21
3.722749e+02;4.573019e-21
3.723249e+02;4.572366e-21
3.723749e+02;4.571712e-21
3.724249e+02;4.571060e-21
3.724749e+02;4.570407e-21
3.725249e+02;4.569754e-21
3.725749e+02;4.569102e-21
3.726249e+02;4.568450e-21
3.726749e+02;4.567798e-21
3.727249e+02;4.567146e-21
3.727749e+02;4.566494e-21
3.728249e+02;4.565843e-21
3.728749e+02;4.565192e-21
3.729249e+02;4.564540e-21
3.729749e+02;4.563890e-21
3.730249e+02;4.563239e-21
3.730749e+02;4.562588e-21
3.731249e+02;4.561938e-21
3.731749e+02;4.561287e-21
3.732249e+02;4.560637e-21
3.732749e+02;4.559987e-21
3.733249e+02;4.559338e-21
3.733749e+02;4.558688e-21
3.734249e+02;4.558039e-21
3.734749e+02;4.557389e-21
3.735249e+02;4.556740e-21
3.735749e+02;4.556092e-21
3.736249e+02;4.555443e-21
3.736749e+02;4.554794e-21
3.737249e+02;4.554146e-21
3.737750e+02;4.553498e-21
3.738250e+02;4.552850e-21
3.738750e+02;4.552202e-21
3.739250e+02;4.551554e-21
3.739750e+02;4.550907e-21
3.740250e+02;4.550259e-21
3.740750e+02;4.549612e-21
3.741250e+02;4.548965e-21
3.741750e+02;4.548318e-21
3.742250e+02;4.547672e-21
3.742750e+02;4.547025e-21
3.743250e+02;4.546379e-21
3.743750e+02;4.545733e-21
3.744250e+02;4.545087e-21
3.744750e+02;4.544441e-21
3.745250e+02;4.543796e-21
3.745750e+02;4.543150e-21
3.746250e+02;4.542505e-21
3.746750e+02;4.541860e-21
3.747250e+02;4.541215e-21
3.747750e+02;4.540570e-21
3.748250e+02;4.539926e-21
3.748750e+02;4.539281e-21
3.749250e+02;4.538637e-21
3.749750e+02;4.537993e-21
3.750250e+02;4.537349e-21
3.750750e+02;4.536705e-21
3.751250e+02;4.536062e-21
3.751750e+02;4.535418e-21
3.752250e+02;4.534775e-21
3.752750e+02;4.534132e-21
3.753250e+02;4.533489e-21
3.753750e+02;4.532846e-21
3.754250e+02;4.532204e-21
3.754750e+02;4.531561e-21
3.755250e+02;4.530919e-21
3.755750e+02;4.530277e-21
3.756250e+02;4.529635e-21
3.756750e+02;4.528994e-21
3.757250e+02;4.528352e-21
3.757750e+02;4.527711e-21
3.758250e+02;4.527070e-21
3.758750e+02;4.526429e-21
3.759250e+02;4.525788e-21
3.759750e+02;4.525147e-21
3.760250e+02;4.524507e-21
3.760750e+02;4.523866e-21
3.761250e+02;4.523226e-21
3.761750e+02;4.522586e-21
3.762250e+02;4.521946e-21
3.762751e+02;4.521307e-21
3.763251e+02;4.520667e-21
3.763751e+02;4.520028e-21
3.764251e+02;4.519389e-21
3.764751e+02;4.518750e-21
3.765251e+02;4.518111e-21
3.765751e+02;4.517472e-21
3.766251e+02;4.516834e-21
3.766751e+02;4.516196e-21
3.767251e+02;4.515557e-21
3.767751e+02;4.514920e-21
3.768251e+02;4.514282e-21
3.768751e+02;4.513644e-21
3.769251e+02;4.513007e-21
3.769751e+02;4.512369e-21
3.770251e+02;4.511732e-21
3.770751e+02;4.511095e-21
3.771251e+02;4.510458e-21
3.771751e+02;4.509822e-21
3.772251e+02;4.509185e-21
3.772751e+02;4.508549e-21
3.773251e+02;4.507913e-21
3.773751e+02;4.507277e-21
3.774251e+02;4.506641e-21
3.774751e+02;4.506006e-21
3.775251e+02;4.505370e-21
3.775751e+02;4.504735e-21
3.776251e+02;4.504100e-21
3.776751e+02;4.503465e-21
3.777251e+02;4.502830e-21
3.777751e+02;4.502196e-21
3.778251e+02;4.501561e-21
3.778751e+02;4.500927e-21
3.779251e+02;4.500293e-21
3.779751e+02;4.499659e-21
3.780251e+02;4.499025e-21
3.780751e+02;4.498391e-21
3.781251e+02;4.497758e-21
3.781751e+02;4.497125e-21
3.782251e+02;4.496492e-21
3.782751e+02;4.495859e-21
3.783251e+02;4.495226e-21
3.783751e+02;4.494593e-21
3.784251e+02;4.493961e-21
3.784751e+02;4.493329e-21
3.785251e+02;4.492696e-21
3.785751e+02;4.492064e-21
3.786251e+02;4.491433e-21
3.786751e+02;4.490801e-21
3.787251e+02;4.490170e-21
3.787752e+02;4.489538e-21
3.788252e+02;4.488907e-21
3.788752e+02;4.488276e-21
3.789252e+02;4.487646e-21
3.789752e+02;4.487015e-21
3.790252e+02;4.486384e-21
3.790752e+02;4.485754e-21
3.791252e+02;4.485124e-21
3.791752e+02;4.484494e-21
3.792252e+02;4.483864e-21
3.792752e+02;4.483235e-21
3.793252e+02;4.482605e-21
3.793752e+02;4.481976e-21
3.794252e+02;4.481347e-21
3.794752e+02;4.480718e-21
3.795252e+02;4.480089e-21
3.795752e+02;4.479460e-21
3.796252e+02;4.478832e-21
3.796752e+02;4.478204e-21
3.797252e+02;4.477576e-21
3.797752e+02;4.476948e-21
3.798252e+02;4.476320e-21
3.798752e+02;4.475692e-21
3.799252e+02;4.475065e-21
3.799752e+02;4.474437e-21
3.800252e+02;4.473810e-21
3.800752e+02;4.473183e-21
3.801252e+02;4.472556e-21
3.801752e+02;4.471930e-21
3.802252e+02;4.471303e-21
3.802752e+02;4.470677e-21
3.803252e+02;4.470051e-21
3.803752e+02;4.469425e-21
3.804252e+02;4.468799e-21
3.804752e+02;4.468173e-21
3.805252e+02;4.467548e-21
3.805752e+02;4.466922e-21
3.806252e+02;4.466297e-21
3.806752e+02;4.465672e-21
3.807252e+02;4.465047e-21
3.807752e+02;4.464422e-21
3.808252e+02;4.463798e-21
3.808752e+02;4.463174e-21
3.809252e+02;4.462549e-21
3.809752e+02;4.461925e-21
3.810252e+02;4.461301e-21
3.810752e+02;4.460678e-21
3.811252e+02;4.460054e-21
3.811752e+02;4.459431e-21
3.812252e+02;4.458808e-21
3.812753e+02;4.458184e-21
3.813253e+02;4.457562e-21
3.813753e+02;4.456939e-21
3.814253e+02;4.456316e-21
3.814753e+02;4.455694e-21
3.815253e+02;4.455072e-21
3.815753e+02;4.454449e-21
3.816253e+02;4.453828e-21
3.816753e+02;4.453206e-21
3.817253e+02;4.452584e-21
3.817753e+02;4.451963e-21
3.818253e+02;4.451341e-21
3.818753e+02;4.450720e-21
3.819253e+02;4.450099e-21
3.819753e+02;4.449479e-21
3.820253e+02;4.448858e-21
3.820753e+02;4.448237e-21
3.821253e+02;4.447617e-21
3.821753e+02;4.446997e-21
3.822253e+02;4.446377e-21
3.822753e+02;4.445757e-21
3.823253e+02;4.445137e-21
3.823753e+02;4.444518e-21
3.824253e+02;4.443899e-21
3.824753e+02;4.443279e-21
3.825253e+02;4.442660e-21
3.825753e+02;4.442042e-21
3.826253e+02;4.441423e-21
3.826753e+02;4.440804e-21
3.827253e+02;4.440186e-21
3.827753e+02;4.439568e-21
3.828253e+02;4.438950e-21
3.828753e+02;4.438332e-21
3.829253e+02;4.437714e-21
3.829753e+02;4.437096e-21
3.830253e+02;4.436479e-21
3.830753e+02;4.435862e-21
3.831253e+02;4.435245e-21
3.831753e+02;4.434628e-21
3.832253e+02;4.434011e-21
3.832753e+02;4.433394e-21
3.833253e+02;4.432778e-21
3.833753e+02;4.432162e-21
3.834253e+02;4.431545e-21
3.834753e+02;4.430929e-21
3.835253e+02;4.430314e-21
3.835753e+02;4.429698e-21
3.836253e+02;4.429082e-21
3.836753e+02;4.428467e-21
3.837253e+02;4.427852e-21
3.837754e+02;4.427237e-21
3.838254e+02;4.426622e-21
3.838754e+02;4.426007e-21
3.839254e+02;4.425393e-21
3.839754e+02;4.424778e-21
3.840254e+02;4.424164e-21
3.840754e+02;4.423550e-21
3.841254e+02;4.422936e-21
3.841754e+02;4.422323e-21
3.842254e+02;4.421709e-21
3.842754e+02;4.421096e-21
3.843254e+02;4.420482e-21
3.843754e+02;4.419869e-21
3.844254e+02;4.419256e-21
3.844754e+02;4.418643e-21
3.845254e+02;4.418031e-21
3.845754e+02;4.417418e-21
3.846254e+02;4.416806e-21
3.846754e+02;4.416194e-21
3.847254e+02;4.415582e-21
3.847754e+02;4.414970e-21
3.848254e+02;4.414358e-21
3.848754e+02;4.413747e-21
3.849254e+02;4.413135e-21
3.849754e+02;4.412524e-21
3.850254e+02;4.411913e-21
3.850754e+02;4.411302e-21
3.851254e+02;4.410692e-21
3.851754e+02;4.410081e-21
3.852254e+02;4.409471e-21
3.852754e+02;4.408860e-21
3.853254e+02;4.408250e-21
3.853754e+02;4.407640e-21
3.854254e+02;4.407030e-21
3.854754e+02;4.406421e-21
3.855254e+02;4.405811e-21
3.855754e+02;4.405202e-21
3.856254e+02;4.404593e-21
3.856754e+02;4.403984e-21
3.857254e+02;4.403375e-21
3.857754e+02;4.402766e-21
3.858254e+02;4.402158e-21
3.858754e+02;4.401549e-21
3.859254e+02;4.400941e-21
3.859754e+02;4.400333e-21
3.860254e+02;4.399725e-21
3.860754e+02;4.399117e-21
3.861254e+02;4.398510e-21
3.861754e+02;4.397902e-21
3.862254e+02;4.397295e-21
3.862755e+02;4.396688e-21
3.863255e+02;4.396081e-21
3.863755e+02;4.395474e-21
3.864255e+02;4.394868e-21
3.864755e+02;4.394261e-21
3.865255e+02;4.393655e-21
3.865755e+02;4.393049e-21
3.866255e+02;4.392443e-21
3.866755e+02;4.391837e-21
3.867255e+02;4.391231e-21
3.867755e+02;4.390625e-21
3.868255e+02;4.390020e-21
3.868755e+02;4.389415e-21
3.869255e+02;4.388810e-21
3.869755e+02;4.388205e-21
3.870255e+02;4.387600e-21
3.870755e+02;4.386995e-21
3.871255e+02;4.386391e-21
3.871755e+02;4.385787e-21
3.872255e+02;4.385182e-21
3.872755e+02;4.384578e-21
3.873255e+02;4.383974e-21
3.873755e+02;4.383371e-21
3.874255e+02;4.382767e-21
3.874755e+02;4.382164e-21
3.875255e+02;4.381561e-21
3.875755e+02;4.380958e-21
3.876255e+02;4.380355e-21
3.876755e+02;4.379752e-21
3.877255e+02;4.379149e-21
3.877755e+02;4.378547e-21
3.878255e+02;4.377945e-21
3.878755e+02;4.377342e-21
3.879255e+02;4.376740e-21
3.879755e+02;4.376139e-21
3.880255e+02;4.375537e-21
3.880755e+02;4.374935e-21
3.881255e+02;4.374334e-21
3.881755e+02;4.373733e-21
3.882255e+02;4.373132e-21
3.882755e+02;4.372531e-21
3.883255e+02;4.371930e-21
3.883755e+02;4.371329e-21
3.884255e+02;4.370729e-21
3.884755e+02;4.370129e-21
3.885255e+02;4.369528e-21
3.885755e+02;4.368928e-21
3.886255e+02;4.368329e-21
3.886755e+02;4.367729e-21
3.887255e+02;4.367129e-21
3.887756e+02;4.366530e-21
3.888256e+02;4.365931e-21
3.888756e+02;4.365332e-21
3.889256e+02;4.364733e-21
3.889756e+02;4.364134e-21
3.890256e+02;4.363535e-21
3.890756e+02;4.362937e-21
3.891256e+02;4.362339e-21
3.891756e+02;4.361741e-21
3.892256e+02;4.361143e-21
3.892756e+02;4.360545e-21
3.893256e+02;4.359947e-21
3.893756e+02;4.359349e-21
3.894256e+02;4.358752e-21
3.894756e+02;4.358155e-21
3.895256e+02;4.357558e-21
3.895756e+02;4.356961e-21
3.896256e+02;4.356364e-21
3.896756e+02;4.355767e-21
3.897256e+02;4.355171e-21
3.897756e+02;4.354575e-21
3.898256e+02;4.353979e-21
3.898756e+02;4.353382e-21
3.899256e+02;4.352787e-21
3.899756e+02;4.352191e-21
3.900256e+02;4.351595e-21
3.900756e+02;4.351000e-21
3.901256e+02;4.350405e-21
3.901756e+02;4.349810e-21
3.902256e+02;4.349215e-21
3.902756e+02;4.348620e-21
3.903256e+02;4.348025e-21
3.903756e+02;4.347431e-21
3.904256e+02;4.346836e-21
3.904756e+02;4.346242e-21
3.905256e+02;4.345648e-21
3.905756e+02;4.345054e-21
3.906256e+02;4.344460e-21
3.906756e+02;4.343867e-21
3.907256e+02;4.343273e-21
3.907756e+02;4.342680e-21
3.908256e+02;4.342087e-21
3.908756e+02;4.341494e-21
3.909256e+02;4.340901e-21
3.909756e+02;4.340309e-21
3.910256e+02;4.339716e-21
3.910756e+02;4.339124e-21
3.911256e+02;4.338531e-21
3.911756e+02;4.337939e-21
3.912256e+02;4.337347e-21
3.912757e+02;4.336756e-21
3.913257e+02;4.336164e-21
3.913757e+02;4.335573e-21
3.914257e+02;4.334981e-21
3.914757e+02;4.334390e-21
3.915257e+02;4.333799e-21
3.915757e+02;4.333208e-21
3.916257e+02;4.332617e-21
3.916757e+02;4.332027e-21
3.917257e+02;4.331436e-21
3.917757e+02;4.330846e-21
3.918257e+02;4.330256e-21
3.918757e+02;4.329666e-21
3.919257e+02;4.329076e-21
3.919757e+02;4.328487e-21
3.920257e+02;4.327897e-21
3.920757e+02;4.327308e-21
3.921257e+02;4.326718e-21
3.921757e+02;4.326129e-21
3.922257e+02;4.325540e-21
3.922757e+02;4.324952e-21
3.923257e+02;4.324363e-21
3.923757e+02;4.323774e-21
3.924257e+02;4.323186e-21
3.924757e+02;4.322598e-21
3.925257e+02;4.322010e-21
3.925757e+02;4.321422e-21
3.926257e+02;4.320834e-21
3.926757e+02;4.320247e-21
3.927257e+02;4.319659e-21
3.927757e+02;4.319072e-21
3.928257e+02;4.318485e-21
3.928757e+02;4.317898e-21
3.929257e+02;4.317311e-21
3.929757e+02;4.316724e-21
3.930257e+02;4.316138e-21
3.930757e+02;4.315551e-21
3.931257e+02;4.314965e-21
3.931757e+02;4.314379e-21
3.932257e+02;4.313793e-21
3.932757e+02;4.313207e-21
3.933257e+02;4.312622e-21
3.933757e+02;4.312036e-21
3.934257e+02;4.311451e-21
3.934757e+02;4.310866e-21
3.935257e+02;4.310281e-21
3.935757e+02;4.309696e-21
3.936257e+02;4.309111e-21
3.936757e+02;4.308526e-21
3.937257e+02;4.307942e-21
3.937758e+02;4.307357e-21
3.938258e+02;4.306773e-21
3.938758e+02;4.306189e-21
3.939258e+02;4.305605e-21
3.939758e+02;4.305022e-21
3.940258e+02;4.304438e-21
3.940758e+02;4.303855e-21
3.941258e+02;4.303271e-21
3.941758e+02;4.302688e-21
3.942258e+02;4.302105e-21
3.942758e+02;4.301522e-21
3.943258e+02;4.300940e-21
3.943758e+02;4.300357e-21
3.944258e+02;4.299775e-21
3.944758e+02;4.299192e-21
3.945258e+02;4.298610e-21
3.945758e+02;4.298028e-21
3.946258e+02;4.297447e-21
3.946758e+02;4.296865e-21
3.947258e+02;4.296283e-21
3.947758e+02;4.295702e-21
3.948258e+02;4.295121e-21
3.948758e+02;4.294540e-21
3.949258e+02;4.293959e-21
3.949758e+02;4.293378e-21
3.950258e+02;4.292797e-21
3.950758e+02;4.292217e-21
3.951258e+02;4.291636e-21
3.951758e+02;4.291056e-21
3.952258e+02;4.290476e-21
3.952758e+02;4.289896e-21
3.953258e+02;4.289316e-21
3.953758e+02;4.288737e-21
3.954258e+02;4.288157e-21
3.954758e+02;4.287578e-21
3.955258e+02;4.286999e-21
3.955758e+02;4.286420e-21
3.956258e+02;4.285841e-21
3.956758e+02;4.285262e-21
3.957258e+02;4.284684e-21
3.957758e+02;4.284105e-21
3.958258e+02;4.283527e-21
3.958758e+02;4.282949e-21
3.959258e+02;4.282371e-21
3.959758e+02;4.281793e-21
3.960258e+02;4.281215e-21
3.960758e+02;4.280637e-21
3.961258e+02;4.280060e-21
3.961758e+02;4.279483e-21
3.962258e+02;4.278906e-21
3.962759e+02;4.278328e-21
3.963259e+02;4.277752e-21
3.963759e+02;4.277175e-21
3.964259e+02;4.276598e-21
3.964759e+02;4.276022e-21
3.965259e+02;4.275446e-21
3.965759e+02;4.274870e-21
3.966259e+02;4.274294e-21
3.966759e+02;4.273718e-21
3.967259e+02;4.273142e-21
3.967759e+02;4.272566e-21
3.968259e+02;4.271991e-21
3.968759e+02;4.271416e-21
3.969259e+02;4.270841e-21
3.969759e+02;4.270266e-21
3.970259e+02;4.269691e-21
3.970759e+02;4.269116e-21
3.971259e+02;4.268542e-21
3.971759e+02;4.267967e-21
3.972259e+02;4.267393e-21
3.972759e+02;4.266819e-21
3.973259e+02;4.266245e-21
3.973759e+02;4.265671e-21
3.974259e+02;4.265097e-21
3.974759e+02;4.264524e-21
3.975259e+02;4.263950e-21
3.975759e+02;4.263377e-21
3.976259e+02;4.262804e-21
3.976759e+02;4.262231e-21
3.977259e+02;4.261658e-21
3.977759e+02;4.261085e-21
3.978259e+02;4.260513e-21
3.978759e+02;4.259941e-21
3.979259e+02;4.259368e-21
3.979759e+02;4.258796e-21
3.980259e+02;4.258224e-21
3.980759e+02;4.257652e-21
3.981259e+02;4.257081e-21
3.981759e+02;4.256509e-21
3.982259e+02;4.255938e-21
3.982759e+02;4.255367e-21
3.983259e+02;4.254795e-21
3.983759e+02;4.254224e-21
3.984259e+02;4.253654e-21
3.984759e+02;4.253083e-21
3.985259e+02;4.252512e-21
3.985759e+02;4.251942e-21
3.986259e+02;4.251372e-21
3.986759e+02;4.250802e-21
3.987259e+02;4.250232e-21
3.987760e+02;4.249662e-21
3.988260e+02;4.249092e-21
3.988760e+02;4.248523e-21
3.989260e+02;4.247953e-21
3.989760e+02;4.247384e-21
3.990260e+02;4.246815e-21
3.990760e+02;4.246246e-21
3.991260e+02;4.245677e-21
3.991760e+02;4.245108e-21
3.992260e+02;4.244540e-21
3.992760e+02;4.243971e-21
3.993260e+02;4.243403e-21
3.993760e+02;4.242835e-21
3.994260e+02;4.242267e-21
3.994760e+02;4.241699e-21
3.995260e+02;4.241132e-21
3.995760e+02;4.240564e-21
3.996260e+02;4.239997e-21
3.996760e+02;4.239429e-21
3.997260e+02;4.238862e-21
3.997760e+02;4.238295e-21
3.998260e+02;4.237728e-21
3.998760e+02;4.237162e-21
3.999260e+02;4.236595e-21
3.999760e+02;4.236029e-21
4.000260e+02;4.235462e-21
4.000760e+02;4.234896e-21
4.001260e+02;4.234330e-21
4.001760e+02;4.233764e-21
4.002260e+02;4.233199e-21
4.002760e+02;4.232633e-21
4.003260e+02;4.232068e-21
4.003760e+02;4.231502e-21
4.004260e+02;4.230937e-21
4.004760e+02;4.230372e-21
4.005260e+02;4.229807e-21
4.005760e+02;4.229242e-21
4.006260e+02;4.228678e-21
4.006760e+02;4.228113e-21
4.007260e+02;4.227549e-21
4.007760e+02;4.226985e-21
4.008260e+02;4.226421e-21
4.008760e+02;4.225857e-21
4.009260e+02;4.225293e-21
4.009760e+02;4.224730e-21
4.010260e+02;4.224166e-21
4.010760e+02;4.223603e-21
4.011260e+02;4.223040e-21
4.011760e+02;4.222477e-21
4.012260e+02;4.221914e-21
4.012761e+02;4.221351e-21
4.013261e+02;4.220788e-21
4.013761e+02;4.220226e-21
4.014261e+02;4.219663e-21
4.014761e+02;4.219101e-21
4.015261e+02;4.218539e-21
4.015761e+02;4.217977e-21
4.016261e+02;4.217415e-21
4.016761e+02;4.216854e-21
4.017261e+02;4.216292e-21
4.017761e+02;4.215731e-21
4.018261e+02;4.215170e-21
4.018761e+02;4.214608e-21
4.019261e+02;4.214047e-21
4.019761e+02;4.213487e-21
4.020261e+02;4.212926e-21
4.020761e+02;4.212365e-21
4.021261e+02;4.211805e-21
4.021761e+02;4.211245e-21
4.022261e+02;4.210685e-21
4.022761e+02;4.210125e-21
4.023261e+02;4.209565e-21
4.023761e+02;4.209005e-21
4.024261e+02;4.208445e-21
4.024761e+02;4.207886e-21
4.025261e+02;4.207327e-21
4.025761e+02;4.206767e-21
4.026261e+02;4.206208e-21
4.026761e+02;4.205650e-21
4.027261e+02;4.205091e-21
4.027761e+02;4.204532e-21
4.028261e+02;4.203974e-21
4.028761e+02;4.203415e-21
4.029261e+02;4.202857e-21
4.029761e+02;4.202299e-21
4.030261e+02;4.201741e-21
4.030761e+02;4.201183e-21
4.031261e+02;4.200626e-21
4.031761e+02;4.200068e-21
4.032261e+02;4.199511e-21
4.032761e+02;4.198954e-21
4.033261e+02;4.198397e-21
4.033761e+02;4.197840e-21
4.034261e+02;4.197283e-21
4.034761e+02;4.196726e-21
4.035261e+02;4.196170e-21
4.035761e+02;4.195613e-21
4.036261e+02;4.195057e-21
4.036761e+02;4.194501e-21
4.037261e+02;4.193945e-21
4.037762e+02;4.193389e-21
4.038262e+02;4.192833e-21
4.038762e+02;4.192278e-21
4.039262e+02;4.191722e-21
4.039762e+02;4.191167e-21
4.040262e+02;4.190612e-21
4.040762e+02;4.190057e-21
4.041262e+02;4.189502e-21
4.041762e+02;4.188947e-21
4.042262e+02;4.188392e-21
4.042762e+02;4.187838e-21
4.043262e+02;4.187283e-21
4.043762e+02;4.186729e-21
4.044262e+02;4.186175e-21
4.044762e+02;4.185621e-21
4.045262e+02;4.185067e-21
4.045762e+02;4.184514e-21
4.046262e+02;4.183960e-21
4.046762e+02;4.183407e-21
4.047262e+02;4.182854e-21
4.047762e+02;4.182300e-21
4.048262e+02;4.181747e-21
4.048762e+02;4.181195e-21
4.049262e+02;4.180642e-21
4.049762e+02;4.180089e-21
4.050262e+02;4.179537e-21
4.050762e+02;4.178984e-21
4.051262e+02;4.178432e-21
4.051762e+02;4.177880e-21
4.052262e+02;4.177328e-21
4.052762e+02;4.176777e-21
4.053262e+02;4.176225e-21
4.053762e+02;4.175673e-21
4.054262e+02;4.175122e-21
4.054762e+02;4.174571e-21
4.055262e+02;4.174020e-21
4.055762e+02;4.173469e-21
4.056262e+02;4.172918e-21
4.056762e+02;4.172367e-21
4.057262e+02;4.171817e-21
4.057762e+02;4.171266e-21
4.058262e+02;4.170716e-21
4.058762e+02;4.170166e-21
4.059262e+02;4.169616e-21
4.059762e+02;4.169066e-21
4.060262e+02;4.168516e-21
4.060762e+02;4.167967e-21
4.061262e+02;4.167417e-21
4.061762e+02;4.166868e-21
4.062262e+02;4.166319e-21
4.062763e+02;4.165770e-21
4.063263e+02;4.165221e-21
4.063763e+02;4.164672e-21
4.064263e+02;4.164123e-21
4.064763e+02;4.163575e-21
4.065263e+02;4.163026e-21
4.065763e+02;4.162478e-21
4.066263e+02;4.161930e-21
4.066763e+02;4.161382e-21
4.067263e+02;4.160834e-21
4.067763e+02;4.160286e-21
4.068263e+02;4.159739e-21
4.068763e+02;4.159191e-21
4.069263e+02;4.158644e-21
4.069763e+02;4.158097e-21
4.070263e+02;4.157550e-21
4.070763e+02;4.157003e-21
4.071263e+02;4.156456e-21
4.071763e+02;4.155909e-21
4.072263e+02;4.155363e-21
4.072763e+02;4.154816e-21
4.073263e+02;4.154270e-21
4.073763e+02;4.153724e-21
4.074263e+02;4.153178e-21
4.074763e+02;4.152632e-21
4.075263e+02;4.152086e-21
4.075763e+02;4.151541e-21
4.076263e+02;4.150995e-21
4.076763e+02;4.150450e-21
4.077263e+02;4.149905e-21
4.077763e+02;4.149360e-21
4.078263e+02;4.148815e-21
4.078763e+02;4.148270e-21
4.079263e+02;4.147726e-21
4.079763e+02;4.147181e-21
4.080263e+02;4.146637e-21
4.080763e+02;4.146092e-21
4.081263e+02;4.145548e-21
4.081763e+02;4.145004e-21
4.082263e+02;4.144460e-21
4.082763e+02;4.143917e-21
4.083263e+02;4.143373e-21
4.083763e+02;4.142830e-21
4.084263e+02;4.142286e-21
4.084763e+02;4.141743e-21
4.085263e+02;4.141200e-21
4.085763e+02;4.140657e-21
4.086263e+02;4.140114e-21
4.086763e+02;4.139572e-21
4.087263e+02;4.139029e-21
4.087764e+02;4.138487e-21
4.088264e+02;4.137944e-21
4.088764e+02;4.137402e-21
4.089264e+02;4.136860e-21
4.089764e+02;4.136318e-21
4.090264e+02;4.135777e-21
4.090764e+02;4.135235e-21
4.091264e+02;4.134694e-21
4.091764e+02;4.134152e-21
4.092264e+02;4.133611e-21
4.092764e+02;4.133070e-21
4.093264e+02;4.132529e-21
4.093764e+02;4.131988e-21
4.094264e+02;4.131448e-21
4.094764e+02;4.130907e-21
4.095264e+02;4.130367e-21
4.095764e+02;4.129826e-21
4.096264e+02;4.129286e-21
4.096764e+02;4.128746e-21
4.097264e+02;4.128206e-21
4.097764e+02;4.127666e-21
4.098264e+02;4.127127e-21
4.098764e+02;4.126587e-21
4.099264e+02;4.126048e-21
4.099764e+02;4.125509e-21
4.100264e+02;4.124970e-21
4.100764e+02;4.124431e-21
4.101264e+02;4.123892e-21
4.101764e+02;4.123353e-21
4.102264e+02;4.122814e-21
4.102764e+02;4.122276e-21
4.103264e+02;4.121738e-21
4.103764e+02;4.121199e-21
4.104264e+02;4.120661e-21
4.104764e+02;4.120123e-21
4.105264e+02;4.119586e-21
4.105764e+02;4.119048e-21
4.106264e+02;4.118510e-21
4.106764e+02;4.117973e-21
4.107264e+02;4.117436e-21
4.107764e+02;4.116899e-21
4.108264e+02;4.116362e-21
4.108764e+02;4.115825e-21
4.109264e+02;4.115288e-21
4.109764e+02;4.114751e-21
4.110264e+02;4.114215e-21
4.110764e+02;4.113678e-21
4.111264e+02;4.113142e-21
4.111764e+02;4.112606e-21
4.112264e+02;4.112070e-21
4.112765e+02;4.111534e-21
4.113265e+02;4.110998e-21
4.113765e+02;4.110463e-21
4.114265e+02;4.109927e-21
4.114765e+02;4.109392e-21
4.115265e+02;4.108857e-21
4.115765e+02;4.108322e-21
4.116265e+02;4.107787e-21
4.116765e+02;4.107252e-21
4.117265e+02;4.106717e-21
4.117765e+02;4.106183e-21
4.118265e+02;4.105648e-21
4.118765e+02;4.105114e-21
4.119265e+02;4.104580e-21
4.119765e+02;4.104046e-21
4.120265e+02;4.103512e-21
4.120765e+02;4.102978e-21
4.121265e+02;4.102444e-21
4.121765e+02;4.101911e-21
4.122265e+02;4.101378e-21
4.122765e+02;4.100844e-21
4.123265e+02;4.100311e-21
4.123765e+02;4.099778e-21
4.124265e+02;4.099245e-21
4.124765e+02;4.098713e-21
4.125265e+02;4.098180e-21
4.125765e+02;4.097647e-21
4.126265e+02;4.097115e-21
4.126765e+02;4.096583e-21
4.127265e+02;4.096051e-21
4.127765e+02;4.095519e-21
4.128265e+02;4.094987e-21
4.128765e+02;4.094455e-21
4.129265e+02;4.093924e-21
4.129765e+02;4.093392e-21
4.130265e+02;4.092861e-21
4.130765e+02;4.092330e-21
4.131265e+02;4.091798e-21
4.131765e+02;4.091267e-21
4.132265e+02;4.090737e-21
4.132765e+02;4.090206e-21
4.133265e+02;4.089675e-21
4.133765e+02;4.089145e-21
4.134265e+02;4.088615e-21
4.134765e+02;4.088084e-21
4.135265e+02;4.087554e-21
4.135765e+02;4.087024e-21
4.136265e+02;4.086495e-21
4.136765e+02;4.085965e-21
4.137265e+02;4.085435e-21
4.137766e+02;4.084906e-21
4.138266e+02;4.084377e-21
4.138766e+02;4.083848e-21
4.139266e+02;4.083318e-21
4.139766e+02;4.082790e-21
4.140266e+02;4.082261e-21
4.140766e+02;4.081732e-21
4.141266e+02;4.081204e-21
4.141766e+02;4.080675e-21
4.142266e+02;4.080147e-21
4.142766e+02;4.079619e-21
4.143266e+02;4.079091e-21
4.143766e+02;4.078563e-21
4.144266e+02;4.078035e-21
4.144766e+02;4.077507e-21
4.145266e+02;4.076980e-21
4.145766e+02;4.076453e-21
4.146266e+02;4.075925e-21
4.146766e+02;4.075398e-21
4.147266e+02;4.074871e-21
4.147766e+02;4.074344e-21
4.148266e+02;4.073817e-21
4.148766e+02;4.073291e-21
4.149266e+02;4.072764e-21
4.149766e+02;4.072238e-21
4.150266e+02;4.071712e-21
4.150766e+02;4.071186e-21
4.151266e+02;4.070660e-21
4.151766e+02;4.070134e-21
4.152266e+02;4.069608e-21
4.152766e+02;4.069082e-21
4.153266e+02;4.068557e-21
4.153766e+02;4.068032e-21
4.154266e+02;4.067506e-21
4.154766e+02;4.066981e-21
4.155266e+02;4.066456e-21
4.155766e+02;4.065931e-21
4.156266e+02;4.065407e-21
4.156766e+02;4.064882e-21
4.157266e+02;4.064357e-21
4.157766e+02;4.063833e-21
4.158266e+02;4.063309e-21
4.158766e+02;4.062785e-21
4.159266e+02;4.062261e-21
4.159766e+02;4.061737e-21
4.160266e+02;4.061213e-21
4.160766e+02;4.060690e-21
4.161266e+02;4.060166e-21
4.161766e+02;4.059643e-21
4.162266e+02;4.059120e-21
4.162767e+02;4.058596e-21
4.163267e+02;4.058073e-21
4.163767e+02;4.057551e-21
4.164267e+02;4.057028e-21
4.164767e+02;4.056505e-21
4.165267e+02;4.055983e-21
4.165767e+02;4.055460e-21
4.166267e+02;4.054938e-21
4.166767e+02;4.054416e-21
4.167267e+02;4.053894e-21
4.167767e+02;4.053372e-21
4.168267e+02;4.052850e-21
4.168767e+02;4.052329e-21
4.169267e+02;4.051807e-21
4.169767e+02;4.051286e-21
4.170267e+02;4.050765e-21
4.170767e+02;4.050244e-21
4.171267e+02;4.049723e-21
4.171767e+02;4.049202e-21
4.172267e+02;4.048681e-21
4.172767e+02;4.048161e-21
4.173267e+02;4.047640e-21
4.173767e+02;4.047120e-21
4.174267e+02;4.046599e-21
4.174767e+02;4.046079e-21
4.175267e+02;4.045559e-21
4.175767e+02;4.045039e-21
4.176267e+02;4.044520e-21
4.176767e+02;4.044000e-21
4.177267e+02;4.043481e-21
4.177767e+02;4.042961e-21
4.178267e+02;4.042442e-21
4.178767e+02;4.041923e-21
4.179267e+02;4.041404e-21
4.179767e+02;4.040885e-21
4.180267e+02;4.040366e-21
4.180767e+02;4.039848e-21
4.181267e+02;4.039329e-21
4.181767e+02;4.038811e-21
4.182267e+02;4.038292e-21
4.182767e+02;4.037774e-21
4.183267e+02;4.037256e-21
4.183767e+02;4.036738e-21
4.184267e+02;4.036221e-21
4.184767e+02;4.035703e-21
4.185267e+02;4.035185e-21
4.185767e+02;4.034668e-21
4.186267e+02;4.034151e-21
4.186767e+02;4.033634e-21
4.187267e+02;4.033117e-21
4.187768e+02;4.032600e-21
4.188268e+02;4.032083e-21
4.188768e+02;4.031566e-21
4.189268e+02;4.031050e-21
4.189768e+02;4.030533e-21
4.190268e+02;4.030017e-21
4.190768e+02;4.029501e-21
4.191268e+02;4.028985e-21
4.191768e+02;4.028469e-21
4.192268e+02;4.027953e-21
4.192768e+02;4.027437e-21
4.193268e+02;4.026922e-21
4.193768e+02;4.026406e-21
4.194268e+02;4.025891e-21
4.194768e+02;4.025376e-21
4.195268e+02;4.024861e-21
4.195768e+02;4.024346e-21
4.196268e+02;4.023831e-21
4.196768e+02;4.023316e-21
4.197268e+02;4.022802e-21
4.197768e+02;4.022287e-21
4.198268e+02;4.021773e-21
4.198768e+02;4.021259e-21
4.199268e+02;4.020745e-21
4.199768e+02;4.020231e-21
4.200268e+02;4.019717e-21
4.200768e+02;4.019203e-21
4.201268e+02;4.018690e-21
4.201768e+02;4.018176e-21
4.202268e+02;4.017663e-21
4.202768e+02;4.017150e-21
4.203268e+02;4.016637e-21
4.203768e+02;4.016124e-21
4.204268e+02;4.015611e-21
4.204768e+02;4.015098e-21
4.205268e+02;4.014585e-21
4.205768e+02;4.014073e-21
4.206268e+02;4.013560e-21
4.206768e+02;4.013048e-21
4.207268e+02;4.012536e-21
4.207768e+02;4.012024e-21
4.208268e+02;4.011512e-21
4.208768e+02;4.011000e-21
4.209268e+02;4.010489e-21
4.209768e+02;4.009977e-21
4.210268e+02;4.009466e-21
4.210768e+02;4.008954e-21
4.211268e+02;4.008443e-21
4.211768e+02;4.007932e-21
4.212268e+02;4.007421e-21
4.212769e+02;4.006910e-21
4.213269e+02;4.006400e-21
4.213769e+02;4.005889e-21
4.214269e+02;4.005379e-21
4.214769e+02;4.004868e-21
4.215269e+02;4.004358e-21
4.215769e+02;4.003848e-21
4.216269e+02;4.003338e-21
4.216769e+02;4.002828e-21
4.217269e+02;4.002319e-21
4.217769e+02;4.001809e-21
4.218269e+02;4.001300e-21
4.218769e+02;4.000790e-21
4.219269e+02;4.000281e-21
4.219769e+02;3.999772e-21
4.220269e+02;3.999263e-21
4.220769e+02;3.998754e-21
4.221269e+02;3.998245e-21
4.221769e+02;3.997737e-21
4.222269e+02;3.997228e-21
4.222769e+02;3.996720e-21
4.223269e+02;3.996211e-21
4.223769e+02;3.995703e-21
4.224269e+02;3.995195e-21
4.224769e+02;3.994687e-21
4.225269e+02;3.994179e-21
4.225769e+02;3.993672e-21
4.226269e+02;3.993164e-21
4.226769e+02;3.992657e-21
4.227269e+02;3.992149e-21
4.227769e+02;3.991642e-21
4.228269e+02;3.991135e-21
4.228769e+02;3.990628e-21
4.229269e+02;3.990121e-21
4.229769e+02;3.989615e-21
4.230269e+02;3.989108e-21
4.230769e+02;3.988601e-21
4.231269e+02;3.988095e-21
4.231769e+02;3.987589e-21
4.232269e+02;3.987083e-21
4.232769e+02;3.986577e-21
4.233269e+02;3.986071e-21
4.233769e+02;3.985565e-21
4.234269e+02;3.985059e-21
4.234769e+02;3.984554e-21
4.235269e+02;3.984048e-21
4.235769e+02;3.983543e-21
4.236269e+02;3.983038e-21
4.236769e+02;3.982533e-21
4.237269e+02;3.982028e-21
4.237770e+02;3.981523e-21
4.238270e+02;3.981018e-21
4.238770e+02;3.980514e-21
4.239270e+02;3.980009e-21
4.239770e+02;3.979505e-21
4.240270e+02;3.979001e-21
4.240770e+02;3.978497e-21
4.241270e+02;3.977993e-21
4.241770e+02;3.977489e-21
4.242270e+02;3.976985e-21
4.242770e+02;3.976481e-21
4.243270e+02;3.975978e-21
4.243770e+02;3.975475e-21
4.244270e+02;3.974971e-21
4.244770e+02;3.974468e-21
4.245270e+02;3.973965e-21
4.245770e+02;3.973462e-21
4.246270e+02;3.972959e-21
4.246770e+02;3.972457e-21
4.247270e+02;3.971954e-21
4.247770e+02;3.971452e-21
4.248270e+02;3.970949e-21
4.248770e+02;3.970447e-21
4.249270e+02;3.969945e-21
4.249770e+02;3.969443e-21
4.250270e+02;3.968941e-21
4.250770e+02;3.968439e-21
4.251270e+02;3.967938e-21
4.251770e+02;3.967436e-21
4.252270e+02;3.966935e-21
4.252770e+02;3.966434e-21
4.253270e+02;3.965932e-21
4.253770e+02;3.965431e-21
4.254270e+02;3.964930e-21
4.254770e+02;3.964430e-21
4.255270e+02;3.963929e-21
4.255770e+02;3.963428e-21
4.256270e+02;3.962928e-21
4.256770e+02;3.962428e-21
4.257270e+02;3.961927e-21
4.257770e+02;3.961427e-21
4.258270e+02;3.960927e-21
4.258770e+02;3.960427e-21
4.259270e+02;3.959928e-21
4.259770e+02;3.959428e-21
4.260270e+02;3.958928e-21
4.260770e+02;3.958429e-21
4.261270e+02;3.957930e-21
4.261770e+02;3.957431e-21
4.262270e+02;3.956932e-21
4.262771e+02;3.956433e-21
4.263271e+02;3.955934e-21
4.263771e+02;3.955435e-21
4.264271e+02;3.954936e-21
4.264771e+02;3.954438e-21
4.265271e+02;3.953940e-21
4.265771e+02;3.953441e-21
4.266271e+02;3.952943e-21
4.266771e+02;3.952445e-21
4.267271e+02;3.951947e-21
4.267771e+02;3.951450e-21
4.268271e+02;3.950952e-21
4.268771e+02;3.950454e-21
4.269271e+02;3.949957e-21
4.269771e+02;3.949460e-21
4.270271e+02;3.948963e-21
4.270771e+02;3.948465e-21
4.271271e+02;3.947968e-21
4.271771e+02;3.947472e-21
4.272271e+02;3.946975e-21
4.272771e+02;3.946478e-21
4.273271e+02;3.945982e-21
4.273771e+02;3.945485e-21
4.274271e+02;3.944989e-21
4.274771e+02;3.944493e-21
4.275271e+02;3.943997e-21
4.275771e+02;3.943501e-21
4.276271e+02;3.943005e-21
4.276771e+02;3.942510e-21
4.277271e+02;3.942014e-21
4.277771e+02;3.941519e-21
4.278271e+02;3.941023e-21
4.278771e+02;3.940528e-21
4.279271e+02;3.940033e-21
4.279771e+02;3.939538e-21
4.280271e+02;3.939043e-21
4.280771e+02;3.938548e-21
4.281271e+02;3.938054e-21
4.281771e+02;3.937559e-21
4.282271e+02;3.937065e-21
4.282771e+02;3.936570e-21
4.283271e+02;3.936076e-21
4.283771e+02;3.935582e-21
4.284271e+02;3.935088e-21
4.284771e+02;3.934594e-21
4.285271e+02;3.934100e-21
4.285771e+02;3.933607e-21
4.286271e+02;3.933113e-21
4.286771e+02;3.932620e-21
4.287271e+02;3.932127e-21
4.287772e+02;3.931634e-21
4.288272e+02;3.931141e-21
4.288772e+02;3.930648e-21
4.289272e+02;3.930155e-21
4.289772e+02;3.929662e-21
4.290272e+02;3.929170e-21
4.290772e+02;3.928677e-21
4.291272e+02;3.928185e-21
4.291772e+02;3.927692e-21
4.292272e+02;3.927200e-21
4.292772e+02;3.926708e-21
4.293272e+02;3.926216e-21
4.293772e+02;3.925725e-21
4.294272e+02;3.925233e-21
4.294772e+02;3.924741e-21
4.295272e+02;3.924250e-21
4.295772e+02;3.923759e-21
4.296272e+02;3.923267e-21
4.296772e+02;3.922776e-21
4.297272e+02;3.922285e-21
4.297772e+02;3.921794e-21
4.298272e+02;3.921304e-21
4.298772e+02;3.920813e-21
4.299272e+02;3.920323e-21
4.299772e+02;3.919832e-21
4.300272e+02;3.919342e-21
4.300772e+02;3.918852e-21
4.301272e+02;3.918362e-21
4.301772e+02;3.917872e-21
4.302272e+02;3.917382e-21
4.302772e+02;3.916892e-21
4.303272e+02;3.916402e-21
4.303772e+02;3.915913e-21
4.304272e+02;3.915423e-21
4.304772e+02;3.914934e-21
4.305272e+02;3.914445e-21
4.305772e+02;3.913956e-21
4.306272e+02;3.913467e-21
4.306772e+02;3.912978e-21
4.307272e+02;3.912489e-21
4.307772e+02;3.912001e-21
4.308272e+02;3.911512e-21
4.308772e+02;3.911024e-21
4.309272e+02;3.910536e-21
4.309772e+02;3.910048e-21
4.310272e+02;3.909560e-21
4.310772e+02;3.909072e-21
4.311272e+02;3.908584e-21
4.311772e+02;3.908096e-21
4.312272e+02;3.907609e-21
4.312773e+02;3.907121e-21
4.313273e+02;3.906634e-21
4.313773e+02;3.906146e-21
4.314273e+02;3.905659e-21
4.314773e+02;3.905172e-21
4.315273e+02;3.904685e-21
4.315773e+02;3.904199e-21
4.316273e+02;3.903712e-21
4.316773e+02;3.903225e-21
4.317273e+02;3.902739e-21
4.317773e+02;3.902252e-21
4.318273e+02;3.901766e-21
4.318773e+02;3.901280e-21
4.319273e+02;3.900794e-21
4.319773e+02;3.900308e-21
4.320273e+02;3.899822e-21
4.320773e+02;3.899337e-21
4.321273e+02;3.898851e-21
4.321773e+02;3.898366e-21
4.322273e+02;3.897880e-21
4.322773e+02;3.897395e-21
4.323273e+02;3.896910e-21
4.323773e+02;3.896425e-21
4.324273e+02;3.895940e-21
4.324773e+02;3.895455e-21
4.325273e+02;3.894971e-21
4.325773e+02;3.894486e-21
4.326273e+02;3.894002e-21
4.326773e+02;3.893517e-21
4.327273e+02;3.893033e-21
4.327773e+02;3.892549e-21
4.328273e+02;3.892065e-21
4.328773e+02;3.891581e-21
4.329273e+02;3.891097e-21
4.329773e+02;3.890614e-21
4.330273e+02;3.890130e-21
4.330773e+02;3.889647e-21
4.331273e+02;3.889163e-21
4.331773e+02;3.888680e-21
4.332273e+02;3.888197e-21
4.332773e+02;3.887714e-21
4.333273e+02;3.887231e-21
4.333773e+02;3.886748e-21
4.334273e+02;3.886266e-21
4.334773e+02;3.885783e-21
4.335273e+02;3.885301e-21
4.335773e+02;3.884818e-21
4.336273e+02;3.884336e-21
4.336773e+02;3.883854e-21
4.337273e+02;3.883372e-21
4.337774e+02;3.882890e-21
4.338274e+02;3.882408e-21
4.338774e+02;3.881927e-21
4.339274e+02;3.881445e-21
4.339774e+02;3.880964e-21
4.340274e+02;3.880482e-21
4.340774e+02;3.880001e-21
4.341274e+02;3.879520e-21
4.341774e+02;3.879039e-21
4.342274e+02;3.878558e-21
4.342774e+02;3.878077e-21
4.343274e+02;3.877597e-21
4.343774e+02;3.877116e-21
4.344274e+02;3.876636e-21
4.344774e+02;3.876155e-21
4.345274e+02;3.875675e-21
4.345774e+02;3.875195e-21
4.346274e+02;3.874715e-21
4.346774e+02;3.874235e-21
4.347274e+02;3.873755e-21
4.347774e+02;3.873276e-21
4.348274e+02;3.872796e-21
4.348774e+02;3.872317e-21
4.349274e+02;3.871837e-21
4.349774e+02;3.871358e-21
4.350274e+02;3.870879e-21
4.350774e+02;3.870400e-21
4.351274e+02;3.869921e-21
4.351774e+02;3.869442e-21
4.352274e+02;3.868963e-21
4.352774e+02;3.868485e-21
4.353274e+02;3.868006e-21
4.353774e+02;3.867528e-21
4.354274e+02;3.867050e-21
4.354774e+02;3.866572e-21
4.355274e+02;3.866093e-21
4.355774e+02;3.865616e-21
4.356274e+02;3.865138e-21
4.356774e+02;3.864660e-21
4.357274e+02;3.864182e-21
4.357774e+02;3.863705e-21
4.358274e+02;3.863228e-21
4.358774e+02;3.862750e-21
4.359274e+02;3.862273e-21
4.359774e+02;3.861796e-21
4.360274e+02;3.861319e-21
4.360774e+02;3.860842e-21
4.361274e+02;3.860366e-21
4.361774e+02;3.859889e-21
4.362274e+02;3.859412e-21
4.362775e+02;3.858936e-21
4.363275e+02;3.858460e-21
4.363775e+02;3.857984e-21
4.364275e+02;3.857507e-21
4.364775e+02;3.857032e-21
4.365275e+02;3.856556e-21
4.365775e+02;3.856080e-21
4.366275e+02;3.855604e-21
4.366775e+02;3.855129e-21
4.367275e+02;3.854653e-21
4.367775e+02;3.854178e-21
4.368275e+02;3.853703e-21
4.368775e+02;3.853228e-21
4.369275e+02;3.852753e-21
4.369775e+02;3.852278e-21
4.370275e+02;3.851803e-21
4.370775e+02;3.851328e-21
4.371275e+02;3.850854e-21
4.371775e+02;3.850379e-21
4.372275e+02;3.849905e-21
4.372775e+02;3.849431e-21
4.373275e+02;3.848957e-21
4.373775e+02;3.848483e-21
4.374275e+02;3.848009e-21
4.374775e+02;3.847535e-21
4.375275e+02;3.847061e-21
4.375775e+02;3.846588e-21
4.376275e+02;3.846114e-21
4.376775e+02;3.845641e-21
4.377275e+02;3.845168e-21
4.377775e+02;3.844694e-21
4.378275e+02;3.844221e-21
4.378775e+02;3.843748e-21
4.379275e+02;3.843276e-21
4.379775e+02;3.842803e-21
4.380275e+02;3.842330e-21
4.380775e+02;3.841858e-21
4.381275e+02;3.841385e-21
4.381775e+02;3.840913e-21
4.382275e+02;3.840441e-21
4.382775e+02;3.839969e-21
4.383275e+02;3.839497e-21
4.383775e+02;3.839025e-21
4.384275e+02;3.838553e-21
4.384775e+02;3.838082e-21
4.385275e+02;3.837610e-21
4.385775e+02;3.837139e-21
4.386275e+02;3.836667e-21
4.386775e+02;3.836196e-21
4.387275e+02;3.835725e-21
4.387776e+02;3.835254e-21
4.388276e+02;3.834783e-21
4.388776e+02;3.834312e-21
4.389276e+02;3.833842e-21
4.389776e+02;3.833371e-21
4.390276e+02;3.832901e-21
4.390776e+02;3.832430e-21
4.391276e+02;3.831960e-21
4.391776e+02;3.831490e-21
4.392276e+02;3.831020e-21
4.392776e+02;3.830550e-21
4.393276e+02;3.830080e-21
4.393776e+02;3.829610e-21
4.394276e+02;3.829141e-21
4.394776e+02;3.828671e-21
4.395276e+02;3.828202e-21
4.395776e+02;3.827732e-21
4.396276e+02;3.827263e-21
4.396776e+02;3.826794e-21
4.397276e+02;3.826325e-21
4.397776e+02;3.825856e-21
4.398276e+02;3.825388e-21
4.398776e+02;3.824919e-21
4.399276e+02;3.824450e-21
4.399776e+02;3.823982e-21
4.400276e+02;3.823514e-21
4.400776e+02;3.823045e-21
4.401276e+02;3.822577e-21
4.401776e+02;3.822109e-21
4.402276e+02;3.821641e-21
4.402776e+02;3.821173e-21
4.403276e+02;3.820706e-21
4.403776e+02;3.820238e-21
4.404276e+02;3.819771e-21
4.404776e+02;3.819303e-21
4.405276e+02;3.818836e-21
4.405776e+02;3.818369e-21
4.406276e+02;3.817902e-21
4.406776e+02;3.817435e-21
4.407276e+02;3.816968e-21
4.407776e+02;3.816501e-21
4.408276e+02;3.816035e-21
4.408776e+02;3.815568e-21
4.409276e+02;3.815102e-21
4.409776e+02;3.814635e-21
4.410276e+02;3.814169e-21
4.410776e+02;3.813703e-21
4.411276e+02;3.813237e-21
4.411776e+02;3.812771e-21
4.412276e+02;3.812305e-21
4.412777e+02;3.811839e-21
4.413277e+02;3.811374e-21
4.413777e+02;3.810908e-21
4.414277e+02;3.810443e-21
4.414777e+02;3.809978e-21
4.415277e+02;3.809513e-21
4.415777e+02;3.809047e-21
4.416277e+02;3.808582e-21
4.416777e+02;3.808118e-21
4.417277e+02;3.807653e-21
4.417777e+02;3.807188e-21
4.418277e+02;3.806724e-21
4.418777e+02;3.806259e-21
4.419277e+02;3.805795e-21
4.419777e+02;3.805331e-21
4.420277e+02;3.804867e-21
4.420777e+02;3.804403e-21
4.421277e+02;3.803939e-21
4.421777e+02;3.803475e-21
4.422277e+02;3.803011e-21
4.422777e+02;3.802547e-21
4.423277e+02;3.802084e-21
4.423777e+02;3.801621e-21
4.424277e+02;3.801157e-21
4.424777e+02;3.800694e-21
4.425277e+02;3.800231e-21
4.425777e+02;3.799768e-21
4.426277e+02;3.799305e-21
4.426777e+02;3.798842e-21
4.427277e+02;3.798380e-21
4.427777e+02;3.797917e-21
4.428277e+02;3.797455e-21
4.428777e+02;3.796992e-21
4.429277e+02;3.796530e-21
4.429777e+02;3.796068e-21
4.430277e+02;3.795606e-21
4.430777e+02;3.795144e-21
4.431277e+02;3.794682e-21
4.431777e+02;3.794221e-21
4.432277e+02;3.793759e-21
4.432777e+02;3.793297e-21
4.433277e+02;3.792836e-21
4.433777e+02;3.792375e-21
4.434277e+02;3.791913e-21
4.434777e+02;3.791452e-21
4.435277e+02;3.790991e-21
4.435777e+02;3.790530e-21
4.436277e+02;3.790070e-21
4.436777e+02;3.789609e-21
4.437277e+02;3.789148e-21
4.437778e+02;3.788688e-21
4.438278e+02;3.788227e-21
4.438778e+02;3.787767e-21
4.439278e+02;3.787307e-21
4.439778e+02;3.786847e-21
4.440278e+02;3.786387e-21
4.440778e+02;3.785927e-21
4.441278e+02;3.785467e-21
4.441778e+02;3.785008e-21
4.442278e+02;3.784548e-21
4.442778e+02;3.784089e-21
4.443278e+02;3.783629e-21
4.443778e+02;3.783170e-21
4.444278e+02;3.782711e-21
4.444778e+02;3.782252e-21
4.445278e+02;3.781793e-21
4.445778e+02;3.781334e-21
4.446278e+02;3.780875e-21
4.446778e+02;3.780417e-21
4.447278e+02;3.779958e-21
4.447778e+02;3.779500e-21
4.448278e+02;3.779042e-21
4.448778e+02;3.778583e-21
4.449278e+02;3.778125e-21
4.449778e+02;3.777667e-21
4.450278e+02;3.777209e-21
4.450778e+02;3.776752e-21
4.451278e+02;3.776294e-21
4.451778e+02;3.775836e-21
4.452278e+02;3.775379e-21
4.452778e+02;3.774921e-21
4.453278e+02;3.774464e-21
4.453778e+02;3.774007e-21
4.454278e+02;3.773550e-21
4.454778e+02;3.773093e-21
4.455278e+02;3.772636e-21
4.455778e+02;3.772179e-21
4.456278e+02;3.771722e-21
4.456778e+02;3.771266e-21
4.457278e+02;3.770809e-21
4.457778e+02;3.770353e-21
4.458278e+02;3.769897e-21
4.458778e+02;3.769441e-21
4.459278e+02;3.768985e-21
4.459778e+02;3.768529e-21
4.460278e+02;3.768073e-21
4.460778e+02;3.767617e-21
4.461278e+02;3.767161e-21
4.461778e+02;3.766706e-21
4.462278e+02;3.766250e-21
4.462779e+02;3.765795e-21
4.463279e+02;3.765340e-21
4.463779e+02;3.764885e-21
4.464279e+02;3.764429e-21
4.464779e+02;3.763975e-21
4.465279e+02;3.763520e-21
4.465779e+02;3.763065e-21
4.466279e+02;3.762610e-21
4.466779e+02;3.762156e-21
4.467279e+02;3.761701e-21
4.467779e+02;3.761247e-21
4.468279e+02;3.760793e-21
4.468779e+02;3.760339e-21
4.469279e+02;3.759885e-21
4.469779e+02;3.759431e-21
4.470279e+02;3.758977e-21
4.470779e+02;3.758523e-21
4.471279e+02;3.758069e-21
4.471779e+02;3.757616e-21
4.472279e+02;3.757163e-21
4.472779e+02;3.756709e-21
4.473279e+02;3.756256e-21
4.473779e+02;3.755803e-21
4.474279e+02;3.755350e-21
4.474779e+02;3.754897e-21
4.475279e+02;3.754444e-21
4.475779e+02;3.753991e-21
4.476279e+02;3.753539e-21
4.476779e+02;3.753086e-21
4.477279e+02;3.752634e-21
4.477779e+02;3.752182e-21
4.478279e+02;3.751729e-21
4.478779e+02;3.751277e-21
4.479279e+02;3.750825e-21
4.479779e+02;3.750373e-21
4.480279e+02;3.749921e-21
4.480779e+02;3.749470e-21
4.481279e+02;3.749018e-21
4.481779e+02;3.748567e-21
4.482279e+02;3.748115e-21
4.482779e+02;3.747664e-21
4.483279e+02;3.747213e-21
4.483779e+02;3.746762e-21
4.484279e+02;3.746311e-21
4.484779e+02;3.745860e-21
4.485279e+02;3.745409e-21
4.485779e+02;3.744958e-21
4.486279e+02;3.744508e-21
4.486779e+02;3.744057e-21
4.487279e+02;3.743607e-21
4.487780e+02;3.743156e-21
4.488280e+02;3.742706e-21
4.488780e+02;3.742256e-21
4.489280e+02;3.741806e-21
4.489780e+02;3.741356e-21
4.490280e+02;3.740906e-21
4.490780e+02;3.740457e-21
4.491280e+02;3.740007e-21
4.491780e+02;3.739557e-21
4.492280e+02;3.739108e-21
4.492780e+02;3.738659e-21
4.493280e+02;3.738210e-21
4.493780e+02;3.737760e-21
4.494280e+02;3.737311e-21
4.494780e+02;3.736862e-21
4.495280e+02;3.736414e-21
4.495780e+02;3.735965e-21
4.496280e+02;3.735516e-21
4.496780e+02;3.735068e-21
4.497280e+02;3.734619e-21
4.497780e+02;3.734171e-21
4.498280e+02;3.733723e-21
4.498780e+02;3.733275e-21
4.499280e+02;3.732827e-21
4.499780e+02;3.732379e-21
4.500280e+02;3.731931e-21
4.500780e+02;3.731483e-21
4.501280e+02;3.731036e-21
4.501780e+02;3.730588e-21
4.502280e+02;3.730141e-21
4.502780e+02;3.729693e-21
4.503280e+02;3.729246e-21
4.503780e+02;3.728799e-21
4.504280e+02;3.728352e-21
4.504780e+02;3.727905e-21
4.505280e+02;3.727458e-21
4.505780e+02;3.727012e-21
4.506280e+02;3.726565e-21
4.506780e+02;3.726118e-21
4.507280e+02;3.725672e-21
4.507780e+02;3.725226e-21
4.508280e+02;3.724779e-21
4.508780e+02;3.724333e-21
4.509280e+02;3.723887e-21
4.509780e+02;3.723441e-21
4.510280e+02;3.722996e-21
4.510780e+02;3.722550e-21
4.511280e+02;3.722104e-21
4.511780e+02;3.721659e-21
4.512280e+02;3.721213e-21
4.512781e+02;3.720768e-21
4.513281e+02;3.720323e-21
4.513781e+02;3.719877e-21
4.514281e+02;3.719432e-21
4.514781e+02;3.718987e-21
4.515281e+02;3.718543e-21
4.515781e+02;3.718098e-21
4.516281e+02;3.717653e-21
4.516781e+02;3.717209e-21
4.517281e+02;3.716764e-21
4.517781e+02;3.716320e-21
4.518281e+02;3.715875e-21
4.518781e+02;3.715431e-21
4.519281e+02;3.714987e-21
4.519781e+02;3.714543e-21
4.520281e+02;3.714099e-21
4.520781e+02;3.713656e-21
4.521281e+02;3.713212e-21
4.521781e+02;3.712768e-21
4.522281e+02;3.712325e-21
4.522781e+02;3.711881e-21
4.523281e+02;3.711438e-21
4.523781e+02;3.710995e-21
4.524281e+02;3.710552e-21
4.524781e+02;3.710109e-21
4.525281e+02;3.709666e-21
4.525781e+02;3.709223e-21
4.526281e+02;3.708781e-21
4.526781e+02;3.708338e-21
4.527281e+02;3.707895e-21
4.527781e+02;3.707453e-21
4.528281e+02;3.707011e-21
4.528781e+02;3.706568e-21
4.529281e+02;3.706126e-21
4.529781e+02;3.705684e-21
4.530281e+02;3.705242e-21
4.530781e+02;3.704801e-21
4.531281e+02;3.704359e-21
4.531781e+02;3.703917e-21
4.532281e+02;3.703476e-21
4.532781e+02;3.703034e-21
4.533281e+02;3.702593e-21
4.533781e+02;3.702152e-21
4.534281e+02;3.701711e-21
4.534781e+02;3.701270e-21
4.535281e+02;3.700829e-21
4.535781e+02;3.700388e-21
4.536281e+02;3.699947e-21
4.536781e+02;3.699506e-21
4.537281e+02;3.699066e-21
4.537782e+02;3.698625e-21
4.538282e+02;3.698185e-21
4.538782e+02;3.697745e-21
4.539282e+02;3.697304e-21
4.539782e+02;3.696864e-21
4.540282e+02;3.696424e-21
4.540782e+02;3.695985e-21
4.541282e+02;3.695545e-21
4.541782e+02;3.695105e-21
4.542282e+02;3.694665e-21
4.542782e+02;3.694226e-21
4.543282e+02;3.693787e-21
4.543782e+02;3.693347e-21
4.544282e+02;3.692908e-21
4.544782e+02;3.692469e-21
4.545282e+02;3.692030e-21
4.545782e+02;3.691591e-21
4.546282e+02;3.691152e-21
4.546782e+02;3.690713e-21
4.547282e+02;3.690275e-21
4.547782e+02;3.689836e-21
4.548282e+02;3.689398e-21
4.548782e+02;3.688959e-21
4.549282e+02;3.688521e-21
4.549782e+02;3.688083e-21
4.550282e+02;3.687645e-21
4.550782e+02;3.687207e-21
4.551282e+02;3.686769e-21
4.551782e+02;3.686331e-21
4.552282e+02;3.685894e-21
4.552782e+02;3.685456e-21
4.553282e+02;3.685019e-21
4.553782e+02;3.684581e-21
4.554282e+02;3.684144e-21
4.554782e+02;3.683707e-21
4.555282e+02;3.683270e-21
4.555782e+02;3.682833e-21
4.556282e+02;3.682396e-21
4.556782e+02;3.681959e-21
4.557282e+02;3.681522e-21
4.557782e+02;3.681086e-21
4.558282e+02;3.680649e-21
4.558782e+02;3.680213e-21
4.559282e+02;3.679776e-21
4.559782e+02;3.679340e-21
4.560282e+02;3.678904e-21
4.560782e+02;3.678468e-21
4.561282e+02;3.678032e-21
4.561782e+02;3.677596e-21
4.562282e+02;3.677160e-21
4.562783e+02;3.676725e-21
4.563283e+02;3.676289e-21
4.563783e+02;3.675854e-21
4.564283e+02;3.675418e-21
4.564783e+02;3.674983e-21
4.565283e+02;3.674548e-21
4.565783e+02;3.674113e-21
4.566283e+02;3.673678e-21
4.566783e+02;3.673243e-21
4.567283e+02;3.672808e-21
4.567783e+02;3.672373e-21
4.568283e+02;3.671939e-21
4.568783e+02;3.671504e-21
4.569283e+02;3.671070e-21
4.569783e+02;3.670635e-21
4.570283e+02;3.670201e-21
4.570783e+02;3.669767e-21
4.571283e+02;3.669333e-21
4.571783e+02;3.668899e-21
4.572283e+02;3.668465e-21
4.572783e+02;3.668031e-21
4.573283e+02;3.667598e-21
4.573783e+02;3.667164e-21
4.574283e+02;3.666731e-21
4.574783e+02;3.666297e-21
4.575283e+02;3.665864e-21
4.575783e+02;3.665431e-21
4.576283e+02;3.664998e-21
4.576783e+02;3.664565e-21
4.577283e+02;3.664132e-21
4.577783e+02;3.663699e-21
4.578283e+02;3.663266e-21
4.578783e+02;3.662834e-21
4.579283e+02;3.662401e-21
4.579783e+02;3.661969e-21
4.580283e+02;3.661536e-21
4.580783e+02;3.661104e-21
4.581283e+02;3.660672e-21
4.581783e+02;3.660240e-21
4.582283e+02;3.659808e-21
4.582783e+02;3.659376e-21
4.583283e+02;3.658944e-21
4.583783e+02;3.658512e-21
4.584283e+02;3.658081e-21
4.584783e+02;3.657649e-21
4.585283e+02;3.657218e-21
4.585783e+02;3.656787e-21
4.586283e+02;3.656355e-21
4.586783e+02;3.655924e-21
4.587283e+02;3.655493e-21
4.587784e+02;3.655062e-21
4.588284e+02;3.654631e-21
4.588784e+02;3.654201e-21
4.589284e+02;3.653770e-21
4.589784e+02;3.653339e-21
4.590284e+02;3.652909e-21
4.590784e+02;3.652479e-21
4.591284e+02;3.652048e-21
4.591784e+02;3.651618e-21
4.592284e+02;3.651188e-21
4.592784e+02;3.650758e-21
4.593284e+02;3.650328e-21
4.593784e+02;3.649898e-21
4.594284e+02;3.649469e-21
4.594784e+02;3.649039e-21
4.595284e+02;3.648609e-21
4.595784e+02;3.648180e-21
4.596284e+02;3.647751e-21
4.596784e+02;3.647321e-21
4.597284e+02;3.646892e-21
4.597784e+02;3.646463e-21
4.598284e+02;3.646034e-21
4.598784e+02;3.645605e-21
4.599284e+02;3.645176e-21
4.599784e+02;3.644748e-21
4.600284e+02;3.644319e-21
4.600784e+02;3.643891e-21
4.601284e+02;3.643462e-21
4.601784e+02;3.643034e-21
4.602284e+02;3.642606e-21
4.602784e+02;3.642177e-21
4.603284e+02;3.641749e-21
4.603784e+02;3.641321e-21
4.604284e+02;3.640894e-21
4.604784e+02;3.640466e-21
4.605284e+02;3.640038e-21
4.605784e+02;3.639610e-21
4.606284e+02;3.639183e-21
4.606784e+02;3.638756e-21
4.607284e+02;3.638328e-21
4.607784e+02;3.637901e-21
4.608284e+02;3.637474e-21
4.608784e+02;3.637047e-21
4.609284e+02;3.636620e-21
4.609784e+02;3.636193e-21
4.610284e+02;3.635766e-21
4.610784e+02;3.635340e-21
4.611284e+02;3.634913e-21
4.611784e+02;3.634487e-21
4.612284e+02;3.634060e-21
4.612785e+02;3.633634e-21
4.613285e+02;3.633208e-21
4.613785e+02;3.632782e-21
4.614285e+02;3.632356e-21
4.614785e+02;3.631930e-21
4.615285e+02;3.631504e-21
4.615785e+02;3.631078e-21
4.616285e+02;3.630652e-21
4.616785e+02;3.630227e-21
4.617285e+02;3.629801e-21
4.617785e+02;3.629376e-21
4.618285e+02;3.628951e-21
4.618785e+02;3.628526e-21
4.619285e+02;3.628100e-21
4.619785e+02;3.627675e-21
4.620285e+02;3.627251e-21
4.620785e+02;3.626826e-21
4.621285e+02;3.626401e-21
4.621785e+02;3.625976e-21
4.622285e+02;3.625552e-21
4.622785e+02;3.625127e-21
4.623285e+02;3.624703e-21
4.623785e+02;3.624279e-21
4.624285e+02;3.623855e-21
4.624785e+02;3.623430e-21
4.625285e+02;3.623006e-21
4.625785e+02;3.622583e-21
4.626285e+02;3.622159e-21
4.626785e+02;3.621735e-21
4.627285e+02;3.621311e-21
4.627785e+02;3.620888e-21
4.628285e+02;3.620464e-21
4.628785e+02;3.620041e-21
4.629285e+02;3.619618e-21
4.629785e+02;3.619195e-21
4.630285e+02;3.618771e-21
4.630785e+02;3.618348e-21
4.631285e+02;3.617926e-21
4.631785e+02;3.617503e-21
4.632285e+02;3.617080e-21
4.632785e+02;3.616657e-21
4.633285e+02;3.616235e-21
4.633785e+02;3.615812e-21
4.634285e+02;3.615390e-21
4.634785e+02;3.614968e-21
4.635285e+02;3.614546e-21
4.635785e+02;3.614124e-21
4.636285e+02;3.613702e-21
4.636785e+02;3.613280e-21
4.637285e+02;3.612858e-21
4.637786e+02;3.612436e-21
4.638286e+02;3.612014e-21
4.638786e+02;3.611593e-21
4.639286e+02;3.611171e-21
4.639786e+02;3.610750e-21
4.640286e+02;3.610329e-21
4.640786e+02;3.609908e-21
4.641286e+02;3.609487e-21
4.641786e+02;3.609066e-21
4.642286e+02;3.608645e-21
4.642786e+02;3.608224e-21
4.643286e+02;3.607803e-21
4.643786e+02;3.607382e-21
4.644286e+02;3.606962e-21
4.644786e+02;3.606541e-21
4.645286e+02;3.606121e-21
4.645786e+02;3.605701e-21
4.646286e+02;3.605281e-21
4.646786e+02;3.604861e-21
4.647286e+02;3.604441e-21
4.647786e+02;3.604021e-21
4.648286e+02;3.603601e-21
4.648786e+02;3.603181e-21
4.649286e+02;3.602761e-21
4.649786e+02;3.602342e-21
4.650286e+02;3.601922e-21
4.650786e+02;3.601503e-21
4.651286e+02;3.601084e-21
4.651786e+02;3.600665e-21
4.652286e+02;3.600245e-21
4.652786e+02;3.599826e-21
4.653286e+02;3.599408e-21
4.653786e+02;3.598989e-21
4.654286e+02;3.598570e-21
4.654786e+02;3.598151e-21
4.655286e+02;3.597733e-21
4.655786e+02;3.597314e-21
4.656286e+02;3.596896e-21
4.656786e+02;3.596478e-21
4.657286e+02;3.596059e-21
4.657786e+02;3.595641e-21
4.658286e+02;3.595223e-21
4.658786e+02;3.594805e-21
4.659286e+02;3.594387e-21
4.659786e+02;3.593970e-21
4.660286e+02;3.593552e-21
4.660786e+02;3.593134e-21
4.661286e+02;3.592717e-21
4.661786e+02;3.592300e-21
4.662286e+02;3.591882e-21
4.662787e+02;3.591465e-21
4.663287e+02;3.591048e-21
4.663787e+02;3.590631e-21
4.664287e+02;3.590214e-21
4.664787e+02;3.589797e-21
4.665287e+02;3.589380e-21
4.665787e+02;3.588964e-21
4.666287e+02;3.588547e-21
4.666787e+02;3.588130e-21
4.667287e+02;3.587714e-21
4.667787e+02;3.587298e-21
4.668287e+02;3.586881e-21
4.668787e+02;3.586465e-21
4.669287e+02;3.586049e-21
4.669787e+02;3.585633e-21
4.670287e+02;3.585217e-21
4.670787e+02;3.584802e-21
4.671287e+02;3.584386e-21
4.671787e+02;3.583970e-21
4.672287e+02;3.583555e-21
4.672787e+02;3.583139e-21
4.673287e+02;3.582724e-21
4.673787e+02;3.582309e-21
4.674287e+02;3.581893e-21
4.674787e+02;3.581478e-21
4.675287e+02;3.581063e-21
4.675787e+02;3.580648e-21
4.676287e+02;3.580234e-21
4.676787e+02;3.579819e-21
4.677287e+02;3.579404e-21
4.677787e+02;3.578990e-21
4.678287e+02;3.578575e-21
4.678787e+02;3.578161e-21
4.679287e+02;3.577747e-21
4.679787e+02;3.577332e-21
4.680287e+02;3.576918e-21
4.680787e+02;3.576504e-21
4.681287e+02;3.576090e-21
4.681787e+02;3.575676e-21
4.682287e+02;3.575263e-21
4.682787e+02;3.574849e-21
4.683287e+02;3.574435e-21
4.683787e+02;3.574022e-21
4.684287e+02;3.573608e-21
4.684787e+02;3.573195e-21
4.685287e+02;3.572782e-21
4.685787e+02;3.572369e-21
4.686287e+02;3.571956e-21
4.686787e+02;3.571543e-21
4.687287e+02;3.571130e-21
4.687788e+02;3.570717e-21
4.688288e+02;3.570304e-21
4.688788e+02;3.569892e-21
4.689288e+02;3.569479e-21
4.689788e+02;3.569067e-21
4.690288e+02;3.568654e-21
4.690788e+02;3.568242e-21
4.691288e+02;3.567830e-21
4.691788e+02;3.567418e-21
4.692288e+02;3.567006e-21
4.692788e+02;3.566594e-21
4.693288e+02;3.566182e-21
4.693788e+02;3.565770e-21
4.694288e+02;3.565359e-21
4.694788e+02;3.564947e-21
4.695288e+02;3.564536e-21
4.695788e+02;3.564124e-21
4.696288e+02;3.563713e-21
4.696788e+02;3.563302e-21
4.697288e+02;3.562891e-21
4.697788e+02;3.562480e-21
4.698288e+02;3.562069e-21
4.698788e+02;3.561658e-21
4.699288e+02;3.561247e-21
4.699788e+02;3.560836e-21
4.700288e+02;3.560426e-21
4.700788e+02;3.560015e-21
4.701288e+02;3.559605e-21
4.701788e+02;3.559194e-21
4.702288e+02;3.558784e-21
4.702788e+02;3.558374e-21
4.703288e+02;3.557964e-21
4.703788e+02;3.557554e-21
4.704288e+02;3.557144e-21
4.704788e+02;3.556734e-21
4.705288e+02;3.556324e-21
4.705788e+02;3.555915e-21
4.706288e+02;3.555505e-21
4.706788e+02;3.555096e-21
4.707288e+02;3.554686e-21
4.707788e+02;3.554277e-21
4.708288e+02;3.553868e-21
4.708788e+02;3.553459e-21
4.709288e+02;3.553050e-21
4.709788e+02;3.552641e-21
4.710288e+02;3.552232e-21
4.710788e+02;3.551823e-21
4.711288e+02;3.551414e-21
4.711788e+02;3.551006e-21
4.712288e+02;3.550597e-21
4.712789e+02;3.550189e-21
4.713289e+02;3.549780e-21
4.713789e+02;3.549372e-21
4.714289e+02;3.548964e-21
4.714789e+02;3.548556e-21
4.715289e+02;3.548148e-21
4.715789e+02;3.547740e-21
4.716289e+02;3.547332e-21
4.716789e+02;3.546924e-21
4.717289e+02;3.546517e-21
4.717789e+02;3.546109e-21
4.718289e+02;3.545702e-21
4.718789e+02;3.545294e-21
4.719289e+02;3.544887e-21
4.719789e+02;3.544480e-21
4.720289e+02;3.544072e-21
4.720789e+02;3.543665e-21
4.721289e+02;3.543258e-21
4.721789e+02;3.542852e-21
4.722289e+02;3.542445e-21
4.722789e+02;3.542038e-21
4.723289e+02;3.541631e-21
4.723789e+02;3.541225e-21
4.724289e+02;3.540818e-21
4.724789e+02;3.540412e-21
4.725289e+02;3.540006e-21
4.725789e+02;3.539600e-21
4.726289e+02;3.539193e-21
4.726789e+02;3.538787e-21
4.727289e+02;3.538381e-21
4.727789e+02;3.537976e-21
4.728289e+02;3.537570e-21
4.728789e+02;3.537164e-21
4.729289e+02;3.536759e-21
4.729789e+02;3.536353e-21
4.730289e+02;3.535948e-21
4.730789e+02;3.535542e-21
4.731289e+02;3.535137e-21
4.731789e+02;3.534732e-21
4.732289e+02;3.534327e-21
4.732789e+02;3.533922e-21
4.733289e+02;3.533517e-21
4.733789e+02;3.533112e-21
4.734289e+02;3.532707e-21
4.734789e+02;3.532303e-21
4.735289e+02;3.531898e-21
4.735789e+02;3.531494e-21
4.736289e+02;3.531089e-21
4.736789e+02;3.530685e-21
4.737289e+02;3.530281e-21
4.737790e+02;3.529876e-21
4.738290e+02;3.529472e-21
4.738790e+02;3.529068e-21
4.739290e+02;3.528665e-21
4.739790e+02;3.528261e-21
4.740290e+02;3.527857e-21
4.740790e+02;3.527453e-21
4.741290e+02;3.527050e-21
4.741790e+02;3.526646e-21
4.742290e+02;3.526243e-21
4.742790e+02;3.525840e-21
4.743290e+02;3.525436e-21
4.743790e+02;3.525033e-21
4.744290e+02;3.524630e-21
4.744790e+02;3.524227e-21
4.745290e+02;3.523824e-21
4.745790e+02;3.523422e-21
4.746290e+02;3.523019e-21
4.746790e+02;3.522616e-21
4.747290e+02;3.522214e-21
4.747790e+02;3.521811e-21
4.748290e+02;3.521409e-21
4.748790e+02;3.521007e-21
4.749290e+02;3.520605e-21
4.749790e+02;3.520202e-21
4.750290e+02;3.519800e-21
4.750790e+02;3.519398e-21
4.751290e+02;3.518997e-21
4.751790e+02;3.518595e-21
4.752290e+02;3.518193e-21
4.752790e+02;3.517791e-21
4.753290e+02;3.517390e-21
4.753790e+02;3.516989e-21
4.754290e+02;3.516587e-21
4.754790e+02;3.516186e-21
4.755290e+02;3.515785e-21
4.755790e+02;3.515384e-21
4.756290e+02;3.514983e-21
4.756790e+02;3.514582e-21
4.757290e+02;3.514181e-21
4.757790e+02;3.513780e-21
4.758290e+02;3.513379e-21
4.758790e+02;3.512979e-21
4.759290e+02;3.512578e-21
4.759790e+02;3.512178e-21
4.760290e+02;3.511778e-21
4.760790e+02;3.511377e-21
4.761290e+02;3.510977e-21
4.761790e+02;3.510577e-21
4.762290e+02;3.510177e-21
4.762791e+02;3.509777e-21
4.763291e+02;3.509377e-21
4.763791e+02;3.508977e-21
4.764291e+02;3.508578e-21
4.764791e+02;3.508178e-21
4.765291e+02;3.507779e-21
4.765791e+02;3.507379e-21
4.766291e+02;3.506980e-21
4.766791e+02;3.506581e-21
4.767291e+02;3.506181e-21
4.767791e+02;3.505782e-21
4.768291e+02;3.505383e-21
4.768791e+02;3.504984e-21
4.769291e+02;3.504586e-21
4.769791e+02;3.504187e-21
4.770291e+02;3.503788e-21
4.770791e+02;3.503390e-21
4.771291e+02;3.502991e-21
4.771791e+02;3.502593e-21
4.772291e+02;3.502194e-21
4.772791e+02;3.501796e-21
4.773291e+02;3.501398e-21
4.773791e+02;3.501000e-21
4.774291e+02;3.500602e-21
4.774791e+02;3.500204e-21
4.775291e+02;3.499806e-21
4.775791e+02;3.499408e-21
4.776291e+02;3.499011e-21
4.776791e+02;3.498613e-21
4.777291e+02;3.498216e-21
4.777791e+02;3.497818e-21
4.778291e+02;3.497421e-21
4.778791e+02;3.497024e-21
4.779291e+02;3.496626e-21
4.779791e+02;3.496229e-21
4.780291e+02;3.495832e-21
4.780791e+02;3.495435e-21
4.781291e+02;3.495038e-21
4.781791e+02;3.494642e-21
4.782291e+02;3.494245e-21
4.782791e+02;3.493848e-21
4.783291e+02;3.493452e-21
4.783791e+02;3.493056e-21
4.784291e+02;3.492659e-21
4.784791e+02;3.492263e-21
4.785291e+02;3.491867e-21
4.785791e+02;3.491471e-21
4.786291e+02;3.491075e-21
4.786791e+02;3.490679e-21
4.787291e+02;3.490283e-21
4.787792e+02;3.489887e-21
4.788292e+02;3.489491e-21
4.788792e+02;3.489096e-21
4.789292e+02;3.488700e-21
4.789792e+02;3.488305e-21
4.790292e+02;3.487909e-21
4.790792e+02;3.487514e-21
4.791292e+02;3.487119e-21
4.791792e+02;3.486724e-21
4.792292e+02;3.486329e-21
4.792792e+02;3.485934e-21
4.793292e+02;3.485539e-21
4.793792e+02;3.485144e-21
4.794292e+02;3.484750e-21
4.794792e+02;3.484355e-21
4.795292e+02;3.483960e-21
4.795792e+02;3.483566e-21
4.796292e+02;3.483172e-21
4.796792e+02;3.482777e-21
4.797292e+02;3.482383e-21
4.797792e+02;3.481989e-21
4.798292e+02;3.481595e-21
4.798792e+02;3.481201e-21
4.799292e+02;3.480807e-21
4.799792e+02;3.480413e-21
4.800292e+02;3.480020e-21
4.800792e+02;3.479626e-21
4.801292e+02;3.479232e-21
4.801792e+02;3.478839e-21
4.802292e+02;3.478446e-21
4.802792e+02;3.478052e-21
4.803292e+02;3.477659e-21
4.803792e+02;3.477266e-21
4.804292e+02;3.476873e-21
4.804792e+02;3.476480e-21
4.805292e+02;3.476087e-21
4.805792e+02;3.475694e-21
4.806292e+02;3.475301e-21
4.806792e+02;3.474909e-21
4.807292e+02;3.474516e-21
4.807792e+02;3.474124e-21
4.808292e+02;3.473731e-21
4.808792e+02;3.473339e-21
4.809292e+02;3.472947e-21
4.809792e+02;3.472555e-21
4.810292e+02;3.472162e-21
4.810792e+02;3.471770e-21
4.811292e+02;3.471379e-21
4.811792e+02;3.470987e-21
4.812292e+02;3.470595e-21
4.812793e+02;3.470203e-21
4.813293e+02;3.469812e-21
4.813793e+02;3.469420e-21
4.814293e+02;3.469029e-21
4.814793e+02;3.468637e-21
4.815293e+02;3.468246e-21
4.815793e+02;3.467855e-21
4.816293e+02;3.467464e-21
4.816793e+02;3.467073e-21
4.817293e+02;3.466682e-21
4.817793e+02;3.466291e-21
4.818293e+02;3.465900e-21
4.818793e+02;3.465510e-21
4.819293e+02;3.465119e-21
4.819793e+02;3.464728e-21
4.820293e+02;3.464338e-21
4.820793e+02;3.463948e-21
4.821293e+02;3.463557e-21
4.821793e+02;3.463167e-21
4.822293e+02;3.462777e-21
4.822793e+02;3.462387e-21
4.823293e+02;3.461997e-21
4.823793e+02;3.461607e-21
4.824293e+02;3.461217e-21
4.824793e+02;3.460827e-21
4.825293e+02;3.460438e-21
4.825793e+02;3.460048e-21
4.826293e+02;3.459659e-21
4.826793e+02;3.459269e-21
4.827293e+02;3.458880e-21
4.827793e+02;3.458491e-21
4.828293e+02;3.458101e-21
4.828793e+02;3.457712e-21
4.829293e+02;3.457323e-21
4.829793e+02;3.456934e-21
4.830293e+02;3.456546e-21
4.830793e+02;3.456157e-21
4.831293e+02;3.455768e-21
4.831793e+02;3.455380e-21
4.832293e+02;3.454991e-21
4.832793e+02;3.454603e-21
4.833293e+02;3.454214e-21
4.833793e+02;3.453826e-21
4.834293e+02;3.453438e-21
4.834793e+02;3.453050e-21
4.835293e+02;3.452662e-21
4.835793e+02;3.452274e-21
4.836293e+02;3.451886e-21
4.836793e+02;3.451498e-21
4.837293e+02;3.451110e-21
4.837794e+02;3.450723e-21
4.838294e+02;3.450335e-21
4.838794e+02;3.449947e-21
4.839294e+02;3.449560e-21
4.839794e+02;3.449173e-21
4.840294e+02;3.448785e-21
4.840794e+02;3.448398e-21
4.841294e+02;3.448011e-21
4.841794e+02;3.447624e-21
4.842294e+02;3.447237e-21
4.842794e+02;3.446850e-21
4.843294e+02;3.446464e-21
4.843794e+02;3.446077e-21
4.844294e+02;3.445690e-21
4.844794e+02;3.445304e-21
4.845294e+02;3.444917e-21
4.845794e+02;3.444531e-21
4.846294e+02;3.444145e-21
4.846794e+02;3.443759e-21
4.847294e+02;3.443372e-21
4.847794e+02;3.442986e-21
4.848294e+02;3.442600e-21
4.848794e+02;3.442215e-21
4.849294e+02;3.441829e-21
4.849794e+02;3.441443e-21
4.850294e+02;3.441057e-21
4.850794e+02;3.440672e-21
4.851294e+02;3.440286e-21
4.851794e+02;3.439901e-21
4.852294e+02;3.439515e-21
4.852794e+02;3.439130e-21
4.853294e+02;3.438745e-21
4.853794e+02;3.438360e-21
4.854294e+02;3.437975e-21
4.854794e+02;3.437590e-21
4.855294e+02;3.437205e-21
4.855794e+02;3.436820e-21
4.856294e+02;3.436436e-21
4.856794e+02;3.436051e-21
4.857294e+02;3.435666e-21
4.857794e+02;3.435282e-21
4.858294e+02;3.434898e-21
4.858794e+02;3.434513e-21
4.859294e+02;3.434129e-21
4.859794e+02;3.433745e-21
4.860294e+02;3.433361e-21
4.860794e+02;3.432977e-21
4.861294e+02;3.432593e-21
4.861794e+02;3.432209e-21
4.862294e+02;3.431825e-21
4.862795e+02;3.431442e-21
4.863295e+02;3.431058e-21
4.863795e+02;3.430675e-21
4.864295e+02;3.430291e-21
4.864795e+02;3.429908e-21
4.865295e+02;3.429524e-21
4.865795e+02;3.429141e-21
4.866295e+02;3.428758e-21
4.866795e+02;3.428375e-21
4.867295e+02;3.427992e-21
4.867795e+02;3.427609e-21
4.868295e+02;3.427226e-21
4.868795e+02;3.426844e-21
4.869295e+02;3.426461e-21
4.869795e+02;3.426078e-21
4.870295e+02;3.425696e-21
4.870795e+02;3.425314e-21
4.871295e+02;3.424931e-21
4.871795e+02;3.424549e-21
4.872295e+02;3.424167e-21
4.872795e+02;3.423785e-21
4.873295e+02;3.423403e-21
4.873795e+02;3.423021e-21
4.874295e+02;3.422639e-21
4.874795e+02;3.422257e-21
4.875295e+02;3.421875e-21
4.875795e+02;3.421494e-21
4.876295e+02;3.421112e-21
4.876795e+02;3.420731e-21
4.877295e+02;3.420349e-21
4.877795e+02;3.419968e-21
4.878295e+02;3.419587e-21
4.878795e+02;3.419205e-21
4.879295e+02;3.418824e-21
4.879795e+02;3.418443e-21
4.880295e+02;3.418062e-21
4.880795e+02;3.417682e-21
4.881295e+02;3.417301e-21
4.881795e+02;3.416920e-21
4.882295e+02;3.416539e-21
4.882795e+02;3.416159e-21
4.883295e+02;3.415778e-21
4.883795e+02;3.415398e-21
4.884295e+02;3.415018e-21
4.884795e+02;3.414637e-21
4.885295e+02;3.414257e-21
4.885795e+02;3.413877e-21
4.886295e+02;3.413497e-21
4.886795e+02;3.413117e-21
4.887295e+02;3.412737e-21
4.887796e+02;3.412358e-21
4.888296e+02;3.411978e-21
4.888796e+02;3.411598e-21
4.889296e+02;3.411219e-21
4.889796e+02;3.410839e-21
4.890296e+02;3.410460e-21
4.890796e+02;3.410081e-21
4.891296e+02;3.409701e-21
4.891796e+02;3.409322e-21
4.892296e+02;3.408943e-21
4.892796e+02;3.408564e-21
4.893296e+02;3.408185e-21
4.893796e+02;3.407806e-21
4.894296e+02;3.407428e-21
4.894796e+02;3.407049e-21
4.895296e+02;3.406670e-21
4.895796e+02;3.406292e-21
4.896296e+02;3.405913e-21
4.896796e+02;3.405535e-21
4.897296e+02;3.405157e-21
4.897796e+02;3.404779e-21
4.898296e+02;3.404400e-21
4.898796e+02;3.404022e-21
4.899296e+02;3.403644e-21
4.899796e+02;3.403266e-21
4.900296e+02;3.402889e-21
4.900796e+02;3.402511e-21
4.901296e+02;3.402133e-21
4.901796e+02;3.401756e-21
4.902296e+02;3.401378e-21
4.902796e+02;3.401001e-21
4.903296e+02;3.400623e-21
4.903796e+02;3.400246e-21
4.904296e+02;3.399869e-21
4.904796e+02;3.399491e-21
4.905296e+02;3.399114e-21
4.905796e+02;3.398737e-21
4.906296e+02;3.398361e-21
4.906796e+02;3.397984e-21
4.907296e+02;3.397607e-21
4.907796e+02;3.397230e-21
4.908296e+02;3.396854e-21
4.908796e+02;3.396477e-21
4.909296e+02;3.396101e-21
4.909796e+02;3.395724e-21
4.910296e+02;3.395348e-21
4.910796e+02;3.394972e-21
4.911296e+02;3.394596e-21
4.911796e+02;3.394219e-21
4.912296e+02;3.393843e-21
4.912797e+02;3.393468e-21
4.913297e+02;3.393092e-21
4.913797e+02;3.392716e-21
4.914297e+02;3.392340e-21
4.914797e+02;3.391965e-21
4.915297e+02;3.391589e-21
4.915797e+02;3.391214e-21
4.916297e+02;3.390838e-21
4.916797e+02;3.390463e-21
4.917297e+02;3.390088e-21
4.917797e+02;3.389713e-21
4.918297e+02;3.389337e-21
4.918797e+02;3.388962e-21
4.919297e+02;3.388588e-21
4.919797e+02;3.388213e-21
4.920297e+02;3.387838e-21
4.920797e+02;3.387463e-21
4.921297e+02;3.387089e-21
4.921797e+02;3.386714e-21
4.922297e+02;3.386340e-21
4.922797e+02;3.385965e-21
4.923297e+02;3.385591e-21
4.923797e+02;3.385217e-21
4.924297e+02;3.384842e-21
4.924797e+02;3.384468e-21
4.925297e+02;3.384094e-21
4.925797e+02;3.383720e-21
4.926297e+02;3.383346e-21
4.926797e+02;3.382973e-21
4.927297e+02;3.382599e-21
4.927797e+02;3.382225e-21
4.928297e+02;3.381852e-21
4.928797e+02;3.381478e-21
4.929297e+02;3.381105e-21
4.929797e+02;3.380732e-21
4.930297e+02;3.380358e-21
4.930797e+02;3.379985e-21
4.931297e+02;3.379612e-21
4.931797e+02;3.379239e-21
4.932297e+02;3.378866e-21
4.932797e+02;3.378493e-21
4.933297e+02;3.378120e-21
4.933797e+02;3.377748e-21
4.934297e+02;3.377375e-21
4.934797e+02;3.377002e-21
4.935297e+02;3.376630e-21
4.935797e+02;3.376257e-21
4.936297e+02;3.375885e-21
4.936797e+02;3.375513e-21
4.937297e+02;3.375141e-21
4.937798e+02;3.374768e-21
4.938298e+02;3.374396e-21
4.938798e+02;3.374024e-21
4.939298e+02;3.373652e-21
4.939798e+02;3.373281e-21
4.940298e+02;3.372909e-21
4.940798e+02;3.372537e-21
4.941298e+02;3.372166e-21
4.941798e+02;3.371794e-21
4.942298e+02;3.371423e-21
4.942798e+02;3.371051e-21
4.943298e+02;3.370680e-21
4.943798e+02;3.370309e-21
4.944298e+02;3.369938e-21
4.944798e+02;3.369566e-21
4.945298e+02;3.369195e-21
4.945798e+02;3.368825e-21
4.946298e+02;3.368454e-21
4.946798e+02;3.368083e-21
4.947298e+02;3.367712e-21
4.947798e+02;3.367342e-21
4.948298e+02;3.366971e-21
4.948798e+02;3.366600e-21
4.949298e+02;3.366230e-21
4.949798e+02;3.365860e-21
4.950298e+02;3.365489e-21
4.950798e+02;3.365119e-21
4.951298e+02;3.364749e-21
4.951798e+02;3.364379e-21
4.952298e+02;3.364009e-21
4.952798e+02;3.363639e-21
4.953298e+02;3.363270e-21
4.953798e+02;3.362900e-21
4.954298e+02;3.362530e-21
4.954798e+02;3.362161e-21
4.955298e+02;3.361791e-21
4.955798e+02;3.361422e-21
4.956298e+02;3.361052e-21
4.956798e+02;3.360683e-21
4.957298e+02;3.360314e-21
4.957798e+02;3.359945e-21
4.958298e+02;3.359576e-21
4.958798e+02;3.359207e-21
4.959298e+02;3.358838e-21
4.959798e+02;3.358469e-21
4.960298e+02;3.358100e-21
4.960798e+02;3.357731e-21
4.961298e+02;3.357363e-21
4.961798e+02;3.356994e-21
4.962298e+02;3.356626e-21
4.962799e+02;3.356257e-21
4.963299e+02;3.355889e-21
4.963799e+02;3.355521e-21
4.964299e+02;3.355153e-21
4.964799e+02;3.354784e-21
4.965299e+02;3.354416e-21
4.965799e+02;3.354048e-21
4.966299e+02;3.353681e-21
4.966799e+02;3.353313e-21
4.967299e+02;3.352945e-21
4.967799e+02;3.352577e-21
4.968299e+02;3.352210e-21
4.968799e+02;3.351842e-21
4.969299e+02;3.351475e-21
4.969799e+02;3.351107e-21
4.970299e+02;3.350740e-21
4.970799e+02;3.350373e-21
4.971299e+02;3.350006e-21
4.971799e+02;3.349639e-21
4.972299e+02;3.349272e-21
4.972799e+02;3.348905e-21
4.973299e+02;3.348538e-21
4.973799e+02;3.348171e-21
4.974299e+02;3.347805e-21
4.974799e+02;3.347438e-21
4.975299e+02;3.347071e-21
4.975799e+02;3.346705e-21
4.976299e+02;3.346338e-21
4.976799e+02;3.345972e-21
4.977299e+02;3.345606e-21
4.977799e+02;3.345240e-21
4.978299e+02;3.344874e-21
4.978799e+02;3.344508e-21
4.979299e+02;3.344142e-21
4.979799e+02;3.343776e-21
4.980299e+02;3.343410e-21
4.980799e+02;3.343044e-21
4.981299e+02;3.342678e-21
4.981799e+02;3.342313e-21
4.982299e+02;3.341947e-21
4.982799e+02;3.341582e-21
4.983299e+02;3.341217e-21
4.983799e+02;3.340851e-21
4.984299e+02;3.340486e-21
4.984799e+02;3.340121e-21
4.985299e+02;3.339756e-21
4.985799e+02;3.339391e-21
4.986299e+02;3.339026e-21
4.986799e+02;3.338661e-21
4.987299e+02;3.338296e-21
4.987800e+02;3.337931e-21
4.988300e+02;3.337567e-21
4.988800e+02;3.337202e-21
4.989300e+02;3.336838e-21
4.989800e+02;3.336473e-21
4.990300e+02;3.336109e-21
4.990800e+02;3.335745e-21
4.991300e+02;3.335380e-21
4.991800e+02;3.335016e-21
4.992300e+02;3.334652e-21
4.992800e+02;3.334288e-21
4.993300e+02;3.333924e-21
4.993800e+02;3.333560e-21
4.994300e+02;3.333197e-21
4.994800e+02;3.332833e-21
4.995300e+02;3.332469e-21
4.995800e+02;3.332106e-21
4.996300e+02;3.331742e-21
4.996800e+02;3.331379e-21
4.997300e+02;3.331016e-21
4.997800e+02;3.330652e-21
4.998300e+02;3.330289e-21
4.998800e+02;3.329926e-21
4.999300e+02;3.329563e-21
4.999800e+02;3.329200e-21
5.000300e+02;3.328837e-21
5.000800e+02;3.328474e-21
5.001300e+02;3.328111e-21
5.001800e+02;3.327749e-21
5.002300e+02;3.327386e-21
5.002800e+02;3.327024e-21
5.003300e+02;3.326661e-21
5.003800e+02;3.326299e-21
5.004300e+02;3.325936e-21
5.004800e+02;3.325574e-21
5.005300e+02;3.325212e-21
5.005800e+02;3.324850e-21
5.006300e+02;3.324488e-21
5.006800e+02;3.324126e-21
5.007300e+02;3.323764e-21
5.007800e+02;3.323402e-21
5.008300e+02;3.323040e-21
5.008800e+02;3.322679e-21
5.009300e+02;3.322317e-21
5.009800e+02;3.321956e-21
5.010300e+02;3.321594e-21
5.010800e+02;3.321233e-21
5.011300e+02;3.320872e-21
5.011800e+02;3.320510e-21
5.012300e+02;3.320149e-21
5.012801e+02;3.319788e-21
5.013301e+02;3.319427e-21
5.013801e+02;3.319066e-21
5.014301e+02;3.318705e-21
5.014801e+02;3.318344e-21
5.015301e+02;3.317984e-21
5.015801e+02;3.317623e-21
5.016301e+02;3.317262e-21
5.016801e+02;3.316902e-21
5.017301e+02;3.316541e-21
5.017801e+02;3.316181e-21
5.018301e+02;3.315821e-21
5.018801e+02;3.315460e-21
5.019301e+02;3.315100e-21
5.019801e+02;3.314740e-21
5.020301e+02;3.314380e-21
5.020801e+02;3.314020e-21
5.021301e+02;3.313660e-21
5.021801e+02;3.313301e-21
5.022301e+02;3.312941e-21
5.022801e+02;3.312581e-21
5.023301e+02;3.312222e-21
5.023801e+02;3.311862e-21
5.024301e+02;3.311503e-21
5.024801e+02;3.311143e-21
5.025301e+02;3.310784e-21
5.025801e+02;3.310425e-21
5.026301e+02;3.310066e-21
5.026801e+02;3.309706e-21
5.027301e+02;3.309347e-21
5.027801e+02;3.308988e-21
5.028301e+02;3.308630e-21
5.028801e+02;3.308271e-21
5.029301e+02;3.307912e-21
5.029801e+02;3.307553e-21
5.030301e+02;3.307195e-21
5.030801e+02;3.306836e-21
5.031301e+02;3.306478e-21
5.031801e+02;3.306119e-21
5.032301e+02;3.305761e-21
5.032801e+02;3.305403e-21
5.033301e+02;3.305045e-21
5.033801e+02;3.304687e-21
5.034301e+02;3.304329e-21
5.034801e+02;3.303971e-21
5.035301e+02;3.303613e-21
5.035801e+02;3.303255e-21
5.036301e+02;3.302897e-21
5.036801e+02;3.302540e-21
5.037301e+02;3.302182e-21
5.037802e+02;3.301824e-21
5.038302e+02;3.301467e-21
5.038802e+02;3.301110e-21
5.039302e+02;3.300752e-21
5.039802e+02;3.300395e-21
5.040302e+02;3.300038e-21
5.040802e+02;3.299681e-21
5.041302e+02;3.299324e-21
5.041802e+02;3.298967e-21
5.042302e+02;3.298610e-21
5.042802e+02;3.298253e-21
5.043302e+02;3.297896e-21
5.043802e+02;3.297540e-21
5.044302e+02;3.297183e-21
5.044802e+02;3.296826e-21
5.045302e+02;3.296470e-21
5.045802e+02;3.296114e-21
5.046302e+02;3.295757e-21
5.046802e+02;3.295401e-21
5.047302e+02;3.295045e-21
5.047802e+02;3.294689e-21
5.048302e+02;3.294333e-21
5.048802e+02;3.293977e-21
5.049302e+02;3.293621e-21
5.049802e+02;3.293265e-21
5.050302e+02;3.292909e-21
5.050802e+02;3.292554e-21
5.051302e+02;3.292198e-21
5.051802e+02;3.291842e-21
5.052302e+02;3.291487e-21
5.052802e+02;3.291131e-21
5.053302e+02;3.290776e-21
5.053802e+02;3.290421e-21
5.054302e+02;3.290066e-21
5.054802e+02;3.289711e-21
5.055302e+02;3.289355e-21
5.055802e+02;3.289000e-21
5.056302e+02;3.288646e-21
5.056802e+02;3.288291e-21
5.057302e+02;3.287936e-21
5.057802e+02;3.287581e-21
5.058302e+02;3.287227e-21
5.058802e+02;3.286872e-21
5.059302e+02;3.286518e-21
5.059802e+02;3.286163e-21
5.060302e+02;3.285809e-21
5.060802e+02;3.285454e-21
5.061302e+02;3.285100e-21
5.061802e+02;3.284746e-21
5.062302e+02;3.284392e-21
5.062803e+02;3.284038e-21
5.063303e+02;3.283684e-21
5.063803e+02;3.283330e-21
5.064303e+02;3.282976e-21
5.064803e+02;3.282623e-21
5.065303e+02;3.282269e-21
5.065803e+02;3.281915e-21
5.066303e+02;3.281562e-21
5.066803e+02;3.281208e-21
5.067303e+02;3.280855e-21
5.067803e+02;3.280502e-21
5.068303e+02;3.280148e-21
5.068803e+02;3.279795e-21
5.069303e+02;3.279442e-21
5.069803e+02;3.279089e-21
5.070303e+02;3.278736e-21
5.070803e+02;3.278383e-21
5.071303e+02;3.278030e-21
5.071803e+02;3.277678e-21
5.072303e+02;3.277325e-21
5.072803e+02;3.276972e-21
5.073303e+02;3.276620e-21
5.073803e+02;3.276267e-21
5.074303e+02;3.275915e-21
5.074803e+02;3.275563e-21
5.075303e+02;3.275210e-21
5.075803e+02;3.274858e-21
5.076303e+02;3.274506e-21
5.076803e+02;3.274154e-21
5.077303e+02;3.273802e-21
5.077803e+02;3.273450e-21
5.078303e+02;3.273098e-21
5.078803e+02;3.272746e-21
5.079303e+02;3.272395e-21
5.079803e+02;3.272043e-21
5.080303e+02;3.271691e-21
5.080803e+02;3.271340e-21
5.081303e+02;3.270989e-21
5.081803e+02;3.270637e-21
5.082303e+02;3.270286e-21
5.082803e+02;3.269935e-21
5.083303e+02;3.269583e-21
5.083803e+02;3.269232e-21
5.084303e+02;3.268881e-21
5.084803e+02;3.268530e-21
5.085303e+02;3.268179e-21
5.085803e+02;3.267829e-21
5.086303e+02;3.267478e-21
5.086803e+02;3.267127e-21
5.087303e+02;3.266777e-21
5.087804e+02;3.266426e-21
5.088304e+02;3.266076e-21
5.088804e+02;3.265725e-21
5.089304e+02;3.265375e-21
5.089804e+02;3.265025e-21
5.090304e+02;3.264674e-21
5.090804e+02;3.264324e-21
5.091304e+02;3.263974e-21
5.091804e+02;3.263624e-21
5.092304e+02;3.263274e-21
5.092804e+02;3.262924e-21
5.093304e+02;3.262575e-21
5.093804e+02;3.262225e-21
5.094304e+02;3.261875e-21
5.094804e+02;3.261526e-21
5.095304e+02;3.261176e-21
5.095804e+02;3.260827e-21
5.096304e+02;3.260477e-21
5.096804e+02;3.260128e-21
5.097304e+02;3.259779e-21
5.097804e+02;3.259430e-21
5.098304e+02;3.259081e-21
5.098804e+02;3.258731e-21
5.099304e+02;3.258383e-21
5.099804e+02;3.258034e-21
5.100304e+02;3.257685e-21
5.100804e+02;3.257336e-21
5.101304e+02;3.256987e-21
5.101804e+02;3.256639e-21
5.102304e+02;3.256290e-21
5.102804e+02;3.255942e-21
5.103304e+02;3.255593e-21
5.103804e+02;3.255245e-21
5.104304e+02;3.254897e-21
5.104804e+02;3.254548e-21
5.105304e+02;3.254200e-21
5.105804e+02;3.253852e-21
5.106304e+02;3.253504e-21
5.106804e+02;3.253156e-21
5.107304e+02;3.252808e-21
5.107804e+02;3.252461e-21
5.108304e+02;3.252113e-21
5.108804e+02;3.251765e-21
5.109304e+02;3.251417e-21
5.109804e+02;3.251070e-21
5.110304e+02;3.250722e-21
5.110804e+02;3.250375e-21
5.111304e+02;3.250028e-21
5.111804e+02;3.249680e-21
5.112304e+02;3.249333e-21
5.112805e+02;3.248986e-21
5.113305e+02;3.248639e-21
5.113805e+02;3.248292e-21
5.114305e+02;3.247945e-21
5.114805e+02;3.247598e-21
5.115305e+02;3.247252e-21
5.115805e+02;3.246905e-21
5.116305e+02;3.246558e-21
5.116805e+02;3.246212e-21
5.117305e+02;3.245865e-21
5.117805e+02;3.245519e-21
5.118305e+02;3.245172e-21
5.118805e+02;3.244826e-21
5.119305e+02;3.244480e-21
5.119805e+02;3.244133e-21
5.120305e+02;3.243787e-21
5.120805e+02;3.243441e-21
5.121305e+02;3.243095e-21
5.121805e+02;3.242749e-21
5.122305e+02;3.242404e-21
5.122805e+02;3.242058e-21
5.123305e+02;3.241712e-21
5.123805e+02;3.241366e-21
5.124305e+02;3.241021e-21
5.124805e+02;3.240675e-21
5.125305e+02;3.240330e-21
5.125805e+02;3.239985e-21
5.126305e+02;3.239639e-21
5.126805e+02;3.239294e-21
5.127305e+02;3.238949e-21
5.127805e+02;3.238604e-21
5.128305e+02;3.238259e-21
5.128805e+02;3.237914e-21
5.129305e+02;3.237569e-21
5.129805e+02;3.237224e-21
5.130305e+02;3.236879e-21
5.130805e+02;3.236535e-21
5.131305e+02;3.236190e-21
5.131805e+02;3.235845e-21
5.132305e+02;3.235501e-21
5.132805e+02;3.235156e-21
5.133305e+02;3.234812e-21
5.133805e+02;3.234468e-21
5.134305e+02;3.234123e-21
5.134805e+02;3.233779e-21
5.135305e+02;3.233435e-21
5.135805e+02;3.233091e-21
5.136305e+02;3.232747e-21
5.136805e+02;3.232403e-21
5.137305e+02;3.232060e-21
5.137806e+02;3.231716e-21
5.138306e+02;3.231372e-21
5.138806e+02;3.231028e-21
5.139306e+02;3.230685e-21
5.139806e+02;3.230341e-21
5.140306e+02;3.229998e-21
5.140806e+02;3.229655e-21
5.141306e+02;3.229311e-21
5.141806e+02;3.228968e-21
5.142306e+02;3.228625e-21
5.142806e+02;3.228282e-21
5.143306e+02;3.227939e-21
5.143806e+02;3.227596e-21
5.144306e+02;3.227253e-21
5.144806e+02;3.226910e-21
5.145306e+02;3.226567e-21
5.145806e+02;3.226225e-21
5.146306e+02;3.225882e-21
5.146806e+02;3.225539e-21
5.147306e+02;3.225197e-21
5.147806e+02;3.224854e-21
5.148306e+02;3.224512e-21
5.148806e+02;3.224170e-21
5.149306e+02;3.223828e-21
5.149806e+02;3.223485e-21
5.150306e+02;3.223143e-21
5.150806e+02;3.222801e-21
5.151306e+02;3.222459e-21
5.151806e+02;3.222117e-21
5.152306e+02;3.221776e-21
5.152806e+02;3.221434e-21
5.153306e+02;3.221092e-21
5.153806e+02;3.220750e-21
5.154306e+02;3.220409e-21
5.154806e+02;3.220067e-21
5.155306e+02;3.219726e-21
5.155806e+02;3.219385e-21
5.156306e+02;3.219043e-21
5.156806e+02;3.218702e-21
5.157306e+02;3.218361e-21
5.157806e+02;3.218020e-21
5.158306e+02;3.217679e-21
5.158806e+02;3.217338e-21
5.159306e+02;3.216997e-21
5.159806e+02;3.216656e-21
5.160306e+02;3.216315e-21
5.160806e+02;3.215975e-21
5.161306e+02;3.215634e-21
5.161806e+02;3.215293e-21
5.162306e+02;3.214953e-21
5.162807e+02;3.214612e-21
5.163307e+02;3.214272e-21
5.163807e+02;3.213932e-21
5.164307e+02;3.213591e-21
5.164807e+02;3.213251e-21
5.165307e+02;3.212911e-21
5.165807e+02;3.212571e-21
5.166307e+02;3.212231e-21
5.166807e+02;3.211891e-21
5.167307e+02;3.211551e-21
5.167807e+02;3.211212e-21
5.168307e+02;3.210872e-21
5.168807e+02;3.210532e-21
5.169307e+02;3.210193e-21
5.169807e+02;3.209853e-21
5.170307e+02;3.209514e-21
5.170807e+02;3.209174e-21
5.171307e+02;3.208835e-21
5.171807e+02;3.208496e-21
5.172307e+02;3.208156e-21
5.172807e+02;3.207817e-21
5.173307e+02;3.207478e-21
5.173807e+02;3.207139e-21
5.174307e+02;3.206800e-21
5.174807e+02;3.206461e-21
5.175307e+02;3.206123e-21
5.175807e+02;3.205784e-21
5.176307e+02;3.205445e-21
5.176807e+02;3.205107e-21
5.177307e+02;3.204768e-21
5.177807e+02;3.204430e-21
5.178307e+02;3.204091e-21
5.178807e+02;3.203753e-21
5.179307e+02;3.203414e-21
5.179807e+02;3.203076e-21
5.180307e+02;3.202738e-21
5.180807e+02;3.202400e-21
5.181307e+02;3.202062e-21
5.181807e+02;3.201724e-21
5.182307e+02;3.201386e-21
5.182807e+02;3.201048e-21
5.183307e+02;3.200711e-21
5.183807e+02;3.200373e-21
5.184307e+02;3.200035e-21
5.184807e+02;3.199698e-21
5.185307e+02;3.199360e-21
5.185807e+02;3.199023e-21
5.186307e+02;3.198685e-21
5.186807e+02;3.198348e-21
5.187307e+02;3.198011e-21
5.187808e+02;3.197674e-21
5.188308e+02;3.197336e-21
5.188808e+02;3.196999e-21
5.189308e+02;3.196662e-21
5.189808e+02;3.196326e-21
5.190308e+02;3.195989e-21
5.190808e+02;3.195652e-21
5.191308e+02;3.195315e-21
5.191808e+02;3.194979e-21
5.192308e+02;3.194642e-21
5.192808e+02;3.194305e-21
5.193308e+02;3.193969e-21
5.193808e+02;3.193633e-21
5.194308e+02;3.193296e-21
5.194808e+02;3.192960e-21
5.195308e+02;3.192624e-21
5.195808e+02;3.192288e-21
5.196308e+02;3.191952e-21
5.196808e+02;3.191616e-21
5.197308e+02;3.191280e-21
5.197808e+02;3.190944e-21
5.198308e+02;3.190608e-21
5.198808e+02;3.190272e-21
5.199308e+02;3.189936e-21
5.199808e+02;3.189601e-21
5.200308e+02;3.189265e-21
5.200808e+02;3.188930e-21
5.201308e+02;3.188594e-21
5.201808e+02;3.188259e-21
5.202308e+02;3.187924e-21
5.202808e+02;3.187588e-21
5.203308e+02;3.187253e-21
5.203808e+02;3.186918e-21
5.204308e+02;3.186583e-21
5.204808e+02;3.186248e-21
5.205308e+02;3.185913e-21
5.205808e+02;3.185578e-21
5.206308e+02;3.185244e-21
5.206808e+02;3.184909e-21
5.207308e+02;3.184574e-21
5.207808e+02;3.184240e-21
5.208308e+02;3.183905e-21
5.208808e+02;3.183571e-21
5.209308e+02;3.183236e-21
5.209808e+02;3.182902e-21
5.210308e+02;3.182568e-21
5.210808e+02;3.182233e-21
5.211308e+02;3.181899e-21
5.211808e+02;3.181565e-21
5.212308e+02;3.181231e-21
5.212809e+02;3.180897e-21
5.213309e+02;3.180563e-21
5.213809e+02;3.180229e-21
5.214309e+02;3.179896e-21
5.214809e+02;3.179562e-21
5.215309e+02;3.179228e-21
5.215809e+02;3.178895e-21
5.216309e+02;3.178561e-21
5.216809e+02;3.178228e-21
5.217309e+02;3.177894e-21
5.217809e+02;3.177561e-21
5.218309e+02;3.177228e-21
5.218809e+02;3.176895e-21
5.219309e+02;3.176562e-21
5.219809e+02;3.176228e-21
5.220309e+02;3.175895e-21
5.220809e+02;3.175563e-21
5.221309e+02;3.175230e-21
5.221809e+02;3.174897e-21
5.222309e+02;3.174564e-21
5.222809e+02;3.174231e-21
5.223309e+02;3.173899e-21
5.223809e+02;3.173566e-21
5.224309e+02;3.173234e-21
5.224809e+02;3.172901e-21
5.225309e+02;3.172569e-21
5.225809e+02;3.172237e-21
5.226309e+02;3.171904e-21
5.226809e+02;3.171572e-21
5.227309e+02;3.171240e-21
5.227809e+02;3.170908e-21
5.228309e+02;3.170576e-21
5.228809e+02;3.170244e-21
5.229309e+02;3.169912e-21
5.229809e+02;3.169581e-21
5.230309e+02;3.169249e-21
5.230809e+02;3.168917e-21
5.231309e+02;3.168586e-21
5.231809e+02;3.168254e-21
5.232309e+02;3.167923e-21
5.232809e+02;3.167591e-21
5.233309e+02;3.167260e-21
5.233809e+02;3.166929e-21
5.234309e+02;3.166597e-21
5.234809e+02;3.166266e-21
5.235309e+02;3.165935e-21
5.235809e+02;3.165604e-21
5.236309e+02;3.165273e-21
5.236809e+02;3.164942e-21
5.237309e+02;3.164611e-21
5.237810e+02;3.164281e-21
5.238310e+02;3.163950e-21
5.238810e+02;3.163619e-21
5.239310e+02;3.163289e-21
5.239810e+02;3.162958e-21
5.240310e+02;3.162628e-21
5.240810e+02;3.162297e-21
5.241310e+02;3.161967e-21
5.241810e+02;3.161637e-21
5.242310e+02;3.161306e-21
5.242810e+02;3.160976e-21
5.243310e+02;3.160646e-21
5.243810e+02;3.160316e-21
5.244310e+02;3.159986e-21
5.244810e+02;3.159656e-21
5.245310e+02;3.159327e-21
5.245810e+02;3.158997e-21
5.246310e+02;3.158667e-21
5.246810e+02;3.158337e-21
5.247310e+02;3.158008e-21
5.247810e+02;3.157678e-21
5.248310e+02;3.157349e-21
5.248810e+02;3.157019e-21
5.249310e+02;3.156690e-21
5.249810e+02;3.156361e-21
5.250310e+02;3.156032e-21
5.250810e+02;3.155703e-21
5.251310e+02;3.155373e-21
5.251810e+02;3.155044e-21
5.252310e+02;3.154715e-21
5.252810e+02;3.154387e-21
5.253310e+02;3.154058e-21
5.253810e+02;3.153729e-21
5.254310e+02;3.153400e-21
5.254810e+02;3.153072e-21
5.255310e+02;3.152743e-21
5.255810e+02;3.152415e-21
5.256310e+02;3.152086e-21
5.256810e+02;3.151758e-21
5.257310e+02;3.151429e-21
5.257810e+02;3.151101e-21
5.258310e+02;3.150773e-21
5.258810e+02;3.150445e-21
5.259310e+02;3.150117e-21
5.259810e+02;3.149789e-21
5.260310e+02;3.149461e-21
5.260810e+02;3.149133e-21
5.261310e+02;3.148805e-21
5.261810e+02;3.148477e-21
5.262310e+02;3.148149e-21
5.262811e+02;3.147822e-21
5.263311e+02;3.147494e-21
5.263811e+02;3.147167e-21
5.264311e+02;3.146839e-21
5.264811e+02;3.146512e-21
5.265311e+02;3.146185e-21
5.265811e+02;3.145857e-21
5.266311e+02;3.145530e-21
5.266811e+02;3.145203e-21
5.267311e+02;3.144876e-21
5.267811e+02;3.144549e-21
5.268311e+02;3.144222e-21
5.268811e+02;3.143895e-21
5.269311e+02;3.143568e-21
5.269811e+02;3.143241e-21
5.270311e+02;3.142915e-21
5.270811e+02;3.142588e-21
5.271311e+02;3.142261e-21
5.271811e+02;3.141935e-21
5.272311e+02;3.141608e-21
5.272811e+02;3.141282e-21
5.273311e+02;3.140956e-21
5.273811e+02;3.140629e-21
5.274311e+02;3.140303e-21
5.274811e+02;3.139977e-21
5.275311e+02;3.139651e-21
5.275811e+02;3.139325e-21
5.276311e+02;3.138999e-21
5.276811e+02;3.138673e-21
5.277311e+02;3.138347e-21
5.277811e+02;3.138021e-21
5.278311e+02;3.137696e-21
5.278811e+02;3.137370e-21
5.279311e+02;3.137044e-21
5.279811e+02;3.136719e-21
5.280311e+02;3.136393e-21
5.280811e+02;3.136068e-21
5.281311e+02;3.135743e-21
5.281811e+02;3.135417e-21
5.282311e+02;3.135092e-21
5.282811e+02;3.134767e-21
5.283311e+02;3.134442e-21
5.283811e+02;3.134117e-21
5.284311e+02;3.133792e-21
5.284811e+02;3.133467e-21
5.285311e+02;3.133142e-21
5.285811e+02;3.132817e-21
5.286311e+02;3.132492e-21
5.286811e+02;3.132168e-21
5.287311e+02;3.131843e-21
5.287812e+02;3.131518e-21
5.288312e+02;3.131194e-21
5.288812e+02;3.130870e-21
5.289312e+02;3.130545e-21
5.289812e+02;3.130221e-21
5.290312e+02;3.129897e-21
5.290812e+02;3.129572e-21
5.291312e+02;3.129248e-21
5.291812e+02;3.128924e-21
5.292312e+02;3.128600e-21
5.292812e+02;3.128276e-21
5.293312e+02;3.127952e-21
5.293812e+02;3.127629e-21
5.294312e+02;3.127305e-21
5.294812e+02;3.126981e-21
5.295312e+02;3.126657e-21
5.295812e+02;3.126334e-21
5.296312e+02;3.126010e-21
5.296812e+02;3.125687e-21
5.297312e+02;3.125364e-21
5.297812e+02;3.125040e-21
5.298312e+02;3.124717e-21
5.298812e+02;3.124394e-21
5.299312e+02;3.124071e-21
5.299812e+02;3.123747e-21
5.300312e+02;3.123424e-21
5.300812e+02;3.123101e-21
5.301312e+02;3.122779e-21
5.301812e+02;3.122456e-21
5.302312e+02;3.122133e-21
5.302812e+02;3.121810e-21
5.303312e+02;3.121488e-21
5.303812e+02;3.121165e-21
5.304312e+02;3.120842e-21
5.304812e+02;3.120520e-21
5.305312e+02;3.120197e-21
5.305812e+02;3.119875e-21
5.306312e+02;3.119553e-21
5.306812e+02;3.119231e-21
5.307312e+02;3.118908e-21
5.307812e+02;3.118586e-21
5.308312e+02;3.118264e-21
5.308812e+02;3.117942e-21
5.309312e+02;3.117620e-21
5.309812e+02;3.117298e-21
5.310312e+02;3.116977e-21
5.310812e+02;3.116655e-21
5.311312e+02;3.116333e-21
5.311812e+02;3.116011e-21
5.312312e+02;3.115690e-21
5.312813e+02;3.115368e-21
5.313313e+02;3.115047e-21
5.313813e+02;3.114726e-21
5.314313e+02;3.114404e-21
5.314813e+02;3.114083e-21
5.315313e+02;3.113762e-21
5.315813e+02;3.113441e-21
5.316313e+02;3.113120e-21
5.316813e+02;3.112798e-21
5.317313e+02;3.112478e-21
5.317813e+02;3.112157e-21
5.318313e+02;3.111836e-21
5.318813e+02;3.111515e-21
5.319313e+02;3.111194e-21
5.319813e+02;3.110874e-21
5.320313e+02;3.110553e-21
5.320813e+02;3.110232e-21
5.321313e+02;3.109912e-21
5.321813e+02;3.109591e-21
5.322313e+02;3.109271e-21
5.322813e+02;3.108951e-21
5.323313e+02;3.108631e-21
5.323813e+02;3.108310e-21
5.324313e+02;3.107990e-21
5.324813e+02;3.107670e-21
5.325313e+02;3.107350e-21
5.325813e+02;3.107030e-21
5.326313e+02;3.106710e-21
5.326813e+02;3.106391e-21
5.327313e+02;3.106071e-21
5.327813e+02;3.105751e-21
5.328313e+02;3.105431e-21
5.328813e+02;3.105112e-21
5.329313e+02;3.104792e-21
5.329813e+02;3.104473e-21
5.330313e+02;3.104153e-21
5.330813e+02;3.103834e-21
5.331313e+02;3.103515e-21
5.331813e+02;3.103196e-21
5.332313e+02;3.102876e-21
5.332813e+02;3.102557e-21
5.333313e+02;3.102238e-21
5.333813e+02;3.101919e-21
5.334313e+02;3.101600e-21
5.334813e+02;3.101281e-21
5.335313e+02;3.100963e-21
5.335813e+02;3.100644e-21
5.336313e+02;3.100325e-21
5.336813e+02;3.100007e-21
5.337313e+02;3.099688e-21
5.337814e+02;3.099369e-21
5.338314e+02;3.099051e-21
5.338814e+02;3.098733e-21
5.339314e+02;3.098414e-21
5.339814e+02;3.098096e-21
5.340314e+02;3.097778e-21
5.340814e+02;3.097460e-21
5.341314e+02;3.097142e-21
5.341814e+02;3.096824e-21
5.342314e+02;3.096506e-21
5.342814e+02;3.096188e-21
5.343314e+02;3.095870e-21
5.343814e+02;3.095552e-21
5.344314e+02;3.095234e-21
5.344814e+02;3.094917e-21
5.345314e+02;3.094599e-21
5.345814e+02;3.094281e-21
5.346314e+02;3.093964e-21
5.346814e+02;3.093646e-21
5.347314e+02;3.093329e-21
5.347814e+02;3.093012e-21
5.348314e+02;3.092694e-21
5.348814e+02;3.092377e-21
5.349314e+02;3.092060e-21
5.349814e+02;3.091743e-21
5.350314e+02;3.091426e-21
5.350814e+02;3.091109e-21
5.351314e+02;3.090792e-21
5.351814e+02;3.090475e-21
5.352314e+02;3.090159e-21
5.352814e+02;3.089842e-21
5.353314e+02;3.089525e-21
5.353814e+02;3.089209e-21
5.354314e+02;3.088892e-21
5.354814e+02;3.088575e-21
5.355314e+02;3.088259e-21
5.355814e+02;3.087943e-21
5.356314e+02;3.087626e-21
5.356814e+02;3.087310e-21
5.357314e+02;3.086994e-21
5.357814e+02;3.086678e-21
5.358314e+02;3.086362e-21
5.358814e+02;3.086046e-21
5.359314e+02;3.085730e-21
5.359814e+02;3.085414e-21
5.360314e+02;3.085098e-21
5.360814e+02;3.084782e-21
5.361314e+02;3.084466e-21
5.361814e+02;3.084151e-21
5.362314e+02;3.083835e-21
5.362815e+02;3.083520e-21
5.363315e+02;3.083204e-21
5.363815e+02;3.082889e-21
5.364315e+02;3.082573e-21
5.364815e+02;3.082258e-21
5.365315e+02;3.081943e-21
5.365815e+02;3.081628e-21
5.366315e+02;3.081312e-21
5.366815e+02;3.080997e-21
5.367315e+02;3.080682e-21
5.367815e+02;3.080367e-21
5.368315e+02;3.080052e-21
5.368815e+02;3.079738e-21
5.369315e+02;3.079423e-21
5.369815e+02;3.079108e-21
5.370315e+02;3.078793e-21
5.370815e+02;3.078479e-21
5.371315e+02;3.078164e-21
5.371815e+02;3.077850e-21
5.372315e+02;3.077535e-21
5.372815e+02;3.077221e-21
5.373315e+02;3.076907e-21
5.373815e+02;3.076592e-21
5.374315e+02;3.076278e-21
5.374815e+02;3.075964e-21
5.375315e+02;3.075650e-21
5.375815e+02;3.075336e-21
5.376315e+02;3.075022e-21
5.376815e+02;3.074708e-21
5.377315e+02;3.074394e-21
5.377815e+02;3.074080e-21
5.378315e+02;3.073767e-21
5.378815e+02;3.073453e-21
5.379315e+02;3.073139e-21
5.379815e+02;3.072826e-21
5.380315e+02;3.072512e-21
5.380815e+02;3.072199e-21
5.381315e+02;3.071885e-21
5.381815e+02;3.071572e-21
5.382315e+02;3.071259e-21
5.382815e+02;3.070946e-21
5.383315e+02;3.070632e-21
5.383815e+02;3.070319e-21
5.384315e+02;3.070006e-21
5.384815e+02;3.069693e-21
5.385315e+02;3.069380e-21
5.385815e+02;3.069068e-21
5.386315e+02;3.068755e-21
5.386815e+02;3.068442e-21
5.387315e+02;3.068129e-21
5.387816e+02;3.067817e-21
5.388316e+02;3.067504e-21
5.388816e+02;3.067192e-21
5.389316e+02;3.066879e-21
5.389816e+02;3.066567e-21
5.390316e+02;3.066254e-21
5.390816e+02;3.065942e-21
5.391316e+02;3.065630e-21
5.391816e+02;3.065318e-21
5.392316e+02;3.065006e-21
5.392816e+02;3.064694e-21
5.393316e+02;3.064382e-21
5.393816e+02;3.064070e-21
5.394316e+02;3.063758e-21
5.394816e+02;3.063446e-21
5.395316e+02;3.063134e-21
5.395816e+02;3.062822e-21
5.396316e+02;3.062511e-21
5.396816e+02;3.062199e-21
5.397316e+02;3.061888e-21
5.397816e+02;3.061576e-21
5.398316e+02;3.061265e-21
5.398816e+02;3.060953e-21
5.399316e+02;3.060642e-21
5.399816e+02;3.060331e-21
5.400316e+02;3.060020e-21
5.400816e+02;3.059709e-21
5.401316e+02;3.059397e-21
5.401816e+02;3.059086e-21
5.402316e+02;3.058776e-21
5.402816e+02;3.058465e-21
5.403316e+02;3.058154e-21
5.403816e+02;3.057843e-21
5.404316e+02;3.057532e-21
5.404816e+02;3.057222e-21
5.405316e+02;3.056911e-21
5.405816e+02;3.056600e-21
5.406316e+02;3.056290e-21
5.406816e+02;3.055979e-21
5.407316e+02;3.055669e-21
5.407816e+02;3.055359e-21
5.408316e+02;3.055049e-21
5.408816e+02;3.054738e-21
5.409316e+02;3.054428e-21
5.409816e+02;3.054118e-21
5.410316e+02;3.053808e-21
5.410816e+02;3.053498e-21
5.411316e+02;3.053188e-21
5.411816e+02;3.052878e-21
5.412316e+02;3.052568e-21
5.412817e+02;3.052259e-21
5.413317e+02;3.051949e-21
5.413817e+02;3.051639e-21
5.414317e+02;3.051330e-21
5.414817e+02;3.051020e-21
5.415317e+02;3.050711e-21
5.415817e+02;3.050401e-21
5.416317e+02;3.050092e-21
5.416817e+02;3.049783e-21
5.417317e+02;3.049473e-21
5.417817e+02;3.049164e-21
5.418317e+02;3.048855e-21
5.418817e+02;3.048546e-21
5.419317e+02;3.048237e-21
5.419817e+02;3.047928e-21
5.420317e+02;3.047619e-21
5.420817e+02;3.047310e-21
5.421317e+02;3.047002e-21
5.421817e+02;3.046693e-21
5.422317e+02;3.046384e-21
5.422817e+02;3.046076e-21
5.423317e+02;3.045767e-21
5.423817e+02;3.045459e-21
5.424317e+02;3.045150e-21
5.424817e+02;3.044842e-21
5.425317e+02;3.044533e-21
5.425817e+02;3.044225e-21
5.426317e+02;3.043917e-21
5.426817e+02;3.043609e-21
5.427317e+02;3.043301e-21
5.427817e+02;3.042993e-21
5.428317e+02;3.042685e-21
5.428817e+02;3.042377e-21
5.429317e+02;3.042069e-21
5.429817e+02;3.041761e-21
5.430317e+02;3.041453e-21
5.430817e+02;3.041146e-21
5.431317e+02;3.040838e-21
5.431817e+02;3.040530e-21
5.432317e+02;3.040223e-21
5.432817e+02;3.039915e-21
5.433317e+02;3.039608e-21
5.433817e+02;3.039301e-21
5.434317e+02;3.038993e-21
5.434817e+02;3.038686e-21
5.435317e+02;3.038379e-21
5.435817e+02;3.038072e-21
5.436317e+02;3.037765e-21
5.436817e+02;3.037458e-21
5.437317e+02;3.037151e-21
5.437818e+02;3.036844e-21
5.438318e+02;3.036537e-21
5.438818e+02;3.036230e-21
5.439318e+02;3.035923e-21
5.439818e+02;3.035617e-21
5.440318e+02;3.035310e-21
5.440818e+02;3.035003e-21
5.441318e+02;3.034697e-21
5.441818e+02;3.034390e-21
5.442318e+02;3.034084e-21
5.442818e+02;3.033778e-21
5.443318e+02;3.033471e-21
5.443818e+02;3.033165e-21
5.444318e+02;3.032859e-21
5.444818e+02;3.032553e-21
5.445318e+02;3.032247e-21
5.445818e+02;3.031941e-21
5.446318e+02;3.031635e-21
5.446818e+02;3.031329e-21
5.447318e+02;3.031023e-21
5.447818e+02;3.030717e-21
5.448318e+02;3.030411e-21
5.448818e+02;3.030106e-21
5.449318e+02;3.029800e-21
5.449818e+02;3.029495e-21
5.450318e+02;3.029189e-21
5.450818e+02;3.028884e-21
5.451318e+02;3.028578e-21
5.451818e+02;3.028273e-21
5.452318e+02;3.027968e-21
5.452818e+02;3.027662e-21
5.453318e+02;3.027357e-21
5.453818e+02;3.027052e-21
5.454318e+02;3.026747e-21
5.454818e+02;3.026442e-21
5.455318e+02;3.026137e-21
5.455818e+02;3.025832e-21
5.456318e+02;3.025527e-21
5.456818e+02;3.025223e-21
5.457318e+02;3.024918e-21
5.457818e+02;3.024613e-21
5.458318e+02;3.024309e-21
5.458818e+02;3.024004e-21
5.459318e+02;3.023700e-21
5.459818e+02;3.023395e-21
5.460318e+02;3.023091e-21
5.460818e+02;3.022786e-21
5.461318e+02;3.022482e-21
5.461818e+02;3.022178e-21
5.462318e+02;3.021874e-21
5.462819e+02;3.021570e-21
5.463319e+02;3.021266e-21
5.463819e+02;3.020962e-21
5.464319e+02;3.020658e-21
5.464819e+02;3.020354e-21
5.465319e+02;3.020050e-21
5.465819e+02;3.019746e-21
5.466319e+02;3.019442e-21
5.466819e+02;3.019139e-21
5.467319e+02;3.018835e-21
5.467819e+02;3.018532e-21
5.468319e+02;3.018228e-21
5.468819e+02;3.017925e-21
5.469319e+02;3.017621e-21
5.469819e+02;3.017318e-21
5.470319e+02;3.017015e-21
5.470819e+02;3.016711e-21
5.471319e+02;3.016408e-21
5.471819e+02;3.016105e-21
5.472319e+02;3.015802e-21
5.472819e+02;3.015499e-21
5.473319e+02;3.015196e-21
5.473819e+02;3.014893e-21
5.474319e+02;3.014590e-21
5.474819e+02;3.014288e-21
5.475319e+02;3.013985e-21
5.475819e+02;3.013682e-21
5.476319e+02;3.013380e-21
5.476819e+02;3.013077e-21
5.477319e+02;3.012774e-21
5.477819e+02;3.012472e-21
5.478319e+02;3.012170e-21
5.478819e+02;3.011867e-21
5.479319e+02;3.011565e-21
5.479819e+02;3.011263e-21
5.480319e+02;3.010961e-21
5.480819e+02;3.010658e-21
5.481319e+02;3.010356e-21
5.481819e+02;3.010054e-21
5.482319e+02;3.009752e-21
5.482819e+02;3.009451e-21
5.483319e+02;3.009149e-21
5.483819e+02;3.008847e-21
5.484319e+02;3.008545e-21
5.484819e+02;3.008244e-21
5.485319e+02;3.007942e-21
5.485819e+02;3.007640e-21
5.486319e+02;3.007339e-21
5.486819e+02;3.007037e-21
5.487319e+02;3.006736e-21
5.487820e+02;3.006435e-21
5.488320e+02;3.006133e-21
5.488820e+02;3.005832e-21
5.489320e+02;3.005531e-21
5.489820e+02;3.005230e-21
5.490320e+02;3.004929e-21
5.490820e+02;3.004628e-21
5.491320e+02;3.004327e-21
5.491820e+02;3.004026e-21
5.492320e+02;3.003725e-21
5.492820e+02;3.003424e-21
5.493320e+02;3.003123e-21
5.493820e+02;3.002823e-21
5.494320e+02;3.002522e-21
5.494820e+02;3.002221e-21
5.495320e+02;3.001921e-21
5.495820e+02;3.001620e-21
5.496320e+02;3.001320e-21
5.496820e+02;3.001020e-21
5.497320e+02;3.000719e-21
5.497820e+02;3.000419e-21
5.498320e+02;3.000119e-21
5.498820e+02;2.999819e-21
5.499320e+02;2.999519e-21
5.499820e+02;2.999219e-21
5.500320e+02;2.998919e-21
5.500820e+02;2.998619e-21
5.501320e+02;2.998319e-21
5.501820e+02;2.998019e-21
5.502320e+02;2.997719e-21
5.502820e+02;2.997420e-21
5.503320e+02;2.997120e-21
5.503820e+02;2.996820e-21
5.504320e+02;2.996521e-21
5.504820e+02;2.996221e-21
5.505320e+02;2.995922e-21
5.505820e+02;2.995622e-21
5.506320e+02;2.995323e-21
5.506820e+02;2.995024e-21
5.507320e+02;2.994725e-21
5.507820e+02;2.994425e-21
5.508320e+02;2.994126e-21
5.508820e+02;2.993827e-21
5.509320e+02;2.993528e-21
5.509820e+02;2.993229e-21
5.510320e+02;2.992930e-21
5.510820e+02;2.992632e-21
5.511320e+02;2.992333e-21
5.511820e+02;2.992034e-21
5.512320e+02;2.991735e-21
5.512821e+02;2.991437e-21
5.513321e+02;2.991138e-21
5.513821e+02;2.990840e-21
5.514321e+02;2.990541e-21
5.514821e+02;2.990243e-21
5.515321e+02;2.989945e-21
5.515821e+02;2.989646e-21
5.516321e+02;2.989348e-21
5.516821e+02;2.989050e-21
5.517321e+02;2.988752e-21
5.517821e+02;2.988454e-21
5.518321e+02;2.988156e-21
5.518821e+02;2.987858e-21
5.519321e+02;2.987560e-21
5.519821e+02;2.987262e-21
5.520321e+02;2.986964e-21
5.520821e+02;2.986666e-21
5.521321e+02;2.986369e-21
5.521821e+02;2.986071e-21
5.522321e+02;2.985773e-21
5.522821e+02;2.985476e-21
5.523321e+02;2.985178e-21
5.523821e+02;2.984881e-21
5.524321e+02;2.984583e-21
5.524821e+02;2.984286e-21
5.525321e+02;2.983989e-21
5.525821e+02;2.983692e-21
5.526321e+02;2.983394e-21
5.526821e+02;2.983097e-21
5.527321e+02;2.982800e-21
5.527821e+02;2.982503e-21
5.528321e+02;2.982206e-21
5.528821e+02;2.981909e-21
5.529321e+02;2.981613e-21
5.529821e+02;2.981316e-21
5.530321e+02;2.981019e-21
5.530821e+02;2.980722e-21
5.531321e+02;2.980426e-21
5.531821e+02;2.980129e-21
5.532321e+02;2.979833e-21
5.532821e+02;2.979536e-21
5.533321e+02;2.979240e-21
5.533821e+02;2.978943e-21
5.534321e+02;2.978647e-21
5.534821e+02;2.978351e-21
5.535321e+02;2.978055e-21
5.535821e+02;2.977758e-21
5.536321e+02;2.977462e-21
5.536821e+02;2.977166e-21
5.537321e+02;2.976870e-21
5.537822e+02;2.976574e-21
5.538322e+02;2.976279e-21
5.538822e+02;2.975983e-21
5.539322e+02;2.975687e-21
5.539822e+02;2.975391e-21
5.540322e+02;2.975096e-21
5.540822e+02;2.974800e-21
5.541322e+02;2.974504e-21
5.541822e+02;2.974209e-21
5.542322e+02;2.973913e-21
5.542822e+02;2.973618e-21
5.543322e+02;2.973323e-21
5.543822e+02;2.973027e-21
5.544322e+02;2.972732e-21
5.544822e+02;2.972437e-21
5.545322e+02;2.972142e-21
5.545822e+02;2.971847e-21
5.546322e+02;2.971552e-21
5.546822e+02;2.971257e-21
5.547322e+02;2.970962e-21
5.547822e+02;2.970667e-21
5.548322e+02;2.970372e-21
5.548822e+02;2.970077e-21
5.549322e+02;2.969783e-21
5.549822e+02;2.969488e-21
5.550322e+02;2.969193e-21
5.550822e+02;2.968899e-21
5.551322e+02;2.968604e-21
5.551822e+02;2.968310e-21
5.552322e+02;2.968015e-21
5.552822e+02;2.967721e-21
5.553322e+02;2.967427e-21
5.553822e+02;2.967133e-21
5.554322e+02;2.966838e-21
5.554822e+02;2.966544e-21
5.555322e+02;2.966250e-21
5.555822e+02;2.965956e-21
5.556322e+02;2.965662e-21
5.556822e+02;2.965368e-21
5.557322e+02;2.965074e-21
5.557822e+02;2.964781e-21
5.558322e+02;2.964487e-21
5.558822e+02;2.964193e-21
5.559322e+02;2.963900e-21
5.559822e+02;2.963606e-21
5.560322e+02;2.963312e-21
5.560822e+02;2.963019e-21
5.561322e+02;2.962725e-21
5.561822e+02;2.962432e-21
5.562322e+02;2.962139e-21
5.562823e+02;2.961845e-21
5.563323e+02;2.961552e-21
5.563823e+02;2.961259e-21
5.564323e+02;2.960966e-21
5.564823e+02;2.960673e-21
5.565323e+02;2.960380e-21
5.565823e+02;2.960087e-21
5.566323e+02;2.959794e-21
5.566823e+02;2.959501e-21
5.567323e+02;2.959208e-21
5.567823e+02;2.958916e-21
5.568323e+02;2.958623e-21
5.568823e+02;2.958330e-21
5.569323e+02;2.958038e-21
5.569823e+02;2.957745e-21
5.570323e+02;2.957453e-21
5.570823e+02;2.957160e-21
5.571323e+02;2.956868e-21
5.571823e+02;2.956575e-21
5.572323e+02;2.956283e-21
5.572823e+02;2.955991e-21
5.573323e+02;2.955699e-21
5.573823e+02;2.955407e-21
5.574323e+02;2.955115e-21
5.574823e+02;2.954822e-21
5.575323e+02;2.954531e-21
5.575823e+02;2.954239e-21
5.576323e+02;2.953947e-21
5.576823e+02;2.953655e-21
5.577323e+02;2.953363e-21
5.577823e+02;2.953071e-21
5.578323e+02;2.952780e-21
5.578823e+02;2.952488e-21
5.579323e+02;2.952197e-21
5.579823e+02;2.951905e-21
5.580323e+02;2.951614e-21
5.580823e+02;2.951322e-21
5.581323e+02;2.951031e-21
5.581823e+02;2.950740e-21
5.582323e+02;2.950448e-21
5.582823e+02;2.950157e-21
5.583323e+02;2.949866e-21
5.583823e+02;2.949575e-21
5.584323e+02;2.949284e-21
5.584823e+02;2.948993e-21
5.585323e+02;2.948702e-21
5.585823e+02;2.948411e-21
5.586323e+02;2.948120e-21
5.586823e+02;2.947830e-21
5.587323e+02;2.947539e-21
5.587824e+02;2.947248e-21
5.588324e+02;2.946958e-21
5.588824e+02;2.946667e-21
5.589324e+02;2.946377e-21
5.589824e+02;2.946086e-21
5.590324e+02;2.945796e-21
5.590824e+02;2.945505e-21
5.591324e+02;2.945215e-21
5.591824e+02;2.944925e-21
5.592324e+02;2.944635e-21
5.592824e+02;2.944344e-21
5.593324e+02;2.944054e-21
5.593824e+02;2.943764e-21
5.594324e+02;2.943474e-21
5.594824e+02;2.943184e-21
5.595324e+02;2.942895e-21
5.595824e+02;2.942605e-21
5.596324e+02;2.942315e-21
5.596824e+02;2.942025e-21
5.597324e+02;2.941736e-21
5.597824e+02;2.941446e-21
5.598324e+02;2.941156e-21
5.598824e+02;2.940867e-21
5.599324e+02;2.940577e-21
5.599824e+02;2.940288e-21
5.600324e+02;2.939999e-21
5.600824e+02;2.939709e-21
5.601324e+02;2.939420e-21
5.601824e+02;2.939131e-21
5.602324e+02;2.938842e-21
5.602824e+02;2.938552e-21
5.603324e+02;2.938263e-21
5.603824e+02;2.937974e-21
5.604324e+02;2.937685e-21
5.604824e+02;2.937397e-21
5.605324e+02;2.937108e-21
5.605824e+02;2.936819e-21
5.606324e+02;2.936530e-21
5.606824e+02;2.936241e-21
5.607324e+02;2.935953e-21
5.607824e+02;2.935664e-21
5.608324e+02;2.935376e-21
5.608824e+02;2.935087e-21
5.609324e+02;2.934799e-21
5.609824e+02;2.934510e-21
5.610324e+02;2.934222e-21
5.610824e+02;2.933934e-21
5.611324e+02;2.933645e-21
5.611824e+02;2.933357e-21
5.612324e+02;2.933069e-21
5.612825e+02;2.932781e-21
5.613325e+02;2.932493e-21
5.613825e+02;2.932205e-21
5.614325e+02;2.931917e-21
5.614825e+02;2.931629e-21
5.615325e+02;2.931341e-21
5.615825e+02;2.931054e-21
5.616325e+02;2.930766e-21
5.616825e+02;2.930478e-21
5.617325e+02;2.930191e-21
5.617825e+02;2.929903e-21
5.618325e+02;2.929616e-21
5.618825e+02;2.929328e-21
5.619325e+02;2.929041e-21
5.619825e+02;2.928753e-21
5.620325e+02;2.928466e-21
5.620825e+02;2.928179e-21
5.621325e+02;2.927892e-21
5.621825e+02;2.927604e-21
5.622325e+02;2.927317e-21
5.622825e+02;2.927030e-21
5.623325e+02;2.926743e-21
5.623825e+02;2.926456e-21
5.624325e+02;2.926169e-21
5.624825e+02;2.925882e-21
5.625325e+02;2.925596e-21
5.625825e+02;2.925309e-21
5.626325e+02;2.925022e-21
5.626825e+02;2.924736e-21
5.627325e+02;2.924449e-21
5.627825e+02;2.924162e-21
5.628325e+02;2.923876e-21
5.628825e+02;2.923589e-21
5.629325e+02;2.923303e-21
5.629825e+02;2.923017e-21
5.630325e+02;2.922730e-21
5.630825e+02;2.922444e-21
5.631325e+02;2.922158e-21
5.631825e+02;2.921872e-21
5.632325e+02;2.921586e-21
5.632825e+02;2.921300e-21
5.633325e+02;2.921014e-21
5.633825e+02;2.920728e-21
5.634325e+02;2.920442e-21
5.634825e+02;2.920156e-21
5.635325e+02;2.919870e-21
5.635825e+02;2.919585e-21
5.636325e+02;2.919299e-21
5.636825e+02;2.919013e-21
5.637325e+02;2.918728e-21
5.637826e+02;2.918442e-21
5.638326e+02;2.918157e-21
5.638826e+02;2.917871e-21
5.639326e+02;2.917586e-21
5.639826e+02;2.917301e-21
5.640326e+02;2.917015e-21
5.640826e+02;2.916730e-21
5.641326e+02;2.916445e-21
5.641826e+02;2.916160e-21
5.642326e+02;2.915875e-21
5.642826e+02;2.915590e-21
5.643326e+02;2.915305e-21
5.643826e+02;2.915020e-21
5.644326e+02;2.914735e-21
5.644826e+02;2.914450e-21
5.645326e+02;2.914165e-21
5.645826e+02;2.913880e-21
5.646326e+02;2.913596e-21
5.646826e+02;2.913311e-21
5.647326e+02;2.913027e-21
5.647826e+02;2.912742e-21
5.648326e+02;2.912458e-21
5.648826e+02;2.912173e-21
5.649326e+02;2.911889e-21
5.649826e+02;2.911604e-21
5.650326e+02;2.911320e-21
5.650826e+02;2.911036e-21
5.651326e+02;2.910752e-21
5.651826e+02;2.910468e-21
5.652326e+02;2.910184e-21
5.652826e+02;2.909900e-21
5.653326e+02;2.909616e-21
5.653826e+02;2.909332e-21
5.654326e+02;2.909048e-21
5.654826e+02;2.908764e-21
5.655326e+02;2.908480e-21
5.655826e+02;2.908197e-21
5.656326e+02;2.907913e-21
5.656826e+02;2.907629e-21
5.657326e+02;2.907346e-21
5.657826e+02;2.907062e-21
5.658326e+02;2.906779e-21
5.658826e+02;2.906495e-21
5.659326e+02;2.906212e-21
5.659826e+02;2.905929e-21
5.660326e+02;2.905645e-21
5.660826e+02;2.905362e-21
5.661326e+02;2.905079e-21
5.661826e+02;2.904796e-21
5.662326e+02;2.904513e-21
5.662827e+02;2.904230e-21
5.663327e+02;2.903947e-21
5.663827e+02;2.903664e-21
5.664327e+02;2.903381e-21
5.664827e+02;2.903098e-21
5.665327e+02;2.902815e-21
5.665827e+02;2.902533e-21
5.666327e+02;2.902250e-21
5.666827e+02;2.901967e-21
5.667327e+02;2.901685e-21
5.667827e+02;2.901402e-21
5.668327e+02;2.901120e-21
5.668827e+02;2.900837e-21
5.669327e+02;2.900555e-21
5.669827e+02;2.900273e-21
5.670327e+02;2.899990e-21
5.670827e+02;2.899708e-21
5.671327e+02;2.899426e-21
5.671827e+02;2.899144e-21
5.672327e+02;2.898862e-21
5.672827e+02;2.898580e-21
5.673327e+02;2.898298e-21
5.673827e+02;2.898016e-21
5.674327e+02;2.897734e-21
5.674827e+02;2.897452e-21
5.675327e+02;2.897171e-21
5.675827e+02;2.896889e-21
5.676327e+02;2.896607e-21
5.676827e+02;2.896325e-21
5.677327e+02;2.896044e-21
5.677827e+02;2.895762e-21
5.678327e+02;2.895481e-21
5.678827e+02;2.895199e-21
5.679327e+02;2.894918e-21
5.679827e+02;2.894637e-21
5.680327e+02;2.894356e-21
5.680827e+02;2.894074e-21
5.681327e+02;2.893793e-21
5.681827e+02;2.893512e-21
5.682327e+02;2.893231e-21
5.682827e+02;2.892950e-21
5.683327e+02;2.892669e-21
5.683827e+02;2.892388e-21
5.684327e+02;2.892107e-21
5.684827e+02;2.891826e-21
5.685327e+02;2.891545e-21
5.685827e+02;2.891265e-21
5.686327e+02;2.890984e-21
5.686827e+02;2.890703e-21
5.687327e+02;2.890423e-21
5.687828e+02;2.890142e-21
5.688328e+02;2.889862e-21
5.688828e+02;2.889581e-21
5.689328e+02;2.889301e-21
5.689828e+02;2.889021e-21
5.690328e+02;2.888740e-21
5.690828e+02;2.888460e-21
5.691328e+02;2.888180e-21
5.691828e+02;2.887900e-21
5.692328e+02;2.887620e-21
5.692828e+02;2.887340e-21
5.693328e+02;2.887060e-21
5.693828e+02;2.886780e-21
5.694328e+02;2.886500e-21
5.694828e+02;2.886220e-21
5.695328e+02;2.885940e-21
5.695828e+02;2.885660e-21
5.696328e+02;2.885381e-21
5.696828e+02;2.885101e-21
5.697328e+02;2.884821e-21
5.697828e+02;2.884542e-21
5.698328e+02;2.884262e-21
5.698828e+02;2.883983e-21
5.699328e+02;2.883704e-21
5.699828e+02;2.883424e-21
5.700328e+02;2.883145e-21
5.700828e+02;2.882866e-21
5.701328e+02;2.882586e-21
5.701828e+02;2.882307e-21
5.702328e+02;2.882028e-21
5.702828e+02;2.881749e-21
5.703328e+02;2.881470e-21
5.703828e+02;2.881191e-21
5.704328e+02;2.880912e-21
5.704828e+02;2.880633e-21
5.705328e+02;2.880354e-21
5.705828e+02;2.880076e-21
5.706328e+02;2.879797e-21
5.706828e+02;2.879518e-21
5.707328e+02;2.879240e-21
5.707828e+02;2.878961e-21
5.708328e+02;2.878683e-21
5.708828e+02;2.878404e-21
5.709328e+02;2.878126e-21
5.709828e+02;2.877847e-21
5.710328e+02;2.877569e-21
5.710828e+02;2.877291e-21
5.711328e+02;2.877012e-21
5.711828e+02;2.876734e-21
5.712328e+02;2.876456e-21
5.712829e+02;2.876178e-21
5.713329e+02;2.875900e-21
5.713829e+02;2.875622e-21
5.714329e+02;2.875344e-21
5.714829e+02;2.875066e-21
5.715329e+02;2.874788e-21
5.715829e+02;2.874511e-21
5.716329e+02;2.874233e-21
5.716829e+02;2.873955e-21
5.717329e+02;2.873677e-21
5.717829e+02;2.873400e-21
5.718329e+02;2.873122e-21
5.718829e+02;2.872845e-21
5.719329e+02;2.872567e-21
5.719829e+02;2.872290e-21
5.720329e+02;2.872013e-21
5.720829e+02;2.871735e-21
5.721329e+02;2.871458e-21
5.721829e+02;2.871181e-21
5.722329e+02;2.870904e-21
5.722829e+02;2.870627e-21
5.723329e+02;2.870349e-21
5.723829e+02;2.870072e-21
5.724329e+02;2.869796e-21
5.724829e+02;2.869519e-21
5.725329e+02;2.869242e-21
5.725829e+02;2.868965e-21
5.726329e+02;2.868688e-21
5.726829e+02;2.868411e-21
5.727329e+02;2.868135e-21
5.727829e+02;2.867858e-21
5.728329e+02;2.867581e-21
5.728829e+02;2.867305e-21
5.729329e+02;2.867028e-21
5.729829e+02;2.866752e-21
5.730329e+02;2.866476e-21
5.730829e+02;2.866199e-21
5.731329e+02;2.865923e-21
5.731829e+02;2.865647e-21
5.732329e+02;2.865371e-21
5.732829e+02;2.865094e-21
5.733329e+02;2.864818e-21
5.733829e+02;2.864542e-21
5.734329e+02;2.864266e-21
5.734829e+02;2.863990e-21
5.735329e+02;2.863714e-21
5.735829e+02;2.863439e-21
5.736329e+02;2.863163e-21
5.736829e+02;2.862887e-21
5.737329e+02;2.862611e-21
5.737830e+02;2.862336e-21
5.738330e+02;2.862060e-21
5.738830e+02;2.861784e-21
5.739330e+02;2.861509e-21
5.739830e+02;2.861233e-21
5.740330e+02;2.860958e-21
5.740830e+02;2.860683e-21
5.741330e+02;2.860407e-21
5.741830e+02;2.860132e-21
5.742330e+02;2.859857e-21
5.742830e+02;2.859582e-21
5.743330e+02;2.859306e-21
5.743830e+02;2.859031e-21
5.744330e+02;2.858756e-21
5.744830e+02;2.858481e-21
5.745330e+02;2.858206e-21
5.745830e+02;2.857931e-21
5.746330e+02;2.857657e-21
5.746830e+02;2.857382e-21
5.747330e+02;2.857107e-21
5.747830e+02;2.856832e-21
5.748330e+02;2.856558e-21
5.748830e+02;2.856283e-21
5.749330e+02;2.856008e-21
5.749830e+02;2.855734e-21
5.750330e+02;2.855459e-21
5.750830e+02;2.855185e-21
5.751330e+02;2.854911e-21
5.751830e+02;2.854636e-21
5.752330e+02;2.854362e-21
5.752830e+02;2.854088e-21
5.753330e+02;2.853814e-21
5.753830e+02;2.853539e-21
5.754330e+02;2.853265e-21
5.754830e+02;2.852991e-21
5.755330e+02;2.852717e-21
5.755830e+02;2.852443e-21
5.756330e+02;2.852169e-21
5.756830e+02;2.851896e-21
5.757330e+02;2.851622e-21
5.757830e+02;2.851348e-21
5.758330e+02;2.851074e-21
5.758830e+02;2.850801e-21
5.759330e+02;2.850527e-21
5.759830e+02;2.850254e-21
5.760330e+02;2.849980e-21
5.760830e+02;2.849707e-21
5.761330e+02;2.849433e-21
5.761830e+02;2.849160e-21
5.762330e+02;2.848886e-21
5.762831e+02;2.848613e-21
5.763331e+02;2.848340e-21
5.763831e+02;2.848067e-21
5.764331e+02;2.847794e-21
5.764831e+02;2.847520e-21
5.765331e+02;2.847247e-21
5.765831e+02;2.846974e-21
5.766331e+02;2.846701e-21
5.766831e+02;2.846429e-21
5.767331e+02;2.846156e-21
5.767831e+02;2.845883e-21
5.768331e+02;2.845610e-21
5.768831e+02;2.845337e-21
5.769331e+02;2.845065e-21
5.769831e+02;2.844792e-21
5.770331e+02;2.844520e-21
5.770831e+02;2.844247e-21
5.771331e+02;2.843975e-21
5.771831e+02;2.843702e-21
5.772331e+02;2.843430e-21
5.772831e+02;2.843157e-21
5.773331e+02;2.842885e-21
5.773831e+02;2.842613e-21
5.774331e+02;2.842341e-21
5.774831e+02;2.842069e-21
5.775331e+02;2.841796e-21
5.775831e+02;2.841524e-21
5.776331e+02;2.841252e-21
5.776831e+02;2.840980e-21
5.777331e+02;2.840708e-21
5.777831e+02;2.840437e-21
5.778331e+02;2.840165e-21
5.778831e+02;2.839893e-21
5.779331e+02;2.839621e-21
5.779831e+02;2.839350e-21
5.780331e+02;2.839078e-21
5.780831e+02;2.838806e-21
5.781331e+02;2.838535e-21
5.781831e+02;2.838263e-21
5.782331e+02;2.837992e-21
5.782831e+02;2.837721e-21
5.783331e+02;2.837449e-21
5.783831e+02;2.837178e-21
5.784331e+02;2.836907e-21
5.784831e+02;2.836635e-21
5.785331e+02;2.836364e-21
5.785831e+02;2.836093e-21
5.786331e+02;2.835822e-21
5.786831e+02;2.835551e-21
5.787331e+02;2.835280e-21
5.787832e+02;2.835009e-21
5.788332e+02;2.834738e-21
5.788832e+02;2.834467e-21
5.789332e+02;2.834197e-21
5.789832e+02;2.833926e-21
5.790332e+02;2.833655e-21
5.790832e+02;2.833385e-21
5.791332e+02;2.833114e-21
5.791832e+02;2.832843e-21
5.792332e+02;2.832573e-21
5.792832e+02;2.832303e-21
5.793332e+02;2.832032e-21
5.793832e+02;2.831762e-21
5.794332e+02;2.831491e-21
5.794832e+02;2.831221e-21
5.795332e+02;2.830951e-21
5.795832e+02;2.830681e-21
5.796332e+02;2.830411e-21
5.796832e+02;2.830141e-21
5.797332e+02;2.829870e-21
5.797832e+02;2.829600e-21
5.798332e+02;2.829331e-21
5.798832e+02;2.829061e-21
5.799332e+02;2.828791e-21
5.799832e+02;2.828521e-21
5.800332e+02;2.828251e-21
5.800832e+02;2.827982e-21
5.801332e+02;2.827712e-21
5.801832e+02;2.827442e-21
5.802332e+02;2.827173e-21
5.802832e+02;2.826903e-21
5.803332e+02;2.826634e-21
5.803832e+02;2.826364e-21
5.804332e+02;2.826095e-21
5.804832e+02;2.825825e-21
5.805332e+02;2.825556e-21
5.805832e+02;2.825287e-21
5.806332e+02;2.825018e-21
5.806832e+02;2.824749e-21
5.807332e+02;2.824479e-21
5.807832e+02;2.824210e-21
5.808332e+02;2.823941e-21
5.808832e+02;2.823672e-21
5.809332e+02;2.823403e-21
5.809832e+02;2.823135e-21
5.810332e+02;2.822866e-21
5.810832e+02;2.822597e-21
5.811332e+02;2.822328e-21
5.811832e+02;2.822060e-21
5.812332e+02;2.821791e-21
5.812833e+02;2.821522e-21
5.813333e+02;2.821254e-21
5.813833e+02;2.820985e-21
5.814333e+02;2.820717e-21
5.814833e+02;2.820448e-21
5.815333e+02;2.820180e-21
5.815833e+02;2.819912e-21
5.816333e+02;2.819643e-21
5.816833e+02;2.819375e-21
5.817333e+02;2.819107e-21
5.817833e+02;2.818839e-21
5.818333e+02;2.818571e-21
5.818833e+02;2.818303e-21
5.819333e+02;2.818035e-21
5.819833e+02;2.817767e-21
5.820333e+02;2.817499e-21
5.820833e+02;2.817231e-21
5.821333e+02;2.816963e-21
5.821833e+02;2.816695e-21
5.822333e+02;2.816428e-21
5.822833e+02;2.816160e-21
5.823333e+02;2.815892e-21
5.823833e+02;2.815625e-21
5.824333e+02;2.815357e-21
5.824833e+02;2.815090e-21
5.825333e+02;2.814822e-21
5.825833e+02;2.814555e-21
5.826333e+02;2.814288e-21
5.826833e+02;2.814020e-21
5.827333e+02;2.813753e-21
5.827833e+02;2.813486e-21
5.828333e+02;2.813219e-21
5.828833e+02;2.812951e-21
5.829333e+02;2.812684e-21
5.829833e+02;2.812417e-21
5.830333e+02;2.812150e-21
5.830833e+02;2.811883e-21
5.831333e+02;2.811616e-21
5.831833e+02;2.811350e-21
5.832333e+02;2.811083e-21
5.832833e+02;2.810816e-21
5.833333e+02;2.810549e-21
5.833833e+02;2.810283e-21
5.834333e+02;2.810016e-21
5.834833e+02;2.809749e-21
5.835333e+02;2.809483e-21
5.835833e+02;2.809216e-21
5.836333e+02;2.808950e-21
5.836833e+02;2.808684e-21
5.837333e+02;2.808417e-21
5.837834e+02;2.808151e-21
5.838334e+02;2.807885e-21
5.838834e+02;2.807618e-21
5.839334e+02;2.807352e-21
5.839834e+02;2.807086e-21
5.840334e+02;2.806820e-21
5.840834e+02;2.806554e-21
5.841334e+02;2.806288e-21
5.841834e+02;2.806022e-21
5.842334e+02;2.805756e-21
5.842834e+02;2.805490e-21
5.843334e+02;2.805225e-21
5.843834e+02;2.804959e-21
5.844334e+02;2.804693e-21
5.844834e+02;2.804427e-21
5.845334e+02;2.804162e-21
5.845834e+02;2.803896e-21
5.846334e+02;2.803631e-21
5.846834e+02;2.803365e-21
5.847334e+02;2.803100e-21
5.847834e+02;2.802834e-21
5.848334e+02;2.802569e-21
5.848834e+02;2.802304e-21
5.849334e+02;2.802038e-21
5.849834e+02;2.801773e-21
5.850334e+02;2.801508e-21
5.850834e+02;2.801243e-21
5.851334e+02;2.800978e-21
5.851834e+02;2.800713e-21
5.852334e+02;2.800448e-21
5.852834e+02;2.800183e-21
5.853334e+02;2.799918e-21
5.853834e+02;2.799653e-21
5.854334e+02;2.799388e-21
5.854834e+02;2.799124e-21
5.855334e+02;2.798859e-21
5.855834e+02;2.798594e-21
5.856334e+02;2.798330e-21
5.856834e+02;2.798065e-21
5.857334e+02;2.797801e-21
5.857834e+02;2.797536e-21
5.858334e+02;2.797272e-21
5.858834e+02;2.797007e-21
5.859334e+02;2.796743e-21
5.859834e+02;2.796479e-21
5.860334e+02;2.796214e-21
5.860834e+02;2.795950e-21
5.861334e+02;2.795686e-21
5.861834e+02;2.795422e-21
5.862334e+02;2.795158e-21
5.862835e+02;2.794894e-21
5.863335e+02;2.794630e-21
5.863835e+02;2.794366e-21
5.864335e+02;2.794102e-21
5.864835e+02;2.793838e-21
5.865335e+02;2.793574e-21
5.865835e+02;2.793310e-21
5.866335e+02;2.793047e-21
5.866835e+02;2.792783e-21
5.867335e+02;2.792519e-21
5.867835e+02;2.792256e-21
5.868335e+02;2.791992e-21
5.868835e+02;2.791729e-21
5.869335e+02;2.791465e-21
5.869835e+02;2.791202e-21
5.870335e+02;2.790938e-21
5.870835e+02;2.790675e-21
5.871335e+02;2.790412e-21
5.871835e+02;2.790149e-21
5.872335e+02;2.789885e-21
5.872835e+02;2.789622e-21
5.873335e+02;2.789359e-21
5.873835e+02;2.789096e-21
5.874335e+02;2.788833e-21
5.874835e+02;2.788570e-21
5.875335e+02;2.788307e-21
5.875835e+02;2.788044e-21
5.876335e+02;2.787782e-21
5.876835e+02;2.787519e-21
5.877335e+02;2.787256e-21
5.877835e+02;2.786993e-21
5.878335e+02;2.786731e-21
5.878835e+02;2.786468e-21
5.879335e+02;2.786206e-21
5.879835e+02;2.785943e-21
5.880335e+02;2.785681e-21
5.880835e+02;2.785418e-21
5.881335e+02;2.785156e-21
5.881835e+02;2.784893e-21
5.882335e+02;2.784631e-21
5.882835e+02;2.784369e-21
5.883335e+02;2.784107e-21
5.883835e+02;2.783845e-21
5.884335e+02;2.783582e-21
5.884835e+02;2.783320e-21
5.885335e+02;2.783058e-21
5.885835e+02;2.782796e-21
5.886335e+02;2.782534e-21
5.886835e+02;2.782273e-21
5.887335e+02;2.782011e-21
5.887836e+02;2.781749e-21
5.888336e+02;2.781487e-21
5.888836e+02;2.781225e-21
5.889336e+02;2.780964e-21
5.889836e+02;2.780702e-21
5.890336e+02;2.780441e-21
5.890836e+02;2.780179e-21
5.891336e+02;2.779918e-21
5.891836e+02;2.779656e-21
5.892336e+02;2.779395e-21
5.892836e+02;2.779133e-21
5.893336e+02;2.778872e-21
5.893836e+02;2.778611e-21
5.894336e+02;2.778349e-21
5.894836e+02;2.778088e-21
5.895336e+02;2.777827e-21
5.895836e+02;2.777566e-21
5.896336e+02;2.777305e-21
5.896836e+02;2.777044e-21
5.897336e+02;2.776783e-21
5.897836e+02;2.776522e-21
5.898336e+02;2.776261e-21
5.898836e+02;2.776000e-21
5.899336e+02;2.775740e-21
5.899836e+02;2.775479e-21
5.900336e+02;2.775218e-21
5.900836e+02;2.774958e-21
5.901336e+02;2.774697e-21
5.901836e+02;2.774436e-21
5.902336e+02;2.774176e-21
5.902836e+02;2.773915e-21
5.903336e+02;2.773655e-21
5.903836e+02;2.773395e-21
5.904336e+02;2.773134e-21
5.904836e+02;2.772874e-21
5.905336e+02;2.772614e-21
5.905836e+02;2.772354e-21
5.906336e+02;2.772093e-21
5.906836e+02;2.771833e-21
5.907336e+02;2.771573e-21
5.907836e+02;2.771313e-21
5.908336e+02;2.771053e-21
5.908836e+02;2.770793e-21
5.909336e+02;2.770533e-21
5.909836e+02;2.770274e-21
5.910336e+02;2.770014e-21
5.910836e+02;2.769754e-21
5.911336e+02;2.769494e-21
5.911836e+02;2.769235e-21
5.912336e+02;2.768975e-21
5.912837e+02;2.768715e-21
5.913337e+02;2.768456e-21
5.913837e+02;2.768196e-21
5.914337e+02;2.767937e-21
5.914837e+02;2.767677e-21
5.915337e+02;2.767418e-21
5.915837e+02;2.767159e-21
5.916337e+02;2.766899e-21
5.916837e+02;2.766640e-21
5.917337e+02;2.766381e-21
5.917837e+02;2.766122e-21
5.918337e+02;2.765863e-21
5.918837e+02;2.765604e-21
5.919337e+02;2.765345e-21
5.919837e+02;2.765086e-21
5.920337e+02;2.764827e-21
5.920837e+02;2.764568e-21
5.921337e+02;2.764309e-21
5.921837e+02;2.764050e-21
5.922337e+02;2.763791e-21
5.922837e+02;2.763533e-21
5.923337e+02;2.763274e-21
5.923837e+02;2.763015e-21
5.924337e+02;2.762757e-21
5.924837e+02;2.762498e-21
5.925337e+02;2.762240e-21
5.925837e+02;2.761981e-21
5.926337e+02;2.761723e-21
5.926837e+02;2.761465e-21
5.927337e+02;2.761206e-21
5.927837e+02;2.760948e-21
5.928337e+02;2.760690e-21
5.928837e+02;2.760432e-21
5.929337e+02;2.760173e-21
5.929837e+02;2.759915e-21
5.930337e+02;2.759657e-21
5.930837e+02;2.759399e-21
5.931337e+02;2.759141e-21
5.931837e+02;2.758883e-21
5.932337e+02;2.758625e-21
5.932837e+02;2.758368e-21
5.933337e+02;2.758110e-21
5.933837e+02;2.757852e-21
5.934337e+02;2.757594e-21
5.934837e+02;2.757337e-21
5.935337e+02;2.757079e-21
5.935837e+02;2.756821e-21
5.936337e+02;2.756564e-21
5.936837e+02;2.756306e-21
5.937337e+02;2.756049e-21
5.937838e+02;2.755792e-21
5.938338e+02;2.755534e-21
5.938838e+02;2.755277e-21
5.939338e+02;2.755020e-21
5.939838e+02;2.754762e-21
5.940338e+02;2.754505e-21
5.940838e+02;2.754248e-21
5.941338e+02;2.753991e-21
5.941838e+02;2.753734e-21
5.942338e+02;2.753477e-21
5.942838e+02;2.753220e-21
5.943338e+02;2.752963e-21
5.943838e+02;2.752706e-21
5.944338e+02;2.752449e-21
5.944838e+02;2.752192e-21
5.945338e+02;2.751936e-21
5.945838e+02;2.751679e-21
5.946338e+02;2.751422e-21
5.946838e+02;2.751166e-21
5.947338e+02;2.750909e-21
5.947838e+02;2.750652e-21
5.948338e+02;2.750396e-21
5.948838e+02;2.750139e-21
5.949338e+02;2.749883e-21
5.949838e+02;2.749627e-21
5.950338e+02;2.749370e-21
5.950838e+02;2.749114e-21
5.951338e+02;2.748858e-21
5.951838e+02;2.748602e-21
5.952338e+02;2.748345e-21
5.952838e+02;2.748089e-21
5.953338e+02;2.747833e-21
5.953838e+02;2.747577e-21
5.954338e+02;2.747321e-21
5.954838e+02;2.747065e-21
5.955338e+02;2.746809e-21
5.955838e+02;2.746554e-21
5.956338e+02;2.746298e-21
5.956838e+02;2.746042e-21
5.957338e+02;2.745786e-21
5.957838e+02;2.745531e-21
5.958338e+02;2.745275e-21
5.958838e+02;2.745019e-21
5.959338e+02;2.744764e-21
5.959838e+02;2.744508e-21
5.960338e+02;2.744253e-21
5.960838e+02;2.743997e-21
5.961338e+02;2.743742e-21
5.961838e+02;2.743487e-21
5.962338e+02;2.743231e-21
5.962839e+02;2.742976e-21
5.963339e+02;2.742721e-21
5.963839e+02;2.742466e-21
5.964339e+02;2.742211e-21
5.964839e+02;2.741956e-21
5.965339e+02;2.741700e-21
5.965839e+02;2.741446e-21
5.966339e+02;2.741191e-21
5.966839e+02;2.740936e-21
5.967339e+02;2.740681e-21
5.967839e+02;2.740426e-21
5.968339e+02;2.740171e-21
5.968839e+02;2.739916e-21
5.969339e+02;2.739662e-21
5.969839e+02;2.739407e-21
5.970339e+02;2.739152e-21
5.970839e+02;2.738898e-21
5.971339e+02;2.738643e-21
5.971839e+02;2.738389e-21
5.972339e+02;2.738134e-21
5.972839e+02;2.737880e-21
5.973339e+02;2.737626e-21
5.973839e+02;2.737371e-21
5.974339e+02;2.737117e-21
5.974839e+02;2.736863e-21
5.975339e+02;2.736609e-21
5.975839e+02;2.736355e-21
5.976339e+02;2.736100e-21
5.976839e+02;2.735846e-21
5.977339e+02;2.735592e-21
5.977839e+02;2.735338e-21
5.978339e+02;2.735084e-21
5.978839e+02;2.734831e-21
5.979339e+02;2.734577e-21
5.979839e+02;2.734323e-21
5.980339e+02;2.734069e-21
5.980839e+02;2.733815e-21
5.981339e+02;2.733562e-21
5.981839e+02;2.733308e-21
5.982339e+02;2.733055e-21
5.982839e+02;2.732801e-21
5.983339e+02;2.732547e-21
5.983839e+02;2.732294e-21
5.984339e+02;2.732041e-21
5.984839e+02;2.731787e-21
5.985339e+02;2.731534e-21
5.985839e+02;2.731281e-21
5.986339e+02;2.731027e-21
5.986839e+02;2.730774e-21
5.987339e+02;2.730521e-21
5.987840e+02;2.730268e-21
5.988340e+02;2.730015e-21
5.988840e+02;2.729762e-21
5.989340e+02;2.729509e-21
5.989840e+02;2.729256e-21
5.990340e+02;2.729003e-21
5.990840e+02;2.728750e-21
5.991340e+02;2.728497e-21
5.991840e+02;2.728244e-21
5.992340e+02;2.727992e-21
5.992840e+02;2.727739e-21
5.993340e+02;2.727486e-21
5.993840e+02;2.727234e-21
5.994340e+02;2.726981e-21
5.994840e+02;2.726728e-21
5.995340e+02;2.726476e-21
5.995840e+02;2.726224e-21
5.996340e+02;2.725971e-21
5.996840e+02;2.725719e-21
5.997340e+02;2.725466e-21
5.997840e+02;2.725214e-21
5.998340e+02;2.724962e-21
5.998840e+02;2.724710e-21
5.999340e+02;2.724458e-21
5.999840e+02;2.724205e-21
6.000340e+02;2.723953e-21
6.000840e+02;2.723701e-21
6.001340e+02;2.723449e-21
6.001840e+02;2.723197e-21
6.002340e+02;2.722945e-21
6.002840e+02;2.722694e-21
6.003340e+02;2.722442e-21
6.003840e+02;2.722190e-21
6.004340e+02;2.721938e-21
6.004840e+02;2.721687e-21
6.005340e+02;2.721435e-21
6.005840e+02;2.721183e-21
6.006340e+02;2.720932e-21
6.006840e+02;2.720680e-21
6.007340e+02;2.720429e-21
6.007840e+02;2.720177e-21
6.008340e+02;2.719926e-21
6.008840e+02;2.719675e-21
6.009340e+02;2.719423e-21
6.009840e+02;2.719172e-21
6.010340e+02;2.718921e-21
6.010840e+02;2.718670e-21
6.011340e+02;2.718418e-21
6.011840e+02;2.718167e-21
6.012340e+02;2.717916e-21
6.012841e+02;2.717665e-21
6.013341e+02;2.717414e-21
6.013841e+02;2.717163e-21
6.014341e+02;2.716912e-21
6.014841e+02;2.716661e-21
6.015341e+02;2.716411e-21
6.015841e+02;2.716160e-21
6.016341e+02;2.715909e-21
6.016841e+02;2.715658e-21
6.017341e+02;2.715408e-21
6.017841e+02;2.715157e-21
6.018341e+02;2.714907e-21
6.018841e+02;2.714656e-21
6.019341e+02;2.714406e-21
6.019841e+02;2.714155e-21
6.020341e+02;2.713905e-21
6.020841e+02;2.713654e-21
6.021341e+02;2.713404e-21
6.021841e+02;2.713154e-21
6.022341e+02;2.712904e-21
6.022841e+02;2.712653e-21
6.023341e+02;2.712403e-21
6.023841e+02;2.712153e-21
6.024341e+02;2.711903e-21
6.024841e+02;2.711653e-21
6.025341e+02;2.711403e-21
6.025841e+02;2.711153e-21
6.026341e+02;2.710903e-21
6.026841e+02;2.710653e-21
6.027341e+02;2.710404e-21
6.027841e+02;2.710154e-21
6.028341e+02;2.709904e-21
6.028841e+02;2.709654e-21
6.029341e+02;2.709405e-21
6.029841e+02;2.709155e-21
6.030341e+02;2.708906e-21
6.030841e+02;2.708656e-21
6.031341e+02;2.708406e-21
6.031841e+02;2.708157e-21
6.032341e+02;2.707908e-21
6.032841e+02;2.707658e-21
6.033341e+02;2.707409e-21
6.033841e+02;2.707160e-21
6.034341e+02;2.706910e-21
6.034841e+02;2.706661e-21
6.035341e+02;2.706412e-21
6.035841e+02;2.706163e-21
6.036341e+02;2.705914e-21
6.036841e+02;2.705665e-21
6.037341e+02;2.705416e-21
6.037842e+02;2.705167e-21
6.038342e+02;2.704918e-21
6.038842e+02;2.704669e-21
6.039342e+02;2.704420e-21
6.039842e+02;2.704172e-21
6.040342e+02;2.703923e-21
6.040842e+02;2.703674e-21
6.041342e+02;2.703425e-21
6.041842e+02;2.703177e-21
6.042342e+02;2.702928e-21
6.042842e+02;2.702680e-21
6.043342e+02;2.702431e-21
6.043842e+02;2.702183e-21
6.044342e+02;2.701934e-21
6.044842e+02;2.701686e-21
6.045342e+02;2.701438e-21
6.045842e+02;2.701189e-21
6.046342e+02;2.700941e-21
6.046842e+02;2.700693e-21
6.047342e+02;2.700445e-21
6.047842e+02;2.700197e-21
6.048342e+02;2.699949e-21
6.048842e+02;2.699700e-21
6.049342e+02;2.699452e-21
6.049842e+02;2.699204e-21
6.050342e+02;2.698957e-21
6.050842e+02;2.698709e-21
6.051342e+02;2.698461e-21
6.051842e+02;2.698213e-21
6.052342e+02;2.697965e-21
6.052842e+02;2.697718e-21
6.053342e+02;2.697470e-21
6.053842e+02;2.697222e-21
6.054342e+02;2.696975e-21
6.054842e+02;2.696727e-21
6.055342e+02;2.696480e-21
6.055842e+02;2.696232e-21
6.056342e+02;2.695985e-21
6.056842e+02;2.695737e-21
6.057342e+02;2.695490e-21
6.057842e+02;2.695243e-21
6.058342e+02;2.694995e-21
6.058842e+02;2.694748e-21
6.059342e+02;2.694501e-21
6.059842e+02;2.694254e-21
6.060342e+02;2.694007e-21
6.060842e+02;2.693760e-21
6.061342e+02;2.693513e-21
6.061842e+02;2.693266e-21
6.062342e+02;2.693019e-21
6.062843e+02;2.692772e-21
6.063343e+02;2.692525e-21
6.063843e+02;2.692278e-21
6.064343e+02;2.692031e-21
6.064843e+02;2.691785e-21
6.065343e+02;2.691538e-21
6.065843e+02;2.691291e-21
6.066343e+02;2.691045e-21
6.066843e+02;2.690798e-21
6.067343e+02;2.690552e-21
6.067843e+02;2.690305e-21
6.068343e+02;2.690059e-21
6.068843e+02;2.689812e-21
6.069343e+02;2.689566e-21
6.069843e+02;2.689320e-21
6.070343e+02;2.689073e-21
6.070843e+02;2.688827e-21
6.071343e+02;2.688581e-21
6.071843e+02;2.688335e-21
6.072343e+02;2.688088e-21
6.072843e+02;2.687842e-21
6.073343e+02;2.687596e-21
6.073843e+02;2.687350e-21
6.074343e+02;2.687104e-21
6.074843e+02;2.686858e-21
6.075343e+02;2.686613e-21
6.075843e+02;2.686367e-21
6.076343e+02;2.686121e-21
6.076843e+02;2.685875e-21
6.077343e+02;2.685629e-21
6.077843e+02;2.685384e-21
6.078343e+02;2.685138e-21
6.078843e+02;2.684892e-21
6.079343e+02;2.684647e-21
6.079843e+02;2.684401e-21
6.080343e+02;2.684156e-21
6.080843e+02;2.683910e-21
6.081343e+02;2.683665e-21
6.081843e+02;2.683420e-21
6.082343e+02;2.683174e-21
6.082843e+02;2.682929e-21
6.083343e+02;2.682684e-21
6.083843e+02;2.682439e-21
6.084343e+02;2.682194e-21
6.084843e+02;2.681948e-21
6.085343e+02;2.681703e-21
6.085843e+02;2.681458e-21
6.086343e+02;2.681213e-21
6.086843e+02;2.680968e-21
6.087343e+02;2.680723e-21
6.087844e+02;2.680479e-21
6.088344e+02;2.680234e-21
6.088844e+02;2.679989e-21
6.089344e+02;2.679744e-21
6.089844e+02;2.679499e-21
6.090344e+02;2.679255e-21
6.090844e+02;2.679010e-21
6.091344e+02;2.678766e-21
6.091844e+02;2.678521e-21
6.092344e+02;2.678277e-21
6.092844e+02;2.678032e-21
6.093344e+02;2.677788e-21
6.093844e+02;2.677543e-21
6.094344e+02;2.677299e-21
6.094844e+02;2.677055e-21
6.095344e+02;2.676810e-21
6.095844e+02;2.676566e-21
6.096344e+02;2.676322e-21
6.096844e+02;2.676078e-21
6.097344e+02;2.675834e-21
6.097844e+02;2.675590e-21
6.098344e+02;2.675345e-21
6.098844e+02;2.675101e-21
6.099344e+02;2.674858e-21
6.099844e+02;2.674614e-21
6.100344e+02;2.674370e-21
6.100844e+02;2.674126e-21
6.101344e+02;2.673882e-21
6.101844e+02;2.673638e-21
6.102344e+02;2.673395e-21
6.102844e+02;2.673151e-21
6.103344e+02;2.672907e-21
6.103844e+02;2.672664e-21
6.104344e+02;2.672420e-21
6.104844e+02;2.672177e-21
6.105344e+02;2.671933e-21
6.105844e+02;2.671690e-21
6.106344e+02;2.671446e-21
6.106844e+02;2.671203e-21
6.107344e+02;2.670960e-21
6.107844e+02;2.670716e-21
6.108344e+02;2.670473e-21
6.108844e+02;2.670230e-21
6.109344e+02;2.669987e-21
6.109844e+02;2.669744e-21
6.110344e+02;2.669501e-21
6.110844e+02;2.669258e-21
6.111344e+02;2.669015e-21
6.111844e+02;2.668772e-21
6.112344e+02;2.668529e-21
6.112845e+02;2.668286e-21
6.113345e+02;2.668043e-21
6.113845e+02;2.667800e-21
6.114345e+02;2.667558e-21
6.114845e+02;2.667315e-21
6.115345e+02;2.667072e-21
6.115845e+02;2.666830e-21
6.116345e+02;2.666587e-21
6.116845e+02;2.666344e-21
6.117345e+02;2.666102e-21
6.117845e+02;2.665859e-21
6.118345e+02;2.665617e-21
6.118845e+02;2.665375e-21
6.119345e+02;2.665132e-21
6.119845e+02;2.664890e-21
6.120345e+02;2.664648e-21
6.120845e+02;2.664405e-21
6.121345e+02;2.664163e-21
6.121845e+02;2.663921e-21
6.122345e+02;2.663679e-21
6.122845e+02;2.663437e-21
6.123345e+02;2.663195e-21
6.123845e+02;2.662953e-21
6.124345e+02;2.662711e-21
6.124845e+02;2.662469e-21
6.125345e+02;2.662227e-21
6.125845e+02;2.661985e-21
6.126345e+02;2.661743e-21
6.126845e+02;2.661502e-21
6.127345e+02;2.661260e-21
6.127845e+02;2.661018e-21
6.128345e+02;2.660776e-21
6.128845e+02;2.660535e-21
6.129345e+02;2.660293e-21
6.129845e+02;2.660052e-21
6.130345e+02;2.659810e-21
6.130845e+02;2.659569e-21
6.131345e+02;2.659327e-21
6.131845e+02;2.659086e-21
6.132345e+02;2.658845e-21
6.132845e+02;2.658603e-21
6.133345e+02;2.658362e-21
6.133845e+02;2.658121e-21
6.134345e+02;2.657880e-21
6.134845e+02;2.657639e-21
6.135345e+02;2.657398e-21
6.135845e+02;2.657157e-21
6.136345e+02;2.656915e-21
6.136845e+02;2.656675e-21
6.137345e+02;2.656434e-21
6.137846e+02;2.656193e-21
6.138346e+02;2.655952e-21
6.138846e+02;2.655711e-21
6.139346e+02;2.655470e-21
6.139846e+02;2.655229e-21
6.140346e+02;2.654989e-21
6.140846e+02;2.654748e-21
6.141346e+02;2.654507e-21
6.141846e+02;2.654267e-21
6.142346e+02;2.654026e-21
6.142846e+02;2.653786e-21
6.143346e+02;2.653545e-21
6.143846e+02;2.653305e-21
6.144346e+02;2.653065e-21
6.144846e+02;2.652824e-21
6.145346e+02;2.652584e-21
6.145846e+02;2.652344e-21
6.146346e+02;2.652103e-21
6.146846e+02;2.651863e-21
6.147346e+02;2.651623e-21
6.147846e+02;2.651383e-21
6.148346e+02;2.651143e-21
6.148846e+02;2.650903e-21
6.149346e+02;2.650663e-21
6.149846e+02;2.650423e-21
6.150346e+02;2.650183e-21
6.150846e+02;2.649943e-21
6.151346e+02;2.649703e-21
6.151846e+02;2.649463e-21
6.152346e+02;2.649224e-21
6.152846e+02;2.648984e-21
6.153346e+02;2.648744e-21
6.153846e+02;2.648505e-21
6.154346e+02;2.648265e-21
6.154846e+02;2.648025e-21
6.155346e+02;2.647786e-21
6.155846e+02;2.647546e-21
6.156346e+02;2.647307e-21
6.156846e+02;2.647068e-21
6.157346e+02;2.646828e-21
6.157846e+02;2.646589e-21
6.158346e+02;2.646350e-21
6.158846e+02;2.646110e-21
6.159346e+02;2.645871e-21
6.159846e+02;2.645632e-21
6.160346e+02;2.645393e-21
6.160846e+02;2.645154e-21
6.161346e+02;2.644915e-21
6.161846e+02;2.644676e-21
6.162346e+02;2.644437e-21
6.162847e+02;2.644198e-21
6.163347e+02;2.643959e-21
6.163847e+02;2.643720e-21
6.164347e+02;2.643481e-21
6.164847e+02;2.643242e-21
6.165347e+02;2.643003e-21
6.165847e+02;2.642765e-21
6.166347e+02;2.642526e-21
6.166847e+02;2.642287e-21
6.167347e+02;2.642049e-21
6.167847e+02;2.641810e-21
6.168347e+02;2.641572e-21
6.168847e+02;2.641333e-21
6.169347e+02;2.641095e-21
6.169847e+02;2.640856e-21
6.170347e+02;2.640618e-21
6.170847e+02;2.640380e-21
6.171347e+02;2.640141e-21
6.171847e+02;2.639903e-21
6.172347e+02;2.639665e-21
6.172847e+02;2.639427e-21
6.173347e+02;2.639189e-21
6.173847e+02;2.638951e-21
6.174347e+02;2.638712e-21
6.174847e+02;2.638474e-21
6.175347e+02;2.638236e-21
6.175847e+02;2.637999e-21
6.176347e+02;2.637761e-21
6.176847e+02;2.637523e-21
6.177347e+02;2.637285e-21
6.177847e+02;2.637047e-21
6.178347e+02;2.636809e-21
6.178847e+02;2.636572e-21
6.179347e+02;2.636334e-21
6.179847e+02;2.636096e-21
6.180347e+02;2.635859e-21
6.180847e+02;2.635621e-21
6.181347e+02;2.635384e-21
6.181847e+02;2.635146e-21
6.182347e+02;2.634909e-21
6.182847e+02;2.634671e-21
6.183347e+02;2.634434e-21
6.183847e+02;2.634197e-21
6.184347e+02;2.633959e-21
6.184847e+02;2.633722e-21
6.185347e+02;2.633485e-21
6.185847e+02;2.633248e-21
6.186347e+02;2.633011e-21
6.186847e+02;2.632774e-21
6.187347e+02;2.632537e-21
6.187848e+02;2.632300e-21
6.188348e+02;2.632063e-21
6.188848e+02;2.631826e-21
6.189348e+02;2.631589e-21
6.189848e+02;2.631352e-21
6.190348e+02;2.631115e-21
6.190848e+02;2.630878e-21
6.191348e+02;2.630641e-21
6.191848e+02;2.630405e-21
6.192348e+02;2.630168e-21
6.192848e+02;2.629931e-21
6.193348e+02;2.629695e-21
6.193848e+02;2.629458e-21
6.194348e+02;2.629222e-21
6.194848e+02;2.628985e-21
6.195348e+02;2.628749e-21
6.195848e+02;2.628512e-21
6.196348e+02;2.628276e-21
6.196848e+02;2.628040e-21
6.197348e+02;2.627803e-21
6.197848e+02;2.627567e-21
6.198348e+02;2.627331e-21
6.198848e+02;2.627095e-21
6.199348e+02;2.626859e-21
6.199848e+02;2.626623e-21
6.200348e+02;2.626386e-21
6.200848e+02;2.626150e-21
6.201348e+02;2.625914e-21
6.201848e+02;2.625679e-21
6.202348e+02;2.625443e-21
6.202848e+02;2.625207e-21
6.203348e+02;2.624971e-21
6.203848e+02;2.624735e-21
6.204348e+02;2.624499e-21
6.204848e+02;2.624264e-21
6.205348e+02;2.624028e-21
6.205848e+02;2.623792e-21
6.206348e+02;2.623557e-21
6.206848e+02;2.623321e-21
6.207348e+02;2.623086e-21
6.207848e+02;2.622850e-21
6.208348e+02;2.622615e-21
6.208848e+02;2.622379e-21
6.209348e+02;2.622144e-21
6.209848e+02;2.621908e-21
6.210348e+02;2.621673e-21
6.210848e+02;2.621438e-21
6.211348e+02;2.621203e-21
6.211848e+02;2.620968e-21
6.212348e+02;2.620732e-21
6.212849e+02;2.620497e-21
6.213349e+02;2.620262e-21
6.213849e+02;2.620027e-21
6.214349e+02;2.619792e-21
6.214849e+02;2.619557e-21
6.215349e+02;2.619322e-21
6.215849e+02;2.619087e-21
6.216349e+02;2.618852e-21
6.216849e+02;2.618618e-21
6.217349e+02;2.618383e-21
6.217849e+02;2.618148e-21
6.218349e+02;2.617913e-21
6.218849e+02;2.617679e-21
6.219349e+02;2.617444e-21
6.219849e+02;2.617210e-21
6.220349e+02;2.616975e-21
6.220849e+02;2.616741e-21
6.221349e+02;2.616506e-21
6.221849e+02;2.616272e-21
6.222349e+02;2.616037e-21
6.222849e+02;2.615803e-21
6.223349e+02;2.615569e-21
6.223849e+02;2.615334e-21
6.224349e+02;2.615100e-21
6.224849e+02;2.614866e-21
6.225349e+02;2.614632e-21
6.225849e+02;2.614398e-21
6.226349e+02;2.614163e-21
6.226849e+02;2.613929e-21
6.227349e+02;2.613695e-21
6.227849e+02;2.613461e-21
6.228349e+02;2.613227e-21
6.228849e+02;2.612994e-21
6.229349e+02;2.612760e-21
6.229849e+02;2.612526e-21
6.230349e+02;2.612292e-21
6.230849e+02;2.612058e-21
6.231349e+02;2.611825e-21
6.231849e+02;2.611591e-21
6.232349e+02;2.611357e-21
6.232849e+02;2.611124e-21
6.233349e+02;2.610890e-21
6.233849e+02;2.610657e-21
6.234349e+02;2.610423e-21
6.234849e+02;2.610190e-21
6.235349e+02;2.609956e-21
6.235849e+02;2.609723e-21
6.236349e+02;2.609489e-21
6.236849e+02;2.609256e-21
6.237349e+02;2.609023e-21
6.237850e+02;2.608790e-21
6.238350e+02;2.608556e-21
6.238850e+02;2.608323e-21
6.239350e+02;2.608090e-21
6.239850e+02;2.607857e-21
6.240350e+02;2.607624e-21
6.240850e+02;2.607391e-21
6.241350e+02;2.607158e-21
6.241850e+02;2.606925e-21
6.242350e+02;2.606692e-21
6.242850e+02;2.606459e-21
6.243350e+02;2.606227e-21
6.243850e+02;2.605994e-21
6.244350e+02;2.605761e-21
6.244850e+02;2.605528e-21
6.245350e+02;2.605296e-21
6.245850e+02;2.605063e-21
6.246350e+02;2.604830e-21
6.246850e+02;2.604598e-21
6.247350e+02;2.604365e-21
6.247850e+02;2.604133e-21
6.248350e+02;2.603900e-21
6.248850e+02;2.603668e-21
6.249350e+02;2.603436e-21
6.249850e+02;2.603203e-21
6.250350e+02;2.602971e-21
6.250850e+02;2.602739e-21
6.251350e+02;2.602507e-21
6.251850e+02;2.602274e-21
6.252350e+02;2.602042e-21
6.252850e+02;2.601810e-21
6.253350e+02;2.601578e-21
6.253850e+02;2.601346e-21
6.254350e+02;2.601114e-21
6.254850e+02;2.600882e-21
6.255350e+02;2.600650e-21
6.255850e+02;2.600418e-21
6.256350e+02;2.600186e-21
6.256850e+02;2.599954e-21
6.257350e+02;2.599723e-21
6.257850e+02;2.599491e-21
6.258350e+02;2.599259e-21
6.258850e+02;2.599028e-21
6.259350e+02;2.598796e-21
6.259850e+02;2.598564e-21
6.260350e+02;2.598333e-21
6.260850e+02;2.598101e-21
6.261350e+02;2.597870e-21
6.261850e+02;2.597638e-21
6.262350e+02;2.597407e-21
6.262851e+02;2.597176e-21
6.263351e+02;2.596944e-21
6.263851e+02;2.596713e-21
6.264351e+02;2.596482e-21
6.264851e+02;2.596250e-21
6.265351e+02;2.596019e-21
6.265851e+02;2.595788e-21
6.266351e+02;2.595557e-21
6.266851e+02;2.595326e-21
6.267351e+02;2.595095e-21
6.267851e+02;2.594864e-21
6.268351e+02;2.594633e-21
6.268851e+02;2.594402e-21
6.269351e+02;2.594171e-21
6.269851e+02;2.593940e-21
6.270351e+02;2.593709e-21
6.270851e+02;2.593479e-21
6.271351e+02;2.593248e-21
6.271851e+02;2.593017e-21
6.272351e+02;2.592787e-21
6.272851e+02;2.592556e-21
6.273351e+02;2.592325e-21
6.273851e+02;2.592095e-21
6.274351e+02;2.591864e-21
6.274851e+02;2.591634e-21
6.275351e+02;2.591403e-21
6.275851e+02;2.591173e-21
6.276351e+02;2.590943e-21
6.276851e+02;2.590712e-21
6.277351e+02;2.590482e-21
6.277851e+02;2.590252e-21
6.278351e+02;2.590021e-21
6.278851e+02;2.589791e-21
6.279351e+02;2.589561e-21
6.279851e+02;2.589331e-21
6.280351e+02;2.589101e-21
6.280851e+02;2.588871e-21
6.281351e+02;2.588641e-21
6.281851e+02;2.588411e-21
6.282351e+02;2.588181e-21
6.282851e+02;2.587951e-21
6.283351e+02;2.587721e-21
6.283851e+02;2.587491e-21
6.284351e+02;2.587261e-21
6.284851e+02;2.587032e-21
6.285351e+02;2.586802e-21
6.285851e+02;2.586572e-21
6.286351e+02;2.586343e-21
6.286851e+02;2.586113e-21
6.287351e+02;2.585884e-21
6.287852e+02;2.585654e-21
6.288352e+02;2.585424e-21
6.288852e+02;2.585195e-21
6.289352e+02;2.584966e-21
6.289852e+02;2.584736e-21
6.290352e+02;2.584507e-21
6.290852e+02;2.584278e-21
6.291352e+02;2.584048e-21
6.291852e+02;2.583819e-21
6.292352e+02;2.583590e-21
6.292852e+02;2.583361e-21
6.293352e+02;2.583132e-21
6.293852e+02;2.582902e-21
6.294352e+02;2.582673e-21
6.294852e+02;2.582444e-21
6.295352e+02;2.582215e-21
6.295852e+02;2.581986e-21
6.296352e+02;2.581758e-21
6.296852e+02;2.581529e-21
6.297352e+02;2.581300e-21
6.297852e+02;2.581071e-21
6.298352e+02;2.580842e-21
6.298852e+02;2.580613e-21
6.299352e+02;2.580385e-21
6.299852e+02;2.580156e-21
6.300352e+02;2.579928e-21
6.300852e+02;2.579699e-21
6.301352e+02;2.579470e-21
6.301852e+02;2.579242e-21
6.302352e+02;2.579013e-21
6.302852e+02;2.578785e-21
6.303352e+02;2.578557e-21
6.303852e+02;2.578328e-21
6.304352e+02;2.578100e-21
6.304852e+02;2.577872e-21
6.305352e+02;2.577643e-21
6.305852e+02;2.577415e-21
6.306352e+02;2.577187e-21
6.306852e+02;2.576959e-21
6.307352e+02;2.576731e-21
6.307852e+02;2.576503e-21
6.308352e+02;2.576274e-21
6.308852e+02;2.576046e-21
6.309352e+02;2.575818e-21
6.309852e+02;2.575591e-21
6.310352e+02;2.575363e-21
6.310852e+02;2.575135e-21
6.311352e+02;2.574907e-21
6.311852e+02;2.574679e-21
6.312352e+02;2.574451e-21
6.312853e+02;2.574224e-21
6.313353e+02;2.573996e-21
6.313853e+02;2.573768e-21
6.314353e+02;2.573541e-21
6.314853e+02;2.573313e-21
6.315353e+02;2.573086e-21
6.315853e+02;2.572858e-21
6.316353e+02;2.572631e-21
6.316853e+02;2.572403e-21
6.317353e+02;2.572176e-21
6.317853e+02;2.571949e-21
6.318353e+02;2.571721e-21
6.318853e+02;2.571494e-21
6.319353e+02;2.571267e-21
6.319853e+02;2.571039e-21
6.320353e+02;2.570812e-21
6.320853e+02;2.570585e-21
6.321353e+02;2.570358e-21
6.321853e+02;2.570131e-21
6.322353e+02;2.569904e-21
6.322853e+02;2.569677e-21
6.323353e+02;2.569450e-21
6.323853e+02;2.569223e-21
6.324353e+02;2.568996e-21
6.324853e+02;2.568769e-21
6.325353e+02;2.568542e-21
6.325853e+02;2.568316e-21
6.326353e+02;2.568089e-21
6.326853e+02;2.567862e-21
6.327353e+02;2.567636e-21
6.327853e+02;2.567409e-21
6.328353e+02;2.567182e-21
6.328853e+02;2.566956e-21
6.329353e+02;2.566729e-21
6.329853e+02;2.566503e-21
6.330353e+02;2.566276e-21
6.330853e+02;2.566050e-21
6.331353e+02;2.565823e-21
6.331853e+02;2.565597e-21
6.332353e+02;2.565371e-21
6.332853e+02;2.565145e-21
6.333353e+02;2.564918e-21
6.333853e+02;2.564692e-21
6.334353e+02;2.564466e-21
6.334853e+02;2.564240e-21
6.335353e+02;2.564014e-21
6.335853e+02;2.563788e-21
6.336353e+02;2.563562e-21
6.336853e+02;2.563336e-21
6.337353e+02;2.563110e-21
6.337854e+02;2.562884e-21
6.338354e+02;2.562658e-21
6.338854e+02;2.562432e-21
6.339354e+02;2.562206e-21
6.339854e+02;2.561980e-21
6.340354e+02;2.561755e-21
6.340854e+02;2.561529e-21
6.341354e+02;2.561303e-21
6.341854e+02;2.561078e-21
6.342354e+02;2.560852e-21
6.342854e+02;2.560626e-21
6.343354e+02;2.560401e-21
6.343854e+02;2.560175e-21
6.344354e+02;2.559950e-21
6.344854e+02;2.559725e-21
6.345354e+02;2.559499e-21
6.345854e+02;2.559274e-21
6.346354e+02;2.559048e-21
6.346854e+02;2.558823e-21
6.347354e+02;2.558598e-21
6.347854e+02;2.558373e-21
6.348354e+02;2.558148e-21
6.348854e+02;2.557922e-21
6.349354e+02;2.557697e-21
6.349854e+02;2.557472e-21
6.350354e+02;2.557247e-21
6.350854e+02;2.557022e-21
6.351354e+02;2.556797e-21
6.351854e+02;2.556572e-21
6.352354e+02;2.556347e-21
6.352854e+02;2.556123e-21
6.353354e+02;2.555898e-21
6.353854e+02;2.555673e-21
6.354354e+02;2.555448e-21
6.354854e+02;2.555224e-21
6.355354e+02;2.554999e-21
6.355854e+02;2.554774e-21
6.356354e+02;2.554550e-21
6.356854e+02;2.554325e-21
6.357354e+02;2.554100e-21
6.357854e+02;2.553876e-21
6.358354e+02;2.553652e-21
6.358854e+02;2.553427e-21
6.359354e+02;2.553203e-21
6.359854e+02;2.552978e-21
6.360354e+02;2.552754e-21
6.360854e+02;2.552530e-21
6.361354e+02;2.552305e-21
6.361854e+02;2.552081e-21
6.362354e+02;2.551857e-21
6.362855e+02;2.551633e-21
6.363355e+02;2.551409e-21
6.363855e+02;2.551185e-21
6.364355e+02;2.550961e-21
6.364855e+02;2.550737e-21
6.365355e+02;2.550513e-21
6.365855e+02;2.550289e-21
6.366355e+02;2.550065e-21
6.366855e+02;2.549841e-21
6.367355e+02;2.549617e-21
6.367855e+02;2.549393e-21
6.368355e+02;2.549170e-21
6.368855e+02;2.548946e-21
6.369355e+02;2.548722e-21
6.369855e+02;2.548499e-21
6.370355e+02;2.548275e-21
6.370855e+02;2.548051e-21
6.371355e+02;2.547828e-21
6.371855e+02;2.547604e-21
6.372355e+02;2.547381e-21
6.372855e+02;2.547157e-21
6.373355e+02;2.546934e-21
6.373855e+02;2.546711e-21
6.374355e+02;2.546487e-21
6.374855e+02;2.546264e-21
6.375355e+02;2.546041e-21
6.375855e+02;2.545817e-21
6.376355e+02;2.545594e-21
6.376855e+02;2.545371e-21
6.377355e+02;2.545148e-21
6.377855e+02;2.544925e-21
6.378355e+02;2.544702e-21
6.378855e+02;2.544479e-21
6.379355e+02;2.544256e-21
6.379855e+02;2.544033e-21
6.380355e+02;2.543810e-21
6.380855e+02;2.543587e-21
6.381355e+02;2.543364e-21
6.381855e+02;2.543141e-21
6.382355e+02;2.542919e-21
6.382855e+02;2.542696e-21
6.383355e+02;2.542473e-21
6.383855e+02;2.542250e-21
6.384355e+02;2.542028e-21
6.384855e+02;2.541805e-21
6.385355e+02;2.541583e-21
6.385855e+02;2.541360e-21
6.386355e+02;2.541138e-21
6.386855e+02;2.540915e-21
6.387355e+02;2.540693e-21
6.387856e+02;2.540470e-21
6.388356e+02;2.540248e-21
6.388856e+02;2.540026e-21
6.389356e+02;2.539803e-21
6.389856e+02;2.539581e-21
6.390356e+02;2.539359e-21
6.390856e+02;2.539137e-21
6.391356e+02;2.538914e-21
6.391856e+02;2.538692e-21
6.392356e+02;2.538470e-21
6.392856e+02;2.538248e-21
6.393356e+02;2.538026e-21
6.393856e+02;2.537804e-21
6.394356e+02;2.537582e-21
6.394856e+02;2.537360e-21
6.395356e+02;2.537138e-21
6.395856e+02;2.536917e-21
6.396356e+02;2.536695e-21
6.396856e+02;2.536473e-21
6.397356e+02;2.536251e-21
6.397856e+02;2.536030e-21
6.398356e+02;2.535808e-21
6.398856e+02;2.535586e-21
6.399356e+02;2.535365e-21
6.399856e+02;2.535143e-21
6.400356e+02;2.534922e-21
6.400856e+02;2.534700e-21
6.401356e+02;2.534479e-21
6.401856e+02;2.534257e-21
6.402356e+02;2.534036e-21
6.402856e+02;2.533815e-21
6.403356e+02;2.533593e-21
6.403856e+02;2.533372e-21
6.404356e+02;2.533151e-21
6.404856e+02;2.532929e-21
6.405356e+02;2.532708e-21
6.405856e+02;2.532487e-21
6.406356e+02;2.532266e-21
6.406856e+02;2.532045e-21
6.407356e+02;2.531824e-21
6.407856e+02;2.531603e-21
6.408356e+02;2.531382e-21
6.408856e+02;2.531161e-21
6.409356e+02;2.530940e-21
6.409856e+02;2.530719e-21
6.410356e+02;2.530498e-21
6.410856e+02;2.530278e-21
6.411356e+02;2.530057e-21
6.411856e+02;2.529836e-21
6.412356e+02;2.529615e-21
6.412857e+02;2.529395e-21
6.413357e+02;2.529174e-21
6.413857e+02;2.528954e-21
6.414357e+02;2.528733e-21
6.414857e+02;2.528512e-21
6.415357e+02;2.528292e-21
6.415857e+02;2.528071e-21
6.416357e+02;2.527851e-21
6.416857e+02;2.527631e-21
6.417357e+02;2.527410e-21
6.417857e+02;2.527190e-21
6.418357e+02;2.526970e-21
6.418857e+02;2.526749e-21
6.419357e+02;2.526529e-21
6.419857e+02;2.526309e-21
6.420357e+02;2.526089e-21
6.420857e+02;2.525869e-21
6.421357e+02;2.525649e-21
6.421857e+02;2.525429e-21
6.422357e+02;2.525209e-21
6.422857e+02;2.524989e-21
6.423357e+02;2.524769e-21
6.423857e+02;2.524549e-21
6.424357e+02;2.524329e-21
6.424857e+02;2.524109e-21
6.425357e+02;2.523889e-21
6.425857e+02;2.523670e-21
6.426357e+02;2.523450e-21
6.426857e+02;2.523230e-21
6.427357e+02;2.523010e-21
6.427857e+02;2.522791e-21
6.428357e+02;2.522571e-21
6.428857e+02;2.522352e-21
6.429357e+02;2.522132e-21
6.429857e+02;2.521913e-21
6.430357e+02;2.521693e-21
6.430857e+02;2.521474e-21
6.431357e+02;2.521254e-21
6.431857e+02;2.521035e-21
6.432357e+02;2.520816e-21
6.432857e+02;2.520596e-21
6.433357e+02;2.520377e-21
6.433857e+02;2.520158e-21
6.434357e+02;2.519939e-21
6.434857e+02;2.519720e-21
6.435357e+02;2.519500e-21
6.435857e+02;2.519281e-21
6.436357e+02;2.519062e-21
6.436857e+02;2.518843e-21
6.437357e+02;2.518624e-21
6.437858e+02;2.518405e-21
6.438358e+02;2.518186e-21
6.438858e+02;2.517968e-21
6.439358e+02;2.517749e-21
6.439858e+02;2.517530e-21
6.440358e+02;2.517311e-21
6.440858e+02;2.517092e-21
6.441358e+02;2.516874e-21
6.441858e+02;2.516655e-21
6.442358e+02;2.516436e-21
6.442858e+02;2.516218e-21
6.443358e+02;2.515999e-21
6.443858e+02;2.515781e-21
6.444358e+02;2.515562e-21
6.444858e+02;2.515344e-21
6.445358e+02;2.515125e-21
6.445858e+02;2.514907e-21
6.446358e+02;2.514688e-21
6.446858e+02;2.514470e-21
6.447358e+02;2.514252e-21
6.447858e+02;2.514033e-21
6.448358e+02;2.513815e-21
6.448858e+02;2.513597e-21
6.449358e+02;2.513379e-21
6.449858e+02;2.513161e-21
6.450358e+02;2.512943e-21
6.450858e+02;2.512725e-21
6.451358e+02;2.512507e-21
6.451858e+02;2.512289e-21
6.452358e+02;2.512071e-21
6.452858e+02;2.511853e-21
6.453358e+02;2.511635e-21
6.453858e+02;2.511417e-21
6.454358e+02;2.511199e-21
6.454858e+02;2.510981e-21
6.455358e+02;2.510763e-21
6.455858e+02;2.510546e-21
6.456358e+02;2.510328e-21
6.456858e+02;2.510110e-21
6.457358e+02;2.509893e-21
6.457858e+02;2.509675e-21
6.458358e+02;2.509458e-21
6.458858e+02;2.509240e-21
6.459358e+02;2.509023e-21
6.459858e+02;2.508805e-21
6.460358e+02;2.508588e-21
6.460858e+02;2.508370e-21
6.461358e+02;2.508153e-21
6.461858e+02;2.507936e-21
6.462358e+02;2.507718e-21
6.462859e+02;2.507501e-21
6.463359e+02;2.507284e-21
6.463859e+02;2.507067e-21
6.464359e+02;2.506849e-21
6.464859e+02;2.506632e-21
6.465359e+02;2.506415e-21
6.465859e+02;2.506198e-21
6.466359e+02;2.505981e-21
6.466859e+02;2.505764e-21
6.467359e+02;2.505547e-21
6.467859e+02;2.505330e-21
6.468359e+02;2.505113e-21
6.468859e+02;2.504897e-21
6.469359e+02;2.504680e-21
6.469859e+02;2.504463e-21
6.470359e+02;2.504246e-21
6.470859e+02;2.504029e-21
6.471359e+02;2.503813e-21
6.471859e+02;2.503596e-21
6.472359e+02;2.503380e-21
6.472859e+02;2.503163e-21
6.473359e+02;2.502946e-21
6.473859e+02;2.502730e-21
6.474359e+02;2.502513e-21
6.474859e+02;2.502297e-21
6.475359e+02;2.502081e-21
6.475859e+02;2.501864e-21
6.476359e+02;2.501648e-21
6.476859e+02;2.501431e-21
6.477359e+02;2.501215e-21
6.477859e+02;2.500999e-21
6.478359e+02;2.500783e-21
6.478859e+02;2.500567e-21
6.479359e+02;2.500350e-21
6.479859e+02;2.500134e-21
6.480359e+02;2.499918e-21
6.480859e+02;2.499702e-21
6.481359e+02;2.499486e-21
6.481859e+02;2.499270e-21
6.482359e+02;2.499054e-21
6.482859e+02;2.498838e-21
6.483359e+02;2.498622e-21
6.483859e+02;2.498407e-21
6.484359e+02;2.498191e-21
6.484859e+02;2.497975e-21
6.485359e+02;2.497759e-21
6.485859e+02;2.497543e-21
6.486359e+02;2.497328e-21
6.486859e+02;2.497112e-21
6.487359e+02;2.496896e-21
6.487860e+02;2.496681e-21
6.488360e+02;2.496465e-21
6.488860e+02;2.496250e-21
6.489360e+02;2.496034e-21
6.489860e+02;2.495819e-21
6.490360e+02;2.495603e-21
6.490860e+02;2.495388e-21
6.491360e+02;2.495173e-21
6.491860e+02;2.494957e-21
6.492360e+02;2.494742e-21
6.492860e+02;2.494527e-21
6.493360e+02;2.494312e-21
6.493860e+02;2.494096e-21
6.494360e+02;2.493881e-21
6.494860e+02;2.493666e-21
6.495360e+02;2.493451e-21
6.495860e+02;2.493236e-21
6.496360e+02;2.493021e-21
6.496860e+02;2.492806e-21
6.497360e+02;2.492591e-21
6.497860e+02;2.492376e-21
6.498360e+02;2.492161e-21
6.498860e+02;2.491946e-21
6.499360e+02;2.491732e-21
6.499860e+02;2.491517e-21
6.500360e+02;2.491302e-21
6.500860e+02;2.491087e-21
6.501360e+02;2.490873e-21
6.501860e+02;2.490658e-21
6.502360e+02;2.490443e-21
6.502860e+02;2.490229e-21
6.503360e+02;2.490014e-21
6.503860e+02;2.489800e-21
6.504360e+02;2.489585e-21
6.504860e+02;2.489371e-21
6.505360e+02;2.489156e-21
6.505860e+02;2.488942e-21
6.506360e+02;2.488728e-21
6.506860e+02;2.488513e-21
6.507360e+02;2.488299e-21
6.507860e+02;2.488085e-21
6.508360e+02;2.487871e-21
6.508860e+02;2.487656e-21
6.509360e+02;2.487442e-21
6.509860e+02;2.487228e-21
6.510360e+02;2.487014e-21
6.510860e+02;2.486800e-21
6.511360e+02;2.486586e-21
6.511860e+02;2.486372e-21
6.512360e+02;2.486158e-21
6.512861e+02;2.485944e-21
6.513361e+02;2.485730e-21
6.513861e+02;2.485516e-21
6.514361e+02;2.485302e-21
6.514861e+02;2.485089e-21
6.515361e+02;2.484875e-21
6.515861e+02;2.484661e-21
6.516361e+02;2.484447e-21
6.516861e+02;2.484234e-21
6.517361e+02;2.484020e-21
6.517861e+02;2.483806e-21
6.518361e+02;2.483593e-21
6.518861e+02;2.483379e-21
6.519361e+02;2.483166e-21
6.519861e+02;2.482952e-21
6.520361e+02;2.482739e-21
6.520861e+02;2.482526e-21
6.521361e+02;2.482312e-21
6.521861e+02;2.482099e-21
6.522361e+02;2.481886e-21
6.522861e+02;2.481672e-21
6.523361e+02;2.481459e-21
6.523861e+02;2.481246e-21
6.524361e+02;2.481033e-21
6.524861e+02;2.480819e-21
6.525361e+02;2.480606e-21
6.525861e+02;2.480393e-21
6.526361e+02;2.480180e-21
6.526861e+02;2.479967e-21
6.527361e+02;2.479754e-21
6.527861e+02;2.479541e-21
6.528361e+02;2.479328e-21
6.528861e+02;2.479116e-21
6.529361e+02;2.478903e-21
6.529861e+02;2.478690e-21
6.530361e+02;2.478477e-21
6.530861e+02;2.478264e-21
6.531361e+02;2.478052e-21
6.531861e+02;2.477839e-21
6.532361e+02;2.477626e-21
6.532861e+02;2.477414e-21
6.533361e+02;2.477201e-21
6.533861e+02;2.476988e-21
6.534361e+02;2.476776e-21
6.534861e+02;2.476563e-21
6.535361e+02;2.476351e-21
6.535861e+02;2.476139e-21
6.536361e+02;2.475926e-21
6.536861e+02;2.475714e-21
6.537361e+02;2.475502e-21
6.537862e+02;2.475289e-21
6.538362e+02;2.475077e-21
6.538862e+02;2.474865e-21
6.539362e+02;2.474653e-21
6.539862e+02;2.474440e-21
6.540362e+02;2.474228e-21
6.540862e+02;2.474016e-21
6.541362e+02;2.473804e-21
6.541862e+02;2.473592e-21
6.542362e+02;2.473380e-21
6.542862e+02;2.473168e-21
6.543362e+02;2.472956e-21
6.543862e+02;2.472744e-21
6.544362e+02;2.472532e-21
6.544862e+02;2.472320e-21
6.545362e+02;2.472109e-21
6.545862e+02;2.471897e-21
6.546362e+02;2.471685e-21
6.546862e+02;2.471473e-21
6.547362e+02;2.471262e-21
6.547862e+02;2.471050e-21
6.548362e+02;2.470839e-21
6.548862e+02;2.470627e-21
6.549362e+02;2.470415e-21
6.549862e+02;2.470204e-21
6.550362e+02;2.469992e-21
6.550862e+02;2.469781e-21
6.551362e+02;2.469570e-21
6.551862e+02;2.469358e-21
6.552362e+02;2.469147e-21
6.552862e+02;2.468935e-21
6.553362e+02;2.468724e-21
6.553862e+02;2.468513e-21
6.554362e+02;2.468302e-21
6.554862e+02;2.468090e-21
6.555362e+02;2.467879e-21
6.555862e+02;2.467668e-21
6.556362e+02;2.467457e-21
6.556862e+02;2.467246e-21
6.557362e+02;2.467035e-21
6.557862e+02;2.466824e-21
6.558362e+02;2.466613e-21
6.558862e+02;2.466402e-21
6.559362e+02;2.466191e-21
6.559862e+02;2.465980e-21
6.560362e+02;2.465769e-21
6.560862e+02;2.465559e-21
6.561362e+02;2.465348e-21
6.561862e+02;2.465137e-21
6.562362e+02;2.464926e-21
6.562863e+02;2.464716e-21
6.563363e+02;2.464505e-21
6.563863e+02;2.464295e-21
6.564363e+02;2.464084e-21
6.564863e+02;2.463873e-21
6.565363e+02;2.463663e-21
6.565863e+02;2.463452e-21
6.566363e+02;2.463242e-21
6.566863e+02;2.463031e-21
6.567363e+02;2.462821e-21
6.567863e+02;2.462611e-21
6.568363e+02;2.462400e-21
6.568863e+02;2.462190e-21
6.569363e+02;2.461980e-21
6.569863e+02;2.461770e-21
6.570363e+02;2.461559e-21
6.570863e+02;2.461349e-21
6.571363e+02;2.461139e-21
6.571863e+02;2.460929e-21
6.572363e+02;2.460719e-21
6.572863e+02;2.460509e-21
6.573363e+02;2.460299e-21
6.573863e+02;2.460089e-21
6.574363e+02;2.459879e-21
6.574863e+02;2.459669e-21
6.575363e+02;2.459459e-21
6.575863e+02;2.459249e-21
6.576363e+02;2.459040e-21
6.576863e+02;2.458830e-21
6.577363e+02;2.458620e-21
6.577863e+02;2.458410e-21
6.578363e+02;2.458201e-21
6.578863e+02;2.457991e-21
6.579363e+02;2.457781e-21
6.579863e+02;2.457572e-21
6.580363e+02;2.457362e-21
6.580863e+02;2.457153e-21
6.581363e+02;2.456943e-21
6.581863e+02;2.456734e-21
6.582363e+02;2.456524e-21
6.582863e+02;2.456315e-21
6.583363e+02;2.456106e-21
6.583863e+02;2.455896e-21
6.584363e+02;2.455687e-21
6.584863e+02;2.455478e-21
6.585363e+02;2.455268e-21
6.585863e+02;2.455059e-21
6.586363e+02;2.454850e-21
6.586863e+02;2.454641e-21
6.587363e+02;2.454432e-21
6.587864e+02;2.454223e-21
6.588364e+02;2.454014e-21
6.588864e+02;2.453805e-21
6.589364e+02;2.453596e-21
6.589864e+02;2.453387e-21
6.590364e+02;2.453178e-21
6.590864e+02;2.452969e-21
6.591364e+02;2.452760e-21
6.591864e+02;2.452551e-21
6.592364e+02;2.452342e-21
6.592864e+02;2.452134e-21
6.593364e+02;2.451925e-21
6.593864e+02;2.451716e-21
6.594364e+02;2.451508e-21
6.594864e+02;2.451299e-21
6.595364e+02;2.451090e-21
6.595864e+02;2.450882e-21
6.596364e+02;2.450673e-21
6.596864e+02;2.450465e-21
6.597364e+02;2.450256e-21
6.597864e+02;2.450048e-21
6.598364e+02;2.449839e-21
6.598864e+02;2.449631e-21
6.599364e+02;2.449423e-21
6.599864e+02;2.449214e-21
6.600364e+02;2.449006e-21
6.600864e+02;2.448798e-21
6.601364e+02;2.448590e-21
6.601864e+02;2.448381e-21
6.602364e+02;2.448173e-21
6.602864e+02;2.447965e-21
6.603364e+02;2.447757e-21
6.603864e+02;2.447549e-21
6.604364e+02;2.447341e-21
6.604864e+02;2.447133e-21
6.605364e+02;2.446925e-21
6.605864e+02;2.446717e-21
6.606364e+02;2.446509e-21
6.606864e+02;2.446301e-21
6.607364e+02;2.446093e-21
6.607864e+02;2.445885e-21
6.608364e+02;2.445678e-21
6.608864e+02;2.445470e-21
6.609364e+02;2.445262e-21
6.609864e+02;2.445055e-21
6.610364e+02;2.444847e-21
6.610864e+02;2.444639e-21
6.611364e+02;2.444432e-21
6.611864e+02;2.444224e-21
6.612364e+02;2.444017e-21
6.612865e+02;2.443809e-21
6.613365e+02;2.443602e-21
6.613865e+02;2.443394e-21
6.614365e+02;2.443187e-21
6.614865e+02;2.442979e-21
6.615365e+02;2.442772e-21
6.615865e+02;2.442565e-21
6.616365e+02;2.442357e-21
6.616865e+02;2.442150e-21
6.617365e+02;2.441943e-21
6.617865e+02;2.441736e-21
6.618365e+02;2.441529e-21
6.618865e+02;2.441322e-21
6.619365e+02;2.441114e-21
6.619865e+02;2.440907e-21
6.620365e+02;2.440700e-21
6.620865e+02;2.440493e-21
6.621365e+02;2.440286e-21
6.621865e+02;2.440079e-21
6.622365e+02;2.439873e-21
6.622865e+02;2.439666e-21
6.623365e+02;2.439459e-21
6.623865e+02;2.439252e-21
6.624365e+02;2.439045e-21
6.624865e+02;2.438838e-21
6.625365e+02;2.438632e-21
6.625865e+02;2.438425e-21
6.626365e+02;2.438218e-21
6.626865e+02;2.438012e-21
6.627365e+02;2.437805e-21
6.627865e+02;2.437599e-21
6.628365e+02;2.437392e-21
6.628865e+02;2.437186e-21
6.629365e+02;2.436979e-21
6.629865e+02;2.436773e-21
6.630365e+02;2.436566e-21
6.630865e+02;2.436360e-21
6.631365e+02;2.436154e-21
6.631865e+02;2.435947e-21
6.632365e+02;2.435741e-21
6.632865e+02;2.435535e-21
6.633365e+02;2.435329e-21
6.633865e+02;2.435122e-21
6.634365e+02;2.434916e-21
6.634865e+02;2.434710e-21
6.635365e+02;2.434504e-21
6.635865e+02;2.434298e-21
6.636365e+02;2.434092e-21
6.636865e+02;2.433886e-21
6.637365e+02;2.433680e-21
6.637866e+02;2.433474e-21
6.638366e+02;2.433268e-21
6.638866e+02;2.433062e-21
6.639366e+02;2.432856e-21
6.639866e+02;2.432651e-21
6.640366e+02;2.432445e-21
6.640866e+02;2.432239e-21
6.641366e+02;2.432033e-21
6.641866e+02;2.431828e-21
6.642366e+02;2.431622e-21
6.642866e+02;2.431416e-21
6.643366e+02;2.431211e-21
6.643866e+02;2.431005e-21
6.644366e+02;2.430800e-21
6.644866e+02;2.430594e-21
6.645366e+02;2.430389e-21
6.645866e+02;2.430183e-21
6.646366e+02;2.429978e-21
6.646866e+02;2.429772e-21
6.647366e+02;2.429567e-21
6.647866e+02;2.429362e-21
6.648366e+02;2.429156e-21
6.648866e+02;2.428951e-21
6.649366e+02;2.428746e-21
6.649866e+02;2.428541e-21
6.650366e+02;2.428336e-21
6.650866e+02;2.428131e-21
6.651366e+02;2.427925e-21
6.651866e+02;2.427720e-21
6.652366e+02;2.427515e-21
6.652866e+02;2.427310e-21
6.653366e+02;2.427105e-21
6.653866e+02;2.426900e-21
6.654366e+02;2.426695e-21
6.654866e+02;2.426491e-21
6.655366e+02;2.426286e-21
6.655866e+02;2.426081e-21
6.656366e+02;2.425876e-21
6.656866e+02;2.425671e-21
6.657366e+02;2.425467e-21
6.657866e+02;2.425262e-21
6.658366e+02;2.425057e-21
6.658866e+02;2.424853e-21
6.659366e+02;2.424648e-21
6.659866e+02;2.424443e-21
6.660366e+02;2.424239e-21
6.660866e+02;2.424034e-21
6.661366e+02;2.423830e-21
6.661866e+02;2.423625e-21
6.662366e+02;2.423421e-21
6.662867e+02;2.423217e-21
6.663367e+02;2.423012e-21
6.663867e+02;2.422808e-21
6.664367e+02;2.422604e-21
6.664867e+02;2.422399e-21
6.665367e+02;2.422195e-21
6.665867e+02;2.421991e-21
6.666367e+02;2.421787e-21
6.666867e+02;2.421583e-21
6.667367e+02;2.421378e-21
6.667867e+02;2.421174e-21
6.668367e+02;2.420970e-21
6.668867e+02;2.420766e-21
6.669367e+02;2.420562e-21
6.669867e+02;2.420358e-21
6.670367e+02;2.420154e-21
6.670867e+02;2.419951e-21
6.671367e+02;2.419747e-21
6.671867e+02;2.419543e-21
6.672367e+02;2.419339e-21
6.672867e+02;2.419135e-21
6.673367e+02;2.418931e-21
6.673867e+02;2.418728e-21
6.674367e+02;2.418524e-21
6.674867e+02;2.418320e-21
6.675367e+02;2.418117e-21
6.675867e+02;2.417913e-21
6.676367e+02;2.417710e-21
6.676867e+02;2.417506e-21
6.677367e+02;2.417303e-21
6.677867e+02;2.417099e-21
6.678367e+02;2.416896e-21
6.678867e+02;2.416692e-21
6.679367e+02;2.416489e-21
6.679867e+02;2.416286e-21
6.680367e+02;2.416082e-21
6.680867e+02;2.415879e-21
6.681367e+02;2.415676e-21
6.681867e+02;2.415472e-21
6.682367e+02;2.415269e-21
6.682867e+02;2.415066e-21
6.683367e+02;2.414863e-21
6.683867e+02;2.414660e-21
6.684367e+02;2.414457e-21
6.684867e+02;2.414254e-21
6.685367e+02;2.414051e-21
6.685867e+02;2.413848e-21
6.686367e+02;2.413645e-21
6.686867e+02;2.413442e-21
6.687367e+02;2.413239e-21
6.687868e+02;2.413036e-21
6.688368e+02;2.412833e-21
6.688868e+02;2.412630e-21
6.689368e+02;2.412428e-21
6.689868e+02;2.412225e-21
6.690368e+02;2.412022e-21
6.690868e+02;2.411819e-21
6.691368e+02;2.411617e-21
6.691868e+02;2.411414e-21
6.692368e+02;2.411212e-21
6.692868e+02;2.411009e-21
6.693368e+02;2.410807e-21
6.693868e+02;2.410604e-21
6.694368e+02;2.410402e-21
6.694868e+02;2.410199e-21
6.695368e+02;2.409997e-21
6.695868e+02;2.409794e-21
6.696368e+02;2.409592e-21
6.696868e+02;2.409390e-21
6.697368e+02;2.409187e-21
6.697868e+02;2.408985e-21
6.698368e+02;2.408783e-21
6.698868e+02;2.408581e-21
6.699368e+02;2.408379e-21
6.699868e+02;2.408176e-21
6.700368e+02;2.407974e-21
6.700868e+02;2.407772e-21
6.701368e+02;2.407570e-21
6.701868e+02;2.407368e-21
6.702368e+02;2.407166e-21
6.702868e+02;2.406964e-21
6.703368e+02;2.406762e-21
6.703868e+02;2.406560e-21
6.704368e+02;2.406359e-21
6.704868e+02;2.406157e-21
6.705368e+02;2.405955e-21
6.705868e+02;2.405753e-21
6.706368e+02;2.405551e-21
6.706868e+02;2.405350e-21
6.707368e+02;2.405148e-21
6.707868e+02;2.404946e-21
6.708368e+02;2.404745e-21
6.708868e+02;2.404543e-21
6.709368e+02;2.404342e-21
6.709868e+02;2.404140e-21
6.710368e+02;2.403938e-21
6.710868e+02;2.403737e-21
6.711368e+02;2.403536e-21
6.711868e+02;2.403334e-21
6.712368e+02;2.403133e-21
6.712869e+02;2.402931e-21
6.713369e+02;2.402730e-21
6.713869e+02;2.402529e-21
6.714369e+02;2.402328e-21
6.714869e+02;2.402126e-21
6.715369e+02;2.401925e-21
6.715869e+02;2.401724e-21
6.716369e+02;2.401523e-21
6.716869e+02;2.401322e-21
6.717369e+02;2.401121e-21
6.717869e+02;2.400920e-21
6.718369e+02;2.400719e-21
6.718869e+02;2.400518e-21
6.719369e+02;2.400317e-21
6.719869e+02;2.400116e-21
6.720369e+02;2.399915e-21
6.720869e+02;2.399714e-21
6.721369e+02;2.399513e-21
6.721869e+02;2.399312e-21
6.722369e+02;2.399111e-21
6.722869e+02;2.398911e-21
6.723369e+02;2.398710e-21
6.723869e+02;2.398509e-21
6.724369e+02;2.398309e-21
6.724869e+02;2.398108e-21
6.725369e+02;2.397907e-21
6.725869e+02;2.397707e-21
6.726369e+02;2.397506e-21
6.726869e+02;2.397306e-21
6.727369e+02;2.397105e-21
6.727869e+02;2.396905e-21
6.728369e+02;2.396704e-21
6.728869e+02;2.396504e-21
6.729369e+02;2.396304e-21
6.729869e+02;2.396103e-21
6.730369e+02;2.395903e-21
6.730869e+02;2.395703e-21
6.731369e+02;2.395502e-21
6.731869e+02;2.395302e-21
6.732369e+02;2.395102e-21
6.732869e+02;2.394902e-21
6.733369e+02;2.394702e-21
6.733869e+02;2.394502e-21
6.734369e+02;2.394302e-21
6.734869e+02;2.394102e-21
6.735369e+02;2.393902e-21
6.735869e+02;2.393702e-21
6.736369e+02;2.393502e-21
6.736869e+02;2.393302e-21
6.737369e+02;2.393102e-21
6.737870e+02;2.392902e-21
6.738370e+02;2.392702e-21
6.738870e+02;2.392502e-21
6.739370e+02;2.392303e-21
6.739870e+02;2.392103e-21
6.740370e+02;2.391903e-21
6.740870e+02;2.391703e-21
6.741370e+02;2.391504e-21
6.741870e+02;2.391304e-21
6.742370e+02;2.391105e-21
6.742870e+02;2.390905e-21
6.743370e+02;2.390705e-21
6.743870e+02;2.390506e-21
6.744370e+02;2.390306e-21
6.744870e+02;2.390107e-21
6.745370e+02;2.389908e-21
6.745870e+02;2.389708e-21
6.746370e+02;2.389509e-21
6.746870e+02;2.389310e-21
6.747370e+02;2.389110e-21
6.747870e+02;2.388911e-21
6.748370e+02;2.388712e-21
6.748870e+02;2.388513e-21
6.749370e+02;2.388313e-21
6.749870e+02;2.388114e-21
6.750370e+02;2.387915e-21
6.750870e+02;2.387716e-21
6.751370e+02;2.387517e-21
6.751870e+02;2.387318e-21
6.752370e+02;2.387119e-21
6.752870e+02;2.386920e-21
6.753370e+02;2.386721e-21
6.753870e+02;2.386522e-21
6.754370e+02;2.386323e-21
6.754870e+02;2.386124e-21
6.755370e+02;2.385926e-21
6.755870e+02;2.385727e-21
6.756370e+02;2.385528e-21
6.756870e+02;2.385329e-21
6.757370e+02;2.385131e-21
6.757870e+02;2.384932e-21
6.758370e+02;2.384733e-21
6.758870e+02;2.384535e-21
6.759370e+02;2.384336e-21
6.759870e+02;2.384137e-21
6.760370e+02;2.383939e-21
6.760870e+02;2.383740e-21
6.761370e+02;2.383542e-21
6.761870e+02;2.383344e-21
6.762370e+02;2.383145e-21
6.762871e+02;2.382947e-21
6.763371e+02;2.382748e-21
6.763871e+02;2.382550e-21
6.764371e+02;2.382352e-21
6.764871e+02;2.382153e-21
6.765371e+02;2.381955e-21
6.765871e+02;2.381757e-21
6.766371e+02;2.381559e-21
6.766871e+02;2.381361e-21
6.767371e+02;2.381163e-21
6.767871e+02;2.380965e-21
6.768371e+02;2.380766e-21
6.768871e+02;2.380568e-21
6.769371e+02;2.380370e-21
6.769871e+02;2.380172e-21
6.770371e+02;2.379975e-21
6.770871e+02;2.379777e-21
6.771371e+02;2.379579e-21
6.771871e+02;2.379381e-21
6.772371e+02;2.379183e-21
6.772871e+02;2.378985e-21
6.773371e+02;2.378787e-21
6.773871e+02;2.378590e-21
6.774371e+02;2.378392e-21
6.774871e+02;2.378194e-21
6.775371e+02;2.377997e-21
6.775871e+02;2.377799e-21
6.776371e+02;2.377602e-21
6.776871e+02;2.377404e-21
6.777371e+02;2.377206e-21
6.777871e+02;2.377009e-21
6.778371e+02;2.376811e-21
6.778871e+02;2.376614e-21
6.779371e+02;2.376417e-21
6.779871e+02;2.376219e-21
6.780371e+02;2.376022e-21
6.780871e+02;2.375824e-21
6.781371e+02;2.375627e-21
6.781871e+02;2.375430e-21
6.782371e+02;2.375233e-21
6.782871e+02;2.375035e-21
6.783371e+02;2.374838e-21
6.783871e+02;2.374641e-21
6.784371e+02;2.374444e-21
6.784871e+02;2.374247e-21
6.785371e+02;2.374050e-21
6.785871e+02;2.373853e-21
6.786371e+02;2.373656e-21
6.786871e+02;2.373459e-21
6.787371e+02;2.373262e-21
6.787872e+02;2.373065e-21
6.788372e+02;2.372868e-21
6.788872e+02;2.372671e-21
6.789372e+02;2.372474e-21
6.789872e+02;2.372278e-21
6.790372e+02;2.372081e-21
6.790872e+02;2.371884e-21
6.791372e+02;2.371687e-21
6.791872e+02;2.371491e-21
6.792372e+02;2.371294e-21
6.792872e+02;2.371097e-21
6.793372e+02;2.370901e-21
6.793872e+02;2.370704e-21
6.794372e+02;2.370508e-21
6.794872e+02;2.370311e-21
6.795372e+02;2.370115e-21
6.795872e+02;2.369918e-21
6.796372e+02;2.369722e-21
6.796872e+02;2.369525e-21
6.797372e+02;2.369329e-21
6.797872e+02;2.369133e-21
6.798372e+02;2.368936e-21
6.798872e+02;2.368740e-21
6.799372e+02;2.368544e-21
6.799872e+02;2.368348e-21
6.800372e+02;2.368151e-21
6.800872e+02;2.367955e-21
6.801372e+02;2.367759e-21
6.801872e+02;2.367563e-21
6.802372e+02;2.367367e-21
6.802872e+02;2.367171e-21
6.803372e+02;2.366975e-21
6.803872e+02;2.366779e-21
6.804372e+02;2.366583e-21
6.804872e+02;2.366387e-21
6.805372e+02;2.366191e-21
6.805872e+02;2.365995e-21
6.806372e+02;2.365799e-21
6.806872e+02;2.365603e-21
6.807372e+02;2.365408e-21
6.807872e+02;2.365212e-21
6.808372e+02;2.365016e-21
6.808872e+02;2.364820e-21
6.809372e+02;2.364625e-21
6.809872e+02;2.364429e-21
6.810372e+02;2.364234e-21
6.810872e+02;2.364038e-21
6.811372e+02;2.363842e-21
6.811872e+02;2.363647e-21
6.812372e+02;2.363451e-21
6.812873e+02;2.363256e-21
6.813373e+02;2.363060e-21
6.813873e+02;2.362865e-21
6.814373e+02;2.362670e-21
6.814873e+02;2.362474e-21
6.815373e+02;2.362279e-21
6.815873e+02;2.362084e-21
6.816373e+02;2.361888e-21
6.816873e+02;2.361693e-21
6.817373e+02;2.361498e-21
6.817873e+02;2.361303e-21
6.818373e+02;2.361108e-21
6.818873e+02;2.360912e-21
6.819373e+02;2.360717e-21
6.819873e+02;2.360522e-21
6.820373e+02;2.360327e-21
6.820873e+02;2.360132e-21
6.821373e+02;2.359937e-21
6.821873e+02;2.359742e-21
6.822373e+02;2.359547e-21
6.822873e+02;2.359352e-21
6.823373e+02;2.359158e-21
6.823873e+02;2.358963e-21
6.824373e+02;2.358768e-21
6.824873e+02;2.358573e-21
6.825373e+02;2.358378e-21
6.825873e+02;2.358184e-21
6.826373e+02;2.357989e-21
6.826873e+02;2.357794e-21
6.827373e+02;2.357600e-21
6.827873e+02;2.357405e-21
6.828373e+02;2.357210e-21
6.828873e+02;2.357016e-21
6.829373e+02;2.356821e-21
6.829873e+02;2.356627e-21
6.830373e+02;2.356432e-21
6.830873e+02;2.356238e-21
6.831373e+02;2.356043e-21
6.831873e+02;2.355849e-21
6.832373e+02;2.355655e-21
6.832873e+02;2.355460e-21
6.833373e+02;2.355266e-21
6.833873e+02;2.355072e-21
6.834373e+02;2.354878e-21
6.834873e+02;2.354683e-21
6.835373e+02;2.354489e-21
6.835873e+02;2.354295e-21
6.836373e+02;2.354101e-21
6.836873e+02;2.353907e-21
6.837373e+02;2.353713e-21
6.837874e+02;2.353519e-21
6.838374e+02;2.353325e-21
6.838874e+02;2.353131e-21
6.839374e+02;2.352937e-21
6.839874e+02;2.352743e-21
6.840374e+02;2.352549e-21
6.840874e+02;2.352355e-21
6.841374e+02;2.352161e-21
6.841874e+02;2.351967e-21
6.842374e+02;2.351774e-21
6.842874e+02;2.351580e-21
6.843374e+02;2.351386e-21
6.843874e+02;2.351192e-21
6.844374e+02;2.350999e-21
6.844874e+02;2.350805e-21
6.845374e+02;2.350611e-21
6.845874e+02;2.350418e-21
6.846374e+02;2.350224e-21
6.846874e+02;2.350031e-21
6.847374e+02;2.349837e-21
6.847874e+02;2.349644e-21
6.848374e+02;2.349450e-21
6.848874e+02;2.349257e-21
6.849374e+02;2.349063e-21
6.849874e+02;2.348870e-21
6.850374e+02;2.348677e-21
6.850874e+02;2.348483e-21
6.851374e+02;2.348290e-21
6.851874e+02;2.348097e-21
6.852374e+02;2.347904e-21
6.852874e+02;2.347710e-21
6.853374e+02;2.347517e-21
6.853874e+02;2.347324e-21
6.854374e+02;2.347131e-21
6.854874e+02;2.346938e-21
6.855374e+02;2.346745e-21
6.855874e+02;2.346552e-21
6.856374e+02;2.346359e-21
6.856874e+02;2.346166e-21
6.857374e+02;2.345973e-21
6.857874e+02;2.345780e-21
6.858374e+02;2.345587e-21
6.858874e+02;2.345394e-21
6.859374e+02;2.345202e-21
6.859874e+02;2.345009e-21
6.860374e+02;2.344816e-21
6.860874e+02;2.344623e-21
6.861374e+02;2.344430e-21
6.861874e+02;2.344238e-21
6.862374e+02;2.344045e-21
6.862875e+02;2.343853e-21
6.863375e+02;2.343660e-21
6.863875e+02;2.343467e-21
6.864375e+02;2.343275e-21
6.864875e+02;2.343082e-21
6.865375e+02;2.342890e-21
6.865875e+02;2.342697e-21
6.866375e+02;2.342505e-21
6.866875e+02;2.342312e-21
6.867375e+02;2.342120e-21
6.867875e+02;2.341928e-21
6.868375e+02;2.341735e-21
6.868875e+02;2.341543e-21
6.869375e+02;2.341351e-21
6.869875e+02;2.341159e-21
6.870375e+02;2.340966e-21
6.870875e+02;2.340774e-21
6.871375e+02;2.340582e-21
6.871875e+02;2.340390e-21
6.872375e+02;2.340198e-21
6.872875e+02;2.340006e-21
6.873375e+02;2.339814e-21
6.873875e+02;2.339622e-21
6.874375e+02;2.339430e-21
6.874875e+02;2.339238e-21
6.875375e+02;2.339046e-21
6.875875e+02;2.338854e-21
6.876375e+02;2.338662e-21
6.876875e+02;2.338470e-21
6.877375e+02;2.338278e-21
6.877875e+02;2.338087e-21
6.878375e+02;2.337895e-21
6.878875e+02;2.337703e-21
6.879375e+02;2.337511e-21
6.879875e+02;2.337320e-21
6.880375e+02;2.337128e-21
6.880875e+02;2.336936e-21
6.881375e+02;2.336745e-21
6.881875e+02;2.336553e-21
6.882375e+02;2.336362e-21
6.882875e+02;2.336170e-21
6.883375e+02;2.335979e-21
6.883875e+02;2.335787e-21
6.884375e+02;2.335596e-21
6.884875e+02;2.335404e-21
6.885375e+02;2.335213e-21
6.885875e+02;2.335022e-21
6.886375e+02;2.334830e-21
6.886875e+02;2.334639e-21
6.887375e+02;2.334448e-21
6.887876e+02;2.334257e-21
6.888376e+02;2.334065e-21
6.888876e+02;2.333874e-21
6.889376e+02;2.333683e-21
6.889876e+02;2.333492e-21
6.890376e+02;2.333301e-21
6.890876e+02;2.333110e-21
6.891376e+02;2.332919e-21
6.891876e+02;2.332728e-21
6.892376e+02;2.332537e-21
6.892876e+02;2.332346e-21
6.893376e+02;2.332155e-21
6.893876e+02;2.331964e-21
6.894376e+02;2.331773e-21
6.894876e+02;2.331582e-21
6.895376e+02;2.331392e-21
6.895876e+02;2.331201e-21
6.896376e+02;2.331010e-21
6.896876e+02;2.330819e-21
6.897376e+02;2.330629e-21
6.897876e+02;2.330438e-21
6.898376e+02;2.330247e-21
6.898876e+02;2.330057e-21
6.899376e+02;2.329866e-21
6.899876e+02;2.329675e-21
6.900376e+02;2.329485e-21
6.900876e+02;2.329294e-21
6.901376e+02;2.329104e-21
6.901876e+02;2.328913e-21
6.902376e+02;2.328723e-21
6.902876e+02;2.328533e-21
6.903376e+02;2.328342e-21
6.903876e+02;2.328152e-21
6.904376e+02;2.327962e-21
6.904876e+02;2.327771e-21
6.905376e+02;2.327581e-21
6.905876e+02;2.327391e-21
6.906376e+02;2.327201e-21
6.906876e+02;2.327010e-21
6.907376e+02;2.326820e-21
6.907876e+02;2.326630e-21
6.908376e+02;2.326440e-21
6.908876e+02;2.326250e-21
6.909376e+02;2.326060e-21
6.909876e+02;2.325870e-21
6.910376e+02;2.325680e-21
6.910876e+02;2.325490e-21
6.911376e+02;2.325300e-21
6.911876e+02;2.325110e-21
6.912376e+02;2.324920e-21
6.912877e+02;2.324730e-21
6.913377e+02;2.324541e-21
6.913877e+02;2.324351e-21
6.914377e+02;2.324161e-21
6.914877e+02;2.323971e-21
6.915377e+02;2.323782e-21
6.915877e+02;2.323592e-21
6.916377e+02;2.323402e-21
6.916877e+02;2.323213e-21
6.917377e+02;2.323023e-21
6.917877e+02;2.322833e-21
6.918377e+02;2.322644e-21
6.918877e+02;2.322454e-21
6.919377e+02;2.322265e-21
6.919877e+02;2.322075e-21
6.920377e+02;2.321886e-21
6.920877e+02;2.321697e-21
6.921377e+02;2.321507e-21
6.921877e+02;2.321318e-21
6.922377e+02;2.321128e-21
6.922877e+02;2.320939e-21
6.923377e+02;2.320750e-21
6.923877e+02;2.320561e-21
6.924377e+02;2.320371e-21
6.924877e+02;2.320182e-21
6.925377e+02;2.319993e-21
6.925877e+02;2.319804e-21
6.926377e+02;2.319615e-21
6.926877e+02;2.319426e-21
6.927377e+02;2.319237e-21
6.927877e+02;2.319048e-21
6.928377e+02;2.318859e-21
6.928877e+02;2.318670e-21
6.929377e+02;2.318481e-21
6.929877e+02;2.318292e-21
6.930377e+02;2.318103e-21
6.930877e+02;2.317914e-21
6.931377e+02;2.317725e-21
6.931877e+02;2.317536e-21
6.932377e+02;2.317348e-21
6.932877e+02;2.317159e-21
6.933377e+02;2.316970e-21
6.933877e+02;2.316782e-21
6.934377e+02;2.316593e-21
6.934877e+02;2.316404e-21
6.935377e+02;2.316216e-21
6.935877e+02;2.316027e-21
6.936377e+02;2.315838e-21
6.936877e+02;2.315650e-21
6.937377e+02;2.315461e-21
6.937878e+02;2.315273e-21
6.938378e+02;2.315084e-21
6.938878e+02;2.314896e-21
6.939378e+02;2.314708e-21
6.939878e+02;2.314519e-21
6.940378e+02;2.314331e-21
6.940878e+02;2.314143e-21
6.941378e+02;2.313954e-21
6.941878e+02;2.313766e-21
6.942378e+02;2.313578e-21
6.942878e+02;2.313390e-21
6.943378e+02;2.313201e-21
6.943878e+02;2.313013e-21
6.944378e+02;2.312825e-21
6.944878e+02;2.312637e-21
6.945378e+02;2.312449e-21
6.945878e+02;2.312261e-21
6.946378e+02;2.312073e-21
6.946878e+02;2.311885e-21
6.947378e+02;2.311697e-21
6.947878e+02;2.311509e-21
6.948378e+02;2.311321e-21
6.948878e+02;2.311133e-21
6.949378e+02;2.310945e-21
6.949878e+02;2.310758e-21
6.950378e+02;2.310570e-21
6.950878e+02;2.310382e-21
6.951378e+02;2.310194e-21
6.951878e+02;2.310007e-21
6.952378e+02;2.309819e-21
6.952878e+02;2.309631e-21
6.953378e+02;2.309444e-21
6.953878e+02;2.309256e-21
6.954378e+02;2.309068e-21
6.954878e+02;2.308881e-21
6.955378e+02;2.308693e-21
6.955878e+02;2.308506e-21
6.956378e+02;2.308318e-21
6.956878e+02;2.308131e-21
6.957378e+02;2.307943e-21
6.957878e+02;2.307756e-21
6.958378e+02;2.307569e-21
6.958878e+02;2.307381e-21
6.959378e+02;2.307194e-21
6.959878e+02;2.307007e-21
6.960378e+02;2.306819e-21
6.960878e+02;2.306632e-21
6.961378e+02;2.306445e-21
6.961878e+02;2.306258e-21
6.962378e+02;2.306071e-21
6.962879e+02;2.305884e-21
6.963379e+02;2.305696e-21
6.963879e+02;2.305509e-21
6.964379e+02;2.305322e-21
6.964879e+02;2.305135e-21
6.965379e+02;2.304948e-21
6.965879e+02;2.304761e-21
6.966379e+02;2.304574e-21
6.966879e+02;2.304387e-21
6.967379e+02;2.304201e-21
6.967879e+02;2.304014e-21
6.968379e+02;2.303827e-21
6.968879e+02;2.303640e-21
6.969379e+02;2.303453e-21
6.969879e+02;2.303267e-21
6.970379e+02;2.303080e-21
6.970879e+02;2.302893e-21
6.971379e+02;2.302706e-21
6.971879e+02;2.302520e-21
6.972379e+02;2.302333e-21
6.972879e+02;2.302147e-21
6.973379e+02;2.301960e-21
6.973879e+02;2.301774e-21
6.974379e+02;2.301587e-21
6.974879e+02;2.301401e-21
6.975379e+02;2.301214e-21
6.975879e+02;2.301028e-21
6.976379e+02;2.300841e-21
6.976879e+02;2.300655e-21
6.977379e+02;2.300469e-21
6.977879e+02;2.300282e-21
6.978379e+02;2.300096e-21
6.978879e+02;2.299910e-21
6.979379e+02;2.299723e-21
6.979879e+02;2.299537e-21
6.980379e+02;2.299351e-21
6.980879e+02;2.299165e-21
6.981379e+02;2.298979e-21
6.981879e+02;2.298793e-21
6.982379e+02;2.298607e-21
6.982879e+02;2.298420e-21
6.983379e+02;2.298234e-21
6.983879e+02;2.298048e-21
6.984379e+02;2.297862e-21
6.984879e+02;2.297677e-21
6.985379e+02;2.297491e-21
6.985879e+02;2.297305e-21
6.986379e+02;2.297119e-21
6.986879e+02;2.296933e-21
6.987379e+02;2.296747e-21
6.987880e+02;2.296561e-21
6.988380e+02;2.296376e-21
6.988880e+02;2.296190e-21
6.989380e+02;2.296004e-21
6.989880e+02;2.295819e-21
6.990380e+02;2.295633e-21
6.990880e+02;2.295447e-21
6.991380e+02;2.295262e-21
6.991880e+02;2.295076e-21
6.992380e+02;2.294891e-21
6.992880e+02;2.294705e-21
6.993380e+02;2.294520e-21
6.993880e+02;2.294334e-21
6.994380e+02;2.294149e-21
6.994880e+02;2.293963e-21
6.995380e+02;2.293778e-21
6.995880e+02;2.293592e-21
6.996380e+02;2.293407e-21
6.996880e+02;2.293222e-21
6.997380e+02;2.293037e-21
6.997880e+02;2.292851e-21
6.998380e+02;2.292666e-21
6.998880e+02;2.292481e-21
6.999380e+02;2.292296e-21
6.999880e+02;2.292111e-21
7.000380e+02;2.291925e-21
7.000880e+02;2.291740e-21
7.001380e+02;2.291555e-21
7.001880e+02;2.291370e-21
7.002380e+02;2.291185e-21
7.002880e+02;2.291000e-21
7.003380e+02;2.290815e-21
7.003880e+02;2.290630e-21
7.004380e+02;2.290445e-21
7.004880e+02;2.290261e-21
7.005380e+02;2.290076e-21
7.005880e+02;2.289891e-21
7.006380e+02;2.289706e-21
7.006880e+02;2.289521e-21
7.007380e+02;2.289336e-21
7.007880e+02;2.289152e-21
7.008380e+02;2.288967e-21
7.008880e+02;2.288782e-21
7.009380e+02;2.288598e-21
7.009880e+02;2.288413e-21
7.010380e+02;2.288229e-21
7.010880e+02;2.288044e-21
7.011380e+02;2.287859e-21
7.011880e+02;2.287675e-21
7.012380e+02;2.287490e-21
7.012881e+02;2.287306e-21
7.013381e+02;2.287122e-21
7.013881e+02;2.286937e-21
7.014381e+02;2.286753e-21
7.014881e+02;2.286568e-21
7.015381e+02;2.286384e-21
7.015881e+02;2.286200e-21
7.016381e+02;2.286015e-21
7.016881e+02;2.285831e-21
7.017381e+02;2.285647e-21
7.017881e+02;2.285463e-21
7.018381e+02;2.285279e-21
7.018881e+02;2.285094e-21
7.019381e+02;2.284910e-21
7.019881e+02;2.284726e-21
7.020381e+02;2.284542e-21
7.020881e+02;2.284358e-21
7.021381e+02;2.284174e-21
7.021881e+02;2.283990e-21
7.022381e+02;2.283806e-21
7.022881e+02;2.283622e-21
7.023381e+02;2.283438e-21
7.023881e+02;2.283254e-21
7.024381e+02;2.283071e-21
7.024881e+02;2.282887e-21
7.025381e+02;2.282703e-21
7.025881e+02;2.282519e-21
7.026381e+02;2.282335e-21
7.026881e+02;2.282152e-21
7.027381e+02;2.281968e-21
7.027881e+02;2.281784e-21
7.028381e+02;2.281601e-21
7.028881e+02;2.281417e-21
7.029381e+02;2.281234e-21
7.029881e+02;2.281050e-21
7.030381e+02;2.280866e-21
7.030881e+02;2.280683e-21
7.031381e+02;2.280499e-21
7.031881e+02;2.280316e-21
7.032381e+02;2.280132e-21
7.032881e+02;2.279949e-21
7.033381e+02;2.279766e-21
7.033881e+02;2.279582e-21
7.034381e+02;2.279399e-21
7.034881e+02;2.279216e-21
7.035381e+02;2.279032e-21
7.035881e+02;2.278849e-21
7.036381e+02;2.278666e-21
7.036881e+02;2.278483e-21
7.037381e+02;2.278300e-21
7.037882e+02;2.278116e-21
7.038382e+02;2.277933e-21
7.038882e+02;2.277750e-21
7.039382e+02;2.277567e-21
7.039882e+02;2.277384e-21
7.040382e+02;2.277201e-21
7.040882e+02;2.277018e-21
7.041382e+02;2.276835e-21
7.041882e+02;2.276652e-21
7.042382e+02;2.276469e-21
7.042882e+02;2.276286e-21
7.043382e+02;2.276103e-21
7.043882e+02;2.275921e-21
7.044382e+02;2.275738e-21
7.044882e+02;2.275555e-21
7.045382e+02;2.275372e-21
7.045882e+02;2.275190e-21
7.046382e+02;2.275007e-21
7.046882e+02;2.274824e-21
7.047382e+02;2.274642e-21
7.047882e+02;2.274459e-21
7.048382e+02;2.274276e-21
7.048882e+02;2.274094e-21
7.049382e+02;2.273911e-21
7.049882e+02;2.273729e-21
7.050382e+02;2.273546e-21
7.050882e+02;2.273364e-21
7.051382e+02;2.273181e-21
7.051882e+02;2.272999e-21
7.052382e+02;2.272816e-21
7.052882e+02;2.272634e-21
7.053382e+02;2.272452e-21
7.053882e+02;2.272269e-21
7.054382e+02;2.272087e-21
7.054882e+02;2.271905e-21
7.055382e+02;2.271723e-21
7.055882e+02;2.271540e-21
7.056382e+02;2.271358e-21
7.056882e+02;2.271176e-21
7.057382e+02;2.270994e-21
7.057882e+02;2.270812e-21
7.058382e+02;2.270630e-21
7.058882e+02;2.270448e-21
7.059382e+02;2.270266e-21
7.059882e+02;2.270084e-21
7.060382e+02;2.269902e-21
7.060882e+02;2.269720e-21
7.061382e+02;2.269538e-21
7.061882e+02;2.269356e-21
7.062382e+02;2.269174e-21
7.062883e+02;2.268992e-21
7.063383e+02;2.268810e-21
7.063883e+02;2.268628e-21
7.064383e+02;2.268447e-21
7.064883e+02;2.268265e-21
7.065383e+02;2.268083e-21
7.065883e+02;2.267901e-21
7.066383e+02;2.267720e-21
7.066883e+02;2.267538e-21
7.067383e+02;2.267357e-21
7.067883e+02;2.267175e-21
7.068383e+02;2.266993e-21
7.068883e+02;2.266812e-21
7.069383e+02;2.266630e-21
7.069883e+02;2.266449e-21
7.070383e+02;2.266267e-21
7.070883e+02;2.266086e-21
7.071383e+02;2.265905e-21
7.071883e+02;2.265723e-21
7.072383e+02;2.265542e-21
7.072883e+02;2.265360e-21
7.073383e+02;2.265179e-21
7.073883e+02;2.264998e-21
7.074383e+02;2.264817e-21
7.074883e+02;2.264635e-21
7.075383e+02;2.264454e-21
7.075883e+02;2.264273e-21
7.076383e+02;2.264092e-21
7.076883e+02;2.263911e-21
7.077383e+02;2.263730e-21
7.077883e+02;2.263548e-21
7.078383e+02;2.263367e-21
7.078883e+02;2.263186e-21
7.079383e+02;2.263005e-21
7.079883e+02;2.262824e-21
7.080383e+02;2.262643e-21
7.080883e+02;2.262463e-21
7.081383e+02;2.262282e-21
7.081883e+02;2.262101e-21
7.082383e+02;2.261920e-21
7.082883e+02;2.261739e-21
7.083383e+02;2.261558e-21
7.083883e+02;2.261378e-21
7.084383e+02;2.261197e-21
7.084883e+02;2.261016e-21
7.085383e+02;2.260835e-21
7.085883e+02;2.260655e-21
7.086383e+02;2.260474e-21
7.086883e+02;2.260293e-21
7.087383e+02;2.260113e-21
7.087884e+02;2.259932e-21
7.088384e+02;2.259752e-21
7.088884e+02;2.259571e-21
7.089384e+02;2.259391e-21
7.089884e+02;2.259210e-21
7.090384e+02;2.259030e-21
7.090884e+02;2.258849e-21
7.091384e+02;2.258669e-21
7.091884e+02;2.258489e-21
7.092384e+02;2.258308e-21
7.092884e+02;2.258128e-21
7.093384e+02;2.257948e-21
7.093884e+02;2.257767e-21
7.094384e+02;2.257587e-21
7.094884e+02;2.257407e-21
7.095384e+02;2.257227e-21
7.095884e+02;2.257047e-21
7.096384e+02;2.256866e-21
7.096884e+02;2.256686e-21
7.097384e+02;2.256506e-21
7.097884e+02;2.256326e-21
7.098384e+02;2.256146e-21
7.098884e+02;2.255966e-21
7.099384e+02;2.255786e-21
7.099884e+02;2.255606e-21
7.100384e+02;2.255426e-21
7.100884e+02;2.255246e-21
7.101384e+02;2.255067e-21
7.101884e+02;2.254887e-21
7.102384e+02;2.254707e-21
7.102884e+02;2.254527e-21
7.103384e+02;2.254347e-21
7.103884e+02;2.254168e-21
7.104384e+02;2.253988e-21
7.104884e+02;2.253808e-21
7.105384e+02;2.253628e-21
7.105884e+02;2.253449e-21
7.106384e+02;2.253269e-21
7.106884e+02;2.253090e-21
7.107384e+02;2.252910e-21
7.107884e+02;2.252730e-21
7.108384e+02;2.252551e-21
7.108884e+02;2.252371e-21
7.109384e+02;2.252192e-21
7.109884e+02;2.252012e-21
7.110384e+02;2.251833e-21
7.110884e+02;2.251654e-21
7.111384e+02;2.251474e-21
7.111884e+02;2.251295e-21
7.112384e+02;2.251116e-21
7.112885e+02;2.250936e-21
7.113385e+02;2.250757e-21
7.113885e+02;2.250578e-21
7.114385e+02;2.250399e-21
7.114885e+02;2.250219e-21
7.115385e+02;2.250040e-21
7.115885e+02;2.249861e-21
7.116385e+02;2.249682e-21
7.116885e+02;2.249503e-21
7.117385e+02;2.249324e-21
7.117885e+02;2.249145e-21
7.118385e+02;2.248966e-21
7.118885e+02;2.248787e-21
7.119385e+02;2.248608e-21
7.119885e+02;2.248429e-21
7.120385e+02;2.248250e-21
7.120885e+02;2.248071e-21
7.121385e+02;2.247892e-21
7.121885e+02;2.247713e-21
7.122385e+02;2.247534e-21
7.122885e+02;2.247356e-21
7.123385e+02;2.247177e-21
7.123885e+02;2.246998e-21
7.124385e+02;2.246819e-21
7.124885e+02;2.246641e-21
7.125385e+02;2.246462e-21
7.125885e+02;2.246283e-21
7.126385e+02;2.246105e-21
7.126885e+02;2.245926e-21
7.127385e+02;2.245748e-21
7.127885e+02;2.245569e-21
7.128385e+02;2.245391e-21
7.128885e+02;2.245212e-21
7.129385e+02;2.245034e-21
7.129885e+02;2.244855e-21
7.130385e+02;2.244677e-21
7.130885e+02;2.244498e-21
7.131385e+02;2.244320e-21
7.131885e+02;2.244142e-21
7.132385e+02;2.243963e-21
7.132885e+02;2.243785e-21
7.133385e+02;2.243607e-21
7.133885e+02;2.243428e-21
7.134385e+02;2.243250e-21
7.134885e+02;2.243072e-21
7.135385e+02;2.242894e-21
7.135885e+02;2.242716e-21
7.136385e+02;2.242538e-21
7.136885e+02;2.242360e-21
7.137385e+02;2.242182e-21
7.137886e+02;2.242003e-21
7.138386e+02;2.241825e-21
7.138886e+02;2.241647e-21
7.139386e+02;2.241469e-21
7.139886e+02;2.241292e-21
7.140386e+02;2.241114e-21
7.140886e+02;2.240936e-21
7.141386e+02;2.240758e-21
7.141886e+02;2.240580e-21
7.142386e+02;2.240402e-21
7.142886e+02;2.240224e-21
7.143386e+02;2.240047e-21
7.143886e+02;2.239869e-21
7.144386e+02;2.239691e-21
7.144886e+02;2.239514e-21
7.145386e+02;2.239336e-21
7.145886e+02;2.239158e-21
7.146386e+02;2.238981e-21
7.146886e+02;2.238803e-21
7.147386e+02;2.238625e-21
7.147886e+02;2.238448e-21
7.148386e+02;2.238270e-21
7.148886e+02;2.238093e-21
7.149386e+02;2.237915e-21
7.149886e+02;2.237738e-21
7.150386e+02;2.237561e-21
7.150886e+02;2.237383e-21
7.151386e+02;2.237206e-21
7.151886e+02;2.237028e-21
7.152386e+02;2.236851e-21
7.152886e+02;2.236674e-21
7.153386e+02;2.236497e-21
7.153886e+02;2.236319e-21
7.154386e+02;2.236142e-21
7.154886e+02;2.235965e-21
7.155386e+02;2.235788e-21
7.155886e+02;2.235611e-21
7.156386e+02;2.235433e-21
7.156886e+02;2.235256e-21
7.157386e+02;2.235079e-21
7.157886e+02;2.234902e-21
7.158386e+02;2.234725e-21
7.158886e+02;2.234548e-21
7.159386e+02;2.234371e-21
7.159886e+02;2.234194e-21
7.160386e+02;2.234017e-21
7.160886e+02;2.233841e-21
7.161386e+02;2.233664e-21
7.161886e+02;2.233487e-21
7.162386e+02;2.233310e-21
7.162887e+02;2.233133e-21
7.163387e+02;2.232956e-21
7.163887e+02;2.232780e-21
7.164387e+02;2.232603e-21
7.164887e+02;2.232426e-21
7.165387e+02;2.232250e-21
7.165887e+02;2.232073e-21
7.166387e+02;2.231896e-21
7.166887e+02;2.231720e-21
7.167387e+02;2.231543e-21
7.167887e+02;2.231367e-21
7.168387e+02;2.231190e-21
7.168887e+02;2.231014e-21
7.169387e+02;2.230837e-21
7.169887e+02;2.230661e-21
7.170387e+02;2.230484e-21
7.170887e+02;2.230308e-21
7.171387e+02;2.230131e-21
7.171887e+02;2.229955e-21
7.172387e+02;2.229779e-21
7.172887e+02;2.229602e-21
7.173387e+02;2.229426e-21
7.173887e+02;2.229250e-21
7.174387e+02;2.229074e-21
7.174887e+02;2.228897e-21
7.175387e+02;2.228721e-21
7.175887e+02;2.228545e-21
7.176387e+02;2.228369e-21
7.176887e+02;2.228193e-21
7.177387e+02;2.228017e-21
7.177887e+02;2.227841e-21
7.178387e+02;2.227665e-21
7.178887e+02;2.227489e-21
7.179387e+02;2.227313e-21
7.179887e+02;2.227137e-21
7.180387e+02;2.226961e-21
7.180887e+02;2.226785e-21
7.181387e+02;2.226609e-21
7.181887e+02;2.226433e-21
7.182387e+02;2.226257e-21
7.182887e+02;2.226082e-21
7.183387e+02;2.225906e-21
7.183887e+02;2.225730e-21
7.184387e+02;2.225554e-21
7.184887e+02;2.225379e-21
7.185387e+02;2.225203e-21
7.185887e+02;2.225027e-21
7.186387e+02;2.224852e-21
7.186887e+02;2.224676e-21
7.187387e+02;2.224500e-21
7.187888e+02;2.224325e-21
7.188388e+02;2.224149e-21
7.188888e+02;2.223974e-21
7.189388e+02;2.223798e-21
7.189888e+02;2.223623e-21
7.190388e+02;2.223447e-21
7.190888e+02;2.223272e-21
7.191388e+02;2.223096e-21
7.191888e+02;2.222921e-21
7.192388e+02;2.222746e-21
7.192888e+02;2.222570e-21
7.193388e+02;2.222395e-21
7.193888e+02;2.222220e-21
7.194388e+02;2.222045e-21
7.194888e+02;2.221869e-21
7.195388e+02;2.221694e-21
7.195888e+02;2.221519e-21
7.196388e+02;2.221344e-21
7.196888e+02;2.221169e-21
7.197388e+02;2.220994e-21
7.197888e+02;2.220819e-21
7.198388e+02;2.220644e-21
7.198888e+02;2.220468e-21
7.199388e+02;2.220293e-21
7.199888e+02;2.220119e-21
7.200388e+02;2.219944e-21
7.200888e+02;2.219769e-21
7.201388e+02;2.219594e-21
7.201888e+02;2.219419e-21
7.202388e+02;2.219244e-21
7.202888e+02;2.219069e-21
7.203388e+02;2.218894e-21
7.203888e+02;2.218720e-21
7.204388e+02;2.218545e-21
7.204888e+02;2.218370e-21
7.205388e+02;2.218195e-21
7.205888e+02;2.218021e-21
7.206388e+02;2.217846e-21
7.206888e+02;2.217671e-21
7.207388e+02;2.217497e-21
7.207888e+02;2.217322e-21
7.208388e+02;2.217148e-21
7.208888e+02;2.216973e-21
7.209388e+02;2.216799e-21
7.209888e+02;2.216624e-21
7.210388e+02;2.216450e-21
7.210888e+02;2.216275e-21
7.211388e+02;2.216101e-21
7.211888e+02;2.215926e-21
7.212388e+02;2.215752e-21
7.212889e+02;2.215578e-21
7.213389e+02;2.215403e-21
7.213889e+02;2.215229e-21
7.214389e+02;2.215055e-21
7.214889e+02;2.214880e-21
7.215389e+02;2.214706e-21
7.215889e+02;2.214532e-21
7.216389e+02;2.214358e-21
7.216889e+02;2.214184e-21
7.217389e+02;2.214010e-21
7.217889e+02;2.213835e-21
7.218389e+02;2.213661e-21
7.218889e+02;2.213487e-21
7.219389e+02;2.213313e-21
7.219889e+02;2.213139e-21
7.220389e+02;2.212965e-21
7.220889e+02;2.212791e-21
7.221389e+02;2.212617e-21
7.221889e+02;2.212443e-21
7.222389e+02;2.212270e-21
7.222889e+02;2.212096e-21
7.223389e+02;2.211922e-21
7.223889e+02;2.211748e-21
7.224389e+02;2.211574e-21
7.224889e+02;2.211400e-21
7.225389e+02;2.211227e-21
7.225889e+02;2.211053e-21
7.226389e+02;2.210879e-21
7.226889e+02;2.210706e-21
7.227389e+02;2.210532e-21
7.227889e+02;2.210358e-21
7.228389e+02;2.210185e-21
7.228889e+02;2.210011e-21
7.229389e+02;2.209838e-21
7.229889e+02;2.209664e-21
7.230389e+02;2.209491e-21
7.230889e+02;2.209317e-21
7.231389e+02;2.209144e-21
7.231889e+02;2.208970e-21
7.232389e+02;2.208797e-21
7.232889e+02;2.208623e-21
7.233389e+02;2.208450e-21
7.233889e+02;2.208277e-21
7.234389e+02;2.208103e-21
7.234889e+02;2.207930e-21
7.235389e+02;2.207757e-21
7.235889e+02;2.207584e-21
7.236389e+02;2.207410e-21
7.236889e+02;2.207237e-21
7.237389e+02;2.207064e-21
7.237890e+02;2.206891e-21
7.238390e+02;2.206718e-21
7.238890e+02;2.206545e-21
7.239390e+02;2.206372e-21
7.239890e+02;2.206199e-21
7.240390e+02;2.206026e-21
7.240890e+02;2.205853e-21
7.241390e+02;2.205680e-21
7.241890e+02;2.205507e-21
7.242390e+02;2.205334e-21
7.242890e+02;2.205161e-21
7.243390e+02;2.204988e-21
7.243890e+02;2.204815e-21
7.244390e+02;2.204642e-21
7.244890e+02;2.204470e-21
7.245390e+02;2.204297e-21
7.245890e+02;2.204124e-21
7.246390e+02;2.203951e-21
7.246890e+02;2.203779e-21
7.247390e+02;2.203606e-21
7.247890e+02;2.203433e-21
7.248390e+02;2.203261e-21
7.248890e+02;2.203088e-21
7.249390e+02;2.202915e-21
7.249890e+02;2.202743e-21
7.250390e+02;2.202570e-21
7.250890e+02;2.202398e-21
7.251390e+02;2.202225e-21
7.251890e+02;2.202053e-21
7.252390e+02;2.201880e-21
7.252890e+02;2.201708e-21
7.253390e+02;2.201535e-21
7.253890e+02;2.201363e-21
7.254390e+02;2.201191e-21
7.254890e+02;2.201018e-21
7.255390e+02;2.200846e-21
7.255890e+02;2.200674e-21
7.256390e+02;2.200502e-21
7.256890e+02;2.200329e-21
7.257390e+02;2.200157e-21
7.257890e+02;2.199985e-21
7.258390e+02;2.199813e-21
7.258890e+02;2.199641e-21
7.259390e+02;2.199468e-21
7.259890e+02;2.199296e-21
7.260390e+02;2.199124e-21
7.260890e+02;2.198952e-21
7.261390e+02;2.198780e-21
7.261890e+02;2.198608e-21
7.262390e+02;2.198436e-21
7.262891e+02;2.198264e-21
7.263391e+02;2.198092e-21
7.263891e+02;2.197921e-21
7.264391e+02;2.197749e-21
7.264891e+02;2.197577e-21
7.265391e+02;2.197405e-21
7.265891e+02;2.197233e-21
7.266391e+02;2.197061e-21
7.266891e+02;2.196890e-21
7.267391e+02;2.196718e-21
7.267891e+02;2.196546e-21
7.268391e+02;2.196374e-21
7.268891e+02;2.196203e-21
7.269391e+02;2.196031e-21
7.269891e+02;2.195860e-21
7.270391e+02;2.195688e-21
7.270891e+02;2.195516e-21
7.271391e+02;2.195345e-21
7.271891e+02;2.195173e-21
7.272391e+02;2.195002e-21
7.272891e+02;2.194830e-21
7.273391e+02;2.194659e-21
7.273891e+02;2.194487e-21
7.274391e+02;2.194316e-21
7.274891e+02;2.194145e-21
7.275391e+02;2.193973e-21
7.275891e+02;2.193802e-21
7.276391e+02;2.193631e-21
7.276891e+02;2.193459e-21
7.277391e+02;2.193288e-21
7.277891e+02;2.193117e-21
7.278391e+02;2.192946e-21
7.278891e+02;2.192775e-21
7.279391e+02;2.192603e-21
7.279891e+02;2.192432e-21
7.280391e+02;2.192261e-21
7.280891e+02;2.192090e-21
7.281391e+02;2.191919e-21
7.281891e+02;2.191748e-21
7.282391e+02;2.191577e-21
7.282891e+02;2.191406e-21
7.283391e+02;2.191235e-21
7.283891e+02;2.191064e-21
7.284391e+02;2.190893e-21
7.284891e+02;2.190722e-21
7.285391e+02;2.190551e-21
7.285891e+02;2.190380e-21
7.286391e+02;2.190209e-21
7.286891e+02;2.190039e-21
7.287391e+02;2.189868e-21
7.287892e+02;2.189697e-21
7.288392e+02;2.189526e-21
7.288892e+02;2.189356e-21
7.289392e+02;2.189185e-21
7.289892e+02;2.189014e-21
7.290392e+02;2.188844e-21
7.290892e+02;2.188673e-21
7.291392e+02;2.188502e-21
7.291892e+02;2.188332e-21
7.292392e+02;2.188161e-21
7.292892e+02;2.187991e-21
7.293392e+02;2.187820e-21
7.293892e+02;2.187650e-21
7.294392e+02;2.187479e-21
7.294892e+02;2.187309e-21
7.295392e+02;2.187138e-21
7.295892e+02;2.186968e-21
7.296392e+02;2.186798e-21
7.296892e+02;2.186627e-21
7.297392e+02;2.186457e-21
7.297892e+02;2.186287e-21
7.298392e+02;2.186116e-21
7.298892e+02;2.185946e-21
7.299392e+02;2.185776e-21
7.299892e+02;2.185606e-21
7.300392e+02;2.185436e-21
7.300892e+02;2.185265e-21
7.301392e+02;2.185095e-21
7.301892e+02;2.184925e-21
7.302392e+02;2.184755e-21
7.302892e+02;2.184585e-21
7.303392e+02;2.184415e-21
7.303892e+02;2.184245e-21
7.304392e+02;2.184075e-21
7.304892e+02;2.183905e-21
7.305392e+02;2.183735e-21
7.305892e+02;2.183565e-21
7.306392e+02;2.183395e-21
7.306892e+02;2.183225e-21
7.307392e+02;2.183055e-21
7.307892e+02;2.182886e-21
7.308392e+02;2.182716e-21
7.308892e+02;2.182546e-21
7.309392e+02;2.182376e-21
7.309892e+02;2.182207e-21
7.310392e+02;2.182037e-21
7.310892e+02;2.181867e-21
7.311392e+02;2.181697e-21
7.311892e+02;2.181528e-21
7.312392e+02;2.181358e-21
7.312893e+02;2.181189e-21
7.313393e+02;2.181019e-21
7.313893e+02;2.180849e-21
7.314393e+02;2.180680e-21
7.314893e+02;2.180510e-21
7.315393e+02;2.180341e-21
7.315893e+02;2.180171e-21
7.316393e+02;2.180002e-21
7.316893e+02;2.179833e-21
7.317393e+02;2.179663e-21
7.317893e+02;2.179494e-21
7.318393e+02;2.179325e-21
7.318893e+02;2.179155e-21
7.319393e+02;2.178986e-21
7.319893e+02;2.178817e-21
7.320393e+02;2.178647e-21
7.320893e+02;2.178478e-21
7.321393e+02;2.178309e-21
7.321893e+02;2.178140e-21
7.322393e+02;2.177971e-21
7.322893e+02;2.177801e-21
7.323393e+02;2.177632e-21
7.323893e+02;2.177463e-21
7.324393e+02;2.177294e-21
7.324893e+02;2.177125e-21
7.325393e+02;2.176956e-21
7.325893e+02;2.176787e-21
7.326393e+02;2.176618e-21
7.326893e+02;2.176449e-21
7.327393e+02;2.176280e-21
7.327893e+02;2.176111e-21
7.328393e+02;2.175943e-21
7.328893e+02;2.175774e-21
7.329393e+02;2.175605e-21
7.329893e+02;2.175436e-21
7.330393e+02;2.175267e-21
7.330893e+02;2.175098e-21
7.331393e+02;2.174930e-21
7.331893e+02;2.174761e-21
7.332393e+02;2.174592e-21
7.332893e+02;2.174424e-21
7.333393e+02;2.174255e-21
7.333893e+02;2.174086e-21
7.334393e+02;2.173918e-21
7.334893e+02;2.173749e-21
7.335393e+02;2.173581e-21
7.335893e+02;2.173412e-21
7.336393e+02;2.173244e-21
7.336893e+02;2.173075e-21
7.337393e+02;2.172907e-21
7.337894e+02;2.172738e-21
7.338394e+02;2.172570e-21
7.338894e+02;2.172401e-21
7.339394e+02;2.172233e-21
7.339894e+02;2.172065e-21
7.340394e+02;2.171896e-21
7.340894e+02;2.171728e-21
7.341394e+02;2.171560e-21
7.341894e+02;2.171391e-21
7.342394e+02;2.171223e-21
7.342894e+02;2.171055e-21
7.343394e+02;2.170887e-21
7.343894e+02;2.170719e-21
7.344394e+02;2.170551e-21
7.344894e+02;2.170382e-21
7.345394e+02;2.170214e-21
7.345894e+02;2.170046e-21
7.346394e+02;2.169878e-21
7.346894e+02;2.169710e-21
7.347394e+02;2.169542e-21
7.347894e+02;2.169374e-21
7.348394e+02;2.169206e-21
7.348894e+02;2.169038e-21
7.349394e+02;2.168870e-21
7.349894e+02;2.168702e-21
7.350394e+02;2.168535e-21
7.350894e+02;2.168367e-21
7.351394e+02;2.168199e-21
7.351894e+02;2.168031e-21
7.352394e+02;2.167863e-21
7.352894e+02;2.167696e-21
7.353394e+02;2.167528e-21
7.353894e+02;2.167360e-21
7.354394e+02;2.167193e-21
7.354894e+02;2.167025e-21
7.355394e+02;2.166857e-21
7.355894e+02;2.166690e-21
7.356394e+02;2.166522e-21
7.356894e+02;2.166354e-21
7.357394e+02;2.166187e-21
7.357894e+02;2.166019e-21
7.358394e+02;2.165852e-21
7.358894e+02;2.165684e-21
7.359394e+02;2.165517e-21
7.359894e+02;2.165349e-21
7.360394e+02;2.165182e-21
7.360894e+02;2.165015e-21
7.361394e+02;2.164847e-21
7.361894e+02;2.164680e-21
7.362394e+02;2.164513e-21
7.362895e+02;2.164345e-21
7.363395e+02;2.164178e-21
7.363895e+02;2.164011e-21
7.364395e+02;2.163844e-21
7.364895e+02;2.163676e-21
7.365395e+02;2.163509e-21
7.365895e+02;2.163342e-21
7.366395e+02;2.163175e-21
7.366895e+02;2.163008e-21
7.367395e+02;2.162841e-21
7.367895e+02;2.162674e-21
7.368395e+02;2.162507e-21
7.368895e+02;2.162340e-21
7.369395e+02;2.162173e-21
7.369895e+02;2.162006e-21
7.370395e+02;2.161839e-21
7.370895e+02;2.161672e-21
7.371395e+02;2.161505e-21
7.371895e+02;2.161338e-21
7.372395e+02;2.161171e-21
7.372895e+02;2.161004e-21
7.373395e+02;2.160837e-21
7.373895e+02;2.160671e-21
7.374395e+02;2.160504e-21
7.374895e+02;2.160337e-21
7.375395e+02;2.160170e-21
7.375895e+02;2.160004e-21
7.376395e+02;2.159837e-21
7.376895e+02;2.159670e-21
7.377395e+02;2.159504e-21
7.377895e+02;2.159337e-21
7.378395e+02;2.159170e-21
7.378895e+02;2.159004e-21
7.379395e+02;2.158837e-21
7.379895e+02;2.158671e-21
7.380395e+02;2.158504e-21
7.380895e+02;2.158338e-21
7.381395e+02;2.158171e-21
7.381895e+02;2.158005e-21
7.382395e+02;2.157839e-21
7.382895e+02;2.157672e-21
7.383395e+02;2.157506e-21
7.383895e+02;2.157339e-21
7.384395e+02;2.157173e-21
7.384895e+02;2.157007e-21
7.385395e+02;2.156841e-21
7.385895e+02;2.156674e-21
7.386395e+02;2.156508e-21
7.386895e+02;2.156342e-21
7.387395e+02;2.156176e-21
7.387896e+02;2.156010e-21
7.388396e+02;2.155843e-21
7.388896e+02;2.155677e-21
7.389396e+02;2.155511e-21
7.389896e+02;2.155345e-21
7.390396e+02;2.155179e-21
7.390896e+02;2.155013e-21
7.391396e+02;2.154847e-21
7.391896e+02;2.154681e-21
7.392396e+02;2.154515e-21
7.392896e+02;2.154349e-21
7.393396e+02;2.154183e-21
7.393896e+02;2.154017e-21
7.394396e+02;2.153851e-21
7.394896e+02;2.153686e-21
7.395396e+02;2.153520e-21
7.395896e+02;2.153354e-21
7.396396e+02;2.153188e-21
7.396896e+02;2.153022e-21
7.397396e+02;2.152857e-21
7.397896e+02;2.152691e-21
7.398396e+02;2.152525e-21
7.398896e+02;2.152360e-21
7.399396e+02;2.152194e-21
7.399896e+02;2.152028e-21
7.400396e+02;2.151863e-21
7.400896e+02;2.151697e-21
7.401396e+02;2.151532e-21
7.401896e+02;2.151366e-21
7.402396e+02;2.151201e-21
7.402896e+02;2.151035e-21
7.403396e+02;2.150870e-21
7.403896e+02;2.150704e-21
7.404396e+02;2.150539e-21
7.404896e+02;2.150373e-21
7.405396e+02;2.150208e-21
7.405896e+02;2.150043e-21
7.406396e+02;2.149877e-21
7.406896e+02;2.149712e-21
7.407396e+02;2.149547e-21
7.407896e+02;2.149382e-21
7.408396e+02;2.149216e-21
7.408896e+02;2.149051e-21
7.409396e+02;2.148886e-21
7.409896e+02;2.148721e-21
7.410396e+02;2.148556e-21
7.410896e+02;2.148390e-21
7.411396e+02;2.148225e-21
7.411896e+02;2.148060e-21
7.412396e+02;2.147895e-21
7.412897e+02;2.147730e-21
7.413397e+02;2.147565e-21
7.413897e+02;2.147400e-21
7.414397e+02;2.147235e-21
7.414897e+02;2.147070e-21
7.415397e+02;2.146905e-21
7.415897e+02;2.146740e-21
7.416397e+02;2.146575e-21
7.416897e+02;2.146411e-21
7.417397e+02;2.146246e-21
7.417897e+02;2.146081e-21
7.418397e+02;2.145916e-21
7.418897e+02;2.145751e-21
7.419397e+02;2.145587e-21
7.419897e+02;2.145422e-21
7.420397e+02;2.145257e-21
7.420897e+02;2.145093e-21
7.421397e+02;2.144928e-21
7.421897e+02;2.144763e-21
7.422397e+02;2.144599e-21
7.422897e+02;2.144434e-21
7.423397e+02;2.144269e-21
7.423897e+02;2.144105e-21
7.424397e+02;2.143940e-21
7.424897e+02;2.143776e-21
7.425397e+02;2.143611e-21
7.425897e+02;2.143447e-21
7.426397e+02;2.143282e-21
7.426897e+02;2.143118e-21
7.427397e+02;2.142954e-21
7.427897e+02;2.142789e-21
7.428397e+02;2.142625e-21
7.428897e+02;2.142461e-21
7.429397e+02;2.142296e-21
7.429897e+02;2.142132e-21
7.430397e+02;2.141968e-21
7.430897e+02;2.141804e-21
7.431397e+02;2.141639e-21
7.431897e+02;2.141475e-21
7.432397e+02;2.141311e-21
7.432897e+02;2.141147e-21
7.433397e+02;2.140983e-21
7.433897e+02;2.140819e-21
7.434397e+02;2.140654e-21
7.434897e+02;2.140490e-21
7.435397e+02;2.140326e-21
7.435897e+02;2.140162e-21
7.436397e+02;2.139998e-21
7.436897e+02;2.139834e-21
7.437397e+02;2.139670e-21
7.437898e+02;2.139507e-21
7.438398e+02;2.139343e-21
7.438898e+02;2.139179e-21
7.439398e+02;2.139015e-21
7.439898e+02;2.138851e-21
7.440398e+02;2.138687e-21
7.440898e+02;2.138523e-21
7.441398e+02;2.138360e-21
7.441898e+02;2.138196e-21
7.442398e+02;2.138032e-21
7.442898e+02;2.137868e-21
7.443398e+02;2.137705e-21
7.443898e+02;2.137541e-21
7.444398e+02;2.137377e-21
7.444898e+02;2.137214e-21
7.445398e+02;2.137050e-21
7.445898e+02;2.136887e-21
7.446398e+02;2.136723e-21
7.446898e+02;2.136560e-21
7.447398e+02;2.136396e-21
7.447898e+02;2.136233e-21
7.448398e+02;2.136069e-21
7.448898e+02;2.135906e-21
7.449398e+02;2.135742e-21
7.449898e+02;2.135579e-21
7.450398e+02;2.135415e-21
7.450898e+02;2.135252e-21
7.451398e+02;2.135089e-21
7.451898e+02;2.134925e-21
7.452398e+02;2.134762e-21
7.452898e+02;2.134599e-21
7.453398e+02;2.134436e-21
7.453898e+02;2.134272e-21
7.454398e+02;2.134109e-21
7.454898e+02;2.133946e-21
7.455398e+02;2.133783e-21
7.455898e+02;2.133620e-21
7.456398e+02;2.133457e-21
7.456898e+02;2.133294e-21
7.457398e+02;2.133131e-21
7.457898e+02;2.132967e-21
7.458398e+02;2.132804e-21
7.458898e+02;2.132641e-21
7.459398e+02;2.132478e-21
7.459898e+02;2.132315e-21
7.460398e+02;2.132153e-21
7.460898e+02;2.131990e-21
7.461398e+02;2.131827e-21
7.461898e+02;2.131664e-21
7.462398e+02;2.131501e-21
7.462899e+02;2.131338e-21
7.463399e+02;2.131175e-21
7.463899e+02;2.131013e-21
7.464399e+02;2.130850e-21
7.464899e+02;2.130687e-21
7.465399e+02;2.130524e-21
7.465899e+02;2.130362e-21
7.466399e+02;2.130199e-21
7.466899e+02;2.130036e-21
7.467399e+02;2.129874e-21
7.467899e+02;2.129711e-21
7.468399e+02;2.129549e-21
7.468899e+02;2.129386e-21
7.469399e+02;2.129223e-21
7.469899e+02;2.129061e-21
7.470399e+02;2.128898e-21
7.470899e+02;2.128736e-21
7.471399e+02;2.128573e-21
7.471899e+02;2.128411e-21
7.472399e+02;2.128249e-21
7.472899e+02;2.128086e-21
7.473399e+02;2.127924e-21
7.473899e+02;2.127761e-21
7.474399e+02;2.127599e-21
7.474899e+02;2.127437e-21
7.475399e+02;2.127275e-21
7.475899e+02;2.127112e-21
7.476399e+02;2.126950e-21
7.476899e+02;2.126788e-21
7.477399e+02;2.126626e-21
7.477899e+02;2.126463e-21
7.478399e+02;2.126301e-21
7.478899e+02;2.126139e-21
7.479399e+02;2.125977e-21
7.479899e+02;2.125815e-21
7.480399e+02;2.125653e-21
7.480899e+02;2.125491e-21
7.481399e+02;2.125329e-21
7.481899e+02;2.125167e-21
7.482399e+02;2.125005e-21
7.482899e+02;2.124843e-21
7.483399e+02;2.124681e-21
7.483899e+02;2.124519e-21
7.484399e+02;2.124357e-21
7.484899e+02;2.124195e-21
7.485399e+02;2.124034e-21
7.485899e+02;2.123872e-21
7.486399e+02;2.123710e-21
7.486899e+02;2.123548e-21
7.487399e+02;2.123386e-21
7.487900e+02;2.123225e-21
7.488400e+02;2.123063e-21
7.488900e+02;2.122901e-21
7.489400e+02;2.122740e-21
7.489900e+02;2.122578e-21
7.490400e+02;2.122416e-21
7.490900e+02;2.122255e-21
7.491400e+02;2.122093e-21
7.491900e+02;2.121931e-21
7.492400e+02;2.121770e-21
7.492900e+02;2.121608e-21
7.493400e+02;2.121447e-21
7.493900e+02;2.121285e-21
7.494400e+02;2.121124e-21
7.494900e+02;2.120963e-21
7.495400e+02;2.120801e-21
7.495900e+02;2.120640e-21
7.496400e+02;2.120478e-21
7.496900e+02;2.120317e-21
7.497400e+02;2.120156e-21
7.497900e+02;2.119994e-21
7.498400e+02;2.119833e-21
7.498900e+02;2.119672e-21
7.499400e+02;2.119511e-21
7.499900e+02;2.119349e-21
7.500400e+02;2.119188e-21
7.500900e+02;2.119027e-21
7.501400e+02;2.118866e-21
7.501900e+02;2.118705e-21
7.502400e+02;2.118544e-21
7.502900e+02;2.118382e-21
7.503400e+02;2.118221e-21
7.503900e+02;2.118060e-21
7.504400e+02;2.117899e-21
7.504900e+02;2.117738e-21
7.505400e+02;2.117577e-21
7.505900e+02;2.117416e-21
7.506400e+02;2.117255e-21
7.506900e+02;2.117095e-21
7.507400e+02;2.116934e-21
7.507900e+02;2.116773e-21
7.508400e+02;2.116612e-21
7.508900e+02;2.116451e-21
7.509400e+02;2.116290e-21
7.509900e+02;2.116129e-21
7.510400e+02;2.115969e-21
7.510900e+02;2.115808e-21
7.511400e+02;2.115647e-21
7.511900e+02;2.115487e-21
7.512400e+02;2.115326e-21
7.512901e+02;2.115165e-21
7.513401e+02;2.115005e-21
7.513901e+02;2.114844e-21
7.514401e+02;2.114683e-21
7.514901e+02;2.114523e-21
7.515401e+02;2.114362e-21
7.515901e+02;2.114202e-21
7.516401e+02;2.114041e-21
7.516901e+02;2.113881e-21
7.517401e+02;2.113720e-21
7.517901e+02;2.113560e-21
7.518401e+02;2.113399e-21
7.518901e+02;2.113239e-21
7.519401e+02;2.113079e-21
7.519901e+02;2.112918e-21
7.520401e+02;2.112758e-21
7.520901e+02;2.112598e-21
7.521401e+02;2.112437e-21
7.521901e+02;2.112277e-21
7.522401e+02;2.112117e-21
7.522901e+02;2.111956e-21
7.523401e+02;2.111796e-21
7.523901e+02;2.111636e-21
7.524401e+02;2.111476e-21
7.524901e+02;2.111316e-21
7.525401e+02;2.111156e-21
7.525901e+02;2.110996e-21
7.526401e+02;2.110835e-21
7.526901e+02;2.110675e-21
7.527401e+02;2.110515e-21
7.527901e+02;2.110355e-21
7.528401e+02;2.110195e-21
7.528901e+02;2.110035e-21
7.529401e+02;2.109875e-21
7.529901e+02;2.109715e-21
7.530401e+02;2.109556e-21
7.530901e+02;2.109396e-21
7.531401e+02;2.109236e-21
7.531901e+02;2.109076e-21
7.532401e+02;2.108916e-21
7.532901e+02;2.108756e-21
7.533401e+02;2.108597e-21
7.533901e+02;2.108437e-21
7.534401e+02;2.108277e-21
7.534901e+02;2.108117e-21
7.535401e+02;2.107958e-21
7.535901e+02;2.107798e-21
7.536401e+02;2.107638e-21
7.536901e+02;2.107479e-21
7.537401e+02;2.107319e-21
7.537902e+02;2.107159e-21
7.538402e+02;2.107000e-21
7.538902e+02;2.106840e-21
7.539402e+02;2.106681e-21
7.539902e+02;2.106521e-21
7.540402e+02;2.106362e-21
7.540902e+02;2.106202e-21
7.541402e+02;2.106043e-21
7.541902e+02;2.105883e-21
7.542402e+02;2.105724e-21
7.542902e+02;2.105565e-21
7.543402e+02;2.105405e-21
7.543902e+02;2.105246e-21
7.544402e+02;2.105087e-21
7.544902e+02;2.104927e-21
7.545402e+02;2.104768e-21
7.545902e+02;2.104609e-21
7.546402e+02;2.104450e-21
7.546902e+02;2.104290e-21
7.547402e+02;2.104131e-21
7.547902e+02;2.103972e-21
7.548402e+02;2.103813e-21
7.548902e+02;2.103654e-21
7.549402e+02;2.103495e-21
7.549902e+02;2.103336e-21
7.550402e+02;2.103176e-21
7.550902e+02;2.103017e-21
7.551402e+02;2.102858e-21
7.551902e+02;2.102699e-21
7.552402e+02;2.102540e-21
7.552902e+02;2.102381e-21
7.553402e+02;2.102223e-21
7.553902e+02;2.102064e-21
7.554402e+02;2.101905e-21
7.554902e+02;2.101746e-21
7.555402e+02;2.101587e-21
7.555902e+02;2.101428e-21
7.556402e+02;2.101269e-21
7.556902e+02;2.101111e-21
7.557402e+02;2.100952e-21
7.557902e+02;2.100793e-21
7.558402e+02;2.100634e-21
7.558902e+02;2.100476e-21
7.559402e+02;2.100317e-21
7.559902e+02;2.100158e-21
7.560402e+02;2.100000e-21
7.560902e+02;2.099841e-21
7.561402e+02;2.099682e-21
7.561902e+02;2.099524e-21
7.562402e+02;2.099365e-21
7.562903e+02;2.099207e-21
7.563403e+02;2.099048e-21
7.563903e+02;2.098890e-21
7.564403e+02;2.098731e-21
7.564903e+02;2.098573e-21
7.565403e+02;2.098414e-21
7.565903e+02;2.098256e-21
7.566403e+02;2.098098e-21
7.566903e+02;2.097939e-21
7.567403e+02;2.097781e-21
7.567903e+02;2.097623e-21
7.568403e+02;2.097464e-21
7.568903e+02;2.097306e-21
7.569403e+02;2.097148e-21
7.569903e+02;2.096989e-21
7.570403e+02;2.096831e-21
7.570903e+02;2.096673e-21
7.571403e+02;2.096515e-21
7.571903e+02;2.096357e-21
7.572403e+02;2.096199e-21
7.572903e+02;2.096040e-21
7.573403e+02;2.095882e-21
7.573903e+02;2.095724e-21
7.574403e+02;2.095566e-21
7.574903e+02;2.095408e-21
7.575403e+02;2.095250e-21
7.575903e+02;2.095092e-21
7.576403e+02;2.094934e-21
7.576903e+02;2.094776e-21
7.577403e+02;2.094618e-21
7.577903e+02;2.094460e-21
7.578403e+02;2.094303e-21
7.578903e+02;2.094145e-21
7.579403e+02;2.093987e-21
7.579903e+02;2.093829e-21
7.580403e+02;2.093671e-21
7.580903e+02;2.093513e-21
7.581403e+02;2.093356e-21
7.581903e+02;2.093198e-21
7.582403e+02;2.093040e-21
7.582903e+02;2.092882e-21
7.583403e+02;2.092725e-21
7.583903e+02;2.092567e-21
7.584403e+02;2.092410e-21
7.584903e+02;2.092252e-21
7.585403e+02;2.092094e-21
7.585903e+02;2.091937e-21
7.586403e+02;2.091779e-21
7.586903e+02;2.091622e-21
7.587403e+02;2.091464e-21
7.587904e+02;2.091307e-21
7.588404e+02;2.091149e-21
7.588904e+02;2.090992e-21
7.589404e+02;2.090834e-21
7.589904e+02;2.090677e-21
7.590404e+02;2.090520e-21
7.590904e+02;2.090362e-21
7.591404e+02;2.090205e-21
7.591904e+02;2.090047e-21
7.592404e+02;2.089890e-21
7.592904e+02;2.089733e-21
7.593404e+02;2.089576e-21
7.593904e+02;2.089418e-21
7.594404e+02;2.089261e-21
7.594904e+02;2.089104e-21
7.595404e+02;2.088947e-21
7.595904e+02;2.088790e-21
7.596404e+02;2.088633e-21
7.596904e+02;2.088475e-21
7.597404e+02;2.088318e-21
7.597904e+02;2.088161e-21
7.598404e+02;2.088004e-21
7.598904e+02;2.087847e-21
7.599404e+02;2.087690e-21
7.599904e+02;2.087533e-21
7.600404e+02;2.087376e-21
7.600904e+02;2.087219e-21
7.601404e+02;2.087062e-21
7.601904e+02;2.086905e-21
7.602404e+02;2.086749e-21
7.602904e+02;2.086592e-21
7.603404e+02;2.086435e-21
7.603904e+02;2.086278e-21
7.604404e+02;2.086121e-21
7.604904e+02;2.085964e-21
7.605404e+02;2.085808e-21
7.605904e+02;2.085651e-21
7.606404e+02;2.085494e-21
7.606904e+02;2.085337e-21
7.607404e+02;2.085181e-21
7.607904e+02;2.085024e-21
7.608404e+02;2.084867e-21
7.608904e+02;2.084711e-21
7.609404e+02;2.084554e-21
7.609904e+02;2.084398e-21
7.610404e+02;2.084241e-21
7.610904e+02;2.084085e-21
7.611404e+02;2.083928e-21
7.611904e+02;2.083772e-21
7.612404e+02;2.083615e-21
7.612905e+02;2.083459e-21
7.613405e+02;2.083302e-21
7.613905e+02;2.083146e-21
7.614405e+02;2.082989e-21
7.614905e+02;2.082833e-21
7.615405e+02;2.082677e-21
7.615905e+02;2.082520e-21
7.616405e+02;2.082364e-21
7.616905e+02;2.082208e-21
7.617405e+02;2.082052e-21
7.617905e+02;2.081895e-21
7.618405e+02;2.081739e-21
7.618905e+02;2.081583e-21
7.619405e+02;2.081427e-21
7.619905e+02;2.081270e-21
7.620405e+02;2.081114e-21
7.620905e+02;2.080958e-21
7.621405e+02;2.080802e-21
7.621905e+02;2.080646e-21
7.622405e+02;2.080490e-21
7.622905e+02;2.080334e-21
7.623405e+02;2.080178e-21
7.623905e+02;2.080022e-21
7.624405e+02;2.079866e-21
7.624905e+02;2.079710e-21
7.625405e+02;2.079554e-21
7.625905e+02;2.079398e-21
7.626405e+02;2.079242e-21
7.626905e+02;2.079086e-21
7.627405e+02;2.078930e-21
7.627905e+02;2.078775e-21
7.628405e+02;2.078619e-21
7.628905e+02;2.078463e-21
7.629405e+02;2.078307e-21
7.629905e+02;2.078152e-21
7.630405e+02;2.077996e-21
7.630905e+02;2.077840e-21
7.631405e+02;2.077684e-21
7.631905e+02;2.077529e-21
7.632405e+02;2.077373e-21
7.632905e+02;2.077217e-21
7.633405e+02;2.077062e-21
7.633905e+02;2.076906e-21
7.634405e+02;2.076751e-21
7.634905e+02;2.076595e-21
7.635405e+02;2.076440e-21
7.635905e+02;2.076284e-21
7.636405e+02;2.076129e-21
7.636905e+02;2.075973e-21
7.637405e+02;2.075818e-21
7.637906e+02;2.075662e-21
7.638406e+02;2.075507e-21
7.638906e+02;2.075351e-21
7.639406e+02;2.075196e-21
7.639906e+02;2.075041e-21
7.640406e+02;2.074885e-21
7.640906e+02;2.074730e-21
7.641406e+02;2.074575e-21
7.641906e+02;2.074420e-21
7.642406e+02;2.074264e-21
7.642906e+02;2.074109e-21
7.643406e+02;2.073954e-21
7.643906e+02;2.073799e-21
7.644406e+02;2.073644e-21
7.644906e+02;2.073488e-21
7.645406e+02;2.073333e-21
7.645906e+02;2.073178e-21
7.646406e+02;2.073023e-21
7.646906e+02;2.072868e-21
7.647406e+02;2.072713e-21
7.647906e+02;2.072558e-21
7.648406e+02;2.072403e-21
7.648906e+02;2.072248e-21
7.649406e+02;2.072093e-21
7.649906e+02;2.071938e-21
7.650406e+02;2.071783e-21
7.650906e+02;2.071628e-21
7.651406e+02;2.071473e-21
7.651906e+02;2.071319e-21
7.652406e+02;2.071164e-21
7.652906e+02;2.071009e-21
7.653406e+02;2.070854e-21
7.653906e+02;2.070699e-21
7.654406e+02;2.070545e-21
7.654906e+02;2.070390e-21
7.655406e+02;2.070235e-21
7.655906e+02;2.070080e-21
7.656406e+02;2.069926e-21
7.656906e+02;2.069771e-21
7.657406e+02;2.069616e-21
7.657906e+02;2.069462e-21
7.658406e+02;2.069307e-21
7.658906e+02;2.069153e-21
7.659406e+02;2.068998e-21
7.659906e+02;2.068844e-21
7.660406e+02;2.068689e-21
7.660906e+02;2.068535e-21
7.661406e+02;2.068380e-21
7.661906e+02;2.068226e-21
7.662406e+02;2.068071e-21
7.662907e+02;2.067917e-21
7.663407e+02;2.067762e-21
7.663907e+02;2.067608e-21
7.664407e+02;2.067454e-21
7.664907e+02;2.067299e-21
7.665407e+02;2.067145e-21
7.665907e+02;2.066991e-21
7.666407e+02;2.066837e-21
7.666907e+02;2.066682e-21
7.667407e+02;2.066528e-21
7.667907e+02;2.066374e-21
7.668407e+02;2.066220e-21
7.668907e+02;2.066066e-21
7.669407e+02;2.065911e-21
7.669907e+02;2.065757e-21
7.670407e+02;2.065603e-21
7.670907e+02;2.065449e-21
7.671407e+02;2.065295e-21
7.671907e+02;2.065141e-21
7.672407e+02;2.064987e-21
7.672907e+02;2.064833e-21
7.673407e+02;2.064679e-21
7.673907e+02;2.064525e-21
7.674407e+02;2.064371e-21
7.674907e+02;2.064217e-21
7.675407e+02;2.064063e-21
7.675907e+02;2.063909e-21
7.676407e+02;2.063755e-21
7.676907e+02;2.063602e-21
7.677407e+02;2.063448e-21
7.677907e+02;2.063294e-21
7.678407e+02;2.063140e-21
7.678907e+02;2.062986e-21
7.679407e+02;2.062833e-21
7.679907e+02;2.062679e-21
7.680407e+02;2.062525e-21
7.680907e+02;2.062372e-21
7.681407e+02;2.062218e-21
7.681907e+02;2.062064e-21
7.682407e+02;2.061911e-21
7.682907e+02;2.061757e-21
7.683407e+02;2.061603e-21
7.683907e+02;2.061450e-21
7.684407e+02;2.061296e-21
7.684907e+02;2.061143e-21
7.685407e+02;2.060989e-21
7.685907e+02;2.060836e-21
7.686407e+02;2.060682e-21
7.686907e+02;2.060529e-21
7.687407e+02;2.060375e-21
7.687908e+02;2.060222e-21
7.688408e+02;2.060069e-21
7.688908e+02;2.059915e-21
7.689408e+02;2.059762e-21
7.689908e+02;2.059609e-21
7.690408e+02;2.059455e-21
7.690908e+02;2.059302e-21
7.691408e+02;2.059149e-21
7.691908e+02;2.058996e-21
7.692408e+02;2.058842e-21
7.692908e+02;2.058689e-21
7.693408e+02;2.058536e-21
7.693908e+02;2.058383e-21
7.694408e+02;2.058230e-21
7.694908e+02;2.058076e-21
7.695408e+02;2.057923e-21
7.695908e+02;2.057770e-21
7.696408e+02;2.057617e-21
7.696908e+02;2.057464e-21
7.697408e+02;2.057311e-21
7.697908e+02;2.057158e-21
7.698408e+02;2.057005e-21
7.698908e+02;2.056852e-21
7.699408e+02;2.056699e-21
7.699908e+02;2.056546e-21
7.700408e+02;2.056393e-21
7.700908e+02;2.056241e-21
7.701408e+02;2.056088e-21
7.701908e+02;2.055935e-21
7.702408e+02;2.055782e-21
7.702908e+02;2.055629e-21
7.703408e+02;2.055476e-21
7.703908e+02;2.055324e-21
7.704408e+02;2.055171e-21
7.704908e+02;2.055018e-21
7.705408e+02;2.054865e-21
7.705908e+02;2.054713e-21
7.706408e+02;2.054560e-21
7.706908e+02;2.054408e-21
7.707408e+02;2.054255e-21
7.707908e+02;2.054102e-21
7.708408e+02;2.053950e-21
7.708908e+02;2.053797e-21
7.709408e+02;2.053645e-21
7.709908e+02;2.053492e-21
7.710408e+02;2.053340e-21
7.710908e+02;2.053187e-21
7.711408e+02;2.053035e-21
7.711908e+02;2.052882e-21
7.712408e+02;2.052730e-21
7.712909e+02;2.052577e-21
7.713409e+02;2.052425e-21
7.713909e+02;2.052273e-21
7.714409e+02;2.052120e-21
7.714909e+02;2.051968e-21
7.715409e+02;2.051816e-21
7.715909e+02;2.051663e-21
7.716409e+02;2.051511e-21
7.716909e+02;2.051359e-21
7.717409e+02;2.051207e-21
7.717909e+02;2.051054e-21
7.718409e+02;2.050902e-21
7.718909e+02;2.050750e-21
7.719409e+02;2.050598e-21
7.719909e+02;2.050446e-21
7.720409e+02;2.050294e-21
7.720909e+02;2.050141e-21
7.721409e+02;2.049989e-21
7.721909e+02;2.049837e-21
7.722409e+02;2.049685e-21
7.722909e+02;2.049533e-21
7.723409e+02;2.049381e-21
7.723909e+02;2.049229e-21
7.724409e+02;2.049077e-21
7.724909e+02;2.048925e-21
7.725409e+02;2.048774e-21
7.725909e+02;2.048622e-21
7.726409e+02;2.048470e-21
7.726909e+02;2.048318e-21
7.727409e+02;2.048166e-21
7.727909e+02;2.048014e-21
7.728409e+02;2.047863e-21
7.728909e+02;2.047711e-21
7.729409e+02;2.047559e-21
7.729909e+02;2.047407e-21
7.730409e+02;2.047256e-21
7.730909e+02;2.047104e-21
7.731409e+02;2.046952e-21
7.731909e+02;2.046800e-21
7.732409e+02;2.046649e-21
7.732909e+02;2.046497e-21
7.733409e+02;2.046346e-21
7.733909e+02;2.046194e-21
7.734409e+02;2.046043e-21
7.734909e+02;2.045891e-21
7.735409e+02;2.045739e-21
7.735909e+02;2.045588e-21
7.736409e+02;2.045436e-21
7.736909e+02;2.045285e-21
7.737409e+02;2.045134e-21
7.737910e+02;2.044982e-21
7.738410e+02;2.044831e-21
7.738910e+02;2.044679e-21
7.739410e+02;2.044528e-21
7.739910e+02;2.044377e-21
7.740410e+02;2.044225e-21
7.740910e+02;2.044074e-21
7.741410e+02;2.043923e-21
7.741910e+02;2.043772e-21
7.742410e+02;2.043620e-21
7.742910e+02;2.043469e-21
7.743410e+02;2.043318e-21
7.743910e+02;2.043167e-21
7.744410e+02;2.043015e-21
7.744910e+02;2.042864e-21
7.745410e+02;2.042713e-21
7.745910e+02;2.042562e-21
7.746410e+02;2.042411e-21
7.746910e+02;2.042260e-21
7.747410e+02;2.042109e-21
7.747910e+02;2.041958e-21
7.748410e+02;2.041807e-21
7.748910e+02;2.041656e-21
7.749410e+02;2.041505e-21
7.749910e+02;2.041354e-21
7.750410e+02;2.041203e-21
7.750910e+02;2.041052e-21
7.751410e+02;2.040901e-21
7.751910e+02;2.040750e-21
7.752410e+02;2.040600e-21
7.752910e+02;2.040449e-21
7.753410e+02;2.040298e-21
7.753910e+02;2.040147e-21
7.754410e+02;2.039996e-21
7.754910e+02;2.039846e-21
7.755410e+02;2.039695e-21
7.755910e+02;2.039544e-21
7.756410e+02;2.039393e-21
7.756910e+02;2.039243e-21
7.757410e+02;2.039092e-21
7.757910e+02;2.038941e-21
7.758410e+02;2.038791e-21
7.758910e+02;2.038640e-21
7.759410e+02;2.038490e-21
7.759910e+02;2.038339e-21
7.760410e+02;2.038189e-21
7.760910e+02;2.038038e-21
7.761410e+02;2.037888e-21
7.761910e+02;2.037737e-21
7.762410e+02;2.037587e-21
7.762911e+02;2.037436e-21
7.763411e+02;2.037286e-21
7.763911e+02;2.037135e-21
7.764411e+02;2.036985e-21
7.764911e+02;2.036835e-21
7.765411e+02;2.036684e-21
7.765911e+02;2.036534e-21
7.766411e+02;2.036384e-21
7.766911e+02;2.036233e-21
7.767411e+02;2.036083e-21
7.767911e+02;2.035933e-21
7.768411e+02;2.035783e-21
7.768911e+02;2.035632e-21
7.769411e+02;2.035482e-21
7.769911e+02;2.035332e-21
7.770411e+02;2.035182e-21
7.770911e+02;2.035032e-21
7.771411e+02;2.034882e-21
7.771911e+02;2.034731e-21
7.772411e+02;2.034581e-21
7.772911e+02;2.034431e-21
7.773411e+02;2.034281e-21
7.773911e+02;2.034131e-21
7.774411e+02;2.033981e-21
7.774911e+02;2.033831e-21
7.775411e+02;2.033681e-21
7.775911e+02;2.033531e-21
7.776411e+02;2.033382e-21
7.776911e+02;2.033232e-21
7.777411e+02;2.033082e-21
7.777911e+02;2.032932e-21
7.778411e+02;2.032782e-21
7.778911e+02;2.032632e-21
7.779411e+02;2.032482e-21
7.779911e+02;2.032333e-21
7.780411e+02;2.032183e-21
7.780911e+02;2.032033e-21
7.781411e+02;2.031883e-21
7.781911e+02;2.031734e-21
7.782411e+02;2.031584e-21
7.782911e+02;2.031434e-21
7.783411e+02;2.031285e-21
7.783911e+02;2.031135e-21
7.784411e+02;2.030985e-21
7.784911e+02;2.030836e-21
7.785411e+02;2.030686e-21
7.785911e+02;2.030537e-21
7.786411e+02;2.030387e-21
7.786911e+02;2.030238e-21
7.787411e+02;2.030088e-21
7.787912e+02;2.029939e-21
7.788412e+02;2.029789e-21
7.788912e+02;2.029640e-21
7.789412e+02;2.029490e-21
7.789912e+02;2.029341e-21
7.790412e+02;2.029192e-21
7.790912e+02;2.029042e-21
7.791412e+02;2.028893e-21
7.791912e+02;2.028744e-21
7.792412e+02;2.028594e-21
7.792912e+02;2.028445e-21
7.793412e+02;2.028296e-21
7.793912e+02;2.028147e-21
7.794412e+02;2.027997e-21
7.794912e+02;2.027848e-21
7.795412e+02;2.027699e-21
7.795912e+02;2.027550e-21
7.796412e+02;2.027401e-21
7.796912e+02;2.027251e-21
7.797412e+02;2.027102e-21
7.797912e+02;2.026953e-21
7.798412e+02;2.026804e-21
7.798912e+02;2.026655e-21
7.799412e+02;2.026506e-21
7.799912e+02;2.026357e-21
7.800412e+02;2.026208e-21
7.800912e+02;2.026059e-21
7.801412e+02;2.025910e-21
7.801912e+02;2.025761e-21
7.802412e+02;2.025612e-21
7.802912e+02;2.025463e-21
7.803412e+02;2.025315e-21
7.803912e+02;2.025166e-21
7.804412e+02;2.025017e-21
7.804912e+02;2.024868e-21
7.805412e+02;2.024719e-21
7.805912e+02;2.024570e-21
7.806412e+02;2.024422e-21
7.806912e+02;2.024273e-21
7.807412e+02;2.024124e-21
7.807912e+02;2.023976e-21
7.808412e+02;2.023827e-21
7.808912e+02;2.023678e-21
7.809412e+02;2.023530e-21
7.809912e+02;2.023381e-21
7.810412e+02;2.023232e-21
7.810912e+02;2.023084e-21
7.811412e+02;2.022935e-21
7.811912e+02;2.022787e-21
7.812412e+02;2.022638e-21
7.812913e+02;2.022490e-21
7.813413e+02;2.022341e-21
7.813913e+02;2.022193e-21
7.814413e+02;2.022044e-21
7.814913e+02;2.021896e-21
7.815413e+02;2.021747e-21
7.815913e+02;2.021599e-21
7.816413e+02;2.021450e-21
7.816913e+02;2.021302e-21
7.817413e+02;2.021154e-21
7.817913e+02;2.021005e-21
7.818413e+02;2.020857e-21
7.818913e+02;2.020709e-21
7.819413e+02;2.020561e-21
7.819913e+02;2.020412e-21
7.820413e+02;2.020264e-21
7.820913e+02;2.020116e-21
7.821413e+02;2.019968e-21
7.821913e+02;2.019820e-21
7.822413e+02;2.019671e-21
7.822913e+02;2.019523e-21
7.823413e+02;2.019375e-21
7.823913e+02;2.019227e-21
7.824413e+02;2.019079e-21
7.824913e+02;2.018931e-21
7.825413e+02;2.018783e-21
7.825913e+02;2.018635e-21
7.826413e+02;2.018487e-21
7.826913e+02;2.018339e-21
7.827413e+02;2.018191e-21
7.827913e+02;2.018043e-21
7.828413e+02;2.017895e-21
7.828913e+02;2.017747e-21
7.829413e+02;2.017599e-21
7.829913e+02;2.017451e-21
7.830413e+02;2.017303e-21
7.830913e+02;2.017156e-21
7.831413e+02;2.017008e-21
7.831913e+02;2.016860e-21
7.832413e+02;2.016712e-21
7.832913e+02;2.016565e-21
7.833413e+02;2.016417e-21
7.833913e+02;2.016269e-21
7.834413e+02;2.016121e-21
7.834913e+02;2.015974e-21
7.835413e+02;2.015826e-21
7.835913e+02;2.015678e-21
7.836413e+02;2.015531e-21
7.836913e+02;2.015383e-21
7.837413e+02;2.015236e-21
7.837914e+02;2.015088e-21
7.838414e+02;2.014940e-21
7.838914e+02;2.014793e-21
7.839414e+02;2.014645e-21
7.839914e+02;2.014498e-21
7.840414e+02;2.014350e-21
7.840914e+02;2.014203e-21
7.841414e+02;2.014056e-21
7.841914e+02;2.013908e-21
7.842414e+02;2.013761e-21
7.842914e+02;2.013613e-21
7.843414e+02;2.013466e-21
7.843914e+02;2.013319e-21
7.844414e+02;2.013171e-21
7.844914e+02;2.013024e-21
7.845414e+02;2.012877e-21
7.845914e+02;2.012730e-21
7.846414e+02;2.012582e-21
7.846914e+02;2.012435e-21
7.847414e+02;2.012288e-21
7.847914e+02;2.012141e-21
7.848414e+02;2.011994e-21
7.848914e+02;2.011846e-21
7.849414e+02;2.011699e-21
7.849914e+02;2.011552e-21
7.850414e+02;2.011405e-21
7.850914e+02;2.011258e-21
7.851414e+02;2.011111e-21
7.851914e+02;2.010964e-21
7.852414e+02;2.010817e-21
7.852914e+02;2.010670e-21
7.853414e+02;2.010523e-21
7.853914e+02;2.010376e-21
7.854414e+02;2.010229e-21
7.854914e+02;2.010082e-21
7.855414e+02;2.009935e-21
7.855914e+02;2.009788e-21
7.856414e+02;2.009641e-21
7.856914e+02;2.009495e-21
7.857414e+02;2.009348e-21
7.857914e+02;2.009201e-21
7.858414e+02;2.009054e-21
7.858914e+02;2.008907e-21
7.859414e+02;2.008761e-21
7.859914e+02;2.008614e-21
7.860414e+02;2.008467e-21
7.860914e+02;2.008320e-21
7.861414e+02;2.008174e-21
7.861914e+02;2.008027e-21
7.862414e+02;2.007880e-21
7.862915e+02;2.007734e-21
7.863415e+02;2.007587e-21
7.863915e+02;2.007441e-21
7.864415e+02;2.007294e-21
7.864915e+02;2.007147e-21
7.865415e+02;2.007001e-21
7.865915e+02;2.006854e-21
7.866415e+02;2.006708e-21
7.866915e+02;2.006561e-21
7.867415e+02;2.006415e-21
7.867915e+02;2.006269e-21
7.868415e+02;2.006122e-21
7.868915e+02;2.005976e-21
7.869415e+02;2.005829e-21
7.869915e+02;2.005683e-21
7.870415e+02;2.005537e-21
7.870915e+02;2.005390e-21
7.871415e+02;2.005244e-21
7.871915e+02;2.005098e-21
7.872415e+02;2.004951e-21
7.872915e+02;2.004805e-21
7.873415e+02;2.004659e-21
7.873915e+02;2.004513e-21
7.874415e+02;2.004367e-21
7.874915e+02;2.004220e-21
7.875415e+02;2.004074e-21
7.875915e+02;2.003928e-21
7.876415e+02;2.003782e-21
7.876915e+02;2.003636e-21
7.877415e+02;2.003490e-21
7.877915e+02;2.003344e-21
7.878415e+02;2.003198e-21
7.878915e+02;2.003052e-21
7.879415e+02;2.002906e-21
7.879915e+02;2.002760e-21
7.880415e+02;2.002614e-21
7.880915e+02;2.002468e-21
7.881415e+02;2.002322e-21
7.881915e+02;2.002176e-21
7.882415e+02;2.002030e-21
7.882915e+02;2.001884e-21
7.883415e+02;2.001738e-21
7.883915e+02;2.001592e-21
7.884415e+02;2.001447e-21
7.884915e+02;2.001301e-21
7.885415e+02;2.001155e-21
7.885915e+02;2.001009e-21
7.886415e+02;2.000864e-21
7.886915e+02;2.000718e-21
7.887415e+02;2.000572e-21
7.887916e+02;2.000426e-21
7.888416e+02;2.000281e-21
7.888916e+02;2.000135e-21
7.889416e+02;1.999989e-21
7.889916e+02;1.999844e-21
7.890416e+02;1.999698e-21
7.890916e+02;1.999553e-21
7.891416e+02;1.999407e-21
7.891916e+02;1.999261e-21
7.892416e+02;1.999116e-21
7.892916e+02;1.998970e-21
7.893416e+02;1.998825e-21
7.893916e+02;1.998680e-21
7.894416e+02;1.998534e-21
7.894916e+02;1.998389e-21
7.895416e+02;1.998243e-21
7.895916e+02;1.998098e-21
7.896416e+02;1.997952e-21
7.896916e+02;1.997807e-21
7.897416e+02;1.997662e-21
7.897916e+02;1.997516e-21
7.898416e+02;1.997371e-21
7.898916e+02;1.997226e-21
7.899416e+02;1.997081e-21
7.899916e+02;1.996935e-21
7.900416e+02;1.996790e-21
7.900916e+02;1.996645e-21
7.901416e+02;1.996500e-21
7.901916e+02;1.996354e-21
7.902416e+02;1.996209e-21
7.902916e+02;1.996064e-21
7.903416e+02;1.995919e-21
7.903916e+02;1.995774e-21
7.904416e+02;1.995629e-21
7.904916e+02;1.995484e-21
7.905416e+02;1.995339e-21
7.905916e+02;1.995194e-21
7.906416e+02;1.995049e-21
7.906916e+02;1.994904e-21
7.907416e+02;1.994759e-21
7.907916e+02;1.994614e-21
7.908416e+02;1.994469e-21
7.908916e+02;1.994324e-21
7.909416e+02;1.994179e-21
7.909916e+02;1.994034e-21
7.910416e+02;1.993889e-21
7.910916e+02;1.993745e-21
7.911416e+02;1.993600e-21
7.911916e+02;1.993455e-21
7.912416e+02;1.993310e-21
7.912917e+02;1.993165e-21
7.913417e+02;1.993021e-21
7.913917e+02;1.992876e-21
7.914417e+02;1.992731e-21
7.914917e+02;1.992586e-21
7.915417e+02;1.992442e-21
7.915917e+02;1.992297e-21
7.916417e+02;1.992152e-21
7.916917e+02;1.992008e-21
7.917417e+02;1.991863e-21
7.917917e+02;1.991719e-21
7.918417e+02;1.991574e-21
7.918917e+02;1.991430e-21
7.919417e+02;1.991285e-21
7.919917e+02;1.991140e-21
7.920417e+02;1.990996e-21
7.920917e+02;1.990852e-21
7.921417e+02;1.990707e-21
7.921917e+02;1.990563e-21
7.922417e+02;1.990418e-21
7.922917e+02;1.990274e-21
7.923417e+02;1.990129e-21
7.923917e+02;1.989985e-21
7.924417e+02;1.989841e-21
7.924917e+02;1.989696e-21
7.925417e+02;1.989552e-21
7.925917e+02;1.989408e-21
7.926417e+02;1.989263e-21
7.926917e+02;1.989119e-21
7.927417e+02;1.988975e-21
7.927917e+02;1.988831e-21
7.928417e+02;1.988687e-21
7.928917e+02;1.988542e-21
7.929417e+02;1.988398e-21
7.929917e+02;1.988254e-21
7.930417e+02;1.988110e-21
7.930917e+02;1.987966e-21
7.931417e+02;1.987822e-21
7.931917e+02;1.987678e-21
7.932417e+02;1.987534e-21
7.932917e+02;1.987390e-21
7.933417e+02;1.987246e-21
7.933917e+02;1.987102e-21
7.934417e+02;1.986958e-21
7.934917e+02;1.986814e-21
7.935417e+02;1.986670e-21
7.935917e+02;1.986526e-21
7.936417e+02;1.986382e-21
7.936917e+02;1.986238e-21
7.937417e+02;1.986094e-21
7.937918e+02;1.985950e-21
7.938418e+02;1.985806e-21
7.938918e+02;1.985663e-21
7.939418e+02;1.985519e-21
7.939918e+02;1.985375e-21
7.940418e+02;1.985231e-21
7.940918e+02;1.985087e-21
7.941418e+02;1.984944e-21
7.941918e+02;1.984800e-21
7.942418e+02;1.984656e-21
7.942918e+02;1.984513e-21
7.943418e+02;1.984369e-21
7.943918e+02;1.984225e-21
7.944418e+02;1.984082e-21
7.944918e+02;1.983938e-21
7.945418e+02;1.983795e-21
7.945918e+02;1.983651e-21
7.946418e+02;1.983507e-21
7.946918e+02;1.983364e-21
7.947418e+02;1.983220e-21
7.947918e+02;1.983077e-21
7.948418e+02;1.982933e-21
7.948918e+02;1.982790e-21
7.949418e+02;1.982647e-21
7.949918e+02;1.982503e-21
7.950418e+02;1.982360e-21
7.950918e+02;1.982216e-21
7.951418e+02;1.982073e-21
7.951918e+02;1.981930e-21
7.952418e+02;1.981786e-21
7.952918e+02;1.981643e-21
7.953418e+02;1.981500e-21
7.953918e+02;1.981356e-21
7.954418e+02;1.981213e-21
7.954918e+02;1.981070e-21
7.955418e+02;1.980927e-21
7.955918e+02;1.980784e-21
7.956418e+02;1.980640e-21
7.956918e+02;1.980497e-21
7.957418e+02;1.980354e-21
7.957918e+02;1.980211e-21
7.958418e+02;1.980068e-21
7.958918e+02;1.979925e-21
7.959418e+02;1.979782e-21
7.959918e+02;1.979639e-21
7.960418e+02;1.979496e-21
7.960918e+02;1.979353e-21
7.961418e+02;1.979210e-21
7.961918e+02;1.979067e-21
7.962418e+02;1.978924e-21
7.962919e+02;1.978781e-21
7.963419e+02;1.978638e-21
7.963919e+02;1.978495e-21
7.964419e+02;1.978352e-21
7.964919e+02;1.978209e-21
7.965419e+02;1.978066e-21
7.965919e+02;1.977923e-21
7.966419e+02;1.977780e-21
7.966919e+02;1.977638e-21
7.967419e+02;1.977495e-21
7.967919e+02;1.977352e-21
7.968419e+02;1.977209e-21
7.968919e+02;1.977067e-21
7.969419e+02;1.976924e-21
7.969919e+02;1.976781e-21
7.970419e+02;1.976639e-21
7.970919e+02;1.976496e-21
7.971419e+02;1.976353e-21
7.971919e+02;1.976211e-21
7.972419e+02;1.976068e-21
7.972919e+02;1.975925e-21
7.973419e+02;1.975783e-21
7.973919e+02;1.975640e-21
7.974419e+02;1.975498e-21
7.974919e+02;1.975355e-21
7.975419e+02;1.975213e-21
7.975919e+02;1.975070e-21
7.976419e+02;1.974928e-21
7.976919e+02;1.974785e-21
7.977419e+02;1.974643e-21
7.977919e+02;1.974501e-21
7.978419e+02;1.974358e-21
7.978919e+02;1.974216e-21
7.979419e+02;1.974073e-21
7.979919e+02;1.973931e-21
7.980419e+02;1.973789e-21
7.980919e+02;1.973646e-21
7.981419e+02;1.973504e-21
7.981919e+02;1.973362e-21
7.982419e+02;1.973220e-21
7.982919e+02;1.973077e-21
7.983419e+02;1.972935e-21
7.983919e+02;1.972793e-21
7.984419e+02;1.972651e-21
7.984919e+02;1.972509e-21
7.985419e+02;1.972367e-21
7.985919e+02;1.972224e-21
7.986419e+02;1.972082e-21
7.986919e+02;1.971940e-21
7.987419e+02;1.971798e-21
7.987920e+02;1.971656e-21
7.988420e+02;1.971514e-21
7.988920e+02;1.971372e-21
7.989420e+02;1.971230e-21
7.989920e+02;1.971088e-21
7.990420e+02;1.970946e-21
7.990920e+02;1.970804e-21
7.991420e+02;1.970662e-21
7.991920e+02;1.970520e-21
7.992420e+02;1.970378e-21
7.992920e+02;1.970237e-21
7.993420e+02;1.970095e-21
7.993920e+02;1.969953e-21
7.994420e+02;1.969811e-21
7.994920e+02;1.969669e-21
7.995420e+02;1.969527e-21
7.995920e+02;1.969386e-21
7.996420e+02;1.969244e-21
7.996920e+02;1.969102e-21
7.997420e+02;1.968961e-21
7.997920e+02;1.968819e-21
7.998420e+02;1.968677e-21
7.998920e+02;1.968535e-21
7.999420e+02;1.968394e-21
7.999920e+02;1.968252e-21
8.000420e+02;1.968111e-21
8.000920e+02;1.967969e-21
8.001420e+02;1.967827e-21
8.001920e+02;1.967686e-21
8.002420e+02;1.967544e-21
8.002920e+02;1.967403e-21
8.003420e+02;1.967261e-21
8.003920e+02;1.967120e-21
8.004420e+02;1.966978e-21
8.004920e+02;1.966837e-21
8.005420e+02;1.966696e-21
8.005920e+02;1.966554e-21
8.006420e+02;1.966413e-21
8.006920e+02;1.966271e-21
8.007420e+02;1.966130e-21
8.007920e+02;1.965989e-21
8.008420e+02;1.965847e-21
8.008920e+02;1.965706e-21
8.009420e+02;1.965565e-21
8.009920e+02;1.965423e-21
8.010420e+02;1.965282e-21
8.010920e+02;1.965141e-21
8.011420e+02;1.965000e-21
8.011920e+02;1.964859e-21
8.012420e+02;1.964717e-21
8.012921e+02;1.964576e-21
8.013421e+02;1.964435e-21
8.013921e+02;1.964294e-21
8.014421e+02;1.964153e-21
8.014921e+02;1.964012e-21
8.015421e+02;1.963871e-21
8.015921e+02;1.963730e-21
8.016421e+02;1.963589e-21
8.016921e+02;1.963448e-21
8.017421e+02;1.963307e-21
8.017921e+02;1.963166e-21
8.018421e+02;1.963025e-21
8.018921e+02;1.962884e-21
8.019421e+02;1.962743e-21
8.019921e+02;1.962602e-21
8.020421e+02;1.962461e-21
8.020921e+02;1.962320e-21
8.021421e+02;1.962179e-21
8.021921e+02;1.962038e-21
8.022421e+02;1.961898e-21
8.022921e+02;1.961757e-21
8.023421e+02;1.961616e-21
8.023921e+02;1.961475e-21
8.024421e+02;1.961334e-21
8.024921e+02;1.961194e-21
8.025421e+02;1.961053e-21
8.025921e+02;1.960912e-21
8.026421e+02;1.960772e-21
8.026921e+02;1.960631e-21
8.027421e+02;1.960490e-21
8.027921e+02;1.960350e-21
8.028421e+02;1.960209e-21
8.028921e+02;1.960068e-21
8.029421e+02;1.959928e-21
8.029921e+02;1.959787e-21
8.030421e+02;1.959647e-21
8.030921e+02;1.959506e-21
8.031421e+02;1.959366e-21
8.031921e+02;1.959225e-21
8.032421e+02;1.959085e-21
8.032921e+02;1.958944e-21
8.033421e+02;1.958804e-21
8.033921e+02;1.958663e-21
8.034421e+02;1.958523e-21
8.034921e+02;1.958383e-21
8.035421e+02;1.958242e-21
8.035921e+02;1.958102e-21
8.036421e+02;1.957962e-21
8.036921e+02;1.957821e-21
8.037421e+02;1.957681e-21
8.037922e+02;1.957541e-21
8.038422e+02;1.957400e-21
8.038922e+02;1.957260e-21
8.039422e+02;1.957120e-21
8.039922e+02;1.956980e-21
8.040422e+02;1.956839e-21
8.040922e+02;1.956699e-21
8.041422e+02;1.956559e-21
8.041922e+02;1.956419e-21
8.042422e+02;1.956279e-21
8.042922e+02;1.956139e-21
8.043422e+02;1.955999e-21
8.043922e+02;1.955859e-21
8.044422e+02;1.955719e-21
8.044922e+02;1.955579e-21
8.045422e+02;1.955438e-21
8.045922e+02;1.955298e-21
8.046422e+02;1.955159e-21
8.046922e+02;1.955019e-21
8.047422e+02;1.954879e-21
8.047922e+02;1.954739e-21
8.048422e+02;1.954599e-21
8.048922e+02;1.954459e-21
8.049422e+02;1.954319e-21
8.049922e+02;1.954179e-21
8.050422e+02;1.954039e-21
8.050922e+02;1.953899e-21
8.051422e+02;1.953760e-21
8.051922e+02;1.953620e-21
8.052422e+02;1.953480e-21
8.052922e+02;1.953340e-21
8.053422e+02;1.953201e-21
8.053922e+02;1.953061e-21
8.054422e+02;1.952921e-21
8.054922e+02;1.952781e-21
8.055422e+02;1.952642e-21
8.055922e+02;1.952502e-21
8.056422e+02;1.952362e-21
8.056922e+02;1.952223e-21
8.057422e+02;1.952083e-21
8.057922e+02;1.951944e-21
8.058422e+02;1.951804e-21
8.058922e+02;1.951665e-21
8.059422e+02;1.951525e-21
8.059922e+02;1.951386e-21
8.060422e+02;1.951246e-21
8.060922e+02;1.951107e-21
8.061422e+02;1.950967e-21
8.061922e+02;1.950828e-21
8.062422e+02;1.950688e-21
8.062923e+02;1.950549e-21
8.063423e+02;1.950409e-21
8.063923e+02;1.950270e-21
8.064423e+02;1.950131e-21
8.064923e+02;1.949991e-21
8.065423e+02;1.949852e-21
8.065923e+02;1.949713e-21
8.066423e+02;1.949573e-21
8.066923e+02;1.949434e-21
8.067423e+02;1.949295e-21
8.067923e+02;1.949156e-21
8.068423e+02;1.949016e-21
8.068923e+02;1.948877e-21
8.069423e+02;1.948738e-21
8.069923e+02;1.948599e-21
8.070423e+02;1.948460e-21
8.070923e+02;1.948321e-21
8.071423e+02;1.948182e-21
8.071923e+02;1.948042e-21
8.072423e+02;1.947903e-21
8.072923e+02;1.947764e-21
8.073423e+02;1.947625e-21
8.073923e+02;1.947486e-21
8.074423e+02;1.947347e-21
8.074923e+02;1.947208e-21
8.075423e+02;1.947069e-21
8.075923e+02;1.946930e-21
8.076423e+02;1.946791e-21
8.076923e+02;1.946652e-21
8.077423e+02;1.946514e-21
8.077923e+02;1.946375e-21
8.078423e+02;1.946236e-21
8.078923e+02;1.946097e-21
8.079423e+02;1.945958e-21
8.079923e+02;1.945819e-21
8.080423e+02;1.945680e-21
8.080923e+02;1.945542e-21
8.081423e+02;1.945403e-21
8.081923e+02;1.945264e-21
8.082423e+02;1.945125e-21
8.082923e+02;1.944987e-21
8.083423e+02;1.944848e-21
8.083923e+02;1.944709e-21
8.084423e+02;1.944571e-21
8.084923e+02;1.944432e-21
8.085423e+02;1.944293e-21
8.085923e+02;1.944155e-21
8.086423e+02;1.944016e-21
8.086923e+02;1.943878e-21
8.087423e+02;1.943739e-21
8.087924e+02;1.943600e-21
8.088424e+02;1.943462e-21
8.088924e+02;1.943323e-21
8.089424e+02;1.943185e-21
8.089924e+02;1.943046e-21
8.090424e+02;1.942908e-21
8.090924e+02;1.942770e-21
8.091424e+02;1.942631e-21
8.091924e+02;1.942493e-21
8.092424e+02;1.942354e-21
8.092924e+02;1.942216e-21
8.093424e+02;1.942078e-21
8.093924e+02;1.941939e-21
8.094424e+02;1.941801e-21
8.094924e+02;1.941663e-21
8.095424e+02;1.941524e-21
8.095924e+02;1.941386e-21
8.096424e+02;1.941248e-21
8.096924e+02;1.941110e-21
8.097424e+02;1.940971e-21
8.097924e+02;1.940833e-21
8.098424e+02;1.940695e-21
8.098924e+02;1.940557e-21
8.099424e+02;1.940419e-21
8.099924e+02;1.940281e-21
8.100424e+02;1.940142e-21
8.100924e+02;1.940004e-21
8.101424e+02;1.939866e-21
8.101924e+02;1.939728e-21
8.102424e+02;1.939590e-21
8.102924e+02;1.939452e-21
8.103424e+02;1.939314e-21
8.103924e+02;1.939176e-21
8.104424e+02;1.939038e-21
8.104924e+02;1.938900e-21
8.105424e+02;1.938762e-21
8.105924e+02;1.938624e-21
8.106424e+02;1.938486e-21
8.106924e+02;1.938349e-21
8.107424e+02;1.938211e-21
8.107924e+02;1.938073e-21
8.108424e+02;1.937935e-21
8.108924e+02;1.937797e-21
8.109424e+02;1.937659e-21
8.109924e+02;1.937522e-21
8.110424e+02;1.937384e-21
8.110924e+02;1.937246e-21
8.111424e+02;1.937108e-21
8.111924e+02;1.936971e-21
8.112424e+02;1.936833e-21
8.112925e+02;1.936695e-21
8.113425e+02;1.936557e-21
8.113925e+02;1.936420e-21
8.114425e+02;1.936282e-21
8.114925e+02;1.936145e-21
8.115425e+02;1.936007e-21
8.115925e+02;1.935869e-21
8.116425e+02;1.935732e-21
8.116925e+02;1.935594e-21
8.117425e+02;1.935457e-21
8.117925e+02;1.935319e-21
8.118425e+02;1.935182e-21
8.118925e+02;1.935044e-21
8.119425e+02;1.934907e-21
8.119925e+02;1.934769e-21
8.120425e+02;1.934632e-21
8.120925e+02;1.934494e-21
8.121425e+02;1.934357e-21
8.121925e+02;1.934220e-21
8.122425e+02;1.934082e-21
8.122925e+02;1.933945e-21
8.123425e+02;1.933808e-21
8.123925e+02;1.933670e-21
8.124425e+02;1.933533e-21
8.124925e+02;1.933396e-21
8.125425e+02;1.933259e-21
8.125925e+02;1.933121e-21
8.126425e+02;1.932984e-21
8.126925e+02;1.932847e-21
8.127425e+02;1.932710e-21
8.127925e+02;1.932572e-21
8.128425e+02;1.932435e-21
8.128925e+02;1.932298e-21
8.129425e+02;1.932161e-21
8.129925e+02;1.932024e-21
8.130425e+02;1.931887e-21
8.130925e+02;1.931750e-21
8.131425e+02;1.931613e-21
8.131925e+02;1.931476e-21
8.132425e+02;1.931339e-21
8.132925e+02;1.931202e-21
8.133425e+02;1.931065e-21
8.133925e+02;1.930928e-21
8.134425e+02;1.930791e-21
8.134925e+02;1.930654e-21
8.135425e+02;1.930517e-21
8.135925e+02;1.930380e-21
8.136425e+02;1.930243e-21
8.136925e+02;1.930106e-21
8.137425e+02;1.929969e-21
8.137926e+02;1.929832e-21
8.138426e+02;1.929696e-21
8.138926e+02;1.929559e-21
8.139426e+02;1.929422e-21
8.139926e+02;1.929285e-21
8.140426e+02;1.929149e-21
8.140926e+02;1.929012e-21
8.141426e+02;1.928875e-21
8.141926e+02;1.928738e-21
8.142426e+02;1.928602e-21
8.142926e+02;1.928465e-21
8.143426e+02;1.928328e-21
8.143926e+02;1.928192e-21
8.144426e+02;1.928055e-21
8.144926e+02;1.927918e-21
8.145426e+02;1.927782e-21
8.145926e+02;1.927645e-21
8.146426e+02;1.927509e-21
8.146926e+02;1.927372e-21
8.147426e+02;1.927236e-21
8.147926e+02;1.927099e-21
8.148426e+02;1.926963e-21
8.148926e+02;1.926826e-21
8.149426e+02;1.926690e-21
8.149926e+02;1.926553e-21
8.150426e+02;1.926417e-21
8.150926e+02;1.926281e-21
8.151426e+02;1.926144e-21
8.151926e+02;1.926008e-21
8.152426e+02;1.925871e-21
8.152926e+02;1.925735e-21
8.153426e+02;1.925599e-21
8.153926e+02;1.925463e-21
8.154426e+02;1.925326e-21
8.154926e+02;1.925190e-21
8.155426e+02;1.925054e-21
8.155926e+02;1.924918e-21
8.156426e+02;1.924781e-21
8.156926e+02;1.924645e-21
8.157426e+02;1.924509e-21
8.157926e+02;1.924373e-21
8.158426e+02;1.924237e-21
8.158926e+02;1.924100e-21
8.159426e+02;1.923964e-21
8.159926e+02;1.923828e-21
8.160426e+02;1.923692e-21
8.160926e+02;1.923556e-21
8.161426e+02;1.923420e-21
8.161926e+02;1.923284e-21
8.162426e+02;1.923148e-21
8.162927e+02;1.923012e-21
8.163427e+02;1.922876e-21
8.163927e+02;1.922740e-21
8.164427e+02;1.922604e-21
8.164927e+02;1.922468e-21
8.165427e+02;1.922332e-21
8.165927e+02;1.922196e-21
8.166427e+02;1.922061e-21
8.166927e+02;1.921925e-21
8.167427e+02;1.921789e-21
8.167927e+02;1.921653e-21
8.168427e+02;1.921517e-21
8.168927e+02;1.921381e-21
8.169427e+02;1.921246e-21
8.169927e+02;1.921110e-21
8.170427e+02;1.920974e-21
8.170927e+02;1.920838e-21
8.171427e+02;1.920703e-21
8.171927e+02;1.920567e-21
8.172427e+02;1.920431e-21
8.172927e+02;1.920296e-21
8.173427e+02;1.920160e-21
8.173927e+02;1.920024e-21
8.174427e+02;1.919889e-21
8.174927e+02;1.919753e-21
8.175427e+02;1.919618e-21
8.175927e+02;1.919482e-21
8.176427e+02;1.919346e-21
8.176927e+02;1.919211e-21
8.177427e+02;1.919075e-21
8.177927e+02;1.918940e-21
8.178427e+02;1.918804e-21
8.178927e+02;1.918669e-21
8.179427e+02;1.918533e-21
8.179927e+02;1.918398e-21
8.180427e+02;1.918263e-21
8.180927e+02;1.918127e-21
8.181427e+02;1.917992e-21
8.181927e+02;1.917856e-21
8.182427e+02;1.917721e-21
8.182927e+02;1.917586e-21
8.183427e+02;1.917451e-21
8.183927e+02;1.917315e-21
8.184427e+02;1.917180e-21
8.184927e+02;1.917045e-21
8.185427e+02;1.916909e-21
8.185927e+02;1.916774e-21
8.186427e+02;1.916639e-21
8.186927e+02;1.916504e-21
8.187427e+02;1.916369e-21
8.187928e+02;1.916233e-21
8.188428e+02;1.916098e-21
8.188928e+02;1.915963e-21
8.189428e+02;1.915828e-21
8.189928e+02;1.915693e-21
8.190428e+02;1.915558e-21
8.190928e+02;1.915423e-21
8.191428e+02;1.915288e-21
8.191928e+02;1.915153e-21
8.192428e+02;1.915018e-21
8.192928e+02;1.914883e-21
8.193428e+02;1.914748e-21
8.193928e+02;1.914613e-21
8.194428e+02;1.914478e-21
8.194928e+02;1.914343e-21
8.195428e+02;1.914208e-21
8.195928e+02;1.914073e-21
8.196428e+02;1.913938e-21
8.196928e+02;1.913803e-21
8.197428e+02;1.913668e-21
8.197928e+02;1.913534e-21
8.198428e+02;1.913399e-21
8.198928e+02;1.913264e-21
8.199428e+02;1.913129e-21
8.199928e+02;1.912994e-21
8.200428e+02;1.912860e-21
8.200928e+02;1.912725e-21
8.201428e+02;1.912590e-21
8.201928e+02;1.912456e-21
8.202428e+02;1.912321e-21
8.202928e+02;1.912186e-21
8.203428e+02;1.912052e-21
8.203928e+02;1.911917e-21
8.204428e+02;1.911782e-21
8.204928e+02;1.911648e-21
8.205428e+02;1.911513e-21
8.205928e+02;1.911379e-21
8.206428e+02;1.911244e-21
8.206928e+02;1.911109e-21
8.207428e+02;1.910975e-21
8.207928e+02;1.910840e-21
8.208428e+02;1.910706e-21
8.208928e+02;1.910571e-21
8.209428e+02;1.910437e-21
8.209928e+02;1.910303e-21
8.210428e+02;1.910168e-21
8.210928e+02;1.910034e-21
8.211428e+02;1.909899e-21
8.211928e+02;1.909765e-21
8.212428e+02;1.909631e-21
8.212929e+02;1.909496e-21
8.213429e+02;1.909362e-21
8.213929e+02;1.909228e-21
8.214429e+02;1.909093e-21
8.214929e+02;1.908959e-21
8.215429e+02;1.908825e-21
8.215929e+02;1.908691e-21
8.216429e+02;1.908556e-21
8.216929e+02;1.908422e-21
8.217429e+02;1.908288e-21
8.217929e+02;1.908154e-21
8.218429e+02;1.908020e-21
8.218929e+02;1.907886e-21
8.219429e+02;1.907751e-21
8.219929e+02;1.907617e-21
8.220429e+02;1.907483e-21
8.220929e+02;1.907349e-21
8.221429e+02;1.907215e-21
8.221929e+02;1.907081e-21
8.222429e+02;1.906947e-21
8.222929e+02;1.906813e-21
8.223429e+02;1.906679e-21
8.223929e+02;1.906545e-21
8.224429e+02;1.906411e-21
8.224929e+02;1.906277e-21
8.225429e+02;1.906143e-21
8.225929e+02;1.906009e-21
8.226429e+02;1.905875e-21
8.226929e+02;1.905742e-21
8.227429e+02;1.905608e-21
8.227929e+02;1.905474e-21
8.228429e+02;1.905340e-21
8.228929e+02;1.905206e-21
8.229429e+02;1.905072e-21
8.229929e+02;1.904939e-21
8.230429e+02;1.904805e-21
8.230929e+02;1.904671e-21
8.231429e+02;1.904537e-21
8.231929e+02;1.904404e-21
8.232429e+02;1.904270e-21
8.232929e+02;1.904136e-21
8.233429e+02;1.904003e-21
8.233929e+02;1.903869e-21
8.234429e+02;1.903735e-21
8.234929e+02;1.903602e-21
8.235429e+02;1.903468e-21
8.235929e+02;1.903334e-21
8.236429e+02;1.903201e-21
8.236929e+02;1.903067e-21
8.237429e+02;1.902934e-21
8.237930e+02;1.902800e-21
8.238430e+02;1.902667e-21
8.238930e+02;1.902533e-21
8.239430e+02;1.902400e-21
8.239930e+02;1.902266e-21
8.240430e+02;1.902133e-21
8.240930e+02;1.902000e-21
8.241430e+02;1.901866e-21
8.241930e+02;1.901733e-21
8.242430e+02;1.901599e-21
8.242930e+02;1.901466e-21
8.243430e+02;1.901333e-21
8.243930e+02;1.901199e-21
8.244430e+02;1.901066e-21
8.244930e+02;1.900933e-21
8.245430e+02;1.900799e-21
8.245930e+02;1.900666e-21
8.246430e+02;1.900533e-21
8.246930e+02;1.900400e-21
8.247430e+02;1.900267e-21
8.247930e+02;1.900133e-21
8.248430e+02;1.900000e-21
8.248930e+02;1.899867e-21
8.249430e+02;1.899734e-21
8.249930e+02;1.899601e-21
8.250430e+02;1.899468e-21
8.250930e+02;1.899335e-21
8.251430e+02;1.899201e-21
8.251930e+02;1.899068e-21
8.252430e+02;1.898935e-21
8.252930e+02;1.898802e-21
8.253430e+02;1.898669e-21
8.253930e+02;1.898536e-21
8.254430e+02;1.898403e-21
8.254930e+02;1.898270e-21
8.255430e+02;1.898137e-21
8.255930e+02;1.898004e-21
8.256430e+02;1.897872e-21
8.256930e+02;1.897739e-21
8.257430e+02;1.897606e-21
8.257930e+02;1.897473e-21
8.258430e+02;1.897340e-21
8.258930e+02;1.897207e-21
8.259430e+02;1.897074e-21
8.259930e+02;1.896942e-21
8.260430e+02;1.896809e-21
8.260930e+02;1.896676e-21
8.261430e+02;1.896543e-21
8.261930e+02;1.896410e-21
8.262430e+02;1.896278e-21
8.262931e+02;1.896145e-21
8.263431e+02;1.896012e-21
8.263931e+02;1.895880e-21
8.264431e+02;1.895747e-21
8.264931e+02;1.895614e-21
8.265431e+02;1.895482e-21
8.265931e+02;1.895349e-21
8.266431e+02;1.895217e-21
8.266931e+02;1.895084e-21
8.267431e+02;1.894951e-21
8.267931e+02;1.894819e-21
8.268431e+02;1.894686e-21
8.268931e+02;1.894554e-21
8.269431e+02;1.894421e-21
8.269931e+02;1.894289e-21
8.270431e+02;1.894156e-21
8.270931e+02;1.894024e-21
8.271431e+02;1.893891e-21
8.271931e+02;1.893759e-21
8.272431e+02;1.893627e-21
8.272931e+02;1.893494e-21
8.273431e+02;1.893362e-21
8.273931e+02;1.893230e-21
8.274431e+02;1.893097e-21
8.274931e+02;1.892965e-21
8.275431e+02;1.892833e-21
8.275931e+02;1.892700e-21
8.276431e+02;1.892568e-21
8.276931e+02;1.892436e-21
8.277431e+02;1.892303e-21
8.277931e+02;1.892171e-21
8.278431e+02;1.892039e-21
8.278931e+02;1.891907e-21
8.279431e+02;1.891775e-21
8.279931e+02;1.891643e-21
8.280431e+02;1.891510e-21
8.280931e+02;1.891378e-21
8.281431e+02;1.891246e-21
8.281931e+02;1.891114e-21
8.282431e+02;1.890982e-21
8.282931e+02;1.890850e-21
8.283431e+02;1.890718e-21
8.283931e+02;1.890586e-21
8.284431e+02;1.890454e-21
8.284931e+02;1.890322e-21
8.285431e+02;1.890190e-21
8.285931e+02;1.890058e-21
8.286431e+02;1.889926e-21
8.286931e+02;1.889794e-21
8.287431e+02;1.889662e-21
8.287932e+02;1.889530e-21
8.288432e+02;1.889398e-21
8.288932e+02;1.889266e-21
8.289432e+02;1.889135e-21
8.289932e+02;1.889003e-21
8.290432e+02;1.888871e-21
8.290932e+02;1.888739e-21
8.291432e+02;1.888607e-21
8.291932e+02;1.888475e-21
8.292432e+02;1.888344e-21
8.292932e+02;1.888212e-21
8.293432e+02;1.888080e-21
8.293932e+02;1.887949e-21
8.294432e+02;1.887817e-21
8.294932e+02;1.887685e-21
8.295432e+02;1.887553e-21
8.295932e+02;1.887422e-21
8.296432e+02;1.887290e-21
8.296932e+02;1.887159e-21
8.297432e+02;1.887027e-21
8.297932e+02;1.886895e-21
8.298432e+02;1.886764e-21
8.298932e+02;1.886632e-21
8.299432e+02;1.886501e-21
8.299932e+02;1.886369e-21
8.300432e+02;1.886238e-21
8.300932e+02;1.886106e-21
8.301432e+02;1.885975e-21
8.301932e+02;1.885843e-21
8.302432e+02;1.885712e-21
8.302932e+02;1.885580e-21
8.303432e+02;1.885449e-21
8.303932e+02;1.885318e-21
8.304432e+02;1.885186e-21
8.304932e+02;1.885055e-21
8.305432e+02;1.884924e-21
8.305932e+02;1.884792e-21
8.306432e+02;1.884661e-21
8.306932e+02;1.884530e-21
8.307432e+02;1.884398e-21
8.307932e+02;1.884267e-21
8.308432e+02;1.884136e-21
8.308932e+02;1.884005e-21
8.309432e+02;1.883873e-21
8.309932e+02;1.883742e-21
8.310432e+02;1.883611e-21
8.310932e+02;1.883480e-21
8.311432e+02;1.883349e-21
8.311932e+02;1.883217e-21
8.312432e+02;1.883086e-21
8.312933e+02;1.882955e-21
8.313433e+02;1.882824e-21
8.313933e+02;1.882693e-21
8.314433e+02;1.882562e-21
8.314933e+02;1.882431e-21
8.315433e+02;1.882300e-21
8.315933e+02;1.882169e-21
8.316433e+02;1.882038e-21
8.316933e+02;1.881907e-21
8.317433e+02;1.881776e-21
8.317933e+02;1.881645e-21
8.318433e+02;1.881514e-21
8.318933e+02;1.881383e-21
8.319433e+02;1.881252e-21
8.319933e+02;1.881121e-21
8.320433e+02;1.880990e-21
8.320933e+02;1.880860e-21
8.321433e+02;1.880729e-21
8.321933e+02;1.880598e-21
8.322433e+02;1.880467e-21
8.322933e+02;1.880336e-21
8.323433e+02;1.880206e-21
8.323933e+02;1.880075e-21
8.324433e+02;1.879944e-21
8.324933e+02;1.879813e-21
8.325433e+02;1.879683e-21
8.325933e+02;1.879552e-21
8.326433e+02;1.879421e-21
8.326933e+02;1.879291e-21
8.327433e+02;1.879160e-21
8.327933e+02;1.879029e-21
8.328433e+02;1.878899e-21
8.328933e+02;1.878768e-21
8.329433e+02;1.878638e-21
8.329933e+02;1.878507e-21
8.330433e+02;1.878376e-21
8.330933e+02;1.878246e-21
8.331433e+02;1.878115e-21
8.331933e+02;1.877985e-21
8.332433e+02;1.877854e-21
8.332933e+02;1.877724e-21
8.333433e+02;1.877593e-21
8.333933e+02;1.877463e-21
8.334433e+02;1.877333e-21
8.334933e+02;1.877202e-21
8.335433e+02;1.877072e-21
8.335933e+02;1.876941e-21
8.336433e+02;1.876811e-21
8.336933e+02;1.876681e-21
8.337433e+02;1.876550e-21
8.337934e+02;1.876420e-21
8.338434e+02;1.876290e-21
8.338934e+02;1.876159e-21
8.339434e+02;1.876029e-21
8.339934e+02;1.875899e-21
8.340434e+02;1.875769e-21
8.340934e+02;1.875638e-21
8.341434e+02;1.875508e-21
8.341934e+02;1.875378e-21
8.342434e+02;1.875248e-21
8.342934e+02;1.875118e-21
8.343434e+02;1.874987e-21
8.343934e+02;1.874857e-21
8.344434e+02;1.874727e-21
8.344934e+02;1.874597e-21
8.345434e+02;1.874467e-21
8.345934e+02;1.874337e-21
8.346434e+02;1.874207e-21
8.346934e+02;1.874077e-21
8.347434e+02;1.873947e-21
8.347934e+02;1.873817e-21
8.348434e+02;1.873687e-21
8.348934e+02;1.873557e-21
8.349434e+02;1.873427e-21
8.349934e+02;1.873297e-21
8.350434e+02;1.873167e-21
8.350934e+02;1.873037e-21
8.351434e+02;1.872907e-21
8.351934e+02;1.872777e-21
8.352434e+02;1.872648e-21
8.352934e+02;1.872518e-21
8.353434e+02;1.872388e-21
8.353934e+02;1.872258e-21
8.354434e+02;1.872128e-21
8.354934e+02;1.871998e-21
8.355434e+02;1.871869e-21
8.355934e+02;1.871739e-21
8.356434e+02;1.871609e-21
8.356934e+02;1.871479e-21
8.357434e+02;1.871350e-21
8.357934e+02;1.871220e-21
8.358434e+02;1.871090e-21
8.358934e+02;1.870961e-21
8.359434e+02;1.870831e-21
8.359934e+02;1.870701e-21
8.360434e+02;1.870572e-21
8.360934e+02;1.870442e-21
8.361434e+02;1.870313e-21
8.361934e+02;1.870183e-21
8.362434e+02;1.870053e-21
8.362935e+02;1.869924e-21
8.363435e+02;1.869794e-21
8.363935e+02;1.869665e-21
8.364435e+02;1.869535e-21
8.364935e+02;1.869406e-21
8.365435e+02;1.869277e-21
8.365935e+02;1.869147e-21
8.366435e+02;1.869018e-21
8.366935e+02;1.868888e-21
8.367435e+02;1.868759e-21
8.367935e+02;1.868629e-21
8.368435e+02;1.868500e-21
8.368935e+02;1.868371e-21
8.369435e+02;1.868241e-21
8.369935e+02;1.868112e-21
8.370435e+02;1.867983e-21
8.370935e+02;1.867853e-21
8.371435e+02;1.867724e-21
8.371935e+02;1.867595e-21
8.372435e+02;1.867466e-21
8.372935e+02;1.867336e-21
8.373435e+02;1.867207e-21
8.373935e+02;1.867078e-21
8.374435e+02;1.866949e-21
8.374935e+02;1.866820e-21
8.375435e+02;1.866691e-21
8.375935e+02;1.866561e-21
8.376435e+02;1.866432e-21
8.376935e+02;1.866303e-21
8.377435e+02;1.866174e-21
8.377935e+02;1.866045e-21
8.378435e+02;1.865916e-21
8.378935e+02;1.865787e-21
8.379435e+02;1.865658e-21
8.379935e+02;1.865529e-21
8.380435e+02;1.865400e-21
8.380935e+02;1.865271e-21
8.381435e+02;1.865142e-21
8.381935e+02;1.865013e-21
8.382435e+02;1.864884e-21
8.382935e+02;1.864755e-21
8.383435e+02;1.864626e-21
8.383935e+02;1.864497e-21
8.384435e+02;1.864369e-21
8.384935e+02;1.864240e-21
8.385435e+02;1.864111e-21
8.385935e+02;1.863982e-21
8.386435e+02;1.863853e-21
8.386935e+02;1.863724e-21
8.387435e+02;1.863596e-21
8.387936e+02;1.863467e-21
8.388436e+02;1.863338e-21
8.388936e+02;1.863209e-21
8.389436e+02;1.863081e-21
8.389936e+02;1.862952e-21
8.390436e+02;1.862823e-21
8.390936e+02;1.862695e-21
8.391436e+02;1.862566e-21
8.391936e+02;1.862437e-21
8.392436e+02;1.862309e-21
8.392936e+02;1.862180e-21
8.393436e+02;1.862052e-21
8.393936e+02;1.861923e-21
8.394436e+02;1.861794e-21
8.394936e+02;1.861666e-21
8.395436e+02;1.861537e-21
8.395936e+02;1.861409e-21
8.396436e+02;1.861280e-21
8.396936e+02;1.861152e-21
8.397436e+02;1.861023e-21
8.397936e+02;1.860895e-21
8.398436e+02;1.860766e-21
8.398936e+02;1.860638e-21
8.399436e+02;1.860510e-21
8.399936e+02;1.860381e-21
8.400436e+02;1.860253e-21
8.400936e+02;1.860125e-21
8.401436e+02;1.859996e-21
8.401936e+02;1.859868e-21
8.402436e+02;1.859740e-21
8.402936e+02;1.859611e-21
8.403436e+02;1.859483e-21
8.403936e+02;1.859355e-21
8.404436e+02;1.859226e-21
8.404936e+02;1.859098e-21
8.405436e+02;1.858970e-21
8.405936e+02;1.858842e-21
8.406436e+02;1.858714e-21
8.406936e+02;1.858585e-21
8.407436e+02;1.858457e-21
8.407936e+02;1.858329e-21
8.408436e+02;1.858201e-21
8.408936e+02;1.858073e-21
8.409436e+02;1.857945e-21
8.409936e+02;1.857817e-21
8.410436e+02;1.857689e-21
8.410936e+02;1.857561e-21
8.411436e+02;1.857432e-21
8.411936e+02;1.857304e-21
8.412436e+02;1.857176e-21
8.412937e+02;1.857048e-21
8.413437e+02;1.856920e-21
8.413937e+02;1.856793e-21
8.414437e+02;1.856665e-21
8.414937e+02;1.856537e-21
8.415437e+02;1.856409e-21
8.415937e+02;1.856281e-21
8.416437e+02;1.856153e-21
8.416937e+02;1.856025e-21
8.417437e+02;1.855897e-21
8.417937e+02;1.855769e-21
8.418437e+02;1.855642e-21
8.418937e+02;1.855514e-21
8.419437e+02;1.855386e-21
8.419937e+02;1.855258e-21
8.420437e+02;1.855130e-21
8.420937e+02;1.855003e-21
8.421437e+02;1.854875e-21
8.421937e+02;1.854747e-21
8.422437e+02;1.854619e-21
8.422937e+02;1.854492e-21
8.423437e+02;1.854364e-21
8.423937e+02;1.854236e-21
8.424437e+02;1.854109e-21
8.424937e+02;1.853981e-21
8.425437e+02;1.853854e-21
8.425937e+02;1.853726e-21
8.426437e+02;1.853598e-21
8.426937e+02;1.853471e-21
8.427437e+02;1.853343e-21
8.427937e+02;1.853216e-21
8.428437e+02;1.853088e-21
8.428937e+02;1.852961e-21
8.429437e+02;1.852833e-21
8.429937e+02;1.852706e-21
8.430437e+02;1.852578e-21
8.430937e+02;1.852451e-21
8.431437e+02;1.852323e-21
8.431937e+02;1.852196e-21
8.432437e+02;1.852069e-21
8.432937e+02;1.851941e-21
8.433437e+02;1.851814e-21
8.433937e+02;1.851687e-21
8.434437e+02;1.851559e-21
8.434937e+02;1.851432e-21
8.435437e+02;1.851305e-21
8.435937e+02;1.851177e-21
8.436437e+02;1.851050e-21
8.436937e+02;1.850923e-21
8.437437e+02;1.850795e-21
8.437938e+02;1.850668e-21
8.438438e+02;1.850541e-21
8.438938e+02;1.850414e-21
8.439438e+02;1.850287e-21
8.439938e+02;1.850159e-21
8.440438e+02;1.850032e-21
8.440938e+02;1.849905e-21
8.441438e+02;1.849778e-21
8.441938e+02;1.849651e-21
8.442438e+02;1.849524e-21
8.442938e+02;1.849397e-21
8.443438e+02;1.849270e-21
8.443938e+02;1.849143e-21
8.444438e+02;1.849016e-21
8.444938e+02;1.848889e-21
8.445438e+02;1.848762e-21
8.445938e+02;1.848635e-21
8.446438e+02;1.848508e-21
8.446938e+02;1.848381e-21
8.447438e+02;1.848254e-21
8.447938e+02;1.848127e-21
8.448438e+02;1.848000e-21
8.448938e+02;1.847873e-21
8.449438e+02;1.847746e-21
8.449938e+02;1.847619e-21
8.450438e+02;1.847492e-21
8.450938e+02;1.847366e-21
8.451438e+02;1.847239e-21
8.451938e+02;1.847112e-21
8.452438e+02;1.846985e-21
8.452938e+02;1.846858e-21
8.453438e+02;1.846732e-21
8.453938e+02;1.846605e-21
8.454438e+02;1.846478e-21
8.454938e+02;1.846351e-21
8.455438e+02;1.846225e-21
8.455938e+02;1.846098e-21
8.456438e+02;1.845971e-21
8.456938e+02;1.845845e-21
8.457438e+02;1.845718e-21
8.457938e+02;1.845591e-21
8.458438e+02;1.845465e-21
8.458938e+02;1.845338e-21
8.459438e+02;1.845212e-21
8.459938e+02;1.845085e-21
8.460438e+02;1.844958e-21
8.460938e+02;1.844832e-21
8.461438e+02;1.844705e-21
8.461938e+02;1.844579e-21
8.462438e+02;1.844452e-21
8.462939e+02;1.844326e-21
8.463439e+02;1.844199e-21
8.463939e+02;1.844073e-21
8.464439e+02;1.843947e-21
8.464939e+02;1.843820e-21
8.465439e+02;1.843694e-21
8.465939e+02;1.843567e-21
8.466439e+02;1.843441e-21
8.466939e+02;1.843315e-21
8.467439e+02;1.843188e-21
8.467939e+02;1.843062e-21
8.468439e+02;1.842936e-21
8.468939e+02;1.842809e-21
8.469439e+02;1.842683e-21
8.469939e+02;1.842557e-21
8.470439e+02;1.842431e-21
8.470939e+02;1.842304e-21
8.471439e+02;1.842178e-21
8.471939e+02;1.842052e-21
8.472439e+02;1.841926e-21
8.472939e+02;1.841800e-21
8.473439e+02;1.841673e-21
8.473939e+02;1.841547e-21
8.474439e+02;1.841421e-21
8.474939e+02;1.841295e-21
8.475439e+02;1.841169e-21
8.475939e+02;1.841043e-21
8.476439e+02;1.840917e-21
8.476939e+02;1.840791e-21
8.477439e+02;1.840665e-21
8.477939e+02;1.840539e-21
8.478439e+02;1.840413e-21
8.478939e+02;1.840287e-21
8.479439e+02;1.840161e-21
8.479939e+02;1.840035e-21
8.480439e+02;1.839909e-21
8.480939e+02;1.839783e-21
8.481439e+02;1.839657e-21
8.481939e+02;1.839531e-21
8.482439e+02;1.839405e-21
8.482939e+02;1.839279e-21
8.483439e+02;1.839153e-21
8.483939e+02;1.839027e-21
8.484439e+02;1.838902e-21
8.484939e+02;1.838776e-21
8.485439e+02;1.838650e-21
8.485939e+02;1.838524e-21
8.486439e+02;1.838398e-21
8.486939e+02;1.838273e-21
8.487439e+02;1.838147e-21
8.487940e+02;1.838021e-21
8.488440e+02;1.837896e-21
8.488940e+02;1.837770e-21
8.489440e+02;1.837644e-21
8.489940e+02;1.837518e-21
8.490440e+02;1.837393e-21
8.490940e+02;1.837267e-21
8.491440e+02;1.837142e-21
8.491940e+02;1.837016e-21
8.492440e+02;1.836890e-21
8.492940e+02;1.836765e-21
8.493440e+02;1.836639e-21
8.493940e+02;1.836514e-21
8.494440e+02;1.836388e-21
8.494940e+02;1.836263e-21
8.495440e+02;1.836137e-21
8.495940e+02;1.836012e-21
8.496440e+02;1.835886e-21
8.496940e+02;1.835761e-21
8.497440e+02;1.835635e-21
8.497940e+02;1.835510e-21
8.498440e+02;1.835384e-21
8.498940e+02;1.835259e-21
8.499440e+02;1.835134e-21
8.499940e+02;1.835008e-21
8.500440e+02;1.834883e-21
8.500940e+02;1.834758e-21
8.501440e+02;1.834632e-21
8.501940e+02;1.834507e-21
8.502440e+02;1.834382e-21
8.502940e+02;1.834256e-21
8.503440e+02;1.834131e-21
8.503940e+02;1.834006e-21
8.504440e+02;1.833881e-21
8.504940e+02;1.833755e-21
8.505440e+02;1.833630e-21
8.505940e+02;1.833505e-21
8.506440e+02;1.833380e-21
8.506940e+02;1.833255e-21
8.507440e+02;1.833129e-21
8.507940e+02;1.833004e-21
8.508440e+02;1.832879e-21
8.508940e+02;1.832754e-21
8.509440e+02;1.832629e-21
8.509940e+02;1.832504e-21
8.510440e+02;1.832379e-21
8.510940e+02;1.832254e-21
8.511440e+02;1.832129e-21
8.511940e+02;1.832004e-21
8.512440e+02;1.831879e-21
8.512941e+02;1.831754e-21
8.513441e+02;1.831629e-21
8.513941e+02;1.831504e-21
8.514441e+02;1.831379e-21
8.514941e+02;1.831254e-21
8.515441e+02;1.831129e-21
8.515941e+02;1.831004e-21
8.516441e+02;1.830879e-21
8.516941e+02;1.830754e-21
8.517441e+02;1.830630e-21
8.517941e+02;1.830505e-21
8.518441e+02;1.830380e-21
8.518941e+02;1.830255e-21
8.519441e+02;1.830130e-21
8.519941e+02;1.830006e-21
8.520441e+02;1.829881e-21
8.520941e+02;1.829756e-21
8.521441e+02;1.829631e-21
8.521941e+02;1.829507e-21
8.522441e+02;1.829382e-21
8.522941e+02;1.829257e-21
8.523441e+02;1.829132e-21
8.523941e+02;1.829008e-21
8.524441e+02;1.828883e-21
8.524941e+02;1.828759e-21
8.525441e+02;1.828634e-21
8.525941e+02;1.828509e-21
8.526441e+02;1.828385e-21
8.526941e+02;1.828260e-21
8.527441e+02;1.828136e-21
8.527941e+02;1.828011e-21
8.528441e+02;1.827887e-21
8.528941e+02;1.827762e-21
8.529441e+02;1.827637e-21
8.529941e+02;1.827513e-21
8.530441e+02;1.827389e-21
8.530941e+02;1.827264e-21
8.531441e+02;1.827140e-21
8.531941e+02;1.827015e-21
8.532441e+02;1.826891e-21
8.532941e+02;1.826766e-21
8.533441e+02;1.826642e-21
8.533941e+02;1.826518e-21
8.534441e+02;1.826393e-21
8.534941e+02;1.826269e-21
8.535441e+02;1.826145e-21
8.535941e+02;1.826020e-21
8.536441e+02;1.825896e-21
8.536941e+02;1.825772e-21
8.537441e+02;1.825647e-21
8.537942e+02;1.825523e-21
8.538442e+02;1.825399e-21
8.538942e+02;1.825275e-21
8.539442e+02;1.825151e-21
8.539942e+02;1.825026e-21
8.540442e+02;1.824902e-21
8.540942e+02;1.824778e-21
8.541442e+02;1.824654e-21
8.541942e+02;1.824530e-21
8.542442e+02;1.824406e-21
8.542942e+02;1.824282e-21
8.543442e+02;1.824157e-21
8.543942e+02;1.824033e-21
8.544442e+02;1.823909e-21
8.544942e+02;1.823785e-21
8.545442e+02;1.823661e-21
8.545942e+02;1.823537e-21
8.546442e+02;1.823413e-21
8.546942e+02;1.823289e-21
8.547442e+02;1.823165e-21
8.547942e+02;1.823041e-21
8.548442e+02;1.822917e-21
8.548942e+02;1.822793e-21
8.549442e+02;1.822669e-21
8.549942e+02;1.822546e-21
8.550442e+02;1.822422e-21
8.550942e+02;1.822298e-21
8.551442e+02;1.822174e-21
8.551942e+02;1.822050e-21
8.552442e+02;1.821926e-21
8.552942e+02;1.821802e-21
8.553442e+02;1.821679e-21
8.553942e+02;1.821555e-21
8.554442e+02;1.821431e-21
8.554942e+02;1.821307e-21
8.555442e+02;1.821184e-21
8.555942e+02;1.821060e-21
8.556442e+02;1.820936e-21
8.556942e+02;1.820813e-21
8.557442e+02;1.820689e-21
8.557942e+02;1.820565e-21
8.558442e+02;1.820442e-21
8.558942e+02;1.820318e-21
8.559442e+02;1.820194e-21
8.559942e+02;1.820071e-21
8.560442e+02;1.819947e-21
8.560942e+02;1.819823e-21
8.561442e+02;1.819700e-21
8.561942e+02;1.819576e-21
8.562442e+02;1.819453e-21
8.562943e+02;1.819329e-21
8.563443e+02;1.819206e-21
8.563943e+02;1.819082e-21
8.564443e+02;1.818959e-21
8.564943e+02;1.818835e-21
8.565443e+02;1.818712e-21
8.565943e+02;1.818588e-21
8.566443e+02;1.818465e-21
8.566943e+02;1.818342e-21
8.567443e+02;1.818218e-21
8.567943e+02;1.818095e-21
8.568443e+02;1.817972e-21
8.568943e+02;1.817848e-21
8.569443e+02;1.817725e-21
8.569943e+02;1.817602e-21
8.570443e+02;1.817478e-21
8.570943e+02;1.817355e-21
8.571443e+02;1.817232e-21
8.571943e+02;1.817108e-21
8.572443e+02;1.816985e-21
8.572943e+02;1.816862e-21
8.573443e+02;1.816739e-21
8.573943e+02;1.816615e-21
8.574443e+02;1.816492e-21
8.574943e+02;1.816369e-21
8.575443e+02;1.816246e-21
8.575943e+02;1.816123e-21
8.576443e+02;1.816000e-21
8.576943e+02;1.815877e-21
8.577443e+02;1.815753e-21
8.577943e+02;1.815630e-21
8.578443e+02;1.815507e-21
8.578943e+02;1.815384e-21
8.579443e+02;1.815261e-21
8.579943e+02;1.815138e-21
8.580443e+02;1.815015e-21
8.580943e+02;1.814892e-21
8.581443e+02;1.814769e-21
8.581943e+02;1.814646e-21
8.582443e+02;1.814523e-21
8.582943e+02;1.814400e-21
8.583443e+02;1.814277e-21
8.583943e+02;1.814154e-21
8.584443e+02;1.814032e-21
8.584943e+02;1.813909e-21
8.585443e+02;1.813786e-21
8.585943e+02;1.813663e-21
8.586443e+02;1.813540e-21
8.586943e+02;1.813417e-21
8.587443e+02;1.813294e-21
8.587944e+02;1.813172e-21
8.588444e+02;1.813049e-21
8.588944e+02;1.812926e-21
8.589444e+02;1.812803e-21
8.589944e+02;1.812681e-21
8.590444e+02;1.812558e-21
8.590944e+02;1.812435e-21
8.591444e+02;1.812312e-21
8.591944e+02;1.812190e-21
8.592444e+02;1.812067e-21
8.592944e+02;1.811944e-21
8.593444e+02;1.811822e-21
8.593944e+02;1.811699e-21
8.594444e+02;1.811577e-21
8.594944e+02;1.811454e-21
8.595444e+02;1.811331e-21
8.595944e+02;1.811209e-21
8.596444e+02;1.811086e-21
8.596944e+02;1.810964e-21
8.597444e+02;1.810841e-21
8.597944e+02;1.810719e-21
8.598444e+02;1.810596e-21
8.598944e+02;1.810474e-21
8.599444e+02;1.810351e-21
8.599944e+02;1.810229e-21
8.600444e+02;1.810106e-21
8.600944e+02;1.809984e-21
8.601444e+02;1.809861e-21
8.601944e+02;1.809739e-21
8.602444e+02;1.809617e-21
8.602944e+02;1.809494e-21
8.603444e+02;1.809372e-21
8.603944e+02;1.809250e-21
8.604444e+02;1.809127e-21
8.604944e+02;1.809005e-21
8.605444e+02;1.808883e-21
8.605944e+02;1.808760e-21
8.606444e+02;1.808638e-21
8.606944e+02;1.808516e-21
8.607444e+02;1.808394e-21
8.607944e+02;1.808271e-21
8.608444e+02;1.808149e-21
8.608944e+02;1.808027e-21
8.609444e+02;1.807905e-21
8.609944e+02;1.807783e-21
8.610444e+02;1.807661e-21
8.610944e+02;1.807538e-21
8.611444e+02;1.807416e-21
8.611944e+02;1.807294e-21
8.612444e+02;1.807172e-21
8.612945e+02;1.807050e-21
8.613445e+02;1.806928e-21
8.613945e+02;1.806806e-21
8.614445e+02;1.806684e-21
8.614945e+02;1.806562e-21
8.615445e+02;1.806440e-21
8.615945e+02;1.806318e-21
8.616445e+02;1.806196e-21
8.616945e+02;1.806074e-21
8.617445e+02;1.805952e-21
8.617945e+02;1.805830e-21
8.618445e+02;1.805708e-21
8.618945e+02;1.805586e-21
8.619445e+02;1.805464e-21
8.619945e+02;1.805342e-21
8.620445e+02;1.805220e-21
8.620945e+02;1.805099e-21
8.621445e+02;1.804977e-21
8.621945e+02;1.804855e-21
8.622445e+02;1.804733e-21
8.622945e+02;1.804611e-21
8.623445e+02;1.804489e-21
8.623945e+02;1.804368e-21
8.624445e+02;1.804246e-21
8.624945e+02;1.804124e-21
8.625445e+02;1.804002e-21
8.625945e+02;1.803881e-21
8.626445e+02;1.803759e-21
8.626945e+02;1.803637e-21
8.627445e+02;1.803516e-21
8.627945e+02;1.803394e-21
8.628445e+02;1.803272e-21
8.628945e+02;1.803151e-21
8.629445e+02;1.803029e-21
8.629945e+02;1.802908e-21
8.630445e+02;1.802786e-21
8.630945e+02;1.802664e-21
8.631445e+02;1.802543e-21
8.631945e+02;1.802421e-21
8.632445e+02;1.802300e-21
8.632945e+02;1.802178e-21
8.633445e+02;1.802057e-21
8.633945e+02;1.801935e-21
8.634445e+02;1.801814e-21
8.634945e+02;1.801692e-21
8.635445e+02;1.801571e-21
8.635945e+02;1.801449e-21
8.636445e+02;1.801328e-21
8.636945e+02;1.801207e-21
8.637445e+02;1.801085e-21
8.637946e+02;1.800964e-21
8.638446e+02;1.800843e-21
8.638946e+02;1.800721e-21
8.639446e+02;1.800600e-21
8.639946e+02;1.800479e-21
8.640446e+02;1.800357e-21
8.640946e+02;1.800236e-21
8.641446e+02;1.800115e-21
8.641946e+02;1.799993e-21
8.642446e+02;1.799872e-21
8.642946e+02;1.799751e-21
8.643446e+02;1.799630e-21
8.643946e+02;1.799509e-21
8.644446e+02;1.799387e-21
8.644946e+02;1.799266e-21
8.645446e+02;1.799145e-21
8.645946e+02;1.799024e-21
8.646446e+02;1.798903e-21
8.646946e+02;1.798782e-21
8.647446e+02;1.798661e-21
8.647946e+02;1.798539e-21
8.648446e+02;1.798418e-21
8.648946e+02;1.798297e-21
8.649446e+02;1.798176e-21
8.649946e+02;1.798055e-21
8.650446e+02;1.797934e-21
8.650946e+02;1.797813e-21
8.651446e+02;1.797692e-21
8.651946e+02;1.797571e-21
8.652446e+02;1.797450e-21
8.652946e+02;1.797329e-21
8.653446e+02;1.797208e-21
8.653946e+02;1.797087e-21
8.654446e+02;1.796967e-21
8.654946e+02;1.796846e-21
8.655446e+02;1.796725e-21
8.655946e+02;1.796604e-21
8.656446e+02;1.796483e-21
8.656946e+02;1.796362e-21
8.657446e+02;1.796241e-21
8.657946e+02;1.796121e-21
8.658446e+02;1.796000e-21
8.658946e+02;1.795879e-21
8.659446e+02;1.795758e-21
8.659946e+02;1.795637e-21
8.660446e+02;1.795517e-21
8.660946e+02;1.795396e-21
8.661446e+02;1.795275e-21
8.661946e+02;1.795155e-21
8.662446e+02;1.795034e-21
8.662947e+02;1.794913e-21
8.663447e+02;1.794793e-21
8.663947e+02;1.794672e-21
8.664447e+02;1.794551e-21
8.664947e+02;1.794431e-21
8.665447e+02;1.794310e-21
8.665947e+02;1.794190e-21
8.666447e+02;1.794069e-21
8.666947e+02;1.793948e-21
8.667447e+02;1.793828e-21
8.667947e+02;1.793707e-21
8.668447e+02;1.793587e-21
8.668947e+02;1.793466e-21
8.669447e+02;1.793346e-21
8.669947e+02;1.793225e-21
8.670447e+02;1.793105e-21
8.670947e+02;1.792984e-21
8.671447e+02;1.792864e-21
8.671947e+02;1.792744e-21
8.672447e+02;1.792623e-21
8.672947e+02;1.792503e-21
8.673447e+02;1.792382e-21
8.673947e+02;1.792262e-21
8.674447e+02;1.792142e-21
8.674947e+02;1.792021e-21
8.675447e+02;1.791901e-21
8.675947e+02;1.791781e-21
8.676447e+02;1.791660e-21
8.676947e+02;1.791540e-21
8.677447e+02;1.791420e-21
8.677947e+02;1.791300e-21
8.678447e+02;1.791179e-21
8.678947e+02;1.791059e-21
8.679447e+02;1.790939e-21
8.679947e+02;1.790819e-21
8.680447e+02;1.790699e-21
8.680947e+02;1.790578e-21
8.681447e+02;1.790458e-21
8.681947e+02;1.790338e-21
8.682447e+02;1.790218e-21
8.682947e+02;1.790098e-21
8.683447e+02;1.789978e-21
8.683947e+02;1.789858e-21
8.684447e+02;1.789738e-21
8.684947e+02;1.789618e-21
8.685447e+02;1.789498e-21
8.685947e+02;1.789378e-21
8.686447e+02;1.789258e-21
8.686947e+02;1.789138e-21
8.687447e+02;1.789018e-21
8.687948e+02;1.788898e-21
8.688448e+02;1.788778e-21
8.688948e+02;1.788658e-21
8.689448e+02;1.788538e-21
8.689948e+02;1.788418e-21
8.690448e+02;1.788298e-21
8.690948e+02;1.788178e-21
8.691448e+02;1.788058e-21
8.691948e+02;1.787938e-21
8.692448e+02;1.787818e-21
8.692948e+02;1.787699e-21
8.693448e+02;1.787579e-21
8.693948e+02;1.787459e-21
8.694448e+02;1.787339e-21
8.694948e+02;1.787219e-21
8.695448e+02;1.787100e-21
8.695948e+02;1.786980e-21
8.696448e+02;1.786860e-21
8.696948e+02;1.786740e-21
8.697448e+02;1.786621e-21
8.697948e+02;1.786501e-21
8.698448e+02;1.786381e-21
8.698948e+02;1.786262e-21
8.699448e+02;1.786142e-21
8.699948e+02;1.786022e-21
8.700448e+02;1.785903e-21
8.700948e+02;1.785783e-21
8.701448e+02;1.785664e-21
8.701948e+02;1.785544e-21
8.702448e+02;1.785424e-21
8.702948e+02;1.785305e-21
8.703448e+02;1.785185e-21
8.703948e+02;1.785066e-21
8.704448e+02;1.784946e-21
8.704948e+02;1.784827e-21
8.705448e+02;1.784707e-21
8.705948e+02;1.784588e-21
8.706448e+02;1.784468e-21
8.706948e+02;1.784349e-21
8.707448e+02;1.784230e-21
8.707948e+02;1.784110e-21
8.708448e+02;1.783991e-21
8.708948e+02;1.783871e-21
8.709448e+02;1.783752e-21
8.709948e+02;1.783633e-21
8.710448e+02;1.783513e-21
8.710948e+02;1.783394e-21
8.711448e+02;1.783275e-21
8.711948e+02;1.783155e-21
8.712448e+02;1.783036e-21
8.712949e+02;1.782917e-21
8.713449e+02;1.782797e-21
8.713949e+02;1.782678e-21
8.714449e+02;1.782559e-21
8.714949e+02;1.782440e-21
8.715449e+02;1.782321e-21
8.715949e+02;1.782201e-21
8.716449e+02;1.782082e-21
8.716949e+02;1.781963e-21
8.717449e+02;1.781844e-21
8.717949e+02;1.781725e-21
8.718449e+02;1.781606e-21
8.718949e+02;1.781486e-21
8.719449e+02;1.781367e-21
8.719949e+02;1.781248e-21
8.720449e+02;1.781129e-21
8.720949e+02;1.781010e-21
8.721449e+02;1.780891e-21
8.721949e+02;1.780772e-21
8.722449e+02;1.780653e-21
8.722949e+02;1.780534e-21
8.723449e+02;1.780415e-21
8.723949e+02;1.780296e-21
8.724449e+02;1.780177e-21
8.724949e+02;1.780058e-21
8.725449e+02;1.779939e-21
8.725949e+02;1.779820e-21
8.726449e+02;1.779701e-21
8.726949e+02;1.779582e-21
8.727449e+02;1.779464e-21
8.727949e+02;1.779345e-21
8.728449e+02;1.779226e-21
8.728949e+02;1.779107e-21
8.729449e+02;1.778988e-21
8.729949e+02;1.778869e-21
8.730449e+02;1.778751e-21
8.730949e+02;1.778632e-21
8.731449e+02;1.778513e-21
8.731949e+02;1.778394e-21
8.732449e+02;1.778276e-21
8.732949e+02;1.778157e-21
8.733449e+02;1.778038e-21
8.733949e+02;1.777919e-21
8.734449e+02;1.777801e-21
8.734949e+02;1.777682e-21
8.735449e+02;1.777563e-21
8.735949e+02;1.777445e-21
8.736449e+02;1.777326e-21
8.736949e+02;1.777207e-21
8.737449e+02;1.777089e-21
8.737950e+02;1.776970e-21
8.738450e+02;1.776852e-21
8.738950e+02;1.776733e-21
8.739450e+02;1.776615e-21
8.739950e+02;1.776496e-21
8.740450e+02;1.776377e-21
8.740950e+02;1.776259e-21
8.741450e+02;1.776140e-21
8.741950e+02;1.776022e-21
8.742450e+02;1.775904e-21
8.742950e+02;1.775785e-21
8.743450e+02;1.775667e-21
8.743950e+02;1.775548e-21
8.744450e+02;1.775430e-21
8.744950e+02;1.775311e-21
8.745450e+02;1.775193e-21
8.745950e+02;1.775075e-21
8.746450e+02;1.774956e-21
8.746950e+02;1.774838e-21
8.747450e+02;1.774720e-21
8.747950e+02;1.774601e-21
8.748450e+02;1.774483e-21
8.748950e+02;1.774365e-21
8.749450e+02;1.774246e-21
8.749950e+02;1.774128e-21
8.750450e+02;1.774010e-21
8.750950e+02;1.773892e-21
8.751450e+02;1.773773e-21
8.751950e+02;1.773655e-21
8.752450e+02;1.773537e-21
8.752950e+02;1.773419e-21
8.753450e+02;1.773301e-21
8.753950e+02;1.773182e-21
8.754450e+02;1.773064e-21
8.754950e+02;1.772946e-21
8.755450e+02;1.772828e-21
8.755950e+02;1.772710e-21
8.756450e+02;1.772592e-21
8.756950e+02;1.772474e-21
8.757450e+02;1.772356e-21
8.757950e+02;1.772238e-21
8.758450e+02;1.772120e-21
8.758950e+02;1.772002e-21
8.759450e+02;1.771884e-21
8.759950e+02;1.771766e-21
8.760450e+02;1.771648e-21
8.760950e+02;1.771530e-21
8.761450e+02;1.771412e-21
8.761950e+02;1.771294e-21
8.762450e+02;1.771176e-21
8.762951e+02;1.771058e-21
8.763451e+02;1.770940e-21
8.763951e+02;1.770822e-21
8.764451e+02;1.770704e-21
8.764951e+02;1.770586e-21
8.765451e+02;1.770469e-21
8.765951e+02;1.770351e-21
8.766451e+02;1.770233e-21
8.766951e+02;1.770115e-21
8.767451e+02;1.769997e-21
8.767951e+02;1.769880e-21
8.768451e+02;1.769762e-21
8.768951e+02;1.769644e-21
8.769451e+02;1.769526e-21
8.769951e+02;1.769409e-21
8.770451e+02;1.769291e-21
8.770951e+02;1.769173e-21
8.771451e+02;1.769056e-21
8.771951e+02;1.768938e-21
8.772451e+02;1.768820e-21
8.772951e+02;1.768703e-21
8.773451e+02;1.768585e-21
8.773951e+02;1.768467e-21
8.774451e+02;1.768350e-21
8.774951e+02;1.768232e-21
8.775451e+02;1.768115e-21
8.775951e+02;1.767997e-21
8.776451e+02;1.767879e-21
8.776951e+02;1.767762e-21
8.777451e+02;1.767644e-21
8.777951e+02;1.767527e-21
8.778451e+02;1.767409e-21
8.778951e+02;1.767292e-21
8.779451e+02;1.767174e-21
8.779951e+02;1.767057e-21
8.780451e+02;1.766940e-21
8.780951e+02;1.766822e-21
8.781451e+02;1.766705e-21
8.781951e+02;1.766587e-21
8.782451e+02;1.766470e-21
8.782951e+02;1.766353e-21
8.783451e+02;1.766235e-21
8.783951e+02;1.766118e-21
8.784451e+02;1.766000e-21
8.784951e+02;1.765883e-21
8.785451e+02;1.765766e-21
8.785951e+02;1.765649e-21
8.786451e+02;1.765531e-21
8.786951e+02;1.765414e-21
8.787451e+02;1.765297e-21
8.787952e+02;1.765180e-21
8.788452e+02;1.765062e-21
8.788952e+02;1.764945e-21
8.789452e+02;1.764828e-21
8.789952e+02;1.764711e-21
8.790452e+02;1.764594e-21
8.790952e+02;1.764476e-21
8.791452e+02;1.764359e-21
8.791952e+02;1.764242e-21
8.792452e+02;1.764125e-21
8.792952e+02;1.764008e-21
8.793452e+02;1.763891e-21
8.793952e+02;1.763774e-21
8.794452e+02;1.763657e-21
8.794952e+02;1.763540e-21
8.795452e+02;1.763423e-21
8.795952e+02;1.763306e-21
8.796452e+02;1.763189e-21
8.796952e+02;1.763072e-21
8.797452e+02;1.762955e-21
8.797952e+02;1.762838e-21
8.798452e+02;1.762721e-21
8.798952e+02;1.762604e-21
8.799452e+02;1.762487e-21
8.799952e+02;1.762370e-21
8.800452e+02;1.762253e-21
8.800952e+02;1.762136e-21
8.801452e+02;1.762019e-21
8.801952e+02;1.761902e-21
8.802452e+02;1.761785e-21
8.802952e+02;1.761669e-21
8.803452e+02;1.761552e-21
8.803952e+02;1.761435e-21
8.804452e+02;1.761318e-21
8.804952e+02;1.761201e-21
8.805452e+02;1.761085e-21
8.805952e+02;1.760968e-21
8.806452e+02;1.760851e-21
8.806952e+02;1.760734e-21
8.807452e+02;1.760618e-21
8.807952e+02;1.760501e-21
8.808452e+02;1.760384e-21
8.808952e+02;1.760268e-21
8.809452e+02;1.760151e-21
8.809952e+02;1.760034e-21
8.810452e+02;1.759918e-21
8.810952e+02;1.759801e-21
8.811452e+02;1.759684e-21
8.811952e+02;1.759568e-21
8.812452e+02;1.759451e-21
8.812953e+02;1.759335e-21
8.813453e+02;1.759218e-21
8.813953e+02;1.759102e-21
8.814453e+02;1.758985e-21
8.814953e+02;1.758869e-21
8.815453e+02;1.758752e-21
8.815953e+02;1.758636e-21
8.816453e+02;1.758519e-21
8.816953e+02;1.758403e-21
8.817453e+02;1.758286e-21
8.817953e+02;1.758170e-21
8.818453e+02;1.758053e-21
8.818953e+02;1.757937e-21
8.819453e+02;1.757820e-21
8.819953e+02;1.757704e-21
8.820453e+02;1.757588e-21
8.820953e+02;1.757471e-21
8.821453e+02;1.757355e-21
8.821953e+02;1.757239e-21
8.822453e+02;1.757122e-21
8.822953e+02;1.757006e-21
8.823453e+02;1.756890e-21
8.823953e+02;1.756774e-21
8.824453e+02;1.756657e-21
8.824953e+02;1.756541e-21
8.825453e+02;1.756425e-21
8.825953e+02;1.756309e-21
8.826453e+02;1.756192e-21
8.826953e+02;1.756076e-21
8.827453e+02;1.755960e-21
8.827953e+02;1.755844e-21
8.828453e+02;1.755728e-21
8.828953e+02;1.755611e-21
8.829453e+02;1.755495e-21
8.829953e+02;1.755379e-21
8.830453e+02;1.755263e-21
8.830953e+02;1.755147e-21
8.831453e+02;1.755031e-21
8.831953e+02;1.754915e-21
8.832453e+02;1.754799e-21
8.832953e+02;1.754683e-21
8.833453e+02;1.754567e-21
8.833953e+02;1.754451e-21
8.834453e+02;1.754335e-21
8.834953e+02;1.754219e-21
8.835453e+02;1.754103e-21
8.835953e+02;1.753987e-21
8.836453e+02;1.753871e-21
8.836953e+02;1.753755e-21
8.837453e+02;1.753639e-21
8.837954e+02;1.753523e-21
8.838454e+02;1.753407e-21
8.838954e+02;1.753291e-21
8.839454e+02;1.753175e-21
8.839954e+02;1.753060e-21
8.840454e+02;1.752944e-21
8.840954e+02;1.752828e-21
8.841454e+02;1.752712e-21
8.841954e+02;1.752596e-21
8.842454e+02;1.752481e-21
8.842954e+02;1.752365e-21
8.843454e+02;1.752249e-21
8.843954e+02;1.752133e-21
8.844454e+02;1.752018e-21
8.844954e+02;1.751902e-21
8.845454e+02;1.751786e-21
8.845954e+02;1.751670e-21
8.846454e+02;1.751555e-21
8.846954e+02;1.751439e-21
8.847454e+02;1.751323e-21
8.847954e+02;1.751208e-21
8.848454e+02;1.751092e-21
8.848954e+02;1.750977e-21
8.849454e+02;1.750861e-21
8.849954e+02;1.750745e-21
8.850454e+02;1.750630e-21
8.850954e+02;1.750514e-21
8.851454e+02;1.750399e-21
8.851954e+02;1.750283e-21
8.852454e+02;1.750168e-21
8.852954e+02;1.750052e-21
8.853454e+02;1.749937e-21
8.853954e+02;1.749821e-21
8.854454e+02;1.749706e-21
8.854954e+02;1.749590e-21
8.855454e+02;1.749475e-21
8.855954e+02;1.749359e-21
8.856454e+02;1.749244e-21
8.856954e+02;1.749128e-21
8.857454e+02;1.749013e-21
8.857954e+02;1.748898e-21
8.858454e+02;1.748782e-21
8.858954e+02;1.748667e-21
8.859454e+02;1.748552e-21
8.859954e+02;1.748436e-21
8.860454e+02;1.748321e-21
8.860954e+02;1.748206e-21
8.861454e+02;1.748090e-21
8.861954e+02;1.747975e-21
8.862454e+02;1.747860e-21
8.862955e+02;1.747745e-21
8.863455e+02;1.747629e-21
8.863955e+02;1.747514e-21
8.864455e+02;1.747399e-21
8.864955e+02;1.747284e-21
8.865455e+02;1.747169e-21
8.865955e+02;1.747053e-21
8.866455e+02;1.746938e-21
8.866955e+02;1.746823e-21
8.867455e+02;1.746708e-21
8.867955e+02;1.746593e-21
8.868455e+02;1.746478e-21
8.868955e+02;1.746363e-21
8.869455e+02;1.746248e-21
8.869955e+02;1.746132e-21
8.870455e+02;1.746017e-21
8.870955e+02;1.745902e-21
8.871455e+02;1.745787e-21
8.871955e+02;1.745672e-21
8.872455e+02;1.745557e-21
8.872955e+02;1.745442e-21
8.873455e+02;1.745327e-21
8.873955e+02;1.745212e-21
8.874455e+02;1.745097e-21
8.874955e+02;1.744983e-21
8.875455e+02;1.744868e-21
8.875955e+02;1.744753e-21
8.876455e+02;1.744638e-21
8.876955e+02;1.744523e-21
8.877455e+02;1.744408e-21
8.877955e+02;1.744293e-21
8.878455e+02;1.744178e-21
8.878955e+02;1.744064e-21
8.879455e+02;1.743949e-21
8.879955e+02;1.743834e-21
8.880455e+02;1.743719e-21
8.880955e+02;1.743604e-21
8.881455e+02;1.743490e-21
8.881955e+02;1.743375e-21
8.882455e+02;1.743260e-21
8.882955e+02;1.743145e-21
8.883455e+02;1.743031e-21
8.883955e+02;1.742916e-21
8.884455e+02;1.742801e-21
8.884955e+02;1.742687e-21
8.885455e+02;1.742572e-21
8.885955e+02;1.742457e-21
8.886455e+02;1.742343e-21
8.886955e+02;1.742228e-21
8.887455e+02;1.742113e-21
8.887956e+02;1.741999e-21
8.888456e+02;1.741884e-21
8.888956e+02;1.741770e-21
8.889456e+02;1.741655e-21
8.889956e+02;1.741541e-21
8.890456e+02;1.741426e-21
8.890956e+02;1.741311e-21
8.891456e+02;1.741197e-21
8.891956e+02;1.741082e-21
8.892456e+02;1.740968e-21
8.892956e+02;1.740854e-21
8.893456e+02;1.740739e-21
8.893956e+02;1.740625e-21
8.894456e+02;1.740510e-21
8.894956e+02;1.740396e-21
8.895456e+02;1.740281e-21
8.895956e+02;1.740167e-21
8.896456e+02;1.740053e-21
8.896956e+02;1.739938e-21
8.897456e+02;1.739824e-21
8.897956e+02;1.739710e-21
8.898456e+02;1.739595e-21
8.898956e+02;1.739481e-21
8.899456e+02;1.739367e-21
8.899956e+02;1.739252e-21
8.900456e+02;1.739138e-21
8.900956e+02;1.739024e-21
8.901456e+02;1.738910e-21
8.901956e+02;1.738795e-21
8.902456e+02;1.738681e-21
8.902956e+02;1.738567e-21
8.903456e+02;1.738453e-21
8.903956e+02;1.738339e-21
8.904456e+02;1.738224e-21
8.904956e+02;1.738110e-21
8.905456e+02;1.737996e-21
8.905956e+02;1.737882e-21
8.906456e+02;1.737768e-21
8.906956e+02;1.737654e-21
8.907456e+02;1.737540e-21
8.907956e+02;1.737426e-21
8.908456e+02;1.737311e-21
8.908956e+02;1.737197e-21
8.909456e+02;1.737083e-21
8.909956e+02;1.736969e-21
8.910456e+02;1.736855e-21
8.910956e+02;1.736741e-21
8.911456e+02;1.736627e-21
8.911956e+02;1.736513e-21
8.912456e+02;1.736399e-21
8.912957e+02;1.736285e-21
8.913457e+02;1.736172e-21
8.913957e+02;1.736058e-21
8.914457e+02;1.735944e-21
8.914957e+02;1.735830e-21
8.915457e+02;1.735716e-21
8.915957e+02;1.735602e-21
8.916457e+02;1.735488e-21
8.916957e+02;1.735374e-21
8.917457e+02;1.735260e-21
8.917957e+02;1.735147e-21
8.918457e+02;1.735033e-21
8.918957e+02;1.734919e-21
8.919457e+02;1.734805e-21
8.919957e+02;1.734691e-21
8.920457e+02;1.734578e-21
8.920957e+02;1.734464e-21
8.921457e+02;1.734350e-21
8.921957e+02;1.734237e-21
8.922457e+02;1.734123e-21
8.922957e+02;1.734009e-21
8.923457e+02;1.733895e-21
8.923957e+02;1.733782e-21
8.924457e+02;1.733668e-21
8.924957e+02;1.733554e-21
8.925457e+02;1.733441e-21
8.925957e+02;1.733327e-21
8.926457e+02;1.733214e-21
8.926957e+02;1.733100e-21
8.927457e+02;1.732986e-21
8.927957e+02;1.732873e-21
8.928457e+02;1.732759e-21
8.928957e+02;1.732646e-21
8.929457e+02;1.732532e-21
8.929957e+02;1.732419e-21
8.930457e+02;1.732305e-21
8.930957e+02;1.732192e-21
8.931457e+02;1.732078e-21
8.931957e+02;1.731965e-21
8.932457e+02;1.731851e-21
8.932957e+02;1.731738e-21
8.933457e+02;1.731625e-21
8.933957e+02;1.731511e-21
8.934457e+02;1.731398e-21
8.934957e+02;1.731284e-21
8.935457e+02;1.731171e-21
8.935957e+02;1.731058e-21
8.936457e+02;1.730944e-21
8.936957e+02;1.730831e-21
8.937457e+02;1.730718e-21
8.937958e+02;1.730604e-21
8.938458e+02;1.730491e-21
8.938958e+02;1.730378e-21
8.939458e+02;1.730264e-21
8.939958e+02;1.730151e-21
8.940458e+02;1.730038e-21
8.940958e+02;1.729925e-21
8.941458e+02;1.729811e-21
8.941958e+02;1.729698e-21
8.942458e+02;1.729585e-21
8.942958e+02;1.729472e-21
8.943458e+02;1.729359e-21
8.943958e+02;1.729246e-21
8.944458e+02;1.729132e-21
8.944958e+02;1.729019e-21
8.945458e+02;1.728906e-21
8.945958e+02;1.728793e-21
8.946458e+02;1.728680e-21
8.946958e+02;1.728567e-21
8.947458e+02;1.728454e-21
8.947958e+02;1.728341e-21
8.948458e+02;1.728228e-21
8.948958e+02;1.728115e-21
8.949458e+02;1.728002e-21
8.949958e+02;1.727889e-21
8.950458e+02;1.727776e-21
8.950958e+02;1.727663e-21
8.951458e+02;1.727550e-21
8.951958e+02;1.727437e-21
8.952458e+02;1.727324e-21
8.952958e+02;1.727211e-21
8.953458e+02;1.727098e-21
8.953958e+02;1.726985e-21
8.954458e+02;1.726872e-21
8.954958e+02;1.726759e-21
8.955458e+02;1.726646e-21
8.955958e+02;1.726534e-21
8.956458e+02;1.726421e-21
8.956958e+02;1.726308e-21
8.957458e+02;1.726195e-21
8.957958e+02;1.726082e-21
8.958458e+02;1.725970e-21
8.958958e+02;1.725857e-21
8.959458e+02;1.725744e-21
8.959958e+02;1.725631e-21
8.960458e+02;1.725519e-21
8.960958e+02;1.725406e-21
8.961458e+02;1.725293e-21
8.961958e+02;1.725180e-21
8.962458e+02;1.725068e-21
8.962959e+02;1.724955e-21
8.963459e+02;1.724842e-21
8.963959e+02;1.724730e-21
8.964459e+02;1.724617e-21
8.964959e+02;1.724504e-21
8.965459e+02;1.724392e-21
8.965959e+02;1.724279e-21
8.966459e+02;1.724167e-21
8.966959e+02;1.724054e-21
8.967459e+02;1.723942e-21
8.967959e+02;1.723829e-21
8.968459e+02;1.723716e-21
8.968959e+02;1.723604e-21
8.969459e+02;1.723491e-21
8.969959e+02;1.723379e-21
8.970459e+02;1.723266e-21
8.970959e+02;1.723154e-21
8.971459e+02;1.723042e-21
8.971959e+02;1.722929e-21
8.972459e+02;1.722817e-21
8.972959e+02;1.722704e-21
8.973459e+02;1.722592e-21
8.973959e+02;1.722479e-21
8.974459e+02;1.722367e-21
8.974959e+02;1.722255e-21
8.975459e+02;1.722142e-21
8.975959e+02;1.722030e-21
8.976459e+02;1.721918e-21
8.976959e+02;1.721805e-21
8.977459e+02;1.721693e-21
8.977959e+02;1.721581e-21
8.978459e+02;1.721468e-21
8.978959e+02;1.721356e-21
8.979459e+02;1.721244e-21
8.979959e+02;1.721132e-21
8.980459e+02;1.721019e-21
8.980959e+02;1.720907e-21
8.981459e+02;1.720795e-21
8.981959e+02;1.720683e-21
8.982459e+02;1.720571e-21
8.982959e+02;1.720458e-21
8.983459e+02;1.720346e-21
8.983959e+02;1.720234e-21
8.984459e+02;1.720122e-21
8.984959e+02;1.720010e-21
8.985459e+02;1.719898e-21
8.985959e+02;1.719786e-21
8.986459e+02;1.719674e-21
8.986959e+02;1.719562e-21
8.987459e+02;1.719450e-21
8.987960e+02;1.719337e-21
8.988460e+02;1.719225e-21
8.988960e+02;1.719113e-21
8.989460e+02;1.719001e-21
8.989960e+02;1.718889e-21
8.990460e+02;1.718777e-21
8.990960e+02;1.718665e-21
8.991460e+02;1.718554e-21
8.991960e+02;1.718442e-21
8.992460e+02;1.718330e-21
8.992960e+02;1.718218e-21
8.993460e+02;1.718106e-21
8.993960e+02;1.717994e-21
8.994460e+02;1.717882e-21
8.994960e+02;1.717770e-21
8.995460e+02;1.717658e-21
8.995960e+02;1.717547e-21
8.996460e+02;1.717435e-21
8.996960e+02;1.717323e-21
8.997460e+02;1.717211e-21
8.997960e+02;1.717099e-21
8.998460e+02;1.716987e-21
8.998960e+02;1.716876e-21
8.999460e+02;1.716764e-21
8.999960e+02;1.716652e-21
9.000460e+02;1.716540e-21
9.000960e+02;1.716429e-21
9.001460e+02;1.716317e-21
9.001960e+02;1.716205e-21
9.002460e+02;1.716094e-21
9.002960e+02;1.715982e-21
9.003460e+02;1.715870e-21
9.003960e+02;1.715759e-21
9.004460e+02;1.715647e-21
9.004960e+02;1.715535e-21
9.005460e+02;1.715424e-21
9.005960e+02;1.715312e-21
9.006460e+02;1.715201e-21
9.006960e+02;1.715089e-21
9.007460e+02;1.714978e-21
9.007960e+02;1.714866e-21
9.008460e+02;1.714755e-21
9.008960e+02;1.714643e-21
9.009460e+02;1.714531e-21
9.009960e+02;1.714420e-21
9.010460e+02;1.714309e-21
9.010960e+02;1.714197e-21
9.011460e+02;1.714086e-21
9.011960e+02;1.713974e-21
9.012460e+02;1.713863e-21
9.012961e+02;1.713751e-21
9.013461e+02;1.713640e-21
9.013961e+02;1.713529e-21
9.014461e+02;1.713417e-21
9.014961e+02;1.713306e-21
9.015461e+02;1.713194e-21
9.015961e+02;1.713083e-21
9.016461e+02;1.712972e-21
9.016961e+02;1.712860e-21
9.017461e+02;1.712749e-21
9.017961e+02;1.712638e-21
9.018461e+02;1.712527e-21
9.018961e+02;1.712415e-21
9.019461e+02;1.712304e-21
9.019961e+02;1.712193e-21
9.020461e+02;1.712082e-21
9.020961e+02;1.711970e-21
9.021461e+02;1.711859e-21
9.021961e+02;1.711748e-21
9.022461e+02;1.711637e-21
9.022961e+02;1.711526e-21
9.023461e+02;1.711414e-21
9.023961e+02;1.711303e-21
9.024461e+02;1.711192e-21
9.024961e+02;1.711081e-21
9.025461e+02;1.710970e-21
9.025961e+02;1.710859e-21
9.026461e+02;1.710748e-21
9.026961e+02;1.710637e-21
9.027461e+02;1.710526e-21
9.027961e+02;1.710415e-21
9.028461e+02;1.710304e-21
9.028961e+02;1.710193e-21
9.029461e+02;1.710081e-21
9.029961e+02;1.709971e-21
9.030461e+02;1.709860e-21
9.030961e+02;1.709749e-21
9.031461e+02;1.709638e-21
9.031961e+02;1.709527e-21
9.032461e+02;1.709416e-21
9.032961e+02;1.709305e-21
9.033461e+02;1.709194e-21
9.033961e+02;1.709083e-21
9.034461e+02;1.708972e-21
9.034961e+02;1.708861e-21
9.035461e+02;1.708750e-21
9.035961e+02;1.708640e-21
9.036461e+02;1.708529e-21
9.036961e+02;1.708418e-21
9.037461e+02;1.708307e-21
9.037962e+02;1.708196e-21
9.038462e+02;1.708085e-21
9.038962e+02;1.707975e-21
9.039462e+02;1.707864e-21
9.039962e+02;1.707753e-21
9.040462e+02;1.707642e-21
9.040962e+02;1.707532e-21
9.041462e+02;1.707421e-21
9.041962e+02;1.707310e-21
9.042462e+02;1.707200e-21
9.042962e+02;1.707089e-21
9.043462e+02;1.706978e-21
9.043962e+02;1.706868e-21
9.044462e+02;1.706757e-21
9.044962e+02;1.706646e-21
9.045462e+02;1.706536e-21
9.045962e+02;1.706425e-21
9.046462e+02;1.706315e-21
9.046962e+02;1.706204e-21
9.047462e+02;1.706093e-21
9.047962e+02;1.705983e-21
9.048462e+02;1.705872e-21
9.048962e+02;1.705762e-21
9.049462e+02;1.705651e-21
9.049962e+02;1.705541e-21
9.050462e+02;1.705430e-21
9.050962e+02;1.705320e-21
9.051462e+02;1.705209e-21
9.051962e+02;1.705099e-21
9.052462e+02;1.704989e-21
9.052962e+02;1.704878e-21
9.053462e+02;1.704768e-21
9.053962e+02;1.704657e-21
9.054462e+02;1.704547e-21
9.054962e+02;1.704436e-21
9.055462e+02;1.704326e-21
9.055962e+02;1.704216e-21
9.056462e+02;1.704105e-21
9.056962e+02;1.703995e-21
9.057462e+02;1.703885e-21
9.057962e+02;1.703774e-21
9.058462e+02;1.703664e-21
9.058962e+02;1.703554e-21
9.059462e+02;1.703444e-21
9.059962e+02;1.703333e-21
9.060462e+02;1.703223e-21
9.060962e+02;1.703113e-21
9.061462e+02;1.703003e-21
9.061962e+02;1.702892e-21
9.062462e+02;1.702782e-21
9.062963e+02;1.702672e-21
9.063463e+02;1.702562e-21
9.063963e+02;1.702452e-21
9.064463e+02;1.702342e-21
9.064963e+02;1.702231e-21
9.065463e+02;1.702121e-21
9.065963e+02;1.702011e-21
9.066463e+02;1.701901e-21
9.066963e+02;1.701791e-21
9.067463e+02;1.701681e-21
9.067963e+02;1.701571e-21
9.068463e+02;1.701461e-21
9.068963e+02;1.701351e-21
9.069463e+02;1.701241e-21
9.069963e+02;1.701131e-21
9.070463e+02;1.701021e-21
9.070963e+02;1.700911e-21
9.071463e+02;1.700801e-21
9.071963e+02;1.700691e-21
9.072463e+02;1.700581e-21
9.072963e+02;1.700471e-21
9.073463e+02;1.700361e-21
9.073963e+02;1.700251e-21
9.074463e+02;1.700141e-21
9.074963e+02;1.700031e-21
9.075463e+02;1.699922e-21
9.075963e+02;1.699812e-21
9.076463e+02;1.699702e-21
9.076963e+02;1.699592e-21
9.077463e+02;1.699482e-21
9.077963e+02;1.699372e-21
9.078463e+02;1.699263e-21
9.078963e+02;1.699153e-21
9.079463e+02;1.699043e-21
9.079963e+02;1.698933e-21
9.080463e+02;1.698823e-21
9.080963e+02;1.698714e-21
9.081463e+02;1.698604e-21
9.081963e+02;1.698494e-21
9.082463e+02;1.698385e-21
9.082963e+02;1.698275e-21
9.083463e+02;1.698165e-21
9.083963e+02;1.698055e-21
9.084463e+02;1.697946e-21
9.084963e+02;1.697836e-21
9.085463e+02;1.697727e-21
9.085963e+02;1.697617e-21
9.086463e+02;1.697507e-21
9.086963e+02;1.697398e-21
9.087463e+02;1.697288e-21
9.087964e+02;1.697179e-21
9.088464e+02;1.697069e-21
9.088964e+02;1.696959e-21
9.089464e+02;1.696850e-21
9.089964e+02;1.696740e-21
9.090464e+02;1.696631e-21
9.090964e+02;1.696521e-21
9.091464e+02;1.696412e-21
9.091964e+02;1.696302e-21
9.092464e+02;1.696193e-21
9.092964e+02;1.696083e-21
9.093464e+02;1.695974e-21
9.093964e+02;1.695865e-21
9.094464e+02;1.695755e-21
9.094964e+02;1.695646e-21
9.095464e+02;1.695536e-21
9.095964e+02;1.695427e-21
9.096464e+02;1.695318e-21
9.096964e+02;1.695208e-21
9.097464e+02;1.695099e-21
9.097964e+02;1.694990e-21
9.098464e+02;1.694880e-21
9.098964e+02;1.694771e-21
9.099464e+02;1.694662e-21
9.099964e+02;1.694552e-21
9.100464e+02;1.694443e-21
9.100964e+02;1.694334e-21
9.101464e+02;1.694225e-21
9.101964e+02;1.694115e-21
9.102464e+02;1.694006e-21
9.102964e+02;1.693897e-21
9.103464e+02;1.693788e-21
9.103964e+02;1.693679e-21
9.104464e+02;1.693569e-21
9.104964e+02;1.693460e-21
9.105464e+02;1.693351e-21
9.105964e+02;1.693242e-21
9.106464e+02;1.693133e-21
9.106964e+02;1.693024e-21
9.107464e+02;1.692915e-21
9.107964e+02;1.692806e-21
9.108464e+02;1.692697e-21
9.108964e+02;1.692587e-21
9.109464e+02;1.692478e-21
9.109964e+02;1.692369e-21
9.110464e+02;1.692260e-21
9.110964e+02;1.692151e-21
9.111464e+02;1.692042e-21
9.111964e+02;1.691933e-21
9.112464e+02;1.691824e-21
9.112965e+02;1.691715e-21
9.113465e+02;1.691606e-21
9.113965e+02;1.691497e-21
9.114465e+02;1.691389e-21
9.114965e+02;1.691280e-21
9.115465e+02;1.691171e-21
9.115965e+02;1.691062e-21
9.116465e+02;1.690953e-21
9.116965e+02;1.690844e-21
9.117465e+02;1.690735e-21
9.117965e+02;1.690626e-21
9.118465e+02;1.690518e-21
9.118965e+02;1.690409e-21
9.119465e+02;1.690300e-21
9.119965e+02;1.690191e-21
9.120465e+02;1.690082e-21
9.120965e+02;1.689974e-21
9.121465e+02;1.689865e-21
9.121965e+02;1.689756e-21
9.122465e+02;1.689647e-21
9.122965e+02;1.689539e-21
9.123465e+02;1.689430e-21
9.123965e+02;1.689321e-21
9.124465e+02;1.689212e-21
9.124965e+02;1.689104e-21
9.125465e+02;1.688995e-21
9.125965e+02;1.688886e-21
9.126465e+02;1.688778e-21
9.126965e+02;1.688669e-21
9.127465e+02;1.688561e-21
9.127965e+02;1.688452e-21
9.128465e+02;1.688343e-21
9.128965e+02;1.688235e-21
9.129465e+02;1.688126e-21
9.129965e+02;1.688018e-21
9.130465e+02;1.687909e-21
9.130965e+02;1.687801e-21
9.131465e+02;1.687692e-21
9.131965e+02;1.687584e-21
9.132465e+02;1.687475e-21
9.132965e+02;1.687367e-21
9.133465e+02;1.687258e-21
9.133965e+02;1.687150e-21
9.134465e+02;1.687041e-21
9.134965e+02;1.686933e-21
9.135465e+02;1.686824e-21
9.135965e+02;1.686716e-21
9.136465e+02;1.686607e-21
9.136965e+02;1.686499e-21
9.137465e+02;1.686391e-21
9.137966e+02;1.686282e-21
9.138466e+02;1.686174e-21
9.138966e+02;1.686066e-21
9.139466e+02;1.685957e-21
9.139966e+02;1.685849e-21
9.140466e+02;1.685741e-21
9.140966e+02;1.685632e-21
9.141466e+02;1.685524e-21
9.141966e+02;1.685416e-21
9.142466e+02;1.685308e-21
9.142966e+02;1.685199e-21
9.143466e+02;1.685091e-21
9.143966e+02;1.684983e-21
9.144466e+02;1.684875e-21
9.144966e+02;1.684766e-21
9.145466e+02;1.684658e-21
9.145966e+02;1.684550e-21
9.146466e+02;1.684442e-21
9.146966e+02;1.684334e-21
9.147466e+02;1.684226e-21
9.147966e+02;1.684118e-21
9.148466e+02;1.684009e-21
9.148966e+02;1.683901e-21
9.149466e+02;1.683793e-21
9.149966e+02;1.683685e-21
9.150466e+02;1.683577e-21
9.150966e+02;1.683469e-21
9.151466e+02;1.683361e-21
9.151966e+02;1.683253e-21
9.152466e+02;1.683145e-21
9.152966e+02;1.683037e-21
9.153466e+02;1.682929e-21
9.153966e+02;1.682821e-21
9.154466e+02;1.682713e-21
9.154966e+02;1.682605e-21
9.155466e+02;1.682497e-21
9.155966e+02;1.682389e-21
9.156466e+02;1.682281e-21
9.156966e+02;1.682173e-21
9.157466e+02;1.682065e-21
9.157966e+02;1.681957e-21
9.158466e+02;1.681850e-21
9.158966e+02;1.681742e-21
9.159466e+02;1.681634e-21
9.159966e+02;1.681526e-21
9.160466e+02;1.681418e-21
9.160966e+02;1.681310e-21
9.161466e+02;1.681203e-21
9.161966e+02;1.681095e-21
9.162466e+02;1.680987e-21
9.162967e+02;1.680879e-21
9.163467e+02;1.680771e-21
9.163967e+02;1.680664e-21
9.164467e+02;1.680556e-21
9.164967e+02;1.680448e-21
9.165467e+02;1.680341e-21
9.165967e+02;1.680233e-21
9.166467e+02;1.680125e-21
9.166967e+02;1.680017e-21
9.167467e+02;1.679910e-21
9.167967e+02;1.679802e-21
9.168467e+02;1.679694e-21
9.168967e+02;1.679587e-21
9.169467e+02;1.679479e-21
9.169967e+02;1.679372e-21
9.170467e+02;1.679264e-21
9.170967e+02;1.679156e-21
9.171467e+02;1.679049e-21
9.171967e+02;1.678941e-21
9.172467e+02;1.678834e-21
9.172967e+02;1.678726e-21
9.173467e+02;1.678619e-21
9.173967e+02;1.678511e-21
9.174467e+02;1.678404e-21
9.174967e+02;1.678296e-21
9.175467e+02;1.678189e-21
9.175967e+02;1.678081e-21
9.176467e+02;1.677974e-21
9.176967e+02;1.677866e-21
9.177467e+02;1.677759e-21
9.177967e+02;1.677652e-21
9.178467e+02;1.677544e-21
9.178967e+02;1.677437e-21
9.179467e+02;1.677329e-21
9.179967e+02;1.677222e-21
9.180467e+02;1.677115e-21
9.180967e+02;1.677007e-21
9.181467e+02;1.676900e-21
9.181967e+02;1.676793e-21
9.182467e+02;1.676685e-21
9.182967e+02;1.676578e-21
9.183467e+02;1.676471e-21
9.183967e+02;1.676363e-21
9.184467e+02;1.676256e-21
9.184967e+02;1.676149e-21
9.185467e+02;1.676042e-21
9.185967e+02;1.675934e-21
9.186467e+02;1.675827e-21
9.186967e+02;1.675720e-21
9.187467e+02;1.675613e-21
9.187968e+02;1.675506e-21
9.188468e+02;1.675398e-21
9.188968e+02;1.675291e-21
9.189468e+02;1.675184e-21
9.189968e+02;1.675077e-21
9.190468e+02;1.674970e-21
9.190968e+02;1.674863e-21
9.191468e+02;1.674756e-21
9.191968e+02;1.674649e-21
9.192468e+02;1.674542e-21
9.192968e+02;1.674434e-21
9.193468e+02;1.674327e-21
9.193968e+02;1.674220e-21
9.194468e+02;1.674113e-21
9.194968e+02;1.674006e-21
9.195468e+02;1.673899e-21
9.195968e+02;1.673792e-21
9.196468e+02;1.673685e-21
9.196968e+02;1.673578e-21
9.197468e+02;1.673471e-21
9.197968e+02;1.673364e-21
9.198468e+02;1.673258e-21
9.198968e+02;1.673151e-21
9.199468e+02;1.673044e-21
9.199968e+02;1.672937e-21
9.200468e+02;1.672830e-21
9.200968e+02;1.672723e-21
9.201468e+02;1.672616e-21
9.201968e+02;1.672509e-21
9.202468e+02;1.672402e-21
9.202968e+02;1.672296e-21
9.203468e+02;1.672189e-21
9.203968e+02;1.672082e-21
9.204468e+02;1.671975e-21
9.204968e+02;1.671868e-21
9.205468e+02;1.671762e-21
9.205968e+02;1.671655e-21
9.206468e+02;1.671548e-21
9.206968e+02;1.671441e-21
9.207468e+02;1.671335e-21
9.207968e+02;1.671228e-21
9.208468e+02;1.671121e-21
9.208968e+02;1.671015e-21
9.209468e+02;1.670908e-21
9.209968e+02;1.670801e-21
9.210468e+02;1.670695e-21
9.210968e+02;1.670588e-21
9.211468e+02;1.670481e-21
9.211968e+02;1.670375e-21
9.212468e+02;1.670268e-21
9.212969e+02;1.670162e-21
9.213469e+02;1.670055e-21
9.213969e+02;1.669948e-21
9.214469e+02;1.669842e-21
9.214969e+02;1.669735e-21
9.215469e+02;1.669629e-21
9.215969e+02;1.669522e-21
9.216469e+02;1.669416e-21
9.216969e+02;1.669309e-21
9.217469e+02;1.669203e-21
9.217969e+02;1.669096e-21
9.218469e+02;1.668990e-21
9.218969e+02;1.668883e-21
9.219469e+02;1.668777e-21
9.219969e+02;1.668670e-21
9.220469e+02;1.668564e-21
9.220969e+02;1.668458e-21
9.221469e+02;1.668351e-21
9.221969e+02;1.668245e-21
9.222469e+02;1.668138e-21
9.222969e+02;1.668032e-21
9.223469e+02;1.667926e-21
9.223969e+02;1.667819e-21
9.224469e+02;1.667713e-21
9.224969e+02;1.667607e-21
9.225469e+02;1.667500e-21
9.225969e+02;1.667394e-21
9.226469e+02;1.667288e-21
9.226969e+02;1.667182e-21
9.227469e+02;1.667075e-21
9.227969e+02;1.666969e-21
9.228469e+02;1.666863e-21
9.228969e+02;1.666757e-21
9.229469e+02;1.666650e-21
9.229969e+02;1.666544e-21
9.230469e+02;1.666438e-21
9.230969e+02;1.666332e-21
9.231469e+02;1.666226e-21
9.231969e+02;1.666120e-21
9.232469e+02;1.666013e-21
9.232969e+02;1.665907e-21
9.233469e+02;1.665801e-21
9.233969e+02;1.665695e-21
9.234469e+02;1.665589e-21
9.234969e+02;1.665483e-21
9.235469e+02;1.665377e-21
9.235969e+02;1.665271e-21
9.236469e+02;1.665165e-21
9.236969e+02;1.665059e-21
9.237469e+02;1.664953e-21
9.237970e+02;1.664847e-21
9.238470e+02;1.664741e-21
9.238970e+02;1.664635e-21
9.239470e+02;1.664529e-21
9.239970e+02;1.664423e-21
9.240470e+02;1.664317e-21
9.240970e+02;1.664211e-21
9.241470e+02;1.664105e-21
9.241970e+02;1.663999e-21
9.242470e+02;1.663893e-21
9.242970e+02;1.663787e-21
9.243470e+02;1.663681e-21
9.243970e+02;1.663575e-21
9.244470e+02;1.663469e-21
9.244970e+02;1.663364e-21
9.245470e+02;1.663258e-21
9.245970e+02;1.663152e-21
9.246470e+02;1.663046e-21
9.246970e+02;1.662940e-21
9.247470e+02;1.662834e-21
9.247970e+02;1.662729e-21
9.248470e+02;1.662623e-21
9.248970e+02;1.662517e-21
9.249470e+02;1.662411e-21
9.249970e+02;1.662306e-21
9.250470e+02;1.662200e-21
9.250970e+02;1.662094e-21
9.251470e+02;1.661989e-21
9.251970e+02;1.661883e-21
9.252470e+02;1.661777e-21
9.252970e+02;1.661671e-21
9.253470e+02;1.661566e-21
9.253970e+02;1.661460e-21
9.254470e+02;1.661355e-21
9.254970e+02;1.661249e-21
9.255470e+02;1.661143e-21
9.255970e+02;1.661038e-21
9.256470e+02;1.660932e-21
9.256970e+02;1.660827e-21
9.257470e+02;1.660721e-21
9.257970e+02;1.660615e-21
9.258470e+02;1.660510e-21
9.258970e+02;1.660404e-21
9.259470e+02;1.660299e-21
9.259970e+02;1.660193e-21
9.260470e+02;1.660088e-21
9.260970e+02;1.659982e-21
9.261470e+02;1.659877e-21
9.261970e+02;1.659771e-21
9.262470e+02;1.659666e-21
9.262971e+02;1.659561e-21
9.263471e+02;1.659455e-21
9.263971e+02;1.659350e-21
9.264471e+02;1.659244e-21
9.264971e+02;1.659139e-21
9.265471e+02;1.659034e-21
9.265971e+02;1.658928e-21
9.266471e+02;1.658823e-21
9.266971e+02;1.658717e-21
9.267471e+02;1.658612e-21
9.267971e+02;1.658507e-21
9.268471e+02;1.658401e-21
9.268971e+02;1.658296e-21
9.269471e+02;1.658191e-21
9.269971e+02;1.658086e-21
9.270471e+02;1.657980e-21
9.270971e+02;1.657875e-21
9.271471e+02;1.657770e-21
9.271971e+02;1.657665e-21
9.272471e+02;1.657559e-21
9.272971e+02;1.657454e-21
9.273471e+02;1.657349e-21
9.273971e+02;1.657244e-21
9.274471e+02;1.657139e-21
9.274971e+02;1.657033e-21
9.275471e+02;1.656928e-21
9.275971e+02;1.656823e-21
9.276471e+02;1.656718e-21
9.276971e+02;1.656613e-21
9.277471e+02;1.656508e-21
9.277971e+02;1.656403e-21
9.278471e+02;1.656298e-21
9.278971e+02;1.656193e-21
9.279471e+02;1.656087e-21
9.279971e+02;1.655982e-21
9.280471e+02;1.655877e-21
9.280971e+02;1.655772e-21
9.281471e+02;1.655667e-21
9.281971e+02;1.655562e-21
9.282471e+02;1.655457e-21
9.282971e+02;1.655352e-21
9.283471e+02;1.655247e-21
9.283971e+02;1.655142e-21
9.284471e+02;1.655037e-21
9.284971e+02;1.654933e-21
9.285471e+02;1.654828e-21
9.285971e+02;1.654723e-21
9.286471e+02;1.654618e-21
9.286971e+02;1.654513e-21
9.287471e+02;1.654408e-21
9.287972e+02;1.654303e-21
9.288472e+02;1.654198e-21
9.288972e+02;1.654093e-21
9.289472e+02;1.653989e-21
9.289972e+02;1.653884e-21
9.290472e+02;1.653779e-21
9.290972e+02;1.653674e-21
9.291472e+02;1.653569e-21
9.291972e+02;1.653465e-21
9.292472e+02;1.653360e-21
9.292972e+02;1.653255e-21
9.293472e+02;1.653150e-21
9.293972e+02;1.653046e-21
9.294472e+02;1.652941e-21
9.294972e+02;1.652836e-21
9.295472e+02;1.652732e-21
9.295972e+02;1.652627e-21
9.296472e+02;1.652522e-21
9.296972e+02;1.652418e-21
9.297472e+02;1.652313e-21
9.297972e+02;1.652208e-21
9.298472e+02;1.652104e-21
9.298972e+02;1.651999e-21
9.299472e+02;1.651894e-21
9.299972e+02;1.651790e-21
9.300472e+02;1.651685e-21
9.300972e+02;1.651581e-21
9.301472e+02;1.651476e-21
9.301972e+02;1.651372e-21
9.302472e+02;1.651267e-21
9.302972e+02;1.651162e-21
9.303472e+02;1.651058e-21
9.303972e+02;1.650953e-21
9.304472e+02;1.650849e-21
9.304972e+02;1.650744e-21
9.305472e+02;1.650640e-21
9.305972e+02;1.650536e-21
9.306472e+02;1.650431e-21
9.306972e+02;1.650327e-21
9.307472e+02;1.650222e-21
9.307972e+02;1.650118e-21
9.308472e+02;1.650013e-21
9.308972e+02;1.649909e-21
9.309472e+02;1.649805e-21
9.309972e+02;1.649700e-21
9.310472e+02;1.649596e-21
9.310972e+02;1.649492e-21
9.311472e+02;1.649387e-21
9.311972e+02;1.649283e-21
9.312472e+02;1.649179e-21
9.312973e+02;1.649074e-21
9.313473e+02;1.648970e-21
9.313973e+02;1.648866e-21
9.314473e+02;1.648761e-21
9.314973e+02;1.648657e-21
9.315473e+02;1.648553e-21
9.315973e+02;1.648449e-21
9.316473e+02;1.648344e-21
9.316973e+02;1.648240e-21
9.317473e+02;1.648136e-21
9.317973e+02;1.648032e-21
9.318473e+02;1.647928e-21
9.318973e+02;1.647824e-21
9.319473e+02;1.647719e-21
9.319973e+02;1.647615e-21
9.320473e+02;1.647511e-21
9.320973e+02;1.647407e-21
9.321473e+02;1.647303e-21
9.321973e+02;1.647199e-21
9.322473e+02;1.647095e-21
9.322973e+02;1.646991e-21
9.323473e+02;1.646887e-21
9.323973e+02;1.646783e-21
9.324473e+02;1.646678e-21
9.324973e+02;1.646574e-21
9.325473e+02;1.646470e-21
9.325973e+02;1.646366e-21
9.326473e+02;1.646262e-21
9.326973e+02;1.646158e-21
9.327473e+02;1.646054e-21
9.327973e+02;1.645951e-21
9.328473e+02;1.645847e-21
9.328973e+02;1.645743e-21
9.329473e+02;1.645639e-21
9.329973e+02;1.645535e-21
9.330473e+02;1.645431e-21
9.330973e+02;1.645327e-21
9.331473e+02;1.645223e-21
9.331973e+02;1.645119e-21
9.332473e+02;1.645015e-21
9.332973e+02;1.644912e-21
9.333473e+02;1.644808e-21
9.333973e+02;1.644704e-21
9.334473e+02;1.644600e-21
9.334973e+02;1.644496e-21
9.335473e+02;1.644392e-21
9.335973e+02;1.644289e-21
9.336473e+02;1.644185e-21
9.336973e+02;1.644081e-21
9.337473e+02;1.643977e-21
9.337974e+02;1.643874e-21
9.338474e+02;1.643770e-21
9.338974e+02;1.643666e-21
9.339474e+02;1.643562e-21
9.339974e+02;1.643459e-21
9.340474e+02;1.643355e-21
9.340974e+02;1.643251e-21
9.341474e+02;1.643148e-21
9.341974e+02;1.643044e-21
9.342474e+02;1.642940e-21
9.342974e+02;1.642837e-21
9.343474e+02;1.642733e-21
9.343974e+02;1.642630e-21
9.344474e+02;1.642526e-21
9.344974e+02;1.642422e-21
9.345474e+02;1.642319e-21
9.345974e+02;1.642215e-21
9.346474e+02;1.642112e-21
9.346974e+02;1.642008e-21
9.347474e+02;1.641905e-21
9.347974e+02;1.641801e-21
9.348474e+02;1.641698e-21
9.348974e+02;1.641594e-21
9.349474e+02;1.641491e-21
9.349974e+02;1.641387e-21
9.350474e+02;1.641284e-21
9.350974e+02;1.641180e-21
9.351474e+02;1.641077e-21
9.351974e+02;1.640974e-21
9.352474e+02;1.640870e-21
9.352974e+02;1.640767e-21
9.353474e+02;1.640663e-21
9.353974e+02;1.640560e-21
9.354474e+02;1.640457e-21
9.354974e+02;1.640353e-21
9.355474e+02;1.640250e-21
9.355974e+02;1.640147e-21
9.356474e+02;1.640043e-21
9.356974e+02;1.639940e-21
9.357474e+02;1.639837e-21
9.357974e+02;1.639733e-21
9.358474e+02;1.639630e-21
9.358974e+02;1.639527e-21
9.359474e+02;1.639423e-21
9.359974e+02;1.639320e-21
9.360474e+02;1.639217e-21
9.360974e+02;1.639114e-21
9.361474e+02;1.639011e-21
9.361974e+02;1.638907e-21
9.362474e+02;1.638804e-21
9.362975e+02;1.638701e-21
9.363475e+02;1.638598e-21
9.363975e+02;1.638495e-21
9.364475e+02;1.638392e-21
9.364975e+02;1.638288e-21
9.365475e+02;1.638185e-21
9.365975e+02;1.638082e-21
9.366475e+02;1.637979e-21
9.366975e+02;1.637876e-21
9.367475e+02;1.637773e-21
9.367975e+02;1.637670e-21
9.368475e+02;1.637567e-21
9.368975e+02;1.637464e-21
9.369475e+02;1.637361e-21
9.369975e+02;1.637258e-21
9.370475e+02;1.637155e-21
9.370975e+02;1.637052e-21
9.371475e+02;1.636949e-21
9.371975e+02;1.636846e-21
9.372475e+02;1.636743e-21
9.372975e+02;1.636640e-21
9.373475e+02;1.636537e-21
9.373975e+02;1.636434e-21
9.374475e+02;1.636331e-21
9.374975e+02;1.636228e-21
9.375475e+02;1.636125e-21
9.375975e+02;1.636022e-21
9.376475e+02;1.635919e-21
9.376975e+02;1.635816e-21
9.377475e+02;1.635714e-21
9.377975e+02;1.635611e-21
9.378475e+02;1.635508e-21
9.378975e+02;1.635405e-21
9.379475e+02;1.635302e-21
9.379975e+02;1.635199e-21
9.380475e+02;1.635097e-21
9.380975e+02;1.634994e-21
9.381475e+02;1.634891e-21
9.381975e+02;1.634788e-21
9.382475e+02;1.634686e-21
9.382975e+02;1.634583e-21
9.383475e+02;1.634480e-21
9.383975e+02;1.634377e-21
9.384475e+02;1.634275e-21
9.384975e+02;1.634172e-21
9.385475e+02;1.634069e-21
9.385975e+02;1.633967e-21
9.386475e+02;1.633864e-21
9.386975e+02;1.633761e-21
9.387475e+02;1.633659e-21
9.387976e+02;1.633556e-21
9.388476e+02;1.633454e-21
9.388976e+02;1.633351e-21
9.389476e+02;1.633248e-21
9.389976e+02;1.633146e-21
9.390476e+02;1.633043e-21
9.390976e+02;1.632941e-21
9.391476e+02;1.632838e-21
9.391976e+02;1.632736e-21
9.392476e+02;1.632633e-21
9.392976e+02;1.632530e-21
9.393476e+02;1.632428e-21
9.393976e+02;1.632325e-21
9.394476e+02;1.632223e-21
9.394976e+02;1.632121e-21
9.395476e+02;1.632018e-21
9.395976e+02;1.631916e-21
9.396476e+02;1.631813e-21
9.396976e+02;1.631711e-21
9.397476e+02;1.631608e-21
9.397976e+02;1.631506e-21
9.398476e+02;1.631404e-21
9.398976e+02;1.631301e-21
9.399476e+02;1.631199e-21
9.399976e+02;1.631096e-21
9.400476e+02;1.630994e-21
9.400976e+02;1.630892e-21
9.401476e+02;1.630789e-21
9.401976e+02;1.630687e-21
9.402476e+02;1.630585e-21
9.402976e+02;1.630482e-21
9.403476e+02;1.630380e-21
9.403976e+02;1.630278e-21
9.404476e+02;1.630176e-21
9.404976e+02;1.630073e-21
9.405476e+02;1.629971e-21
9.405976e+02;1.629869e-21
9.406476e+02;1.629767e-21
9.406976e+02;1.629664e-21
9.407476e+02;1.629562e-21
9.407976e+02;1.629460e-21
9.408476e+02;1.629358e-21
9.408976e+02;1.629256e-21
9.409476e+02;1.629154e-21
9.409976e+02;1.629051e-21
9.410476e+02;1.628949e-21
9.410976e+02;1.628847e-21
9.411476e+02;1.628745e-21
9.411976e+02;1.628643e-21
9.412476e+02;1.628541e-21
9.412977e+02;1.628439e-21
9.413477e+02;1.628337e-21
9.413977e+02;1.628235e-21
9.414477e+02;1.628133e-21
9.414977e+02;1.628031e-21
9.415477e+02;1.627929e-21
9.415977e+02;1.627827e-21
9.416477e+02;1.627725e-21
9.416977e+02;1.627623e-21
9.417477e+02;1.627521e-21
9.417977e+02;1.627419e-21
9.418477e+02;1.627317e-21
9.418977e+02;1.627215e-21
9.419477e+02;1.627113e-21
9.419977e+02;1.627011e-21
9.420477e+02;1.626909e-21
9.420977e+02;1.626807e-21
9.421477e+02;1.626705e-21
9.421977e+02;1.626603e-21
9.422477e+02;1.626501e-21
9.422977e+02;1.626400e-21
9.423477e+02;1.626298e-21
9.423977e+02;1.626196e-21
9.424477e+02;1.626094e-21
9.424977e+02;1.625992e-21
9.425477e+02;1.625890e-21
9.425977e+02;1.625789e-21
9.426477e+02;1.625687e-21
9.426977e+02;1.625585e-21
9.427477e+02;1.625483e-21
9.427977e+02;1.625382e-21
9.428477e+02;1.625280e-21
9.428977e+02;1.625178e-21
9.429477e+02;1.625076e-21
9.429977e+02;1.624975e-21
9.430477e+02;1.624873e-21
9.430977e+02;1.624771e-21
9.431477e+02;1.624670e-21
9.431977e+02;1.624568e-21
9.432477e+02;1.624466e-21
9.432977e+02;1.624365e-21
9.433477e+02;1.624263e-21
9.433977e+02;1.624161e-21
9.434477e+02;1.624060e-21
9.434977e+02;1.623958e-21
9.435477e+02;1.623857e-21
9.435977e+02;1.623755e-21
9.436477e+02;1.623654e-21
9.436977e+02;1.623552e-21
9.437477e+02;1.623450e-21
9.437978e+02;1.623349e-21
9.438478e+02;1.623247e-21
9.438978e+02;1.623146e-21
9.439478e+02;1.623044e-21
9.439978e+02;1.622943e-21
9.440478e+02;1.622841e-21
9.440978e+02;1.622740e-21
9.441478e+02;1.622638e-21
9.441978e+02;1.622537e-21
9.442478e+02;1.622436e-21
9.442978e+02;1.622334e-21
9.443478e+02;1.622233e-21
9.443978e+02;1.622131e-21
9.444478e+02;1.622030e-21
9.444978e+02;1.621929e-21
9.445478e+02;1.621827e-21
9.445978e+02;1.621726e-21
9.446478e+02;1.621625e-21
9.446978e+02;1.621523e-21
9.447478e+02;1.621422e-21
9.447978e+02;1.621321e-21
9.448478e+02;1.621219e-21
9.448978e+02;1.621118e-21
9.449478e+02;1.621017e-21
9.449978e+02;1.620915e-21
9.450478e+02;1.620814e-21
9.450978e+02;1.620713e-21
9.451478e+02;1.620612e-21
9.451978e+02;1.620510e-21
9.452478e+02;1.620409e-21
9.452978e+02;1.620308e-21
9.453478e+02;1.620207e-21
9.453978e+02;1.620106e-21
9.454478e+02;1.620004e-21
9.454978e+02;1.619903e-21
9.455478e+02;1.619802e-21
9.455978e+02;1.619701e-21
9.456478e+02;1.619600e-21
9.456978e+02;1.619499e-21
9.457478e+02;1.619398e-21
9.457978e+02;1.619296e-21
9.458478e+02;1.619195e-21
9.458978e+02;1.619094e-21
9.459478e+02;1.618993e-21
9.459978e+02;1.618892e-21
9.460478e+02;1.618791e-21
9.460978e+02;1.618690e-21
9.461478e+02;1.618589e-21
9.461978e+02;1.618488e-21
9.462478e+02;1.618387e-21
9.462979e+02;1.618286e-21
9.463479e+02;1.618185e-21
9.463979e+02;1.618084e-21
9.464479e+02;1.617983e-21
9.464979e+02;1.617882e-21
9.465479e+02;1.617781e-21
9.465979e+02;1.617680e-21
9.466479e+02;1.617579e-21
9.466979e+02;1.617479e-21
9.467479e+02;1.617378e-21
9.467979e+02;1.617277e-21
9.468479e+02;1.617176e-21
9.468979e+02;1.617075e-21
9.469479e+02;1.616974e-21
9.469979e+02;1.616873e-21
9.470479e+02;1.616773e-21
9.470979e+02;1.616672e-21
9.471479e+02;1.616571e-21
9.471979e+02;1.616470e-21
9.472479e+02;1.616369e-21
9.472979e+02;1.616269e-21
9.473479e+02;1.616168e-21
9.473979e+02;1.616067e-21
9.474479e+02;1.615966e-21
9.474979e+02;1.615866e-21
9.475479e+02;1.615765e-21
9.475979e+02;1.615664e-21
9.476479e+02;1.615563e-21
9.476979e+02;1.615463e-21
9.477479e+02;1.615362e-21
9.477979e+02;1.615261e-21
9.478479e+02;1.615161e-21
9.478979e+02;1.615060e-21
9.479479e+02;1.614959e-21
9.479979e+02;1.614859e-21
9.480479e+02;1.614758e-21
9.480979e+02;1.614658e-21
9.481479e+02;1.614557e-21
9.481979e+02;1.614456e-21
9.482479e+02;1.614356e-21
9.482979e+02;1.614255e-21
9.483479e+02;1.614155e-21
9.483979e+02;1.614054e-21
9.484479e+02;1.613954e-21
9.484979e+02;1.613853e-21
9.485479e+02;1.613753e-21
9.485979e+02;1.613652e-21
9.486479e+02;1.613552e-21
9.486979e+02;1.613451e-21
9.487479e+02;1.613351e-21
9.487980e+02;1.613250e-21
9.488480e+02;1.613150e-21
9.488980e+02;1.613049e-21
9.489480e+02;1.612949e-21
9.489980e+02;1.612848e-21
9.490480e+02;1.612748e-21
9.490980e+02;1.612648e-21
9.491480e+02;1.612547e-21
9.491980e+02;1.612447e-21
9.492480e+02;1.612347e-21
9.492980e+02;1.612246e-21
9.493480e+02;1.612146e-21
9.493980e+02;1.612046e-21
9.494480e+02;1.611945e-21
9.494980e+02;1.611845e-21
9.495480e+02;1.611745e-21
9.495980e+02;1.611644e-21
9.496480e+02;1.611544e-21
9.496980e+02;1.611444e-21
9.497480e+02;1.611344e-21
9.497980e+02;1.611243e-21
9.498480e+02;1.611143e-21
9.498980e+02;1.611043e-21
9.499480e+02;1.610943e-21
9.499980e+02;1.610842e-21
9.500480e+02;1.610742e-21
9.500980e+02;1.610642e-21
9.501480e+02;1.610542e-21
9.501980e+02;1.610442e-21
9.502480e+02;1.610342e-21
9.502980e+02;1.610242e-21
9.503480e+02;1.610141e-21
9.503980e+02;1.610041e-21
9.504480e+02;1.609941e-21
9.504980e+02;1.609841e-21
9.505480e+02;1.609741e-21
9.505980e+02;1.609641e-21
9.506480e+02;1.609541e-21
9.506980e+02;1.609441e-21
9.507480e+02;1.609341e-21
9.507980e+02;1.609241e-21
9.508480e+02;1.609141e-21
9.508980e+02;1.609041e-21
9.509480e+02;1.608941e-21
9.509980e+02;1.608841e-21
9.510480e+02;1.608741e-21
9.510980e+02;1.608641e-21
9.511480e+02;1.608541e-21
9.511980e+02;1.608441e-21
9.512480e+02;1.608341e-21
9.512981e+02;1.608241e-21
9.513481e+02;1.608141e-21
9.513981e+02;1.608041e-21
9.514481e+02;1.607941e-21
9.514981e+02;1.607841e-21
9.515481e+02;1.607742e-21
9.515981e+02;1.607642e-21
9.516481e+02;1.607542e-21
9.516981e+02;1.607442e-21
9.517481e+02;1.607342e-21
9.517981e+02;1.607242e-21
9.518481e+02;1.607143e-21
9.518981e+02;1.607043e-21
9.519481e+02;1.606943e-21
9.519981e+02;1.606843e-21
9.520481e+02;1.606743e-21
9.520981e+02;1.606644e-21
9.521481e+02;1.606544e-21
9.521981e+02;1.606444e-21
9.522481e+02;1.606344e-21
9.522981e+02;1.606245e-21
9.523481e+02;1.606145e-21
9.523981e+02;1.606045e-21
9.524481e+02;1.605946e-21
9.524981e+02;1.605846e-21
9.525481e+02;1.605746e-21
9.525981e+02;1.605647e-21
9.526481e+02;1.605547e-21
9.526981e+02;1.605447e-21
9.527481e+02;1.605348e-21
9.527981e+02;1.605248e-21
9.528481e+02;1.605149e-21
9.528981e+02;1.605049e-21
9.529481e+02;1.604949e-21
9.529981e+02;1.604850e-21
9.530481e+02;1.604750e-21
9.530981e+02;1.604651e-21
9.531481e+02;1.604551e-21
9.531981e+02;1.604452e-21
9.532481e+02;1.604352e-21
9.532981e+02;1.604253e-21
9.533481e+02;1.604153e-21
9.533981e+02;1.604054e-21
9.534481e+02;1.603954e-21
9.534981e+02;1.603855e-21
9.535481e+02;1.603755e-21
9.535981e+02;1.603656e-21
9.536481e+02;1.603557e-21
9.536981e+02;1.603457e-21
9.537481e+02;1.603358e-21
9.537982e+02;1.603258e-21
9.538482e+02;1.603159e-21
9.538982e+02;1.603060e-21
9.539482e+02;1.602960e-21
9.539982e+02;1.602861e-21
9.540482e+02;1.602762e-21
9.540982e+02;1.602662e-21
9.541482e+02;1.602563e-21
9.541982e+02;1.602464e-21
9.542482e+02;1.602364e-21
9.542982e+02;1.602265e-21
9.543482e+02;1.602166e-21
9.543982e+02;1.602066e-21
9.544482e+02;1.601967e-21
9.544982e+02;1.601868e-21
9.545482e+02;1.601769e-21
9.545982e+02;1.601669e-21
9.546482e+02;1.601570e-21
9.546982e+02;1.601471e-21
9.547482e+02;1.601372e-21
9.547982e+02;1.601273e-21
9.548482e+02;1.601173e-21
9.548982e+02;1.601074e-21
9.549482e+02;1.600975e-21
9.549982e+02;1.600876e-21
9.550482e+02;1.600777e-21
9.550982e+02;1.600678e-21
9.551482e+02;1.600579e-21
9.551982e+02;1.600480e-21
9.552482e+02;1.600380e-21
9.552982e+02;1.600281e-21
9.553482e+02;1.600182e-21
9.553982e+02;1.600083e-21
9.554482e+02;1.599984e-21
9.554982e+02;1.599885e-21
9.555482e+02;1.599786e-21
9.555982e+02;1.599687e-21
9.556482e+02;1.599588e-21
9.556982e+02;1.599489e-21
9.557482e+02;1.599390e-21
9.557982e+02;1.599291e-21
9.558482e+02;1.599192e-21
9.558982e+02;1.599093e-21
9.559482e+02;1.598994e-21
9.559982e+02;1.598895e-21
9.560482e+02;1.598796e-21
9.560982e+02;1.598697e-21
9.561482e+02;1.598599e-21
9.561982e+02;1.598500e-21
9.562482e+02;1.598401e-21
9.562983e+02;1.598302e-21
9.563483e+02;1.598203e-21
9.563983e+02;1.598104e-21
9.564483e+02;1.598005e-21
9.564983e+02;1.597907e-21
9.565483e+02;1.597808e-21
9.565983e+02;1.597709e-21
9.566483e+02;1.597610e-21
9.566983e+02;1.597511e-21
9.567483e+02;1.597413e-21
9.567983e+02;1.597314e-21
9.568483e+02;1.597215e-21
9.568983e+02;1.597116e-21
9.569483e+02;1.597018e-21
9.569983e+02;1.596919e-21
9.570483e+02;1.596820e-21
9.570983e+02;1.596721e-21
9.571483e+02;1.596623e-21
9.571983e+02;1.596524e-21
9.572483e+02;1.596425e-21
9.572983e+02;1.596327e-21
9.573483e+02;1.596228e-21
9.573983e+02;1.596129e-21
9.574483e+02;1.596031e-21
9.574983e+02;1.595932e-21
9.575483e+02;1.595834e-21
9.575983e+02;1.595735e-21
9.576483e+02;1.595636e-21
9.576983e+02;1.595538e-21
9.577483e+02;1.595439e-21
9.577983e+02;1.595341e-21
9.578483e+02;1.595242e-21
9.578983e+02;1.595144e-21
9.579483e+02;1.595045e-21
9.579983e+02;1.594947e-21
9.580483e+02;1.594848e-21
9.580983e+02;1.594750e-21
9.581483e+02;1.594651e-21
9.581983e+02;1.594553e-21
9.582483e+02;1.594454e-21
9.582983e+02;1.594356e-21
9.583483e+02;1.594257e-21
9.583983e+02;1.594159e-21
9.584483e+02;1.594060e-21
9.584983e+02;1.593962e-21
9.585483e+02;1.593864e-21
9.585983e+02;1.593765e-21
9.586483e+02;1.593667e-21
9.586983e+02;1.593568e-21
9.587483e+02;1.593470e-21
9.587984e+02;1.593372e-21
9.588484e+02;1.593273e-21
9.588984e+02;1.593175e-21
9.589484e+02;1.593077e-21
9.589984e+02;1.592978e-21
9.590484e+02;1.592880e-21
9.590984e+02;1.592782e-21
9.591484e+02;1.592683e-21
9.591984e+02;1.592585e-21
9.592484e+02;1.592487e-21
9.592984e+02;1.592389e-21
9.593484e+02;1.592290e-21
9.593984e+02;1.592192e-21
9.594484e+02;1.592094e-21
9.594984e+02;1.591996e-21
9.595484e+02;1.591898e-21
9.595984e+02;1.591799e-21
9.596484e+02;1.591701e-21
9.596984e+02;1.591603e-21
9.597484e+02;1.591505e-21
9.597984e+02;1.591407e-21
9.598484e+02;1.591309e-21
9.598984e+02;1.591211e-21
9.599484e+02;1.591112e-21
9.599984e+02;1.591014e-21
9.600484e+02;1.590916e-21
9.600984e+02;1.590818e-21
9.601484e+02;1.590720e-21
9.601984e+02;1.590622e-21
9.602484e+02;1.590524e-21
9.602984e+02;1.590426e-21
9.603484e+02;1.590328e-21
9.603984e+02;1.590230e-21
9.604484e+02;1.590132e-21
9.604984e+02;1.590034e-21
9.605484e+02;1.589936e-21
9.605984e+02;1.589838e-21
9.606484e+02;1.589740e-21
9.606984e+02;1.589642e-21
9.607484e+02;1.589544e-21
9.607984e+02;1.589446e-21
9.608484e+02;1.589348e-21
9.608984e+02;1.589250e-21
9.609484e+02;1.589152e-21
9.609984e+02;1.589054e-21
9.610484e+02;1.588957e-21
9.610984e+02;1.588859e-21
9.611484e+02;1.588761e-21
9.611984e+02;1.588663e-21
9.612484e+02;1.588565e-21
9.612985e+02;1.588467e-21
9.613485e+02;1.588369e-21
9.613985e+02;1.588272e-21
9.614485e+02;1.588174e-21
9.614985e+02;1.588076e-21
9.615485e+02;1.587978e-21
9.615985e+02;1.587880e-21
9.616485e+02;1.587783e-21
9.616985e+02;1.587685e-21
9.617485e+02;1.587587e-21
9.617985e+02;1.587489e-21
9.618485e+02;1.587392e-21
9.618985e+02;1.587294e-21
9.619485e+02;1.587196e-21
9.619985e+02;1.587099e-21
9.620485e+02;1.587001e-21
9.620985e+02;1.586903e-21
9.621485e+02;1.586806e-21
9.621985e+02;1.586708e-21
9.622485e+02;1.586610e-21
9.622985e+02;1.586513e-21
9.623485e+02;1.586415e-21
9.623985e+02;1.586317e-21
9.624485e+02;1.586220e-21
9.624985e+02;1.586122e-21
9.625485e+02;1.586025e-21
9.625985e+02;1.585927e-21
9.626485e+02;1.585830e-21
9.626985e+02;1.585732e-21
9.627485e+02;1.585634e-21
9.627985e+02;1.585537e-21
9.628485e+02;1.585439e-21
9.628985e+02;1.585342e-21
9.629485e+02;1.585244e-21
9.629985e+02;1.585147e-21
9.630485e+02;1.585049e-21
9.630985e+02;1.584952e-21
9.631485e+02;1.584855e-21
9.631985e+02;1.584757e-21
9.632485e+02;1.584660e-21
9.632985e+02;1.584562e-21
9.633485e+02;1.584465e-21
9.633985e+02;1.584367e-21
9.634485e+02;1.584270e-21
9.634985e+02;1.584173e-21
9.635485e+02;1.584075e-21
9.635985e+02;1.583978e-21
9.636485e+02;1.583881e-21
9.636985e+02;1.583783e-21
9.637485e+02;1.583686e-21
9.637986e+02;1.583588e-21
9.638486e+02;1.583491e-21
9.638986e+02;1.583394e-21
9.639486e+02;1.583297e-21
9.639986e+02;1.583199e-21
9.640486e+02;1.583102e-21
9.640986e+02;1.583005e-21
9.641486e+02;1.582908e-21
9.641986e+02;1.582810e-21
9.642486e+02;1.582713e-21
9.642986e+02;1.582616e-21
9.643486e+02;1.582519e-21
9.643986e+02;1.582421e-21
9.644486e+02;1.582324e-21
9.644986e+02;1.582227e-21
9.645486e+02;1.582130e-21
9.645986e+02;1.582033e-21
9.646486e+02;1.581936e-21
9.646986e+02;1.581838e-21
9.647486e+02;1.581741e-21
9.647986e+02;1.581644e-21
9.648486e+02;1.581547e-21
9.648986e+02;1.581450e-21
9.649486e+02;1.581353e-21
9.649986e+02;1.581256e-21
9.650486e+02;1.581159e-21
9.650986e+02;1.581062e-21
9.651486e+02;1.580965e-21
9.651986e+02;1.580868e-21
9.652486e+02;1.580771e-21
9.652986e+02;1.580674e-21
9.653486e+02;1.580576e-21
9.653986e+02;1.580479e-21
9.654486e+02;1.580383e-21
9.654986e+02;1.580286e-21
9.655486e+02;1.580189e-21
9.655986e+02;1.580092e-21
9.656486e+02;1.579995e-21
9.656986e+02;1.579898e-21
9.657486e+02;1.579801e-21
9.657986e+02;1.579704e-21
9.658486e+02;1.579607e-21
9.658986e+02;1.579510e-21
9.659486e+02;1.579413e-21
9.659986e+02;1.579316e-21
9.660486e+02;1.579219e-21
9.660986e+02;1.579123e-21
9.661486e+02;1.579026e-21
9.661986e+02;1.578929e-21
9.662486e+02;1.578832e-21
9.662987e+02;1.578735e-21
9.663487e+02;1.578638e-21
9.663987e+02;1.578542e-21
9.664487e+02;1.578445e-21
9.664987e+02;1.578348e-21
9.665487e+02;1.578251e-21
9.665987e+02;1.578155e-21
9.666487e+02;1.578058e-21
9.666987e+02;1.577961e-21
9.667487e+02;1.577864e-21
9.667987e+02;1.577768e-21
9.668487e+02;1.577671e-21
9.668987e+02;1.577574e-21
9.669487e+02;1.577478e-21
9.669987e+02;1.577381e-21
9.670487e+02;1.577284e-21
9.670987e+02;1.577188e-21
9.671487e+02;1.577091e-21
9.671987e+02;1.576994e-21
9.672487e+02;1.576898e-21
9.672987e+02;1.576801e-21
9.673487e+02;1.576704e-21
9.673987e+02;1.576608e-21
9.674487e+02;1.576511e-21
9.674987e+02;1.576415e-21
9.675487e+02;1.576318e-21
9.675987e+02;1.576222e-21
9.676487e+02;1.576125e-21
9.676987e+02;1.576028e-21
9.677487e+02;1.575932e-21
9.677987e+02;1.575835e-21
9.678487e+02;1.575739e-21
9.678987e+02;1.575642e-21
9.679487e+02;1.575546e-21
9.679987e+02;1.575450e-21
9.680487e+02;1.575353e-21
9.680987e+02;1.575257e-21
9.681487e+02;1.575160e-21
9.681987e+02;1.575064e-21
9.682487e+02;1.574967e-21
9.682987e+02;1.574871e-21
9.683487e+02;1.574774e-21
9.683987e+02;1.574678e-21
9.684487e+02;1.574582e-21
9.684987e+02;1.574485e-21
9.685487e+02;1.574389e-21
9.685987e+02;1.574293e-21
9.686487e+02;1.574196e-21
9.686987e+02;1.574100e-21
9.687487e+02;1.574004e-21
9.687988e+02;1.573907e-21
9.688488e+02;1.573811e-21
9.688988e+02;1.573715e-21
9.689488e+02;1.573618e-21
9.689988e+02;1.573522e-21
9.690488e+02;1.573426e-21
9.690988e+02;1.573330e-21
9.691488e+02;1.573233e-21
9.691988e+02;1.573137e-21
9.692488e+02;1.573041e-21
9.692988e+02;1.572945e-21
9.693488e+02;1.572849e-21
9.693988e+02;1.572752e-21
9.694488e+02;1.572656e-21
9.694988e+02;1.572560e-21
9.695488e+02;1.572464e-21
9.695988e+02;1.572368e-21
9.696488e+02;1.572272e-21
9.696988e+02;1.572175e-21
9.697488e+02;1.572079e-21
9.697988e+02;1.571983e-21
9.698488e+02;1.571887e-21
9.698988e+02;1.571791e-21
9.699488e+02;1.571695e-21
9.699988e+02;1.571599e-21
9.700488e+02;1.571503e-21
9.700988e+02;1.571407e-21
9.701488e+02;1.571311e-21
9.701988e+02;1.571215e-21
9.702488e+02;1.571119e-21
9.702988e+02;1.571023e-21
9.703488e+02;1.570927e-21
9.703988e+02;1.570831e-21
9.704488e+02;1.570735e-21
9.704988e+02;1.570639e-21
9.705488e+02;1.570543e-21
9.705988e+02;1.570447e-21
9.706488e+02;1.570351e-21
9.706988e+02;1.570255e-21
9.707488e+02;1.570159e-21
9.707988e+02;1.570063e-21
9.708488e+02;1.569967e-21
9.708988e+02;1.569871e-21
9.709488e+02;1.569775e-21
9.709988e+02;1.569679e-21
9.710488e+02;1.569584e-21
9.710988e+02;1.569488e-21
9.711488e+02;1.569392e-21
9.711988e+02;1.569296e-21
9.712488e+02;1.569200e-21
9.712989e+02;1.569104e-21
9.713489e+02;1.569009e-21
9.713989e+02;1.568913e-21
9.714489e+02;1.568817e-21
9.714989e+02;1.568721e-21
9.715489e+02;1.568626e-21
9.715989e+02;1.568530e-21
9.716489e+02;1.568434e-21
9.716989e+02;1.568338e-21
9.717489e+02;1.568243e-21
9.717989e+02;1.568147e-21
9.718489e+02;1.568051e-21
9.718989e+02;1.567955e-21
9.719489e+02;1.567860e-21
9.719989e+02;1.567764e-21
9.720489e+02;1.567668e-21
9.720989e+02;1.567573e-21
9.721489e+02;1.567477e-21
9.721989e+02;1.567382e-21
9.722489e+02;1.567286e-21
9.722989e+02;1.567190e-21
9.723489e+02;1.567095e-21
9.723989e+02;1.566999e-21
9.724489e+02;1.566903e-21
9.724989e+02;1.566808e-21
9.725489e+02;1.566712e-21
9.725989e+02;1.566617e-21
9.726489e+02;1.566521e-21
9.726989e+02;1.566426e-21
9.727489e+02;1.566330e-21
9.727989e+02;1.566235e-21
9.728489e+02;1.566139e-21
9.728989e+02;1.566044e-21
9.729489e+02;1.565948e-21
9.729989e+02;1.565853e-21
9.730489e+02;1.565757e-21
9.730989e+02;1.565662e-21
9.731489e+02;1.565566e-21
9.731989e+02;1.565471e-21
9.732489e+02;1.565376e-21
9.732989e+02;1.565280e-21
9.733489e+02;1.565185e-21
9.733989e+02;1.565089e-21
9.734489e+02;1.564994e-21
9.734989e+02;1.564899e-21
9.735489e+02;1.564803e-21
9.735989e+02;1.564708e-21
9.736489e+02;1.564612e-21
9.736989e+02;1.564517e-21
9.737489e+02;1.564422e-21
9.737990e+02;1.564326e-21
9.738490e+02;1.564231e-21
9.738990e+02;1.564136e-21
9.739490e+02;1.564041e-21
9.739990e+02;1.563945e-21
9.740490e+02;1.563850e-21
9.740990e+02;1.563755e-21
9.741490e+02;1.563660e-21
9.741990e+02;1.563564e-21
9.742490e+02;1.563469e-21
9.742990e+02;1.563374e-21
9.743490e+02;1.563279e-21
9.743990e+02;1.563183e-21
9.744490e+02;1.563088e-21
9.744990e+02;1.562993e-21
9.745490e+02;1.562898e-21
9.745990e+02;1.562803e-21
9.746490e+02;1.562708e-21
9.746990e+02;1.562612e-21
9.747490e+02;1.562517e-21
9.747990e+02;1.562422e-21
9.748490e+02;1.562327e-21
9.748990e+02;1.562232e-21
9.749490e+02;1.562137e-21
9.749990e+02;1.562042e-21
9.750490e+02;1.561947e-21
9.750990e+02;1.561852e-21
9.751490e+02;1.561757e-21
9.751990e+02;1.561662e-21
9.752490e+02;1.561567e-21
9.752990e+02;1.561472e-21
9.753490e+02;1.561377e-21
9.753990e+02;1.561282e-21
9.754490e+02;1.561187e-21
9.754990e+02;1.561092e-21
9.755490e+02;1.560997e-21
9.755990e+02;1.560902e-21
9.756490e+02;1.560807e-21
9.756990e+02;1.560712e-21
9.757490e+02;1.560617e-21
9.757990e+02;1.560522e-21
9.758490e+02;1.560427e-21
9.758990e+02;1.560332e-21
9.759490e+02;1.560237e-21
9.759990e+02;1.560142e-21
9.760490e+02;1.560047e-21
9.760990e+02;1.559953e-21
9.761490e+02;1.559858e-21
9.761990e+02;1.559763e-21
9.762490e+02;1.559668e-21
9.762991e+02;1.559573e-21
9.763491e+02;1.559478e-21
9.763991e+02;1.559384e-21
9.764491e+02;1.559289e-21
9.764991e+02;1.559194e-21
9.765491e+02;1.559099e-21
9.765991e+02;1.559004e-21
9.766491e+02;1.558910e-21
9.766991e+02;1.558815e-21
9.767491e+02;1.558720e-21
9.767991e+02;1.558626e-21
9.768491e+02;1.558531e-21
9.768991e+02;1.558436e-21
9.769491e+02;1.558341e-21
9.769991e+02;1.558247e-21
9.770491e+02;1.558152e-21
9.770991e+02;1.558057e-21
9.771491e+02;1.557963e-21
9.771991e+02;1.557868e-21
9.772491e+02;1.557773e-21
9.772991e+02;1.557679e-21
9.773491e+02;1.557584e-21
9.773991e+02;1.557490e-21
9.774491e+02;1.557395e-21
9.774991e+02;1.557300e-21
9.775491e+02;1.557206e-21
9.775991e+02;1.557111e-21
9.776491e+02;1.557017e-21
9.776991e+02;1.556922e-21
9.777491e+02;1.556828e-21
9.777991e+02;1.556733e-21
9.778491e+02;1.556639e-21
9.778991e+02;1.556544e-21
9.779491e+02;1.556450e-21
9.779991e+02;1.556355e-21
9.780491e+02;1.556261e-21
9.780991e+02;1.556166e-21
9.781491e+02;1.556072e-21
9.781991e+02;1.555977e-21
9.782491e+02;1.555883e-21
9.782991e+02;1.555788e-21
9.783491e+02;1.555694e-21
9.783991e+02;1.555599e-21
9.784491e+02;1.555505e-21
9.784991e+02;1.555411e-21
9.785491e+02;1.555316e-21
9.785991e+02;1.555222e-21
9.786491e+02;1.555128e-21
9.786991e+02;1.555033e-21
9.787491e+02;1.554939e-21
9.787992e+02;1.554845e-21
9.788492e+02;1.554750e-21
9.788992e+02;1.554656e-21
9.789492e+02;1.554562e-21
9.789992e+02;1.554467e-21
9.790492e+02;1.554373e-21
9.790992e+02;1.554279e-21
9.791492e+02;1.554184e-21
9.791992e+02;1.554090e-21
9.792492e+02;1.553996e-21
9.792992e+02;1.553902e-21
9.793492e+02;1.553807e-21
9.793992e+02;1.553713e-21
9.794492e+02;1.553619e-21
9.794992e+02;1.553525e-21
9.795492e+02;1.553431e-21
9.795992e+02;1.553336e-21
9.796492e+02;1.553242e-21
9.796992e+02;1.553148e-21
9.797492e+02;1.553054e-21
9.797992e+02;1.552960e-21
9.798492e+02;1.552866e-21
9.798992e+02;1.552772e-21
9.799492e+02;1.552677e-21
9.799992e+02;1.552583e-21
9.800492e+02;1.552489e-21
9.800992e+02;1.552395e-21
9.801492e+02;1.552301e-21
9.801992e+02;1.552207e-21
9.802492e+02;1.552113e-21
9.802992e+02;1.552019e-21
9.803492e+02;1.551925e-21
9.803992e+02;1.551831e-21
9.804492e+02;1.551737e-21
9.804992e+02;1.551643e-21
9.805492e+02;1.551549e-21
9.805992e+02;1.551455e-21
9.806492e+02;1.551361e-21
9.806992e+02;1.551267e-21
9.807492e+02;1.551173e-21
9.807992e+02;1.551079e-21
9.808492e+02;1.550985e-21
9.808992e+02;1.550891e-21
9.809492e+02;1.550797e-21
9.809992e+02;1.550703e-21
9.810492e+02;1.550609e-21
9.810992e+02;1.550516e-21
9.811492e+02;1.550422e-21
9.811992e+02;1.550328e-21
9.812492e+02;1.550234e-21
9.812993e+02;1.550140e-21
9.813493e+02;1.550046e-21
9.813993e+02;1.549952e-21
9.814493e+02;1.549859e-21
9.814993e+02;1.549765e-21
9.815493e+02;1.549671e-21
9.815993e+02;1.549577e-21
9.816493e+02;1.549483e-21
9.816993e+02;1.549390e-21
9.817493e+02;1.549296e-21
9.817993e+02;1.549202e-21
9.818493e+02;1.549108e-21
9.818993e+02;1.549015e-21
9.819493e+02;1.548921e-21
9.819993e+02;1.548827e-21
9.820493e+02;1.548734e-21
9.820993e+02;1.548640e-21
9.821493e+02;1.548546e-21
9.821993e+02;1.548452e-21
9.822493e+02;1.548359e-21
9.822993e+02;1.548265e-21
9.823493e+02;1.548172e-21
9.823993e+02;1.548078e-21
9.824493e+02;1.547984e-21
9.824993e+02;1.547891e-21
9.825493e+02;1.547797e-21
9.825993e+02;1.547703e-21
9.826493e+02;1.547610e-21
9.826993e+02;1.547516e-21
9.827493e+02;1.547423e-21
9.827993e+02;1.547329e-21
9.828493e+02;1.547236e-21
9.828993e+02;1.547142e-21
9.829493e+02;1.547048e-21
9.829993e+02;1.546955e-21
9.830493e+02;1.546861e-21
9.830993e+02;1.546768e-21
9.831493e+02;1.546674e-21
9.831993e+02;1.546581e-21
9.832493e+02;1.546487e-21
9.832993e+02;1.546394e-21
9.833493e+02;1.546301e-21
9.833993e+02;1.546207e-21
9.834493e+02;1.546114e-21
9.834993e+02;1.546020e-21
9.835493e+02;1.545927e-21
9.835993e+02;1.545833e-21
9.836493e+02;1.545740e-21
9.836993e+02;1.545647e-21
9.837493e+02;1.545553e-21
9.837994e+02;1.545460e-21
9.838494e+02;1.545367e-21
9.838994e+02;1.545273e-21
9.839494e+02;1.545180e-21
9.839994e+02;1.545087e-21
9.840494e+02;1.544993e-21
9.840994e+02;1.544900e-21
9.841494e+02;1.544807e-21
9.841994e+02;1.544713e-21
9.842494e+02;1.544620e-21
9.842994e+02;1.544527e-21
9.843494e+02;1.544433e-21
9.843994e+02;1.544340e-21
9.844494e+02;1.544247e-21
9.844994e+02;1.544154e-21
9.845494e+02;1.544061e-21
9.845994e+02;1.543967e-21
9.846494e+02;1.543874e-21
9.846994e+02;1.543781e-21
9.847494e+02;1.543688e-21
9.847994e+02;1.543595e-21
9.848494e+02;1.543501e-21
9.848994e+02;1.543408e-21
9.849494e+02;1.543315e-21
9.849994e+02;1.543222e-21
9.850494e+02;1.543129e-21
9.850994e+02;1.543036e-21
9.851494e+02;1.542943e-21
9.851994e+02;1.542849e-21
9.852494e+02;1.542756e-21
9.852994e+02;1.542663e-21
9.853494e+02;1.542570e-21
9.853994e+02;1.542477e-21
9.854494e+02;1.542384e-21
9.854994e+02;1.542291e-21
9.855494e+02;1.542198e-21
9.855994e+02;1.542105e-21
9.856494e+02;1.542012e-21
9.856994e+02;1.541919e-21
9.857494e+02;1.541826e-21
9.857994e+02;1.541733e-21
9.858494e+02;1.541640e-21
9.858994e+02;1.541547e-21
9.859494e+02;1.541454e-21
9.859994e+02;1.541361e-21
9.860494e+02;1.541268e-21
9.860994e+02;1.541175e-21
9.861494e+02;1.541082e-21
9.861994e+02;1.540989e-21
9.862494e+02;1.540897e-21
9.862995e+02;1.540804e-21
9.863495e+02;1.540711e-21
9.863995e+02;1.540618e-21
9.864495e+02;1.540525e-21
9.864995e+02;1.540432e-21
9.865495e+02;1.540339e-21
9.865995e+02;1.540246e-21
9.866495e+02;1.540154e-21
9.866995e+02;1.540061e-21
9.867495e+02;1.539968e-21
9.867995e+02;1.539875e-21
9.868495e+02;1.539782e-21
9.868995e+02;1.539690e-21
9.869495e+02;1.539597e-21
9.869995e+02;1.539504e-21
9.870495e+02;1.539411e-21
9.870995e+02;1.539319e-21
9.871495e+02;1.539226e-21
9.871995e+02;1.539133e-21
9.872495e+02;1.539041e-21
9.872995e+02;1.538948e-21
9.873495e+02;1.538855e-21
9.873995e+02;1.538762e-21
9.874495e+02;1.538670e-21
9.874995e+02;1.538577e-21
9.875495e+02;1.538484e-21
9.875995e+02;1.538392e-21
9.876495e+02;1.538299e-21
9.876995e+02;1.538207e-21
9.877495e+02;1.538114e-21
9.877995e+02;1.538021e-21
9.878495e+02;1.537929e-21
9.878995e+02;1.537836e-21
9.879495e+02;1.537744e-21
9.879995e+02;1.537651e-21
9.880495e+02;1.537558e-21
9.880995e+02;1.537466e-21
9.881495e+02;1.537373e-21
9.881995e+02;1.537281e-21
9.882495e+02;1.537188e-21
9.882995e+02;1.537096e-21
9.883495e+02;1.537003e-21
9.883995e+02;1.536911e-21
9.884495e+02;1.536818e-21
9.884995e+02;1.536726e-21
9.885495e+02;1.536633e-21
9.885995e+02;1.536541e-21
9.886495e+02;1.536448e-21
9.886995e+02;1.536356e-21
9.887495e+02;1.536264e-21
9.887996e+02;1.536171e-21
9.888496e+02;1.536079e-21
9.888996e+02;1.535986e-21
9.889496e+02;1.535894e-21
9.889996e+02;1.535802e-21
9.890496e+02;1.535709e-21
9.890996e+02;1.535617e-21
9.891496e+02;1.535525e-21
9.891996e+02;1.535432e-21
9.892496e+02;1.535340e-21
9.892996e+02;1.535248e-21
9.893496e+02;1.535155e-21
9.893996e+02;1.535063e-21
9.894496e+02;1.534971e-21
9.894996e+02;1.534878e-21
9.895496e+02;1.534786e-21
9.895996e+02;1.534694e-21
9.896496e+02;1.534602e-21
9.896996e+02;1.534509e-21
9.897496e+02;1.534417e-21
9.897996e+02;1.534325e-21
9.898496e+02;1.534233e-21
9.898996e+02;1.534140e-21
9.899496e+02;1.534048e-21
9.899996e+02;1.533956e-21
9.900496e+02;1.533864e-21
9.900996e+02;1.533772e-21
9.901496e+02;1.533679e-21
9.901996e+02;1.533587e-21
9.902496e+02;1.533495e-21
9.902996e+02;1.533403e-21
9.903496e+02;1.533311e-21
9.903996e+02;1.533219e-21
9.904496e+02;1.533127e-21
9.904996e+02;1.533035e-21
9.905496e+02;1.532943e-21
9.905996e+02;1.532850e-21
9.906496e+02;1.532758e-21
9.906996e+02;1.532666e-21
9.907496e+02;1.532574e-21
9.907996e+02;1.532482e-21
9.908496e+02;1.532390e-21
9.908996e+02;1.532298e-21
9.909496e+02;1.532206e-21
9.909996e+02;1.532114e-21
9.910496e+02;1.532022e-21
9.910996e+02;1.531930e-21
9.911496e+02;1.531838e-21
9.911996e+02;1.531746e-21
9.912496e+02;1.531654e-21
9.912997e+02;1.531562e-21
9.913497e+02;1.531470e-21
9.913997e+02;1.531378e-21
9.914497e+02;1.531287e-21
9.914997e+02;1.531195e-21
9.915497e+02;1.531103e-21
9.915997e+02;1.531011e-21
9.916497e+02;1.530919e-21
9.916997e+02;1.530827e-21
9.917497e+02;1.530735e-21
9.917997e+02;1.530643e-21
9.918497e+02;1.530552e-21
9.918997e+02;1.530460e-21
9.919497e+02;1.530368e-21
9.919997e+02;1.530276e-21
9.920497e+02;1.530184e-21
9.920997e+02;1.530092e-21
9.921497e+02;1.530001e-21
9.921997e+02;1.529909e-21
9.922497e+02;1.529817e-21
9.922997e+02;1.529725e-21
9.923497e+02;1.529634e-21
9.923997e+02;1.529542e-21
9.924497e+02;1.529450e-21
9.924997e+02;1.529358e-21
9.925497e+02;1.529267e-21
9.925997e+02;1.529175e-21
9.926497e+02;1.529083e-21
9.926997e+02;1.528992e-21
9.927497e+02;1.528900e-21
9.927997e+02;1.528808e-21
9.928497e+02;1.528717e-21
9.928997e+02;1.528625e-21
9.929497e+02;1.528533e-21
9.929997e+02;1.528442e-21
9.930497e+02;1.528350e-21
9.930997e+02;1.528258e-21
9.931497e+02;1.528167e-21
9.931997e+02;1.528075e-21
9.932497e+02;1.527984e-21
9.932997e+02;1.527892e-21
9.933497e+02;1.527801e-21
9.933997e+02;1.527709e-21
9.934497e+02;1.527617e-21
9.934997e+02;1.527526e-21
9.935497e+02;1.527434e-21
9.935997e+02;1.527343e-21
9.936497e+02;1.527251e-21
9.936997e+02;1.527160e-21
9.937497e+02;1.527068e-21
9.937998e+02;1.526977e-21
9.938498e+02;1.526885e-21
9.938998e+02;1.526794e-21
9.939498e+02;1.526703e-21
9.939998e+02;1.526611e-21
9.940498e+02;1.526520e-21
9.940998e+02;1.526428e-21
9.941498e+02;1.526337e-21
9.941998e+02;1.526245e-21
9.942498e+02;1.526154e-21
9.942998e+02;1.526063e-21
9.943498e+02;1.525971e-21
9.943998e+02;1.525880e-21
9.944498e+02;1.525789e-21
9.944998e+02;1.525697e-21
9.945498e+02;1.525606e-21
9.945998e+02;1.525514e-21
9.946498e+02;1.525423e-21
9.946998e+02;1.525332e-21
9.947498e+02;1.525241e-21
9.947998e+02;1.525149e-21
9.948498e+02;1.525058e-21
9.948998e+02;1.524967e-21
9.949498e+02;1.524875e-21
9.949998e+02;1.524784e-21
9.950498e+02;1.524693e-21
9.950998e+02;1.524602e-21
9.951498e+02;1.524510e-21
9.951998e+02;1.524419e-21
9.952498e+02;1.524328e-21
9.952998e+02;1.524237e-21
9.953498e+02;1.524146e-21
9.953998e+02;1.524054e-21
9.954498e+02;1.523963e-21
9.954998e+02;1.523872e-21
9.955498e+02;1.523781e-21
9.955998e+02;1.523690e-21
9.956498e+02;1.523599e-21
9.956998e+02;1.523508e-21
9.957498e+02;1.523416e-21
9.957998e+02;1.523325e-21
9.958498e+02;1.523234e-21
9.958998e+02;1.523143e-21
9.959498e+02;1.523052e-21
9.959998e+02;1.522961e-21
9.960498e+02;1.522870e-21
9.960998e+02;1.522779e-21
9.961498e+02;1.522688e-21
9.961998e+02;1.522597e-21
9.962498e+02;1.522506e-21
9.962999e+02;1.522415e-21
9.963499e+02;1.522324e-21
9.963999e+02;1.522233e-21
9.964499e+02;1.522142e-21
9.964999e+02;1.522051e-21
9.965499e+02;1.521960e-21
9.965999e+02;1.521869e-21
9.966499e+02;1.521778e-21
9.966999e+02;1.521687e-21
9.967499e+02;1.521596e-21
9.967999e+02;1.521505e-21
9.968499e+02;1.521414e-21
9.968999e+02;1.521323e-21
9.969499e+02;1.521232e-21
9.969999e+02;1.521141e-21
9.970499e+02;1.521051e-21
9.970999e+02;1.520960e-21
9.971499e+02;1.520869e-21
9.971999e+02;1.520778e-21
9.972499e+02;1.520687e-21
9.972999e+02;1.520596e-21
9.973499e+02;1.520506e-21
9.973999e+02;1.520415e-21
9.974499e+02;1.520324e-21
9.974999e+02;1.520233e-21
9.975499e+02;1.520142e-21
9.975999e+02;1.520052e-21
9.976499e+02;1.519961e-21
9.976999e+02;1.519870e-21
9.977499e+02;1.519779e-21
9.977999e+02;1.519689e-21
9.978499e+02;1.519598e-21
9.978999e+02;1.519507e-21
9.979499e+02;1.519416e-21
9.979999e+02;1.519326e-21
9.980499e+02;1.519235e-21
9.980999e+02;1.519144e-21
9.981499e+02;1.519054e-21
9.981999e+02;1.518963e-21
9.982499e+02;1.518872e-21
9.982999e+02;1.518782e-21
9.983499e+02;1.518691e-21
9.983999e+02;1.518600e-21
9.984499e+02;1.518510e-21
9.984999e+02;1.518419e-21
9.985499e+02;1.518329e-21
9.985999e+02;1.518238e-21
9.986499e+02;1.518147e-21
9.986999e+02;1.518057e-21
9.987499e+02;1.517966e-21
9.988000e+02;1.517876e-21
9.988500e+02;1.517785e-21
9.989000e+02;1.517695e-21
9.989500e+02;1.517604e-21
9.990000e+02;1.517514e-21
9.990500e+02;1.517423e-21
9.991000e+02;1.517333e-21
9.991500e+02;1.517242e-21
9.992000e+02;1.517152e-21
9.992500e+02;1.517061e-21
9.993000e+02;1.516971e-21
9.993500e+02;1.516880e-21
9.994000e+02;1.516790e-21
9.994500e+02;1.516699e-21
9.995000e+02;1.516609e-21
9.995500e+02;1.516518e-21
9.996000e+02;1.516428e-21
9.996500e+02;1.516338e-21
9.997000e+02;1.516247e-21
9.997500e+02;1.516157e-21
9.998000e+02;1.516066e-21
9.998500e+02;1.515976e-21
9.999000e+02;1.515886e-21
9.999500e+02;1.515795e-21
1.000000e+03;1.515705e-21
