1.000000e-04;0.000000e+00
1.000000e-02;0.000000e+00
6.000200e-02;0.000000e+00
1.100040e-01;0.000000e+00
1.600060e-01;0.000000e+00
2.100080e-01;0.000000e+00
2.600100e-01;0.000000e+00
3.100120e-01;0.000000e+00
3.600140e-01;0.000000e+00
4.100160e-01;0.000000e+00
4.600180e-01;0.000000e+00
5.100200e-01;0.000000e+00
5.600220e-01;0.000000e+00
6.100240e-01;0.000000e+00
6.600260e-01;0.000000e+00
7.100280e-01;0.000000e+00
7.600300e-01;0.000000e+00
8.100320e-01;0.000000e+00
8.600340e-01;0.000000e+00
9.100360e-01;0.000000e+00
9.600380e-01;0.000000e+00
1.010040e+00;0.000000e+00
1.060042e+00;0.000000e+00
1.110044e+00;0.000000e+00
1.160046e+00;0.000000e+00
1.210048e+00;0.000000e+00
1.260050e+00;0.000000e+00
1.310052e+00;0.000000e+00
1.360054e+00;0.000000e+00
1.410056e+00;0.000000e+00
1.460058e+00;0.000000e+00
1.510060e+00;0.000000e+00
1.560062e+00;0.000000e+00
1.610064e+00;0.000000e+00
1.660066e+00;0.000000e+00
1.710068e+00;0.000000e+00
1.760070e+00;0.000000e+00
1.810072e+00;0.000000e+00
1.860074e+00;0.000000e+00
1.910076e+00;0.000000e+00
1.960078e+00;0.000000e+00
2.010080e+00;0.000000e+00
2.060082e+00;0.000000e+00
2.110084e+00;0.000000e+00
2.160086e+00;0.000000e+00
2.210088e+00;0.000000e+00
2.260090e+00;0.000000e+00
2.310092e+00;0.000000e+00
2.360094e+00;0.000000e+00
2.410096e+00;0.000000e+00
2.460098e+00;0.000000e+00
2.510100e+00;0.000000e+00
2.560102e+00;0.000000e+00
2.610104e+00;0.000000e+00
2.660106e+00;0.000000e+00
2.710108e+00;0.000000e+00
2.760110e+00;0.000000e+00
2.810112e+00;0.000000e+00
2.860114e+00;0.000000e+00
2.910116e+00;0.000000e+00
2.960118e+00;0.000000e+00
3.010120e+00;0.000000e+00
3.060122e+00;0.000000e+00
3.110124e+00;0.000000e+00
3.160126e+00;0.000000e+00
3.210128e+00;0.000000e+00
3.260130e+00;0.000000e+00
3.310132e+00;0.000000e+00
3.360134e+00;0.000000e+00
3.410136e+00;0.000000e+00
3.460138e+00;0.000000e+00
3.510140e+00;0.000000e+00
3.560142e+00;0.000000e+00
3.610144e+00;0.000000e+00
3.660146e+00;0.000000e+00
3.710148e+00;0.000000e+00
3.760150e+00;0.000000e+00
3.810152e+00;0.000000e+00
3.860154e+00;0.000000e+00
3.910156e+00;0.000000e+00
3.960158e+00;0.000000e+00
4.010160e+00;0.000000e+00
4.060162e+00;0.000000e+00
4.110164e+00;0.000000e+00
4.160166e+00;0.000000e+00
4.210168e+00;0.000000e+00
4.260170e+00;0.000000e+00
4.310172e+00;0.000000e+00
4.360174e+00;0.000000e+00
4.410176e+00;0.000000e+00
4.460178e+00;0.000000e+00
4.510180e+00;0.000000e+00
4.560182e+00;0.000000e+00
4.610184e+00;0.000000e+00
4.660186e+00;0.000000e+00
4.710188e+00;0.000000e+00
4.760190e+00;0.000000e+00
4.810192e+00;0.000000e+00
4.860194e+00;0.000000e+00
4.910196e+00;0.000000e+00
4.960198e+00;0.000000e+00
5.010200e+00;0.000000e+00
5.060202e+00;0.000000e+00
5.110204e+00;0.000000e+00
5.160206e+00;0.000000e+00
5.210208e+00;0.000000e+00
5.260210e+00;0.000000e+00
5.310212e+00;0.000000e+00
5.360214e+00;0.000000e+00
5.410216e+00;0.000000e+00
5.460218e+00;0.000000e+00
5.510220e+00;0.000000e+00
5.560222e+00;0.000000e+00
5.610224e+00;0.000000e+00
5.660226e+00;0.000000e+00
5.710228e+00;0.000000e+00
5.760230e+00;0.000000e+00
5.810232e+00;0.000000e+00
5.860234e+00;0.000000e+00
5.910236e+00;0.000000e+00
5.960238e+00;0.000000e+00
6.010240e+00;0.000000e+00
6.060242e+00;0.000000e+00
6.110244e+00;0.000000e+00
6.160246e+00;0.000000e+00
6.210248e+00;0.000000e+00
6.260250e+00;0.000000e+00
6.310252e+00;0.000000e+00
6.360254e+00;0.000000e+00
6.410256e+00;0.000000e+00
6.460258e+00;0.000000e+00
6.510260e+00;0.000000e+00
6.560262e+00;0.000000e+00
6.610264e+00;0.000000e+00
6.660266e+00;0.000000e+00
6.710268e+00;0.000000e+00
6.760270e+00;0.000000e+00
6.810272e+00;0.000000e+00
6.860274e+00;0.000000e+00
6.910276e+00;0.000000e+00
6.960278e+00;0.000000e+00
7.010280e+00;0.000000e+00
7.060282e+00;0.000000e+00
7.110284e+00;0.000000e+00
7.160286e+00;0.000000e+00
7.210288e+00;0.000000e+00
7.260290e+00;0.000000e+00
7.310292e+00;0.000000e+00
7.360294e+00;0.000000e+00
7.410296e+00;0.000000e+00
7.460298e+00;0.000000e+00
7.510300e+00;0.000000e+00
7.560302e+00;0.000000e+00
7.610304e+00;0.000000e+00
7.660306e+00;0.000000e+00
7.710308e+00;0.000000e+00
7.760310e+00;0.000000e+00
7.810312e+00;0.000000e+00
7.860314e+00;0.000000e+00
7.910316e+00;0.000000e+00
7.960318e+00;0.000000e+00
8.010320e+00;0.000000e+00
8.060322e+00;0.000000e+00
8.110324e+00;0.000000e+00
8.160326e+00;0.000000e+00
8.210328e+00;0.000000e+00
8.260330e+00;0.000000e+00
8.310332e+00;0.000000e+00
8.360334e+00;0.000000e+00
8.410336e+00;0.000000e+00
8.460338e+00;0.000000e+00
8.510340e+00;0.000000e+00
8.560342e+00;0.000000e+00
8.610344e+00;0.000000e+00
8.660346e+00;0.000000e+00
8.710348e+00;0.000000e+00
8.760350e+00;0.000000e+00
8.810352e+00;0.000000e+00
8.860354e+00;0.000000e+00
8.910356e+00;0.000000e+00
8.960358e+00;0.000000e+00
9.010360e+00;0.000000e+00
9.060362e+00;0.000000e+00
9.110364e+00;0.000000e+00
9.160366e+00;0.000000e+00
9.210368e+00;0.000000e+00
9.260370e+00;0.000000e+00
9.310372e+00;0.000000e+00
9.360374e+00;0.000000e+00
9.410376e+00;0.000000e+00
9.460378e+00;0.000000e+00
9.510380e+00;0.000000e+00
9.560382e+00;0.000000e+00
9.610384e+00;0.000000e+00
9.660386e+00;0.000000e+00
9.710388e+00;0.000000e+00
9.760390e+00;0.000000e+00
9.810392e+00;0.000000e+00
9.860394e+00;0.000000e+00
9.910396e+00;0.000000e+00
9.960398e+00;0.000000e+00
1.001040e+01;0.000000e+00
1.006040e+01;0.000000e+00
1.011040e+01;0.000000e+00
1.016041e+01;0.000000e+00
1.021041e+01;0.000000e+00
1.026041e+01;0.000000e+00
1.031041e+01;0.000000e+00
1.036041e+01;0.000000e+00
1.041042e+01;0.000000e+00
1.046042e+01;0.000000e+00
1.051042e+01;0.000000e+00
1.056042e+01;0.000000e+00
1.061042e+01;0.000000e+00
1.066043e+01;0.000000e+00
1.071043e+01;0.000000e+00
1.076043e+01;0.000000e+00
1.081043e+01;0.000000e+00
1.086043e+01;0.000000e+00
1.091044e+01;0.000000e+00
1.096044e+01;0.000000e+00
1.101044e+01;0.000000e+00
1.106044e+01;0.000000e+00
1.111044e+01;0.000000e+00
1.116045e+01;0.000000e+00
1.121045e+01;0.000000e+00
1.126045e+01;0.000000e+00
1.131045e+01;0.000000e+00
1.136045e+01;0.000000e+00
1.141046e+01;0.000000e+00
1.146046e+01;0.000000e+00
1.151046e+01;5.119200e-24
1.156046e+01;3.326489e-23
1.161046e+01;6.345796e-23
1.166047e+01;9.480088e-23
1.171047e+01;1.270001e-22
1.176047e+01;1.599041e-22
1.181047e+01;1.934197e-22
1.186047e+01;2.274841e-22
1.191048e+01;2.620521e-22
1.196048e+01;2.970894e-22
1.201048e+01;3.325697e-22
1.206048e+01;3.684719e-22
1.211048e+01;4.047789e-22
1.216049e+01;4.414766e-22
1.221049e+01;4.785532e-22
1.226049e+01;5.159987e-22
1.231049e+01;5.538047e-22
1.236049e+01;5.919639e-22
1.241050e+01;6.304699e-22
1.246050e+01;6.693172e-22
1.251050e+01;7.085010e-22
1.256050e+01;7.480171e-22
1.261050e+01;7.878617e-22
1.266051e+01;8.280314e-22
1.271051e+01;8.685234e-22
1.276051e+01;9.093350e-22
1.281051e+01;9.504637e-22
1.286051e+01;9.919074e-22
1.291052e+01;1.033664e-21
1.296052e+01;1.075732e-21
1.301052e+01;1.118110e-21
1.306052e+01;1.160796e-21
1.311052e+01;1.203789e-21
1.316053e+01;1.247087e-21
1.321053e+01;1.290690e-21
1.326053e+01;1.334596e-21
1.331053e+01;1.378805e-21
1.336053e+01;1.423314e-21
1.341054e+01;1.468124e-21
1.346054e+01;1.513233e-21
1.351054e+01;1.558641e-21
1.356054e+01;1.604347e-21
1.361054e+01;1.650349e-21
1.366055e+01;1.696648e-21
1.371055e+01;1.743241e-21
1.376055e+01;1.790129e-21
1.381055e+01;1.837310e-21
1.386055e+01;1.884785e-21
1.391056e+01;1.932550e-21
1.396056e+01;1.980607e-21
1.401056e+01;2.028954e-21
1.406056e+01;2.077591e-21
1.411056e+01;2.126515e-21
1.416057e+01;2.175727e-21
1.421057e+01;2.225225e-21
1.426057e+01;2.275008e-21
1.431057e+01;2.325076e-21
1.436057e+01;2.375426e-21
1.441058e+01;2.426059e-21
1.446058e+01;2.476973e-21
1.451058e+01;2.528166e-21
1.456058e+01;2.579637e-21
1.461058e+01;2.631386e-21
1.466059e+01;2.683410e-21
1.471059e+01;2.735708e-21
1.476059e+01;2.788280e-21
1.481059e+01;2.841122e-21
1.486059e+01;2.894234e-21
1.491060e+01;2.947615e-21
1.496060e+01;3.001262e-21
1.501060e+01;3.055173e-21
1.506060e+01;3.109348e-21
1.511060e+01;3.163783e-21
1.516061e+01;3.218478e-21
1.521061e+01;3.273429e-21
1.526061e+01;3.328636e-21
1.531061e+01;3.384096e-21
1.536061e+01;3.439807e-21
1.541062e+01;3.495767e-21
1.546062e+01;3.551973e-21
1.551062e+01;3.608423e-21
1.556062e+01;3.665114e-21
1.561062e+01;3.722045e-21
1.566063e+01;3.779212e-21
1.571063e+01;3.836613e-21
1.576063e+01;3.894246e-21
1.581063e+01;3.952107e-21
1.586063e+01;4.010193e-21
1.591064e+01;4.068503e-21
1.596064e+01;4.127032e-21
1.601064e+01;4.185778e-21
1.606064e+01;4.244738e-21
1.611064e+01;4.303909e-21
1.616065e+01;4.363286e-21
1.621065e+01;4.422868e-21
1.626065e+01;4.482651e-21
1.631065e+01;4.542631e-21
1.636065e+01;4.602804e-21
1.641066e+01;4.663168e-21
1.646066e+01;4.723718e-21
1.651066e+01;4.784451e-21
1.656066e+01;4.845364e-21
1.661066e+01;4.906451e-21
1.666067e+01;4.967710e-21
1.671067e+01;5.029137e-21
1.676067e+01;5.090727e-21
1.681067e+01;5.152476e-21
1.686067e+01;5.214380e-21
1.691068e+01;5.276436e-21
1.696068e+01;5.338638e-21
1.701068e+01;5.400982e-21
1.706068e+01;5.463465e-21
1.711068e+01;5.526081e-21
1.716069e+01;5.588826e-21
1.721069e+01;5.651695e-21
1.726069e+01;5.714685e-21
1.731069e+01;5.777789e-21
1.736069e+01;5.841004e-21
1.741070e+01;5.904325e-21
1.746070e+01;5.967747e-21
1.751070e+01;6.031264e-21
1.756070e+01;6.094873e-21
1.761070e+01;6.158567e-21
1.766071e+01;6.222343e-21
1.771071e+01;6.286195e-21
1.776071e+01;6.350117e-21
1.781071e+01;6.414106e-21
1.786071e+01;6.478154e-21
1.791072e+01;6.542258e-21
1.796072e+01;6.606413e-21
1.801072e+01;6.670611e-21
1.806072e+01;6.734849e-21
1.811072e+01;6.799122e-21
1.816073e+01;6.863422e-21
1.821073e+01;6.927746e-21
1.826073e+01;6.992088e-21
1.831073e+01;7.056441e-21
1.836073e+01;7.120802e-21
1.841074e+01;7.185163e-21
1.846074e+01;7.249520e-21
1.851074e+01;7.313867e-21
1.856074e+01;7.378199e-21
1.861074e+01;7.442509e-21
1.866075e+01;7.506792e-21
1.871075e+01;7.571043e-21
1.876075e+01;7.635256e-21
1.881075e+01;7.699424e-21
1.886075e+01;7.763544e-21
1.891076e+01;7.827608e-21
1.896076e+01;7.891611e-21
1.901076e+01;7.955548e-21
1.906076e+01;8.019412e-21
1.911076e+01;8.083198e-21
1.916077e+01;8.146901e-21
1.921077e+01;8.210515e-21
1.926077e+01;8.274034e-21
1.931077e+01;8.337452e-21
1.936077e+01;8.400763e-21
1.941078e+01;8.463963e-21
1.946078e+01;8.527046e-21
1.951078e+01;8.590005e-21
1.956078e+01;8.652836e-21
1.961078e+01;8.715533e-21
1.966079e+01;8.778090e-21
1.971079e+01;8.840501e-21
1.976079e+01;8.902762e-21
1.981079e+01;8.964867e-21
1.986079e+01;9.026810e-21
1.991080e+01;9.088586e-21
1.996080e+01;9.150189e-21
2.001080e+01;9.211615e-21
2.006080e+01;9.272858e-21
2.011080e+01;9.333913e-21
2.016081e+01;9.394774e-21
2.021081e+01;9.455437e-21
2.026081e+01;9.515896e-21
2.031081e+01;9.576146e-21
2.036081e+01;9.636182e-21
2.041082e+01;9.695999e-21
2.046082e+01;9.755592e-21
2.051082e+01;9.814957e-21
2.056082e+01;9.874088e-21
2.061082e+01;9.932981e-21
2.066083e+01;9.991631e-21
2.071083e+01;1.005003e-20
2.076083e+01;1.010818e-20
2.081083e+01;1.016608e-20
2.086083e+01;1.022371e-20
2.091084e+01;1.028107e-20
2.096084e+01;1.033817e-20
2.101084e+01;1.039499e-20
2.106084e+01;1.045153e-20
2.111084e+01;1.050779e-20
2.116085e+01;1.056376e-20
2.121085e+01;1.061944e-20
2.126085e+01;1.067483e-20
2.131085e+01;1.072992e-20
2.136085e+01;1.078470e-20
2.141086e+01;1.083918e-20
2.146086e+01;1.089335e-20
2.151086e+01;1.094720e-20
2.156086e+01;1.100074e-20
2.161086e+01;1.105395e-20
2.166087e+01;1.110684e-20
2.171087e+01;1.115941e-20
2.176087e+01;1.121164e-20
2.181087e+01;1.126354e-20
2.186087e+01;1.131510e-20
2.191088e+01;1.136632e-20
2.196088e+01;1.141720e-20
2.201088e+01;1.146773e-20
2.206088e+01;1.151792e-20
2.211088e+01;1.156775e-20
2.216089e+01;1.161723e-20
2.221089e+01;1.166635e-20
2.226089e+01;1.171512e-20
2.231089e+01;1.176352e-20
2.236089e+01;1.181155e-20
2.241090e+01;1.185923e-20
2.246090e+01;1.190653e-20
2.251090e+01;1.195346e-20
2.256090e+01;1.200003e-20
2.261090e+01;1.204621e-20
2.266091e+01;1.209203e-20
2.271091e+01;1.213746e-20
2.276091e+01;1.218252e-20
2.281091e+01;1.222719e-20
2.286091e+01;1.227148e-20
2.291092e+01;1.231539e-20
2.296092e+01;1.235891e-20
2.301092e+01;1.240205e-20
2.306092e+01;1.244480e-20
2.311092e+01;1.248716e-20
2.316093e+01;1.252913e-20
2.321093e+01;1.257071e-20
2.326093e+01;1.261189e-20
2.331093e+01;1.265269e-20
2.336093e+01;1.269309e-20
2.341094e+01;1.273310e-20
2.346094e+01;1.277271e-20
2.351094e+01;1.281193e-20
2.356094e+01;1.285075e-20
2.361094e+01;1.288917e-20
2.366095e+01;1.292720e-20
2.371095e+01;1.296483e-20
2.376095e+01;1.300207e-20
2.381095e+01;1.303891e-20
2.386095e+01;1.307535e-20
2.391096e+01;1.311140e-20
2.396096e+01;1.314704e-20
2.401096e+01;1.318229e-20
2.406096e+01;1.321715e-20
2.411096e+01;1.325161e-20
2.416097e+01;1.328567e-20
2.421097e+01;1.331934e-20
2.426097e+01;1.335261e-20
2.431097e+01;1.338548e-20
2.436097e+01;1.341797e-20
2.441098e+01;1.345006e-20
2.446098e+01;1.348175e-20
2.451098e+01;1.351306e-20
2.456098e+01;1.354397e-20
2.461098e+01;1.357449e-20
2.466099e+01;1.360462e-20
2.471099e+01;1.363437e-20
2.476099e+01;1.366372e-20
2.481099e+01;1.369269e-20
2.486099e+01;1.372128e-20
2.491100e+01;1.374948e-20
2.496100e+01;1.377729e-20
2.501100e+01;1.380473e-20
2.506100e+01;1.383178e-20
2.511100e+01;1.385846e-20
2.516101e+01;1.388476e-20
2.521101e+01;1.391068e-20
2.526101e+01;1.393622e-20
2.531101e+01;1.396139e-20
2.536101e+01;1.398619e-20
2.541102e+01;1.401062e-20
2.546102e+01;1.403468e-20
2.551102e+01;1.405837e-20
2.556102e+01;1.408170e-20
2.561102e+01;1.410466e-20
2.566103e+01;1.412726e-20
2.571103e+01;1.414950e-20
2.576103e+01;1.417138e-20
2.581103e+01;1.419291e-20
2.586103e+01;1.421408e-20
2.591104e+01;1.423489e-20
2.596104e+01;1.425536e-20
2.601104e+01;1.427547e-20
2.606104e+01;1.429524e-20
2.611104e+01;1.431467e-20
2.616105e+01;1.433375e-20
2.621105e+01;1.435249e-20
2.626105e+01;1.437088e-20
2.631105e+01;1.438895e-20
2.636105e+01;1.440667e-20
2.641106e+01;1.442407e-20
2.646106e+01;1.444113e-20
2.651106e+01;1.445787e-20
2.656106e+01;1.447428e-20
2.661106e+01;1.449036e-20
2.666107e+01;1.450612e-20
2.671107e+01;1.452157e-20
2.676107e+01;1.453669e-20
2.681107e+01;1.455150e-20
2.686107e+01;1.456600e-20
2.691108e+01;1.458018e-20
2.696108e+01;1.459406e-20
2.701108e+01;1.460763e-20
2.706108e+01;1.462090e-20
2.711108e+01;1.463386e-20
2.716109e+01;1.464653e-20
2.721109e+01;1.465890e-20
2.726109e+01;1.467097e-20
2.731109e+01;1.468275e-20
2.736109e+01;1.469424e-20
2.741110e+01;1.470545e-20
2.746110e+01;1.471637e-20
2.751110e+01;1.472700e-20
2.756110e+01;1.473736e-20
2.761110e+01;1.474743e-20
2.766111e+01;1.475724e-20
2.771111e+01;1.476676e-20
2.776111e+01;1.477602e-20
2.781111e+01;1.478501e-20
2.786111e+01;1.479373e-20
2.791112e+01;1.480218e-20
2.796112e+01;1.481038e-20
2.801112e+01;1.481832e-20
2.806112e+01;1.482599e-20
2.811112e+01;1.483342e-20
2.816113e+01;1.484059e-20
2.821113e+01;1.484751e-20
2.826113e+01;1.485419e-20
2.831113e+01;1.486062e-20
2.836113e+01;1.486680e-20
2.841114e+01;1.487275e-20
2.846114e+01;1.487846e-20
2.851114e+01;1.488393e-20
2.856114e+01;1.488917e-20
2.861114e+01;1.489417e-20
2.866115e+01;1.489895e-20
2.871115e+01;1.490350e-20
2.876115e+01;1.490783e-20
2.881115e+01;1.491193e-20
2.886115e+01;1.491581e-20
2.891116e+01;1.491948e-20
2.896116e+01;1.492293e-20
2.901116e+01;1.492617e-20
2.906116e+01;1.492920e-20
2.911116e+01;1.493202e-20
2.916117e+01;1.493463e-20
2.921117e+01;1.493704e-20
2.926117e+01;1.493924e-20
2.931117e+01;1.494125e-20
2.936117e+01;1.494306e-20
2.941118e+01;1.494467e-20
2.946118e+01;1.494609e-20
2.951118e+01;1.494731e-20
2.956118e+01;1.494835e-20
2.961118e+01;1.494920e-20
2.966119e+01;1.494987e-20
2.971119e+01;1.495036e-20
2.976119e+01;1.495066e-20
2.981119e+01;1.495078e-20
2.986119e+01;1.495073e-20
2.991120e+01;1.495050e-20
2.996120e+01;1.495010e-20
3.001120e+01;1.494953e-20
3.006120e+01;1.494880e-20
3.011120e+01;1.494789e-20
3.016121e+01;1.494682e-20
3.021121e+01;1.494559e-20
3.026121e+01;1.494419e-20
3.031121e+01;1.494264e-20
3.036121e+01;1.494093e-20
3.041122e+01;1.493907e-20
3.046122e+01;1.493705e-20
3.051122e+01;1.493489e-20
3.056122e+01;1.493257e-20
3.061122e+01;1.493010e-20
3.066123e+01;1.492749e-20
3.071123e+01;1.492474e-20
3.076123e+01;1.492185e-20
3.081123e+01;1.491881e-20
3.086123e+01;1.491564e-20
3.091124e+01;1.491232e-20
3.096124e+01;1.490888e-20
3.101124e+01;1.490530e-20
3.106124e+01;1.490159e-20
3.111124e+01;1.489775e-20
3.116125e+01;1.489378e-20
3.121125e+01;1.488969e-20
3.126125e+01;1.488547e-20
3.131125e+01;1.488113e-20
3.136125e+01;1.487667e-20
3.141126e+01;1.487208e-20
3.146126e+01;1.486738e-20
3.151126e+01;1.486257e-20
3.156126e+01;1.485763e-20
3.161126e+01;1.485259e-20
3.166127e+01;1.484743e-20
3.171127e+01;1.484216e-20
3.176127e+01;1.483679e-20
3.181127e+01;1.483131e-20
3.186127e+01;1.482572e-20
3.191128e+01;1.482002e-20
3.196128e+01;1.481423e-20
3.201128e+01;1.480833e-20
3.206128e+01;1.480233e-20
3.211128e+01;1.479624e-20
3.216129e+01;1.479005e-20
3.221129e+01;1.478376e-20
3.226129e+01;1.477738e-20
3.231129e+01;1.477090e-20
3.236129e+01;1.476434e-20
3.241130e+01;1.475768e-20
3.246130e+01;1.475094e-20
3.251130e+01;1.474411e-20
3.256130e+01;1.473719e-20
3.261130e+01;1.473019e-20
3.266131e+01;1.472310e-20
3.271131e+01;1.471593e-20
3.276131e+01;1.470868e-20
3.281131e+01;1.470135e-20
3.286131e+01;1.469394e-20
3.291132e+01;1.468646e-20
3.296132e+01;1.467890e-20
3.301132e+01;1.467126e-20
3.306132e+01;1.466355e-20
3.311132e+01;1.465577e-20
3.316133e+01;1.464792e-20
3.321133e+01;1.463999e-20
3.326133e+01;1.463200e-20
3.331133e+01;1.462394e-20
3.336133e+01;1.461581e-20
3.341134e+01;1.460762e-20
3.346134e+01;1.459936e-20
3.351134e+01;1.459104e-20
3.356134e+01;1.458266e-20
3.361134e+01;1.457421e-20
3.366135e+01;1.456570e-20
3.371135e+01;1.455714e-20
3.376135e+01;1.454851e-20
3.381135e+01;1.453983e-20
3.386135e+01;1.453110e-20
3.391136e+01;1.452230e-20
3.396136e+01;1.451346e-20
3.401136e+01;1.450456e-20
3.406136e+01;1.449560e-20
3.411136e+01;1.448660e-20
3.416137e+01;1.447754e-20
3.421137e+01;1.446844e-20
3.426137e+01;1.445928e-20
3.431137e+01;1.445008e-20
3.436137e+01;1.444083e-20
3.441138e+01;1.443154e-20
3.446138e+01;1.442220e-20
3.451138e+01;1.441281e-20
3.456138e+01;1.440339e-20
3.461138e+01;1.439391e-20
3.466139e+01;1.438440e-20
3.471139e+01;1.437485e-20
3.476139e+01;1.436525e-20
3.481139e+01;1.435562e-20
3.486139e+01;1.434595e-20
3.491140e+01;1.433624e-20
3.496140e+01;1.432649e-20
3.501140e+01;1.431671e-20
3.506140e+01;1.430689e-20
3.511140e+01;1.429703e-20
3.516141e+01;1.428715e-20
3.521141e+01;1.427722e-20
3.526141e+01;1.426727e-20
3.531141e+01;1.425728e-20
3.536141e+01;1.424727e-20
3.541142e+01;1.423722e-20
3.546142e+01;1.422714e-20
3.551142e+01;1.421703e-20
3.556142e+01;1.420690e-20
3.561142e+01;1.419673e-20
3.566143e+01;1.418654e-20
3.571143e+01;1.417632e-20
3.576143e+01;1.416608e-20
3.581143e+01;1.415581e-20
3.586143e+01;1.414552e-20
3.591144e+01;1.413520e-20
3.596144e+01;1.412486e-20
3.601144e+01;1.411449e-20
3.606144e+01;1.410411e-20
3.611144e+01;1.409370e-20
3.616145e+01;1.408327e-20
3.621145e+01;1.407282e-20
3.626145e+01;1.406235e-20
3.631145e+01;1.405186e-20
3.636145e+01;1.404135e-20
3.641146e+01;1.403082e-20
3.646146e+01;1.402028e-20
3.651146e+01;1.400971e-20
3.656146e+01;1.399913e-20
3.661146e+01;1.398854e-20
3.666147e+01;1.397793e-20
3.671147e+01;1.396730e-20
3.676147e+01;1.395666e-20
3.681147e+01;1.394600e-20
3.686147e+01;1.393533e-20
3.691148e+01;1.392465e-20
3.696148e+01;1.391395e-20
3.701148e+01;1.390325e-20
3.706148e+01;1.389252e-20
3.711148e+01;1.388179e-20
3.716149e+01;1.387105e-20
3.721149e+01;1.386029e-20
3.726149e+01;1.384953e-20
3.731149e+01;1.383876e-20
3.736149e+01;1.382797e-20
3.741150e+01;1.381718e-20
3.746150e+01;1.380638e-20
3.751150e+01;1.379557e-20
3.756150e+01;1.378475e-20
3.761150e+01;1.377393e-20
3.766151e+01;1.376309e-20
3.771151e+01;1.375226e-20
3.776151e+01;1.374141e-20
3.781151e+01;1.373056e-20
3.786151e+01;1.371970e-20
3.791152e+01;1.370884e-20
3.796152e+01;1.369798e-20
3.801152e+01;1.368711e-20
3.806152e+01;1.367623e-20
3.811152e+01;1.366535e-20
3.816153e+01;1.365447e-20
3.821153e+01;1.364359e-20
3.826153e+01;1.363270e-20
3.831153e+01;1.362181e-20
3.836153e+01;1.361092e-20
3.841154e+01;1.360002e-20
3.846154e+01;1.358912e-20
3.851154e+01;1.357823e-20
3.856154e+01;1.356733e-20
3.861154e+01;1.355643e-20
3.866155e+01;1.354553e-20
3.871155e+01;1.353463e-20
3.876155e+01;1.352373e-20
3.881155e+01;1.351284e-20
3.886155e+01;1.350194e-20
3.891156e+01;1.349104e-20
3.896156e+01;1.348015e-20
3.901156e+01;1.346925e-20
3.906156e+01;1.345836e-20
3.911156e+01;1.344747e-20
3.916157e+01;1.343658e-20
3.921157e+01;1.342570e-20
3.926157e+01;1.341482e-20
3.931157e+01;1.340394e-20
3.936157e+01;1.339306e-20
3.941158e+01;1.338219e-20
3.946158e+01;1.337132e-20
3.951158e+01;1.336046e-20
3.956158e+01;1.334960e-20
3.961158e+01;1.333874e-20
3.966159e+01;1.332789e-20
3.971159e+01;1.331705e-20
3.976159e+01;1.330621e-20
3.981159e+01;1.329537e-20
3.986159e+01;1.328454e-20
3.991160e+01;1.327372e-20
3.996160e+01;1.326290e-20
4.001160e+01;1.325209e-20
4.006160e+01;1.324128e-20
4.011160e+01;1.323048e-20
4.016161e+01;1.321969e-20
4.021161e+01;1.320890e-20
4.026161e+01;1.319812e-20
4.031161e+01;1.318735e-20
4.036161e+01;1.317659e-20
4.041162e+01;1.316583e-20
4.046162e+01;1.315508e-20
4.051162e+01;1.314434e-20
4.056162e+01;1.313361e-20
4.061162e+01;1.312288e-20
4.066163e+01;1.311217e-20
4.071163e+01;1.310146e-20
4.076163e+01;1.309076e-20
4.081163e+01;1.308007e-20
4.086163e+01;1.306939e-20
4.091164e+01;1.305872e-20
4.096164e+01;1.304805e-20
4.101164e+01;1.303740e-20
4.106164e+01;1.302675e-20
4.111164e+01;1.301612e-20
4.116165e+01;1.300550e-20
4.121165e+01;1.299488e-20
4.126165e+01;1.298428e-20
4.131165e+01;1.297368e-20
4.136165e+01;1.296310e-20
4.141166e+01;1.295252e-20
4.146166e+01;1.294196e-20
4.151166e+01;1.293141e-20
4.156166e+01;1.292087e-20
4.161166e+01;1.291034e-20
4.166167e+01;1.289982e-20
4.171167e+01;1.288931e-20
4.176167e+01;1.287881e-20
4.181167e+01;1.286833e-20
4.186167e+01;1.285785e-20
4.191168e+01;1.284739e-20
4.196168e+01;1.283694e-20
4.201168e+01;1.282650e-20
4.206168e+01;1.281607e-20
4.211168e+01;1.280566e-20
4.216169e+01;1.279525e-20
4.221169e+01;1.278486e-20
4.226169e+01;1.277448e-20
4.231169e+01;1.276412e-20
4.236169e+01;1.275376e-20
4.241170e+01;1.274342e-20
4.246170e+01;1.273309e-20
4.251170e+01;1.272278e-20
4.256170e+01;1.271247e-20
4.261170e+01;1.270218e-20
4.266171e+01;1.269190e-20
4.271171e+01;1.268164e-20
4.276171e+01;1.267139e-20
4.281171e+01;1.266115e-20
4.286171e+01;1.265092e-20
4.291172e+01;1.264071e-20
4.296172e+01;1.263051e-20
4.301172e+01;1.262033e-20
4.306172e+01;1.261015e-20
4.311172e+01;1.260000e-20
4.316173e+01;1.258985e-20
4.321173e+01;1.257972e-20
4.326173e+01;1.256960e-20
4.331173e+01;1.255950e-20
4.336173e+01;1.254941e-20
4.341174e+01;1.253933e-20
4.346174e+01;1.252927e-20
4.351174e+01;1.251922e-20
4.356174e+01;1.250919e-20
4.361174e+01;1.249917e-20
4.366175e+01;1.248916e-20
4.371175e+01;1.247917e-20
4.376175e+01;1.246919e-20
4.381175e+01;1.245923e-20
4.386175e+01;1.244928e-20
4.391176e+01;1.243935e-20
4.396176e+01;1.242943e-20
4.401176e+01;1.241952e-20
4.406176e+01;1.240963e-20
4.411176e+01;1.239975e-20
4.416177e+01;1.238989e-20
4.421177e+01;1.238004e-20
4.426177e+01;1.237021e-20
4.431177e+01;1.236039e-20
4.436177e+01;1.235059e-20
4.441178e+01;1.234080e-20
4.446178e+01;1.233103e-20
4.451178e+01;1.232127e-20
4.456178e+01;1.231153e-20
4.461178e+01;1.230180e-20
4.466179e+01;1.229208e-20
4.471179e+01;1.228238e-20
4.476179e+01;1.227270e-20
4.481179e+01;1.226303e-20
4.486179e+01;1.225338e-20
4.491180e+01;1.224374e-20
4.496180e+01;1.223411e-20
4.501180e+01;1.222450e-20
4.506180e+01;1.221491e-20
4.511180e+01;1.220533e-20
4.516181e+01;1.219577e-20
4.521181e+01;1.218622e-20
4.526181e+01;1.217669e-20
4.531181e+01;1.216717e-20
4.536181e+01;1.215767e-20
4.541182e+01;1.214818e-20
4.546182e+01;1.213871e-20
4.551182e+01;1.212925e-20
4.556182e+01;1.211981e-20
4.561182e+01;1.211038e-20
4.566183e+01;1.210097e-20
4.571183e+01;1.209157e-20
4.576183e+01;1.208219e-20
4.581183e+01;1.207283e-20
4.586183e+01;1.206348e-20
4.591184e+01;1.205414e-20
4.596184e+01;1.204483e-20
4.601184e+01;1.203552e-20
4.606184e+01;1.202623e-20
4.611184e+01;1.201696e-20
4.616185e+01;1.200770e-20
4.621185e+01;1.199846e-20
4.626185e+01;1.198924e-20
4.631185e+01;1.198002e-20
4.636185e+01;1.197083e-20
4.641186e+01;1.196165e-20
4.646186e+01;1.195248e-20
4.651186e+01;1.194334e-20
4.656186e+01;1.193420e-20
4.661186e+01;1.192508e-20
4.666187e+01;1.191598e-20
4.671187e+01;1.190689e-20
4.676187e+01;1.189782e-20
4.681187e+01;1.188876e-20
4.686187e+01;1.187972e-20
4.691188e+01;1.187070e-20
4.696188e+01;1.186169e-20
4.701188e+01;1.185269e-20
4.706188e+01;1.184371e-20
4.711188e+01;1.183475e-20
4.716189e+01;1.182580e-20
4.721189e+01;1.181687e-20
4.726189e+01;1.180795e-20
4.731189e+01;1.179905e-20
4.736189e+01;1.179016e-20
4.741190e+01;1.178129e-20
4.746190e+01;1.177244e-20
4.751190e+01;1.176360e-20
4.756190e+01;1.175477e-20
4.761190e+01;1.174596e-20
4.766191e+01;1.173717e-20
4.771191e+01;1.172839e-20
4.776191e+01;1.171962e-20
4.781191e+01;1.171088e-20
4.786191e+01;1.170214e-20
4.791192e+01;1.169343e-20
4.796192e+01;1.168472e-20
4.801192e+01;1.167604e-20
4.806192e+01;1.166737e-20
4.811192e+01;1.165871e-20
4.816193e+01;1.165007e-20
4.821193e+01;1.164144e-20
4.826193e+01;1.163283e-20
4.831193e+01;1.162424e-20
4.836193e+01;1.161566e-20
4.841194e+01;1.160709e-20
4.846194e+01;1.159854e-20
4.851194e+01;1.159001e-20
4.856194e+01;1.158149e-20
4.861194e+01;1.157299e-20
4.866195e+01;1.156450e-20
4.871195e+01;1.155602e-20
4.876195e+01;1.154757e-20
4.881195e+01;1.153912e-20
4.886195e+01;1.153069e-20
4.891196e+01;1.152228e-20
4.896196e+01;1.151388e-20
4.901196e+01;1.150550e-20
4.906196e+01;1.149713e-20
4.911196e+01;1.148878e-20
4.916197e+01;1.148044e-20
4.921197e+01;1.147212e-20
4.926197e+01;1.146381e-20
4.931197e+01;1.145552e-20
4.936197e+01;1.144724e-20
4.941198e+01;1.143898e-20
4.946198e+01;1.143073e-20
4.951198e+01;1.142249e-20
4.956198e+01;1.141428e-20
4.961198e+01;1.140607e-20
4.966199e+01;1.139788e-20
4.971199e+01;1.138971e-20
4.976199e+01;1.138155e-20
4.981199e+01;1.137341e-20
4.986199e+01;1.136528e-20
4.991200e+01;1.135716e-20
4.996200e+01;1.134906e-20
5.001200e+01;1.134097e-20
5.006200e+01;1.133290e-20
5.011200e+01;1.132485e-20
5.016201e+01;1.131681e-20
5.021201e+01;1.130878e-20
5.026201e+01;1.130077e-20
5.031201e+01;1.129277e-20
5.036201e+01;1.128478e-20
5.041202e+01;1.127682e-20
5.046202e+01;1.126886e-20
5.051202e+01;1.126092e-20
5.056202e+01;1.125300e-20
5.061202e+01;1.124509e-20
5.066203e+01;1.123719e-20
5.071203e+01;1.122931e-20
5.076203e+01;1.122144e-20
5.081203e+01;1.121359e-20
5.086203e+01;1.120575e-20
5.091204e+01;1.119792e-20
5.096204e+01;1.119011e-20
5.101204e+01;1.118232e-20
5.106204e+01;1.117453e-20
5.111204e+01;1.116677e-20
5.116205e+01;1.115901e-20
5.121205e+01;1.115127e-20
5.126205e+01;1.114355e-20
5.131205e+01;1.113584e-20
5.136205e+01;1.112814e-20
5.141206e+01;1.112046e-20
5.146206e+01;1.111279e-20
5.151206e+01;1.110513e-20
5.156206e+01;1.109749e-20
5.161206e+01;1.108986e-20
5.166207e+01;1.108225e-20
5.171207e+01;1.107465e-20
5.176207e+01;1.106707e-20
5.181207e+01;1.105950e-20
5.186207e+01;1.105194e-20
5.191208e+01;1.104440e-20
5.196208e+01;1.103687e-20
5.201208e+01;1.102935e-20
5.206208e+01;1.102185e-20
5.211208e+01;1.101436e-20
5.216209e+01;1.100688e-20
5.221209e+01;1.099942e-20
5.226209e+01;1.099198e-20
5.231209e+01;1.098454e-20
5.236209e+01;1.097712e-20
5.241210e+01;1.096972e-20
5.246210e+01;1.096232e-20
5.251210e+01;1.095494e-20
5.256210e+01;1.094758e-20
5.261210e+01;1.094023e-20
5.266211e+01;1.093289e-20
5.271211e+01;1.092556e-20
5.276211e+01;1.091825e-20
5.281211e+01;1.091095e-20
5.286211e+01;1.090366e-20
5.291212e+01;1.089639e-20
5.296212e+01;1.088913e-20
5.301212e+01;1.088189e-20
5.306212e+01;1.087466e-20
5.311212e+01;1.086744e-20
5.316213e+01;1.086023e-20
5.321213e+01;1.085304e-20
5.326213e+01;1.084586e-20
5.331213e+01;1.083869e-20
5.336213e+01;1.083154e-20
5.341214e+01;1.082440e-20
5.346214e+01;1.081727e-20
5.351214e+01;1.081016e-20
5.356214e+01;1.080306e-20
5.361214e+01;1.079597e-20
5.366215e+01;1.078889e-20
5.371215e+01;1.078183e-20
5.376215e+01;1.077478e-20
5.381215e+01;1.076775e-20
5.386215e+01;1.076072e-20
5.391216e+01;1.075371e-20
5.396216e+01;1.074671e-20
5.401216e+01;1.073973e-20
5.406216e+01;1.073276e-20
5.411216e+01;1.072580e-20
5.416217e+01;1.071885e-20
5.421217e+01;1.071192e-20
5.426217e+01;1.070499e-20
5.431217e+01;1.069809e-20
5.436217e+01;1.069119e-20
5.441218e+01;1.068430e-20
5.446218e+01;1.067743e-20
5.451218e+01;1.067057e-20
5.456218e+01;1.066373e-20
5.461218e+01;1.065689e-20
5.466219e+01;1.065007e-20
5.471219e+01;1.064326e-20
5.476219e+01;1.063647e-20
5.481219e+01;1.062968e-20
5.486219e+01;1.062291e-20
5.491220e+01;1.061615e-20
5.496220e+01;1.060940e-20
5.501220e+01;1.060267e-20
5.506220e+01;1.059594e-20
5.511220e+01;1.058923e-20
5.516221e+01;1.058253e-20
5.521221e+01;1.057585e-20
5.526221e+01;1.056917e-20
5.531221e+01;1.056251e-20
5.536221e+01;1.055586e-20
5.541222e+01;1.054922e-20
5.546222e+01;1.054260e-20
5.551222e+01;1.053598e-20
5.556222e+01;1.052938e-20
5.561222e+01;1.052279e-20
5.566223e+01;1.051621e-20
5.571223e+01;1.050964e-20
5.576223e+01;1.050309e-20
5.581223e+01;1.049655e-20
5.586223e+01;1.049001e-20
5.591224e+01;1.048350e-20
5.596224e+01;1.047699e-20
5.601224e+01;1.047049e-20
5.606224e+01;1.046401e-20
5.611224e+01;1.045754e-20
5.616225e+01;1.045107e-20
5.621225e+01;1.044463e-20
5.626225e+01;1.043819e-20
5.631225e+01;1.043176e-20
5.636225e+01;1.042535e-20
5.641226e+01;1.041894e-20
5.646226e+01;1.041255e-20
5.651226e+01;1.040617e-20
5.656226e+01;1.039980e-20
5.661226e+01;1.039345e-20
5.666227e+01;1.038710e-20
5.671227e+01;1.038077e-20
5.676227e+01;1.037444e-20
5.681227e+01;1.036813e-20
5.686227e+01;1.036183e-20
5.691228e+01;1.035554e-20
5.696228e+01;1.034926e-20
5.701228e+01;1.034300e-20
5.706228e+01;1.033674e-20
5.711228e+01;1.033050e-20
5.716229e+01;1.032426e-20
5.721229e+01;1.031804e-20
5.726229e+01;1.031183e-20
5.731229e+01;1.030563e-20
5.736229e+01;1.029944e-20
5.741230e+01;1.029326e-20
5.746230e+01;1.028710e-20
5.751230e+01;1.028094e-20
5.756230e+01;1.027480e-20
5.761230e+01;1.026866e-20
5.766231e+01;1.026254e-20
5.771231e+01;1.025643e-20
5.776231e+01;1.025033e-20
5.781231e+01;1.024423e-20
5.786231e+01;1.023815e-20
5.791232e+01;1.023209e-20
5.796232e+01;1.022603e-20
5.801232e+01;1.021998e-20
5.806232e+01;1.021394e-20
5.811232e+01;1.020792e-20
5.816233e+01;1.020190e-20
5.821233e+01;1.019590e-20
5.826233e+01;1.018990e-20
5.831233e+01;1.018392e-20
5.836233e+01;1.017794e-20
5.841234e+01;1.017198e-20
5.846234e+01;1.016603e-20
5.851234e+01;1.016009e-20
5.856234e+01;1.015416e-20
5.861234e+01;1.014823e-20
5.866235e+01;1.014232e-20
5.871235e+01;1.013642e-20
5.876235e+01;1.013053e-20
5.881235e+01;1.012465e-20
5.886235e+01;1.011878e-20
5.891236e+01;1.011293e-20
5.896236e+01;1.010708e-20
5.901236e+01;1.010124e-20
5.906236e+01;1.009541e-20
5.911236e+01;1.008959e-20
5.916237e+01;1.008378e-20
5.921237e+01;1.007799e-20
5.926237e+01;1.007220e-20
5.931237e+01;1.006642e-20
5.936237e+01;1.006065e-20
5.941238e+01;1.005490e-20
5.946238e+01;1.004915e-20
5.951238e+01;1.004341e-20
5.956238e+01;1.003768e-20
5.961238e+01;1.003197e-20
5.966239e+01;1.002626e-20
5.971239e+01;1.002056e-20
5.976239e+01;1.001487e-20
5.981239e+01;1.000920e-20
5.986239e+01;1.000353e-20
5.991240e+01;9.997869e-21
5.996240e+01;9.992221e-21
6.001240e+01;9.986582e-21
6.006240e+01;9.980953e-21
6.011240e+01;9.975334e-21
6.016241e+01;9.969724e-21
6.021241e+01;9.964124e-21
6.026241e+01;9.958534e-21
6.031241e+01;9.952954e-21
6.036241e+01;9.947383e-21
6.041242e+01;9.941821e-21
6.046242e+01;9.936269e-21
6.051242e+01;9.930727e-21
6.056242e+01;9.925194e-21
6.061242e+01;9.919671e-21
6.066243e+01;9.914157e-21
6.071243e+01;9.908653e-21
6.076243e+01;9.903158e-21
6.081243e+01;9.897672e-21
6.086243e+01;9.892196e-21
6.091244e+01;9.886729e-21
6.096244e+01;9.881272e-21
6.101244e+01;9.875824e-21
6.106244e+01;9.870385e-21
6.111244e+01;9.864955e-21
6.116245e+01;9.859535e-21
6.121245e+01;9.854124e-21
6.126245e+01;9.848722e-21
6.131245e+01;9.843330e-21
6.136245e+01;9.837946e-21
6.141246e+01;9.832572e-21
6.146246e+01;9.827206e-21
6.151246e+01;9.821850e-21
6.156246e+01;9.816503e-21
6.161246e+01;9.811165e-21
6.166247e+01;9.805836e-21
6.171247e+01;9.800516e-21
6.176247e+01;9.795205e-21
6.181247e+01;9.789903e-21
6.186247e+01;9.784610e-21
6.191248e+01;9.779326e-21
6.196248e+01;9.774051e-21
6.201248e+01;9.768785e-21
6.206248e+01;9.763527e-21
6.211248e+01;9.758279e-21
6.216249e+01;9.753039e-21
6.221249e+01;9.747808e-21
6.226249e+01;9.742586e-21
6.231249e+01;9.737372e-21
6.236249e+01;9.732167e-21
6.241250e+01;9.726972e-21
6.246250e+01;9.721784e-21
6.251250e+01;9.716606e-21
6.256250e+01;9.711436e-21
6.261250e+01;9.706274e-21
6.266251e+01;9.701122e-21
6.271251e+01;9.695978e-21
6.276251e+01;9.690842e-21
6.281251e+01;9.685715e-21
6.286251e+01;9.680597e-21
6.291252e+01;9.675487e-21
6.296252e+01;9.670386e-21
6.301252e+01;9.665293e-21
6.306252e+01;9.660208e-21
6.311252e+01;9.655132e-21
6.316253e+01;9.650065e-21
6.321253e+01;9.645006e-21
6.326253e+01;9.639955e-21
6.331253e+01;9.634912e-21
6.336253e+01;9.629878e-21
6.341254e+01;9.624852e-21
6.346254e+01;9.619835e-21
6.351254e+01;9.614826e-21
6.356254e+01;9.609825e-21
6.361254e+01;9.604832e-21
6.366255e+01;9.599847e-21
6.371255e+01;9.594871e-21
6.376255e+01;9.589903e-21
6.381255e+01;9.584943e-21
6.386255e+01;9.579991e-21
6.391256e+01;9.575048e-21
6.396256e+01;9.570112e-21
6.401256e+01;9.565185e-21
6.406256e+01;9.560265e-21
6.411256e+01;9.555354e-21
6.416257e+01;9.550450e-21
6.421257e+01;9.545555e-21
6.426257e+01;9.540668e-21
6.431257e+01;9.535788e-21
6.436257e+01;9.530917e-21
6.441258e+01;9.526053e-21
6.446258e+01;9.521198e-21
6.451258e+01;9.516350e-21
6.456258e+01;9.511510e-21
6.461258e+01;9.506678e-21
6.466259e+01;9.501854e-21
6.471259e+01;9.497038e-21
6.476259e+01;9.492229e-21
6.481259e+01;9.487429e-21
6.486259e+01;9.482636e-21
6.491260e+01;9.477850e-21
6.496260e+01;9.473073e-21
6.501260e+01;9.468303e-21
6.506260e+01;9.463541e-21
6.511260e+01;9.458787e-21
6.516261e+01;9.454040e-21
6.521261e+01;9.449301e-21
6.526261e+01;9.444569e-21
6.531261e+01;9.439846e-21
6.536261e+01;9.435129e-21
6.541262e+01;9.430421e-21
6.546262e+01;9.425719e-21
6.551262e+01;9.421026e-21
6.556262e+01;9.416340e-21
6.561262e+01;9.411661e-21
6.566263e+01;9.406990e-21
6.571263e+01;9.402326e-21
6.576263e+01;9.397670e-21
6.581263e+01;9.393021e-21
6.586263e+01;9.388380e-21
6.591264e+01;9.383746e-21
6.596264e+01;9.379119e-21
6.601264e+01;9.374500e-21
6.606264e+01;9.369888e-21
6.611264e+01;9.365283e-21
6.616265e+01;9.360686e-21
6.621265e+01;9.356096e-21
6.626265e+01;9.351513e-21
6.631265e+01;9.346938e-21
6.636265e+01;9.342370e-21
6.641266e+01;9.337808e-21
6.646266e+01;9.333255e-21
6.651266e+01;9.328708e-21
6.656266e+01;9.324168e-21
6.661266e+01;9.319636e-21
6.666267e+01;9.315111e-21
6.671267e+01;9.310593e-21
6.676267e+01;9.306082e-21
6.681267e+01;9.301578e-21
6.686267e+01;9.297081e-21
6.691268e+01;9.292591e-21
6.696268e+01;9.288109e-21
6.701268e+01;9.283633e-21
6.706268e+01;9.279164e-21
6.711268e+01;9.274702e-21
6.716269e+01;9.270248e-21
6.721269e+01;9.265800e-21
6.726269e+01;9.261359e-21
6.731269e+01;9.256925e-21
6.736269e+01;9.252498e-21
6.741270e+01;9.248078e-21
6.746270e+01;9.243665e-21
6.751270e+01;9.239258e-21
6.756270e+01;9.234859e-21
6.761270e+01;9.230466e-21
6.766271e+01;9.226080e-21
6.771271e+01;9.221701e-21
6.776271e+01;9.217328e-21
6.781271e+01;9.212963e-21
6.786271e+01;9.208604e-21
6.791272e+01;9.204252e-21
6.796272e+01;9.199906e-21
6.801272e+01;9.195567e-21
6.806272e+01;9.191235e-21
6.811272e+01;9.186910e-21
6.816273e+01;9.182591e-21
6.821273e+01;9.178279e-21
6.826273e+01;9.173974e-21
6.831273e+01;9.169675e-21
6.836273e+01;9.165383e-21
6.841274e+01;9.161097e-21
6.846274e+01;9.156818e-21
6.851274e+01;9.152545e-21
6.856274e+01;9.148279e-21
6.861274e+01;9.144019e-21
6.866275e+01;9.139766e-21
6.871275e+01;9.135520e-21
6.876275e+01;9.131280e-21
6.881275e+01;9.127046e-21
6.886275e+01;9.122819e-21
6.891276e+01;9.118598e-21
6.896276e+01;9.114384e-21
6.901276e+01;9.110176e-21
6.906276e+01;9.105974e-21
6.911276e+01;9.101779e-21
6.916277e+01;9.097590e-21
6.921277e+01;9.093407e-21
6.926277e+01;9.089231e-21
6.931277e+01;9.085061e-21
6.936277e+01;9.080898e-21
6.941278e+01;9.076740e-21
6.946278e+01;9.072589e-21
6.951278e+01;9.068444e-21
6.956278e+01;9.064306e-21
6.961278e+01;9.060173e-21
6.966279e+01;9.056047e-21
6.971279e+01;9.051927e-21
6.976279e+01;9.047813e-21
6.981279e+01;9.043705e-21
6.986279e+01;9.039604e-21
6.991280e+01;9.035509e-21
6.996280e+01;9.031419e-21
7.001280e+01;9.027336e-21
7.006280e+01;9.023259e-21
7.011280e+01;9.019188e-21
7.016281e+01;9.015123e-21
7.021281e+01;9.011064e-21
7.026281e+01;9.007011e-21
7.031281e+01;9.002965e-21
7.036281e+01;8.998924e-21
7.041282e+01;8.994889e-21
7.046282e+01;8.990860e-21
7.051282e+01;8.986837e-21
7.056282e+01;8.982820e-21
7.061282e+01;8.978809e-21
7.066283e+01;8.974804e-21
7.071283e+01;8.970805e-21
7.076283e+01;8.966812e-21
7.081283e+01;8.962825e-21
7.086283e+01;8.958843e-21
7.091284e+01;8.954868e-21
7.096284e+01;8.950898e-21
7.101284e+01;8.946934e-21
7.106284e+01;8.942976e-21
7.111284e+01;8.939023e-21
7.116285e+01;8.935077e-21
7.121285e+01;8.931136e-21
7.126285e+01;8.927201e-21
7.131285e+01;8.923272e-21
7.136285e+01;8.919348e-21
7.141286e+01;8.915431e-21
7.146286e+01;8.911519e-21
7.151286e+01;8.907612e-21
7.156286e+01;8.903712e-21
7.161286e+01;8.899817e-21
7.166287e+01;8.895927e-21
7.171287e+01;8.892044e-21
7.176287e+01;8.888166e-21
7.181287e+01;8.884293e-21
7.186287e+01;8.880426e-21
7.191288e+01;8.876565e-21
7.196288e+01;8.872709e-21
7.201288e+01;8.868859e-21
7.206288e+01;8.865015e-21
7.211288e+01;8.861176e-21
7.216289e+01;8.857343e-21
7.221289e+01;8.853515e-21
7.226289e+01;8.849692e-21
7.231289e+01;8.845875e-21
7.236289e+01;8.842064e-21
7.241290e+01;8.838258e-21
7.246290e+01;8.834458e-21
7.251290e+01;8.830663e-21
7.256290e+01;8.826873e-21
7.261290e+01;8.823089e-21
7.266291e+01;8.819310e-21
7.271291e+01;8.815537e-21
7.276291e+01;8.811769e-21
7.281291e+01;8.808006e-21
7.286291e+01;8.804249e-21
7.291292e+01;8.800497e-21
7.296292e+01;8.796751e-21
7.301292e+01;8.793010e-21
7.306292e+01;8.789274e-21
7.311292e+01;8.785543e-21
7.316293e+01;8.781818e-21
7.321293e+01;8.778098e-21
7.326293e+01;8.774383e-21
7.331293e+01;8.770674e-21
7.336293e+01;8.766969e-21
7.341294e+01;8.763270e-21
7.346294e+01;8.759577e-21
7.351294e+01;8.755888e-21
7.356294e+01;8.752205e-21
7.361294e+01;8.748526e-21
7.366295e+01;8.744853e-21
7.371295e+01;8.741185e-21
7.376295e+01;8.737523e-21
7.381295e+01;8.733865e-21
7.386295e+01;8.730213e-21
7.391296e+01;8.726565e-21
7.396296e+01;8.722923e-21
7.401296e+01;8.719286e-21
7.406296e+01;8.715654e-21
7.411296e+01;8.712027e-21
7.416297e+01;8.708405e-21
7.421297e+01;8.704788e-21
7.426297e+01;8.701176e-21
7.431297e+01;8.697570e-21
7.436297e+01;8.693968e-21
7.441298e+01;8.690371e-21
7.446298e+01;8.686779e-21
7.451298e+01;8.683192e-21
7.456298e+01;8.679611e-21
7.461298e+01;8.676034e-21
7.466299e+01;8.672462e-21
7.471299e+01;8.668895e-21
7.476299e+01;8.665333e-21
7.481299e+01;8.661776e-21
7.486299e+01;8.658223e-21
7.491300e+01;8.654676e-21
7.496300e+01;8.651133e-21
7.501300e+01;8.647596e-21
7.506300e+01;8.644063e-21
7.511300e+01;8.640535e-21
7.516301e+01;8.637012e-21
7.521301e+01;8.633494e-21
7.526301e+01;8.629981e-21
7.531301e+01;8.626472e-21
7.536301e+01;8.622968e-21
7.541302e+01;8.619469e-21
7.546302e+01;8.615975e-21
7.551302e+01;8.612486e-21
7.556302e+01;8.609001e-21
7.561302e+01;8.605521e-21
7.566303e+01;8.602046e-21
7.571303e+01;8.598575e-21
7.576303e+01;8.595109e-21
7.581303e+01;8.591648e-21
7.586303e+01;8.588192e-21
7.591304e+01;8.584740e-21
7.596304e+01;8.581293e-21
7.601304e+01;8.577851e-21
7.606304e+01;8.574413e-21
7.611304e+01;8.570980e-21
7.616305e+01;8.567552e-21
7.621305e+01;8.564128e-21
7.626305e+01;8.560709e-21
7.631305e+01;8.557294e-21
7.636305e+01;8.553884e-21
7.641306e+01;8.550479e-21
7.646306e+01;8.547078e-21
7.651306e+01;8.543681e-21
7.656306e+01;8.540290e-21
7.661306e+01;8.536903e-21
7.666307e+01;8.533520e-21
7.671307e+01;8.530142e-21
7.676307e+01;8.526768e-21
7.681307e+01;8.523399e-21
7.686307e+01;8.520034e-21
7.691308e+01;8.516674e-21
7.696308e+01;8.513319e-21
7.701308e+01;8.509967e-21
7.706308e+01;8.506621e-21
7.711308e+01;8.503278e-21
7.716309e+01;8.499940e-21
7.721309e+01;8.496607e-21
7.726309e+01;8.493278e-21
7.731309e+01;8.489953e-21
7.736309e+01;8.486633e-21
7.741310e+01;8.483317e-21
7.746310e+01;8.480006e-21
7.751310e+01;8.476699e-21
7.756310e+01;8.473396e-21
7.761310e+01;8.470098e-21
7.766311e+01;8.466804e-21
7.771311e+01;8.463514e-21
7.776311e+01;8.460229e-21
7.781311e+01;8.456947e-21
7.786311e+01;8.453671e-21
7.791312e+01;8.450398e-21
7.796312e+01;8.447130e-21
7.801312e+01;8.443866e-21
7.806312e+01;8.440607e-21
7.811312e+01;8.437351e-21
7.816313e+01;8.434100e-21
7.821313e+01;8.430853e-21
7.826313e+01;8.427610e-21
7.831313e+01;8.424372e-21
7.836313e+01;8.421138e-21
7.841314e+01;8.417908e-21
7.846314e+01;8.414682e-21
7.851314e+01;8.411460e-21
7.856314e+01;8.408243e-21
7.861314e+01;8.405029e-21
7.866315e+01;8.401820e-21
7.871315e+01;8.398615e-21
7.876315e+01;8.395414e-21
7.881315e+01;8.392218e-21
7.886315e+01;8.389025e-21
7.891316e+01;8.385837e-21
7.896316e+01;8.382652e-21
7.901316e+01;8.379472e-21
7.906316e+01;8.376296e-21
7.911316e+01;8.373124e-21
7.916317e+01;8.369956e-21
7.921317e+01;8.366792e-21
7.926317e+01;8.363632e-21
7.931317e+01;8.360476e-21
7.936317e+01;8.357324e-21
7.941318e+01;8.354176e-21
7.946318e+01;8.351033e-21
7.951318e+01;8.347893e-21
7.956318e+01;8.344757e-21
7.961318e+01;8.341625e-21
7.966319e+01;8.338497e-21
7.971319e+01;8.335374e-21
7.976319e+01;8.332254e-21
7.981319e+01;8.329138e-21
7.986319e+01;8.326026e-21
7.991320e+01;8.322918e-21
7.996320e+01;8.319814e-21
8.001320e+01;8.316714e-21
8.006320e+01;8.313618e-21
8.011320e+01;8.310525e-21
8.016321e+01;8.307437e-21
8.021321e+01;8.304352e-21
8.026321e+01;8.301272e-21
8.031321e+01;8.298195e-21
8.036321e+01;8.295122e-21
8.041322e+01;8.292053e-21
8.046322e+01;8.288988e-21
8.051322e+01;8.285927e-21
8.056322e+01;8.282869e-21
8.061322e+01;8.279816e-21
8.066323e+01;8.276766e-21
8.071323e+01;8.273720e-21
8.076323e+01;8.270678e-21
8.081323e+01;8.267639e-21
8.086323e+01;8.264605e-21
8.091324e+01;8.261574e-21
8.096324e+01;8.258547e-21
8.101324e+01;8.255524e-21
8.106324e+01;8.252504e-21
8.111324e+01;8.249488e-21
8.116325e+01;8.246476e-21
8.121325e+01;8.243468e-21
8.126325e+01;8.240463e-21
8.131325e+01;8.237463e-21
8.136325e+01;8.234465e-21
8.141326e+01;8.231472e-21
8.146326e+01;8.228482e-21
8.151326e+01;8.225496e-21
8.156326e+01;8.222514e-21
8.161326e+01;8.219535e-21
8.166327e+01;8.216560e-21
8.171327e+01;8.213589e-21
8.176327e+01;8.210621e-21
8.181327e+01;8.207657e-21
8.186327e+01;8.204697e-21
8.191328e+01;8.201740e-21
8.196328e+01;8.198787e-21
8.201328e+01;8.195837e-21
8.206328e+01;8.192891e-21
8.211328e+01;8.189949e-21
8.216329e+01;8.187010e-21
8.221329e+01;8.184075e-21
8.226329e+01;8.181143e-21
8.231329e+01;8.178215e-21
8.236329e+01;8.175291e-21
8.241330e+01;8.172370e-21
8.246330e+01;8.169453e-21
8.251330e+01;8.166539e-21
8.256330e+01;8.163629e-21
8.261330e+01;8.160722e-21
8.266331e+01;8.157819e-21
8.271331e+01;8.154919e-21
8.276331e+01;8.152023e-21
8.281331e+01;8.149130e-21
8.286331e+01;8.146241e-21
8.291332e+01;8.143355e-21
8.296332e+01;8.140473e-21
8.301332e+01;8.137594e-21
8.306332e+01;8.134718e-21
8.311332e+01;8.131847e-21
8.316333e+01;8.128978e-21
8.321333e+01;8.126113e-21
8.326333e+01;8.123252e-21
8.331333e+01;8.120393e-21
8.336333e+01;8.117539e-21
8.341334e+01;8.114687e-21
8.346334e+01;8.111840e-21
8.351334e+01;8.108995e-21
8.356334e+01;8.106154e-21
8.361334e+01;8.103316e-21
8.366335e+01;8.100482e-21
8.371335e+01;8.097651e-21
8.376335e+01;8.094823e-21
8.381335e+01;8.091999e-21
8.386335e+01;8.089178e-21
8.391336e+01;8.086361e-21
8.396336e+01;8.083546e-21
8.401336e+01;8.080735e-21
8.406336e+01;8.077928e-21
8.411336e+01;8.075124e-21
8.416337e+01;8.072323e-21
8.421337e+01;8.069525e-21
8.426337e+01;8.066731e-21
8.431337e+01;8.063940e-21
8.436337e+01;8.061152e-21
8.441338e+01;8.058367e-21
8.446338e+01;8.055586e-21
8.451338e+01;8.052808e-21
8.456338e+01;8.050034e-21
8.461338e+01;8.047262e-21
8.466339e+01;8.044494e-21
8.471339e+01;8.041729e-21
8.476339e+01;8.038967e-21
8.481339e+01;8.036209e-21
8.486339e+01;8.033454e-21
8.491340e+01;8.030702e-21
8.496340e+01;8.027953e-21
8.501340e+01;8.025207e-21
8.506340e+01;8.022465e-21
8.511340e+01;8.019725e-21
8.516341e+01;8.016989e-21
8.521341e+01;8.014256e-21
8.526341e+01;8.011527e-21
8.531341e+01;8.008800e-21
8.536341e+01;8.006077e-21
8.541342e+01;8.003356e-21
8.546342e+01;8.000639e-21
8.551342e+01;7.997925e-21
8.556342e+01;7.995214e-21
8.561342e+01;7.992507e-21
8.566343e+01;7.989802e-21
8.571343e+01;7.987101e-21
8.576343e+01;7.984402e-21
8.581343e+01;7.981707e-21
8.586343e+01;7.979015e-21
8.591344e+01;7.976326e-21
8.596344e+01;7.973639e-21
8.601344e+01;7.970957e-21
8.606344e+01;7.968277e-21
8.611344e+01;7.965600e-21
8.616345e+01;7.962926e-21
8.621345e+01;7.960255e-21
8.626345e+01;7.957588e-21
8.631345e+01;7.954923e-21
8.636345e+01;7.952261e-21
8.641346e+01;7.949603e-21
8.646346e+01;7.946947e-21
8.651346e+01;7.944295e-21
8.656346e+01;7.941645e-21
8.661346e+01;7.938999e-21
8.666347e+01;7.936355e-21
8.671347e+01;7.933715e-21
8.676347e+01;7.931077e-21
8.681347e+01;7.928443e-21
8.686347e+01;7.925811e-21
8.691348e+01;7.923182e-21
8.696348e+01;7.920557e-21
8.701348e+01;7.917934e-21
8.706348e+01;7.915314e-21
8.711348e+01;7.912697e-21
8.716349e+01;7.910084e-21
8.721349e+01;7.907473e-21
8.726349e+01;7.904865e-21
8.731349e+01;7.902260e-21
8.736349e+01;7.899657e-21
8.741350e+01;7.897058e-21
8.746350e+01;7.894462e-21
8.751350e+01;7.891868e-21
8.756350e+01;7.889278e-21
8.761350e+01;7.886690e-21
8.766351e+01;7.884105e-21
8.771351e+01;7.881524e-21
8.776351e+01;7.878945e-21
8.781351e+01;7.876368e-21
8.786351e+01;7.873795e-21
8.791352e+01;7.871225e-21
8.796352e+01;7.868657e-21
8.801352e+01;7.866092e-21
8.806352e+01;7.863530e-21
8.811352e+01;7.860971e-21
8.816353e+01;7.858415e-21
8.821353e+01;7.855862e-21
8.826353e+01;7.853311e-21
8.831353e+01;7.850763e-21
8.836353e+01;7.848218e-21
8.841354e+01;7.845676e-21
8.846354e+01;7.843137e-21
8.851354e+01;7.840600e-21
8.856354e+01;7.838066e-21
8.861354e+01;7.835535e-21
8.866355e+01;7.833007e-21
8.871355e+01;7.830482e-21
8.876355e+01;7.827959e-21
8.881355e+01;7.825439e-21
8.886355e+01;7.822922e-21
8.891356e+01;7.820407e-21
8.896356e+01;7.817895e-21
8.901356e+01;7.815387e-21
8.906356e+01;7.812880e-21
8.911356e+01;7.810377e-21
8.916357e+01;7.807876e-21
8.921357e+01;7.805378e-21
8.926357e+01;7.802882e-21
8.931357e+01;7.800390e-21
8.936357e+01;7.797900e-21
8.941358e+01;7.795413e-21
8.946358e+01;7.792928e-21
8.951358e+01;7.790446e-21
8.956358e+01;7.787967e-21
8.961358e+01;7.785490e-21
8.966359e+01;7.783017e-21
8.971359e+01;7.780545e-21
8.976359e+01;7.778077e-21
8.981359e+01;7.775611e-21
8.986359e+01;7.773148e-21
8.991360e+01;7.770687e-21
8.996360e+01;7.768229e-21
9.001360e+01;7.765774e-21
9.006360e+01;7.763321e-21
9.011360e+01;7.760871e-21
9.016361e+01;7.758424e-21
9.021361e+01;7.755979e-21
9.026361e+01;7.753537e-21
9.031361e+01;7.751097e-21
9.036361e+01;7.748660e-21
9.041362e+01;7.746226e-21
9.046362e+01;7.743794e-21
9.051362e+01;7.741365e-21
9.056362e+01;7.738938e-21
9.061362e+01;7.736514e-21
9.066363e+01;7.734092e-21
9.071363e+01;7.731673e-21
9.076363e+01;7.729257e-21
9.081363e+01;7.726843e-21
9.086363e+01;7.724432e-21
9.091364e+01;7.722023e-21
9.096364e+01;7.719617e-21
9.101364e+01;7.717214e-21
9.106364e+01;7.714812e-21
9.111364e+01;7.712414e-21
9.116365e+01;7.710018e-21
9.121365e+01;7.707624e-21
9.126365e+01;7.705233e-21
9.131365e+01;7.702845e-21
9.136365e+01;7.700459e-21
9.141366e+01;7.698075e-21
9.146366e+01;7.695694e-21
9.151366e+01;7.693316e-21
9.156366e+01;7.690940e-21
9.161366e+01;7.688566e-21
9.166367e+01;7.686195e-21
9.171367e+01;7.683827e-21
9.176367e+01;7.681461e-21
9.181367e+01;7.679097e-21
9.186367e+01;7.676736e-21
9.191368e+01;7.674377e-21
9.196368e+01;7.672021e-21
9.201368e+01;7.669667e-21
9.206368e+01;7.667315e-21
9.211368e+01;7.664966e-21
9.216369e+01;7.662620e-21
9.221369e+01;7.660276e-21
9.226369e+01;7.657934e-21
9.231369e+01;7.655595e-21
9.236369e+01;7.653258e-21
9.241370e+01;7.650924e-21
9.246370e+01;7.648592e-21
9.251370e+01;7.646262e-21
9.256370e+01;7.643935e-21
9.261370e+01;7.641610e-21
9.266371e+01;7.639287e-21
9.271371e+01;7.636967e-21
9.276371e+01;7.634650e-21
9.281371e+01;7.632334e-21
9.286371e+01;7.630021e-21
9.291372e+01;7.627711e-21
9.296372e+01;7.625403e-21
9.301372e+01;7.623097e-21
9.306372e+01;7.620793e-21
9.311372e+01;7.618492e-21
9.316373e+01;7.616193e-21
9.321373e+01;7.613897e-21
9.326373e+01;7.611603e-21
9.331373e+01;7.609311e-21
9.336373e+01;7.607022e-21
9.341374e+01;7.604734e-21
9.346374e+01;7.602450e-21
9.351374e+01;7.600167e-21
9.356374e+01;7.597887e-21
9.361374e+01;7.595609e-21
9.366375e+01;7.593333e-21
9.371375e+01;7.591060e-21
9.376375e+01;7.588789e-21
9.381375e+01;7.586520e-21
9.386375e+01;7.584254e-21
9.391376e+01;7.581990e-21
9.396376e+01;7.579728e-21
9.401376e+01;7.577468e-21
9.406376e+01;7.575211e-21
9.411376e+01;7.572956e-21
9.416377e+01;7.570703e-21
9.421377e+01;7.568453e-21
9.426377e+01;7.566204e-21
9.431377e+01;7.563958e-21
9.436377e+01;7.561714e-21
9.441378e+01;7.559473e-21
9.446378e+01;7.557234e-21
9.451378e+01;7.554997e-21
9.456378e+01;7.552762e-21
9.461378e+01;7.550529e-21
9.466379e+01;7.548299e-21
9.471379e+01;7.546070e-21
9.476379e+01;7.543844e-21
9.481379e+01;7.541621e-21
9.486379e+01;7.539399e-21
9.491380e+01;7.537180e-21
9.496380e+01;7.534963e-21
9.501380e+01;7.532748e-21
9.506380e+01;7.530535e-21
9.511380e+01;7.528324e-21
9.516381e+01;7.526116e-21
9.521381e+01;7.523910e-21
9.526381e+01;7.521706e-21
9.531381e+01;7.519504e-21
9.536381e+01;7.517304e-21
9.541382e+01;7.515106e-21
9.546382e+01;7.512911e-21
9.551382e+01;7.510718e-21
9.556382e+01;7.508527e-21
9.561382e+01;7.506338e-21
9.566383e+01;7.504151e-21
9.571383e+01;7.501966e-21
9.576383e+01;7.499784e-21
9.581383e+01;7.497603e-21
9.586383e+01;7.495425e-21
9.591384e+01;7.493249e-21
9.596384e+01;7.491075e-21
9.601384e+01;7.488903e-21
9.606384e+01;7.486733e-21
9.611384e+01;7.484565e-21
9.616385e+01;7.482400e-21
9.621385e+01;7.480236e-21
9.626385e+01;7.478075e-21
9.631385e+01;7.475916e-21
9.636385e+01;7.473758e-21
9.641386e+01;7.471603e-21
9.646386e+01;7.469450e-21
9.651386e+01;7.467299e-21
9.656386e+01;7.465151e-21
9.661386e+01;7.463004e-21
9.666387e+01;7.460859e-21
9.671387e+01;7.458716e-21
9.676387e+01;7.456576e-21
9.681387e+01;7.454437e-21
9.686387e+01;7.452301e-21
9.691388e+01;7.450166e-21
9.696388e+01;7.448034e-21
9.701388e+01;7.445904e-21
9.706388e+01;7.443775e-21
9.711388e+01;7.441649e-21
9.716389e+01;7.439525e-21
9.721389e+01;7.437402e-21
9.726389e+01;7.435282e-21
9.731389e+01;7.433164e-21
9.736389e+01;7.431048e-21
9.741390e+01;7.428934e-21
9.746390e+01;7.426822e-21
9.751390e+01;7.424712e-21
9.756390e+01;7.422604e-21
9.761390e+01;7.420497e-21
9.766391e+01;7.418393e-21
9.771391e+01;7.416291e-21
9.776391e+01;7.414191e-21
9.781391e+01;7.412093e-21
9.786391e+01;7.409997e-21
9.791392e+01;7.407903e-21
9.796392e+01;7.405810e-21
9.801392e+01;7.403720e-21
9.806392e+01;7.401632e-21
9.811392e+01;7.399546e-21
9.816393e+01;7.397461e-21
9.821393e+01;7.395379e-21
9.826393e+01;7.393299e-21
9.831393e+01;7.391220e-21
9.836393e+01;7.389144e-21
9.841394e+01;7.387069e-21
9.846394e+01;7.384997e-21
9.851394e+01;7.382926e-21
9.856394e+01;7.380857e-21
9.861394e+01;7.378790e-21
9.866395e+01;7.376726e-21
9.871395e+01;7.374663e-21
9.876395e+01;7.372602e-21
9.881395e+01;7.370543e-21
9.886395e+01;7.368485e-21
9.891396e+01;7.366430e-21
9.896396e+01;7.364377e-21
9.901396e+01;7.362325e-21
9.906396e+01;7.360276e-21
9.911396e+01;7.358228e-21
9.916397e+01;7.356182e-21
9.921397e+01;7.354139e-21
9.926397e+01;7.352097e-21
9.931397e+01;7.350057e-21
9.936397e+01;7.348018e-21
9.941398e+01;7.345982e-21
9.946398e+01;7.343948e-21
9.951398e+01;7.341915e-21
9.956398e+01;7.339885e-21
9.961398e+01;7.337856e-21
9.966399e+01;7.335829e-21
9.971399e+01;7.333804e-21
9.976399e+01;7.331781e-21
9.981399e+01;7.329759e-21
9.986399e+01;7.327740e-21
9.991400e+01;7.325722e-21
9.996400e+01;7.323706e-21
1.000140e+02;7.321692e-21
1.000640e+02;7.319680e-21
1.001140e+02;7.317670e-21
1.001640e+02;7.315661e-21
1.002140e+02;7.313655e-21
1.002640e+02;7.311650e-21
1.003140e+02;7.309647e-21
1.003640e+02;7.307646e-21
1.004140e+02;7.305647e-21
1.004640e+02;7.303649e-21
1.005140e+02;7.301653e-21
1.005640e+02;7.299659e-21
1.006140e+02;7.297667e-21
1.006640e+02;7.295677e-21
1.007140e+02;7.293689e-21
1.007640e+02;7.291702e-21
1.008140e+02;7.289717e-21
1.008640e+02;7.287734e-21
1.009140e+02;7.285753e-21
1.009640e+02;7.283773e-21
1.010140e+02;7.281795e-21
1.010640e+02;7.279819e-21
1.011140e+02;7.277845e-21
1.011640e+02;7.275873e-21
1.012140e+02;7.273902e-21
1.012641e+02;7.271933e-21
1.013141e+02;7.269966e-21
1.013641e+02;7.268001e-21
1.014141e+02;7.266037e-21
1.014641e+02;7.264076e-21
1.015141e+02;7.262115e-21
1.015641e+02;7.260157e-21
1.016141e+02;7.258201e-21
1.016641e+02;7.256246e-21
1.017141e+02;7.254293e-21
1.017641e+02;7.252341e-21
1.018141e+02;7.250392e-21
1.018641e+02;7.248444e-21
1.019141e+02;7.246498e-21
1.019641e+02;7.244553e-21
1.020141e+02;7.242611e-21
1.020641e+02;7.240670e-21
1.021141e+02;7.238730e-21
1.021641e+02;7.236793e-21
1.022141e+02;7.234857e-21
1.022641e+02;7.232923e-21
1.023141e+02;7.230990e-21
1.023641e+02;7.229060e-21
1.024141e+02;7.227131e-21
1.024641e+02;7.225203e-21
1.025141e+02;7.223278e-21
1.025641e+02;7.221354e-21
1.026141e+02;7.219432e-21
1.026641e+02;7.217511e-21
1.027141e+02;7.215592e-21
1.027641e+02;7.213675e-21
1.028141e+02;7.211760e-21
1.028641e+02;7.209846e-21
1.029141e+02;7.207934e-21
1.029641e+02;7.206023e-21
1.030141e+02;7.204115e-21
1.030641e+02;7.202207e-21
1.031141e+02;7.200302e-21
1.031641e+02;7.198398e-21
1.032141e+02;7.196496e-21
1.032641e+02;7.194596e-21
1.033141e+02;7.192697e-21
1.033641e+02;7.190800e-21
1.034141e+02;7.188904e-21
1.034641e+02;7.187010e-21
1.035141e+02;7.185118e-21
1.035641e+02;7.183227e-21
1.036141e+02;7.181338e-21
1.036641e+02;7.179451e-21
1.037141e+02;7.177565e-21
1.037642e+02;7.175681e-21
1.038142e+02;7.173799e-21
1.038642e+02;7.171918e-21
1.039142e+02;7.170039e-21
1.039642e+02;7.168161e-21
1.040142e+02;7.166285e-21
1.040642e+02;7.164411e-21
1.041142e+02;7.162538e-21
1.041642e+02;7.160667e-21
1.042142e+02;7.158797e-21
1.042642e+02;7.156929e-21
1.043142e+02;7.155063e-21
1.043642e+02;7.153198e-21
1.044142e+02;7.151335e-21
1.044642e+02;7.149474e-21
1.045142e+02;7.147614e-21
1.045642e+02;7.145755e-21
1.046142e+02;7.143899e-21
1.046642e+02;7.142043e-21
1.047142e+02;7.140190e-21
1.047642e+02;7.138338e-21
1.048142e+02;7.136487e-21
1.048642e+02;7.134638e-21
1.049142e+02;7.132791e-21
1.049642e+02;7.130945e-21
1.050142e+02;7.129101e-21
1.050642e+02;7.127258e-21
1.051142e+02;7.125417e-21
1.051642e+02;7.123578e-21
1.052142e+02;7.121740e-21
1.052642e+02;7.119903e-21
1.053142e+02;7.118068e-21
1.053642e+02;7.116235e-21
1.054142e+02;7.114403e-21
1.054642e+02;7.112573e-21
1.055142e+02;7.110744e-21
1.055642e+02;7.108917e-21
1.056142e+02;7.107092e-21
1.056642e+02;7.105268e-21
1.057142e+02;7.103445e-21
1.057642e+02;7.101624e-21
1.058142e+02;7.099805e-21
1.058642e+02;7.097987e-21
1.059142e+02;7.096170e-21
1.059642e+02;7.094355e-21
1.060142e+02;7.092542e-21
1.060642e+02;7.090730e-21
1.061142e+02;7.088919e-21
1.061642e+02;7.087111e-21
1.062142e+02;7.085303e-21
1.062643e+02;7.083497e-21
1.063143e+02;7.081693e-21
1.063643e+02;7.079890e-21
1.064143e+02;7.078089e-21
1.064643e+02;7.076289e-21
1.065143e+02;7.074490e-21
1.065643e+02;7.072693e-21
1.066143e+02;7.070898e-21
1.066643e+02;7.069104e-21
1.067143e+02;7.067312e-21
1.067643e+02;7.065521e-21
1.068143e+02;7.063731e-21
1.068643e+02;7.061943e-21
1.069143e+02;7.060157e-21
1.069643e+02;7.058372e-21
1.070143e+02;7.056588e-21
1.070643e+02;7.054806e-21
1.071143e+02;7.053025e-21
1.071643e+02;7.051246e-21
1.072143e+02;7.049468e-21
1.072643e+02;7.047692e-21
1.073143e+02;7.045917e-21
1.073643e+02;7.044144e-21
1.074143e+02;7.042372e-21
1.074643e+02;7.040601e-21
1.075143e+02;7.038832e-21
1.075643e+02;7.037065e-21
1.076143e+02;7.035298e-21
1.076643e+02;7.033534e-21
1.077143e+02;7.031770e-21
1.077643e+02;7.030009e-21
1.078143e+02;7.028248e-21
1.078643e+02;7.026489e-21
1.079143e+02;7.024732e-21
1.079643e+02;7.022976e-21
1.080143e+02;7.021221e-21
1.080643e+02;7.019468e-21
1.081143e+02;7.017716e-21
1.081643e+02;7.015965e-21
1.082143e+02;7.014216e-21
1.082643e+02;7.012469e-21
1.083143e+02;7.010722e-21
1.083643e+02;7.008978e-21
1.084143e+02;7.007234e-21
1.084643e+02;7.005492e-21
1.085143e+02;7.003752e-21
1.085643e+02;7.002013e-21
1.086143e+02;7.000275e-21
1.086643e+02;6.998538e-21
1.087143e+02;6.996803e-21
1.087644e+02;6.995070e-21
1.088144e+02;6.993338e-21
1.088644e+02;6.991607e-21
1.089144e+02;6.989877e-21
1.089644e+02;6.988149e-21
1.090144e+02;6.986423e-21
1.090644e+02;6.984697e-21
1.091144e+02;6.982973e-21
1.091644e+02;6.981251e-21
1.092144e+02;6.979530e-21
1.092644e+02;6.977810e-21
1.093144e+02;6.976092e-21
1.093644e+02;6.974374e-21
1.094144e+02;6.972659e-21
1.094644e+02;6.970944e-21
1.095144e+02;6.969231e-21
1.095644e+02;6.967520e-21
1.096144e+02;6.965810e-21
1.096644e+02;6.964101e-21
1.097144e+02;6.962393e-21
1.097644e+02;6.960687e-21
1.098144e+02;6.958982e-21
1.098644e+02;6.957279e-21
1.099144e+02;6.955576e-21
1.099644e+02;6.953876e-21
1.100144e+02;6.952176e-21
1.100644e+02;6.950478e-21
1.101144e+02;6.948781e-21
1.101644e+02;6.947086e-21
1.102144e+02;6.945392e-21
1.102644e+02;6.943699e-21
1.103144e+02;6.942007e-21
1.103644e+02;6.940317e-21
1.104144e+02;6.938628e-21
1.104644e+02;6.936941e-21
1.105144e+02;6.935255e-21
1.105644e+02;6.933570e-21
1.106144e+02;6.931886e-21
1.106644e+02;6.930204e-21
1.107144e+02;6.928523e-21
1.107644e+02;6.926843e-21
1.108144e+02;6.925165e-21
1.108644e+02;6.923488e-21
1.109144e+02;6.921812e-21
1.109644e+02;6.920138e-21
1.110144e+02;6.918465e-21
1.110644e+02;6.916793e-21
1.111144e+02;6.915122e-21
1.111644e+02;6.913453e-21
1.112144e+02;6.911785e-21
1.112645e+02;6.910119e-21
1.113145e+02;6.908453e-21
1.113645e+02;6.906789e-21
1.114145e+02;6.905127e-21
1.114645e+02;6.903465e-21
1.115145e+02;6.901805e-21
1.115645e+02;6.900146e-21
1.116145e+02;6.898488e-21
1.116645e+02;6.896832e-21
1.117145e+02;6.895177e-21
1.117645e+02;6.893523e-21
1.118145e+02;6.891870e-21
1.118645e+02;6.890219e-21
1.119145e+02;6.888569e-21
1.119645e+02;6.886920e-21
1.120145e+02;6.885273e-21
1.120645e+02;6.883627e-21
1.121145e+02;6.881982e-21
1.121645e+02;6.880338e-21
1.122145e+02;6.878695e-21
1.122645e+02;6.877054e-21
1.123145e+02;6.875414e-21
1.123645e+02;6.873776e-21
1.124145e+02;6.872138e-21
1.124645e+02;6.870502e-21
1.125145e+02;6.868867e-21
1.125645e+02;6.867233e-21
1.126145e+02;6.865601e-21
1.126645e+02;6.863969e-21
1.127145e+02;6.862339e-21
1.127645e+02;6.860711e-21
1.128145e+02;6.859083e-21
1.128645e+02;6.857457e-21
1.129145e+02;6.855832e-21
1.129645e+02;6.854208e-21
1.130145e+02;6.852585e-21
1.130645e+02;6.850964e-21
1.131145e+02;6.849344e-21
1.131645e+02;6.847725e-21
1.132145e+02;6.846107e-21
1.132645e+02;6.844490e-21
1.133145e+02;6.842875e-21
1.133645e+02;6.841261e-21
1.134145e+02;6.839648e-21
1.134645e+02;6.838036e-21
1.135145e+02;6.836426e-21
1.135645e+02;6.834816e-21
1.136145e+02;6.833208e-21
1.136645e+02;6.831602e-21
1.137145e+02;6.829996e-21
1.137646e+02;6.828391e-21
1.138146e+02;6.826788e-21
1.138646e+02;6.825186e-21
1.139146e+02;6.823585e-21
1.139646e+02;6.821986e-21
1.140146e+02;6.820387e-21
1.140646e+02;6.818790e-21
1.141146e+02;6.817194e-21
1.141646e+02;6.815599e-21
1.142146e+02;6.814005e-21
1.142646e+02;6.812412e-21
1.143146e+02;6.810821e-21
1.143646e+02;6.809231e-21
1.144146e+02;6.807642e-21
1.144646e+02;6.806054e-21
1.145146e+02;6.804467e-21
1.145646e+02;6.802882e-21
1.146146e+02;6.801297e-21
1.146646e+02;6.799714e-21
1.147146e+02;6.798132e-21
1.147646e+02;6.796551e-21
1.148146e+02;6.794972e-21
1.148646e+02;6.793393e-21
1.149146e+02;6.791816e-21
1.149646e+02;6.790240e-21
1.150146e+02;6.788665e-21
1.150646e+02;6.787091e-21
1.151146e+02;6.785518e-21
1.151646e+02;6.783947e-21
1.152146e+02;6.782376e-21
1.152646e+02;6.780807e-21
1.153146e+02;6.779239e-21
1.153646e+02;6.777672e-21
1.154146e+02;6.776106e-21
1.154646e+02;6.774541e-21
1.155146e+02;6.772978e-21
1.155646e+02;6.771415e-21
1.156146e+02;6.769854e-21
1.156646e+02;6.768294e-21
1.157146e+02;6.766735e-21
1.157646e+02;6.765177e-21
1.158146e+02;6.763620e-21
1.158646e+02;6.762065e-21
1.159146e+02;6.760510e-21
1.159646e+02;6.758957e-21
1.160146e+02;6.757405e-21
1.160646e+02;6.755854e-21
1.161146e+02;6.754304e-21
1.161646e+02;6.752755e-21
1.162146e+02;6.751207e-21
1.162647e+02;6.749660e-21
1.163147e+02;6.748115e-21
1.163647e+02;6.746570e-21
1.164147e+02;6.745027e-21
1.164647e+02;6.743485e-21
1.165147e+02;6.741944e-21
1.165647e+02;6.740404e-21
1.166147e+02;6.738865e-21
1.166647e+02;6.737327e-21
1.167147e+02;6.735791e-21
1.167647e+02;6.734255e-21
1.168147e+02;6.732721e-21
1.168647e+02;6.731187e-21
1.169147e+02;6.729655e-21
1.169647e+02;6.728124e-21
1.170147e+02;6.726594e-21
1.170647e+02;6.725065e-21
1.171147e+02;6.723537e-21
1.171647e+02;6.722010e-21
1.172147e+02;6.720485e-21
1.172647e+02;6.718960e-21
1.173147e+02;6.717437e-21
1.173647e+02;6.715914e-21
1.174147e+02;6.714393e-21
1.174647e+02;6.712872e-21
1.175147e+02;6.711353e-21
1.175647e+02;6.709835e-21
1.176147e+02;6.708318e-21
1.176647e+02;6.706802e-21
1.177147e+02;6.705287e-21
1.177647e+02;6.703773e-21
1.178147e+02;6.702261e-21
1.178647e+02;6.700749e-21
1.179147e+02;6.699238e-21
1.179647e+02;6.697729e-21
1.180147e+02;6.696220e-21
1.180647e+02;6.694713e-21
1.181147e+02;6.693206e-21
1.181647e+02;6.691701e-21
1.182147e+02;6.690197e-21
1.182647e+02;6.688694e-21
1.183147e+02;6.687192e-21
1.183647e+02;6.685690e-21
1.184147e+02;6.684190e-21
1.184647e+02;6.682691e-21
1.185147e+02;6.681193e-21
1.185647e+02;6.679697e-21
1.186147e+02;6.678201e-21
1.186647e+02;6.676706e-21
1.187147e+02;6.675212e-21
1.187648e+02;6.673719e-21
1.188148e+02;6.672228e-21
1.188648e+02;6.670737e-21
1.189148e+02;6.669248e-21
1.189648e+02;6.667759e-21
1.190148e+02;6.666271e-21
1.190648e+02;6.664785e-21
1.191148e+02;6.663300e-21
1.191648e+02;6.661815e-21
1.192148e+02;6.660332e-21
1.192648e+02;6.658849e-21
1.193148e+02;6.657368e-21
1.193648e+02;6.655888e-21
1.194148e+02;6.654408e-21
1.194648e+02;6.652930e-21
1.195148e+02;6.651453e-21
1.195648e+02;6.649977e-21
1.196148e+02;6.648501e-21
1.196648e+02;6.647027e-21
1.197148e+02;6.645554e-21
1.197648e+02;6.644082e-21
1.198148e+02;6.642611e-21
1.198648e+02;6.641141e-21
1.199148e+02;6.639672e-21
1.199648e+02;6.638203e-21
1.200148e+02;6.636736e-21
1.200648e+02;6.635270e-21
1.201148e+02;6.633805e-21
1.201648e+02;6.632341e-21
1.202148e+02;6.630878e-21
1.202648e+02;6.629416e-21
1.203148e+02;6.627955e-21
1.203648e+02;6.626495e-21
1.204148e+02;6.625036e-21
1.204648e+02;6.623577e-21
1.205148e+02;6.622120e-21
1.205648e+02;6.620664e-21
1.206148e+02;6.619209e-21
1.206648e+02;6.617755e-21
1.207148e+02;6.616302e-21
1.207648e+02;6.614850e-21
1.208148e+02;6.613398e-21
1.208648e+02;6.611948e-21
1.209148e+02;6.610499e-21
1.209648e+02;6.609051e-21
1.210148e+02;6.607604e-21
1.210648e+02;6.606157e-21
1.211148e+02;6.604712e-21
1.211648e+02;6.603268e-21
1.212148e+02;6.601824e-21
1.212649e+02;6.600382e-21
1.213149e+02;6.598941e-21
1.213649e+02;6.597500e-21
1.214149e+02;6.596061e-21
1.214649e+02;6.594622e-21
1.215149e+02;6.593185e-21
1.215649e+02;6.591748e-21
1.216149e+02;6.590313e-21
1.216649e+02;6.588878e-21
1.217149e+02;6.587444e-21
1.217649e+02;6.586012e-21
1.218149e+02;6.584580e-21
1.218649e+02;6.583149e-21
1.219149e+02;6.581719e-21
1.219649e+02;6.580291e-21
1.220149e+02;6.578863e-21
1.220649e+02;6.577436e-21
1.221149e+02;6.576010e-21
1.221649e+02;6.574585e-21
1.222149e+02;6.573161e-21
1.222649e+02;6.571738e-21
1.223149e+02;6.570315e-21
1.223649e+02;6.568894e-21
1.224149e+02;6.567474e-21
1.224649e+02;6.566054e-21
1.225149e+02;6.564636e-21
1.225649e+02;6.563219e-21
1.226149e+02;6.561802e-21
1.226649e+02;6.560386e-21
1.227149e+02;6.558972e-21
1.227649e+02;6.557558e-21
1.228149e+02;6.556145e-21
1.228649e+02;6.554733e-21
1.229149e+02;6.553323e-21
1.229649e+02;6.551913e-21
1.230149e+02;6.550503e-21
1.230649e+02;6.549095e-21
1.231149e+02;6.547688e-21
1.231649e+02;6.546282e-21
1.232149e+02;6.544877e-21
1.232649e+02;6.543472e-21
1.233149e+02;6.542069e-21
1.233649e+02;6.540666e-21
1.234149e+02;6.539264e-21
1.234649e+02;6.537864e-21
1.235149e+02;6.536464e-21
1.235649e+02;6.535065e-21
1.236149e+02;6.533667e-21
1.236649e+02;6.532270e-21
1.237149e+02;6.530874e-21
1.237650e+02;6.529479e-21
1.238150e+02;6.528084e-21
1.238650e+02;6.526691e-21
1.239150e+02;6.525298e-21
1.239650e+02;6.523907e-21
1.240150e+02;6.522516e-21
1.240650e+02;6.521126e-21
1.241150e+02;6.519737e-21
1.241650e+02;6.518349e-21
1.242150e+02;6.516962e-21
1.242650e+02;6.515576e-21
1.243150e+02;6.514191e-21
1.243650e+02;6.512806e-21
1.244150e+02;6.511423e-21
1.244650e+02;6.510040e-21
1.245150e+02;6.508659e-21
1.245650e+02;6.507278e-21
1.246150e+02;6.505898e-21
1.246650e+02;6.504519e-21
1.247150e+02;6.503141e-21
1.247650e+02;6.501764e-21
1.248150e+02;6.500387e-21
1.248650e+02;6.499012e-21
1.249150e+02;6.497637e-21
1.249650e+02;6.496264e-21
1.250150e+02;6.494891e-21
1.250650e+02;6.493519e-21
1.251150e+02;6.492148e-21
1.251650e+02;6.490778e-21
1.252150e+02;6.489408e-21
1.252650e+02;6.488040e-21
1.253150e+02;6.486672e-21
1.253650e+02;6.485306e-21
1.254150e+02;6.483940e-21
1.254650e+02;6.482575e-21
1.255150e+02;6.481211e-21
1.255650e+02;6.479848e-21
1.256150e+02;6.478486e-21
1.256650e+02;6.477124e-21
1.257150e+02;6.475764e-21
1.257650e+02;6.474404e-21
1.258150e+02;6.473045e-21
1.258650e+02;6.471687e-21
1.259150e+02;6.470330e-21
1.259650e+02;6.468974e-21
1.260150e+02;6.467619e-21
1.260650e+02;6.466264e-21
1.261150e+02;6.464910e-21
1.261650e+02;6.463558e-21
1.262150e+02;6.462206e-21
1.262651e+02;6.460855e-21
1.263151e+02;6.459504e-21
1.263651e+02;6.458155e-21
1.264151e+02;6.456807e-21
1.264651e+02;6.455459e-21
1.265151e+02;6.454112e-21
1.265651e+02;6.452766e-21
1.266151e+02;6.451421e-21
1.266651e+02;6.450077e-21
1.267151e+02;6.448733e-21
1.267651e+02;6.447391e-21
1.268151e+02;6.446049e-21
1.268651e+02;6.444708e-21
1.269151e+02;6.443368e-21
1.269651e+02;6.442029e-21
1.270151e+02;6.440691e-21
1.270651e+02;6.439353e-21
1.271151e+02;6.438016e-21
1.271651e+02;6.436681e-21
1.272151e+02;6.435346e-21
1.272651e+02;6.434011e-21
1.273151e+02;6.432678e-21
1.273651e+02;6.431346e-21
1.274151e+02;6.430014e-21
1.274651e+02;6.428683e-21
1.275151e+02;6.427353e-21
1.275651e+02;6.426024e-21
1.276151e+02;6.424696e-21
1.276651e+02;6.423368e-21
1.277151e+02;6.422041e-21
1.277651e+02;6.420716e-21
1.278151e+02;6.419390e-21
1.278651e+02;6.418066e-21
1.279151e+02;6.416743e-21
1.279651e+02;6.415420e-21
1.280151e+02;6.414098e-21
1.280651e+02;6.412778e-21
1.281151e+02;6.411457e-21
1.281651e+02;6.410138e-21
1.282151e+02;6.408820e-21
1.282651e+02;6.407502e-21
1.283151e+02;6.406185e-21
1.283651e+02;6.404869e-21
1.284151e+02;6.403554e-21
1.284651e+02;6.402239e-21
1.285151e+02;6.400926e-21
1.285651e+02;6.399613e-21
1.286151e+02;6.398301e-21
1.286651e+02;6.396990e-21
1.287151e+02;6.395679e-21
1.287652e+02;6.394370e-21
1.288152e+02;6.393061e-21
1.288652e+02;6.391753e-21
1.289152e+02;6.390446e-21
1.289652e+02;6.389139e-21
1.290152e+02;6.387834e-21
1.290652e+02;6.386529e-21
1.291152e+02;6.385225e-21
1.291652e+02;6.383922e-21
1.292152e+02;6.382620e-21
1.292652e+02;6.381318e-21
1.293152e+02;6.380017e-21
1.293652e+02;6.378717e-21
1.294152e+02;6.377418e-21
1.294652e+02;6.376119e-21
1.295152e+02;6.374822e-21
1.295652e+02;6.373525e-21
1.296152e+02;6.372229e-21
1.296652e+02;6.370934e-21
1.297152e+02;6.369639e-21
1.297652e+02;6.368345e-21
1.298152e+02;6.367053e-21
1.298652e+02;6.365760e-21
1.299152e+02;6.364469e-21
1.299652e+02;6.363179e-21
1.300152e+02;6.361889e-21
1.300652e+02;6.360600e-21
1.301152e+02;6.359312e-21
1.301652e+02;6.358024e-21
1.302152e+02;6.356737e-21
1.302652e+02;6.355452e-21
1.303152e+02;6.354166e-21
1.303652e+02;6.352882e-21
1.304152e+02;6.351598e-21
1.304652e+02;6.350316e-21
1.305152e+02;6.349034e-21
1.305652e+02;6.347752e-21
1.306152e+02;6.346472e-21
1.306652e+02;6.345192e-21
1.307152e+02;6.343913e-21
1.307652e+02;6.342635e-21
1.308152e+02;6.341358e-21
1.308652e+02;6.340081e-21
1.309152e+02;6.338805e-21
1.309652e+02;6.337530e-21
1.310152e+02;6.336256e-21
1.310652e+02;6.334982e-21
1.311152e+02;6.333709e-21
1.311652e+02;6.332437e-21
1.312152e+02;6.331166e-21
1.312653e+02;6.329895e-21
1.313153e+02;6.328625e-21
1.313653e+02;6.327356e-21
1.314153e+02;6.326088e-21
1.314653e+02;6.324820e-21
1.315153e+02;6.323554e-21
1.315653e+02;6.322288e-21
1.316153e+02;6.321022e-21
1.316653e+02;6.319758e-21
1.317153e+02;6.318494e-21
1.317653e+02;6.317231e-21
1.318153e+02;6.315969e-21
1.318653e+02;6.314707e-21
1.319153e+02;6.313446e-21
1.319653e+02;6.312186e-21
1.320153e+02;6.310927e-21
1.320653e+02;6.309668e-21
1.321153e+02;6.308411e-21
1.321653e+02;6.307154e-21
1.322153e+02;6.305897e-21
1.322653e+02;6.304642e-21
1.323153e+02;6.303387e-21
1.323653e+02;6.302133e-21
1.324153e+02;6.300879e-21
1.324653e+02;6.299627e-21
1.325153e+02;6.298375e-21
1.325653e+02;6.297124e-21
1.326153e+02;6.295873e-21
1.326653e+02;6.294623e-21
1.327153e+02;6.293374e-21
1.327653e+02;6.292126e-21
1.328153e+02;6.290879e-21
1.328653e+02;6.289632e-21
1.329153e+02;6.288386e-21
1.329653e+02;6.287140e-21
1.330153e+02;6.285896e-21
1.330653e+02;6.284652e-21
1.331153e+02;6.283409e-21
1.331653e+02;6.282166e-21
1.332153e+02;6.280925e-21
1.332653e+02;6.279684e-21
1.333153e+02;6.278443e-21
1.333653e+02;6.277204e-21
1.334153e+02;6.275965e-21
1.334653e+02;6.274727e-21
1.335153e+02;6.273490e-21
1.335653e+02;6.272253e-21
1.336153e+02;6.271017e-21
1.336653e+02;6.269782e-21
1.337153e+02;6.268547e-21
1.337654e+02;6.267313e-21
1.338154e+02;6.266080e-21
1.338654e+02;6.264848e-21
1.339154e+02;6.263616e-21
1.339654e+02;6.262385e-21
1.340154e+02;6.261155e-21
1.340654e+02;6.259926e-21
1.341154e+02;6.258697e-21
1.341654e+02;6.257469e-21
1.342154e+02;6.256241e-21
1.342654e+02;6.255015e-21
1.343154e+02;6.253789e-21
1.343654e+02;6.252563e-21
1.344154e+02;6.251339e-21
1.344654e+02;6.250115e-21
1.345154e+02;6.248892e-21
1.345654e+02;6.247669e-21
1.346154e+02;6.246447e-21
1.346654e+02;6.245226e-21
1.347154e+02;6.244006e-21
1.347654e+02;6.242786e-21
1.348154e+02;6.241567e-21
1.348654e+02;6.240349e-21
1.349154e+02;6.239131e-21
1.349654e+02;6.237914e-21
1.350154e+02;6.236698e-21
1.350654e+02;6.235483e-21
1.351154e+02;6.234268e-21
1.351654e+02;6.233054e-21
1.352154e+02;6.231840e-21
1.352654e+02;6.230628e-21
1.353154e+02;6.229416e-21
1.353654e+02;6.228204e-21
1.354154e+02;6.226994e-21
1.354654e+02;6.225784e-21
1.355154e+02;6.224574e-21
1.355654e+02;6.223366e-21
1.356154e+02;6.222158e-21
1.356654e+02;6.220950e-21
1.357154e+02;6.219744e-21
1.357654e+02;6.218538e-21
1.358154e+02;6.217333e-21
1.358654e+02;6.216128e-21
1.359154e+02;6.214924e-21
1.359654e+02;6.213721e-21
1.360154e+02;6.212519e-21
1.360654e+02;6.211317e-21
1.361154e+02;6.210116e-21
1.361654e+02;6.208915e-21
1.362154e+02;6.207716e-21
1.362655e+02;6.206517e-21
1.363155e+02;6.205318e-21
1.363655e+02;6.204120e-21
1.364155e+02;6.202923e-21
1.364655e+02;6.201727e-21
1.365155e+02;6.200531e-21
1.365655e+02;6.199336e-21
1.366155e+02;6.198142e-21
1.366655e+02;6.196948e-21
1.367155e+02;6.195755e-21
1.367655e+02;6.194563e-21
1.368155e+02;6.193371e-21
1.368655e+02;6.192180e-21
1.369155e+02;6.190989e-21
1.369655e+02;6.189800e-21
1.370155e+02;6.188611e-21
1.370655e+02;6.187422e-21
1.371155e+02;6.186234e-21
1.371655e+02;6.185047e-21
1.372155e+02;6.183861e-21
1.372655e+02;6.182675e-21
1.373155e+02;6.181490e-21
1.373655e+02;6.180306e-21
1.374155e+02;6.179122e-21
1.374655e+02;6.177939e-21
1.375155e+02;6.176756e-21
1.375655e+02;6.175574e-21
1.376155e+02;6.174393e-21
1.376655e+02;6.173213e-21
1.377155e+02;6.172033e-21
1.377655e+02;6.170854e-21
1.378155e+02;6.169675e-21
1.378655e+02;6.168497e-21
1.379155e+02;6.167320e-21
1.379655e+02;6.166143e-21
1.380155e+02;6.164967e-21
1.380655e+02;6.163792e-21
1.381155e+02;6.162617e-21
1.381655e+02;6.161443e-21
1.382155e+02;6.160270e-21
1.382655e+02;6.159097e-21
1.383155e+02;6.157925e-21
1.383655e+02;6.156754e-21
1.384155e+02;6.155583e-21
1.384655e+02;6.154413e-21
1.385155e+02;6.153243e-21
1.385655e+02;6.152075e-21
1.386155e+02;6.150906e-21
1.386655e+02;6.149739e-21
1.387155e+02;6.148572e-21
1.387656e+02;6.147406e-21
1.388156e+02;6.146240e-21
1.388656e+02;6.145075e-21
1.389156e+02;6.143911e-21
1.389656e+02;6.142747e-21
1.390156e+02;6.141584e-21
1.390656e+02;6.140421e-21
1.391156e+02;6.139259e-21
1.391656e+02;6.138098e-21
1.392156e+02;6.136937e-21
1.392656e+02;6.135778e-21
1.393156e+02;6.134618e-21
1.393656e+02;6.133460e-21
1.394156e+02;6.132301e-21
1.394656e+02;6.131144e-21
1.395156e+02;6.129987e-21
1.395656e+02;6.128831e-21
1.396156e+02;6.127675e-21
1.396656e+02;6.126521e-21
1.397156e+02;6.125366e-21
1.397656e+02;6.124213e-21
1.398156e+02;6.123060e-21
1.398656e+02;6.121907e-21
1.399156e+02;6.120755e-21
1.399656e+02;6.119604e-21
1.400156e+02;6.118454e-21
1.400656e+02;6.117304e-21
1.401156e+02;6.116154e-21
1.401656e+02;6.115006e-21
1.402156e+02;6.113857e-21
1.402656e+02;6.112710e-21
1.403156e+02;6.111563e-21
1.403656e+02;6.110417e-21
1.404156e+02;6.109271e-21
1.404656e+02;6.108126e-21
1.405156e+02;6.106982e-21
1.405656e+02;6.105838e-21
1.406156e+02;6.104695e-21
1.406656e+02;6.103552e-21
1.407156e+02;6.102410e-21
1.407656e+02;6.101269e-21
1.408156e+02;6.100128e-21
1.408656e+02;6.098988e-21
1.409156e+02;6.097849e-21
1.409656e+02;6.096710e-21
1.410156e+02;6.095572e-21
1.410656e+02;6.094434e-21
1.411156e+02;6.093297e-21
1.411656e+02;6.092160e-21
1.412156e+02;6.091025e-21
1.412657e+02;6.089889e-21
1.413157e+02;6.088755e-21
1.413657e+02;6.087621e-21
1.414157e+02;6.086487e-21
1.414657e+02;6.085354e-21
1.415157e+02;6.084222e-21
1.415657e+02;6.083090e-21
1.416157e+02;6.081959e-21
1.416657e+02;6.080829e-21
1.417157e+02;6.079699e-21
1.417657e+02;6.078570e-21
1.418157e+02;6.077441e-21
1.418657e+02;6.076313e-21
1.419157e+02;6.075186e-21
1.419657e+02;6.074059e-21
1.420157e+02;6.072933e-21
1.420657e+02;6.071807e-21
1.421157e+02;6.070682e-21
1.421657e+02;6.069557e-21
1.422157e+02;6.068433e-21
1.422657e+02;6.067310e-21
1.423157e+02;6.066188e-21
1.423657e+02;6.065065e-21
1.424157e+02;6.063944e-21
1.424657e+02;6.062823e-21
1.425157e+02;6.061703e-21
1.425657e+02;6.060583e-21
1.426157e+02;6.059464e-21
1.426657e+02;6.058345e-21
1.427157e+02;6.057227e-21
1.427657e+02;6.056110e-21
1.428157e+02;6.054993e-21
1.428657e+02;6.053877e-21
1.429157e+02;6.052761e-21
1.429657e+02;6.051646e-21
1.430157e+02;6.050531e-21
1.430657e+02;6.049418e-21
1.431157e+02;6.048304e-21
1.431657e+02;6.047191e-21
1.432157e+02;6.046079e-21
1.432657e+02;6.044968e-21
1.433157e+02;6.043857e-21
1.433657e+02;6.042746e-21
1.434157e+02;6.041636e-21
1.434657e+02;6.040527e-21
1.435157e+02;6.039418e-21
1.435657e+02;6.038310e-21
1.436157e+02;6.037203e-21
1.436657e+02;6.036096e-21
1.437157e+02;6.034989e-21
1.437658e+02;6.033884e-21
1.438158e+02;6.032778e-21
1.438658e+02;6.031674e-21
1.439158e+02;6.030570e-21
1.439658e+02;6.029466e-21
1.440158e+02;6.028363e-21
1.440658e+02;6.027261e-21
1.441158e+02;6.026159e-21
1.441658e+02;6.025058e-21
1.442158e+02;6.023957e-21
1.442658e+02;6.022857e-21
1.443158e+02;6.021757e-21
1.443658e+02;6.020658e-21
1.444158e+02;6.019560e-21
1.444658e+02;6.018462e-21
1.445158e+02;6.017365e-21
1.445658e+02;6.016268e-21
1.446158e+02;6.015172e-21
1.446658e+02;6.014076e-21
1.447158e+02;6.012981e-21
1.447658e+02;6.011887e-21
1.448158e+02;6.010793e-21
1.448658e+02;6.009699e-21
1.449158e+02;6.008607e-21
1.449658e+02;6.007514e-21
1.450158e+02;6.006423e-21
1.450658e+02;6.005332e-21
1.451158e+02;6.004241e-21
1.451658e+02;6.003151e-21
1.452158e+02;6.002062e-21
1.452658e+02;6.000973e-21
1.453158e+02;5.999884e-21
1.453658e+02;5.998797e-21
1.454158e+02;5.997709e-21
1.454658e+02;5.996623e-21
1.455158e+02;5.995537e-21
1.455658e+02;5.994451e-21
1.456158e+02;5.993366e-21
1.456658e+02;5.992282e-21
1.457158e+02;5.991198e-21
1.457658e+02;5.990114e-21
1.458158e+02;5.989032e-21
1.458658e+02;5.987949e-21
1.459158e+02;5.986868e-21
1.459658e+02;5.985786e-21
1.460158e+02;5.984706e-21
1.460658e+02;5.983626e-21
1.461158e+02;5.982546e-21
1.461658e+02;5.981467e-21
1.462158e+02;5.980389e-21
1.462659e+02;5.979311e-21
1.463159e+02;5.978234e-21
1.463659e+02;5.977157e-21
1.464159e+02;5.976081e-21
1.464659e+02;5.975005e-21
1.465159e+02;5.973930e-21
1.465659e+02;5.972855e-21
1.466159e+02;5.971781e-21
1.466659e+02;5.970708e-21
1.467159e+02;5.969635e-21
1.467659e+02;5.968562e-21
1.468159e+02;5.967490e-21
1.468659e+02;5.966419e-21
1.469159e+02;5.965348e-21
1.469659e+02;5.964278e-21
1.470159e+02;5.963208e-21
1.470659e+02;5.962139e-21
1.471159e+02;5.961070e-21
1.471659e+02;5.960002e-21
1.472159e+02;5.958934e-21
1.472659e+02;5.957867e-21
1.473159e+02;5.956800e-21
1.473659e+02;5.955734e-21
1.474159e+02;5.954669e-21
1.474659e+02;5.953604e-21
1.475159e+02;5.952539e-21
1.475659e+02;5.951476e-21
1.476159e+02;5.950412e-21
1.476659e+02;5.949349e-21
1.477159e+02;5.948287e-21
1.477659e+02;5.947225e-21
1.478159e+02;5.946164e-21
1.478659e+02;5.945103e-21
1.479159e+02;5.944043e-21
1.479659e+02;5.942983e-21
1.480159e+02;5.941924e-21
1.480659e+02;5.940866e-21
1.481159e+02;5.939808e-21
1.481659e+02;5.938750e-21
1.482159e+02;5.937693e-21
1.482659e+02;5.936636e-21
1.483159e+02;5.935580e-21
1.483659e+02;5.934525e-21
1.484159e+02;5.933470e-21
1.484659e+02;5.932415e-21
1.485159e+02;5.931362e-21
1.485659e+02;5.930308e-21
1.486159e+02;5.929255e-21
1.486659e+02;5.928203e-21
1.487159e+02;5.927151e-21
1.487660e+02;5.926100e-21
1.488160e+02;5.925049e-21
1.488660e+02;5.923999e-21
1.489160e+02;5.922949e-21
1.489660e+02;5.921900e-21
1.490160e+02;5.920851e-21
1.490660e+02;5.919803e-21
1.491160e+02;5.918755e-21
1.491660e+02;5.917708e-21
1.492160e+02;5.916661e-21
1.492660e+02;5.915615e-21
1.493160e+02;5.914569e-21
1.493660e+02;5.913524e-21
1.494160e+02;5.912479e-21
1.494660e+02;5.911435e-21
1.495160e+02;5.910392e-21
1.495660e+02;5.909349e-21
1.496160e+02;5.908306e-21
1.496660e+02;5.907264e-21
1.497160e+02;5.906222e-21
1.497660e+02;5.905181e-21
1.498160e+02;5.904141e-21
1.498660e+02;5.903101e-21
1.499160e+02;5.902061e-21
1.499660e+02;5.901022e-21
1.500160e+02;5.899984e-21
1.500660e+02;5.898946e-21
1.501160e+02;5.897908e-21
1.501660e+02;5.896871e-21
1.502160e+02;5.895835e-21
1.502660e+02;5.894799e-21
1.503160e+02;5.893763e-21
1.503660e+02;5.892728e-21
1.504160e+02;5.891694e-21
1.504660e+02;5.890660e-21
1.505160e+02;5.889626e-21
1.505660e+02;5.888593e-21
1.506160e+02;5.887561e-21
1.506660e+02;5.886529e-21
1.507160e+02;5.885497e-21
1.507660e+02;5.884466e-21
1.508160e+02;5.883436e-21
1.508660e+02;5.882406e-21
1.509160e+02;5.881376e-21
1.509660e+02;5.880347e-21
1.510160e+02;5.879319e-21
1.510660e+02;5.878291e-21
1.511160e+02;5.877263e-21
1.511660e+02;5.876236e-21
1.512160e+02;5.875209e-21
1.512661e+02;5.874183e-21
1.513161e+02;5.873158e-21
1.513661e+02;5.872133e-21
1.514161e+02;5.871108e-21
1.514661e+02;5.870084e-21
1.515161e+02;5.869061e-21
1.515661e+02;5.868037e-21
1.516161e+02;5.867015e-21
1.516661e+02;5.865993e-21
1.517161e+02;5.864971e-21
1.517661e+02;5.863950e-21
1.518161e+02;5.862929e-21
1.518661e+02;5.861909e-21
1.519161e+02;5.860890e-21
1.519661e+02;5.859870e-21
1.520161e+02;5.858852e-21
1.520661e+02;5.857833e-21
1.521161e+02;5.856816e-21
1.521661e+02;5.855798e-21
1.522161e+02;5.854782e-21
1.522661e+02;5.853765e-21
1.523161e+02;5.852750e-21
1.523661e+02;5.851734e-21
1.524161e+02;5.850720e-21
1.524661e+02;5.849705e-21
1.525161e+02;5.848691e-21
1.525661e+02;5.847678e-21
1.526161e+02;5.846665e-21
1.526661e+02;5.845653e-21
1.527161e+02;5.844641e-21
1.527661e+02;5.843629e-21
1.528161e+02;5.842618e-21
1.528661e+02;5.841608e-21
1.529161e+02;5.840598e-21
1.529661e+02;5.839588e-21
1.530161e+02;5.838579e-21
1.530661e+02;5.837571e-21
1.531161e+02;5.836562e-21
1.531661e+02;5.835555e-21
1.532161e+02;5.834548e-21
1.532661e+02;5.833541e-21
1.533161e+02;5.832535e-21
1.533661e+02;5.831529e-21
1.534161e+02;5.830524e-21
1.534661e+02;5.829519e-21
1.535161e+02;5.828515e-21
1.535661e+02;5.827511e-21
1.536161e+02;5.826508e-21
1.536661e+02;5.825505e-21
1.537161e+02;5.824502e-21
1.537662e+02;5.823500e-21
1.538162e+02;5.822499e-21
1.538662e+02;5.821498e-21
1.539162e+02;5.820497e-21
1.539662e+02;5.819497e-21
1.540162e+02;5.818498e-21
1.540662e+02;5.817498e-21
1.541162e+02;5.816500e-21
1.541662e+02;5.815501e-21
1.542162e+02;5.814504e-21
1.542662e+02;5.813506e-21
1.543162e+02;5.812510e-21
1.543662e+02;5.811513e-21
1.544162e+02;5.810517e-21
1.544662e+02;5.809522e-21
1.545162e+02;5.808527e-21
1.545662e+02;5.807533e-21
1.546162e+02;5.806539e-21
1.546662e+02;5.805545e-21
1.547162e+02;5.804552e-21
1.547662e+02;5.803559e-21
1.548162e+02;5.802567e-21
1.548662e+02;5.801575e-21
1.549162e+02;5.800584e-21
1.549662e+02;5.799593e-21
1.550162e+02;5.798603e-21
1.550662e+02;5.797613e-21
1.551162e+02;5.796624e-21
1.551662e+02;5.795635e-21
1.552162e+02;5.794646e-21
1.552662e+02;5.793658e-21
1.553162e+02;5.792671e-21
1.553662e+02;5.791684e-21
1.554162e+02;5.790697e-21
1.554662e+02;5.789711e-21
1.555162e+02;5.788725e-21
1.555662e+02;5.787740e-21
1.556162e+02;5.786755e-21
1.556662e+02;5.785770e-21
1.557162e+02;5.784787e-21
1.557662e+02;5.783803e-21
1.558162e+02;5.782820e-21
1.558662e+02;5.781837e-21
1.559162e+02;5.780855e-21
1.559662e+02;5.779874e-21
1.560162e+02;5.778892e-21
1.560662e+02;5.777912e-21
1.561162e+02;5.776931e-21
1.561662e+02;5.775951e-21
1.562162e+02;5.774972e-21
1.562663e+02;5.773993e-21
1.563163e+02;5.773015e-21
1.563663e+02;5.772036e-21
1.564163e+02;5.771059e-21
1.564663e+02;5.770082e-21
1.565163e+02;5.769105e-21
1.565663e+02;5.768129e-21
1.566163e+02;5.767153e-21
1.566663e+02;5.766177e-21
1.567163e+02;5.765202e-21
1.567663e+02;5.764228e-21
1.568163e+02;5.763254e-21
1.568663e+02;5.762280e-21
1.569163e+02;5.761307e-21
1.569663e+02;5.760334e-21
1.570163e+02;5.759362e-21
1.570663e+02;5.758390e-21
1.571163e+02;5.757419e-21
1.571663e+02;5.756448e-21
1.572163e+02;5.755477e-21
1.572663e+02;5.754507e-21
1.573163e+02;5.753538e-21
1.573663e+02;5.752569e-21
1.574163e+02;5.751600e-21
1.574663e+02;5.750632e-21
1.575163e+02;5.749664e-21
1.575663e+02;5.748696e-21
1.576163e+02;5.747729e-21
1.576663e+02;5.746763e-21
1.577163e+02;5.745797e-21
1.577663e+02;5.744831e-21
1.578163e+02;5.743866e-21
1.578663e+02;5.742901e-21
1.579163e+02;5.741937e-21
1.579663e+02;5.740973e-21
1.580163e+02;5.740009e-21
1.580663e+02;5.739046e-21
1.581163e+02;5.738083e-21
1.581663e+02;5.737121e-21
1.582163e+02;5.736159e-21
1.582663e+02;5.735198e-21
1.583163e+02;5.734237e-21
1.583663e+02;5.733277e-21
1.584163e+02;5.732317e-21
1.584663e+02;5.731357e-21
1.585163e+02;5.730398e-21
1.585663e+02;5.729439e-21
1.586163e+02;5.728481e-21
1.586663e+02;5.727523e-21
1.587163e+02;5.726566e-21
1.587664e+02;5.725609e-21
1.588164e+02;5.724652e-21
1.588664e+02;5.723696e-21
1.589164e+02;5.722740e-21
1.589664e+02;5.721785e-21
1.590164e+02;5.720830e-21
1.590664e+02;5.719876e-21
1.591164e+02;5.718921e-21
1.591664e+02;5.717968e-21
1.592164e+02;5.717015e-21
1.592664e+02;5.716062e-21
1.593164e+02;5.715110e-21
1.593664e+02;5.714158e-21
1.594164e+02;5.713206e-21
1.594664e+02;5.712255e-21
1.595164e+02;5.711305e-21
1.595664e+02;5.710354e-21
1.596164e+02;5.709405e-21
1.596664e+02;5.708455e-21
1.597164e+02;5.707506e-21
1.597664e+02;5.706558e-21
1.598164e+02;5.705610e-21
1.598664e+02;5.704662e-21
1.599164e+02;5.703715e-21
1.599664e+02;5.702768e-21
1.600164e+02;5.701822e-21
1.600664e+02;5.700876e-21
1.601164e+02;5.699930e-21
1.601664e+02;5.698985e-21
1.602164e+02;5.698040e-21
1.602664e+02;5.697096e-21
1.603164e+02;5.696152e-21
1.603664e+02;5.695209e-21
1.604164e+02;5.694266e-21
1.604664e+02;5.693323e-21
1.605164e+02;5.692381e-21
1.605664e+02;5.691439e-21
1.606164e+02;5.690498e-21
1.606664e+02;5.689557e-21
1.607164e+02;5.688616e-21
1.607664e+02;5.687676e-21
1.608164e+02;5.686736e-21
1.608664e+02;5.685797e-21
1.609164e+02;5.684858e-21
1.609664e+02;5.683919e-21
1.610164e+02;5.682981e-21
1.610664e+02;5.682044e-21
1.611164e+02;5.681106e-21
1.611664e+02;5.680170e-21
1.612164e+02;5.679233e-21
1.612665e+02;5.678297e-21
1.613165e+02;5.677362e-21
1.613665e+02;5.676426e-21
1.614165e+02;5.675492e-21
1.614665e+02;5.674557e-21
1.615165e+02;5.673623e-21
1.615665e+02;5.672690e-21
1.616165e+02;5.671756e-21
1.616665e+02;5.670824e-21
1.617165e+02;5.669891e-21
1.617665e+02;5.668959e-21
1.618165e+02;5.668028e-21
1.618665e+02;5.667097e-21
1.619165e+02;5.666166e-21
1.619665e+02;5.665236e-21
1.620165e+02;5.664306e-21
1.620665e+02;5.663376e-21
1.621165e+02;5.662447e-21
1.621665e+02;5.661519e-21
1.622165e+02;5.660590e-21
1.622665e+02;5.659663e-21
1.623165e+02;5.658735e-21
1.623665e+02;5.657808e-21
1.624165e+02;5.656881e-21
1.624665e+02;5.655955e-21
1.625165e+02;5.655029e-21
1.625665e+02;5.654104e-21
1.626165e+02;5.653179e-21
1.626665e+02;5.652254e-21
1.627165e+02;5.651330e-21
1.627665e+02;5.650406e-21
1.628165e+02;5.649482e-21
1.628665e+02;5.648559e-21
1.629165e+02;5.647637e-21
1.629665e+02;5.646714e-21
1.630165e+02;5.645793e-21
1.630665e+02;5.644871e-21
1.631165e+02;5.643950e-21
1.631665e+02;5.643029e-21
1.632165e+02;5.642109e-21
1.632665e+02;5.641189e-21
1.633165e+02;5.640270e-21
1.633665e+02;5.639351e-21
1.634165e+02;5.638432e-21
1.634665e+02;5.637514e-21
1.635165e+02;5.636596e-21
1.635665e+02;5.635678e-21
1.636165e+02;5.634761e-21
1.636665e+02;5.633845e-21
1.637165e+02;5.632928e-21
1.637666e+02;5.632012e-21
1.638166e+02;5.631097e-21
1.638666e+02;5.630182e-21
1.639166e+02;5.629267e-21
1.639666e+02;5.628353e-21
1.640166e+02;5.627439e-21
1.640666e+02;5.626525e-21
1.641166e+02;5.625612e-21
1.641666e+02;5.624699e-21
1.642166e+02;5.623787e-21
1.642666e+02;5.622875e-21
1.643166e+02;5.621963e-21
1.643666e+02;5.621052e-21
1.644166e+02;5.620141e-21
1.644666e+02;5.619231e-21
1.645166e+02;5.618321e-21
1.645666e+02;5.617411e-21
1.646166e+02;5.616502e-21
1.646666e+02;5.615593e-21
1.647166e+02;5.614684e-21
1.647666e+02;5.613776e-21
1.648166e+02;5.612868e-21
1.648666e+02;5.611961e-21
1.649166e+02;5.611054e-21
1.649666e+02;5.610148e-21
1.650166e+02;5.609241e-21
1.650666e+02;5.608336e-21
1.651166e+02;5.607430e-21
1.651666e+02;5.606525e-21
1.652166e+02;5.605620e-21
1.652666e+02;5.604716e-21
1.653166e+02;5.603812e-21
1.653666e+02;5.602909e-21
1.654166e+02;5.602006e-21
1.654666e+02;5.601103e-21
1.655166e+02;5.600201e-21
1.655666e+02;5.599299e-21
1.656166e+02;5.598397e-21
1.656666e+02;5.597496e-21
1.657166e+02;5.596595e-21
1.657666e+02;5.595695e-21
1.658166e+02;5.594794e-21
1.658666e+02;5.593895e-21
1.659166e+02;5.592996e-21
1.659666e+02;5.592097e-21
1.660166e+02;5.591198e-21
1.660666e+02;5.590300e-21
1.661166e+02;5.589402e-21
1.661666e+02;5.588505e-21
1.662166e+02;5.587608e-21
1.662667e+02;5.586711e-21
1.663167e+02;5.585815e-21
1.663667e+02;5.584919e-21
1.664167e+02;5.584023e-21
1.664667e+02;5.583128e-21
1.665167e+02;5.582233e-21
1.665667e+02;5.581339e-21
1.666167e+02;5.580445e-21
1.666667e+02;5.579551e-21
1.667167e+02;5.578658e-21
1.667667e+02;5.577765e-21
1.668167e+02;5.576873e-21
1.668667e+02;5.575980e-21
1.669167e+02;5.575089e-21
1.669667e+02;5.574197e-21
1.670167e+02;5.573306e-21
1.670667e+02;5.572416e-21
1.671167e+02;5.571525e-21
1.671667e+02;5.570635e-21
1.672167e+02;5.569746e-21
1.672667e+02;5.568857e-21
1.673167e+02;5.567968e-21
1.673667e+02;5.567079e-21
1.674167e+02;5.566191e-21
1.674667e+02;5.565304e-21
1.675167e+02;5.564416e-21
1.675667e+02;5.563529e-21
1.676167e+02;5.562643e-21
1.676667e+02;5.561757e-21
1.677167e+02;5.560871e-21
1.677667e+02;5.559985e-21
1.678167e+02;5.559100e-21
1.678667e+02;5.558215e-21
1.679167e+02;5.557331e-21
1.679667e+02;5.556447e-21
1.680167e+02;5.555563e-21
1.680667e+02;5.554680e-21
1.681167e+02;5.553797e-21
1.681667e+02;5.552915e-21
1.682167e+02;5.552032e-21
1.682667e+02;5.551151e-21
1.683167e+02;5.550269e-21
1.683667e+02;5.549388e-21
1.684167e+02;5.548507e-21
1.684667e+02;5.547627e-21
1.685167e+02;5.546747e-21
1.685667e+02;5.545867e-21
1.686167e+02;5.544988e-21
1.686667e+02;5.544109e-21
1.687167e+02;5.543231e-21
1.687668e+02;5.542352e-21
1.688168e+02;5.541475e-21
1.688668e+02;5.540597e-21
1.689168e+02;5.539720e-21
1.689668e+02;5.538843e-21
1.690168e+02;5.537967e-21
1.690668e+02;5.537091e-21
1.691168e+02;5.536215e-21
1.691668e+02;5.535340e-21
1.692168e+02;5.534465e-21
1.692668e+02;5.533591e-21
1.693168e+02;5.532716e-21
1.693668e+02;5.531842e-21
1.694168e+02;5.530969e-21
1.694668e+02;5.530096e-21
1.695168e+02;5.529223e-21
1.695668e+02;5.528351e-21
1.696168e+02;5.527479e-21
1.696668e+02;5.526607e-21
1.697168e+02;5.525735e-21
1.697668e+02;5.524864e-21
1.698168e+02;5.523994e-21
1.698668e+02;5.523124e-21
1.699168e+02;5.522254e-21
1.699668e+02;5.521384e-21
1.700168e+02;5.520515e-21
1.700668e+02;5.519646e-21
1.701168e+02;5.518777e-21
1.701668e+02;5.517909e-21
1.702168e+02;5.517041e-21
1.702668e+02;5.516174e-21
1.703168e+02;5.515307e-21
1.703668e+02;5.514440e-21
1.704168e+02;5.513574e-21
1.704668e+02;5.512708e-21
1.705168e+02;5.511842e-21
1.705668e+02;5.510977e-21
1.706168e+02;5.510112e-21
1.706668e+02;5.509247e-21
1.707168e+02;5.508383e-21
1.707668e+02;5.507519e-21
1.708168e+02;5.506655e-21
1.708668e+02;5.505792e-21
1.709168e+02;5.504929e-21
1.709668e+02;5.504067e-21
1.710168e+02;5.503205e-21
1.710668e+02;5.502343e-21
1.711168e+02;5.501481e-21
1.711668e+02;5.500620e-21
1.712168e+02;5.499759e-21
1.712669e+02;5.498899e-21
1.713169e+02;5.498039e-21
1.713669e+02;5.497179e-21
1.714169e+02;5.496320e-21
1.714669e+02;5.495461e-21
1.715169e+02;5.494602e-21
1.715669e+02;5.493744e-21
1.716169e+02;5.492886e-21
1.716669e+02;5.492028e-21
1.717169e+02;5.491171e-21
1.717669e+02;5.490314e-21
1.718169e+02;5.489457e-21
1.718669e+02;5.488601e-21
1.719169e+02;5.487745e-21
1.719669e+02;5.486889e-21
1.720169e+02;5.486034e-21
1.720669e+02;5.485179e-21
1.721169e+02;5.484324e-21
1.721669e+02;5.483470e-21
1.722169e+02;5.482616e-21
1.722669e+02;5.481763e-21
1.723169e+02;5.480910e-21
1.723669e+02;5.480057e-21
1.724169e+02;5.479204e-21
1.724669e+02;5.478352e-21
1.725169e+02;5.477500e-21
1.725669e+02;5.476649e-21
1.726169e+02;5.475798e-21
1.726669e+02;5.474947e-21
1.727169e+02;5.474096e-21
1.727669e+02;5.473246e-21
1.728169e+02;5.472396e-21
1.728669e+02;5.471547e-21
1.729169e+02;5.470698e-21
1.729669e+02;5.469849e-21
1.730169e+02;5.469001e-21
1.730669e+02;5.468153e-21
1.731169e+02;5.467305e-21
1.731669e+02;5.466457e-21
1.732169e+02;5.465610e-21
1.732669e+02;5.464764e-21
1.733169e+02;5.463917e-21
1.733669e+02;5.463071e-21
1.734169e+02;5.462225e-21
1.734669e+02;5.461380e-21
1.735169e+02;5.460535e-21
1.735669e+02;5.459690e-21
1.736169e+02;5.458846e-21
1.736669e+02;5.458002e-21
1.737169e+02;5.457158e-21
1.737670e+02;5.456315e-21
1.738170e+02;5.455472e-21
1.738670e+02;5.454629e-21
1.739170e+02;5.453786e-21
1.739670e+02;5.452944e-21
1.740170e+02;5.452103e-21
1.740670e+02;5.451261e-21
1.741170e+02;5.450420e-21
1.741670e+02;5.449579e-21
1.742170e+02;5.448739e-21
1.742670e+02;5.447899e-21
1.743170e+02;5.447059e-21
1.743670e+02;5.446220e-21
1.744170e+02;5.445381e-21
1.744670e+02;5.444542e-21
1.745170e+02;5.443704e-21
1.745670e+02;5.442866e-21
1.746170e+02;5.442028e-21
1.746670e+02;5.441191e-21
1.747170e+02;5.440353e-21
1.747670e+02;5.439517e-21
1.748170e+02;5.438680e-21
1.748670e+02;5.437844e-21
1.749170e+02;5.437008e-21
1.749670e+02;5.436173e-21
1.750170e+02;5.435338e-21
1.750670e+02;5.434503e-21
1.751170e+02;5.433669e-21
1.751670e+02;5.432835e-21
1.752170e+02;5.432001e-21
1.752670e+02;5.431167e-21
1.753170e+02;5.430334e-21
1.753670e+02;5.429501e-21
1.754170e+02;5.428669e-21
1.754670e+02;5.427837e-21
1.755170e+02;5.427005e-21
1.755670e+02;5.426173e-21
1.756170e+02;5.425342e-21
1.756670e+02;5.424511e-21
1.757170e+02;5.423681e-21
1.757670e+02;5.422850e-21
1.758170e+02;5.422021e-21
1.758670e+02;5.421191e-21
1.759170e+02;5.420362e-21
1.759670e+02;5.419533e-21
1.760170e+02;5.418704e-21
1.760670e+02;5.417876e-21
1.761170e+02;5.417048e-21
1.761670e+02;5.416220e-21
1.762170e+02;5.415393e-21
1.762671e+02;5.414566e-21
1.763171e+02;5.413739e-21
1.763671e+02;5.412913e-21
1.764171e+02;5.412087e-21
1.764671e+02;5.411261e-21
1.765171e+02;5.410436e-21
1.765671e+02;5.409611e-21
1.766171e+02;5.408786e-21
1.766671e+02;5.407962e-21
1.767171e+02;5.407138e-21
1.767671e+02;5.406314e-21
1.768171e+02;5.405490e-21
1.768671e+02;5.404667e-21
1.769171e+02;5.403845e-21
1.769671e+02;5.403022e-21
1.770171e+02;5.402200e-21
1.770671e+02;5.401378e-21
1.771171e+02;5.400556e-21
1.771671e+02;5.399735e-21
1.772171e+02;5.398914e-21
1.772671e+02;5.398094e-21
1.773171e+02;5.397273e-21
1.773671e+02;5.396453e-21
1.774171e+02;5.395634e-21
1.774671e+02;5.394814e-21
1.775171e+02;5.393995e-21
1.775671e+02;5.393177e-21
1.776171e+02;5.392358e-21
1.776671e+02;5.391540e-21
1.777171e+02;5.390723e-21
1.777671e+02;5.389905e-21
1.778171e+02;5.389088e-21
1.778671e+02;5.388271e-21
1.779171e+02;5.387455e-21
1.779671e+02;5.386638e-21
1.780171e+02;5.385823e-21
1.780671e+02;5.385007e-21
1.781171e+02;5.384192e-21
1.781671e+02;5.383377e-21
1.782171e+02;5.382562e-21
1.782671e+02;5.381748e-21
1.783171e+02;5.380934e-21
1.783671e+02;5.380120e-21
1.784171e+02;5.379307e-21
1.784671e+02;5.378494e-21
1.785171e+02;5.377681e-21
1.785671e+02;5.376869e-21
1.786171e+02;5.376057e-21
1.786671e+02;5.375245e-21
1.787171e+02;5.374433e-21
1.787672e+02;5.373622e-21
1.788172e+02;5.372811e-21
1.788672e+02;5.372001e-21
1.789172e+02;5.371190e-21
1.789672e+02;5.370380e-21
1.790172e+02;5.369571e-21
1.790672e+02;5.368761e-21
1.791172e+02;5.367952e-21
1.791672e+02;5.367144e-21
1.792172e+02;5.366335e-21
1.792672e+02;5.365527e-21
1.793172e+02;5.364719e-21
1.793672e+02;5.363912e-21
1.794172e+02;5.363105e-21
1.794672e+02;5.362298e-21
1.795172e+02;5.361491e-21
1.795672e+02;5.360685e-21
1.796172e+02;5.359879e-21
1.796672e+02;5.359073e-21
1.797172e+02;5.358268e-21
1.797672e+02;5.357463e-21
1.798172e+02;5.356658e-21
1.798672e+02;5.355854e-21
1.799172e+02;5.355050e-21
1.799672e+02;5.354246e-21
1.800172e+02;5.353442e-21
1.800672e+02;5.352639e-21
1.801172e+02;5.351836e-21
1.801672e+02;5.351034e-21
1.802172e+02;5.350231e-21
1.802672e+02;5.349429e-21
1.803172e+02;5.348628e-21
1.803672e+02;5.347826e-21
1.804172e+02;5.347025e-21
1.804672e+02;5.346224e-21
1.805172e+02;5.345424e-21
1.805672e+02;5.344624e-21
1.806172e+02;5.343824e-21
1.806672e+02;5.343024e-21
1.807172e+02;5.342225e-21
1.807672e+02;5.341426e-21
1.808172e+02;5.340627e-21
1.808672e+02;5.339829e-21
1.809172e+02;5.339031e-21
1.809672e+02;5.338233e-21
1.810172e+02;5.337436e-21
1.810672e+02;5.336638e-21
1.811172e+02;5.335842e-21
1.811672e+02;5.335045e-21
1.812172e+02;5.334249e-21
1.812673e+02;5.333453e-21
1.813173e+02;5.332657e-21
1.813673e+02;5.331862e-21
1.814173e+02;5.331067e-21
1.814673e+02;5.330272e-21
1.815173e+02;5.329477e-21
1.815673e+02;5.328683e-21
1.816173e+02;5.327889e-21
1.816673e+02;5.327096e-21
1.817173e+02;5.326302e-21
1.817673e+02;5.325509e-21
1.818173e+02;5.324717e-21
1.818673e+02;5.323924e-21
1.819173e+02;5.323132e-21
1.819673e+02;5.322340e-21
1.820173e+02;5.321549e-21
1.820673e+02;5.320758e-21
1.821173e+02;5.319967e-21
1.821673e+02;5.319176e-21
1.822173e+02;5.318386e-21
1.822673e+02;5.317596e-21
1.823173e+02;5.316806e-21
1.823673e+02;5.316016e-21
1.824173e+02;5.315227e-21
1.824673e+02;5.314438e-21
1.825173e+02;5.313650e-21
1.825673e+02;5.312862e-21
1.826173e+02;5.312074e-21
1.826673e+02;5.311286e-21
1.827173e+02;5.310498e-21
1.827673e+02;5.309711e-21
1.828173e+02;5.308925e-21
1.828673e+02;5.308138e-21
1.829173e+02;5.307352e-21
1.829673e+02;5.306566e-21
1.830173e+02;5.305780e-21
1.830673e+02;5.304995e-21
1.831173e+02;5.304210e-21
1.831673e+02;5.303425e-21
1.832173e+02;5.302641e-21
1.832673e+02;5.301856e-21
1.833173e+02;5.301072e-21
1.833673e+02;5.300289e-21
1.834173e+02;5.299505e-21
1.834673e+02;5.298722e-21
1.835173e+02;5.297940e-21
1.835673e+02;5.297157e-21
1.836173e+02;5.296375e-21
1.836673e+02;5.295593e-21
1.837173e+02;5.294812e-21
1.837674e+02;5.294030e-21
1.838174e+02;5.293249e-21
1.838674e+02;5.292469e-21
1.839174e+02;5.291688e-21
1.839674e+02;5.290908e-21
1.840174e+02;5.290128e-21
1.840674e+02;5.289349e-21
1.841174e+02;5.288569e-21
1.841674e+02;5.287790e-21
1.842174e+02;5.287012e-21
1.842674e+02;5.286233e-21
1.843174e+02;5.285455e-21
1.843674e+02;5.284677e-21
1.844174e+02;5.283899e-21
1.844674e+02;5.283122e-21
1.845174e+02;5.282345e-21
1.845674e+02;5.281568e-21
1.846174e+02;5.280792e-21
1.846674e+02;5.280016e-21
1.847174e+02;5.279240e-21
1.847674e+02;5.278464e-21
1.848174e+02;5.277689e-21
1.848674e+02;5.276914e-21
1.849174e+02;5.276139e-21
1.849674e+02;5.275365e-21
1.850174e+02;5.274591e-21
1.850674e+02;5.273817e-21
1.851174e+02;5.273043e-21
1.851674e+02;5.272270e-21
1.852174e+02;5.271497e-21
1.852674e+02;5.270724e-21
1.853174e+02;5.269952e-21
1.853674e+02;5.269180e-21
1.854174e+02;5.268408e-21
1.854674e+02;5.267636e-21
1.855174e+02;5.266865e-21
1.855674e+02;5.266094e-21
1.856174e+02;5.265323e-21
1.856674e+02;5.264552e-21
1.857174e+02;5.263782e-21
1.857674e+02;5.263012e-21
1.858174e+02;5.262243e-21
1.858674e+02;5.261473e-21
1.859174e+02;5.260704e-21
1.859674e+02;5.259935e-21
1.860174e+02;5.259167e-21
1.860674e+02;5.258399e-21
1.861174e+02;5.257631e-21
1.861674e+02;5.256863e-21
1.862174e+02;5.256095e-21
1.862675e+02;5.255328e-21
1.863175e+02;5.254561e-21
1.863675e+02;5.253795e-21
1.864175e+02;5.253029e-21
1.864675e+02;5.252263e-21
1.865175e+02;5.251497e-21
1.865675e+02;5.250731e-21
1.866175e+02;5.249966e-21
1.866675e+02;5.249201e-21
1.867175e+02;5.248437e-21
1.867675e+02;5.247672e-21
1.868175e+02;5.246908e-21
1.868675e+02;5.246144e-21
1.869175e+02;5.245381e-21
1.869675e+02;5.244617e-21
1.870175e+02;5.243854e-21
1.870675e+02;5.243092e-21
1.871175e+02;5.242329e-21
1.871675e+02;5.241567e-21
1.872175e+02;5.240805e-21
1.872675e+02;5.240044e-21
1.873175e+02;5.239282e-21
1.873675e+02;5.238521e-21
1.874175e+02;5.237760e-21
1.874675e+02;5.237000e-21
1.875175e+02;5.236240e-21
1.875675e+02;5.235480e-21
1.876175e+02;5.234720e-21
1.876675e+02;5.233961e-21
1.877175e+02;5.233201e-21
1.877675e+02;5.232443e-21
1.878175e+02;5.231684e-21
1.878675e+02;5.230926e-21
1.879175e+02;5.230168e-21
1.879675e+02;5.229410e-21
1.880175e+02;5.228652e-21
1.880675e+02;5.227895e-21
1.881175e+02;5.227138e-21
1.881675e+02;5.226381e-21
1.882175e+02;5.225625e-21
1.882675e+02;5.224869e-21
1.883175e+02;5.224113e-21
1.883675e+02;5.223357e-21
1.884175e+02;5.222602e-21
1.884675e+02;5.221847e-21
1.885175e+02;5.221092e-21
1.885675e+02;5.220337e-21
1.886175e+02;5.219583e-21
1.886675e+02;5.218829e-21
1.887175e+02;5.218075e-21
1.887676e+02;5.217322e-21
1.888176e+02;5.216569e-21
1.888676e+02;5.215816e-21
1.889176e+02;5.215063e-21
1.889676e+02;5.214311e-21
1.890176e+02;5.213559e-21
1.890676e+02;5.212807e-21
1.891176e+02;5.212055e-21
1.891676e+02;5.211304e-21
1.892176e+02;5.210553e-21
1.892676e+02;5.209802e-21
1.893176e+02;5.209051e-21
1.893676e+02;5.208301e-21
1.894176e+02;5.207551e-21
1.894676e+02;5.206802e-21
1.895176e+02;5.206052e-21
1.895676e+02;5.205303e-21
1.896176e+02;5.204554e-21
1.896676e+02;5.203805e-21
1.897176e+02;5.203057e-21
1.897676e+02;5.202309e-21
1.898176e+02;5.201561e-21
1.898676e+02;5.200813e-21
1.899176e+02;5.200066e-21
1.899676e+02;5.199319e-21
1.900176e+02;5.198572e-21
1.900676e+02;5.197826e-21
1.901176e+02;5.197079e-21
1.901676e+02;5.196333e-21
1.902176e+02;5.195588e-21
1.902676e+02;5.194842e-21
1.903176e+02;5.194097e-21
1.903676e+02;5.193352e-21
1.904176e+02;5.192607e-21
1.904676e+02;5.191863e-21
1.905176e+02;5.191119e-21
1.905676e+02;5.190375e-21
1.906176e+02;5.189631e-21
1.906676e+02;5.188888e-21
1.907176e+02;5.188145e-21
1.907676e+02;5.187402e-21
1.908176e+02;5.186659e-21
1.908676e+02;5.185917e-21
1.909176e+02;5.185175e-21
1.909676e+02;5.184433e-21
1.910176e+02;5.183691e-21
1.910676e+02;5.182950e-21
1.911176e+02;5.182209e-21
1.911676e+02;5.181468e-21
1.912176e+02;5.180728e-21
1.912677e+02;5.179987e-21
1.913177e+02;5.179248e-21
1.913677e+02;5.178508e-21
1.914177e+02;5.177768e-21
1.914677e+02;5.177029e-21
1.915177e+02;5.176290e-21
1.915677e+02;5.175551e-21
1.916177e+02;5.174813e-21
1.916677e+02;5.174075e-21
1.917177e+02;5.173337e-21
1.917677e+02;5.172599e-21
1.918177e+02;5.171862e-21
1.918677e+02;5.171125e-21
1.919177e+02;5.170388e-21
1.919677e+02;5.169651e-21
1.920177e+02;5.168915e-21
1.920677e+02;5.168179e-21
1.921177e+02;5.167443e-21
1.921677e+02;5.166707e-21
1.922177e+02;5.165972e-21
1.922677e+02;5.165237e-21
1.923177e+02;5.164502e-21
1.923677e+02;5.163767e-21
1.924177e+02;5.163033e-21
1.924677e+02;5.162299e-21
1.925177e+02;5.161565e-21
1.925677e+02;5.160832e-21
1.926177e+02;5.160098e-21
1.926677e+02;5.159365e-21
1.927177e+02;5.158633e-21
1.927677e+02;5.157900e-21
1.928177e+02;5.157168e-21
1.928677e+02;5.156436e-21
1.929177e+02;5.155704e-21
1.929677e+02;5.154973e-21
1.930177e+02;5.154241e-21
1.930677e+02;5.153510e-21
1.931177e+02;5.152780e-21
1.931677e+02;5.152049e-21
1.932177e+02;5.151319e-21
1.932677e+02;5.150589e-21
1.933177e+02;5.149859e-21
1.933677e+02;5.149130e-21
1.934177e+02;5.148400e-21
1.934677e+02;5.147671e-21
1.935177e+02;5.146943e-21
1.935677e+02;5.146214e-21
1.936177e+02;5.145486e-21
1.936677e+02;5.144758e-21
1.937177e+02;5.144030e-21
1.937678e+02;5.143303e-21
1.938178e+02;5.142576e-21
1.938678e+02;5.141849e-21
1.939178e+02;5.141122e-21
1.939678e+02;5.140395e-21
1.940178e+02;5.139669e-21
1.940678e+02;5.138943e-21
1.941178e+02;5.138218e-21
1.941678e+02;5.137492e-21
1.942178e+02;5.136767e-21
1.942678e+02;5.136042e-21
1.943178e+02;5.135317e-21
1.943678e+02;5.134593e-21
1.944178e+02;5.133869e-21
1.944678e+02;5.133145e-21
1.945178e+02;5.132421e-21
1.945678e+02;5.131697e-21
1.946178e+02;5.130974e-21
1.946678e+02;5.130251e-21
1.947178e+02;5.129529e-21
1.947678e+02;5.128806e-21
1.948178e+02;5.128084e-21
1.948678e+02;5.127362e-21
1.949178e+02;5.126640e-21
1.949678e+02;5.125919e-21
1.950178e+02;5.125197e-21
1.950678e+02;5.124476e-21
1.951178e+02;5.123756e-21
1.951678e+02;5.123035e-21
1.952178e+02;5.122315e-21
1.952678e+02;5.121595e-21
1.953178e+02;5.120875e-21
1.953678e+02;5.120156e-21
1.954178e+02;5.119436e-21
1.954678e+02;5.118717e-21
1.955178e+02;5.117999e-21
1.955678e+02;5.117280e-21
1.956178e+02;5.116562e-21
1.956678e+02;5.115844e-21
1.957178e+02;5.115126e-21
1.957678e+02;5.114409e-21
1.958178e+02;5.113691e-21
1.958678e+02;5.112974e-21
1.959178e+02;5.112257e-21
1.959678e+02;5.111541e-21
1.960178e+02;5.110825e-21
1.960678e+02;5.110109e-21
1.961178e+02;5.109393e-21
1.961678e+02;5.108677e-21
1.962178e+02;5.107962e-21
1.962679e+02;5.107247e-21
1.963179e+02;5.106532e-21
1.963679e+02;5.105817e-21
1.964179e+02;5.105103e-21
1.964679e+02;5.104389e-21
1.965179e+02;5.103675e-21
1.965679e+02;5.102961e-21
1.966179e+02;5.102248e-21
1.966679e+02;5.101535e-21
1.967179e+02;5.100822e-21
1.967679e+02;5.100109e-21
1.968179e+02;5.099397e-21
1.968679e+02;5.098684e-21
1.969179e+02;5.097973e-21
1.969679e+02;5.097261e-21
1.970179e+02;5.096549e-21
1.970679e+02;5.095838e-21
1.971179e+02;5.095127e-21
1.971679e+02;5.094416e-21
1.972179e+02;5.093706e-21
1.972679e+02;5.092996e-21
1.973179e+02;5.092286e-21
1.973679e+02;5.091576e-21
1.974179e+02;5.090866e-21
1.974679e+02;5.090157e-21
1.975179e+02;5.089448e-21
1.975679e+02;5.088739e-21
1.976179e+02;5.088031e-21
1.976679e+02;5.087322e-21
1.977179e+02;5.086614e-21
1.977679e+02;5.085906e-21
1.978179e+02;5.085199e-21
1.978679e+02;5.084491e-21
1.979179e+02;5.083784e-21
1.979679e+02;5.083077e-21
1.980179e+02;5.082371e-21
1.980679e+02;5.081664e-21
1.981179e+02;5.080958e-21
1.981679e+02;5.080252e-21
1.982179e+02;5.079546e-21
1.982679e+02;5.078841e-21
1.983179e+02;5.078136e-21
1.983679e+02;5.077431e-21
1.984179e+02;5.076726e-21
1.984679e+02;5.076021e-21
1.985179e+02;5.075317e-21
1.985679e+02;5.074613e-21
1.986179e+02;5.073909e-21
1.986679e+02;5.073205e-21
1.987179e+02;5.072502e-21
1.987680e+02;5.071799e-21
1.988180e+02;5.071096e-21
1.988680e+02;5.070394e-21
1.989180e+02;5.069691e-21
1.989680e+02;5.068989e-21
1.990180e+02;5.068287e-21
1.990680e+02;5.067585e-21
1.991180e+02;5.066884e-21
1.991680e+02;5.066183e-21
1.992180e+02;5.065482e-21
1.992680e+02;5.064781e-21
1.993180e+02;5.064080e-21
1.993680e+02;5.063380e-21
1.994180e+02;5.062680e-21
1.994680e+02;5.061980e-21
1.995180e+02;5.061281e-21
1.995680e+02;5.060581e-21
1.996180e+02;5.059882e-21
1.996680e+02;5.059183e-21
1.997180e+02;5.058484e-21
1.997680e+02;5.057786e-21
1.998180e+02;5.057088e-21
1.998680e+02;5.056390e-21
1.999180e+02;5.055692e-21
1.999680e+02;5.054995e-21
2.000180e+02;5.054297e-21
2.000680e+02;5.053600e-21
2.001180e+02;5.052904e-21
2.001680e+02;5.052207e-21
2.002180e+02;5.051511e-21
2.002680e+02;5.050815e-21
2.003180e+02;5.050119e-21
2.003680e+02;5.049423e-21
2.004180e+02;5.048728e-21
2.004680e+02;5.048032e-21
2.005180e+02;5.047338e-21
2.005680e+02;5.046643e-21
2.006180e+02;5.045948e-21
2.006680e+02;5.045254e-21
2.007180e+02;5.044560e-21
2.007680e+02;5.043866e-21
2.008180e+02;5.043173e-21
2.008680e+02;5.042479e-21
2.009180e+02;5.041786e-21
2.009680e+02;5.041093e-21
2.010180e+02;5.040401e-21
2.010680e+02;5.039708e-21
2.011180e+02;5.039016e-21
2.011680e+02;5.038324e-21
2.012180e+02;5.037632e-21
2.012681e+02;5.036941e-21
2.013181e+02;5.036250e-21
2.013681e+02;5.035559e-21
2.014181e+02;5.034868e-21
2.014681e+02;5.034177e-21
2.015181e+02;5.033487e-21
2.015681e+02;5.032797e-21
2.016181e+02;5.032107e-21
2.016681e+02;5.031417e-21
2.017181e+02;5.030728e-21
2.017681e+02;5.030038e-21
2.018181e+02;5.029349e-21
2.018681e+02;5.028661e-21
2.019181e+02;5.027972e-21
2.019681e+02;5.027284e-21
2.020181e+02;5.026596e-21
2.020681e+02;5.025908e-21
2.021181e+02;5.025220e-21
2.021681e+02;5.024533e-21
2.022181e+02;5.023845e-21
2.022681e+02;5.023159e-21
2.023181e+02;5.022472e-21
2.023681e+02;5.021785e-21
2.024181e+02;5.021099e-21
2.024681e+02;5.020413e-21
2.025181e+02;5.019727e-21
2.025681e+02;5.019041e-21
2.026181e+02;5.018356e-21
2.026681e+02;5.017671e-21
2.027181e+02;5.016986e-21
2.027681e+02;5.016301e-21
2.028181e+02;5.015617e-21
2.028681e+02;5.014933e-21
2.029181e+02;5.014249e-21
2.029681e+02;5.013565e-21
2.030181e+02;5.012881e-21
2.030681e+02;5.012198e-21
2.031181e+02;5.011515e-21
2.031681e+02;5.010832e-21
2.032181e+02;5.010149e-21
2.032681e+02;5.009466e-21
2.033181e+02;5.008784e-21
2.033681e+02;5.008102e-21
2.034181e+02;5.007420e-21
2.034681e+02;5.006739e-21
2.035181e+02;5.006057e-21
2.035681e+02;5.005376e-21
2.036181e+02;5.004695e-21
2.036681e+02;5.004015e-21
2.037181e+02;5.003334e-21
2.037682e+02;5.002654e-21
2.038182e+02;5.001974e-21
2.038682e+02;5.001294e-21
2.039182e+02;5.000615e-21
2.039682e+02;4.999935e-21
2.040182e+02;4.999256e-21
2.040682e+02;4.998577e-21
2.041182e+02;4.997898e-21
2.041682e+02;4.997220e-21
2.042182e+02;4.996542e-21
2.042682e+02;4.995864e-21
2.043182e+02;4.995186e-21
2.043682e+02;4.994508e-21
2.044182e+02;4.993831e-21
2.044682e+02;4.993154e-21
2.045182e+02;4.992477e-21
2.045682e+02;4.991800e-21
2.046182e+02;4.991124e-21
2.046682e+02;4.990447e-21
2.047182e+02;4.989771e-21
2.047682e+02;4.989095e-21
2.048182e+02;4.988420e-21
2.048682e+02;4.987744e-21
2.049182e+02;4.987069e-21
2.049682e+02;4.986394e-21
2.050182e+02;4.985719e-21
2.050682e+02;4.985045e-21
2.051182e+02;4.984371e-21
2.051682e+02;4.983696e-21
2.052182e+02;4.983023e-21
2.052682e+02;4.982349e-21
2.053182e+02;4.981675e-21
2.053682e+02;4.981002e-21
2.054182e+02;4.980329e-21
2.054682e+02;4.979656e-21
2.055182e+02;4.978984e-21
2.055682e+02;4.978312e-21
2.056182e+02;4.977639e-21
2.056682e+02;4.976967e-21
2.057182e+02;4.976296e-21
2.057682e+02;4.975624e-21
2.058182e+02;4.974953e-21
2.058682e+02;4.974282e-21
2.059182e+02;4.973611e-21
2.059682e+02;4.972940e-21
2.060182e+02;4.972270e-21
2.060682e+02;4.971600e-21
2.061182e+02;4.970930e-21
2.061682e+02;4.970260e-21
2.062182e+02;4.969591e-21
2.062683e+02;4.968921e-21
2.063183e+02;4.968252e-21
2.063683e+02;4.967583e-21
2.064183e+02;4.966915e-21
2.064683e+02;4.966246e-21
2.065183e+02;4.965578e-21
2.065683e+02;4.964910e-21
2.066183e+02;4.964242e-21
2.066683e+02;4.963574e-21
2.067183e+02;4.962907e-21
2.067683e+02;4.962240e-21
2.068183e+02;4.961573e-21
2.068683e+02;4.960906e-21
2.069183e+02;4.960239e-21
2.069683e+02;4.959573e-21
2.070183e+02;4.958907e-21
2.070683e+02;4.958241e-21
2.071183e+02;4.957575e-21
2.071683e+02;4.956910e-21
2.072183e+02;4.956245e-21
2.072683e+02;4.955580e-21
2.073183e+02;4.954915e-21
2.073683e+02;4.954250e-21
2.074183e+02;4.953586e-21
2.074683e+02;4.952921e-21
2.075183e+02;4.952257e-21
2.075683e+02;4.951594e-21
2.076183e+02;4.950930e-21
2.076683e+02;4.950267e-21
2.077183e+02;4.949604e-21
2.077683e+02;4.948941e-21
2.078183e+02;4.948278e-21
2.078683e+02;4.947615e-21
2.079183e+02;4.946953e-21
2.079683e+02;4.946291e-21
2.080183e+02;4.945629e-21
2.080683e+02;4.944967e-21
2.081183e+02;4.944306e-21
2.081683e+02;4.943645e-21
2.082183e+02;4.942984e-21
2.082683e+02;4.942323e-21
2.083183e+02;4.941662e-21
2.083683e+02;4.941002e-21
2.084183e+02;4.940342e-21
2.084683e+02;4.939682e-21
2.085183e+02;4.939022e-21
2.085683e+02;4.938362e-21
2.086183e+02;4.937703e-21
2.086683e+02;4.937044e-21
2.087183e+02;4.936385e-21
2.087684e+02;4.935726e-21
2.088184e+02;4.935068e-21
2.088684e+02;4.934409e-21
2.089184e+02;4.933751e-21
2.089684e+02;4.933093e-21
2.090184e+02;4.932436e-21
2.090684e+02;4.931778e-21
2.091184e+02;4.931121e-21
2.091684e+02;4.930464e-21
2.092184e+02;4.929807e-21
2.092684e+02;4.929150e-21
2.093184e+02;4.928494e-21
2.093684e+02;4.927838e-21
2.094184e+02;4.927182e-21
2.094684e+02;4.926526e-21
2.095184e+02;4.925870e-21
2.095684e+02;4.925215e-21
2.096184e+02;4.924560e-21
2.096684e+02;4.923905e-21
2.097184e+02;4.923250e-21
2.097684e+02;4.922595e-21
2.098184e+02;4.921941e-21
2.098684e+02;4.921287e-21
2.099184e+02;4.920633e-21
2.099684e+02;4.919979e-21
2.100184e+02;4.919325e-21
2.100684e+02;4.918672e-21
2.101184e+02;4.918019e-21
2.101684e+02;4.917366e-21
2.102184e+02;4.916713e-21
2.102684e+02;4.916061e-21
2.103184e+02;4.915408e-21
2.103684e+02;4.914756e-21
2.104184e+02;4.914104e-21
2.104684e+02;4.913453e-21
2.105184e+02;4.912801e-21
2.105684e+02;4.912150e-21
2.106184e+02;4.911499e-21
2.106684e+02;4.910848e-21
2.107184e+02;4.910197e-21
2.107684e+02;4.909547e-21
2.108184e+02;4.908896e-21
2.108684e+02;4.908246e-21
2.109184e+02;4.907596e-21
2.109684e+02;4.906947e-21
2.110184e+02;4.906297e-21
2.110684e+02;4.905648e-21
2.111184e+02;4.904999e-21
2.111684e+02;4.904350e-21
2.112184e+02;4.903702e-21
2.112685e+02;4.903053e-21
2.113185e+02;4.902405e-21
2.113685e+02;4.901757e-21
2.114185e+02;4.901109e-21
2.114685e+02;4.900461e-21
2.115185e+02;4.899814e-21
2.115685e+02;4.899167e-21
2.116185e+02;4.898520e-21
2.116685e+02;4.897873e-21
2.117185e+02;4.897226e-21
2.117685e+02;4.896580e-21
2.118185e+02;4.895934e-21
2.118685e+02;4.895288e-21
2.119185e+02;4.894642e-21
2.119685e+02;4.893996e-21
2.120185e+02;4.893351e-21
2.120685e+02;4.892706e-21
2.121185e+02;4.892061e-21
2.121685e+02;4.891416e-21
2.122185e+02;4.890771e-21
2.122685e+02;4.890127e-21
2.123185e+02;4.889482e-21
2.123685e+02;4.888838e-21
2.124185e+02;4.888195e-21
2.124685e+02;4.887551e-21
2.125185e+02;4.886908e-21
2.125685e+02;4.886264e-21
2.126185e+02;4.885621e-21
2.126685e+02;4.884979e-21
2.127185e+02;4.884336e-21
2.127685e+02;4.883694e-21
2.128185e+02;4.883051e-21
2.128685e+02;4.882409e-21
2.129185e+02;4.881768e-21
2.129685e+02;4.881126e-21
2.130185e+02;4.880485e-21
2.130685e+02;4.879843e-21
2.131185e+02;4.879202e-21
2.131685e+02;4.878562e-21
2.132185e+02;4.877921e-21
2.132685e+02;4.877280e-21
2.133185e+02;4.876640e-21
2.133685e+02;4.876000e-21
2.134185e+02;4.875360e-21
2.134685e+02;4.874721e-21
2.135185e+02;4.874081e-21
2.135685e+02;4.873442e-21
2.136185e+02;4.872803e-21
2.136685e+02;4.872164e-21
2.137185e+02;4.871526e-21
2.137686e+02;4.870887e-21
2.138186e+02;4.870249e-21
2.138686e+02;4.869611e-21
2.139186e+02;4.868973e-21
2.139686e+02;4.868335e-21
2.140186e+02;4.867698e-21
2.140686e+02;4.867061e-21
2.141186e+02;4.866424e-21
2.141686e+02;4.865787e-21
2.142186e+02;4.865150e-21
2.142686e+02;4.864514e-21
2.143186e+02;4.863877e-21
2.143686e+02;4.863241e-21
2.144186e+02;4.862605e-21
2.144686e+02;4.861970e-21
2.145186e+02;4.861334e-21
2.145686e+02;4.860699e-21
2.146186e+02;4.860064e-21
2.146686e+02;4.859429e-21
2.147186e+02;4.858794e-21
2.147686e+02;4.858160e-21
2.148186e+02;4.857525e-21
2.148686e+02;4.856891e-21
2.149186e+02;4.856257e-21
2.149686e+02;4.855623e-21
2.150186e+02;4.854990e-21
2.150686e+02;4.854357e-21
2.151186e+02;4.853723e-21
2.151686e+02;4.853090e-21
2.152186e+02;4.852458e-21
2.152686e+02;4.851825e-21
2.153186e+02;4.851193e-21
2.153686e+02;4.850560e-21
2.154186e+02;4.849928e-21
2.154686e+02;4.849297e-21
2.155186e+02;4.848665e-21
2.155686e+02;4.848034e-21
2.156186e+02;4.847402e-21
2.156686e+02;4.846771e-21
2.157186e+02;4.846141e-21
2.157686e+02;4.845510e-21
2.158186e+02;4.844879e-21
2.158686e+02;4.844249e-21
2.159186e+02;4.843619e-21
2.159686e+02;4.842989e-21
2.160186e+02;4.842360e-21
2.160686e+02;4.841730e-21
2.161186e+02;4.841101e-21
2.161686e+02;4.840472e-21
2.162186e+02;4.839843e-21
2.162687e+02;4.839214e-21
2.163187e+02;4.838586e-21
2.163687e+02;4.837957e-21
2.164187e+02;4.837329e-21
2.164687e+02;4.836701e-21
2.165187e+02;4.836073e-21
2.165687e+02;4.835446e-21
2.166187e+02;4.834818e-21
2.166687e+02;4.834191e-21
2.167187e+02;4.833564e-21
2.167687e+02;4.832937e-21
2.168187e+02;4.832311e-21
2.168687e+02;4.831684e-21
2.169187e+02;4.831058e-21
2.169687e+02;4.830432e-21
2.170187e+02;4.829806e-21
2.170687e+02;4.829180e-21
2.171187e+02;4.828555e-21
2.171687e+02;4.827930e-21
2.172187e+02;4.827305e-21
2.172687e+02;4.826680e-21
2.173187e+02;4.826055e-21
2.173687e+02;4.825430e-21
2.174187e+02;4.824806e-21
2.174687e+02;4.824182e-21
2.175187e+02;4.823558e-21
2.175687e+02;4.822934e-21
2.176187e+02;4.822311e-21
2.176687e+02;4.821687e-21
2.177187e+02;4.821064e-21
2.177687e+02;4.820441e-21
2.178187e+02;4.819818e-21
2.178687e+02;4.819196e-21
2.179187e+02;4.818573e-21
2.179687e+02;4.817951e-21
2.180187e+02;4.817329e-21
2.180687e+02;4.816707e-21
2.181187e+02;4.816085e-21
2.181687e+02;4.815464e-21
2.182187e+02;4.814842e-21
2.182687e+02;4.814221e-21
2.183187e+02;4.813600e-21
2.183687e+02;4.812980e-21
2.184187e+02;4.812359e-21
2.184687e+02;4.811739e-21
2.185187e+02;4.811118e-21
2.185687e+02;4.810498e-21
2.186187e+02;4.809879e-21
2.186687e+02;4.809259e-21
2.187187e+02;4.808639e-21
2.187688e+02;4.808020e-21
2.188188e+02;4.807401e-21
2.188688e+02;4.806782e-21
2.189188e+02;4.806163e-21
2.189688e+02;4.805545e-21
2.190188e+02;4.804927e-21
2.190688e+02;4.804308e-21
2.191188e+02;4.803690e-21
2.191688e+02;4.803073e-21
2.192188e+02;4.802455e-21
2.192688e+02;4.801838e-21
2.193188e+02;4.801220e-21
2.193688e+02;4.800603e-21
2.194188e+02;4.799987e-21
2.194688e+02;4.799370e-21
2.195188e+02;4.798753e-21
2.195688e+02;4.798137e-21
2.196188e+02;4.797521e-21
2.196688e+02;4.796905e-21
2.197188e+02;4.796289e-21
2.197688e+02;4.795674e-21
2.198188e+02;4.795058e-21
2.198688e+02;4.794443e-21
2.199188e+02;4.793828e-21
2.199688e+02;4.793213e-21
2.200188e+02;4.792599e-21
2.200688e+02;4.791984e-21
2.201188e+02;4.791370e-21
2.201688e+02;4.790756e-21
2.202188e+02;4.790142e-21
2.202688e+02;4.789528e-21
2.203188e+02;4.788915e-21
2.203688e+02;4.788302e-21
2.204188e+02;4.787688e-21
2.204688e+02;4.787075e-21
2.205188e+02;4.786463e-21
2.205688e+02;4.785850e-21
2.206188e+02;4.785237e-21
2.206688e+02;4.784625e-21
2.207188e+02;4.784013e-21
2.207688e+02;4.783401e-21
2.208188e+02;4.782790e-21
2.208688e+02;4.782178e-21
2.209188e+02;4.781567e-21
2.209688e+02;4.780956e-21
2.210188e+02;4.780345e-21
2.210688e+02;4.779734e-21
2.211188e+02;4.779123e-21
2.211688e+02;4.778513e-21
2.212188e+02;4.777902e-21
2.212689e+02;4.777292e-21
2.213189e+02;4.776683e-21
2.213689e+02;4.776073e-21
2.214189e+02;4.775463e-21
2.214689e+02;4.774854e-21
2.215189e+02;4.774245e-21
2.215689e+02;4.773636e-21
2.216189e+02;4.773027e-21
2.216689e+02;4.772418e-21
2.217189e+02;4.771810e-21
2.217689e+02;4.771202e-21
2.218189e+02;4.770594e-21
2.218689e+02;4.769986e-21
2.219189e+02;4.769378e-21
2.219689e+02;4.768770e-21
2.220189e+02;4.768163e-21
2.220689e+02;4.767556e-21
2.221189e+02;4.766949e-21
2.221689e+02;4.766342e-21
2.222189e+02;4.765736e-21
2.222689e+02;4.765129e-21
2.223189e+02;4.764523e-21
2.223689e+02;4.763917e-21
2.224189e+02;4.763311e-21
2.224689e+02;4.762705e-21
2.225189e+02;4.762099e-21
2.225689e+02;4.761494e-21
2.226189e+02;4.760889e-21
2.226689e+02;4.760284e-21
2.227189e+02;4.759679e-21
2.227689e+02;4.759074e-21
2.228189e+02;4.758470e-21
2.228689e+02;4.757866e-21
2.229189e+02;4.757261e-21
2.229689e+02;4.756657e-21
2.230189e+02;4.756054e-21
2.230689e+02;4.755450e-21
2.231189e+02;4.754847e-21
2.231689e+02;4.754243e-21
2.232189e+02;4.753640e-21
2.232689e+02;4.753038e-21
2.233189e+02;4.752435e-21
2.233689e+02;4.751832e-21
2.234189e+02;4.751230e-21
2.234689e+02;4.750628e-21
2.235189e+02;4.750026e-21
2.235689e+02;4.749424e-21
2.236189e+02;4.748822e-21
2.236689e+02;4.748221e-21
2.237189e+02;4.747620e-21
2.237690e+02;4.747018e-21
2.238190e+02;4.746417e-21
2.238690e+02;4.745817e-21
2.239190e+02;4.745216e-21
2.239690e+02;4.744616e-21
2.240190e+02;4.744016e-21
2.240690e+02;4.743415e-21
2.241190e+02;4.742816e-21
2.241690e+02;4.742216e-21
2.242190e+02;4.741616e-21
2.242690e+02;4.741017e-21
2.243190e+02;4.740418e-21
2.243690e+02;4.739819e-21
2.244190e+02;4.739220e-21
2.244690e+02;4.738621e-21
2.245190e+02;4.738023e-21
2.245690e+02;4.737425e-21
2.246190e+02;4.736826e-21
2.246690e+02;4.736229e-21
2.247190e+02;4.735631e-21
2.247690e+02;4.735033e-21
2.248190e+02;4.734436e-21
2.248690e+02;4.733839e-21
2.249190e+02;4.733241e-21
2.249690e+02;4.732645e-21
2.250190e+02;4.732048e-21
2.250690e+02;4.731451e-21
2.251190e+02;4.730855e-21
2.251690e+02;4.730259e-21
2.252190e+02;4.729663e-21
2.252690e+02;4.729067e-21
2.253190e+02;4.728471e-21
2.253690e+02;4.727876e-21
2.254190e+02;4.727280e-21
2.254690e+02;4.726685e-21
2.255190e+02;4.726090e-21
2.255690e+02;4.725495e-21
2.256190e+02;4.724901e-21
2.256690e+02;4.724306e-21
2.257190e+02;4.723712e-21
2.257690e+02;4.723118e-21
2.258190e+02;4.722524e-21
2.258690e+02;4.721930e-21
2.259190e+02;4.721337e-21
2.259690e+02;4.720743e-21
2.260190e+02;4.720150e-21
2.260690e+02;4.719557e-21
2.261190e+02;4.718964e-21
2.261690e+02;4.718371e-21
2.262190e+02;4.717779e-21
2.262691e+02;4.717186e-21
2.263191e+02;4.716594e-21
2.263691e+02;4.716002e-21
2.264191e+02;4.715410e-21
2.264691e+02;4.714818e-21
2.265191e+02;4.714227e-21
2.265691e+02;4.713635e-21
2.266191e+02;4.713044e-21
2.266691e+02;4.712453e-21
2.267191e+02;4.711862e-21
2.267691e+02;4.711272e-21
2.268191e+02;4.710681e-21
2.268691e+02;4.710091e-21
2.269191e+02;4.709501e-21
2.269691e+02;4.708911e-21
2.270191e+02;4.708321e-21
2.270691e+02;4.707731e-21
2.271191e+02;4.707142e-21
2.271691e+02;4.706553e-21
2.272191e+02;4.705963e-21
2.272691e+02;4.705374e-21
2.273191e+02;4.704786e-21
2.273691e+02;4.704197e-21
2.274191e+02;4.703609e-21
2.274691e+02;4.703020e-21
2.275191e+02;4.702432e-21
2.275691e+02;4.701844e-21
2.276191e+02;4.701256e-21
2.276691e+02;4.700669e-21
2.277191e+02;4.700081e-21
2.277691e+02;4.699494e-21
2.278191e+02;4.698907e-21
2.278691e+02;4.698320e-21
2.279191e+02;4.697733e-21
2.279691e+02;4.697147e-21
2.280191e+02;4.696560e-21
2.280691e+02;4.695974e-21
2.281191e+02;4.695388e-21
2.281691e+02;4.694802e-21
2.282191e+02;4.694216e-21
2.282691e+02;4.693631e-21
2.283191e+02;4.693045e-21
2.283691e+02;4.692460e-21
2.284191e+02;4.691875e-21
2.284691e+02;4.691290e-21
2.285191e+02;4.690705e-21
2.285691e+02;4.690121e-21
2.286191e+02;4.689536e-21
2.286691e+02;4.688952e-21
2.287191e+02;4.688368e-21
2.287692e+02;4.687784e-21
2.288192e+02;4.687201e-21
2.288692e+02;4.686617e-21
2.289192e+02;4.686034e-21
2.289692e+02;4.685450e-21
2.290192e+02;4.684867e-21
2.290692e+02;4.684284e-21
2.291192e+02;4.683702e-21
2.291692e+02;4.683119e-21
2.292192e+02;4.682537e-21
2.292692e+02;4.681955e-21
2.293192e+02;4.681372e-21
2.293692e+02;4.680791e-21
2.294192e+02;4.680209e-21
2.294692e+02;4.679627e-21
2.295192e+02;4.679046e-21
2.295692e+02;4.678465e-21
2.296192e+02;4.677884e-21
2.296692e+02;4.677303e-21
2.297192e+02;4.676722e-21
2.297692e+02;4.676141e-21
2.298192e+02;4.675561e-21
2.298692e+02;4.674981e-21
2.299192e+02;4.674401e-21
2.299692e+02;4.673821e-21
2.300192e+02;4.673241e-21
2.300692e+02;4.672662e-21
2.301192e+02;4.672082e-21
2.301692e+02;4.671503e-21
2.302192e+02;4.670924e-21
2.302692e+02;4.670345e-21
2.303192e+02;4.669766e-21
2.303692e+02;4.669188e-21
2.304192e+02;4.668609e-21
2.304692e+02;4.668031e-21
2.305192e+02;4.667453e-21
2.305692e+02;4.666875e-21
2.306192e+02;4.666297e-21
2.306692e+02;4.665720e-21
2.307192e+02;4.665142e-21
2.307692e+02;4.664565e-21
2.308192e+02;4.663988e-21
2.308692e+02;4.663411e-21
2.309192e+02;4.662834e-21
2.309692e+02;4.662258e-21
2.310192e+02;4.661681e-21
2.310692e+02;4.661105e-21
2.311192e+02;4.660529e-21
2.311692e+02;4.659953e-21
2.312192e+02;4.659377e-21
2.312693e+02;4.658802e-21
2.313193e+02;4.658226e-21
2.313693e+02;4.657651e-21
2.314193e+02;4.657076e-21
2.314693e+02;4.656501e-21
2.315193e+02;4.655926e-21
2.315693e+02;4.655351e-21
2.316193e+02;4.654777e-21
2.316693e+02;4.654203e-21
2.317193e+02;4.653628e-21
2.317693e+02;4.653055e-21
2.318193e+02;4.652481e-21
2.318693e+02;4.651907e-21
2.319193e+02;4.651334e-21
2.319693e+02;4.650760e-21
2.320193e+02;4.650187e-21
2.320693e+02;4.649614e-21
2.321193e+02;4.649041e-21
2.321693e+02;4.648469e-21
2.322193e+02;4.647896e-21
2.322693e+02;4.647324e-21
2.323193e+02;4.646751e-21
2.323693e+02;4.646179e-21
2.324193e+02;4.645608e-21
2.324693e+02;4.645036e-21
2.325193e+02;4.644464e-21
2.325693e+02;4.643893e-21
2.326193e+02;4.643322e-21
2.326693e+02;4.642751e-21
2.327193e+02;4.642180e-21
2.327693e+02;4.641609e-21
2.328193e+02;4.641038e-21
2.328693e+02;4.640468e-21
2.329193e+02;4.639898e-21
2.329693e+02;4.639328e-21
2.330193e+02;4.638758e-21
2.330693e+02;4.638188e-21
2.331193e+02;4.637618e-21
2.331693e+02;4.637049e-21
2.332193e+02;4.636480e-21
2.332693e+02;4.635910e-21
2.333193e+02;4.635341e-21
2.333693e+02;4.634773e-21
2.334193e+02;4.634204e-21
2.334693e+02;4.633635e-21
2.335193e+02;4.633067e-21
2.335693e+02;4.632499e-21
2.336193e+02;4.631931e-21
2.336693e+02;4.631363e-21
2.337193e+02;4.630795e-21
2.337694e+02;4.630228e-21
2.338194e+02;4.629660e-21
2.338694e+02;4.629093e-21
2.339194e+02;4.628526e-21
2.339694e+02;4.627959e-21
2.340194e+02;4.627393e-21
2.340694e+02;4.626826e-21
2.341194e+02;4.626260e-21
2.341694e+02;4.625693e-21
2.342194e+02;4.625127e-21
2.342694e+02;4.624561e-21
2.343194e+02;4.623995e-21
2.343694e+02;4.623430e-21
2.344194e+02;4.622864e-21
2.344694e+02;4.622299e-21
2.345194e+02;4.621734e-21
2.345694e+02;4.621169e-21
2.346194e+02;4.620604e-21
2.346694e+02;4.620039e-21
2.347194e+02;4.619475e-21
2.347694e+02;4.618910e-21
2.348194e+02;4.618346e-21
2.348694e+02;4.617782e-21
2.349194e+02;4.617218e-21
2.349694e+02;4.616655e-21
2.350194e+02;4.616091e-21
2.350694e+02;4.615528e-21
2.351194e+02;4.614964e-21
2.351694e+02;4.614401e-21
2.352194e+02;4.613838e-21
2.352694e+02;4.613275e-21
2.353194e+02;4.612713e-21
2.353694e+02;4.612150e-21
2.354194e+02;4.611588e-21
2.354694e+02;4.611026e-21
2.355194e+02;4.610464e-21
2.355694e+02;4.609902e-21
2.356194e+02;4.609340e-21
2.356694e+02;4.608779e-21
2.357194e+02;4.608217e-21
2.357694e+02;4.607656e-21
2.358194e+02;4.607095e-21
2.358694e+02;4.606534e-21
2.359194e+02;4.605974e-21
2.359694e+02;4.605413e-21
2.360194e+02;4.604852e-21
2.360694e+02;4.604292e-21
2.361194e+02;4.603732e-21
2.361694e+02;4.603172e-21
2.362194e+02;4.602612e-21
2.362695e+02;4.602053e-21
2.363195e+02;4.601493e-21
2.363695e+02;4.600934e-21
2.364195e+02;4.600375e-21
2.364695e+02;4.599816e-21
2.365195e+02;4.599257e-21
2.365695e+02;4.598698e-21
2.366195e+02;4.598139e-21
2.366695e+02;4.597581e-21
2.367195e+02;4.597023e-21
2.367695e+02;4.596465e-21
2.368195e+02;4.595907e-21
2.368695e+02;4.595349e-21
2.369195e+02;4.594791e-21
2.369695e+02;4.594234e-21
2.370195e+02;4.593676e-21
2.370695e+02;4.593119e-21
2.371195e+02;4.592562e-21
2.371695e+02;4.592005e-21
2.372195e+02;4.591449e-21
2.372695e+02;4.590892e-21
2.373195e+02;4.590336e-21
2.373695e+02;4.589779e-21
2.374195e+02;4.589223e-21
2.374695e+02;4.588667e-21
2.375195e+02;4.588111e-21
2.375695e+02;4.587556e-21
2.376195e+02;4.587000e-21
2.376695e+02;4.586445e-21
2.377195e+02;4.585890e-21
2.377695e+02;4.585335e-21
2.378195e+02;4.584780e-21
2.378695e+02;4.584225e-21
2.379195e+02;4.583671e-21
2.379695e+02;4.583116e-21
2.380195e+02;4.582562e-21
2.380695e+02;4.582008e-21
2.381195e+02;4.581454e-21
2.381695e+02;4.580900e-21
2.382195e+02;4.580346e-21
2.382695e+02;4.579793e-21
2.383195e+02;4.579240e-21
2.383695e+02;4.578686e-21
2.384195e+02;4.578133e-21
2.384695e+02;4.577580e-21
2.385195e+02;4.577028e-21
2.385695e+02;4.576475e-21
2.386195e+02;4.575923e-21
2.386695e+02;4.575370e-21
2.387195e+02;4.574818e-21
2.387696e+02;4.574266e-21
2.388196e+02;4.573715e-21
2.388696e+02;4.573163e-21
2.389196e+02;4.572611e-21
2.389696e+02;4.572060e-21
2.390196e+02;4.571509e-21
2.390696e+02;4.570958e-21
2.391196e+02;4.570407e-21
2.391696e+02;4.569856e-21
2.392196e+02;4.569305e-21
2.392696e+02;4.568755e-21
2.393196e+02;4.568205e-21
2.393696e+02;4.567654e-21
2.394196e+02;4.567104e-21
2.394696e+02;4.566555e-21
2.395196e+02;4.566005e-21
2.395696e+02;4.565455e-21
2.396196e+02;4.564906e-21
2.396696e+02;4.564357e-21
2.397196e+02;4.563808e-21
2.397696e+02;4.563259e-21
2.398196e+02;4.562710e-21
2.398696e+02;4.562161e-21
2.399196e+02;4.561613e-21
2.399696e+02;4.561064e-21
2.400196e+02;4.560516e-21
2.400696e+02;4.559968e-21
2.401196e+02;4.559420e-21
2.401696e+02;4.558872e-21
2.402196e+02;4.558325e-21
2.402696e+02;4.557777e-21
2.403196e+02;4.557230e-21
2.403696e+02;4.556683e-21
2.404196e+02;4.556136e-21
2.404696e+02;4.555589e-21
2.405196e+02;4.555042e-21
2.405696e+02;4.554496e-21
2.406196e+02;4.553949e-21
2.406696e+02;4.553403e-21
2.407196e+02;4.552857e-21
2.407696e+02;4.552311e-21
2.408196e+02;4.551765e-21
2.408696e+02;4.551220e-21
2.409196e+02;4.550674e-21
2.409696e+02;4.550129e-21
2.410196e+02;4.549583e-21
2.410696e+02;4.549038e-21
2.411196e+02;4.548493e-21
2.411696e+02;4.547949e-21
2.412196e+02;4.547404e-21
2.412697e+02;4.546860e-21
2.413197e+02;4.546315e-21
2.413697e+02;4.545771e-21
2.414197e+02;4.545227e-21
2.414697e+02;4.544683e-21
2.415197e+02;4.544139e-21
2.415697e+02;4.543596e-21
2.416197e+02;4.543052e-21
2.416697e+02;4.542509e-21
2.417197e+02;4.541966e-21
2.417697e+02;4.541423e-21
2.418197e+02;4.540880e-21
2.418697e+02;4.540337e-21
2.419197e+02;4.539795e-21
2.419697e+02;4.539252e-21
2.420197e+02;4.538710e-21
2.420697e+02;4.538168e-21
2.421197e+02;4.537626e-21
2.421697e+02;4.537084e-21
2.422197e+02;4.536543e-21
2.422697e+02;4.536001e-21
2.423197e+02;4.535460e-21
2.423697e+02;4.534919e-21
2.424197e+02;4.534377e-21
2.424697e+02;4.533837e-21
2.425197e+02;4.533296e-21
2.425697e+02;4.532755e-21
2.426197e+02;4.532215e-21
2.426697e+02;4.531674e-21
2.427197e+02;4.531134e-21
2.427697e+02;4.530594e-21
2.428197e+02;4.530054e-21
2.428697e+02;4.529514e-21
2.429197e+02;4.528975e-21
2.429697e+02;4.528435e-21
2.430197e+02;4.527896e-21
2.430697e+02;4.527357e-21
2.431197e+02;4.526818e-21
2.431697e+02;4.526279e-21
2.432197e+02;4.525740e-21
2.432697e+02;4.525201e-21
2.433197e+02;4.524663e-21
2.433697e+02;4.524125e-21
2.434197e+02;4.523586e-21
2.434697e+02;4.523048e-21
2.435197e+02;4.522511e-21
2.435697e+02;4.521973e-21
2.436197e+02;4.521435e-21
2.436697e+02;4.520898e-21
2.437197e+02;4.520361e-21
2.437698e+02;4.519823e-21
2.438198e+02;4.519286e-21
2.438698e+02;4.518750e-21
2.439198e+02;4.518213e-21
2.439698e+02;4.517676e-21
2.440198e+02;4.517140e-21
2.440698e+02;4.516604e-21
2.441198e+02;4.516067e-21
2.441698e+02;4.515531e-21
2.442198e+02;4.514996e-21
2.442698e+02;4.514460e-21
2.443198e+02;4.513924e-21
2.443698e+02;4.513389e-21
2.444198e+02;4.512854e-21
2.444698e+02;4.512318e-21
2.445198e+02;4.511783e-21
2.445698e+02;4.511249e-21
2.446198e+02;4.510714e-21
2.446698e+02;4.510179e-21
2.447198e+02;4.509645e-21
2.447698e+02;4.509111e-21
2.448198e+02;4.508577e-21
2.448698e+02;4.508043e-21
2.449198e+02;4.507509e-21
2.449698e+02;4.506975e-21
2.450198e+02;4.506442e-21
2.450698e+02;4.505908e-21
2.451198e+02;4.505375e-21
2.451698e+02;4.504842e-21
2.452198e+02;4.504309e-21
2.452698e+02;4.503776e-21
2.453198e+02;4.503243e-21
2.453698e+02;4.502711e-21
2.454198e+02;4.502178e-21
2.454698e+02;4.501646e-21
2.455198e+02;4.501114e-21
2.455698e+02;4.500582e-21
2.456198e+02;4.500050e-21
2.456698e+02;4.499518e-21
2.457198e+02;4.498987e-21
2.457698e+02;4.498455e-21
2.458198e+02;4.497924e-21
2.458698e+02;4.497393e-21
2.459198e+02;4.496862e-21
2.459698e+02;4.496331e-21
2.460198e+02;4.495800e-21
2.460698e+02;4.495270e-21
2.461198e+02;4.494739e-21
2.461698e+02;4.494209e-21
2.462198e+02;4.493679e-21
2.462699e+02;4.493149e-21
2.463199e+02;4.492619e-21
2.463699e+02;4.492089e-21
2.464199e+02;4.491560e-21
2.464699e+02;4.491030e-21
2.465199e+02;4.490501e-21
2.465699e+02;4.489972e-21
2.466199e+02;4.489443e-21
2.466699e+02;4.488914e-21
2.467199e+02;4.488385e-21
2.467699e+02;4.487857e-21
2.468199e+02;4.487328e-21
2.468699e+02;4.486800e-21
2.469199e+02;4.486272e-21
2.469699e+02;4.485744e-21
2.470199e+02;4.485216e-21
2.470699e+02;4.484688e-21
2.471199e+02;4.484161e-21
2.471699e+02;4.483633e-21
2.472199e+02;4.483106e-21
2.472699e+02;4.482579e-21
2.473199e+02;4.482052e-21
2.473699e+02;4.481525e-21
2.474199e+02;4.480998e-21
2.474699e+02;4.480471e-21
2.475199e+02;4.479945e-21
2.475699e+02;4.479419e-21
2.476199e+02;4.478892e-21
2.476699e+02;4.478366e-21
2.477199e+02;4.477840e-21
2.477699e+02;4.477315e-21
2.478199e+02;4.476789e-21
2.478699e+02;4.476263e-21
2.479199e+02;4.475738e-21
2.479699e+02;4.475213e-21
2.480199e+02;4.474688e-21
2.480699e+02;4.474163e-21
2.481199e+02;4.473638e-21
2.481699e+02;4.473113e-21
2.482199e+02;4.472589e-21
2.482699e+02;4.472064e-21
2.483199e+02;4.471540e-21
2.483699e+02;4.471016e-21
2.484199e+02;4.470492e-21
2.484699e+02;4.469968e-21
2.485199e+02;4.469445e-21
2.485699e+02;4.468921e-21
2.486199e+02;4.468398e-21
2.486699e+02;4.467874e-21
2.487199e+02;4.467351e-21
2.487700e+02;4.466828e-21
2.488200e+02;4.466305e-21
2.488700e+02;4.465783e-21
2.489200e+02;4.465260e-21
2.489700e+02;4.464737e-21
2.490200e+02;4.464215e-21
2.490700e+02;4.463693e-21
2.491200e+02;4.463171e-21
2.491700e+02;4.462649e-21
2.492200e+02;4.462127e-21
2.492700e+02;4.461606e-21
2.493200e+02;4.461084e-21
2.493700e+02;4.460563e-21
2.494200e+02;4.460042e-21
2.494700e+02;4.459521e-21
2.495200e+02;4.459000e-21
2.495700e+02;4.458479e-21
2.496200e+02;4.457958e-21
2.496700e+02;4.457438e-21
2.497200e+02;4.456917e-21
2.497700e+02;4.456397e-21
2.498200e+02;4.455877e-21
2.498700e+02;4.455357e-21
2.499200e+02;4.454837e-21
2.499700e+02;4.454317e-21
2.500200e+02;4.453798e-21
2.500700e+02;4.453278e-21
2.501200e+02;4.452759e-21
2.501700e+02;4.452240e-21
2.502200e+02;4.451721e-21
2.502700e+02;4.451202e-21
2.503200e+02;4.450683e-21
2.503700e+02;4.450165e-21
2.504200e+02;4.449646e-21
2.504700e+02;4.449128e-21
2.505200e+02;4.448610e-21
2.505700e+02;4.448091e-21
2.506200e+02;4.447574e-21
2.506700e+02;4.447056e-21
2.507200e+02;4.446538e-21
2.507700e+02;4.446021e-21
2.508200e+02;4.445503e-21
2.508700e+02;4.444986e-21
2.509200e+02;4.444469e-21
2.509700e+02;4.443952e-21
2.510200e+02;4.443435e-21
2.510700e+02;4.442918e-21
2.511200e+02;4.442402e-21
2.511700e+02;4.441885e-21
2.512200e+02;4.441369e-21
2.512701e+02;4.440853e-21
2.513201e+02;4.440337e-21
2.513701e+02;4.439821e-21
2.514201e+02;4.439305e-21
2.514701e+02;4.438789e-21
2.515201e+02;4.438274e-21
2.515701e+02;4.437758e-21
2.516201e+02;4.437243e-21
2.516701e+02;4.436728e-21
2.517201e+02;4.436213e-21
2.517701e+02;4.435698e-21
2.518201e+02;4.435184e-21
2.518701e+02;4.434669e-21
2.519201e+02;4.434155e-21
2.519701e+02;4.433640e-21
2.520201e+02;4.433126e-21
2.520701e+02;4.432612e-21
2.521201e+02;4.432098e-21
2.521701e+02;4.431585e-21
2.522201e+02;4.431071e-21
2.522701e+02;4.430557e-21
2.523201e+02;4.430044e-21
2.523701e+02;4.429531e-21
2.524201e+02;4.429018e-21
2.524701e+02;4.428505e-21
2.525201e+02;4.427992e-21
2.525701e+02;4.427479e-21
2.526201e+02;4.426967e-21
2.526701e+02;4.426454e-21
2.527201e+02;4.425942e-21
2.527701e+02;4.425430e-21
2.528201e+02;4.424918e-21
2.528701e+02;4.424406e-21
2.529201e+02;4.423894e-21
2.529701e+02;4.423383e-21
2.530201e+02;4.422871e-21
2.530701e+02;4.422360e-21
2.531201e+02;4.421849e-21
2.531701e+02;4.421338e-21
2.532201e+02;4.420827e-21
2.532701e+02;4.420316e-21
2.533201e+02;4.419805e-21
2.533701e+02;4.419295e-21
2.534201e+02;4.418784e-21
2.534701e+02;4.418274e-21
2.535201e+02;4.417764e-21
2.535701e+02;4.417254e-21
2.536201e+02;4.416744e-21
2.536701e+02;4.416234e-21
2.537201e+02;4.415724e-21
2.537702e+02;4.415215e-21
2.538202e+02;4.414705e-21
2.538702e+02;4.414196e-21
2.539202e+02;4.413687e-21
2.539702e+02;4.413178e-21
2.540202e+02;4.412669e-21
2.540702e+02;4.412161e-21
2.541202e+02;4.411652e-21
2.541702e+02;4.411144e-21
2.542202e+02;4.410635e-21
2.542702e+02;4.410127e-21
2.543202e+02;4.409619e-21
2.543702e+02;4.409111e-21
2.544202e+02;4.408603e-21
2.544702e+02;4.408096e-21
2.545202e+02;4.407588e-21
2.545702e+02;4.407081e-21
2.546202e+02;4.406574e-21
2.546702e+02;4.406066e-21
2.547202e+02;4.405559e-21
2.547702e+02;4.405053e-21
2.548202e+02;4.404546e-21
2.548702e+02;4.404039e-21
2.549202e+02;4.403533e-21
2.549702e+02;4.403026e-21
2.550202e+02;4.402520e-21
2.550702e+02;4.402014e-21
2.551202e+02;4.401508e-21
2.551702e+02;4.401002e-21
2.552202e+02;4.400497e-21
2.552702e+02;4.399991e-21
2.553202e+02;4.399486e-21
2.553702e+02;4.398980e-21
2.554202e+02;4.398475e-21
2.554702e+02;4.397970e-21
2.555202e+02;4.397465e-21
2.555702e+02;4.396960e-21
2.556202e+02;4.396456e-21
2.556702e+02;4.395951e-21
2.557202e+02;4.395447e-21
2.557702e+02;4.394943e-21
2.558202e+02;4.394439e-21
2.558702e+02;4.393935e-21
2.559202e+02;4.393431e-21
2.559702e+02;4.392927e-21
2.560202e+02;4.392423e-21
2.560702e+02;4.391920e-21
2.561202e+02;4.391416e-21
2.561702e+02;4.390913e-21
2.562202e+02;4.390410e-21
2.562703e+02;4.389907e-21
2.563203e+02;4.389404e-21
2.563703e+02;4.388902e-21
2.564203e+02;4.388399e-21
2.564703e+02;4.387897e-21
2.565203e+02;4.387394e-21
2.565703e+02;4.386892e-21
2.566203e+02;4.386390e-21
2.566703e+02;4.385888e-21
2.567203e+02;4.385386e-21
2.567703e+02;4.384885e-21
2.568203e+02;4.384383e-21
2.568703e+02;4.383882e-21
2.569203e+02;4.383380e-21
2.569703e+02;4.382879e-21
2.570203e+02;4.382378e-21
2.570703e+02;4.381877e-21
2.571203e+02;4.381376e-21
2.571703e+02;4.380876e-21
2.572203e+02;4.380375e-21
2.572703e+02;4.379875e-21
2.573203e+02;4.379375e-21
2.573703e+02;4.378875e-21
2.574203e+02;4.378375e-21
2.574703e+02;4.377875e-21
2.575203e+02;4.377375e-21
2.575703e+02;4.376875e-21
2.576203e+02;4.376376e-21
2.576703e+02;4.375876e-21
2.577203e+02;4.375377e-21
2.577703e+02;4.374878e-21
2.578203e+02;4.374379e-21
2.578703e+02;4.373880e-21
2.579203e+02;4.373381e-21
2.579703e+02;4.372883e-21
2.580203e+02;4.372384e-21
2.580703e+02;4.371886e-21
2.581203e+02;4.371388e-21
2.581703e+02;4.370890e-21
2.582203e+02;4.370392e-21
2.582703e+02;4.369894e-21
2.583203e+02;4.369396e-21
2.583703e+02;4.368899e-21
2.584203e+02;4.368401e-21
2.584703e+02;4.367904e-21
2.585203e+02;4.367407e-21
2.585703e+02;4.366909e-21
2.586203e+02;4.366412e-21
2.586703e+02;4.365916e-21
2.587203e+02;4.365419e-21
2.587704e+02;4.364922e-21
2.588204e+02;4.364426e-21
2.588704e+02;4.363930e-21
2.589204e+02;4.363433e-21
2.589704e+02;4.362937e-21
2.590204e+02;4.362441e-21
2.590704e+02;4.361946e-21
2.591204e+02;4.361450e-21
2.591704e+02;4.360954e-21
2.592204e+02;4.360459e-21
2.592704e+02;4.359964e-21
2.593204e+02;4.359468e-21
2.593704e+02;4.358973e-21
2.594204e+02;4.358478e-21
2.594704e+02;4.357984e-21
2.595204e+02;4.357489e-21
2.595704e+02;4.356994e-21
2.596204e+02;4.356500e-21
2.596704e+02;4.356006e-21
2.597204e+02;4.355511e-21
2.597704e+02;4.355017e-21
2.598204e+02;4.354523e-21
2.598704e+02;4.354030e-21
2.599204e+02;4.353536e-21
2.599704e+02;4.353042e-21
2.600204e+02;4.352549e-21
2.600704e+02;4.352056e-21
2.601204e+02;4.351562e-21
2.601704e+02;4.351069e-21
2.602204e+02;4.350576e-21
2.602704e+02;4.350084e-21
2.603204e+02;4.349591e-21
2.603704e+02;4.349098e-21
2.604204e+02;4.348606e-21
2.604704e+02;4.348114e-21
2.605204e+02;4.347621e-21
2.605704e+02;4.347129e-21
2.606204e+02;4.346637e-21
2.606704e+02;4.346146e-21
2.607204e+02;4.345654e-21
2.607704e+02;4.345162e-21
2.608204e+02;4.344671e-21
2.608704e+02;4.344180e-21
2.609204e+02;4.343688e-21
2.609704e+02;4.343197e-21
2.610204e+02;4.342706e-21
2.610704e+02;4.342216e-21
2.611204e+02;4.341725e-21
2.611704e+02;4.341234e-21
2.612204e+02;4.340744e-21
2.612705e+02;4.340253e-21
2.613205e+02;4.339763e-21
2.613705e+02;4.339273e-21
2.614205e+02;4.338783e-21
2.614705e+02;4.338293e-21
2.615205e+02;4.337804e-21
2.615705e+02;4.337314e-21
2.616205e+02;4.336825e-21
2.616705e+02;4.336335e-21
2.617205e+02;4.335846e-21
2.617705e+02;4.335357e-21
2.618205e+02;4.334868e-21
2.618705e+02;4.334379e-21
2.619205e+02;4.333890e-21
2.619705e+02;4.333402e-21
2.620205e+02;4.332913e-21
2.620705e+02;4.332425e-21
2.621205e+02;4.331937e-21
2.621705e+02;4.331449e-21
2.622205e+02;4.330961e-21
2.622705e+02;4.330473e-21
2.623205e+02;4.329985e-21
2.623705e+02;4.329497e-21
2.624205e+02;4.329010e-21
2.624705e+02;4.328523e-21
2.625205e+02;4.328035e-21
2.625705e+02;4.327548e-21
2.626205e+02;4.327061e-21
2.626705e+02;4.326574e-21
2.627205e+02;4.326088e-21
2.627705e+02;4.325601e-21
2.628205e+02;4.325114e-21
2.628705e+02;4.324628e-21
2.629205e+02;4.324142e-21
2.629705e+02;4.323656e-21
2.630205e+02;4.323170e-21
2.630705e+02;4.322684e-21
2.631205e+02;4.322198e-21
2.631705e+02;4.321712e-21
2.632205e+02;4.321227e-21
2.632705e+02;4.320741e-21
2.633205e+02;4.320256e-21
2.633705e+02;4.319771e-21
2.634205e+02;4.319286e-21
2.634705e+02;4.318801e-21
2.635205e+02;4.318316e-21
2.635705e+02;4.317831e-21
2.636205e+02;4.317347e-21
2.636705e+02;4.316862e-21
2.637205e+02;4.316378e-21
2.637706e+02;4.315894e-21
2.638206e+02;4.315410e-21
2.638706e+02;4.314926e-21
2.639206e+02;4.314442e-21
2.639706e+02;4.313958e-21
2.640206e+02;4.313474e-21
2.640706e+02;4.312991e-21
2.641206e+02;4.312508e-21
2.641706e+02;4.312024e-21
2.642206e+02;4.311541e-21
2.642706e+02;4.311058e-21
2.643206e+02;4.310575e-21
2.643706e+02;4.310093e-21
2.644206e+02;4.309610e-21
2.644706e+02;4.309127e-21
2.645206e+02;4.308645e-21
2.645706e+02;4.308163e-21
2.646206e+02;4.307681e-21
2.646706e+02;4.307199e-21
2.647206e+02;4.306717e-21
2.647706e+02;4.306235e-21
2.648206e+02;4.305753e-21
2.648706e+02;4.305272e-21
2.649206e+02;4.304790e-21
2.649706e+02;4.304309e-21
2.650206e+02;4.303828e-21
2.650706e+02;4.303347e-21
2.651206e+02;4.302866e-21
2.651706e+02;4.302385e-21
2.652206e+02;4.301904e-21
2.652706e+02;4.301423e-21
2.653206e+02;4.300943e-21
2.653706e+02;4.300463e-21
2.654206e+02;4.299982e-21
2.654706e+02;4.299502e-21
2.655206e+02;4.299022e-21
2.655706e+02;4.298542e-21
2.656206e+02;4.298063e-21
2.656706e+02;4.297583e-21
2.657206e+02;4.297103e-21
2.657706e+02;4.296624e-21
2.658206e+02;4.296145e-21
2.658706e+02;4.295666e-21
2.659206e+02;4.295186e-21
2.659706e+02;4.294708e-21
2.660206e+02;4.294229e-21
2.660706e+02;4.293750e-21
2.661206e+02;4.293271e-21
2.661706e+02;4.292793e-21
2.662206e+02;4.292315e-21
2.662707e+02;4.291836e-21
2.663207e+02;4.291358e-21
2.663707e+02;4.290880e-21
2.664207e+02;4.290402e-21
2.664707e+02;4.289925e-21
2.665207e+02;4.289447e-21
2.665707e+02;4.288970e-21
2.666207e+02;4.288492e-21
2.666707e+02;4.288015e-21
2.667207e+02;4.287538e-21
2.667707e+02;4.287061e-21
2.668207e+02;4.286584e-21
2.668707e+02;4.286107e-21
2.669207e+02;4.285630e-21
2.669707e+02;4.285154e-21
2.670207e+02;4.284677e-21
2.670707e+02;4.284201e-21
2.671207e+02;4.283725e-21
2.671707e+02;4.283249e-21
2.672207e+02;4.282773e-21
2.672707e+02;4.282297e-21
2.673207e+02;4.281821e-21
2.673707e+02;4.281345e-21
2.674207e+02;4.280870e-21
2.674707e+02;4.280395e-21
2.675207e+02;4.279919e-21
2.675707e+02;4.279444e-21
2.676207e+02;4.278969e-21
2.676707e+02;4.278494e-21
2.677207e+02;4.278019e-21
2.677707e+02;4.277545e-21
2.678207e+02;4.277070e-21
2.678707e+02;4.276596e-21
2.679207e+02;4.276121e-21
2.679707e+02;4.275647e-21
2.680207e+02;4.275173e-21
2.680707e+02;4.274699e-21
2.681207e+02;4.274225e-21
2.681707e+02;4.273751e-21
2.682207e+02;4.273278e-21
2.682707e+02;4.272804e-21
2.683207e+02;4.272331e-21
2.683707e+02;4.271858e-21
2.684207e+02;4.271384e-21
2.684707e+02;4.270911e-21
2.685207e+02;4.270438e-21
2.685707e+02;4.269966e-21
2.686207e+02;4.269493e-21
2.686707e+02;4.269020e-21
2.687207e+02;4.268548e-21
2.687708e+02;4.268075e-21
2.688208e+02;4.267603e-21
2.688708e+02;4.267131e-21
2.689208e+02;4.266659e-21
2.689708e+02;4.266187e-21
2.690208e+02;4.265715e-21
2.690708e+02;4.265244e-21
2.691208e+02;4.264772e-21
2.691708e+02;4.264301e-21
2.692208e+02;4.263829e-21
2.692708e+02;4.263358e-21
2.693208e+02;4.262887e-21
2.693708e+02;4.262416e-21
2.694208e+02;4.261945e-21
2.694708e+02;4.261475e-21
2.695208e+02;4.261004e-21
2.695708e+02;4.260533e-21
2.696208e+02;4.260063e-21
2.696708e+02;4.259593e-21
2.697208e+02;4.259123e-21
2.697708e+02;4.258653e-21
2.698208e+02;4.258183e-21
2.698708e+02;4.257713e-21
2.699208e+02;4.257243e-21
2.699708e+02;4.256774e-21
2.700208e+02;4.256304e-21
2.700708e+02;4.255835e-21
2.701208e+02;4.255366e-21
2.701708e+02;4.254896e-21
2.702208e+02;4.254427e-21
2.702708e+02;4.253958e-21
2.703208e+02;4.253490e-21
2.703708e+02;4.253021e-21
2.704208e+02;4.252552e-21
2.704708e+02;4.252084e-21
2.705208e+02;4.251616e-21
2.705708e+02;4.251147e-21
2.706208e+02;4.250679e-21
2.706708e+02;4.250211e-21
2.707208e+02;4.249744e-21
2.707708e+02;4.249276e-21
2.708208e+02;4.248808e-21
2.708708e+02;4.248341e-21
2.709208e+02;4.247873e-21
2.709708e+02;4.247406e-21
2.710208e+02;4.246939e-21
2.710708e+02;4.246472e-21
2.711208e+02;4.246005e-21
2.711708e+02;4.245538e-21
2.712208e+02;4.245071e-21
2.712709e+02;4.244605e-21
2.713209e+02;4.244138e-21
2.713709e+02;4.243672e-21
2.714209e+02;4.243205e-21
2.714709e+02;4.242739e-21
2.715209e+02;4.242273e-21
2.715709e+02;4.241807e-21
2.716209e+02;4.241341e-21
2.716709e+02;4.240876e-21
2.717209e+02;4.240410e-21
2.717709e+02;4.239945e-21
2.718209e+02;4.239479e-21
2.718709e+02;4.239014e-21
2.719209e+02;4.238549e-21
2.719709e+02;4.238084e-21
2.720209e+02;4.237619e-21
2.720709e+02;4.237154e-21
2.721209e+02;4.236689e-21
2.721709e+02;4.236225e-21
2.722209e+02;4.235760e-21
2.722709e+02;4.235296e-21
2.723209e+02;4.234832e-21
2.723709e+02;4.234368e-21
2.724209e+02;4.233904e-21
2.724709e+02;4.233440e-21
2.725209e+02;4.232976e-21
2.725709e+02;4.232512e-21
2.726209e+02;4.232049e-21
2.726709e+02;4.231585e-21
2.727209e+02;4.231122e-21
2.727709e+02;4.230659e-21
2.728209e+02;4.230196e-21
2.728709e+02;4.229733e-21
2.729209e+02;4.229270e-21
2.729709e+02;4.228807e-21
2.730209e+02;4.228344e-21
2.730709e+02;4.227882e-21
2.731209e+02;4.227419e-21
2.731709e+02;4.226957e-21
2.732209e+02;4.226495e-21
2.732709e+02;4.226033e-21
2.733209e+02;4.225571e-21
2.733709e+02;4.225109e-21
2.734209e+02;4.224647e-21
2.734709e+02;4.224185e-21
2.735209e+02;4.223724e-21
2.735709e+02;4.223262e-21
2.736209e+02;4.222801e-21
2.736709e+02;4.222340e-21
2.737209e+02;4.221879e-21
2.737710e+02;4.221418e-21
2.738210e+02;4.220957e-21
2.738710e+02;4.220496e-21
2.739210e+02;4.220035e-21
2.739710e+02;4.219575e-21
2.740210e+02;4.219115e-21
2.740710e+02;4.218654e-21
2.741210e+02;4.218194e-21
2.741710e+02;4.217734e-21
2.742210e+02;4.217274e-21
2.742710e+02;4.216814e-21
2.743210e+02;4.216354e-21
2.743710e+02;4.215895e-21
2.744210e+02;4.215435e-21
2.744710e+02;4.214976e-21
2.745210e+02;4.214516e-21
2.745710e+02;4.214057e-21
2.746210e+02;4.213598e-21
2.746710e+02;4.213139e-21
2.747210e+02;4.212680e-21
2.747710e+02;4.212221e-21
2.748210e+02;4.211763e-21
2.748710e+02;4.211304e-21
2.749210e+02;4.210846e-21
2.749710e+02;4.210387e-21
2.750210e+02;4.209929e-21
2.750710e+02;4.209471e-21
2.751210e+02;4.209013e-21
2.751710e+02;4.208555e-21
2.752210e+02;4.208097e-21
2.752710e+02;4.207640e-21
2.753210e+02;4.207182e-21
2.753710e+02;4.206725e-21
2.754210e+02;4.206267e-21
2.754710e+02;4.205810e-21
2.755210e+02;4.205353e-21
2.755710e+02;4.204896e-21
2.756210e+02;4.204439e-21
2.756710e+02;4.203982e-21
2.757210e+02;4.203526e-21
2.757710e+02;4.203069e-21
2.758210e+02;4.202613e-21
2.758710e+02;4.202156e-21
2.759210e+02;4.201700e-21
2.759710e+02;4.201244e-21
2.760210e+02;4.200788e-21
2.760710e+02;4.200332e-21
2.761210e+02;4.199876e-21
2.761710e+02;4.199421e-21
2.762210e+02;4.198965e-21
2.762711e+02;4.198509e-21
2.763211e+02;4.198054e-21
2.763711e+02;4.197599e-21
2.764211e+02;4.197144e-21
2.764711e+02;4.196689e-21
2.765211e+02;4.196234e-21
2.765711e+02;4.195779e-21
2.766211e+02;4.195324e-21
2.766711e+02;4.194870e-21
2.767211e+02;4.194415e-21
2.767711e+02;4.193961e-21
2.768211e+02;4.193506e-21
2.768711e+02;4.193052e-21
2.769211e+02;4.192598e-21
2.769711e+02;4.192144e-21
2.770211e+02;4.191690e-21
2.770711e+02;4.191237e-21
2.771211e+02;4.190783e-21
2.771711e+02;4.190330e-21
2.772211e+02;4.189876e-21
2.772711e+02;4.189423e-21
2.773211e+02;4.188970e-21
2.773711e+02;4.188517e-21
2.774211e+02;4.188064e-21
2.774711e+02;4.187611e-21
2.775211e+02;4.187158e-21
2.775711e+02;4.186705e-21
2.776211e+02;4.186253e-21
2.776711e+02;4.185800e-21
2.777211e+02;4.185348e-21
2.777711e+02;4.184896e-21
2.778211e+02;4.184444e-21
2.778711e+02;4.183992e-21
2.779211e+02;4.183540e-21
2.779711e+02;4.183088e-21
2.780211e+02;4.182636e-21
2.780711e+02;4.182185e-21
2.781211e+02;4.181733e-21
2.781711e+02;4.181282e-21
2.782211e+02;4.180831e-21
2.782711e+02;4.180379e-21
2.783211e+02;4.179928e-21
2.783711e+02;4.179478e-21
2.784211e+02;4.179027e-21
2.784711e+02;4.178576e-21
2.785211e+02;4.178125e-21
2.785711e+02;4.177675e-21
2.786211e+02;4.177224e-21
2.786711e+02;4.176774e-21
2.787211e+02;4.176324e-21
2.787712e+02;4.175874e-21
2.788212e+02;4.175424e-21
2.788712e+02;4.174974e-21
2.789212e+02;4.174524e-21
2.789712e+02;4.174075e-21
2.790212e+02;4.173625e-21
2.790712e+02;4.173176e-21
2.791212e+02;4.172726e-21
2.791712e+02;4.172277e-21
2.792212e+02;4.171828e-21
2.792712e+02;4.171379e-21
2.793212e+02;4.170930e-21
2.793712e+02;4.170481e-21
2.794212e+02;4.170033e-21
2.794712e+02;4.169584e-21
2.795212e+02;4.169136e-21
2.795712e+02;4.168687e-21
2.796212e+02;4.168239e-21
2.796712e+02;4.167791e-21
2.797212e+02;4.167343e-21
2.797712e+02;4.166895e-21
2.798212e+02;4.166447e-21
2.798712e+02;4.165999e-21
2.799212e+02;4.165552e-21
2.799712e+02;4.165104e-21
2.800212e+02;4.164657e-21
2.800712e+02;4.164210e-21
2.801212e+02;4.163762e-21
2.801712e+02;4.163315e-21
2.802212e+02;4.162868e-21
2.802712e+02;4.162421e-21
2.803212e+02;4.161975e-21
2.803712e+02;4.161528e-21
2.804212e+02;4.161081e-21
2.804712e+02;4.160635e-21
2.805212e+02;4.160189e-21
2.805712e+02;4.159742e-21
2.806212e+02;4.159296e-21
2.806712e+02;4.158850e-21
2.807212e+02;4.158404e-21
2.807712e+02;4.157958e-21
2.808212e+02;4.157513e-21
2.808712e+02;4.157067e-21
2.809212e+02;4.156621e-21
2.809712e+02;4.156176e-21
2.810212e+02;4.155731e-21
2.810712e+02;4.155286e-21
2.811212e+02;4.154841e-21
2.811712e+02;4.154396e-21
2.812212e+02;4.153951e-21
2.812713e+02;4.153506e-21
2.813213e+02;4.153061e-21
2.813713e+02;4.152617e-21
2.814213e+02;4.152172e-21
2.814713e+02;4.151728e-21
2.815213e+02;4.151284e-21
2.815713e+02;4.150839e-21
2.816213e+02;4.150395e-21
2.816713e+02;4.149951e-21
2.817213e+02;4.149508e-21
2.817713e+02;4.149064e-21
2.818213e+02;4.148620e-21
2.818713e+02;4.148177e-21
2.819213e+02;4.147733e-21
2.819713e+02;4.147290e-21
2.820213e+02;4.146847e-21
2.820713e+02;4.146404e-21
2.821213e+02;4.145961e-21
2.821713e+02;4.145518e-21
2.822213e+02;4.145075e-21
2.822713e+02;4.144632e-21
2.823213e+02;4.144190e-21
2.823713e+02;4.143747e-21
2.824213e+02;4.143305e-21
2.824713e+02;4.142863e-21
2.825213e+02;4.142420e-21
2.825713e+02;4.141978e-21
2.826213e+02;4.141536e-21
2.826713e+02;4.141095e-21
2.827213e+02;4.140653e-21
2.827713e+02;4.140211e-21
2.828213e+02;4.139770e-21
2.828713e+02;4.139328e-21
2.829213e+02;4.138887e-21
2.829713e+02;4.138446e-21
2.830213e+02;4.138005e-21
2.830713e+02;4.137563e-21
2.831213e+02;4.137123e-21
2.831713e+02;4.136682e-21
2.832213e+02;4.136241e-21
2.832713e+02;4.135800e-21
2.833213e+02;4.135360e-21
2.833713e+02;4.134920e-21
2.834213e+02;4.134479e-21
2.834713e+02;4.134039e-21
2.835213e+02;4.133599e-21
2.835713e+02;4.133159e-21
2.836213e+02;4.132719e-21
2.836713e+02;4.132279e-21
2.837213e+02;4.131840e-21
2.837714e+02;4.131400e-21
2.838214e+02;4.130960e-21
2.838714e+02;4.130521e-21
2.839214e+02;4.130082e-21
2.839714e+02;4.129643e-21
2.840214e+02;4.129204e-21
2.840714e+02;4.128765e-21
2.841214e+02;4.128326e-21
2.841714e+02;4.127887e-21
2.842214e+02;4.127448e-21
2.842714e+02;4.127010e-21
2.843214e+02;4.126571e-21
2.843714e+02;4.126133e-21
2.844214e+02;4.125695e-21
2.844714e+02;4.125257e-21
2.845214e+02;4.124819e-21
2.845714e+02;4.124381e-21
2.846214e+02;4.123943e-21
2.846714e+02;4.123505e-21
2.847214e+02;4.123067e-21
2.847714e+02;4.122630e-21
2.848214e+02;4.122192e-21
2.848714e+02;4.121755e-21
2.849214e+02;4.121318e-21
2.849714e+02;4.120881e-21
2.850214e+02;4.120444e-21
2.850714e+02;4.120007e-21
2.851214e+02;4.119570e-21
2.851714e+02;4.119133e-21
2.852214e+02;4.118697e-21
2.852714e+02;4.118260e-21
2.853214e+02;4.117824e-21
2.853714e+02;4.117387e-21
2.854214e+02;4.116951e-21
2.854714e+02;4.116515e-21
2.855214e+02;4.116079e-21
2.855714e+02;4.115643e-21
2.856214e+02;4.115207e-21
2.856714e+02;4.114772e-21
2.857214e+02;4.114336e-21
2.857714e+02;4.113901e-21
2.858214e+02;4.113465e-21
2.858714e+02;4.113030e-21
2.859214e+02;4.112595e-21
2.859714e+02;4.112160e-21
2.860214e+02;4.111725e-21
2.860714e+02;4.111290e-21
2.861214e+02;4.110855e-21
2.861714e+02;4.110420e-21
2.862214e+02;4.109986e-21
2.862715e+02;4.109551e-21
2.863215e+02;4.109117e-21
2.863715e+02;4.108682e-21
2.864215e+02;4.108248e-21
2.864715e+02;4.107814e-21
2.865215e+02;4.107380e-21
2.865715e+02;4.106946e-21
2.866215e+02;4.106513e-21
2.866715e+02;4.106079e-21
2.867215e+02;4.105645e-21
2.867715e+02;4.105212e-21
2.868215e+02;4.104778e-21
2.868715e+02;4.104345e-21
2.869215e+02;4.103912e-21
2.869715e+02;4.103479e-21
2.870215e+02;4.103046e-21
2.870715e+02;4.102613e-21
2.871215e+02;4.102180e-21
2.871715e+02;4.101748e-21
2.872215e+02;4.101315e-21
2.872715e+02;4.100883e-21
2.873215e+02;4.100450e-21
2.873715e+02;4.100018e-21
2.874215e+02;4.099586e-21
2.874715e+02;4.099154e-21
2.875215e+02;4.098722e-21
2.875715e+02;4.098290e-21
2.876215e+02;4.097858e-21
2.876715e+02;4.097426e-21
2.877215e+02;4.096995e-21
2.877715e+02;4.096563e-21
2.878215e+02;4.096132e-21
2.878715e+02;4.095701e-21
2.879215e+02;4.095269e-21
2.879715e+02;4.094838e-21
2.880215e+02;4.094407e-21
2.880715e+02;4.093976e-21
2.881215e+02;4.093546e-21
2.881715e+02;4.093115e-21
2.882215e+02;4.092684e-21
2.882715e+02;4.092254e-21
2.883215e+02;4.091824e-21
2.883715e+02;4.091393e-21
2.884215e+02;4.090963e-21
2.884715e+02;4.090533e-21
2.885215e+02;4.090103e-21
2.885715e+02;4.089673e-21
2.886215e+02;4.089243e-21
2.886715e+02;4.088814e-21
2.887215e+02;4.088384e-21
2.887716e+02;4.087955e-21
2.888216e+02;4.087525e-21
2.888716e+02;4.087096e-21
2.889216e+02;4.086667e-21
2.889716e+02;4.086238e-21
2.890216e+02;4.085809e-21
2.890716e+02;4.085380e-21
2.891216e+02;4.084951e-21
2.891716e+02;4.084522e-21
2.892216e+02;4.084094e-21
2.892716e+02;4.083665e-21
2.893216e+02;4.083237e-21
2.893716e+02;4.082808e-21
2.894216e+02;4.082380e-21
2.894716e+02;4.081952e-21
2.895216e+02;4.081524e-21
2.895716e+02;4.081096e-21
2.896216e+02;4.080668e-21
2.896716e+02;4.080241e-21
2.897216e+02;4.079813e-21
2.897716e+02;4.079385e-21
2.898216e+02;4.078958e-21
2.898716e+02;4.078531e-21
2.899216e+02;4.078103e-21
2.899716e+02;4.077676e-21
2.900216e+02;4.077249e-21
2.900716e+02;4.076822e-21
2.901216e+02;4.076395e-21
2.901716e+02;4.075969e-21
2.902216e+02;4.075542e-21
2.902716e+02;4.075116e-21
2.903216e+02;4.074689e-21
2.903716e+02;4.074263e-21
2.904216e+02;4.073837e-21
2.904716e+02;4.073410e-21
2.905216e+02;4.072984e-21
2.905716e+02;4.072558e-21
2.906216e+02;4.072132e-21
2.906716e+02;4.071707e-21
2.907216e+02;4.071281e-21
2.907716e+02;4.070855e-21
2.908216e+02;4.070430e-21
2.908716e+02;4.070005e-21
2.909216e+02;4.069579e-21
2.909716e+02;4.069154e-21
2.910216e+02;4.068729e-21
2.910716e+02;4.068304e-21
2.911216e+02;4.067879e-21
2.911716e+02;4.067454e-21
2.912216e+02;4.067030e-21
2.912717e+02;4.066605e-21
2.913217e+02;4.066181e-21
2.913717e+02;4.065756e-21
2.914217e+02;4.065332e-21
2.914717e+02;4.064908e-21
2.915217e+02;4.064484e-21
2.915717e+02;4.064060e-21
2.916217e+02;4.063636e-21
2.916717e+02;4.063212e-21
2.917217e+02;4.062788e-21
2.917717e+02;4.062365e-21
2.918217e+02;4.061941e-21
2.918717e+02;4.061518e-21
2.919217e+02;4.061094e-21
2.919717e+02;4.060671e-21
2.920217e+02;4.060248e-21
2.920717e+02;4.059825e-21
2.921217e+02;4.059402e-21
2.921717e+02;4.058979e-21
2.922217e+02;4.058556e-21
2.922717e+02;4.058134e-21
2.923217e+02;4.057711e-21
2.923717e+02;4.057289e-21
2.924217e+02;4.056866e-21
2.924717e+02;4.056444e-21
2.925217e+02;4.056022e-21
2.925717e+02;4.055600e-21
2.926217e+02;4.055178e-21
2.926717e+02;4.054756e-21
2.927217e+02;4.054334e-21
2.927717e+02;4.053912e-21
2.928217e+02;4.053491e-21
2.928717e+02;4.053069e-21
2.929217e+02;4.052648e-21
2.929717e+02;4.052227e-21
2.930217e+02;4.051805e-21
2.930717e+02;4.051384e-21
2.931217e+02;4.050963e-21
2.931717e+02;4.050542e-21
2.932217e+02;4.050121e-21
2.932717e+02;4.049701e-21
2.933217e+02;4.049280e-21
2.933717e+02;4.048860e-21
2.934217e+02;4.048439e-21
2.934717e+02;4.048019e-21
2.935217e+02;4.047598e-21
2.935717e+02;4.047178e-21
2.936217e+02;4.046758e-21
2.936717e+02;4.046338e-21
2.937217e+02;4.045918e-21
2.937718e+02;4.045499e-21
2.938218e+02;4.045079e-21
2.938718e+02;4.044659e-21
2.939218e+02;4.044240e-21
2.939718e+02;4.043820e-21
2.940218e+02;4.043401e-21
2.940718e+02;4.042982e-21
2.941218e+02;4.042563e-21
2.941718e+02;4.042144e-21
2.942218e+02;4.041725e-21
2.942718e+02;4.041306e-21
2.943218e+02;4.040887e-21
2.943718e+02;4.040469e-21
2.944218e+02;4.040050e-21
2.944718e+02;4.039632e-21
2.945218e+02;4.039213e-21
2.945718e+02;4.038795e-21
2.946218e+02;4.038377e-21
2.946718e+02;4.037959e-21
2.947218e+02;4.037541e-21
2.947718e+02;4.037123e-21
2.948218e+02;4.036705e-21
2.948718e+02;4.036287e-21
2.949218e+02;4.035870e-21
2.949718e+02;4.035452e-21
2.950218e+02;4.035035e-21
2.950718e+02;4.034618e-21
2.951218e+02;4.034200e-21
2.951718e+02;4.033783e-21
2.952218e+02;4.033366e-21
2.952718e+02;4.032949e-21
2.953218e+02;4.032532e-21
2.953718e+02;4.032116e-21
2.954218e+02;4.031699e-21
2.954718e+02;4.031282e-21
2.955218e+02;4.030866e-21
2.955718e+02;4.030450e-21
2.956218e+02;4.030033e-21
2.956718e+02;4.029617e-21
2.957218e+02;4.029201e-21
2.957718e+02;4.028785e-21
2.958218e+02;4.028369e-21
2.958718e+02;4.027953e-21
2.959218e+02;4.027538e-21
2.959718e+02;4.027122e-21
2.960218e+02;4.026706e-21
2.960718e+02;4.026291e-21
2.961218e+02;4.025876e-21
2.961718e+02;4.025460e-21
2.962218e+02;4.025045e-21
2.962719e+02;4.024630e-21
2.963219e+02;4.024215e-21
2.963719e+02;4.023800e-21
2.964219e+02;4.023386e-21
2.964719e+02;4.022971e-21
2.965219e+02;4.022556e-21
2.965719e+02;4.022142e-21
2.966219e+02;4.021727e-21
2.966719e+02;4.021313e-21
2.967219e+02;4.020899e-21
2.967719e+02;4.020485e-21
2.968219e+02;4.020071e-21
2.968719e+02;4.019657e-21
2.969219e+02;4.019243e-21
2.969719e+02;4.018829e-21
2.970219e+02;4.018415e-21
2.970719e+02;4.018002e-21
2.971219e+02;4.017588e-21
2.971719e+02;4.017175e-21
2.972219e+02;4.016762e-21
2.972719e+02;4.016348e-21
2.973219e+02;4.015935e-21
2.973719e+02;4.015522e-21
2.974219e+02;4.015109e-21
2.974719e+02;4.014697e-21
2.975219e+02;4.014284e-21
2.975719e+02;4.013871e-21
2.976219e+02;4.013459e-21
2.976719e+02;4.013046e-21
2.977219e+02;4.012634e-21
2.977719e+02;4.012222e-21
2.978219e+02;4.011809e-21
2.978719e+02;4.011397e-21
2.979219e+02;4.010985e-21
2.979719e+02;4.010573e-21
2.980219e+02;4.010162e-21
2.980719e+02;4.009750e-21
2.981219e+02;4.009338e-21
2.981719e+02;4.008927e-21
2.982219e+02;4.008515e-21
2.982719e+02;4.008104e-21
2.983219e+02;4.007693e-21
2.983719e+02;4.007281e-21
2.984219e+02;4.006870e-21
2.984719e+02;4.006459e-21
2.985219e+02;4.006049e-21
2.985719e+02;4.005638e-21
2.986219e+02;4.005227e-21
2.986719e+02;4.004816e-21
2.987219e+02;4.004406e-21
2.987720e+02;4.003995e-21
2.988220e+02;4.003585e-21
2.988720e+02;4.003175e-21
2.989220e+02;4.002765e-21
2.989720e+02;4.002355e-21
2.990220e+02;4.001945e-21
2.990720e+02;4.001535e-21
2.991220e+02;4.001125e-21
2.991720e+02;4.000715e-21
2.992220e+02;4.000306e-21
2.992720e+02;3.999896e-21
2.993220e+02;3.999487e-21
2.993720e+02;3.999077e-21
2.994220e+02;3.998668e-21
2.994720e+02;3.998259e-21
2.995220e+02;3.997850e-21
2.995720e+02;3.997441e-21
2.996220e+02;3.997032e-21
2.996720e+02;3.996623e-21
2.997220e+02;3.996215e-21
2.997720e+02;3.995806e-21
2.998220e+02;3.995398e-21
2.998720e+02;3.994989e-21
2.999220e+02;3.994581e-21
2.999720e+02;3.994173e-21
3.000220e+02;3.993764e-21
3.000720e+02;3.993356e-21
3.001220e+02;3.992948e-21
3.001720e+02;3.992541e-21
3.002220e+02;3.992133e-21
3.002720e+02;3.991725e-21
3.003220e+02;3.991317e-21
3.003720e+02;3.990910e-21
3.004220e+02;3.990503e-21
3.004720e+02;3.990095e-21
3.005220e+02;3.989688e-21
3.005720e+02;3.989281e-21
3.006220e+02;3.988874e-21
3.006720e+02;3.988467e-21
3.007220e+02;3.988060e-21
3.007720e+02;3.987653e-21
3.008220e+02;3.987246e-21
3.008720e+02;3.986840e-21
3.009220e+02;3.986433e-21
3.009720e+02;3.986027e-21
3.010220e+02;3.985621e-21
3.010720e+02;3.985214e-21
3.011220e+02;3.984808e-21
3.011720e+02;3.984402e-21
3.012220e+02;3.983996e-21
3.012721e+02;3.983590e-21
3.013221e+02;3.983184e-21
3.013721e+02;3.982779e-21
3.014221e+02;3.982373e-21
3.014721e+02;3.981968e-21
3.015221e+02;3.981562e-21
3.015721e+02;3.981157e-21
3.016221e+02;3.980752e-21
3.016721e+02;3.980346e-21
3.017221e+02;3.979941e-21
3.017721e+02;3.979536e-21
3.018221e+02;3.979132e-21
3.018721e+02;3.978727e-21
3.019221e+02;3.978322e-21
3.019721e+02;3.977917e-21
3.020221e+02;3.977513e-21
3.020721e+02;3.977108e-21
3.021221e+02;3.976704e-21
3.021721e+02;3.976300e-21
3.022221e+02;3.975896e-21
3.022721e+02;3.975492e-21
3.023221e+02;3.975088e-21
3.023721e+02;3.974684e-21
3.024221e+02;3.974280e-21
3.024721e+02;3.973876e-21
3.025221e+02;3.973472e-21
3.025721e+02;3.973069e-21
3.026221e+02;3.972665e-21
3.026721e+02;3.972262e-21
3.027221e+02;3.971859e-21
3.027721e+02;3.971456e-21
3.028221e+02;3.971052e-21
3.028721e+02;3.970649e-21
3.029221e+02;3.970247e-21
3.029721e+02;3.969844e-21
3.030221e+02;3.969441e-21
3.030721e+02;3.969038e-21
3.031221e+02;3.968636e-21
3.031721e+02;3.968233e-21
3.032221e+02;3.967831e-21
3.032721e+02;3.967429e-21
3.033221e+02;3.967026e-21
3.033721e+02;3.966624e-21
3.034221e+02;3.966222e-21
3.034721e+02;3.965820e-21
3.035221e+02;3.965418e-21
3.035721e+02;3.965017e-21
3.036221e+02;3.964615e-21
3.036721e+02;3.964213e-21
3.037221e+02;3.963812e-21
3.037722e+02;3.963410e-21
3.038222e+02;3.963009e-21
3.038722e+02;3.962608e-21
3.039222e+02;3.962207e-21
3.039722e+02;3.961806e-21
3.040222e+02;3.961405e-21
3.040722e+02;3.961004e-21
3.041222e+02;3.960603e-21
3.041722e+02;3.960202e-21
3.042222e+02;3.959802e-21
3.042722e+02;3.959401e-21
3.043222e+02;3.959001e-21
3.043722e+02;3.958600e-21
3.044222e+02;3.958200e-21
3.044722e+02;3.957800e-21
3.045222e+02;3.957400e-21
3.045722e+02;3.957000e-21
3.046222e+02;3.956600e-21
3.046722e+02;3.956200e-21
3.047222e+02;3.955800e-21
3.047722e+02;3.955401e-21
3.048222e+02;3.955001e-21
3.048722e+02;3.954602e-21
3.049222e+02;3.954202e-21
3.049722e+02;3.953803e-21
3.050222e+02;3.953404e-21
3.050722e+02;3.953005e-21
3.051222e+02;3.952606e-21
3.051722e+02;3.952207e-21
3.052222e+02;3.951808e-21
3.052722e+02;3.951409e-21
3.053222e+02;3.951010e-21
3.053722e+02;3.950612e-21
3.054222e+02;3.950213e-21
3.054722e+02;3.949815e-21
3.055222e+02;3.949416e-21
3.055722e+02;3.949018e-21
3.056222e+02;3.948620e-21
3.056722e+02;3.948222e-21
3.057222e+02;3.947824e-21
3.057722e+02;3.947426e-21
3.058222e+02;3.947028e-21
3.058722e+02;3.946630e-21
3.059222e+02;3.946233e-21
3.059722e+02;3.945835e-21
3.060222e+02;3.945438e-21
3.060722e+02;3.945040e-21
3.061222e+02;3.944643e-21
3.061722e+02;3.944246e-21
3.062222e+02;3.943849e-21
3.062723e+02;3.943452e-21
3.063223e+02;3.943055e-21
3.063723e+02;3.942658e-21
3.064223e+02;3.942261e-21
3.064723e+02;3.941865e-21
3.065223e+02;3.941468e-21
3.065723e+02;3.941071e-21
3.066223e+02;3.940675e-21
3.066723e+02;3.940279e-21
3.067223e+02;3.939882e-21
3.067723e+02;3.939486e-21
3.068223e+02;3.939090e-21
3.068723e+02;3.938694e-21
3.069223e+02;3.938298e-21
3.069723e+02;3.937902e-21
3.070223e+02;3.937507e-21
3.070723e+02;3.937111e-21
3.071223e+02;3.936716e-21
3.071723e+02;3.936320e-21
3.072223e+02;3.935925e-21
3.072723e+02;3.935529e-21
3.073223e+02;3.935134e-21
3.073723e+02;3.934739e-21
3.074223e+02;3.934344e-21
3.074723e+02;3.933949e-21
3.075223e+02;3.933554e-21
3.075723e+02;3.933159e-21
3.076223e+02;3.932765e-21
3.076723e+02;3.932370e-21
3.077223e+02;3.931976e-21
3.077723e+02;3.931581e-21
3.078223e+02;3.931187e-21
3.078723e+02;3.930793e-21
3.079223e+02;3.930398e-21
3.079723e+02;3.930004e-21
3.080223e+02;3.929610e-21
3.080723e+02;3.929216e-21
3.081223e+02;3.928823e-21
3.081723e+02;3.928429e-21
3.082223e+02;3.928035e-21
3.082723e+02;3.927642e-21
3.083223e+02;3.927248e-21
3.083723e+02;3.926855e-21
3.084223e+02;3.926461e-21
3.084723e+02;3.926068e-21
3.085223e+02;3.925675e-21
3.085723e+02;3.925282e-21
3.086223e+02;3.924889e-21
3.086723e+02;3.924496e-21
3.087223e+02;3.924103e-21
3.087724e+02;3.923710e-21
3.088224e+02;3.923318e-21
3.088724e+02;3.922925e-21
3.089224e+02;3.922533e-21
3.089724e+02;3.922140e-21
3.090224e+02;3.921748e-21
3.090724e+02;3.921356e-21
3.091224e+02;3.920964e-21
3.091724e+02;3.920572e-21
3.092224e+02;3.920180e-21
3.092724e+02;3.919788e-21
3.093224e+02;3.919396e-21
3.093724e+02;3.919004e-21
3.094224e+02;3.918613e-21
3.094724e+02;3.918221e-21
3.095224e+02;3.917830e-21
3.095724e+02;3.917439e-21
3.096224e+02;3.917047e-21
3.096724e+02;3.916656e-21
3.097224e+02;3.916265e-21
3.097724e+02;3.915874e-21
3.098224e+02;3.915483e-21
3.098724e+02;3.915092e-21
3.099224e+02;3.914701e-21
3.099724e+02;3.914311e-21
3.100224e+02;3.913920e-21
3.100724e+02;3.913530e-21
3.101224e+02;3.913139e-21
3.101724e+02;3.912749e-21
3.102224e+02;3.912359e-21
3.102724e+02;3.911968e-21
3.103224e+02;3.911578e-21
3.103724e+02;3.911188e-21
3.104224e+02;3.910798e-21
3.104724e+02;3.910409e-21
3.105224e+02;3.910019e-21
3.105724e+02;3.909629e-21
3.106224e+02;3.909240e-21
3.106724e+02;3.908850e-21
3.107224e+02;3.908461e-21
3.107724e+02;3.908071e-21
3.108224e+02;3.907682e-21
3.108724e+02;3.907293e-21
3.109224e+02;3.906904e-21
3.109724e+02;3.906515e-21
3.110224e+02;3.906126e-21
3.110724e+02;3.905737e-21
3.111224e+02;3.905348e-21
3.111724e+02;3.904960e-21
3.112224e+02;3.904571e-21
3.112725e+02;3.904183e-21
3.113225e+02;3.903794e-21
3.113725e+02;3.903406e-21
3.114225e+02;3.903018e-21
3.114725e+02;3.902630e-21
3.115225e+02;3.902241e-21
3.115725e+02;3.901854e-21
3.116225e+02;3.901466e-21
3.116725e+02;3.901078e-21
3.117225e+02;3.900690e-21
3.117725e+02;3.900302e-21
3.118225e+02;3.899915e-21
3.118725e+02;3.899527e-21
3.119225e+02;3.899140e-21
3.119725e+02;3.898753e-21
3.120225e+02;3.898365e-21
3.120725e+02;3.897978e-21
3.121225e+02;3.897591e-21
3.121725e+02;3.897204e-21
3.122225e+02;3.896817e-21
3.122725e+02;3.896430e-21
3.123225e+02;3.896044e-21
3.123725e+02;3.895657e-21
3.124225e+02;3.895271e-21
3.124725e+02;3.894884e-21
3.125225e+02;3.894498e-21
3.125725e+02;3.894111e-21
3.126225e+02;3.893725e-21
3.126725e+02;3.893339e-21
3.127225e+02;3.892953e-21
3.127725e+02;3.892567e-21
3.128225e+02;3.892181e-21
3.128725e+02;3.891795e-21
3.129225e+02;3.891409e-21
3.129725e+02;3.891024e-21
3.130225e+02;3.890638e-21
3.130725e+02;3.890253e-21
3.131225e+02;3.889867e-21
3.131725e+02;3.889482e-21
3.132225e+02;3.889097e-21
3.132725e+02;3.888712e-21
3.133225e+02;3.888327e-21
3.133725e+02;3.887942e-21
3.134225e+02;3.887557e-21
3.134725e+02;3.887172e-21
3.135225e+02;3.886787e-21
3.135725e+02;3.886402e-21
3.136225e+02;3.886018e-21
3.136725e+02;3.885633e-21
3.137225e+02;3.885249e-21
3.137726e+02;3.884865e-21
3.138226e+02;3.884480e-21
3.138726e+02;3.884096e-21
3.139226e+02;3.883712e-21
3.139726e+02;3.883328e-21
3.140226e+02;3.882944e-21
3.140726e+02;3.882560e-21
3.141226e+02;3.882177e-21
3.141726e+02;3.881793e-21
3.142226e+02;3.881409e-21
3.142726e+02;3.881026e-21
3.143226e+02;3.880642e-21
3.143726e+02;3.880259e-21
3.144226e+02;3.879876e-21
3.144726e+02;3.879493e-21
3.145226e+02;3.879110e-21
3.145726e+02;3.878727e-21
3.146226e+02;3.878344e-21
3.146726e+02;3.877961e-21
3.147226e+02;3.877578e-21
3.147726e+02;3.877195e-21
3.148226e+02;3.876813e-21
3.148726e+02;3.876430e-21
3.149226e+02;3.876048e-21
3.149726e+02;3.875665e-21
3.150226e+02;3.875283e-21
3.150726e+02;3.874901e-21
3.151226e+02;3.874519e-21
3.151726e+02;3.874137e-21
3.152226e+02;3.873755e-21
3.152726e+02;3.873373e-21
3.153226e+02;3.872991e-21
3.153726e+02;3.872609e-21
3.154226e+02;3.872228e-21
3.154726e+02;3.871846e-21
3.155226e+02;3.871465e-21
3.155726e+02;3.871083e-21
3.156226e+02;3.870702e-21
3.156726e+02;3.870321e-21
3.157226e+02;3.869940e-21
3.157726e+02;3.869559e-21
3.158226e+02;3.869178e-21
3.158726e+02;3.868797e-21
3.159226e+02;3.868416e-21
3.159726e+02;3.868035e-21
3.160226e+02;3.867655e-21
3.160726e+02;3.867274e-21
3.161226e+02;3.866894e-21
3.161726e+02;3.866513e-21
3.162226e+02;3.866133e-21
3.162727e+02;3.865753e-21
3.163227e+02;3.865372e-21
3.163727e+02;3.864992e-21
3.164227e+02;3.864612e-21
3.164727e+02;3.864232e-21
3.165227e+02;3.863853e-21
3.165727e+02;3.863473e-21
3.166227e+02;3.863093e-21
3.166727e+02;3.862714e-21
3.167227e+02;3.862334e-21
3.167727e+02;3.861955e-21
3.168227e+02;3.861575e-21
3.168727e+02;3.861196e-21
3.169227e+02;3.860817e-21
3.169727e+02;3.860438e-21
3.170227e+02;3.860059e-21
3.170727e+02;3.859680e-21
3.171227e+02;3.859301e-21
3.171727e+02;3.858922e-21
3.172227e+02;3.858543e-21
3.172727e+02;3.858165e-21
3.173227e+02;3.857786e-21
3.173727e+02;3.857408e-21
3.174227e+02;3.857029e-21
3.174727e+02;3.856651e-21
3.175227e+02;3.856273e-21
3.175727e+02;3.855895e-21
3.176227e+02;3.855517e-21
3.176727e+02;3.855139e-21
3.177227e+02;3.854761e-21
3.177727e+02;3.854383e-21
3.178227e+02;3.854005e-21
3.178727e+02;3.853628e-21
3.179227e+02;3.853250e-21
3.179727e+02;3.852872e-21
3.180227e+02;3.852495e-21
3.180727e+02;3.852118e-21
3.181227e+02;3.851740e-21
3.181727e+02;3.851363e-21
3.182227e+02;3.850986e-21
3.182727e+02;3.850609e-21
3.183227e+02;3.850232e-21
3.183727e+02;3.849855e-21
3.184227e+02;3.849478e-21
3.184727e+02;3.849102e-21
3.185227e+02;3.848725e-21
3.185727e+02;3.848349e-21
3.186227e+02;3.847972e-21
3.186727e+02;3.847596e-21
3.187227e+02;3.847219e-21
3.187728e+02;3.846843e-21
3.188228e+02;3.846467e-21
3.188728e+02;3.846091e-21
3.189228e+02;3.845715e-21
3.189728e+02;3.845339e-21
3.190228e+02;3.844963e-21
3.190728e+02;3.844588e-21
3.191228e+02;3.844212e-21
3.191728e+02;3.843836e-21
3.192228e+02;3.843461e-21
3.192728e+02;3.843085e-21
3.193228e+02;3.842710e-21
3.193728e+02;3.842335e-21
3.194228e+02;3.841960e-21
3.194728e+02;3.841584e-21
3.195228e+02;3.841209e-21
3.195728e+02;3.840834e-21
3.196228e+02;3.840460e-21
3.196728e+02;3.840085e-21
3.197228e+02;3.839710e-21
3.197728e+02;3.839335e-21
3.198228e+02;3.838961e-21
3.198728e+02;3.838586e-21
3.199228e+02;3.838212e-21
3.199728e+02;3.837838e-21
3.200228e+02;3.837463e-21
3.200728e+02;3.837089e-21
3.201228e+02;3.836715e-21
3.201728e+02;3.836341e-21
3.202228e+02;3.835967e-21
3.202728e+02;3.835593e-21
3.203228e+02;3.835220e-21
3.203728e+02;3.834846e-21
3.204228e+02;3.834472e-21
3.204728e+02;3.834099e-21
3.205228e+02;3.833725e-21
3.205728e+02;3.833352e-21
3.206228e+02;3.832979e-21
3.206728e+02;3.832605e-21
3.207228e+02;3.832232e-21
3.207728e+02;3.831859e-21
3.208228e+02;3.831486e-21
3.208728e+02;3.831113e-21
3.209228e+02;3.830740e-21
3.209728e+02;3.830368e-21
3.210228e+02;3.829995e-21
3.210728e+02;3.829622e-21
3.211228e+02;3.829250e-21
3.211728e+02;3.828878e-21
3.212228e+02;3.828505e-21
3.212729e+02;3.828133e-21
3.213229e+02;3.827761e-21
3.213729e+02;3.827389e-21
3.214229e+02;3.827017e-21
3.214729e+02;3.826645e-21
3.215229e+02;3.826273e-21
3.215729e+02;3.825901e-21
3.216229e+02;3.825529e-21
3.216729e+02;3.825157e-21
3.217229e+02;3.824786e-21
3.217729e+02;3.824414e-21
3.218229e+02;3.824043e-21
3.218729e+02;3.823672e-21
3.219229e+02;3.823300e-21
3.219729e+02;3.822929e-21
3.220229e+02;3.822558e-21
3.220729e+02;3.822187e-21
3.221229e+02;3.821816e-21
3.221729e+02;3.821445e-21
3.222229e+02;3.821074e-21
3.222729e+02;3.820704e-21
3.223229e+02;3.820333e-21
3.223729e+02;3.819963e-21
3.224229e+02;3.819592e-21
3.224729e+02;3.819222e-21
3.225229e+02;3.818851e-21
3.225729e+02;3.818481e-21
3.226229e+02;3.818111e-21
3.226729e+02;3.817741e-21
3.227229e+02;3.817371e-21
3.227729e+02;3.817001e-21
3.228229e+02;3.816631e-21
3.228729e+02;3.816261e-21
3.229229e+02;3.815891e-21
3.229729e+02;3.815522e-21
3.230229e+02;3.815152e-21
3.230729e+02;3.814783e-21
3.231229e+02;3.814413e-21
3.231729e+02;3.814044e-21
3.232229e+02;3.813675e-21
3.232729e+02;3.813306e-21
3.233229e+02;3.812937e-21
3.233729e+02;3.812568e-21
3.234229e+02;3.812199e-21
3.234729e+02;3.811830e-21
3.235229e+02;3.811461e-21
3.235729e+02;3.811092e-21
3.236229e+02;3.810724e-21
3.236729e+02;3.810355e-21
3.237229e+02;3.809987e-21
3.237730e+02;3.809618e-21
3.238230e+02;3.809250e-21
3.238730e+02;3.808882e-21
3.239230e+02;3.808514e-21
3.239730e+02;3.808145e-21
3.240230e+02;3.807777e-21
3.240730e+02;3.807410e-21
3.241230e+02;3.807042e-21
3.241730e+02;3.806674e-21
3.242230e+02;3.806306e-21
3.242730e+02;3.805939e-21
3.243230e+02;3.805571e-21
3.243730e+02;3.805204e-21
3.244230e+02;3.804836e-21
3.244730e+02;3.804469e-21
3.245230e+02;3.804102e-21
3.245730e+02;3.803734e-21
3.246230e+02;3.803367e-21
3.246730e+02;3.803000e-21
3.247230e+02;3.802633e-21
3.247730e+02;3.802266e-21
3.248230e+02;3.801900e-21
3.248730e+02;3.801533e-21
3.249230e+02;3.801166e-21
3.249730e+02;3.800800e-21
3.250230e+02;3.800433e-21
3.250730e+02;3.800067e-21
3.251230e+02;3.799701e-21
3.251730e+02;3.799334e-21
3.252230e+02;3.798968e-21
3.252730e+02;3.798602e-21
3.253230e+02;3.798236e-21
3.253730e+02;3.797870e-21
3.254230e+02;3.797504e-21
3.254730e+02;3.797138e-21
3.255230e+02;3.796773e-21
3.255730e+02;3.796407e-21
3.256230e+02;3.796042e-21
3.256730e+02;3.795676e-21
3.257230e+02;3.795311e-21
3.257730e+02;3.794945e-21
3.258230e+02;3.794580e-21
3.258730e+02;3.794215e-21
3.259230e+02;3.793850e-21
3.259730e+02;3.793485e-21
3.260230e+02;3.793120e-21
3.260730e+02;3.792755e-21
3.261230e+02;3.792390e-21
3.261730e+02;3.792025e-21
3.262230e+02;3.791661e-21
3.262731e+02;3.791296e-21
3.263231e+02;3.790932e-21
3.263731e+02;3.790567e-21
3.264231e+02;3.790203e-21
3.264731e+02;3.789839e-21
3.265231e+02;3.789474e-21
3.265731e+02;3.789110e-21
3.266231e+02;3.788746e-21
3.266731e+02;3.788382e-21
3.267231e+02;3.788018e-21
3.267731e+02;3.787654e-21
3.268231e+02;3.787291e-21
3.268731e+02;3.786927e-21
3.269231e+02;3.786563e-21
3.269731e+02;3.786200e-21
3.270231e+02;3.785836e-21
3.270731e+02;3.785473e-21
3.271231e+02;3.785110e-21
3.271731e+02;3.784747e-21
3.272231e+02;3.784383e-21
3.272731e+02;3.784020e-21
3.273231e+02;3.783657e-21
3.273731e+02;3.783294e-21
3.274231e+02;3.782932e-21
3.274731e+02;3.782569e-21
3.275231e+02;3.782206e-21
3.275731e+02;3.781844e-21
3.276231e+02;3.781481e-21
3.276731e+02;3.781119e-21
3.277231e+02;3.780756e-21
3.277731e+02;3.780394e-21
3.278231e+02;3.780032e-21
3.278731e+02;3.779669e-21
3.279231e+02;3.779307e-21
3.279731e+02;3.778945e-21
3.280231e+02;3.778583e-21
3.280731e+02;3.778221e-21
3.281231e+02;3.777860e-21
3.281731e+02;3.777498e-21
3.282231e+02;3.777136e-21
3.282731e+02;3.776775e-21
3.283231e+02;3.776413e-21
3.283731e+02;3.776052e-21
3.284231e+02;3.775690e-21
3.284731e+02;3.775329e-21
3.285231e+02;3.774968e-21
3.285731e+02;3.774607e-21
3.286231e+02;3.774246e-21
3.286731e+02;3.773885e-21
3.287231e+02;3.773524e-21
3.287732e+02;3.773163e-21
3.288232e+02;3.772802e-21
3.288732e+02;3.772442e-21
3.289232e+02;3.772081e-21
3.289732e+02;3.771721e-21
3.290232e+02;3.771360e-21
3.290732e+02;3.771000e-21
3.291232e+02;3.770639e-21
3.291732e+02;3.770279e-21
3.292232e+02;3.769919e-21
3.292732e+02;3.769559e-21
3.293232e+02;3.769199e-21
3.293732e+02;3.768839e-21
3.294232e+02;3.768479e-21
3.294732e+02;3.768119e-21
3.295232e+02;3.767760e-21
3.295732e+02;3.767400e-21
3.296232e+02;3.767040e-21
3.296732e+02;3.766681e-21
3.297232e+02;3.766322e-21
3.297732e+02;3.765962e-21
3.298232e+02;3.765603e-21
3.298732e+02;3.765244e-21
3.299232e+02;3.764885e-21
3.299732e+02;3.764526e-21
3.300232e+02;3.764167e-21
3.300732e+02;3.763808e-21
3.301232e+02;3.763449e-21
3.301732e+02;3.763090e-21
3.302232e+02;3.762731e-21
3.302732e+02;3.762373e-21
3.303232e+02;3.762014e-21
3.303732e+02;3.761656e-21
3.304232e+02;3.761297e-21
3.304732e+02;3.760939e-21
3.305232e+02;3.760581e-21
3.305732e+02;3.760223e-21
3.306232e+02;3.759865e-21
3.306732e+02;3.759507e-21
3.307232e+02;3.759149e-21
3.307732e+02;3.758791e-21
3.308232e+02;3.758433e-21
3.308732e+02;3.758075e-21
3.309232e+02;3.757718e-21
3.309732e+02;3.757360e-21
3.310232e+02;3.757003e-21
3.310732e+02;3.756645e-21
3.311232e+02;3.756288e-21
3.311732e+02;3.755931e-21
3.312232e+02;3.755573e-21
3.312733e+02;3.755216e-21
3.313233e+02;3.754859e-21
3.313733e+02;3.754502e-21
3.314233e+02;3.754145e-21
3.314733e+02;3.753788e-21
3.315233e+02;3.753432e-21
3.315733e+02;3.753075e-21
3.316233e+02;3.752718e-21
3.316733e+02;3.752362e-21
3.317233e+02;3.752005e-21
3.317733e+02;3.751649e-21
3.318233e+02;3.751293e-21
3.318733e+02;3.750936e-21
3.319233e+02;3.750580e-21
3.319733e+02;3.750224e-21
3.320233e+02;3.749868e-21
3.320733e+02;3.749512e-21
3.321233e+02;3.749156e-21
3.321733e+02;3.748800e-21
3.322233e+02;3.748445e-21
3.322733e+02;3.748089e-21
3.323233e+02;3.747733e-21
3.323733e+02;3.747378e-21
3.324233e+02;3.747022e-21
3.324733e+02;3.746667e-21
3.325233e+02;3.746312e-21
3.325733e+02;3.745956e-21
3.326233e+02;3.745601e-21
3.326733e+02;3.745246e-21
3.327233e+02;3.744891e-21
3.327733e+02;3.744536e-21
3.328233e+02;3.744181e-21
3.328733e+02;3.743826e-21
3.329233e+02;3.743472e-21
3.329733e+02;3.743117e-21
3.330233e+02;3.742762e-21
3.330733e+02;3.742408e-21
3.331233e+02;3.742054e-21
3.331733e+02;3.741699e-21
3.332233e+02;3.741345e-21
3.332733e+02;3.740991e-21
3.333233e+02;3.740636e-21
3.333733e+02;3.740282e-21
3.334233e+02;3.739928e-21
3.334733e+02;3.739574e-21
3.335233e+02;3.739221e-21
3.335733e+02;3.738867e-21
3.336233e+02;3.738513e-21
3.336733e+02;3.738159e-21
3.337233e+02;3.737806e-21
3.337734e+02;3.737452e-21
3.338234e+02;3.737099e-21
3.338734e+02;3.736746e-21
3.339234e+02;3.736392e-21
3.339734e+02;3.736039e-21
3.340234e+02;3.735686e-21
3.340734e+02;3.735333e-21
3.341234e+02;3.734980e-21
3.341734e+02;3.734627e-21
3.342234e+02;3.734274e-21
3.342734e+02;3.733921e-21
3.343234e+02;3.733569e-21
3.343734e+02;3.733216e-21
3.344234e+02;3.732863e-21
3.344734e+02;3.732511e-21
3.345234e+02;3.732158e-21
3.345734e+02;3.731806e-21
3.346234e+02;3.731454e-21
3.346734e+02;3.731102e-21
3.347234e+02;3.730749e-21
3.347734e+02;3.730397e-21
3.348234e+02;3.730045e-21
3.348734e+02;3.729693e-21
3.349234e+02;3.729342e-21
3.349734e+02;3.728990e-21
3.350234e+02;3.728638e-21
3.350734e+02;3.728287e-21
3.351234e+02;3.727935e-21
3.351734e+02;3.727583e-21
3.352234e+02;3.727232e-21
3.352734e+02;3.726881e-21
3.353234e+02;3.726529e-21
3.353734e+02;3.726178e-21
3.354234e+02;3.725827e-21
3.354734e+02;3.725476e-21
3.355234e+02;3.725125e-21
3.355734e+02;3.724774e-21
3.356234e+02;3.724423e-21
3.356734e+02;3.724072e-21
3.357234e+02;3.723722e-21
3.357734e+02;3.723371e-21
3.358234e+02;3.723020e-21
3.358734e+02;3.722670e-21
3.359234e+02;3.722320e-21
3.359734e+02;3.721969e-21
3.360234e+02;3.721619e-21
3.360734e+02;3.721269e-21
3.361234e+02;3.720919e-21
3.361734e+02;3.720568e-21
3.362234e+02;3.720218e-21
3.362735e+02;3.719869e-21
3.363235e+02;3.719519e-21
3.363735e+02;3.719169e-21
3.364235e+02;3.718819e-21
3.364735e+02;3.718470e-21
3.365235e+02;3.718120e-21
3.365735e+02;3.717770e-21
3.366235e+02;3.717421e-21
3.366735e+02;3.717072e-21
3.367235e+02;3.716722e-21
3.367735e+02;3.716373e-21
3.368235e+02;3.716024e-21
3.368735e+02;3.715675e-21
3.369235e+02;3.715326e-21
3.369735e+02;3.714977e-21
3.370235e+02;3.714628e-21
3.370735e+02;3.714279e-21
3.371235e+02;3.713931e-21
3.371735e+02;3.713582e-21
3.372235e+02;3.713233e-21
3.372735e+02;3.712885e-21
3.373235e+02;3.712536e-21
3.373735e+02;3.712188e-21
3.374235e+02;3.711840e-21
3.374735e+02;3.711491e-21
3.375235e+02;3.711143e-21
3.375735e+02;3.710795e-21
3.376235e+02;3.710447e-21
3.376735e+02;3.710099e-21
3.377235e+02;3.709751e-21
3.377735e+02;3.709403e-21
3.378235e+02;3.709056e-21
3.378735e+02;3.708708e-21
3.379235e+02;3.708360e-21
3.379735e+02;3.708013e-21
3.380235e+02;3.707665e-21
3.380735e+02;3.707318e-21
3.381235e+02;3.706971e-21
3.381735e+02;3.706623e-21
3.382235e+02;3.706276e-21
3.382735e+02;3.705929e-21
3.383235e+02;3.705582e-21
3.383735e+02;3.705235e-21
3.384235e+02;3.704888e-21
3.384735e+02;3.704541e-21
3.385235e+02;3.704195e-21
3.385735e+02;3.703848e-21
3.386235e+02;3.703501e-21
3.386735e+02;3.703155e-21
3.387235e+02;3.702808e-21
3.387736e+02;3.702462e-21
3.388236e+02;3.702116e-21
3.388736e+02;3.701769e-21
3.389236e+02;3.701423e-21
3.389736e+02;3.701077e-21
3.390236e+02;3.700731e-21
3.390736e+02;3.700385e-21
3.391236e+02;3.700039e-21
3.391736e+02;3.699693e-21
3.392236e+02;3.699347e-21
3.392736e+02;3.699002e-21
3.393236e+02;3.698656e-21
3.393736e+02;3.698310e-21
3.394236e+02;3.697965e-21
3.394736e+02;3.697619e-21
3.395236e+02;3.697274e-21
3.395736e+02;3.696929e-21
3.396236e+02;3.696583e-21
3.396736e+02;3.696238e-21
3.397236e+02;3.695893e-21
3.397736e+02;3.695548e-21
3.398236e+02;3.695203e-21
3.398736e+02;3.694858e-21
3.399236e+02;3.694514e-21
3.399736e+02;3.694169e-21
3.400236e+02;3.693824e-21
3.400736e+02;3.693479e-21
3.401236e+02;3.693135e-21
3.401736e+02;3.692790e-21
3.402236e+02;3.692446e-21
3.402736e+02;3.692102e-21
3.403236e+02;3.691757e-21
3.403736e+02;3.691413e-21
3.404236e+02;3.691069e-21
3.404736e+02;3.690725e-21
3.405236e+02;3.690381e-21
3.405736e+02;3.690037e-21
3.406236e+02;3.689693e-21
3.406736e+02;3.689350e-21
3.407236e+02;3.689006e-21
3.407736e+02;3.688662e-21
3.408236e+02;3.688319e-21
3.408736e+02;3.687975e-21
3.409236e+02;3.687632e-21
3.409736e+02;3.687288e-21
3.410236e+02;3.686945e-21
3.410736e+02;3.686602e-21
3.411236e+02;3.686259e-21
3.411736e+02;3.685915e-21
3.412236e+02;3.685572e-21
3.412737e+02;3.685229e-21
3.413237e+02;3.684887e-21
3.413737e+02;3.684544e-21
3.414237e+02;3.684201e-21
3.414737e+02;3.683858e-21
3.415237e+02;3.683516e-21
3.415737e+02;3.683173e-21
3.416237e+02;3.682831e-21
3.416737e+02;3.682488e-21
3.417237e+02;3.682146e-21
3.417737e+02;3.681804e-21
3.418237e+02;3.681461e-21
3.418737e+02;3.681119e-21
3.419237e+02;3.680777e-21
3.419737e+02;3.680435e-21
3.420237e+02;3.680093e-21
3.420737e+02;3.679751e-21
3.421237e+02;3.679410e-21
3.421737e+02;3.679068e-21
3.422237e+02;3.678726e-21
3.422737e+02;3.678385e-21
3.423237e+02;3.678043e-21
3.423737e+02;3.677702e-21
3.424237e+02;3.677360e-21
3.424737e+02;3.677019e-21
3.425237e+02;3.676678e-21
3.425737e+02;3.676337e-21
3.426237e+02;3.675995e-21
3.426737e+02;3.675654e-21
3.427237e+02;3.675313e-21
3.427737e+02;3.674973e-21
3.428237e+02;3.674632e-21
3.428737e+02;3.674291e-21
3.429237e+02;3.673950e-21
3.429737e+02;3.673610e-21
3.430237e+02;3.673269e-21
3.430737e+02;3.672929e-21
3.431237e+02;3.672588e-21
3.431737e+02;3.672248e-21
3.432237e+02;3.671907e-21
3.432737e+02;3.671567e-21
3.433237e+02;3.671227e-21
3.433737e+02;3.670887e-21
3.434237e+02;3.670547e-21
3.434737e+02;3.670207e-21
3.435237e+02;3.669867e-21
3.435737e+02;3.669527e-21
3.436237e+02;3.669187e-21
3.436737e+02;3.668848e-21
3.437237e+02;3.668508e-21
3.437738e+02;3.668169e-21
3.438238e+02;3.667829e-21
3.438738e+02;3.667490e-21
3.439238e+02;3.667150e-21
3.439738e+02;3.666811e-21
3.440238e+02;3.666472e-21
3.440738e+02;3.666133e-21
3.441238e+02;3.665794e-21
3.441738e+02;3.665455e-21
3.442238e+02;3.665116e-21
3.442738e+02;3.664777e-21
3.443238e+02;3.664438e-21
3.443738e+02;3.664099e-21
3.444238e+02;3.663761e-21
3.444738e+02;3.663422e-21
3.445238e+02;3.663083e-21
3.445738e+02;3.662745e-21
3.446238e+02;3.662407e-21
3.446738e+02;3.662068e-21
3.447238e+02;3.661730e-21
3.447738e+02;3.661392e-21
3.448238e+02;3.661054e-21
3.448738e+02;3.660715e-21
3.449238e+02;3.660377e-21
3.449738e+02;3.660040e-21
3.450238e+02;3.659702e-21
3.450738e+02;3.659364e-21
3.451238e+02;3.659026e-21
3.451738e+02;3.658688e-21
3.452238e+02;3.658351e-21
3.452738e+02;3.658013e-21
3.453238e+02;3.657676e-21
3.453738e+02;3.657338e-21
3.454238e+02;3.657001e-21
3.454738e+02;3.656664e-21
3.455238e+02;3.656327e-21
3.455738e+02;3.655989e-21
3.456238e+02;3.655652e-21
3.456738e+02;3.655315e-21
3.457238e+02;3.654978e-21
3.457738e+02;3.654642e-21
3.458238e+02;3.654305e-21
3.458738e+02;3.653968e-21
3.459238e+02;3.653631e-21
3.459738e+02;3.653295e-21
3.460238e+02;3.652958e-21
3.460738e+02;3.652622e-21
3.461238e+02;3.652285e-21
3.461738e+02;3.651949e-21
3.462238e+02;3.651613e-21
3.462739e+02;3.651277e-21
3.463239e+02;3.650940e-21
3.463739e+02;3.650604e-21
3.464239e+02;3.650268e-21
3.464739e+02;3.649932e-21
3.465239e+02;3.649597e-21
3.465739e+02;3.649261e-21
3.466239e+02;3.648925e-21
3.466739e+02;3.648589e-21
3.467239e+02;3.648254e-21
3.467739e+02;3.647918e-21
3.468239e+02;3.647583e-21
3.468739e+02;3.647247e-21
3.469239e+02;3.646912e-21
3.469739e+02;3.646577e-21
3.470239e+02;3.646241e-21
3.470739e+02;3.645906e-21
3.471239e+02;3.645571e-21
3.471739e+02;3.645236e-21
3.472239e+02;3.644901e-21
3.472739e+02;3.644566e-21
3.473239e+02;3.644232e-21
3.473739e+02;3.643897e-21
3.474239e+02;3.643562e-21
3.474739e+02;3.643228e-21
3.475239e+02;3.642893e-21
3.475739e+02;3.642558e-21
3.476239e+02;3.642224e-21
3.476739e+02;3.641890e-21
3.477239e+02;3.641555e-21
3.477739e+02;3.641221e-21
3.478239e+02;3.640887e-21
3.478739e+02;3.640553e-21
3.479239e+02;3.640219e-21
3.479739e+02;3.639885e-21
3.480239e+02;3.639551e-21
3.480739e+02;3.639217e-21
3.481239e+02;3.638884e-21
3.481739e+02;3.638550e-21
3.482239e+02;3.638216e-21
3.482739e+02;3.637883e-21
3.483239e+02;3.637549e-21
3.483739e+02;3.637216e-21
3.484239e+02;3.636882e-21
3.484739e+02;3.636549e-21
3.485239e+02;3.636216e-21
3.485739e+02;3.635883e-21
3.486239e+02;3.635550e-21
3.486739e+02;3.635216e-21
3.487239e+02;3.634884e-21
3.487740e+02;3.634551e-21
3.488240e+02;3.634218e-21
3.488740e+02;3.633885e-21
3.489240e+02;3.633552e-21
3.489740e+02;3.633220e-21
3.490240e+02;3.632887e-21
3.490740e+02;3.632555e-21
3.491240e+02;3.632222e-21
3.491740e+02;3.631890e-21
3.492240e+02;3.631557e-21
3.492740e+02;3.631225e-21
3.493240e+02;3.630893e-21
3.493740e+02;3.630561e-21
3.494240e+02;3.630229e-21
3.494740e+02;3.629897e-21
3.495240e+02;3.629565e-21
3.495740e+02;3.629233e-21
3.496240e+02;3.628901e-21
3.496740e+02;3.628569e-21
3.497240e+02;3.628238e-21
3.497740e+02;3.627906e-21
3.498240e+02;3.627575e-21
3.498740e+02;3.627243e-21
3.499240e+02;3.626912e-21
3.499740e+02;3.626580e-21
3.500240e+02;3.626249e-21
3.500740e+02;3.625918e-21
3.501240e+02;3.625587e-21
3.501740e+02;3.625256e-21
3.502240e+02;3.624925e-21
3.502740e+02;3.624594e-21
3.503240e+02;3.624263e-21
3.503740e+02;3.623932e-21
3.504240e+02;3.623601e-21
3.504740e+02;3.623271e-21
3.505240e+02;3.622940e-21
3.505740e+02;3.622609e-21
3.506240e+02;3.622279e-21
3.506740e+02;3.621948e-21
3.507240e+02;3.621618e-21
3.507740e+02;3.621288e-21
3.508240e+02;3.620958e-21
3.508740e+02;3.620627e-21
3.509240e+02;3.620297e-21
3.509740e+02;3.619967e-21
3.510240e+02;3.619637e-21
3.510740e+02;3.619307e-21
3.511240e+02;3.618977e-21
3.511740e+02;3.618648e-21
3.512240e+02;3.618318e-21
3.512741e+02;3.617988e-21
3.513241e+02;3.617659e-21
3.513741e+02;3.617329e-21
3.514241e+02;3.617000e-21
3.514741e+02;3.616670e-21
3.515241e+02;3.616341e-21
3.515741e+02;3.616012e-21
3.516241e+02;3.615682e-21
3.516741e+02;3.615353e-21
3.517241e+02;3.615024e-21
3.517741e+02;3.614695e-21
3.518241e+02;3.614366e-21
3.518741e+02;3.614037e-21
3.519241e+02;3.613708e-21
3.519741e+02;3.613380e-21
3.520241e+02;3.613051e-21
3.520741e+02;3.612722e-21
3.521241e+02;3.612394e-21
3.521741e+02;3.612065e-21
3.522241e+02;3.611737e-21
3.522741e+02;3.611409e-21
3.523241e+02;3.611080e-21
3.523741e+02;3.610752e-21
3.524241e+02;3.610424e-21
3.524741e+02;3.610096e-21
3.525241e+02;3.609768e-21
3.525741e+02;3.609440e-21
3.526241e+02;3.609112e-21
3.526741e+02;3.608784e-21
3.527241e+02;3.608456e-21
3.527741e+02;3.608128e-21
3.528241e+02;3.607801e-21
3.528741e+02;3.607473e-21
3.529241e+02;3.607145e-21
3.529741e+02;3.606818e-21
3.530241e+02;3.606491e-21
3.530741e+02;3.606163e-21
3.531241e+02;3.605836e-21
3.531741e+02;3.605509e-21
3.532241e+02;3.605181e-21
3.532741e+02;3.604854e-21
3.533241e+02;3.604527e-21
3.533741e+02;3.604200e-21
3.534241e+02;3.603873e-21
3.534741e+02;3.603547e-21
3.535241e+02;3.603220e-21
3.535741e+02;3.602893e-21
3.536241e+02;3.602566e-21
3.536741e+02;3.602240e-21
3.537241e+02;3.601913e-21
3.537742e+02;3.601587e-21
3.538242e+02;3.601260e-21
3.538742e+02;3.600934e-21
3.539242e+02;3.600608e-21
3.539742e+02;3.600282e-21
3.540242e+02;3.599956e-21
3.540742e+02;3.599629e-21
3.541242e+02;3.599303e-21
3.541742e+02;3.598977e-21
3.542242e+02;3.598652e-21
3.542742e+02;3.598326e-21
3.543242e+02;3.598000e-21
3.543742e+02;3.597674e-21
3.544242e+02;3.597349e-21
3.544742e+02;3.597023e-21
3.545242e+02;3.596697e-21
3.545742e+02;3.596372e-21
3.546242e+02;3.596047e-21
3.546742e+02;3.595721e-21
3.547242e+02;3.595396e-21
3.547742e+02;3.595071e-21
3.548242e+02;3.594746e-21
3.548742e+02;3.594421e-21
3.549242e+02;3.594096e-21
3.549742e+02;3.593771e-21
3.550242e+02;3.593446e-21
3.550742e+02;3.593121e-21
3.551242e+02;3.592796e-21
3.551742e+02;3.592472e-21
3.552242e+02;3.592147e-21
3.552742e+02;3.591822e-21
3.553242e+02;3.591498e-21
3.553742e+02;3.591173e-21
3.554242e+02;3.590849e-21
3.554742e+02;3.590525e-21
3.555242e+02;3.590200e-21
3.555742e+02;3.589876e-21
3.556242e+02;3.589552e-21
3.556742e+02;3.589228e-21
3.557242e+02;3.588904e-21
3.557742e+02;3.588580e-21
3.558242e+02;3.588256e-21
3.558742e+02;3.587932e-21
3.559242e+02;3.587609e-21
3.559742e+02;3.587285e-21
3.560242e+02;3.586961e-21
3.560742e+02;3.586638e-21
3.561242e+02;3.586314e-21
3.561742e+02;3.585991e-21
3.562242e+02;3.585667e-21
3.562743e+02;3.585344e-21
3.563243e+02;3.585021e-21
3.563743e+02;3.584698e-21
3.564243e+02;3.584374e-21
3.564743e+02;3.584051e-21
3.565243e+02;3.583728e-21
3.565743e+02;3.583405e-21
3.566243e+02;3.583083e-21
3.566743e+02;3.582760e-21
3.567243e+02;3.582437e-21
3.567743e+02;3.582114e-21
3.568243e+02;3.581792e-21
3.568743e+02;3.581469e-21
3.569243e+02;3.581147e-21
3.569743e+02;3.580824e-21
3.570243e+02;3.580502e-21
3.570743e+02;3.580179e-21
3.571243e+02;3.579857e-21
3.571743e+02;3.579535e-21
3.572243e+02;3.579213e-21
3.572743e+02;3.578891e-21
3.573243e+02;3.578569e-21
3.573743e+02;3.578247e-21
3.574243e+02;3.577925e-21
3.574743e+02;3.577603e-21
3.575243e+02;3.577281e-21
3.575743e+02;3.576960e-21
3.576243e+02;3.576638e-21
3.576743e+02;3.576316e-21
3.577243e+02;3.575995e-21
3.577743e+02;3.575673e-21
3.578243e+02;3.575352e-21
3.578743e+02;3.575031e-21
3.579243e+02;3.574709e-21
3.579743e+02;3.574388e-21
3.580243e+02;3.574067e-21
3.580743e+02;3.573746e-21
3.581243e+02;3.573425e-21
3.581743e+02;3.573104e-21
3.582243e+02;3.572783e-21
3.582743e+02;3.572462e-21
3.583243e+02;3.572142e-21
3.583743e+02;3.571821e-21
3.584243e+02;3.571500e-21
3.584743e+02;3.571180e-21
3.585243e+02;3.570859e-21
3.585743e+02;3.570539e-21
3.586243e+02;3.570218e-21
3.586743e+02;3.569898e-21
3.587243e+02;3.569578e-21
3.587744e+02;3.569257e-21
3.588244e+02;3.568937e-21
3.588744e+02;3.568617e-21
3.589244e+02;3.568297e-21
3.589744e+02;3.567977e-21
3.590244e+02;3.567657e-21
3.590744e+02;3.567337e-21
3.591244e+02;3.567018e-21
3.591744e+02;3.566698e-21
3.592244e+02;3.566378e-21
3.592744e+02;3.566059e-21
3.593244e+02;3.565739e-21
3.593744e+02;3.565420e-21
3.594244e+02;3.565100e-21
3.594744e+02;3.564781e-21
3.595244e+02;3.564461e-21
3.595744e+02;3.564142e-21
3.596244e+02;3.563823e-21
3.596744e+02;3.563504e-21
3.597244e+02;3.563185e-21
3.597744e+02;3.562866e-21
3.598244e+02;3.562547e-21
3.598744e+02;3.562228e-21
3.599244e+02;3.561909e-21
3.599744e+02;3.561591e-21
3.600244e+02;3.561272e-21
3.600744e+02;3.560953e-21
3.601244e+02;3.560635e-21
3.601744e+02;3.560316e-21
3.602244e+02;3.559998e-21
3.602744e+02;3.559679e-21
3.603244e+02;3.559361e-21
3.603744e+02;3.559043e-21
3.604244e+02;3.558725e-21
3.604744e+02;3.558406e-21
3.605244e+02;3.558088e-21
3.605744e+02;3.557770e-21
3.606244e+02;3.557452e-21
3.606744e+02;3.557134e-21
3.607244e+02;3.556817e-21
3.607744e+02;3.556499e-21
3.608244e+02;3.556181e-21
3.608744e+02;3.555863e-21
3.609244e+02;3.555546e-21
3.609744e+02;3.555228e-21
3.610244e+02;3.554911e-21
3.610744e+02;3.554593e-21
3.611244e+02;3.554276e-21
3.611744e+02;3.553959e-21
3.612244e+02;3.553642e-21
3.612745e+02;3.553324e-21
3.613245e+02;3.553007e-21
3.613745e+02;3.552690e-21
3.614245e+02;3.552373e-21
3.614745e+02;3.552056e-21
3.615245e+02;3.551739e-21
3.615745e+02;3.551423e-21
3.616245e+02;3.551106e-21
3.616745e+02;3.550789e-21
3.617245e+02;3.550473e-21
3.617745e+02;3.550156e-21
3.618245e+02;3.549840e-21
3.618745e+02;3.549523e-21
3.619245e+02;3.549207e-21
3.619745e+02;3.548890e-21
3.620245e+02;3.548574e-21
3.620745e+02;3.548258e-21
3.621245e+02;3.547942e-21
3.621745e+02;3.547626e-21
3.622245e+02;3.547310e-21
3.622745e+02;3.546994e-21
3.623245e+02;3.546678e-21
3.623745e+02;3.546362e-21
3.624245e+02;3.546046e-21
3.624745e+02;3.545731e-21
3.625245e+02;3.545415e-21
3.625745e+02;3.545099e-21
3.626245e+02;3.544784e-21
3.626745e+02;3.544468e-21
3.627245e+02;3.544153e-21
3.627745e+02;3.543837e-21
3.628245e+02;3.543522e-21
3.628745e+02;3.543207e-21
3.629245e+02;3.542892e-21
3.629745e+02;3.542577e-21
3.630245e+02;3.542262e-21
3.630745e+02;3.541947e-21
3.631245e+02;3.541632e-21
3.631745e+02;3.541317e-21
3.632245e+02;3.541002e-21
3.632745e+02;3.540687e-21
3.633245e+02;3.540373e-21
3.633745e+02;3.540058e-21
3.634245e+02;3.539743e-21
3.634745e+02;3.539429e-21
3.635245e+02;3.539114e-21
3.635745e+02;3.538800e-21
3.636245e+02;3.538486e-21
3.636745e+02;3.538171e-21
3.637245e+02;3.537857e-21
3.637746e+02;3.537543e-21
3.638246e+02;3.537229e-21
3.638746e+02;3.536915e-21
3.639246e+02;3.536601e-21
3.639746e+02;3.536287e-21
3.640246e+02;3.535973e-21
3.640746e+02;3.535659e-21
3.641246e+02;3.535345e-21
3.641746e+02;3.535032e-21
3.642246e+02;3.534718e-21
3.642746e+02;3.534405e-21
3.643246e+02;3.534091e-21
3.643746e+02;3.533778e-21
3.644246e+02;3.533464e-21
3.644746e+02;3.533151e-21
3.645246e+02;3.532838e-21
3.645746e+02;3.532524e-21
3.646246e+02;3.532211e-21
3.646746e+02;3.531898e-21
3.647246e+02;3.531585e-21
3.647746e+02;3.531272e-21
3.648246e+02;3.530959e-21
3.648746e+02;3.530646e-21
3.649246e+02;3.530334e-21
3.649746e+02;3.530021e-21
3.650246e+02;3.529708e-21
3.650746e+02;3.529396e-21
3.651246e+02;3.529083e-21
3.651746e+02;3.528771e-21
3.652246e+02;3.528458e-21
3.652746e+02;3.528146e-21
3.653246e+02;3.527833e-21
3.653746e+02;3.527521e-21
3.654246e+02;3.527209e-21
3.654746e+02;3.526897e-21
3.655246e+02;3.526585e-21
3.655746e+02;3.526273e-21
3.656246e+02;3.525961e-21
3.656746e+02;3.525649e-21
3.657246e+02;3.525337e-21
3.657746e+02;3.525025e-21
3.658246e+02;3.524713e-21
3.658746e+02;3.524402e-21
3.659246e+02;3.524090e-21
3.659746e+02;3.523779e-21
3.660246e+02;3.523467e-21
3.660746e+02;3.523156e-21
3.661246e+02;3.522844e-21
3.661746e+02;3.522533e-21
3.662246e+02;3.522222e-21
3.662747e+02;3.521911e-21
3.663247e+02;3.521599e-21
3.663747e+02;3.521288e-21
3.664247e+02;3.520977e-21
3.664747e+02;3.520666e-21
3.665247e+02;3.520355e-21
3.665747e+02;3.520045e-21
3.666247e+02;3.519734e-21
3.666747e+02;3.519423e-21
3.667247e+02;3.519112e-21
3.667747e+02;3.518802e-21
3.668247e+02;3.518491e-21
3.668747e+02;3.518181e-21
3.669247e+02;3.517870e-21
3.669747e+02;3.517560e-21
3.670247e+02;3.517250e-21
3.670747e+02;3.516939e-21
3.671247e+02;3.516629e-21
3.671747e+02;3.516319e-21
3.672247e+02;3.516009e-21
3.672747e+02;3.515699e-21
3.673247e+02;3.515389e-21
3.673747e+02;3.515079e-21
3.674247e+02;3.514769e-21
3.674747e+02;3.514459e-21
3.675247e+02;3.514150e-21
3.675747e+02;3.513840e-21
3.676247e+02;3.513530e-21
3.676747e+02;3.513221e-21
3.677247e+02;3.512911e-21
3.677747e+02;3.512602e-21
3.678247e+02;3.512292e-21
3.678747e+02;3.511983e-21
3.679247e+02;3.511674e-21
3.679747e+02;3.511365e-21
3.680247e+02;3.511055e-21
3.680747e+02;3.510746e-21
3.681247e+02;3.510437e-21
3.681747e+02;3.510128e-21
3.682247e+02;3.509819e-21
3.682747e+02;3.509511e-21
3.683247e+02;3.509202e-21
3.683747e+02;3.508893e-21
3.684247e+02;3.508584e-21
3.684747e+02;3.508276e-21
3.685247e+02;3.507967e-21
3.685747e+02;3.507659e-21
3.686247e+02;3.507350e-21
3.686747e+02;3.507042e-21
3.687247e+02;3.506733e-21
3.687748e+02;3.506425e-21
3.688248e+02;3.506117e-21
3.688748e+02;3.505809e-21
3.689248e+02;3.505501e-21
3.689748e+02;3.505193e-21
3.690248e+02;3.504885e-21
3.690748e+02;3.504577e-21
3.691248e+02;3.504269e-21
3.691748e+02;3.503961e-21
3.692248e+02;3.503653e-21
3.692748e+02;3.503346e-21
3.693248e+02;3.503038e-21
3.693748e+02;3.502730e-21
3.694248e+02;3.502423e-21
3.694748e+02;3.502115e-21
3.695248e+02;3.501808e-21
3.695748e+02;3.501500e-21
3.696248e+02;3.501193e-21
3.696748e+02;3.500886e-21
3.697248e+02;3.500579e-21
3.697748e+02;3.500272e-21
3.698248e+02;3.499965e-21
3.698748e+02;3.499658e-21
3.699248e+02;3.499351e-21
3.699748e+02;3.499044e-21
3.700248e+02;3.498737e-21
3.700748e+02;3.498430e-21
3.701248e+02;3.498123e-21
3.701748e+02;3.497817e-21
3.702248e+02;3.497510e-21
3.702748e+02;3.497204e-21
3.703248e+02;3.496897e-21
3.703748e+02;3.496591e-21
3.704248e+02;3.496284e-21
3.704748e+02;3.495978e-21
3.705248e+02;3.495672e-21
3.705748e+02;3.495365e-21
3.706248e+02;3.495059e-21
3.706748e+02;3.494753e-21
3.707248e+02;3.494447e-21
3.707748e+02;3.494141e-21
3.708248e+02;3.493835e-21
3.708748e+02;3.493529e-21
3.709248e+02;3.493224e-21
3.709748e+02;3.492918e-21
3.710248e+02;3.492612e-21
3.710748e+02;3.492306e-21
3.711248e+02;3.492001e-21
3.711748e+02;3.491695e-21
3.712248e+02;3.491390e-21
3.712749e+02;3.491085e-21
3.713249e+02;3.490779e-21
3.713749e+02;3.490474e-21
3.714249e+02;3.490169e-21
3.714749e+02;3.489863e-21
3.715249e+02;3.489558e-21
3.715749e+02;3.489253e-21
3.716249e+02;3.488948e-21
3.716749e+02;3.488643e-21
3.717249e+02;3.488338e-21
3.717749e+02;3.488034e-21
3.718249e+02;3.487729e-21
3.718749e+02;3.487424e-21
3.719249e+02;3.487119e-21
3.719749e+02;3.486815e-21
3.720249e+02;3.486510e-21
3.720749e+02;3.486206e-21
3.721249e+02;3.485901e-21
3.721749e+02;3.485597e-21
3.722249e+02;3.485293e-21
3.722749e+02;3.484988e-21
3.723249e+02;3.484684e-21
3.723749e+02;3.484380e-21
3.724249e+02;3.484076e-21
3.724749e+02;3.483772e-21
3.725249e+02;3.483468e-21
3.725749e+02;3.483164e-21
3.726249e+02;3.482860e-21
3.726749e+02;3.482556e-21
3.727249e+02;3.482252e-21
3.727749e+02;3.481949e-21
3.728249e+02;3.481645e-21
3.728749e+02;3.481341e-21
3.729249e+02;3.481038e-21
3.729749e+02;3.480734e-21
3.730249e+02;3.480431e-21
3.730749e+02;3.480128e-21
3.731249e+02;3.479824e-21
3.731749e+02;3.479521e-21
3.732249e+02;3.479218e-21
3.732749e+02;3.478915e-21
3.733249e+02;3.478612e-21
3.733749e+02;3.478309e-21
3.734249e+02;3.478006e-21
3.734749e+02;3.477703e-21
3.735249e+02;3.477400e-21
3.735749e+02;3.477097e-21
3.736249e+02;3.476794e-21
3.736749e+02;3.476492e-21
3.737249e+02;3.476189e-21
3.737750e+02;3.475887e-21
3.738250e+02;3.475584e-21
3.738750e+02;3.475282e-21
3.739250e+02;3.474979e-21
3.739750e+02;3.474677e-21
3.740250e+02;3.474374e-21
3.740750e+02;3.474072e-21
3.741250e+02;3.473770e-21
3.741750e+02;3.473468e-21
3.742250e+02;3.473166e-21
3.742750e+02;3.472864e-21
3.743250e+02;3.472562e-21
3.743750e+02;3.472260e-21
3.744250e+02;3.471958e-21
3.744750e+02;3.471656e-21
3.745250e+02;3.471355e-21
3.745750e+02;3.471053e-21
3.746250e+02;3.470751e-21
3.746750e+02;3.470450e-21
3.747250e+02;3.470148e-21
3.747750e+02;3.469847e-21
3.748250e+02;3.469545e-21
3.748750e+02;3.469244e-21
3.749250e+02;3.468943e-21
3.749750e+02;3.468642e-21
3.750250e+02;3.468340e-21
3.750750e+02;3.468039e-21
3.751250e+02;3.467738e-21
3.751750e+02;3.467437e-21
3.752250e+02;3.467136e-21
3.752750e+02;3.466835e-21
3.753250e+02;3.466534e-21
3.753750e+02;3.466234e-21
3.754250e+02;3.465933e-21
3.754750e+02;3.465632e-21
3.755250e+02;3.465332e-21
3.755750e+02;3.465031e-21
3.756250e+02;3.464731e-21
3.756750e+02;3.464430e-21
3.757250e+02;3.464130e-21
3.757750e+02;3.463829e-21
3.758250e+02;3.463529e-21
3.758750e+02;3.463229e-21
3.759250e+02;3.462929e-21
3.759750e+02;3.462629e-21
3.760250e+02;3.462329e-21
3.760750e+02;3.462029e-21
3.761250e+02;3.461729e-21
3.761750e+02;3.461429e-21
3.762250e+02;3.461129e-21
3.762751e+02;3.460829e-21
3.763251e+02;3.460529e-21
3.763751e+02;3.460230e-21
3.764251e+02;3.459930e-21
3.764751e+02;3.459630e-21
3.765251e+02;3.459331e-21
3.765751e+02;3.459032e-21
3.766251e+02;3.458732e-21
3.766751e+02;3.458433e-21
3.767251e+02;3.458133e-21
3.767751e+02;3.457834e-21
3.768251e+02;3.457535e-21
3.768751e+02;3.457236e-21
3.769251e+02;3.456937e-21
3.769751e+02;3.456638e-21
3.770251e+02;3.456339e-21
3.770751e+02;3.456040e-21
3.771251e+02;3.455741e-21
3.771751e+02;3.455442e-21
3.772251e+02;3.455144e-21
3.772751e+02;3.454845e-21
3.773251e+02;3.454546e-21
3.773751e+02;3.454248e-21
3.774251e+02;3.453949e-21
3.774751e+02;3.453651e-21
3.775251e+02;3.453352e-21
3.775751e+02;3.453054e-21
3.776251e+02;3.452756e-21
3.776751e+02;3.452458e-21
3.777251e+02;3.452159e-21
3.777751e+02;3.451861e-21
3.778251e+02;3.451563e-21
3.778751e+02;3.451265e-21
3.779251e+02;3.450967e-21
3.779751e+02;3.450669e-21
3.780251e+02;3.450371e-21
3.780751e+02;3.450074e-21
3.781251e+02;3.449776e-21
3.781751e+02;3.449478e-21
3.782251e+02;3.449181e-21
3.782751e+02;3.448883e-21
3.783251e+02;3.448585e-21
3.783751e+02;3.448288e-21
3.784251e+02;3.447991e-21
3.784751e+02;3.447693e-21
3.785251e+02;3.447396e-21
3.785751e+02;3.447099e-21
3.786251e+02;3.446801e-21
3.786751e+02;3.446504e-21
3.787251e+02;3.446207e-21
3.787752e+02;3.445910e-21
3.788252e+02;3.445613e-21
3.788752e+02;3.445316e-21
3.789252e+02;3.445019e-21
3.789752e+02;3.444723e-21
3.790252e+02;3.444426e-21
3.790752e+02;3.444129e-21
3.791252e+02;3.443832e-21
3.791752e+02;3.443536e-21
3.792252e+02;3.443239e-21
3.792752e+02;3.442943e-21
3.793252e+02;3.442646e-21
3.793752e+02;3.442350e-21
3.794252e+02;3.442054e-21
3.794752e+02;3.441757e-21
3.795252e+02;3.441461e-21
3.795752e+02;3.441165e-21
3.796252e+02;3.440869e-21
3.796752e+02;3.440573e-21
3.797252e+02;3.440277e-21
3.797752e+02;3.439981e-21
3.798252e+02;3.439685e-21
3.798752e+02;3.439389e-21
3.799252e+02;3.439093e-21
3.799752e+02;3.438798e-21
3.800252e+02;3.438502e-21
3.800752e+02;3.438206e-21
3.801252e+02;3.437911e-21
3.801752e+02;3.437615e-21
3.802252e+02;3.437320e-21
3.802752e+02;3.437024e-21
3.803252e+02;3.436729e-21
3.803752e+02;3.436434e-21
3.804252e+02;3.436139e-21
3.804752e+02;3.435843e-21
3.805252e+02;3.435548e-21
3.805752e+02;3.435253e-21
3.806252e+02;3.434958e-21
3.806752e+02;3.434663e-21
3.807252e+02;3.434368e-21
3.807752e+02;3.434073e-21
3.808252e+02;3.433779e-21
3.808752e+02;3.433484e-21
3.809252e+02;3.433189e-21
3.809752e+02;3.432894e-21
3.810252e+02;3.432600e-21
3.810752e+02;3.432305e-21
3.811252e+02;3.432011e-21
3.811752e+02;3.431716e-21
3.812252e+02;3.431422e-21
3.812753e+02;3.431128e-21
3.813253e+02;3.430833e-21
3.813753e+02;3.430539e-21
3.814253e+02;3.430245e-21
3.814753e+02;3.429951e-21
3.815253e+02;3.429657e-21
3.815753e+02;3.429363e-21
3.816253e+02;3.429069e-21
3.816753e+02;3.428775e-21
3.817253e+02;3.428481e-21
3.817753e+02;3.428187e-21
3.818253e+02;3.427894e-21
3.818753e+02;3.427600e-21
3.819253e+02;3.427306e-21
3.819753e+02;3.427013e-21
3.820253e+02;3.426719e-21
3.820753e+02;3.426426e-21
3.821253e+02;3.426132e-21
3.821753e+02;3.425839e-21
3.822253e+02;3.425546e-21
3.822753e+02;3.425253e-21
3.823253e+02;3.424959e-21
3.823753e+02;3.424666e-21
3.824253e+02;3.424373e-21
3.824753e+02;3.424080e-21
3.825253e+02;3.423787e-21
3.825753e+02;3.423494e-21
3.826253e+02;3.423201e-21
3.826753e+02;3.422908e-21
3.827253e+02;3.422616e-21
3.827753e+02;3.422323e-21
3.828253e+02;3.422030e-21
3.828753e+02;3.421738e-21
3.829253e+02;3.421445e-21
3.829753e+02;3.421153e-21
3.830253e+02;3.420860e-21
3.830753e+02;3.420568e-21
3.831253e+02;3.420275e-21
3.831753e+02;3.419983e-21
3.832253e+02;3.419691e-21
3.832753e+02;3.419399e-21
3.833253e+02;3.419107e-21
3.833753e+02;3.418815e-21
3.834253e+02;3.418523e-21
3.834753e+02;3.418231e-21
3.835253e+02;3.417939e-21
3.835753e+02;3.417647e-21
3.836253e+02;3.417355e-21
3.836753e+02;3.417063e-21
3.837253e+02;3.416772e-21
3.837754e+02;3.416480e-21
3.838254e+02;3.416188e-21
3.838754e+02;3.415897e-21
3.839254e+02;3.415605e-21
3.839754e+02;3.415314e-21
3.840254e+02;3.415022e-21
3.840754e+02;3.414731e-21
3.841254e+02;3.414440e-21
3.841754e+02;3.414149e-21
3.842254e+02;3.413857e-21
3.842754e+02;3.413566e-21
3.843254e+02;3.413275e-21
3.843754e+02;3.412984e-21
3.844254e+02;3.412693e-21
3.844754e+02;3.412402e-21
3.845254e+02;3.412111e-21
3.845754e+02;3.411821e-21
3.846254e+02;3.411530e-21
3.846754e+02;3.411239e-21
3.847254e+02;3.410949e-21
3.847754e+02;3.410658e-21
3.848254e+02;3.410367e-21
3.848754e+02;3.410077e-21
3.849254e+02;3.409787e-21
3.849754e+02;3.409496e-21
3.850254e+02;3.409206e-21
3.850754e+02;3.408916e-21
3.851254e+02;3.408625e-21
3.851754e+02;3.408335e-21
3.852254e+02;3.408045e-21
3.852754e+02;3.407755e-21
3.853254e+02;3.407465e-21
3.853754e+02;3.407175e-21
3.854254e+02;3.406885e-21
3.854754e+02;3.406595e-21
3.855254e+02;3.406305e-21
3.855754e+02;3.406016e-21
3.856254e+02;3.405726e-21
3.856754e+02;3.405436e-21
3.857254e+02;3.405147e-21
3.857754e+02;3.404857e-21
3.858254e+02;3.404568e-21
3.858754e+02;3.404278e-21
3.859254e+02;3.403989e-21
3.859754e+02;3.403700e-21
3.860254e+02;3.403410e-21
3.860754e+02;3.403121e-21
3.861254e+02;3.402832e-21
3.861754e+02;3.402543e-21
3.862254e+02;3.402254e-21
3.862755e+02;3.401965e-21
3.863255e+02;3.401676e-21
3.863755e+02;3.401387e-21
3.864255e+02;3.401098e-21
3.864755e+02;3.400809e-21
3.865255e+02;3.400520e-21
3.865755e+02;3.400232e-21
3.866255e+02;3.399943e-21
3.866755e+02;3.399654e-21
3.867255e+02;3.399366e-21
3.867755e+02;3.399077e-21
3.868255e+02;3.398789e-21
3.868755e+02;3.398501e-21
3.869255e+02;3.398212e-21
3.869755e+02;3.397924e-21
3.870255e+02;3.397636e-21
3.870755e+02;3.397347e-21
3.871255e+02;3.397059e-21
3.871755e+02;3.396771e-21
3.872255e+02;3.396483e-21
3.872755e+02;3.396195e-21
3.873255e+02;3.395907e-21
3.873755e+02;3.395619e-21
3.874255e+02;3.395332e-21
3.874755e+02;3.395044e-21
3.875255e+02;3.394756e-21
3.875755e+02;3.394469e-21
3.876255e+02;3.394181e-21
3.876755e+02;3.393893e-21
3.877255e+02;3.393606e-21
3.877755e+02;3.393318e-21
3.878255e+02;3.393031e-21
3.878755e+02;3.392744e-21
3.879255e+02;3.392456e-21
3.879755e+02;3.392169e-21
3.880255e+02;3.391882e-21
3.880755e+02;3.391595e-21
3.881255e+02;3.391308e-21
3.881755e+02;3.391021e-21
3.882255e+02;3.390734e-21
3.882755e+02;3.390447e-21
3.883255e+02;3.390160e-21
3.883755e+02;3.389873e-21
3.884255e+02;3.389586e-21
3.884755e+02;3.389299e-21
3.885255e+02;3.389013e-21
3.885755e+02;3.388726e-21
3.886255e+02;3.388440e-21
3.886755e+02;3.388153e-21
3.887255e+02;3.387867e-21
3.887756e+02;3.387580e-21
3.888256e+02;3.387294e-21
3.888756e+02;3.387008e-21
3.889256e+02;3.386721e-21
3.889756e+02;3.386435e-21
3.890256e+02;3.386149e-21
3.890756e+02;3.385863e-21
3.891256e+02;3.385577e-21
3.891756e+02;3.385291e-21
3.892256e+02;3.385005e-21
3.892756e+02;3.384719e-21
3.893256e+02;3.384433e-21
3.893756e+02;3.384147e-21
3.894256e+02;3.383861e-21
3.894756e+02;3.383576e-21
3.895256e+02;3.383290e-21
3.895756e+02;3.383005e-21
3.896256e+02;3.382719e-21
3.896756e+02;3.382433e-21
3.897256e+02;3.382148e-21
3.897756e+02;3.381863e-21
3.898256e+02;3.381577e-21
3.898756e+02;3.381292e-21
3.899256e+02;3.381007e-21
3.899756e+02;3.380722e-21
3.900256e+02;3.380436e-21
3.900756e+02;3.380151e-21
3.901256e+02;3.379866e-21
3.901756e+02;3.379581e-21
3.902256e+02;3.379296e-21
3.902756e+02;3.379012e-21
3.903256e+02;3.378727e-21
3.903756e+02;3.378442e-21
3.904256e+02;3.378157e-21
3.904756e+02;3.377873e-21
3.905256e+02;3.377588e-21
3.905756e+02;3.377303e-21
3.906256e+02;3.377019e-21
3.906756e+02;3.376734e-21
3.907256e+02;3.376450e-21
3.907756e+02;3.376166e-21
3.908256e+02;3.375881e-21
3.908756e+02;3.375597e-21
3.909256e+02;3.375313e-21
3.909756e+02;3.375029e-21
3.910256e+02;3.374744e-21
3.910756e+02;3.374460e-21
3.911256e+02;3.374176e-21
3.911756e+02;3.373892e-21
3.912256e+02;3.373609e-21
3.912757e+02;3.373325e-21
3.913257e+02;3.373041e-21
3.913757e+02;3.372757e-21
3.914257e+02;3.372473e-21
3.914757e+02;3.372190e-21
3.915257e+02;3.371906e-21
3.915757e+02;3.371623e-21
3.916257e+02;3.371339e-21
3.916757e+02;3.371056e-21
3.917257e+02;3.370772e-21
3.917757e+02;3.370489e-21
3.918257e+02;3.370206e-21
3.918757e+02;3.369922e-21
3.919257e+02;3.369639e-21
3.919757e+02;3.369356e-21
3.920257e+02;3.369073e-21
3.920757e+02;3.368790e-21
3.921257e+02;3.368507e-21
3.921757e+02;3.368224e-21
3.922257e+02;3.367941e-21
3.922757e+02;3.367658e-21
3.923257e+02;3.367375e-21
3.923757e+02;3.367093e-21
3.924257e+02;3.366810e-21
3.924757e+02;3.366527e-21
3.925257e+02;3.366245e-21
3.925757e+02;3.365962e-21
3.926257e+02;3.365680e-21
3.926757e+02;3.365397e-21
3.927257e+02;3.365115e-21
3.927757e+02;3.364833e-21
3.928257e+02;3.364550e-21
3.928757e+02;3.364268e-21
3.929257e+02;3.363986e-21
3.929757e+02;3.363704e-21
3.930257e+02;3.363422e-21
3.930757e+02;3.363140e-21
3.931257e+02;3.362858e-21
3.931757e+02;3.362576e-21
3.932257e+02;3.362294e-21
3.932757e+02;3.362012e-21
3.933257e+02;3.361730e-21
3.933757e+02;3.361448e-21
3.934257e+02;3.361167e-21
3.934757e+02;3.360885e-21
3.935257e+02;3.360603e-21
3.935757e+02;3.360322e-21
3.936257e+02;3.360040e-21
3.936757e+02;3.359759e-21
3.937257e+02;3.359478e-21
3.937758e+02;3.359196e-21
3.938258e+02;3.358915e-21
3.938758e+02;3.358634e-21
3.939258e+02;3.358353e-21
3.939758e+02;3.358071e-21
3.940258e+02;3.357790e-21
3.940758e+02;3.357509e-21
3.941258e+02;3.357228e-21
3.941758e+02;3.356947e-21
3.942258e+02;3.356667e-21
3.942758e+02;3.356386e-21
3.943258e+02;3.356105e-21
3.943758e+02;3.355824e-21
3.944258e+02;3.355544e-21
3.944758e+02;3.355263e-21
3.945258e+02;3.354982e-21
3.945758e+02;3.354702e-21
3.946258e+02;3.354421e-21
3.946758e+02;3.354141e-21
3.947258e+02;3.353860e-21
3.947758e+02;3.353580e-21
3.948258e+02;3.353300e-21
3.948758e+02;3.353020e-21
3.949258e+02;3.352739e-21
3.949758e+02;3.352459e-21
3.950258e+02;3.352179e-21
3.950758e+02;3.351899e-21
3.951258e+02;3.351619e-21
3.951758e+02;3.351339e-21
3.952258e+02;3.351059e-21
3.952758e+02;3.350780e-21
3.953258e+02;3.350500e-21
3.953758e+02;3.350220e-21
3.954258e+02;3.349940e-21
3.954758e+02;3.349661e-21
3.955258e+02;3.349381e-21
3.955758e+02;3.349102e-21
3.956258e+02;3.348822e-21
3.956758e+02;3.348543e-21
3.957258e+02;3.348263e-21
3.957758e+02;3.347984e-21
3.958258e+02;3.347705e-21
3.958758e+02;3.347425e-21
3.959258e+02;3.347146e-21
3.959758e+02;3.346867e-21
3.960258e+02;3.346588e-21
3.960758e+02;3.346309e-21
3.961258e+02;3.346030e-21
3.961758e+02;3.345751e-21
3.962258e+02;3.345472e-21
3.962759e+02;3.345193e-21
3.963259e+02;3.344914e-21
3.963759e+02;3.344636e-21
3.964259e+02;3.344357e-21
3.964759e+02;3.344078e-21
3.965259e+02;3.343800e-21
3.965759e+02;3.343521e-21
3.966259e+02;3.343243e-21
3.966759e+02;3.342964e-21
3.967259e+02;3.342686e-21
3.967759e+02;3.342408e-21
3.968259e+02;3.342129e-21
3.968759e+02;3.341851e-21
3.969259e+02;3.341573e-21
3.969759e+02;3.341295e-21
3.970259e+02;3.341016e-21
3.970759e+02;3.340738e-21
3.971259e+02;3.340460e-21
3.971759e+02;3.340182e-21
3.972259e+02;3.339905e-21
3.972759e+02;3.339627e-21
3.973259e+02;3.339349e-21
3.973759e+02;3.339071e-21
3.974259e+02;3.338793e-21
3.974759e+02;3.338516e-21
3.975259e+02;3.338238e-21
3.975759e+02;3.337961e-21
3.976259e+02;3.337683e-21
3.976759e+02;3.337406e-21
3.977259e+02;3.337128e-21
3.977759e+02;3.336851e-21
3.978259e+02;3.336574e-21
3.978759e+02;3.336296e-21
3.979259e+02;3.336019e-21
3.979759e+02;3.335742e-21
3.980259e+02;3.335465e-21
3.980759e+02;3.335188e-21
3.981259e+02;3.334911e-21
3.981759e+02;3.334634e-21
3.982259e+02;3.334357e-21
3.982759e+02;3.334080e-21
3.983259e+02;3.333803e-21
3.983759e+02;3.333526e-21
3.984259e+02;3.333250e-21
3.984759e+02;3.332973e-21
3.985259e+02;3.332696e-21
3.985759e+02;3.332420e-21
3.986259e+02;3.332143e-21
3.986759e+02;3.331867e-21
3.987259e+02;3.331590e-21
3.987760e+02;3.331314e-21
3.988260e+02;3.331037e-21
3.988760e+02;3.330761e-21
3.989260e+02;3.330485e-21
3.989760e+02;3.330209e-21
3.990260e+02;3.329933e-21
3.990760e+02;3.329656e-21
3.991260e+02;3.329380e-21
3.991760e+02;3.329104e-21
3.992260e+02;3.328828e-21
3.992760e+02;3.328553e-21
3.993260e+02;3.328277e-21
3.993760e+02;3.328001e-21
3.994260e+02;3.327725e-21
3.994760e+02;3.327449e-21
3.995260e+02;3.327174e-21
3.995760e+02;3.326898e-21
3.996260e+02;3.326623e-21
3.996760e+02;3.326347e-21
3.997260e+02;3.326072e-21
3.997760e+02;3.325796e-21
3.998260e+02;3.325521e-21
3.998760e+02;3.325246e-21
3.999260e+02;3.324970e-21
3.999760e+02;3.324695e-21
4.000260e+02;3.324420e-21
4.000760e+02;3.324145e-21
4.001260e+02;3.323870e-21
4.001760e+02;3.323595e-21
4.002260e+02;3.323320e-21
4.002760e+02;3.323045e-21
4.003260e+02;3.322770e-21
4.003760e+02;3.322495e-21
4.004260e+02;3.322220e-21
4.004760e+02;3.321945e-21
4.005260e+02;3.321671e-21
4.005760e+02;3.321396e-21
4.006260e+02;3.321122e-21
4.006760e+02;3.320847e-21
4.007260e+02;3.320573e-21
4.007760e+02;3.320298e-21
4.008260e+02;3.320024e-21
4.008760e+02;3.319749e-21
4.009260e+02;3.319475e-21
4.009760e+02;3.319201e-21
4.010260e+02;3.318927e-21
4.010760e+02;3.318652e-21
4.011260e+02;3.318378e-21
4.011760e+02;3.318104e-21
4.012260e+02;3.317830e-21
4.012761e+02;3.317556e-21
4.013261e+02;3.317282e-21
4.013761e+02;3.317008e-21
4.014261e+02;3.316735e-21
4.014761e+02;3.316461e-21
4.015261e+02;3.316187e-21
4.015761e+02;3.315913e-21
4.016261e+02;3.315640e-21
4.016761e+02;3.315366e-21
4.017261e+02;3.315093e-21
4.017761e+02;3.314819e-21
4.018261e+02;3.314546e-21
4.018761e+02;3.314272e-21
4.019261e+02;3.313999e-21
4.019761e+02;3.313726e-21
4.020261e+02;3.313453e-21
4.020761e+02;3.313179e-21
4.021261e+02;3.312906e-21
4.021761e+02;3.312633e-21
4.022261e+02;3.312360e-21
4.022761e+02;3.312087e-21
4.023261e+02;3.311814e-21
4.023761e+02;3.311541e-21
4.024261e+02;3.311268e-21
4.024761e+02;3.310995e-21
4.025261e+02;3.310723e-21
4.025761e+02;3.310450e-21
4.026261e+02;3.310177e-21
4.026761e+02;3.309905e-21
4.027261e+02;3.309632e-21
4.027761e+02;3.309360e-21
4.028261e+02;3.309087e-21
4.028761e+02;3.308815e-21
4.029261e+02;3.308542e-21
4.029761e+02;3.308270e-21
4.030261e+02;3.307998e-21
4.030761e+02;3.307725e-21
4.031261e+02;3.307453e-21
4.031761e+02;3.307181e-21
4.032261e+02;3.306909e-21
4.032761e+02;3.306637e-21
4.033261e+02;3.306365e-21
4.033761e+02;3.306093e-21
4.034261e+02;3.305821e-21
4.034761e+02;3.305549e-21
4.035261e+02;3.305277e-21
4.035761e+02;3.305006e-21
4.036261e+02;3.304734e-21
4.036761e+02;3.304462e-21
4.037261e+02;3.304191e-21
4.037762e+02;3.303919e-21
4.038262e+02;3.303647e-21
4.038762e+02;3.303376e-21
4.039262e+02;3.303105e-21
4.039762e+02;3.302833e-21
4.040262e+02;3.302562e-21
4.040762e+02;3.302290e-21
4.041262e+02;3.302019e-21
4.041762e+02;3.301748e-21
4.042262e+02;3.301477e-21
4.042762e+02;3.301206e-21
4.043262e+02;3.300935e-21
4.043762e+02;3.300664e-21
4.044262e+02;3.300393e-21
4.044762e+02;3.300122e-21
4.045262e+02;3.299851e-21
4.045762e+02;3.299580e-21
4.046262e+02;3.299309e-21
4.046762e+02;3.299039e-21
4.047262e+02;3.298768e-21
4.047762e+02;3.298497e-21
4.048262e+02;3.298227e-21
4.048762e+02;3.297956e-21
4.049262e+02;3.297686e-21
4.049762e+02;3.297415e-21
4.050262e+02;3.297145e-21
4.050762e+02;3.296875e-21
4.051262e+02;3.296604e-21
4.051762e+02;3.296334e-21
4.052262e+02;3.296064e-21
4.052762e+02;3.295794e-21
4.053262e+02;3.295523e-21
4.053762e+02;3.295253e-21
4.054262e+02;3.294983e-21
4.054762e+02;3.294713e-21
4.055262e+02;3.294444e-21
4.055762e+02;3.294174e-21
4.056262e+02;3.293904e-21
4.056762e+02;3.293634e-21
4.057262e+02;3.293364e-21
4.057762e+02;3.293095e-21
4.058262e+02;3.292825e-21
4.058762e+02;3.292555e-21
4.059262e+02;3.292286e-21
4.059762e+02;3.292016e-21
4.060262e+02;3.291747e-21
4.060762e+02;3.291477e-21
4.061262e+02;3.291208e-21
4.061762e+02;3.290939e-21
4.062262e+02;3.290669e-21
4.062763e+02;3.290400e-21
4.063263e+02;3.290131e-21
4.063763e+02;3.289862e-21
4.064263e+02;3.289593e-21
4.064763e+02;3.289324e-21
4.065263e+02;3.289055e-21
4.065763e+02;3.288786e-21
4.066263e+02;3.288517e-21
4.066763e+02;3.288248e-21
4.067263e+02;3.287979e-21
4.067763e+02;3.287711e-21
4.068263e+02;3.287442e-21
4.068763e+02;3.287173e-21
4.069263e+02;3.286905e-21
4.069763e+02;3.286636e-21
4.070263e+02;3.286368e-21
4.070763e+02;3.286099e-21
4.071263e+02;3.285831e-21
4.071763e+02;3.285562e-21
4.072263e+02;3.285294e-21
4.072763e+02;3.285026e-21
4.073263e+02;3.284757e-21
4.073763e+02;3.284489e-21
4.074263e+02;3.284221e-21
4.074763e+02;3.283953e-21
4.075263e+02;3.283685e-21
4.075763e+02;3.283417e-21
4.076263e+02;3.283149e-21
4.076763e+02;3.282881e-21
4.077263e+02;3.282613e-21
4.077763e+02;3.282345e-21
4.078263e+02;3.282078e-21
4.078763e+02;3.281810e-21
4.079263e+02;3.281542e-21
4.079763e+02;3.281274e-21
4.080263e+02;3.281007e-21
4.080763e+02;3.280739e-21
4.081263e+02;3.280472e-21
4.081763e+02;3.280204e-21
4.082263e+02;3.279937e-21
4.082763e+02;3.279670e-21
4.083263e+02;3.279402e-21
4.083763e+02;3.279135e-21
4.084263e+02;3.278868e-21
4.084763e+02;3.278601e-21
4.085263e+02;3.278334e-21
4.085763e+02;3.278066e-21
4.086263e+02;3.277799e-21
4.086763e+02;3.277532e-21
4.087263e+02;3.277265e-21
4.087764e+02;3.276999e-21
4.088264e+02;3.276732e-21
4.088764e+02;3.276465e-21
4.089264e+02;3.276198e-21
4.089764e+02;3.275931e-21
4.090264e+02;3.275665e-21
4.090764e+02;3.275398e-21
4.091264e+02;3.275132e-21
4.091764e+02;3.274865e-21
4.092264e+02;3.274599e-21
4.092764e+02;3.274332e-21
4.093264e+02;3.274066e-21
4.093764e+02;3.273799e-21
4.094264e+02;3.273533e-21
4.094764e+02;3.273267e-21
4.095264e+02;3.273001e-21
4.095764e+02;3.272734e-21
4.096264e+02;3.272468e-21
4.096764e+02;3.272202e-21
4.097264e+02;3.271936e-21
4.097764e+02;3.271670e-21
4.098264e+02;3.271404e-21
4.098764e+02;3.271138e-21
4.099264e+02;3.270873e-21
4.099764e+02;3.270607e-21
4.100264e+02;3.270341e-21
4.100764e+02;3.270075e-21
4.101264e+02;3.269810e-21
4.101764e+02;3.269544e-21
4.102264e+02;3.269279e-21
4.102764e+02;3.269013e-21
4.103264e+02;3.268748e-21
4.103764e+02;3.268482e-21
4.104264e+02;3.268217e-21
4.104764e+02;3.267951e-21
4.105264e+02;3.267686e-21
4.105764e+02;3.267421e-21
4.106264e+02;3.267156e-21
4.106764e+02;3.266891e-21
4.107264e+02;3.266625e-21
4.107764e+02;3.266360e-21
4.108264e+02;3.266095e-21
4.108764e+02;3.265830e-21
4.109264e+02;3.265566e-21
4.109764e+02;3.265301e-21
4.110264e+02;3.265036e-21
4.110764e+02;3.264771e-21
4.111264e+02;3.264506e-21
4.111764e+02;3.264242e-21
4.112264e+02;3.263977e-21
4.112765e+02;3.263712e-21
4.113265e+02;3.263448e-21
4.113765e+02;3.263183e-21
4.114265e+02;3.262919e-21
4.114765e+02;3.262654e-21
4.115265e+02;3.262390e-21
4.115765e+02;3.262126e-21
4.116265e+02;3.261861e-21
4.116765e+02;3.261597e-21
4.117265e+02;3.261333e-21
4.117765e+02;3.261069e-21
4.118265e+02;3.260805e-21
4.118765e+02;3.260541e-21
4.119265e+02;3.260277e-21
4.119765e+02;3.260013e-21
4.120265e+02;3.259749e-21
4.120765e+02;3.259485e-21
4.121265e+02;3.259221e-21
4.121765e+02;3.258957e-21
4.122265e+02;3.258693e-21
4.122765e+02;3.258430e-21
4.123265e+02;3.258166e-21
4.123765e+02;3.257903e-21
4.124265e+02;3.257639e-21
4.124765e+02;3.257375e-21
4.125265e+02;3.257112e-21
4.125765e+02;3.256849e-21
4.126265e+02;3.256585e-21
4.126765e+02;3.256322e-21
4.127265e+02;3.256059e-21
4.127765e+02;3.255795e-21
4.128265e+02;3.255532e-21
4.128765e+02;3.255269e-21
4.129265e+02;3.255006e-21
4.129765e+02;3.254743e-21
4.130265e+02;3.254480e-21
4.130765e+02;3.254217e-21
4.131265e+02;3.253954e-21
4.131765e+02;3.253691e-21
4.132265e+02;3.253428e-21
4.132765e+02;3.253165e-21
4.133265e+02;3.252903e-21
4.133765e+02;3.252640e-21
4.134265e+02;3.252377e-21
4.134765e+02;3.252115e-21
4.135265e+02;3.251852e-21
4.135765e+02;3.251590e-21
4.136265e+02;3.251327e-21
4.136765e+02;3.251065e-21
4.137265e+02;3.250802e-21
4.137766e+02;3.250540e-21
4.138266e+02;3.250278e-21
4.138766e+02;3.250015e-21
4.139266e+02;3.249753e-21
4.139766e+02;3.249491e-21
4.140266e+02;3.249229e-21
4.140766e+02;3.248967e-21
4.141266e+02;3.248705e-21
4.141766e+02;3.248443e-21
4.142266e+02;3.248181e-21
4.142766e+02;3.247919e-21
4.143266e+02;3.247657e-21
4.143766e+02;3.247395e-21
4.144266e+02;3.247134e-21
4.144766e+02;3.246872e-21
4.145266e+02;3.246610e-21
4.145766e+02;3.246349e-21
4.146266e+02;3.246087e-21
4.146766e+02;3.245825e-21
4.147266e+02;3.245564e-21
4.147766e+02;3.245303e-21
4.148266e+02;3.245041e-21
4.148766e+02;3.244780e-21
4.149266e+02;3.244518e-21
4.149766e+02;3.244257e-21
4.150266e+02;3.243996e-21
4.150766e+02;3.243735e-21
4.151266e+02;3.243474e-21
4.151766e+02;3.243213e-21
4.152266e+02;3.242952e-21
4.152766e+02;3.242691e-21
4.153266e+02;3.242430e-21
4.153766e+02;3.242169e-21
4.154266e+02;3.241908e-21
4.154766e+02;3.241647e-21
4.155266e+02;3.241386e-21
4.155766e+02;3.241125e-21
4.156266e+02;3.240865e-21
4.156766e+02;3.240604e-21
4.157266e+02;3.240344e-21
4.157766e+02;3.240083e-21
4.158266e+02;3.239823e-21
4.158766e+02;3.239562e-21
4.159266e+02;3.239302e-21
4.159766e+02;3.239041e-21
4.160266e+02;3.238781e-21
4.160766e+02;3.238521e-21
4.161266e+02;3.238260e-21
4.161766e+02;3.238000e-21
4.162266e+02;3.237740e-21
4.162767e+02;3.237480e-21
4.163267e+02;3.237220e-21
4.163767e+02;3.236960e-21
4.164267e+02;3.236700e-21
4.164767e+02;3.236440e-21
4.165267e+02;3.236180e-21
4.165767e+02;3.235920e-21
4.166267e+02;3.235660e-21
4.166767e+02;3.235401e-21
4.167267e+02;3.235141e-21
4.167767e+02;3.234881e-21
4.168267e+02;3.234622e-21
4.168767e+02;3.234362e-21
4.169267e+02;3.234103e-21
4.169767e+02;3.233843e-21
4.170267e+02;3.233584e-21
4.170767e+02;3.233324e-21
4.171267e+02;3.233065e-21
4.171767e+02;3.232806e-21
4.172267e+02;3.232546e-21
4.172767e+02;3.232287e-21
4.173267e+02;3.232028e-21
4.173767e+02;3.231769e-21
4.174267e+02;3.231510e-21
4.174767e+02;3.231251e-21
4.175267e+02;3.230992e-21
4.175767e+02;3.230733e-21
4.176267e+02;3.230474e-21
4.176767e+02;3.230215e-21
4.177267e+02;3.229956e-21
4.177767e+02;3.229697e-21
4.178267e+02;3.229438e-21
4.178767e+02;3.229180e-21
4.179267e+02;3.228921e-21
4.179767e+02;3.228663e-21
4.180267e+02;3.228404e-21
4.180767e+02;3.228145e-21
4.181267e+02;3.227887e-21
4.181767e+02;3.227629e-21
4.182267e+02;3.227370e-21
4.182767e+02;3.227112e-21
4.183267e+02;3.226854e-21
4.183767e+02;3.226595e-21
4.184267e+02;3.226337e-21
4.184767e+02;3.226079e-21
4.185267e+02;3.225821e-21
4.185767e+02;3.225563e-21
4.186267e+02;3.225305e-21
4.186767e+02;3.225047e-21
4.187267e+02;3.224789e-21
4.187768e+02;3.224531e-21
4.188268e+02;3.224273e-21
4.188768e+02;3.224015e-21
4.189268e+02;3.223757e-21
4.189768e+02;3.223500e-21
4.190268e+02;3.223242e-21
4.190768e+02;3.222984e-21
4.191268e+02;3.222727e-21
4.191768e+02;3.222469e-21
4.192268e+02;3.222212e-21
4.192768e+02;3.221954e-21
4.193268e+02;3.221697e-21
4.193768e+02;3.221439e-21
4.194268e+02;3.221182e-21
4.194768e+02;3.220925e-21
4.195268e+02;3.220667e-21
4.195768e+02;3.220410e-21
4.196268e+02;3.220153e-21
4.196768e+02;3.219896e-21
4.197268e+02;3.219639e-21
4.197768e+02;3.219382e-21
4.198268e+02;3.219125e-21
4.198768e+02;3.218868e-21
4.199268e+02;3.218611e-21
4.199768e+02;3.218354e-21
4.200268e+02;3.218097e-21
4.200768e+02;3.217841e-21
4.201268e+02;3.217584e-21
4.201768e+02;3.217327e-21
4.202268e+02;3.217071e-21
4.202768e+02;3.216814e-21
4.203268e+02;3.216557e-21
4.203768e+02;3.216301e-21
4.204268e+02;3.216044e-21
4.204768e+02;3.215788e-21
4.205268e+02;3.215532e-21
4.205768e+02;3.215275e-21
4.206268e+02;3.215019e-21
4.206768e+02;3.214763e-21
4.207268e+02;3.214506e-21
4.207768e+02;3.214250e-21
4.208268e+02;3.213994e-21
4.208768e+02;3.213738e-21
4.209268e+02;3.213482e-21
4.209768e+02;3.213226e-21
4.210268e+02;3.212970e-21
4.210768e+02;3.212714e-21
4.211268e+02;3.212458e-21
4.211768e+02;3.212203e-21
4.212268e+02;3.211947e-21
4.212769e+02;3.211691e-21
4.213269e+02;3.211435e-21
4.213769e+02;3.211180e-21
4.214269e+02;3.210924e-21
4.214769e+02;3.210669e-21
4.215269e+02;3.210413e-21
4.215769e+02;3.210158e-21
4.216269e+02;3.209902e-21
4.216769e+02;3.209647e-21
4.217269e+02;3.209391e-21
4.217769e+02;3.209136e-21
4.218269e+02;3.208881e-21
4.218769e+02;3.208626e-21
4.219269e+02;3.208370e-21
4.219769e+02;3.208115e-21
4.220269e+02;3.207860e-21
4.220769e+02;3.207605e-21
4.221269e+02;3.207350e-21
4.221769e+02;3.207095e-21
4.222269e+02;3.206840e-21
4.222769e+02;3.206585e-21
4.223269e+02;3.206331e-21
4.223769e+02;3.206076e-21
4.224269e+02;3.205821e-21
4.224769e+02;3.205566e-21
4.225269e+02;3.205312e-21
4.225769e+02;3.205057e-21
4.226269e+02;3.204803e-21
4.226769e+02;3.204548e-21
4.227269e+02;3.204294e-21
4.227769e+02;3.204039e-21
4.228269e+02;3.203785e-21
4.228769e+02;3.203530e-21
4.229269e+02;3.203276e-21
4.229769e+02;3.203022e-21
4.230269e+02;3.202768e-21
4.230769e+02;3.202513e-21
4.231269e+02;3.202259e-21
4.231769e+02;3.202005e-21
4.232269e+02;3.201751e-21
4.232769e+02;3.201497e-21
4.233269e+02;3.201243e-21
4.233769e+02;3.200989e-21
4.234269e+02;3.200735e-21
4.234769e+02;3.200481e-21
4.235269e+02;3.200228e-21
4.235769e+02;3.199974e-21
4.236269e+02;3.199720e-21
4.236769e+02;3.199467e-21
4.237269e+02;3.199213e-21
4.237770e+02;3.198959e-21
4.238270e+02;3.198706e-21
4.238770e+02;3.198452e-21
4.239270e+02;3.198199e-21
4.239770e+02;3.197945e-21
4.240270e+02;3.197692e-21
4.240770e+02;3.197439e-21
4.241270e+02;3.197185e-21
4.241770e+02;3.196932e-21
4.242270e+02;3.196679e-21
4.242770e+02;3.196426e-21
4.243270e+02;3.196173e-21
4.243770e+02;3.195920e-21
4.244270e+02;3.195667e-21
4.244770e+02;3.195414e-21
4.245270e+02;3.195161e-21
4.245770e+02;3.194908e-21
4.246270e+02;3.194655e-21
4.246770e+02;3.194402e-21
4.247270e+02;3.194149e-21
4.247770e+02;3.193897e-21
4.248270e+02;3.193644e-21
4.248770e+02;3.193391e-21
4.249270e+02;3.193139e-21
4.249770e+02;3.192886e-21
4.250270e+02;3.192633e-21
4.250770e+02;3.192381e-21
4.251270e+02;3.192129e-21
4.251770e+02;3.191876e-21
4.252270e+02;3.191624e-21
4.252770e+02;3.191372e-21
4.253270e+02;3.191119e-21
4.253770e+02;3.190867e-21
4.254270e+02;3.190615e-21
4.254770e+02;3.190363e-21
4.255270e+02;3.190111e-21
4.255770e+02;3.189859e-21
4.256270e+02;3.189607e-21
4.256770e+02;3.189355e-21
4.257270e+02;3.189103e-21
4.257770e+02;3.188851e-21
4.258270e+02;3.188599e-21
4.258770e+02;3.188347e-21
4.259270e+02;3.188095e-21
4.259770e+02;3.187844e-21
4.260270e+02;3.187592e-21
4.260770e+02;3.187340e-21
4.261270e+02;3.187089e-21
4.261770e+02;3.186837e-21
4.262270e+02;3.186586e-21
4.262771e+02;3.186334e-21
4.263271e+02;3.186083e-21
4.263771e+02;3.185831e-21
4.264271e+02;3.185580e-21
4.264771e+02;3.185329e-21
4.265271e+02;3.185077e-21
4.265771e+02;3.184826e-21
4.266271e+02;3.184575e-21
4.266771e+02;3.184324e-21
4.267271e+02;3.184073e-21
4.267771e+02;3.183822e-21
4.268271e+02;3.183571e-21
4.268771e+02;3.183320e-21
4.269271e+02;3.183069e-21
4.269771e+02;3.182818e-21
4.270271e+02;3.182567e-21
4.270771e+02;3.182316e-21
4.271271e+02;3.182066e-21
4.271771e+02;3.181815e-21
4.272271e+02;3.181564e-21
4.272771e+02;3.181314e-21
4.273271e+02;3.181063e-21
4.273771e+02;3.180812e-21
4.274271e+02;3.180562e-21
4.274771e+02;3.180312e-21
4.275271e+02;3.180061e-21
4.275771e+02;3.179811e-21
4.276271e+02;3.179560e-21
4.276771e+02;3.179310e-21
4.277271e+02;3.179060e-21
4.277771e+02;3.178810e-21
4.278271e+02;3.178559e-21
4.278771e+02;3.178309e-21
4.279271e+02;3.178059e-21
4.279771e+02;3.177809e-21
4.280271e+02;3.177559e-21
4.280771e+02;3.177309e-21
4.281271e+02;3.177059e-21
4.281771e+02;3.176809e-21
4.282271e+02;3.176560e-21
4.282771e+02;3.176310e-21
4.283271e+02;3.176060e-21
4.283771e+02;3.175810e-21
4.284271e+02;3.175561e-21
4.284771e+02;3.175311e-21
4.285271e+02;3.175061e-21
4.285771e+02;3.174812e-21
4.286271e+02;3.174562e-21
4.286771e+02;3.174313e-21
4.287271e+02;3.174064e-21
4.287772e+02;3.173814e-21
4.288272e+02;3.173565e-21
4.288772e+02;3.173316e-21
4.289272e+02;3.173066e-21
4.289772e+02;3.172817e-21
4.290272e+02;3.172568e-21
4.290772e+02;3.172319e-21
4.291272e+02;3.172070e-21
4.291772e+02;3.171821e-21
4.292272e+02;3.171572e-21
4.292772e+02;3.171323e-21
4.293272e+02;3.171074e-21
4.293772e+02;3.170825e-21
4.294272e+02;3.170576e-21
4.294772e+02;3.170327e-21
4.295272e+02;3.170078e-21
4.295772e+02;3.169830e-21
4.296272e+02;3.169581e-21
4.296772e+02;3.169332e-21
4.297272e+02;3.169084e-21
4.297772e+02;3.168835e-21
4.298272e+02;3.168587e-21
4.298772e+02;3.168338e-21
4.299272e+02;3.168090e-21
4.299772e+02;3.167842e-21
4.300272e+02;3.167593e-21
4.300772e+02;3.167345e-21
4.301272e+02;3.167097e-21
4.301772e+02;3.166848e-21
4.302272e+02;3.166600e-21
4.302772e+02;3.166352e-21
4.303272e+02;3.166104e-21
4.303772e+02;3.165856e-21
4.304272e+02;3.165608e-21
4.304772e+02;3.165360e-21
4.305272e+02;3.165112e-21
4.305772e+02;3.164864e-21
4.306272e+02;3.164616e-21
4.306772e+02;3.164368e-21
4.307272e+02;3.164121e-21
4.307772e+02;3.163873e-21
4.308272e+02;3.163625e-21
4.308772e+02;3.163378e-21
4.309272e+02;3.163130e-21
4.309772e+02;3.162883e-21
4.310272e+02;3.162635e-21
4.310772e+02;3.162388e-21
4.311272e+02;3.162140e-21
4.311772e+02;3.161893e-21
4.312272e+02;3.161645e-21
4.312773e+02;3.161398e-21
4.313273e+02;3.161151e-21
4.313773e+02;3.160903e-21
4.314273e+02;3.160656e-21
4.314773e+02;3.160409e-21
4.315273e+02;3.160162e-21
4.315773e+02;3.159915e-21
4.316273e+02;3.159668e-21
4.316773e+02;3.159421e-21
4.317273e+02;3.159174e-21
4.317773e+02;3.158927e-21
4.318273e+02;3.158680e-21
4.318773e+02;3.158433e-21
4.319273e+02;3.158187e-21
4.319773e+02;3.157940e-21
4.320273e+02;3.157693e-21
4.320773e+02;3.157447e-21
4.321273e+02;3.157200e-21
4.321773e+02;3.156953e-21
4.322273e+02;3.156707e-21
4.322773e+02;3.156460e-21
4.323273e+02;3.156214e-21
4.323773e+02;3.155967e-21
4.324273e+02;3.155721e-21
4.324773e+02;3.155475e-21
4.325273e+02;3.155228e-21
4.325773e+02;3.154982e-21
4.326273e+02;3.154736e-21
4.326773e+02;3.154490e-21
4.327273e+02;3.154244e-21
4.327773e+02;3.153998e-21
4.328273e+02;3.153752e-21
4.328773e+02;3.153506e-21
4.329273e+02;3.153260e-21
4.329773e+02;3.153014e-21
4.330273e+02;3.152768e-21
4.330773e+02;3.152522e-21
4.331273e+02;3.152276e-21
4.331773e+02;3.152030e-21
4.332273e+02;3.151785e-21
4.332773e+02;3.151539e-21
4.333273e+02;3.151293e-21
4.333773e+02;3.151048e-21
4.334273e+02;3.150802e-21
4.334773e+02;3.150557e-21
4.335273e+02;3.150311e-21
4.335773e+02;3.150066e-21
4.336273e+02;3.149820e-21
4.336773e+02;3.149575e-21
4.337273e+02;3.149330e-21
4.337774e+02;3.149084e-21
4.338274e+02;3.148839e-21
4.338774e+02;3.148594e-21
4.339274e+02;3.148349e-21
4.339774e+02;3.148104e-21
4.340274e+02;3.147859e-21
4.340774e+02;3.147614e-21
4.341274e+02;3.147369e-21
4.341774e+02;3.147124e-21
4.342274e+02;3.146879e-21
4.342774e+02;3.146634e-21
4.343274e+02;3.146389e-21
4.343774e+02;3.146144e-21
4.344274e+02;3.145899e-21
4.344774e+02;3.145655e-21
4.345274e+02;3.145410e-21
4.345774e+02;3.145165e-21
4.346274e+02;3.144921e-21
4.346774e+02;3.144676e-21
4.347274e+02;3.144432e-21
4.347774e+02;3.144187e-21
4.348274e+02;3.143943e-21
4.348774e+02;3.143698e-21
4.349274e+02;3.143454e-21
4.349774e+02;3.143210e-21
4.350274e+02;3.142966e-21
4.350774e+02;3.142721e-21
4.351274e+02;3.142477e-21
4.351774e+02;3.142233e-21
4.352274e+02;3.141989e-21
4.352774e+02;3.141745e-21
4.353274e+02;3.141501e-21
4.353774e+02;3.141257e-21
4.354274e+02;3.141013e-21
4.354774e+02;3.140769e-21
4.355274e+02;3.140525e-21
4.355774e+02;3.140281e-21
4.356274e+02;3.140037e-21
4.356774e+02;3.139794e-21
4.357274e+02;3.139550e-21
4.357774e+02;3.139306e-21
4.358274e+02;3.139063e-21
4.358774e+02;3.138819e-21
4.359274e+02;3.138576e-21
4.359774e+02;3.138332e-21
4.360274e+02;3.138089e-21
4.360774e+02;3.137845e-21
4.361274e+02;3.137602e-21
4.361774e+02;3.137358e-21
4.362274e+02;3.137115e-21
4.362775e+02;3.136872e-21
4.363275e+02;3.136629e-21
4.363775e+02;3.136385e-21
4.364275e+02;3.136142e-21
4.364775e+02;3.135899e-21
4.365275e+02;3.135656e-21
4.365775e+02;3.135413e-21
4.366275e+02;3.135170e-21
4.366775e+02;3.134927e-21
4.367275e+02;3.134684e-21
4.367775e+02;3.134441e-21
4.368275e+02;3.134199e-21
4.368775e+02;3.133956e-21
4.369275e+02;3.133713e-21
4.369775e+02;3.133470e-21
4.370275e+02;3.133228e-21
4.370775e+02;3.132985e-21
4.371275e+02;3.132742e-21
4.371775e+02;3.132500e-21
4.372275e+02;3.132257e-21
4.372775e+02;3.132015e-21
4.373275e+02;3.131773e-21
4.373775e+02;3.131530e-21
4.374275e+02;3.131288e-21
4.374775e+02;3.131045e-21
4.375275e+02;3.130803e-21
4.375775e+02;3.130561e-21
4.376275e+02;3.130319e-21
4.376775e+02;3.130077e-21
4.377275e+02;3.129835e-21
4.377775e+02;3.129592e-21
4.378275e+02;3.129350e-21
4.378775e+02;3.129108e-21
4.379275e+02;3.128866e-21
4.379775e+02;3.128625e-21
4.380275e+02;3.128383e-21
4.380775e+02;3.128141e-21
4.381275e+02;3.127899e-21
4.381775e+02;3.127657e-21
4.382275e+02;3.127416e-21
4.382775e+02;3.127174e-21
4.383275e+02;3.126932e-21
4.383775e+02;3.126691e-21
4.384275e+02;3.126449e-21
4.384775e+02;3.126208e-21
4.385275e+02;3.125966e-21
4.385775e+02;3.125725e-21
4.386275e+02;3.125483e-21
4.386775e+02;3.125242e-21
4.387275e+02;3.125001e-21
4.387776e+02;3.124759e-21
4.388276e+02;3.124518e-21
4.388776e+02;3.124277e-21
4.389276e+02;3.124036e-21
4.389776e+02;3.123795e-21
4.390276e+02;3.123554e-21
4.390776e+02;3.123312e-21
4.391276e+02;3.123071e-21
4.391776e+02;3.122831e-21
4.392276e+02;3.122590e-21
4.392776e+02;3.122349e-21
4.393276e+02;3.122108e-21
4.393776e+02;3.121867e-21
4.394276e+02;3.121626e-21
4.394776e+02;3.121386e-21
4.395276e+02;3.121145e-21
4.395776e+02;3.120904e-21
4.396276e+02;3.120664e-21
4.396776e+02;3.120423e-21
4.397276e+02;3.120182e-21
4.397776e+02;3.119942e-21
4.398276e+02;3.119702e-21
4.398776e+02;3.119461e-21
4.399276e+02;3.119221e-21
4.399776e+02;3.118980e-21
4.400276e+02;3.118740e-21
4.400776e+02;3.118500e-21
4.401276e+02;3.118260e-21
4.401776e+02;3.118019e-21
4.402276e+02;3.117779e-21
4.402776e+02;3.117539e-21
4.403276e+02;3.117299e-21
4.403776e+02;3.117059e-21
4.404276e+02;3.116819e-21
4.404776e+02;3.116579e-21
4.405276e+02;3.116339e-21
4.405776e+02;3.116099e-21
4.406276e+02;3.115860e-21
4.406776e+02;3.115620e-21
4.407276e+02;3.115380e-21
4.407776e+02;3.115140e-21
4.408276e+02;3.114901e-21
4.408776e+02;3.114661e-21
4.409276e+02;3.114421e-21
4.409776e+02;3.114182e-21
4.410276e+02;3.113942e-21
4.410776e+02;3.113703e-21
4.411276e+02;3.113463e-21
4.411776e+02;3.113224e-21
4.412276e+02;3.112985e-21
4.412777e+02;3.112745e-21
4.413277e+02;3.112506e-21
4.413777e+02;3.112267e-21
4.414277e+02;3.112028e-21
4.414777e+02;3.111789e-21
4.415277e+02;3.111549e-21
4.415777e+02;3.111310e-21
4.416277e+02;3.111071e-21
4.416777e+02;3.110832e-21
4.417277e+02;3.110593e-21
4.417777e+02;3.110354e-21
4.418277e+02;3.110115e-21
4.418777e+02;3.109877e-21
4.419277e+02;3.109638e-21
4.419777e+02;3.109399e-21
4.420277e+02;3.109160e-21
4.420777e+02;3.108922e-21
4.421277e+02;3.108683e-21
4.421777e+02;3.108444e-21
4.422277e+02;3.108206e-21
4.422777e+02;3.107967e-21
4.423277e+02;3.107729e-21
4.423777e+02;3.107490e-21
4.424277e+02;3.107252e-21
4.424777e+02;3.107013e-21
4.425277e+02;3.106775e-21
4.425777e+02;3.106537e-21
4.426277e+02;3.106298e-21
4.426777e+02;3.106060e-21
4.427277e+02;3.105822e-21
4.427777e+02;3.105584e-21
4.428277e+02;3.105346e-21
4.428777e+02;3.105108e-21
4.429277e+02;3.104870e-21
4.429777e+02;3.104632e-21
4.430277e+02;3.104394e-21
4.430777e+02;3.104156e-21
4.431277e+02;3.103918e-21
4.431777e+02;3.103680e-21
4.432277e+02;3.103442e-21
4.432777e+02;3.103204e-21
4.433277e+02;3.102967e-21
4.433777e+02;3.102729e-21
4.434277e+02;3.102491e-21
4.434777e+02;3.102254e-21
4.435277e+02;3.102016e-21
4.435777e+02;3.101779e-21
4.436277e+02;3.101541e-21
4.436777e+02;3.101304e-21
4.437277e+02;3.101066e-21
4.437778e+02;3.100829e-21
4.438278e+02;3.100592e-21
4.438778e+02;3.100354e-21
4.439278e+02;3.100117e-21
4.439778e+02;3.099880e-21
4.440278e+02;3.099643e-21
4.440778e+02;3.099405e-21
4.441278e+02;3.099168e-21
4.441778e+02;3.098931e-21
4.442278e+02;3.098694e-21
4.442778e+02;3.098457e-21
4.443278e+02;3.098220e-21
4.443778e+02;3.097983e-21
4.444278e+02;3.097746e-21
4.444778e+02;3.097510e-21
4.445278e+02;3.097273e-21
4.445778e+02;3.097036e-21
4.446278e+02;3.096799e-21
4.446778e+02;3.096563e-21
4.447278e+02;3.096326e-21
4.447778e+02;3.096089e-21
4.448278e+02;3.095853e-21
4.448778e+02;3.095616e-21
4.449278e+02;3.095380e-21
4.449778e+02;3.095143e-21
4.450278e+02;3.094907e-21
4.450778e+02;3.094670e-21
4.451278e+02;3.094434e-21
4.451778e+02;3.094198e-21
4.452278e+02;3.093961e-21
4.452778e+02;3.093725e-21
4.453278e+02;3.093489e-21
4.453778e+02;3.093253e-21
4.454278e+02;3.093017e-21
4.454778e+02;3.092781e-21
4.455278e+02;3.092545e-21
4.455778e+02;3.092309e-21
4.456278e+02;3.092073e-21
4.456778e+02;3.091837e-21
4.457278e+02;3.091601e-21
4.457778e+02;3.091365e-21
4.458278e+02;3.091129e-21
4.458778e+02;3.090893e-21
4.459278e+02;3.090658e-21
4.459778e+02;3.090422e-21
4.460278e+02;3.090186e-21
4.460778e+02;3.089951e-21
4.461278e+02;3.089715e-21
4.461778e+02;3.089480e-21
4.462278e+02;3.089244e-21
4.462779e+02;3.089009e-21
4.463279e+02;3.088773e-21
4.463779e+02;3.088538e-21
4.464279e+02;3.088302e-21
4.464779e+02;3.088067e-21
4.465279e+02;3.087832e-21
4.465779e+02;3.087597e-21
4.466279e+02;3.087361e-21
4.466779e+02;3.087126e-21
4.467279e+02;3.086891e-21
4.467779e+02;3.086656e-21
4.468279e+02;3.086421e-21
4.468779e+02;3.086186e-21
4.469279e+02;3.085951e-21
4.469779e+02;3.085716e-21
4.470279e+02;3.085481e-21
4.470779e+02;3.085246e-21
4.471279e+02;3.085011e-21
4.471779e+02;3.084777e-21
4.472279e+02;3.084542e-21
4.472779e+02;3.084307e-21
4.473279e+02;3.084072e-21
4.473779e+02;3.083838e-21
4.474279e+02;3.083603e-21
4.474779e+02;3.083369e-21
4.475279e+02;3.083134e-21
4.475779e+02;3.082900e-21
4.476279e+02;3.082665e-21
4.476779e+02;3.082431e-21
4.477279e+02;3.082196e-21
4.477779e+02;3.081962e-21
4.478279e+02;3.081728e-21
4.478779e+02;3.081493e-21
4.479279e+02;3.081259e-21
4.479779e+02;3.081025e-21
4.480279e+02;3.080791e-21
4.480779e+02;3.080557e-21
4.481279e+02;3.080323e-21
4.481779e+02;3.080089e-21
4.482279e+02;3.079855e-21
4.482779e+02;3.079621e-21
4.483279e+02;3.079387e-21
4.483779e+02;3.079153e-21
4.484279e+02;3.078919e-21
4.484779e+02;3.078685e-21
4.485279e+02;3.078451e-21
4.485779e+02;3.078218e-21
4.486279e+02;3.077984e-21
4.486779e+02;3.077750e-21
4.487279e+02;3.077517e-21
4.487780e+02;3.077283e-21
4.488280e+02;3.077050e-21
4.488780e+02;3.076816e-21
4.489280e+02;3.076583e-21
4.489780e+02;3.076349e-21
4.490280e+02;3.076116e-21
4.490780e+02;3.075882e-21
4.491280e+02;3.075649e-21
4.491780e+02;3.075416e-21
4.492280e+02;3.075183e-21
4.492780e+02;3.074949e-21
4.493280e+02;3.074716e-21
4.493780e+02;3.074483e-21
4.494280e+02;3.074250e-21
4.494780e+02;3.074017e-21
4.495280e+02;3.073784e-21
4.495780e+02;3.073551e-21
4.496280e+02;3.073318e-21
4.496780e+02;3.073085e-21
4.497280e+02;3.072852e-21
4.497780e+02;3.072619e-21
4.498280e+02;3.072387e-21
4.498780e+02;3.072154e-21
4.499280e+02;3.071921e-21
4.499780e+02;3.071688e-21
4.500280e+02;3.071456e-21
4.500780e+02;3.071223e-21
4.501280e+02;3.070991e-21
4.501780e+02;3.070758e-21
4.502280e+02;3.070526e-21
4.502780e+02;3.070293e-21
4.503280e+02;3.070061e-21
4.503780e+02;3.069828e-21
4.504280e+02;3.069596e-21
4.504780e+02;3.069364e-21
4.505280e+02;3.069131e-21
4.505780e+02;3.068899e-21
4.506280e+02;3.068667e-21
4.506780e+02;3.068435e-21
4.507280e+02;3.068203e-21
4.507780e+02;3.067970e-21
4.508280e+02;3.067738e-21
4.508780e+02;3.067506e-21
4.509280e+02;3.067274e-21
4.509780e+02;3.067043e-21
4.510280e+02;3.066811e-21
4.510780e+02;3.066579e-21
4.511280e+02;3.066347e-21
4.511780e+02;3.066115e-21
4.512280e+02;3.065883e-21
4.512781e+02;3.065652e-21
4.513281e+02;3.065420e-21
4.513781e+02;3.065188e-21
4.514281e+02;3.064957e-21
4.514781e+02;3.064725e-21
4.515281e+02;3.064494e-21
4.515781e+02;3.064262e-21
4.516281e+02;3.064031e-21
4.516781e+02;3.063799e-21
4.517281e+02;3.063568e-21
4.517781e+02;3.063336e-21
4.518281e+02;3.063105e-21
4.518781e+02;3.062874e-21
4.519281e+02;3.062643e-21
4.519781e+02;3.062411e-21
4.520281e+02;3.062180e-21
4.520781e+02;3.061949e-21
4.521281e+02;3.061718e-21
4.521781e+02;3.061487e-21
4.522281e+02;3.061256e-21
4.522781e+02;3.061025e-21
4.523281e+02;3.060794e-21
4.523781e+02;3.060563e-21
4.524281e+02;3.060332e-21
4.524781e+02;3.060101e-21
4.525281e+02;3.059871e-21
4.525781e+02;3.059640e-21
4.526281e+02;3.059409e-21
4.526781e+02;3.059178e-21
4.527281e+02;3.058948e-21
4.527781e+02;3.058717e-21
4.528281e+02;3.058487e-21
4.528781e+02;3.058256e-21
4.529281e+02;3.058026e-21
4.529781e+02;3.057795e-21
4.530281e+02;3.057565e-21
4.530781e+02;3.057334e-21
4.531281e+02;3.057104e-21
4.531781e+02;3.056874e-21
4.532281e+02;3.056643e-21
4.532781e+02;3.056413e-21
4.533281e+02;3.056183e-21
4.533781e+02;3.055953e-21
4.534281e+02;3.055723e-21
4.534781e+02;3.055493e-21
4.535281e+02;3.055262e-21
4.535781e+02;3.055032e-21
4.536281e+02;3.054802e-21
4.536781e+02;3.054573e-21
4.537281e+02;3.054343e-21
4.537782e+02;3.054113e-21
4.538282e+02;3.053883e-21
4.538782e+02;3.053653e-21
4.539282e+02;3.053423e-21
4.539782e+02;3.053194e-21
4.540282e+02;3.052964e-21
4.540782e+02;3.052734e-21
4.541282e+02;3.052505e-21
4.541782e+02;3.052275e-21
4.542282e+02;3.052045e-21
4.542782e+02;3.051816e-21
4.543282e+02;3.051586e-21
4.543782e+02;3.051357e-21
4.544282e+02;3.051128e-21
4.544782e+02;3.050898e-21
4.545282e+02;3.050669e-21
4.545782e+02;3.050440e-21
4.546282e+02;3.050210e-21
4.546782e+02;3.049981e-21
4.547282e+02;3.049752e-21
4.547782e+02;3.049523e-21
4.548282e+02;3.049294e-21
4.548782e+02;3.049065e-21
4.549282e+02;3.048836e-21
4.549782e+02;3.048607e-21
4.550282e+02;3.048378e-21
4.550782e+02;3.048149e-21
4.551282e+02;3.047920e-21
4.551782e+02;3.047691e-21
4.552282e+02;3.047462e-21
4.552782e+02;3.047233e-21
4.553282e+02;3.047005e-21
4.553782e+02;3.046776e-21
4.554282e+02;3.046547e-21
4.554782e+02;3.046319e-21
4.555282e+02;3.046090e-21
4.555782e+02;3.045861e-21
4.556282e+02;3.045633e-21
4.556782e+02;3.045404e-21
4.557282e+02;3.045176e-21
4.557782e+02;3.044948e-21
4.558282e+02;3.044719e-21
4.558782e+02;3.044491e-21
4.559282e+02;3.044262e-21
4.559782e+02;3.044034e-21
4.560282e+02;3.043806e-21
4.560782e+02;3.043578e-21
4.561282e+02;3.043350e-21
4.561782e+02;3.043121e-21
4.562282e+02;3.042893e-21
4.562783e+02;3.042665e-21
4.563283e+02;3.042437e-21
4.563783e+02;3.042209e-21
4.564283e+02;3.041981e-21
4.564783e+02;3.041753e-21
4.565283e+02;3.041526e-21
4.565783e+02;3.041298e-21
4.566283e+02;3.041070e-21
4.566783e+02;3.040842e-21
4.567283e+02;3.040614e-21
4.567783e+02;3.040387e-21
4.568283e+02;3.040159e-21
4.568783e+02;3.039931e-21
4.569283e+02;3.039704e-21
4.569783e+02;3.039476e-21
4.570283e+02;3.039249e-21
4.570783e+02;3.039021e-21
4.571283e+02;3.038794e-21
4.571783e+02;3.038566e-21
4.572283e+02;3.038339e-21
4.572783e+02;3.038112e-21
4.573283e+02;3.037884e-21
4.573783e+02;3.037657e-21
4.574283e+02;3.037430e-21
4.574783e+02;3.037203e-21
4.575283e+02;3.036976e-21
4.575783e+02;3.036748e-21
4.576283e+02;3.036521e-21
4.576783e+02;3.036294e-21
4.577283e+02;3.036067e-21
4.577783e+02;3.035840e-21
4.578283e+02;3.035613e-21
4.578783e+02;3.035386e-21
4.579283e+02;3.035160e-21
4.579783e+02;3.034933e-21
4.580283e+02;3.034706e-21
4.580783e+02;3.034479e-21
4.581283e+02;3.034252e-21
4.581783e+02;3.034026e-21
4.582283e+02;3.033799e-21
4.582783e+02;3.033573e-21
4.583283e+02;3.033346e-21
4.583783e+02;3.033119e-21
4.584283e+02;3.032893e-21
4.584783e+02;3.032666e-21
4.585283e+02;3.032440e-21
4.585783e+02;3.032214e-21
4.586283e+02;3.031987e-21
4.586783e+02;3.031761e-21
4.587283e+02;3.031535e-21
4.587784e+02;3.031308e-21
4.588284e+02;3.031082e-21
4.588784e+02;3.030856e-21
4.589284e+02;3.030630e-21
4.589784e+02;3.030404e-21
4.590284e+02;3.030178e-21
4.590784e+02;3.029951e-21
4.591284e+02;3.029725e-21
4.591784e+02;3.029499e-21
4.592284e+02;3.029274e-21
4.592784e+02;3.029048e-21
4.593284e+02;3.028822e-21
4.593784e+02;3.028596e-21
4.594284e+02;3.028370e-21
4.594784e+02;3.028144e-21
4.595284e+02;3.027919e-21
4.595784e+02;3.027693e-21
4.596284e+02;3.027467e-21
4.596784e+02;3.027242e-21
4.597284e+02;3.027016e-21
4.597784e+02;3.026791e-21
4.598284e+02;3.026565e-21
4.598784e+02;3.026340e-21
4.599284e+02;3.026114e-21
4.599784e+02;3.025889e-21
4.600284e+02;3.025663e-21
4.600784e+02;3.025438e-21
4.601284e+02;3.025213e-21
4.601784e+02;3.024987e-21
4.602284e+02;3.024762e-21
4.602784e+02;3.024537e-21
4.603284e+02;3.024312e-21
4.603784e+02;3.024087e-21
4.604284e+02;3.023862e-21
4.604784e+02;3.023637e-21
4.605284e+02;3.023412e-21
4.605784e+02;3.023187e-21
4.606284e+02;3.022962e-21
4.606784e+02;3.022737e-21
4.607284e+02;3.022512e-21
4.607784e+02;3.022287e-21
4.608284e+02;3.022062e-21
4.608784e+02;3.021837e-21
4.609284e+02;3.021613e-21
4.609784e+02;3.021388e-21
4.610284e+02;3.021163e-21
4.610784e+02;3.020939e-21
4.611284e+02;3.020714e-21
4.611784e+02;3.020490e-21
4.612284e+02;3.020265e-21
4.612785e+02;3.020041e-21
4.613285e+02;3.019816e-21
4.613785e+02;3.019592e-21
4.614285e+02;3.019367e-21
4.614785e+02;3.019143e-21
4.615285e+02;3.018919e-21
4.615785e+02;3.018694e-21
4.616285e+02;3.018470e-21
4.616785e+02;3.018246e-21
4.617285e+02;3.018022e-21
4.617785e+02;3.017798e-21
4.618285e+02;3.017574e-21
4.618785e+02;3.017349e-21
4.619285e+02;3.017125e-21
4.619785e+02;3.016901e-21
4.620285e+02;3.016677e-21
4.620785e+02;3.016454e-21
4.621285e+02;3.016230e-21
4.621785e+02;3.016006e-21
4.622285e+02;3.015782e-21
4.622785e+02;3.015558e-21
4.623285e+02;3.015334e-21
4.623785e+02;3.015111e-21
4.624285e+02;3.014887e-21
4.624785e+02;3.014663e-21
4.625285e+02;3.014440e-21
4.625785e+02;3.014216e-21
4.626285e+02;3.013993e-21
4.626785e+02;3.013769e-21
4.627285e+02;3.013546e-21
4.627785e+02;3.013322e-21
4.628285e+02;3.013099e-21
4.628785e+02;3.012876e-21
4.629285e+02;3.012652e-21
4.629785e+02;3.012429e-21
4.630285e+02;3.012206e-21
4.630785e+02;3.011982e-21
4.631285e+02;3.011759e-21
4.631785e+02;3.011536e-21
4.632285e+02;3.011313e-21
4.632785e+02;3.011090e-21
4.633285e+02;3.010867e-21
4.633785e+02;3.010644e-21
4.634285e+02;3.010421e-21
4.634785e+02;3.010198e-21
4.635285e+02;3.009975e-21
4.635785e+02;3.009752e-21
4.636285e+02;3.009529e-21
4.636785e+02;3.009307e-21
4.637285e+02;3.009084e-21
4.637786e+02;3.008861e-21
4.638286e+02;3.008638e-21
4.638786e+02;3.008416e-21
4.639286e+02;3.008193e-21
4.639786e+02;3.007970e-21
4.640286e+02;3.007748e-21
4.640786e+02;3.007525e-21
4.641286e+02;3.007303e-21
4.641786e+02;3.007080e-21
4.642286e+02;3.006858e-21
4.642786e+02;3.006636e-21
4.643286e+02;3.006413e-21
4.643786e+02;3.006191e-21
4.644286e+02;3.005969e-21
4.644786e+02;3.005746e-21
4.645286e+02;3.005524e-21
4.645786e+02;3.005302e-21
4.646286e+02;3.005080e-21
4.646786e+02;3.004858e-21
4.647286e+02;3.004636e-21
4.647786e+02;3.004414e-21
4.648286e+02;3.004192e-21
4.648786e+02;3.003970e-21
4.649286e+02;3.003748e-21
4.649786e+02;3.003526e-21
4.650286e+02;3.003304e-21
4.650786e+02;3.003082e-21
4.651286e+02;3.002860e-21
4.651786e+02;3.002639e-21
4.652286e+02;3.002417e-21
4.652786e+02;3.002195e-21
4.653286e+02;3.001974e-21
4.653786e+02;3.001752e-21
4.654286e+02;3.001530e-21
4.654786e+02;3.001309e-21
4.655286e+02;3.001087e-21
4.655786e+02;3.000866e-21
4.656286e+02;3.000644e-21
4.656786e+02;3.000423e-21
4.657286e+02;3.000202e-21
4.657786e+02;2.999980e-21
4.658286e+02;2.999759e-21
4.658786e+02;2.999538e-21
4.659286e+02;2.999316e-21
4.659786e+02;2.999095e-21
4.660286e+02;2.998874e-21
4.660786e+02;2.998653e-21
4.661286e+02;2.998432e-21
4.661786e+02;2.998211e-21
4.662286e+02;2.997990e-21
4.662787e+02;2.997769e-21
4.663287e+02;2.997548e-21
4.663787e+02;2.997327e-21
4.664287e+02;2.997106e-21
4.664787e+02;2.996885e-21
4.665287e+02;2.996664e-21
4.665787e+02;2.996443e-21
4.666287e+02;2.996223e-21
4.666787e+02;2.996002e-21
4.667287e+02;2.995781e-21
4.667787e+02;2.995560e-21
4.668287e+02;2.995340e-21
4.668787e+02;2.995119e-21
4.669287e+02;2.994899e-21
4.669787e+02;2.994678e-21
4.670287e+02;2.994458e-21
4.670787e+02;2.994237e-21
4.671287e+02;2.994017e-21
4.671787e+02;2.993796e-21
4.672287e+02;2.993576e-21
4.672787e+02;2.993356e-21
4.673287e+02;2.993136e-21
4.673787e+02;2.992915e-21
4.674287e+02;2.992695e-21
4.674787e+02;2.992475e-21
4.675287e+02;2.992255e-21
4.675787e+02;2.992035e-21
4.676287e+02;2.991815e-21
4.676787e+02;2.991595e-21
4.677287e+02;2.991375e-21
4.677787e+02;2.991155e-21
4.678287e+02;2.990935e-21
4.678787e+02;2.990715e-21
4.679287e+02;2.990495e-21
4.679787e+02;2.990275e-21
4.680287e+02;2.990055e-21
4.680787e+02;2.989835e-21
4.681287e+02;2.989616e-21
4.681787e+02;2.989396e-21
4.682287e+02;2.989176e-21
4.682787e+02;2.988957e-21
4.683287e+02;2.988737e-21
4.683787e+02;2.988518e-21
4.684287e+02;2.988298e-21
4.684787e+02;2.988079e-21
4.685287e+02;2.987859e-21
4.685787e+02;2.987640e-21
4.686287e+02;2.987420e-21
4.686787e+02;2.987201e-21
4.687287e+02;2.986982e-21
4.687788e+02;2.986762e-21
4.688288e+02;2.986543e-21
4.688788e+02;2.986324e-21
4.689288e+02;2.986105e-21
4.689788e+02;2.985885e-21
4.690288e+02;2.985666e-21
4.690788e+02;2.985447e-21
4.691288e+02;2.985228e-21
4.691788e+02;2.985009e-21
4.692288e+02;2.984790e-21
4.692788e+02;2.984571e-21
4.693288e+02;2.984352e-21
4.693788e+02;2.984133e-21
4.694288e+02;2.983915e-21
4.694788e+02;2.983696e-21
4.695288e+02;2.983477e-21
4.695788e+02;2.983258e-21
4.696288e+02;2.983040e-21
4.696788e+02;2.982821e-21
4.697288e+02;2.982602e-21
4.697788e+02;2.982384e-21
4.698288e+02;2.982165e-21
4.698788e+02;2.981947e-21
4.699288e+02;2.981728e-21
4.699788e+02;2.981510e-21
4.700288e+02;2.981291e-21
4.700788e+02;2.981073e-21
4.701288e+02;2.980854e-21
4.701788e+02;2.980636e-21
4.702288e+02;2.980418e-21
4.702788e+02;2.980199e-21
4.703288e+02;2.979981e-21
4.703788e+02;2.979763e-21
4.704288e+02;2.979545e-21
4.704788e+02;2.979327e-21
4.705288e+02;2.979109e-21
4.705788e+02;2.978891e-21
4.706288e+02;2.978672e-21
4.706788e+02;2.978454e-21
4.707288e+02;2.978237e-21
4.707788e+02;2.978019e-21
4.708288e+02;2.977801e-21
4.708788e+02;2.977583e-21
4.709288e+02;2.977365e-21
4.709788e+02;2.977147e-21
4.710288e+02;2.976929e-21
4.710788e+02;2.976712e-21
4.711288e+02;2.976494e-21
4.711788e+02;2.976276e-21
4.712288e+02;2.976059e-21
4.712789e+02;2.975841e-21
4.713289e+02;2.975624e-21
4.713789e+02;2.975406e-21
4.714289e+02;2.975188e-21
4.714789e+02;2.974971e-21
4.715289e+02;2.974754e-21
4.715789e+02;2.974536e-21
4.716289e+02;2.974319e-21
4.716789e+02;2.974102e-21
4.717289e+02;2.973884e-21
4.717789e+02;2.973667e-21
4.718289e+02;2.973450e-21
4.718789e+02;2.973233e-21
4.719289e+02;2.973015e-21
4.719789e+02;2.972798e-21
4.720289e+02;2.972581e-21
4.720789e+02;2.972364e-21
4.721289e+02;2.972147e-21
4.721789e+02;2.971930e-21
4.722289e+02;2.971713e-21
4.722789e+02;2.971496e-21
4.723289e+02;2.971279e-21
4.723789e+02;2.971062e-21
4.724289e+02;2.970846e-21
4.724789e+02;2.970629e-21
4.725289e+02;2.970412e-21
4.725789e+02;2.970195e-21
4.726289e+02;2.969979e-21
4.726789e+02;2.969762e-21
4.727289e+02;2.969545e-21
4.727789e+02;2.969329e-21
4.728289e+02;2.969112e-21
4.728789e+02;2.968896e-21
4.729289e+02;2.968679e-21
4.729789e+02;2.968463e-21
4.730289e+02;2.968246e-21
4.730789e+02;2.968030e-21
4.731289e+02;2.967814e-21
4.731789e+02;2.967597e-21
4.732289e+02;2.967381e-21
4.732789e+02;2.967165e-21
4.733289e+02;2.966948e-21
4.733789e+02;2.966732e-21
4.734289e+02;2.966516e-21
4.734789e+02;2.966300e-21
4.735289e+02;2.966084e-21
4.735789e+02;2.965868e-21
4.736289e+02;2.965652e-21
4.736789e+02;2.965436e-21
4.737289e+02;2.965220e-21
4.737790e+02;2.965004e-21
4.738290e+02;2.964788e-21
4.738790e+02;2.964572e-21
4.739290e+02;2.964356e-21
4.739790e+02;2.964141e-21
4.740290e+02;2.963925e-21
4.740790e+02;2.963709e-21
4.741290e+02;2.963493e-21
4.741790e+02;2.963278e-21
4.742290e+02;2.963062e-21
4.742790e+02;2.962846e-21
4.743290e+02;2.962631e-21
4.743790e+02;2.962415e-21
4.744290e+02;2.962200e-21
4.744790e+02;2.961984e-21
4.745290e+02;2.961769e-21
4.745790e+02;2.961554e-21
4.746290e+02;2.961338e-21
4.746790e+02;2.961123e-21
4.747290e+02;2.960908e-21
4.747790e+02;2.960692e-21
4.748290e+02;2.960477e-21
4.748790e+02;2.960262e-21
4.749290e+02;2.960047e-21
4.749790e+02;2.959832e-21
4.750290e+02;2.959617e-21
4.750790e+02;2.959401e-21
4.751290e+02;2.959186e-21
4.751790e+02;2.958971e-21
4.752290e+02;2.958756e-21
4.752790e+02;2.958542e-21
4.753290e+02;2.958327e-21
4.753790e+02;2.958112e-21
4.754290e+02;2.957897e-21
4.754790e+02;2.957682e-21
4.755290e+02;2.957467e-21
4.755790e+02;2.957253e-21
4.756290e+02;2.957038e-21
4.756790e+02;2.956823e-21
4.757290e+02;2.956609e-21
4.757790e+02;2.956394e-21
4.758290e+02;2.956179e-21
4.758790e+02;2.955965e-21
4.759290e+02;2.955750e-21
4.759790e+02;2.955536e-21
4.760290e+02;2.955321e-21
4.760790e+02;2.955107e-21
4.761290e+02;2.954893e-21
4.761790e+02;2.954678e-21
4.762290e+02;2.954464e-21
4.762791e+02;2.954250e-21
4.763291e+02;2.954036e-21
4.763791e+02;2.953821e-21
4.764291e+02;2.953607e-21
4.764791e+02;2.953393e-21
4.765291e+02;2.953179e-21
4.765791e+02;2.952965e-21
4.766291e+02;2.952751e-21
4.766791e+02;2.952537e-21
4.767291e+02;2.952323e-21
4.767791e+02;2.952109e-21
4.768291e+02;2.951895e-21
4.768791e+02;2.951681e-21
4.769291e+02;2.951467e-21
4.769791e+02;2.951253e-21
4.770291e+02;2.951040e-21
4.770791e+02;2.950826e-21
4.771291e+02;2.950612e-21
4.771791e+02;2.950398e-21
4.772291e+02;2.950185e-21
4.772791e+02;2.949971e-21
4.773291e+02;2.949758e-21
4.773791e+02;2.949544e-21
4.774291e+02;2.949331e-21
4.774791e+02;2.949117e-21
4.775291e+02;2.948904e-21
4.775791e+02;2.948690e-21
4.776291e+02;2.948477e-21
4.776791e+02;2.948263e-21
4.777291e+02;2.948050e-21
4.777791e+02;2.947837e-21
4.778291e+02;2.947624e-21
4.778791e+02;2.947410e-21
4.779291e+02;2.947197e-21
4.779791e+02;2.946984e-21
4.780291e+02;2.946771e-21
4.780791e+02;2.946558e-21
4.781291e+02;2.946345e-21
4.781791e+02;2.946132e-21
4.782291e+02;2.945919e-21
4.782791e+02;2.945706e-21
4.783291e+02;2.945493e-21
4.783791e+02;2.945280e-21
4.784291e+02;2.945067e-21
4.784791e+02;2.944854e-21
4.785291e+02;2.944641e-21
4.785791e+02;2.944429e-21
4.786291e+02;2.944216e-21
4.786791e+02;2.944003e-21
4.787291e+02;2.943790e-21
4.787792e+02;2.943578e-21
4.788292e+02;2.943365e-21
4.788792e+02;2.943153e-21
4.789292e+02;2.942940e-21
4.789792e+02;2.942727e-21
4.790292e+02;2.942515e-21
4.790792e+02;2.942303e-21
4.791292e+02;2.942090e-21
4.791792e+02;2.941878e-21
4.792292e+02;2.941665e-21
4.792792e+02;2.941453e-21
4.793292e+02;2.941241e-21
4.793792e+02;2.941029e-21
4.794292e+02;2.940816e-21
4.794792e+02;2.940604e-21
4.795292e+02;2.940392e-21
4.795792e+02;2.940180e-21
4.796292e+02;2.939968e-21
4.796792e+02;2.939756e-21
4.797292e+02;2.939544e-21
4.797792e+02;2.939332e-21
4.798292e+02;2.939120e-21
4.798792e+02;2.938908e-21
4.799292e+02;2.938696e-21
4.799792e+02;2.938484e-21
4.800292e+02;2.938272e-21
4.800792e+02;2.938060e-21
4.801292e+02;2.937849e-21
4.801792e+02;2.937637e-21
4.802292e+02;2.937425e-21
4.802792e+02;2.937214e-21
4.803292e+02;2.937002e-21
4.803792e+02;2.936790e-21
4.804292e+02;2.936579e-21
4.804792e+02;2.936367e-21
4.805292e+02;2.936156e-21
4.805792e+02;2.935944e-21
4.806292e+02;2.935733e-21
4.806792e+02;2.935521e-21
4.807292e+02;2.935310e-21
4.807792e+02;2.935099e-21
4.808292e+02;2.934887e-21
4.808792e+02;2.934676e-21
4.809292e+02;2.934465e-21
4.809792e+02;2.934253e-21
4.810292e+02;2.934042e-21
4.810792e+02;2.933831e-21
4.811292e+02;2.933620e-21
4.811792e+02;2.933409e-21
4.812292e+02;2.933198e-21
4.812793e+02;2.932987e-21
4.813293e+02;2.932776e-21
4.813793e+02;2.932565e-21
4.814293e+02;2.932354e-21
4.814793e+02;2.932143e-21
4.815293e+02;2.931932e-21
4.815793e+02;2.931721e-21
4.816293e+02;2.931511e-21
4.816793e+02;2.931300e-21
4.817293e+02;2.931089e-21
4.817793e+02;2.930878e-21
4.818293e+02;2.930668e-21
4.818793e+02;2.930457e-21
4.819293e+02;2.930246e-21
4.819793e+02;2.930036e-21
4.820293e+02;2.929825e-21
4.820793e+02;2.929615e-21
4.821293e+02;2.929404e-21
4.821793e+02;2.929194e-21
4.822293e+02;2.928983e-21
4.822793e+02;2.928773e-21
4.823293e+02;2.928563e-21
4.823793e+02;2.928352e-21
4.824293e+02;2.928142e-21
4.824793e+02;2.927932e-21
4.825293e+02;2.927721e-21
4.825793e+02;2.927511e-21
4.826293e+02;2.927301e-21
4.826793e+02;2.927091e-21
4.827293e+02;2.926881e-21
4.827793e+02;2.926671e-21
4.828293e+02;2.926461e-21
4.828793e+02;2.926251e-21
4.829293e+02;2.926041e-21
4.829793e+02;2.925831e-21
4.830293e+02;2.925621e-21
4.830793e+02;2.925411e-21
4.831293e+02;2.925201e-21
4.831793e+02;2.924991e-21
4.832293e+02;2.924782e-21
4.832793e+02;2.924572e-21
4.833293e+02;2.924362e-21
4.833793e+02;2.924152e-21
4.834293e+02;2.923943e-21
4.834793e+02;2.923733e-21
4.835293e+02;2.923524e-21
4.835793e+02;2.923314e-21
4.836293e+02;2.923104e-21
4.836793e+02;2.922895e-21
4.837293e+02;2.922686e-21
4.837794e+02;2.922476e-21
4.838294e+02;2.922267e-21
4.838794e+02;2.922057e-21
4.839294e+02;2.921848e-21
4.839794e+02;2.921639e-21
4.840294e+02;2.921429e-21
4.840794e+02;2.921220e-21
4.841294e+02;2.921011e-21
4.841794e+02;2.920802e-21
4.842294e+02;2.920593e-21
4.842794e+02;2.920383e-21
4.843294e+02;2.920174e-21
4.843794e+02;2.919965e-21
4.844294e+02;2.919756e-21
4.844794e+02;2.919547e-21
4.845294e+02;2.919338e-21
4.845794e+02;2.919129e-21
4.846294e+02;2.918921e-21
4.846794e+02;2.918712e-21
4.847294e+02;2.918503e-21
4.847794e+02;2.918294e-21
4.848294e+02;2.918085e-21
4.848794e+02;2.917876e-21
4.849294e+02;2.917668e-21
4.849794e+02;2.917459e-21
4.850294e+02;2.917250e-21
4.850794e+02;2.917042e-21
4.851294e+02;2.916833e-21
4.851794e+02;2.916625e-21
4.852294e+02;2.916416e-21
4.852794e+02;2.916208e-21
4.853294e+02;2.915999e-21
4.853794e+02;2.915791e-21
4.854294e+02;2.915582e-21
4.854794e+02;2.915374e-21
4.855294e+02;2.915166e-21
4.855794e+02;2.914957e-21
4.856294e+02;2.914749e-21
4.856794e+02;2.914541e-21
4.857294e+02;2.914333e-21
4.857794e+02;2.914125e-21
4.858294e+02;2.913916e-21
4.858794e+02;2.913708e-21
4.859294e+02;2.913500e-21
4.859794e+02;2.913292e-21
4.860294e+02;2.913084e-21
4.860794e+02;2.912876e-21
4.861294e+02;2.912668e-21
4.861794e+02;2.912460e-21
4.862294e+02;2.912252e-21
4.862795e+02;2.912045e-21
4.863295e+02;2.911837e-21
4.863795e+02;2.911629e-21
4.864295e+02;2.911421e-21
4.864795e+02;2.911213e-21
4.865295e+02;2.911006e-21
4.865795e+02;2.910798e-21
4.866295e+02;2.910590e-21
4.866795e+02;2.910383e-21
4.867295e+02;2.910175e-21
4.867795e+02;2.909968e-21
4.868295e+02;2.909760e-21
4.868795e+02;2.909553e-21
4.869295e+02;2.909345e-21
4.869795e+02;2.909138e-21
4.870295e+02;2.908930e-21
4.870795e+02;2.908723e-21
4.871295e+02;2.908516e-21
4.871795e+02;2.908308e-21
4.872295e+02;2.908101e-21
4.872795e+02;2.907894e-21
4.873295e+02;2.907687e-21
4.873795e+02;2.907480e-21
4.874295e+02;2.907272e-21
4.874795e+02;2.907065e-21
4.875295e+02;2.906858e-21
4.875795e+02;2.906651e-21
4.876295e+02;2.906444e-21
4.876795e+02;2.906237e-21
4.877295e+02;2.906030e-21
4.877795e+02;2.905823e-21
4.878295e+02;2.905616e-21
4.878795e+02;2.905410e-21
4.879295e+02;2.905203e-21
4.879795e+02;2.904996e-21
4.880295e+02;2.904789e-21
4.880795e+02;2.904582e-21
4.881295e+02;2.904376e-21
4.881795e+02;2.904169e-21
4.882295e+02;2.903962e-21
4.882795e+02;2.903756e-21
4.883295e+02;2.903549e-21
4.883795e+02;2.903343e-21
4.884295e+02;2.903136e-21
4.884795e+02;2.902930e-21
4.885295e+02;2.902723e-21
4.885795e+02;2.902517e-21
4.886295e+02;2.902310e-21
4.886795e+02;2.902104e-21
4.887295e+02;2.901898e-21
4.887796e+02;2.901691e-21
4.888296e+02;2.901485e-21
4.888796e+02;2.901279e-21
4.889296e+02;2.901073e-21
4.889796e+02;2.900866e-21
4.890296e+02;2.900660e-21
4.890796e+02;2.900454e-21
4.891296e+02;2.900248e-21
4.891796e+02;2.900042e-21
4.892296e+02;2.899836e-21
4.892796e+02;2.899630e-21
4.893296e+02;2.899424e-21
4.893796e+02;2.899218e-21
4.894296e+02;2.899012e-21
4.894796e+02;2.898806e-21
4.895296e+02;2.898601e-21
4.895796e+02;2.898395e-21
4.896296e+02;2.898189e-21
4.896796e+02;2.897983e-21
4.897296e+02;2.897777e-21
4.897796e+02;2.897572e-21
4.898296e+02;2.897366e-21
4.898796e+02;2.897161e-21
4.899296e+02;2.896955e-21
4.899796e+02;2.896749e-21
4.900296e+02;2.896544e-21
4.900796e+02;2.896338e-21
4.901296e+02;2.896133e-21
4.901796e+02;2.895927e-21
4.902296e+02;2.895722e-21
4.902796e+02;2.895517e-21
4.903296e+02;2.895311e-21
4.903796e+02;2.895106e-21
4.904296e+02;2.894901e-21
4.904796e+02;2.894695e-21
4.905296e+02;2.894490e-21
4.905796e+02;2.894285e-21
4.906296e+02;2.894080e-21
4.906796e+02;2.893875e-21
4.907296e+02;2.893670e-21
4.907796e+02;2.893465e-21
4.908296e+02;2.893260e-21
4.908796e+02;2.893055e-21
4.909296e+02;2.892850e-21
4.909796e+02;2.892645e-21
4.910296e+02;2.892440e-21
4.910796e+02;2.892235e-21
4.911296e+02;2.892030e-21
4.911796e+02;2.891825e-21
4.912296e+02;2.891620e-21
4.912797e+02;2.891416e-21
4.913297e+02;2.891211e-21
4.913797e+02;2.891006e-21
4.914297e+02;2.890801e-21
4.914797e+02;2.890597e-21
4.915297e+02;2.890392e-21
4.915797e+02;2.890188e-21
4.916297e+02;2.889983e-21
4.916797e+02;2.889779e-21
4.917297e+02;2.889574e-21
4.917797e+02;2.889370e-21
4.918297e+02;2.889165e-21
4.918797e+02;2.888961e-21
4.919297e+02;2.888756e-21
4.919797e+02;2.888552e-21
4.920297e+02;2.888348e-21
4.920797e+02;2.888144e-21
4.921297e+02;2.887939e-21
4.921797e+02;2.887735e-21
4.922297e+02;2.887531e-21
4.922797e+02;2.887327e-21
4.923297e+02;2.887123e-21
4.923797e+02;2.886919e-21
4.924297e+02;2.886714e-21
4.924797e+02;2.886510e-21
4.925297e+02;2.886306e-21
4.925797e+02;2.886102e-21
4.926297e+02;2.885899e-21
4.926797e+02;2.885695e-21
4.927297e+02;2.885491e-21
4.927797e+02;2.885287e-21
4.928297e+02;2.885083e-21
4.928797e+02;2.884879e-21
4.929297e+02;2.884676e-21
4.929797e+02;2.884472e-21
4.930297e+02;2.884268e-21
4.930797e+02;2.884064e-21
4.931297e+02;2.883861e-21
4.931797e+02;2.883657e-21
4.932297e+02;2.883454e-21
4.932797e+02;2.883250e-21
4.933297e+02;2.883047e-21
4.933797e+02;2.882843e-21
4.934297e+02;2.882640e-21
4.934797e+02;2.882436e-21
4.935297e+02;2.882233e-21
4.935797e+02;2.882029e-21
4.936297e+02;2.881826e-21
4.936797e+02;2.881623e-21
4.937297e+02;2.881420e-21
4.937798e+02;2.881216e-21
4.938298e+02;2.881013e-21
4.938798e+02;2.880810e-21
4.939298e+02;2.880607e-21
4.939798e+02;2.880404e-21
4.940298e+02;2.880201e-21
4.940798e+02;2.879997e-21
4.941298e+02;2.879794e-21
4.941798e+02;2.879591e-21
4.942298e+02;2.879388e-21
4.942798e+02;2.879186e-21
4.943298e+02;2.878983e-21
4.943798e+02;2.878780e-21
4.944298e+02;2.878577e-21
4.944798e+02;2.878374e-21
4.945298e+02;2.878171e-21
4.945798e+02;2.877969e-21
4.946298e+02;2.877766e-21
4.946798e+02;2.877563e-21
4.947298e+02;2.877360e-21
4.947798e+02;2.877158e-21
4.948298e+02;2.876955e-21
4.948798e+02;2.876753e-21
4.949298e+02;2.876550e-21
4.949798e+02;2.876348e-21
4.950298e+02;2.876145e-21
4.950798e+02;2.875943e-21
4.951298e+02;2.875740e-21
4.951798e+02;2.875538e-21
4.952298e+02;2.875335e-21
4.952798e+02;2.875133e-21
4.953298e+02;2.874931e-21
4.953798e+02;2.874729e-21
4.954298e+02;2.874526e-21
4.954798e+02;2.874324e-21
4.955298e+02;2.874122e-21
4.955798e+02;2.873920e-21
4.956298e+02;2.873718e-21
4.956798e+02;2.873515e-21
4.957298e+02;2.873313e-21
4.957798e+02;2.873111e-21
4.958298e+02;2.872909e-21
4.958798e+02;2.872707e-21
4.959298e+02;2.872505e-21
4.959798e+02;2.872304e-21
4.960298e+02;2.872102e-21
4.960798e+02;2.871900e-21
4.961298e+02;2.871698e-21
4.961798e+02;2.871496e-21
4.962298e+02;2.871294e-21
4.962799e+02;2.871093e-21
4.963299e+02;2.870891e-21
4.963799e+02;2.870689e-21
4.964299e+02;2.870488e-21
4.964799e+02;2.870286e-21
4.965299e+02;2.870084e-21
4.965799e+02;2.869883e-21
4.966299e+02;2.869681e-21
4.966799e+02;2.869480e-21
4.967299e+02;2.869278e-21
4.967799e+02;2.869077e-21
4.968299e+02;2.868876e-21
4.968799e+02;2.868674e-21
4.969299e+02;2.868473e-21
4.969799e+02;2.868272e-21
4.970299e+02;2.868070e-21
4.970799e+02;2.867869e-21
4.971299e+02;2.867668e-21
4.971799e+02;2.867467e-21
4.972299e+02;2.867265e-21
4.972799e+02;2.867064e-21
4.973299e+02;2.866863e-21
4.973799e+02;2.866662e-21
4.974299e+02;2.866461e-21
4.974799e+02;2.866260e-21
4.975299e+02;2.866059e-21
4.975799e+02;2.865858e-21
4.976299e+02;2.865657e-21
4.976799e+02;2.865456e-21
4.977299e+02;2.865255e-21
4.977799e+02;2.865054e-21
4.978299e+02;2.864854e-21
4.978799e+02;2.864653e-21
4.979299e+02;2.864452e-21
4.979799e+02;2.864251e-21
4.980299e+02;2.864051e-21
4.980799e+02;2.863850e-21
4.981299e+02;2.863649e-21
4.981799e+02;2.863449e-21
4.982299e+02;2.863248e-21
4.982799e+02;2.863048e-21
4.983299e+02;2.862847e-21
4.983799e+02;2.862647e-21
4.984299e+02;2.862446e-21
4.984799e+02;2.862246e-21
4.985299e+02;2.862045e-21
4.985799e+02;2.861845e-21
4.986299e+02;2.861645e-21
4.986799e+02;2.861444e-21
4.987299e+02;2.861244e-21
4.987800e+02;2.861044e-21
4.988300e+02;2.860844e-21
4.988800e+02;2.860643e-21
4.989300e+02;2.860443e-21
4.989800e+02;2.860243e-21
4.990300e+02;2.860043e-21
4.990800e+02;2.859843e-21
4.991300e+02;2.859643e-21
4.991800e+02;2.859443e-21
4.992300e+02;2.859243e-21
4.992800e+02;2.859043e-21
4.993300e+02;2.858843e-21
4.993800e+02;2.858643e-21
4.994300e+02;2.858443e-21
4.994800e+02;2.858243e-21
4.995300e+02;2.858044e-21
4.995800e+02;2.857844e-21
4.996300e+02;2.857644e-21
4.996800e+02;2.857444e-21
4.997300e+02;2.857245e-21
4.997800e+02;2.857045e-21
4.998300e+02;2.856845e-21
4.998800e+02;2.856646e-21
4.999300e+02;2.856446e-21
4.999800e+02;2.856247e-21
5.000300e+02;2.856047e-21
5.000800e+02;2.855848e-21
5.001300e+02;2.855648e-21
5.001800e+02;2.855449e-21
5.002300e+02;2.855249e-21
5.002800e+02;2.855050e-21
5.003300e+02;2.854851e-21
5.003800e+02;2.854651e-21
5.004300e+02;2.854452e-21
5.004800e+02;2.854253e-21
5.005300e+02;2.854054e-21
5.005800e+02;2.853855e-21
5.006300e+02;2.853655e-21
5.006800e+02;2.853456e-21
5.007300e+02;2.853257e-21
5.007800e+02;2.853058e-21
5.008300e+02;2.852859e-21
5.008800e+02;2.852660e-21
5.009300e+02;2.852461e-21
5.009800e+02;2.852262e-21
5.010300e+02;2.852063e-21
5.010800e+02;2.851864e-21
5.011300e+02;2.851665e-21
5.011800e+02;2.851467e-21
5.012300e+02;2.851268e-21
5.012801e+02;2.851069e-21
5.013301e+02;2.850870e-21
5.013801e+02;2.850672e-21
5.014301e+02;2.850473e-21
5.014801e+02;2.850274e-21
5.015301e+02;2.850076e-21
5.015801e+02;2.849877e-21
5.016301e+02;2.849678e-21
5.016801e+02;2.849480e-21
5.017301e+02;2.849281e-21
5.017801e+02;2.849083e-21
5.018301e+02;2.848884e-21
5.018801e+02;2.848686e-21
5.019301e+02;2.848488e-21
5.019801e+02;2.848289e-21
5.020301e+02;2.848091e-21
5.020801e+02;2.847893e-21
5.021301e+02;2.847694e-21
5.021801e+02;2.847496e-21
5.022301e+02;2.847298e-21
5.022801e+02;2.847100e-21
5.023301e+02;2.846901e-21
5.023801e+02;2.846703e-21
5.024301e+02;2.846505e-21
5.024801e+02;2.846307e-21
5.025301e+02;2.846109e-21
5.025801e+02;2.845911e-21
5.026301e+02;2.845713e-21
5.026801e+02;2.845515e-21
5.027301e+02;2.845317e-21
5.027801e+02;2.845119e-21
5.028301e+02;2.844921e-21
5.028801e+02;2.844723e-21
5.029301e+02;2.844526e-21
5.029801e+02;2.844328e-21
5.030301e+02;2.844130e-21
5.030801e+02;2.843932e-21
5.031301e+02;2.843735e-21
5.031801e+02;2.843537e-21
5.032301e+02;2.843339e-21
5.032801e+02;2.843142e-21
5.033301e+02;2.842944e-21
5.033801e+02;2.842747e-21
5.034301e+02;2.842549e-21
5.034801e+02;2.842352e-21
5.035301e+02;2.842154e-21
5.035801e+02;2.841957e-21
5.036301e+02;2.841759e-21
5.036801e+02;2.841562e-21
5.037301e+02;2.841365e-21
5.037802e+02;2.841167e-21
5.038302e+02;2.840970e-21
5.038802e+02;2.840773e-21
5.039302e+02;2.840575e-21
5.039802e+02;2.840378e-21
5.040302e+02;2.840181e-21
5.040802e+02;2.839984e-21
5.041302e+02;2.839787e-21
5.041802e+02;2.839590e-21
5.042302e+02;2.839393e-21
5.042802e+02;2.839196e-21
5.043302e+02;2.838999e-21
5.043802e+02;2.838802e-21
5.044302e+02;2.838605e-21
5.044802e+02;2.838408e-21
5.045302e+02;2.838211e-21
5.045802e+02;2.838014e-21
5.046302e+02;2.837817e-21
5.046802e+02;2.837620e-21
5.047302e+02;2.837424e-21
5.047802e+02;2.837227e-21
5.048302e+02;2.837030e-21
5.048802e+02;2.836833e-21
5.049302e+02;2.836637e-21
5.049802e+02;2.836440e-21
5.050302e+02;2.836243e-21
5.050802e+02;2.836047e-21
5.051302e+02;2.835850e-21
5.051802e+02;2.835654e-21
5.052302e+02;2.835457e-21
5.052802e+02;2.835261e-21
5.053302e+02;2.835064e-21
5.053802e+02;2.834868e-21
5.054302e+02;2.834672e-21
5.054802e+02;2.834475e-21
5.055302e+02;2.834279e-21
5.055802e+02;2.834083e-21
5.056302e+02;2.833886e-21
5.056802e+02;2.833690e-21
5.057302e+02;2.833494e-21
5.057802e+02;2.833298e-21
5.058302e+02;2.833102e-21
5.058802e+02;2.832906e-21
5.059302e+02;2.832710e-21
5.059802e+02;2.832513e-21
5.060302e+02;2.832317e-21
5.060802e+02;2.832121e-21
5.061302e+02;2.831925e-21
5.061802e+02;2.831730e-21
5.062302e+02;2.831534e-21
5.062803e+02;2.831338e-21
5.063303e+02;2.831142e-21
5.063803e+02;2.830946e-21
5.064303e+02;2.830750e-21
5.064803e+02;2.830554e-21
5.065303e+02;2.830359e-21
5.065803e+02;2.830163e-21
5.066303e+02;2.829967e-21
5.066803e+02;2.829772e-21
5.067303e+02;2.829576e-21
5.067803e+02;2.829380e-21
5.068303e+02;2.829185e-21
5.068803e+02;2.828989e-21
5.069303e+02;2.828794e-21
5.069803e+02;2.828598e-21
5.070303e+02;2.828403e-21
5.070803e+02;2.828207e-21
5.071303e+02;2.828012e-21
5.071803e+02;2.827817e-21
5.072303e+02;2.827621e-21
5.072803e+02;2.827426e-21
5.073303e+02;2.827231e-21
5.073803e+02;2.827035e-21
5.074303e+02;2.826840e-21
5.074803e+02;2.826645e-21
5.075303e+02;2.826450e-21
5.075803e+02;2.826255e-21
5.076303e+02;2.826060e-21
5.076803e+02;2.825864e-21
5.077303e+02;2.825669e-21
5.077803e+02;2.825474e-21
5.078303e+02;2.825279e-21
5.078803e+02;2.825084e-21
5.079303e+02;2.824889e-21
5.079803e+02;2.824695e-21
5.080303e+02;2.824500e-21
5.080803e+02;2.824305e-21
5.081303e+02;2.824110e-21
5.081803e+02;2.823915e-21
5.082303e+02;2.823720e-21
5.082803e+02;2.823526e-21
5.083303e+02;2.823331e-21
5.083803e+02;2.823136e-21
5.084303e+02;2.822942e-21
5.084803e+02;2.822747e-21
5.085303e+02;2.822552e-21
5.085803e+02;2.822358e-21
5.086303e+02;2.822163e-21
5.086803e+02;2.821969e-21
5.087303e+02;2.821774e-21
5.087804e+02;2.821580e-21
5.088304e+02;2.821385e-21
5.088804e+02;2.821191e-21
5.089304e+02;2.820996e-21
5.089804e+02;2.820802e-21
5.090304e+02;2.820608e-21
5.090804e+02;2.820414e-21
5.091304e+02;2.820219e-21
5.091804e+02;2.820025e-21
5.092304e+02;2.819831e-21
5.092804e+02;2.819637e-21
5.093304e+02;2.819442e-21
5.093804e+02;2.819248e-21
5.094304e+02;2.819054e-21
5.094804e+02;2.818860e-21
5.095304e+02;2.818666e-21
5.095804e+02;2.818472e-21
5.096304e+02;2.818278e-21
5.096804e+02;2.818084e-21
5.097304e+02;2.817890e-21
5.097804e+02;2.817696e-21
5.098304e+02;2.817502e-21
5.098804e+02;2.817309e-21
5.099304e+02;2.817115e-21
5.099804e+02;2.816921e-21
5.100304e+02;2.816727e-21
5.100804e+02;2.816534e-21
5.101304e+02;2.816340e-21
5.101804e+02;2.816146e-21
5.102304e+02;2.815952e-21
5.102804e+02;2.815759e-21
5.103304e+02;2.815565e-21
5.103804e+02;2.815372e-21
5.104304e+02;2.815178e-21
5.104804e+02;2.814985e-21
5.105304e+02;2.814791e-21
5.105804e+02;2.814598e-21
5.106304e+02;2.814404e-21
5.106804e+02;2.814211e-21
5.107304e+02;2.814018e-21
5.107804e+02;2.813824e-21
5.108304e+02;2.813631e-21
5.108804e+02;2.813438e-21
5.109304e+02;2.813244e-21
5.109804e+02;2.813051e-21
5.110304e+02;2.812858e-21
5.110804e+02;2.812665e-21
5.111304e+02;2.812472e-21
5.111804e+02;2.812279e-21
5.112304e+02;2.812085e-21
5.112805e+02;2.811892e-21
5.113305e+02;2.811699e-21
5.113805e+02;2.811506e-21
5.114305e+02;2.811313e-21
5.114805e+02;2.811120e-21
5.115305e+02;2.810927e-21
5.115805e+02;2.810735e-21
5.116305e+02;2.810542e-21
5.116805e+02;2.810349e-21
5.117305e+02;2.810156e-21
5.117805e+02;2.809963e-21
5.118305e+02;2.809771e-21
5.118805e+02;2.809578e-21
5.119305e+02;2.809385e-21
5.119805e+02;2.809192e-21
5.120305e+02;2.809000e-21
5.120805e+02;2.808807e-21
5.121305e+02;2.808615e-21
5.121805e+02;2.808422e-21
5.122305e+02;2.808230e-21
5.122805e+02;2.808037e-21
5.123305e+02;2.807845e-21
5.123805e+02;2.807652e-21
5.124305e+02;2.807460e-21
5.124805e+02;2.807267e-21
5.125305e+02;2.807075e-21
5.125805e+02;2.806883e-21
5.126305e+02;2.806690e-21
5.126805e+02;2.806498e-21
5.127305e+02;2.806306e-21
5.127805e+02;2.806114e-21
5.128305e+02;2.805921e-21
5.128805e+02;2.805729e-21
5.129305e+02;2.805537e-21
5.129805e+02;2.805345e-21
5.130305e+02;2.805153e-21
5.130805e+02;2.804961e-21
5.131305e+02;2.804769e-21
5.131805e+02;2.804577e-21
5.132305e+02;2.804385e-21
5.132805e+02;2.804193e-21
5.133305e+02;2.804001e-21
5.133805e+02;2.803809e-21
5.134305e+02;2.803617e-21
5.134805e+02;2.803425e-21
5.135305e+02;2.803234e-21
5.135805e+02;2.803042e-21
5.136305e+02;2.802850e-21
5.136805e+02;2.802658e-21
5.137305e+02;2.802467e-21
5.137806e+02;2.802275e-21
5.138306e+02;2.802083e-21
5.138806e+02;2.801892e-21
5.139306e+02;2.801700e-21
5.139806e+02;2.801509e-21
5.140306e+02;2.801317e-21
5.140806e+02;2.801125e-21
5.141306e+02;2.800934e-21
5.141806e+02;2.800743e-21
5.142306e+02;2.800551e-21
5.142806e+02;2.800360e-21
5.143306e+02;2.800168e-21
5.143806e+02;2.799977e-21
5.144306e+02;2.799786e-21
5.144806e+02;2.799594e-21
5.145306e+02;2.799403e-21
5.145806e+02;2.799212e-21
5.146306e+02;2.799021e-21
5.146806e+02;2.798830e-21
5.147306e+02;2.798638e-21
5.147806e+02;2.798447e-21
5.148306e+02;2.798256e-21
5.148806e+02;2.798065e-21
5.149306e+02;2.797874e-21
5.149806e+02;2.797683e-21
5.150306e+02;2.797492e-21
5.150806e+02;2.797301e-21
5.151306e+02;2.797110e-21
5.151806e+02;2.796919e-21
5.152306e+02;2.796729e-21
5.152806e+02;2.796538e-21
5.153306e+02;2.796347e-21
5.153806e+02;2.796156e-21
5.154306e+02;2.795965e-21
5.154806e+02;2.795775e-21
5.155306e+02;2.795584e-21
5.155806e+02;2.795393e-21
5.156306e+02;2.795203e-21
5.156806e+02;2.795012e-21
5.157306e+02;2.794821e-21
5.157806e+02;2.794631e-21
5.158306e+02;2.794440e-21
5.158806e+02;2.794250e-21
5.159306e+02;2.794059e-21
5.159806e+02;2.793869e-21
5.160306e+02;2.793678e-21
5.160806e+02;2.793488e-21
5.161306e+02;2.793298e-21
5.161806e+02;2.793107e-21
5.162306e+02;2.792917e-21
5.162807e+02;2.792727e-21
5.163307e+02;2.792536e-21
5.163807e+02;2.792346e-21
5.164307e+02;2.792156e-21
5.164807e+02;2.791966e-21
5.165307e+02;2.791776e-21
5.165807e+02;2.791585e-21
5.166307e+02;2.791395e-21
5.166807e+02;2.791205e-21
5.167307e+02;2.791015e-21
5.167807e+02;2.790825e-21
5.168307e+02;2.790635e-21
5.168807e+02;2.790445e-21
5.169307e+02;2.790255e-21
5.169807e+02;2.790065e-21
5.170307e+02;2.789875e-21
5.170807e+02;2.789686e-21
5.171307e+02;2.789496e-21
5.171807e+02;2.789306e-21
5.172307e+02;2.789116e-21
5.172807e+02;2.788926e-21
5.173307e+02;2.788737e-21
5.173807e+02;2.788547e-21
5.174307e+02;2.788357e-21
5.174807e+02;2.788168e-21
5.175307e+02;2.787978e-21
5.175807e+02;2.787789e-21
5.176307e+02;2.787599e-21
5.176807e+02;2.787409e-21
5.177307e+02;2.787220e-21
5.177807e+02;2.787030e-21
5.178307e+02;2.786841e-21
5.178807e+02;2.786652e-21
5.179307e+02;2.786462e-21
5.179807e+02;2.786273e-21
5.180307e+02;2.786084e-21
5.180807e+02;2.785894e-21
5.181307e+02;2.785705e-21
5.181807e+02;2.785516e-21
5.182307e+02;2.785326e-21
5.182807e+02;2.785137e-21
5.183307e+02;2.784948e-21
5.183807e+02;2.784759e-21
5.184307e+02;2.784570e-21
5.184807e+02;2.784381e-21
5.185307e+02;2.784192e-21
5.185807e+02;2.784003e-21
5.186307e+02;2.783814e-21
5.186807e+02;2.783625e-21
5.187307e+02;2.783436e-21
5.187808e+02;2.783247e-21
5.188308e+02;2.783058e-21
5.188808e+02;2.782869e-21
5.189308e+02;2.782680e-21
5.189808e+02;2.782491e-21
5.190308e+02;2.782302e-21
5.190808e+02;2.782114e-21
5.191308e+02;2.781925e-21
5.191808e+02;2.781736e-21
5.192308e+02;2.781547e-21
5.192808e+02;2.781359e-21
5.193308e+02;2.781170e-21
5.193808e+02;2.780982e-21
5.194308e+02;2.780793e-21
5.194808e+02;2.780604e-21
5.195308e+02;2.780416e-21
5.195808e+02;2.780227e-21
5.196308e+02;2.780039e-21
5.196808e+02;2.779850e-21
5.197308e+02;2.779662e-21
5.197808e+02;2.779474e-21
5.198308e+02;2.779285e-21
5.198808e+02;2.779097e-21
5.199308e+02;2.778909e-21
5.199808e+02;2.778720e-21
5.200308e+02;2.778532e-21
5.200808e+02;2.778344e-21
5.201308e+02;2.778156e-21
5.201808e+02;2.777967e-21
5.202308e+02;2.777779e-21
5.202808e+02;2.777591e-21
5.203308e+02;2.777403e-21
5.203808e+02;2.777215e-21
5.204308e+02;2.777027e-21
5.204808e+02;2.776839e-21
5.205308e+02;2.776651e-21
5.205808e+02;2.776463e-21
5.206308e+02;2.776275e-21
5.206808e+02;2.776087e-21
5.207308e+02;2.775899e-21
5.207808e+02;2.775711e-21
5.208308e+02;2.775524e-21
5.208808e+02;2.775336e-21
5.209308e+02;2.775148e-21
5.209808e+02;2.774960e-21
5.210308e+02;2.774773e-21
5.210808e+02;2.774585e-21
5.211308e+02;2.774397e-21
5.211808e+02;2.774210e-21
5.212308e+02;2.774022e-21
5.212809e+02;2.773834e-21
5.213309e+02;2.773647e-21
5.213809e+02;2.773459e-21
5.214309e+02;2.773272e-21
5.214809e+02;2.773084e-21
5.215309e+02;2.772897e-21
5.215809e+02;2.772709e-21
5.216309e+02;2.772522e-21
5.216809e+02;2.772335e-21
5.217309e+02;2.772147e-21
5.217809e+02;2.771960e-21
5.218309e+02;2.771773e-21
5.218809e+02;2.771585e-21
5.219309e+02;2.771398e-21
5.219809e+02;2.771211e-21
5.220309e+02;2.771024e-21
5.220809e+02;2.770837e-21
5.221309e+02;2.770649e-21
5.221809e+02;2.770462e-21
5.222309e+02;2.770275e-21
5.222809e+02;2.770088e-21
5.223309e+02;2.769901e-21
5.223809e+02;2.769714e-21
5.224309e+02;2.769527e-21
5.224809e+02;2.769340e-21
5.225309e+02;2.769153e-21
5.225809e+02;2.768966e-21
5.226309e+02;2.768779e-21
5.226809e+02;2.768593e-21
5.227309e+02;2.768406e-21
5.227809e+02;2.768219e-21
5.228309e+02;2.768032e-21
5.228809e+02;2.767846e-21
5.229309e+02;2.767659e-21
5.229809e+02;2.767472e-21
5.230309e+02;2.767285e-21
5.230809e+02;2.767099e-21
5.231309e+02;2.766912e-21
5.231809e+02;2.766726e-21
5.232309e+02;2.766539e-21
5.232809e+02;2.766353e-21
5.233309e+02;2.766166e-21
5.233809e+02;2.765980e-21
5.234309e+02;2.765793e-21
5.234809e+02;2.765607e-21
5.235309e+02;2.765420e-21
5.235809e+02;2.765234e-21
5.236309e+02;2.765048e-21
5.236809e+02;2.764861e-21
5.237309e+02;2.764675e-21
5.237810e+02;2.764489e-21
5.238310e+02;2.764303e-21
5.238810e+02;2.764116e-21
5.239310e+02;2.763930e-21
5.239810e+02;2.763744e-21
5.240310e+02;2.763558e-21
5.240810e+02;2.763372e-21
5.241310e+02;2.763186e-21
5.241810e+02;2.763000e-21
5.242310e+02;2.762814e-21
5.242810e+02;2.762628e-21
5.243310e+02;2.762442e-21
5.243810e+02;2.762256e-21
5.244310e+02;2.762070e-21
5.244810e+02;2.761884e-21
5.245310e+02;2.761698e-21
5.245810e+02;2.761512e-21
5.246310e+02;2.761326e-21
5.246810e+02;2.761141e-21
5.247310e+02;2.760955e-21
5.247810e+02;2.760769e-21
5.248310e+02;2.760583e-21
5.248810e+02;2.760398e-21
5.249310e+02;2.760212e-21
5.249810e+02;2.760027e-21
5.250310e+02;2.759841e-21
5.250810e+02;2.759655e-21
5.251310e+02;2.759470e-21
5.251810e+02;2.759284e-21
5.252310e+02;2.759099e-21
5.252810e+02;2.758913e-21
5.253310e+02;2.758728e-21
5.253810e+02;2.758542e-21
5.254310e+02;2.758357e-21
5.254810e+02;2.758172e-21
5.255310e+02;2.757986e-21
5.255810e+02;2.757801e-21
5.256310e+02;2.757616e-21
5.256810e+02;2.757431e-21
5.257310e+02;2.757245e-21
5.257810e+02;2.757060e-21
5.258310e+02;2.756875e-21
5.258810e+02;2.756690e-21
5.259310e+02;2.756505e-21
5.259810e+02;2.756320e-21
5.260310e+02;2.756134e-21
5.260810e+02;2.755949e-21
5.261310e+02;2.755764e-21
5.261810e+02;2.755579e-21
5.262310e+02;2.755394e-21
5.262811e+02;2.755209e-21
5.263311e+02;2.755025e-21
5.263811e+02;2.754840e-21
5.264311e+02;2.754655e-21
5.264811e+02;2.754470e-21
5.265311e+02;2.754285e-21
5.265811e+02;2.754100e-21
5.266311e+02;2.753916e-21
5.266811e+02;2.753731e-21
5.267311e+02;2.753546e-21
5.267811e+02;2.753361e-21
5.268311e+02;2.753177e-21
5.268811e+02;2.752992e-21
5.269311e+02;2.752808e-21
5.269811e+02;2.752623e-21
5.270311e+02;2.752438e-21
5.270811e+02;2.752254e-21
5.271311e+02;2.752069e-21
5.271811e+02;2.751885e-21
5.272311e+02;2.751701e-21
5.272811e+02;2.751516e-21
5.273311e+02;2.751332e-21
5.273811e+02;2.751147e-21
5.274311e+02;2.750963e-21
5.274811e+02;2.750779e-21
5.275311e+02;2.750594e-21
5.275811e+02;2.750410e-21
5.276311e+02;2.750226e-21
5.276811e+02;2.750042e-21
5.277311e+02;2.749857e-21
5.277811e+02;2.749673e-21
5.278311e+02;2.749489e-21
5.278811e+02;2.749305e-21
5.279311e+02;2.749121e-21
5.279811e+02;2.748937e-21
5.280311e+02;2.748753e-21
5.280811e+02;2.748569e-21
5.281311e+02;2.748385e-21
5.281811e+02;2.748201e-21
5.282311e+02;2.748017e-21
5.282811e+02;2.747833e-21
5.283311e+02;2.747649e-21
5.283811e+02;2.747465e-21
5.284311e+02;2.747282e-21
5.284811e+02;2.747098e-21
5.285311e+02;2.746914e-21
5.285811e+02;2.746730e-21
5.286311e+02;2.746547e-21
5.286811e+02;2.746363e-21
5.287311e+02;2.746179e-21
5.287812e+02;2.745996e-21
5.288312e+02;2.745812e-21
5.288812e+02;2.745628e-21
5.289312e+02;2.745445e-21
5.289812e+02;2.745261e-21
5.290312e+02;2.745078e-21
5.290812e+02;2.744894e-21
5.291312e+02;2.744711e-21
5.291812e+02;2.744527e-21
5.292312e+02;2.744344e-21
5.292812e+02;2.744161e-21
5.293312e+02;2.743977e-21
5.293812e+02;2.743794e-21
5.294312e+02;2.743611e-21
5.294812e+02;2.743427e-21
5.295312e+02;2.743244e-21
5.295812e+02;2.743061e-21
5.296312e+02;2.742878e-21
5.296812e+02;2.742694e-21
5.297312e+02;2.742511e-21
5.297812e+02;2.742328e-21
5.298312e+02;2.742145e-21
5.298812e+02;2.741962e-21
5.299312e+02;2.741779e-21
5.299812e+02;2.741596e-21
5.300312e+02;2.741413e-21
5.300812e+02;2.741230e-21
5.301312e+02;2.741047e-21
5.301812e+02;2.740864e-21
5.302312e+02;2.740681e-21
5.302812e+02;2.740498e-21
5.303312e+02;2.740315e-21
5.303812e+02;2.740133e-21
5.304312e+02;2.739950e-21
5.304812e+02;2.739767e-21
5.305312e+02;2.739584e-21
5.305812e+02;2.739402e-21
5.306312e+02;2.739219e-21
5.306812e+02;2.739036e-21
5.307312e+02;2.738854e-21
5.307812e+02;2.738671e-21
5.308312e+02;2.738488e-21
5.308812e+02;2.738306e-21
5.309312e+02;2.738123e-21
5.309812e+02;2.737941e-21
5.310312e+02;2.737758e-21
5.310812e+02;2.737576e-21
5.311312e+02;2.737394e-21
5.311812e+02;2.737211e-21
5.312312e+02;2.737029e-21
5.312813e+02;2.736846e-21
5.313313e+02;2.736664e-21
5.313813e+02;2.736482e-21
5.314313e+02;2.736299e-21
5.314813e+02;2.736117e-21
5.315313e+02;2.735935e-21
5.315813e+02;2.735753e-21
5.316313e+02;2.735571e-21
5.316813e+02;2.735388e-21
5.317313e+02;2.735206e-21
5.317813e+02;2.735024e-21
5.318313e+02;2.734842e-21
5.318813e+02;2.734660e-21
5.319313e+02;2.734478e-21
5.319813e+02;2.734296e-21
5.320313e+02;2.734114e-21
5.320813e+02;2.733932e-21
5.321313e+02;2.733750e-21
5.321813e+02;2.733568e-21
5.322313e+02;2.733387e-21
5.322813e+02;2.733205e-21
5.323313e+02;2.733023e-21
5.323813e+02;2.732841e-21
5.324313e+02;2.732659e-21
5.324813e+02;2.732478e-21
5.325313e+02;2.732296e-21
5.325813e+02;2.732114e-21
5.326313e+02;2.731932e-21
5.326813e+02;2.731751e-21
5.327313e+02;2.731569e-21
5.327813e+02;2.731388e-21
5.328313e+02;2.731206e-21
5.328813e+02;2.731025e-21
5.329313e+02;2.730843e-21
5.329813e+02;2.730662e-21
5.330313e+02;2.730480e-21
5.330813e+02;2.730299e-21
5.331313e+02;2.730117e-21
5.331813e+02;2.729936e-21
5.332313e+02;2.729754e-21
5.332813e+02;2.729573e-21
5.333313e+02;2.729392e-21
5.333813e+02;2.729211e-21
5.334313e+02;2.729029e-21
5.334813e+02;2.728848e-21
5.335313e+02;2.728667e-21
5.335813e+02;2.728486e-21
5.336313e+02;2.728305e-21
5.336813e+02;2.728123e-21
5.337313e+02;2.727942e-21
5.337814e+02;2.727761e-21
5.338314e+02;2.727580e-21
5.338814e+02;2.727399e-21
5.339314e+02;2.727218e-21
5.339814e+02;2.727037e-21
5.340314e+02;2.726856e-21
5.340814e+02;2.726675e-21
5.341314e+02;2.726494e-21
5.341814e+02;2.726313e-21
5.342314e+02;2.726133e-21
5.342814e+02;2.725952e-21
5.343314e+02;2.725771e-21
5.343814e+02;2.725590e-21
5.344314e+02;2.725409e-21
5.344814e+02;2.725229e-21
5.345314e+02;2.725048e-21
5.345814e+02;2.724867e-21
5.346314e+02;2.724687e-21
5.346814e+02;2.724506e-21
5.347314e+02;2.724325e-21
5.347814e+02;2.724145e-21
5.348314e+02;2.723964e-21
5.348814e+02;2.723784e-21
5.349314e+02;2.723603e-21
5.349814e+02;2.723423e-21
5.350314e+02;2.723242e-21
5.350814e+02;2.723062e-21
5.351314e+02;2.722882e-21
5.351814e+02;2.722701e-21
5.352314e+02;2.722521e-21
5.352814e+02;2.722341e-21
5.353314e+02;2.722160e-21
5.353814e+02;2.721980e-21
5.354314e+02;2.721800e-21
5.354814e+02;2.721620e-21
5.355314e+02;2.721439e-21
5.355814e+02;2.721259e-21
5.356314e+02;2.721079e-21
5.356814e+02;2.720899e-21
5.357314e+02;2.720719e-21
5.357814e+02;2.720539e-21
5.358314e+02;2.720359e-21
5.358814e+02;2.720179e-21
5.359314e+02;2.719999e-21
5.359814e+02;2.719819e-21
5.360314e+02;2.719639e-21
5.360814e+02;2.719459e-21
5.361314e+02;2.719279e-21
5.361814e+02;2.719099e-21
5.362314e+02;2.718919e-21
5.362815e+02;2.718739e-21
5.363315e+02;2.718560e-21
5.363815e+02;2.718380e-21
5.364315e+02;2.718200e-21
5.364815e+02;2.718020e-21
5.365315e+02;2.717841e-21
5.365815e+02;2.717661e-21
5.366315e+02;2.717481e-21
5.366815e+02;2.717302e-21
5.367315e+02;2.717122e-21
5.367815e+02;2.716943e-21
5.368315e+02;2.716763e-21
5.368815e+02;2.716583e-21
5.369315e+02;2.716404e-21
5.369815e+02;2.716225e-21
5.370315e+02;2.716045e-21
5.370815e+02;2.715866e-21
5.371315e+02;2.715686e-21
5.371815e+02;2.715507e-21
5.372315e+02;2.715328e-21
5.372815e+02;2.715148e-21
5.373315e+02;2.714969e-21
5.373815e+02;2.714790e-21
5.374315e+02;2.714610e-21
5.374815e+02;2.714431e-21
5.375315e+02;2.714252e-21
5.375815e+02;2.714073e-21
5.376315e+02;2.713894e-21
5.376815e+02;2.713715e-21
5.377315e+02;2.713535e-21
5.377815e+02;2.713356e-21
5.378315e+02;2.713177e-21
5.378815e+02;2.712998e-21
5.379315e+02;2.712819e-21
5.379815e+02;2.712640e-21
5.380315e+02;2.712461e-21
5.380815e+02;2.712283e-21
5.381315e+02;2.712104e-21
5.381815e+02;2.711925e-21
5.382315e+02;2.711746e-21
5.382815e+02;2.711567e-21
5.383315e+02;2.711388e-21
5.383815e+02;2.711210e-21
5.384315e+02;2.711031e-21
5.384815e+02;2.710852e-21
5.385315e+02;2.710673e-21
5.385815e+02;2.710495e-21
5.386315e+02;2.710316e-21
5.386815e+02;2.710137e-21
5.387315e+02;2.709959e-21
5.387816e+02;2.709780e-21
5.388316e+02;2.709602e-21
5.388816e+02;2.709423e-21
5.389316e+02;2.709245e-21
5.389816e+02;2.709066e-21
5.390316e+02;2.708888e-21
5.390816e+02;2.708709e-21
5.391316e+02;2.708531e-21
5.391816e+02;2.708353e-21
5.392316e+02;2.708174e-21
5.392816e+02;2.707996e-21
5.393316e+02;2.707818e-21
5.393816e+02;2.707639e-21
5.394316e+02;2.707461e-21
5.394816e+02;2.707283e-21
5.395316e+02;2.707105e-21
5.395816e+02;2.706926e-21
5.396316e+02;2.706748e-21
5.396816e+02;2.706570e-21
5.397316e+02;2.706392e-21
5.397816e+02;2.706214e-21
5.398316e+02;2.706036e-21
5.398816e+02;2.705858e-21
5.399316e+02;2.705680e-21
5.399816e+02;2.705502e-21
5.400316e+02;2.705324e-21
5.400816e+02;2.705146e-21
5.401316e+02;2.704968e-21
5.401816e+02;2.704790e-21
5.402316e+02;2.704612e-21
5.402816e+02;2.704435e-21
5.403316e+02;2.704257e-21
5.403816e+02;2.704079e-21
5.404316e+02;2.703901e-21
5.404816e+02;2.703723e-21
5.405316e+02;2.703546e-21
5.405816e+02;2.703368e-21
5.406316e+02;2.703190e-21
5.406816e+02;2.703013e-21
5.407316e+02;2.702835e-21
5.407816e+02;2.702658e-21
5.408316e+02;2.702480e-21
5.408816e+02;2.702302e-21
5.409316e+02;2.702125e-21
5.409816e+02;2.701947e-21
5.410316e+02;2.701770e-21
5.410816e+02;2.701593e-21
5.411316e+02;2.701415e-21
5.411816e+02;2.701238e-21
5.412316e+02;2.701060e-21
5.412817e+02;2.700883e-21
5.413317e+02;2.700706e-21
5.413817e+02;2.700528e-21
5.414317e+02;2.700351e-21
5.414817e+02;2.700174e-21
5.415317e+02;2.699997e-21
5.415817e+02;2.699820e-21
5.416317e+02;2.699642e-21
5.416817e+02;2.699465e-21
5.417317e+02;2.699288e-21
5.417817e+02;2.699111e-21
5.418317e+02;2.698934e-21
5.418817e+02;2.698757e-21
5.419317e+02;2.698580e-21
5.419817e+02;2.698403e-21
5.420317e+02;2.698226e-21
5.420817e+02;2.698049e-21
5.421317e+02;2.697872e-21
5.421817e+02;2.697695e-21
5.422317e+02;2.697518e-21
5.422817e+02;2.697341e-21
5.423317e+02;2.697165e-21
5.423817e+02;2.696988e-21
5.424317e+02;2.696811e-21
5.424817e+02;2.696634e-21
5.425317e+02;2.696458e-21
5.425817e+02;2.696281e-21
5.426317e+02;2.696104e-21
5.426817e+02;2.695927e-21
5.427317e+02;2.695751e-21
5.427817e+02;2.695574e-21
5.428317e+02;2.695398e-21
5.428817e+02;2.695221e-21
5.429317e+02;2.695045e-21
5.429817e+02;2.694868e-21
5.430317e+02;2.694692e-21
5.430817e+02;2.694515e-21
5.431317e+02;2.694339e-21
5.431817e+02;2.694162e-21
5.432317e+02;2.693986e-21
5.432817e+02;2.693810e-21
5.433317e+02;2.693633e-21
5.433817e+02;2.693457e-21
5.434317e+02;2.693281e-21
5.434817e+02;2.693104e-21
5.435317e+02;2.692928e-21
5.435817e+02;2.692752e-21
5.436317e+02;2.692576e-21
5.436817e+02;2.692399e-21
5.437317e+02;2.692223e-21
5.437818e+02;2.692047e-21
5.438318e+02;2.691871e-21
5.438818e+02;2.691695e-21
5.439318e+02;2.691519e-21
5.439818e+02;2.691343e-21
5.440318e+02;2.691167e-21
5.440818e+02;2.690991e-21
5.441318e+02;2.690815e-21
5.441818e+02;2.690639e-21
5.442318e+02;2.690463e-21
5.442818e+02;2.690287e-21
5.443318e+02;2.690112e-21
5.443818e+02;2.689936e-21
5.444318e+02;2.689760e-21
5.444818e+02;2.689584e-21
5.445318e+02;2.689408e-21
5.445818e+02;2.689233e-21
5.446318e+02;2.689057e-21
5.446818e+02;2.688881e-21
5.447318e+02;2.688706e-21
5.447818e+02;2.688530e-21
5.448318e+02;2.688354e-21
5.448818e+02;2.688179e-21
5.449318e+02;2.688003e-21
5.449818e+02;2.687828e-21
5.450318e+02;2.687652e-21
5.450818e+02;2.687477e-21
5.451318e+02;2.687301e-21
5.451818e+02;2.687126e-21
5.452318e+02;2.686950e-21
5.452818e+02;2.686775e-21
5.453318e+02;2.686600e-21
5.453818e+02;2.686424e-21
5.454318e+02;2.686249e-21
5.454818e+02;2.686074e-21
5.455318e+02;2.685898e-21
5.455818e+02;2.685723e-21
5.456318e+02;2.685548e-21
5.456818e+02;2.685373e-21
5.457318e+02;2.685197e-21
5.457818e+02;2.685022e-21
5.458318e+02;2.684847e-21
5.458818e+02;2.684672e-21
5.459318e+02;2.684497e-21
5.459818e+02;2.684322e-21
5.460318e+02;2.684147e-21
5.460818e+02;2.683972e-21
5.461318e+02;2.683797e-21
5.461818e+02;2.683622e-21
5.462318e+02;2.683447e-21
5.462819e+02;2.683272e-21
5.463319e+02;2.683097e-21
5.463819e+02;2.682922e-21
5.464319e+02;2.682747e-21
5.464819e+02;2.682573e-21
5.465319e+02;2.682398e-21
5.465819e+02;2.682223e-21
5.466319e+02;2.682048e-21
5.466819e+02;2.681874e-21
5.467319e+02;2.681699e-21
5.467819e+02;2.681524e-21
5.468319e+02;2.681350e-21
5.468819e+02;2.681175e-21
5.469319e+02;2.681000e-21
5.469819e+02;2.680826e-21
5.470319e+02;2.680651e-21
5.470819e+02;2.680477e-21
5.471319e+02;2.680302e-21
5.471819e+02;2.680128e-21
5.472319e+02;2.679953e-21
5.472819e+02;2.679779e-21
5.473319e+02;2.679604e-21
5.473819e+02;2.679430e-21
5.474319e+02;2.679256e-21
5.474819e+02;2.679081e-21
5.475319e+02;2.678907e-21
5.475819e+02;2.678733e-21
5.476319e+02;2.678559e-21
5.476819e+02;2.678384e-21
5.477319e+02;2.678210e-21
5.477819e+02;2.678036e-21
5.478319e+02;2.677862e-21
5.478819e+02;2.677688e-21
5.479319e+02;2.677513e-21
5.479819e+02;2.677339e-21
5.480319e+02;2.677165e-21
5.480819e+02;2.676991e-21
5.481319e+02;2.676817e-21
5.481819e+02;2.676643e-21
5.482319e+02;2.676469e-21
5.482819e+02;2.676295e-21
5.483319e+02;2.676121e-21
5.483819e+02;2.675947e-21
5.484319e+02;2.675774e-21
5.484819e+02;2.675600e-21
5.485319e+02;2.675426e-21
5.485819e+02;2.675252e-21
5.486319e+02;2.675078e-21
5.486819e+02;2.674904e-21
5.487319e+02;2.674731e-21
5.487820e+02;2.674557e-21
5.488320e+02;2.674383e-21
5.488820e+02;2.674210e-21
5.489320e+02;2.674036e-21
5.489820e+02;2.673862e-21
5.490320e+02;2.673689e-21
5.490820e+02;2.673515e-21
5.491320e+02;2.673342e-21
5.491820e+02;2.673168e-21
5.492320e+02;2.672995e-21
5.492820e+02;2.672821e-21
5.493320e+02;2.672648e-21
5.493820e+02;2.672474e-21
5.494320e+02;2.672301e-21
5.494820e+02;2.672127e-21
5.495320e+02;2.671954e-21
5.495820e+02;2.671781e-21
5.496320e+02;2.671607e-21
5.496820e+02;2.671434e-21
5.497320e+02;2.671261e-21
5.497820e+02;2.671088e-21
5.498320e+02;2.670914e-21
5.498820e+02;2.670741e-21
5.499320e+02;2.670568e-21
5.499820e+02;2.670395e-21
5.500320e+02;2.670222e-21
5.500820e+02;2.670049e-21
5.501320e+02;2.669876e-21
5.501820e+02;2.669703e-21
5.502320e+02;2.669530e-21
5.502820e+02;2.669357e-21
5.503320e+02;2.669184e-21
5.503820e+02;2.669011e-21
5.504320e+02;2.668838e-21
5.504820e+02;2.668665e-21
5.505320e+02;2.668492e-21
5.505820e+02;2.668319e-21
5.506320e+02;2.668146e-21
5.506820e+02;2.667973e-21
5.507320e+02;2.667801e-21
5.507820e+02;2.667628e-21
5.508320e+02;2.667455e-21
5.508820e+02;2.667282e-21
5.509320e+02;2.667110e-21
5.509820e+02;2.666937e-21
5.510320e+02;2.666764e-21
5.510820e+02;2.666592e-21
5.511320e+02;2.666419e-21
5.511820e+02;2.666246e-21
5.512320e+02;2.666074e-21
5.512821e+02;2.665901e-21
5.513321e+02;2.665729e-21
5.513821e+02;2.665556e-21
5.514321e+02;2.665384e-21
5.514821e+02;2.665211e-21
5.515321e+02;2.665039e-21
5.515821e+02;2.664867e-21
5.516321e+02;2.664694e-21
5.516821e+02;2.664522e-21
5.517321e+02;2.664350e-21
5.517821e+02;2.664177e-21
5.518321e+02;2.664005e-21
5.518821e+02;2.663833e-21
5.519321e+02;2.663661e-21
5.519821e+02;2.663488e-21
5.520321e+02;2.663316e-21
5.520821e+02;2.663144e-21
5.521321e+02;2.662972e-21
5.521821e+02;2.662800e-21
5.522321e+02;2.662628e-21
5.522821e+02;2.662456e-21
5.523321e+02;2.662284e-21
5.523821e+02;2.662112e-21
5.524321e+02;2.661940e-21
5.524821e+02;2.661768e-21
5.525321e+02;2.661596e-21
5.525821e+02;2.661424e-21
5.526321e+02;2.661252e-21
5.526821e+02;2.661080e-21
5.527321e+02;2.660908e-21
5.527821e+02;2.660736e-21
5.528321e+02;2.660564e-21
5.528821e+02;2.660393e-21
5.529321e+02;2.660221e-21
5.529821e+02;2.660049e-21
5.530321e+02;2.659877e-21
5.530821e+02;2.659706e-21
5.531321e+02;2.659534e-21
5.531821e+02;2.659362e-21
5.532321e+02;2.659191e-21
5.532821e+02;2.659019e-21
5.533321e+02;2.658848e-21
5.533821e+02;2.658676e-21
5.534321e+02;2.658505e-21
5.534821e+02;2.658333e-21
5.535321e+02;2.658162e-21
5.535821e+02;2.657990e-21
5.536321e+02;2.657819e-21
5.536821e+02;2.657647e-21
5.537321e+02;2.657476e-21
5.537822e+02;2.657305e-21
5.538322e+02;2.657133e-21
5.538822e+02;2.656962e-21
5.539322e+02;2.656791e-21
5.539822e+02;2.656619e-21
5.540322e+02;2.656448e-21
5.540822e+02;2.656277e-21
5.541322e+02;2.656106e-21
5.541822e+02;2.655934e-21
5.542322e+02;2.655763e-21
5.542822e+02;2.655592e-21
5.543322e+02;2.655421e-21
5.543822e+02;2.655250e-21
5.544322e+02;2.655079e-21
5.544822e+02;2.654908e-21
5.545322e+02;2.654737e-21
5.545822e+02;2.654566e-21
5.546322e+02;2.654395e-21
5.546822e+02;2.654224e-21
5.547322e+02;2.654053e-21
5.547822e+02;2.653882e-21
5.548322e+02;2.653711e-21
5.548822e+02;2.653540e-21
5.549322e+02;2.653370e-21
5.549822e+02;2.653199e-21
5.550322e+02;2.653028e-21
5.550822e+02;2.652857e-21
5.551322e+02;2.652686e-21
5.551822e+02;2.652516e-21
5.552322e+02;2.652345e-21
5.552822e+02;2.652174e-21
5.553322e+02;2.652004e-21
5.553822e+02;2.651833e-21
5.554322e+02;2.651663e-21
5.554822e+02;2.651492e-21
5.555322e+02;2.651321e-21
5.555822e+02;2.651151e-21
5.556322e+02;2.650980e-21
5.556822e+02;2.650810e-21
5.557322e+02;2.650639e-21
5.557822e+02;2.650469e-21
5.558322e+02;2.650299e-21
5.558822e+02;2.650128e-21
5.559322e+02;2.649958e-21
5.559822e+02;2.649787e-21
5.560322e+02;2.649617e-21
5.560822e+02;2.649447e-21
5.561322e+02;2.649277e-21
5.561822e+02;2.649106e-21
5.562322e+02;2.648936e-21
5.562823e+02;2.648766e-21
5.563323e+02;2.648596e-21
5.563823e+02;2.648426e-21
5.564323e+02;2.648255e-21
5.564823e+02;2.648085e-21
5.565323e+02;2.647915e-21
5.565823e+02;2.647745e-21
5.566323e+02;2.647575e-21
5.566823e+02;2.647405e-21
5.567323e+02;2.647235e-21
5.567823e+02;2.647065e-21
5.568323e+02;2.646895e-21
5.568823e+02;2.646725e-21
5.569323e+02;2.646555e-21
5.569823e+02;2.646385e-21
5.570323e+02;2.646216e-21
5.570823e+02;2.646046e-21
5.571323e+02;2.645876e-21
5.571823e+02;2.645706e-21
5.572323e+02;2.645536e-21
5.572823e+02;2.645367e-21
5.573323e+02;2.645197e-21
5.573823e+02;2.645027e-21
5.574323e+02;2.644857e-21
5.574823e+02;2.644688e-21
5.575323e+02;2.644518e-21
5.575823e+02;2.644349e-21
5.576323e+02;2.644179e-21
5.576823e+02;2.644009e-21
5.577323e+02;2.643840e-21
5.577823e+02;2.643670e-21
5.578323e+02;2.643501e-21
5.578823e+02;2.643331e-21
5.579323e+02;2.643162e-21
5.579823e+02;2.642993e-21
5.580323e+02;2.642823e-21
5.580823e+02;2.642654e-21
5.581323e+02;2.642484e-21
5.581823e+02;2.642315e-21
5.582323e+02;2.642146e-21
5.582823e+02;2.641976e-21
5.583323e+02;2.641807e-21
5.583823e+02;2.641638e-21
5.584323e+02;2.641469e-21
5.584823e+02;2.641300e-21
5.585323e+02;2.641130e-21
5.585823e+02;2.640961e-21
5.586323e+02;2.640792e-21
5.586823e+02;2.640623e-21
5.587323e+02;2.640454e-21
5.587824e+02;2.640285e-21
5.588324e+02;2.640116e-21
5.588824e+02;2.639947e-21
5.589324e+02;2.639778e-21
5.589824e+02;2.639609e-21
5.590324e+02;2.639440e-21
5.590824e+02;2.639271e-21
5.591324e+02;2.639102e-21
5.591824e+02;2.638933e-21
5.592324e+02;2.638764e-21
5.592824e+02;2.638595e-21
5.593324e+02;2.638427e-21
5.593824e+02;2.638258e-21
5.594324e+02;2.638089e-21
5.594824e+02;2.637920e-21
5.595324e+02;2.637752e-21
5.595824e+02;2.637583e-21
5.596324e+02;2.637414e-21
5.596824e+02;2.637246e-21
5.597324e+02;2.637077e-21
5.597824e+02;2.636908e-21
5.598324e+02;2.636740e-21
5.598824e+02;2.636571e-21
5.599324e+02;2.636403e-21
5.599824e+02;2.636234e-21
5.600324e+02;2.636066e-21
5.600824e+02;2.635897e-21
5.601324e+02;2.635729e-21
5.601824e+02;2.635560e-21
5.602324e+02;2.635392e-21
5.602824e+02;2.635224e-21
5.603324e+02;2.635055e-21
5.603824e+02;2.634887e-21
5.604324e+02;2.634719e-21
5.604824e+02;2.634550e-21
5.605324e+02;2.634382e-21
5.605824e+02;2.634214e-21
5.606324e+02;2.634046e-21
5.606824e+02;2.633877e-21
5.607324e+02;2.633709e-21
5.607824e+02;2.633541e-21
5.608324e+02;2.633373e-21
5.608824e+02;2.633205e-21
5.609324e+02;2.633037e-21
5.609824e+02;2.632869e-21
5.610324e+02;2.632701e-21
5.610824e+02;2.632533e-21
5.611324e+02;2.632365e-21
5.611824e+02;2.632197e-21
5.612324e+02;2.632029e-21
5.612825e+02;2.631861e-21
5.613325e+02;2.631693e-21
5.613825e+02;2.631525e-21
5.614325e+02;2.631357e-21
5.614825e+02;2.631189e-21
5.615325e+02;2.631021e-21
5.615825e+02;2.630854e-21
5.616325e+02;2.630686e-21
5.616825e+02;2.630518e-21
5.617325e+02;2.630350e-21
5.617825e+02;2.630183e-21
5.618325e+02;2.630015e-21
5.618825e+02;2.629847e-21
5.619325e+02;2.629680e-21
5.619825e+02;2.629512e-21
5.620325e+02;2.629345e-21
5.620825e+02;2.629177e-21
5.621325e+02;2.629009e-21
5.621825e+02;2.628842e-21
5.622325e+02;2.628674e-21
5.622825e+02;2.628507e-21
5.623325e+02;2.628340e-21
5.623825e+02;2.628172e-21
5.624325e+02;2.628005e-21
5.624825e+02;2.627837e-21
5.625325e+02;2.627670e-21
5.625825e+02;2.627503e-21
5.626325e+02;2.627335e-21
5.626825e+02;2.627168e-21
5.627325e+02;2.627001e-21
5.627825e+02;2.626833e-21
5.628325e+02;2.626666e-21
5.628825e+02;2.626499e-21
5.629325e+02;2.626332e-21
5.629825e+02;2.626165e-21
5.630325e+02;2.625998e-21
5.630825e+02;2.625830e-21
5.631325e+02;2.625663e-21
5.631825e+02;2.625496e-21
5.632325e+02;2.625329e-21
5.632825e+02;2.625162e-21
5.633325e+02;2.624995e-21
5.633825e+02;2.624828e-21
5.634325e+02;2.624661e-21
5.634825e+02;2.624494e-21
5.635325e+02;2.624327e-21
5.635825e+02;2.624160e-21
5.636325e+02;2.623994e-21
5.636825e+02;2.623827e-21
5.637325e+02;2.623660e-21
5.637826e+02;2.623493e-21
5.638326e+02;2.623326e-21
5.638826e+02;2.623160e-21
5.639326e+02;2.622993e-21
5.639826e+02;2.622826e-21
5.640326e+02;2.622659e-21
5.640826e+02;2.622493e-21
5.641326e+02;2.622326e-21
5.641826e+02;2.622160e-21
5.642326e+02;2.621993e-21
5.642826e+02;2.621826e-21
5.643326e+02;2.621660e-21
5.643826e+02;2.621493e-21
5.644326e+02;2.621327e-21
5.644826e+02;2.621160e-21
5.645326e+02;2.620994e-21
5.645826e+02;2.620827e-21
5.646326e+02;2.620661e-21
5.646826e+02;2.620494e-21
5.647326e+02;2.620328e-21
5.647826e+02;2.620162e-21
5.648326e+02;2.619995e-21
5.648826e+02;2.619829e-21
5.649326e+02;2.619663e-21
5.649826e+02;2.619497e-21
5.650326e+02;2.619330e-21
5.650826e+02;2.619164e-21
5.651326e+02;2.618998e-21
5.651826e+02;2.618832e-21
5.652326e+02;2.618666e-21
5.652826e+02;2.618499e-21
5.653326e+02;2.618333e-21
5.653826e+02;2.618167e-21
5.654326e+02;2.618001e-21
5.654826e+02;2.617835e-21
5.655326e+02;2.617669e-21
5.655826e+02;2.617503e-21
5.656326e+02;2.617337e-21
5.656826e+02;2.617171e-21
5.657326e+02;2.617005e-21
5.657826e+02;2.616839e-21
5.658326e+02;2.616673e-21
5.658826e+02;2.616508e-21
5.659326e+02;2.616342e-21
5.659826e+02;2.616176e-21
5.660326e+02;2.616010e-21
5.660826e+02;2.615844e-21
5.661326e+02;2.615678e-21
5.661826e+02;2.615513e-21
5.662326e+02;2.615347e-21
5.662827e+02;2.615181e-21
5.663327e+02;2.615016e-21
5.663827e+02;2.614850e-21
5.664327e+02;2.614684e-21
5.664827e+02;2.614519e-21
5.665327e+02;2.614353e-21
5.665827e+02;2.614188e-21
5.666327e+02;2.614022e-21
5.666827e+02;2.613857e-21
5.667327e+02;2.613691e-21
5.667827e+02;2.613526e-21
5.668327e+02;2.613360e-21
5.668827e+02;2.613195e-21
5.669327e+02;2.613029e-21
5.669827e+02;2.612864e-21
5.670327e+02;2.612699e-21
5.670827e+02;2.612533e-21
5.671327e+02;2.612368e-21
5.671827e+02;2.612203e-21
5.672327e+02;2.612037e-21
5.672827e+02;2.611872e-21
5.673327e+02;2.611707e-21
5.673827e+02;2.611542e-21
5.674327e+02;2.611377e-21
5.674827e+02;2.611211e-21
5.675327e+02;2.611046e-21
5.675827e+02;2.610881e-21
5.676327e+02;2.610716e-21
5.676827e+02;2.610551e-21
5.677327e+02;2.610386e-21
5.677827e+02;2.610221e-21
5.678327e+02;2.610056e-21
5.678827e+02;2.609891e-21
5.679327e+02;2.609726e-21
5.679827e+02;2.609561e-21
5.680327e+02;2.609396e-21
5.680827e+02;2.609231e-21
5.681327e+02;2.609066e-21
5.681827e+02;2.608901e-21
5.682327e+02;2.608737e-21
5.682827e+02;2.608572e-21
5.683327e+02;2.608407e-21
5.683827e+02;2.608242e-21
5.684327e+02;2.608077e-21
5.684827e+02;2.607913e-21
5.685327e+02;2.607748e-21
5.685827e+02;2.607583e-21
5.686327e+02;2.607419e-21
5.686827e+02;2.607254e-21
5.687327e+02;2.607089e-21
5.687828e+02;2.606925e-21
5.688328e+02;2.606760e-21
5.688828e+02;2.606596e-21
5.689328e+02;2.606431e-21
5.689828e+02;2.606267e-21
5.690328e+02;2.606102e-21
5.690828e+02;2.605938e-21
5.691328e+02;2.605773e-21
5.691828e+02;2.605609e-21
5.692328e+02;2.605444e-21
5.692828e+02;2.605280e-21
5.693328e+02;2.605116e-21
5.693828e+02;2.604951e-21
5.694328e+02;2.604787e-21
5.694828e+02;2.604623e-21
5.695328e+02;2.604459e-21
5.695828e+02;2.604294e-21
5.696328e+02;2.604130e-21
5.696828e+02;2.603966e-21
5.697328e+02;2.603802e-21
5.697828e+02;2.603638e-21
5.698328e+02;2.603473e-21
5.698828e+02;2.603309e-21
5.699328e+02;2.603145e-21
5.699828e+02;2.602981e-21
5.700328e+02;2.602817e-21
5.700828e+02;2.602653e-21
5.701328e+02;2.602489e-21
5.701828e+02;2.602325e-21
5.702328e+02;2.602161e-21
5.702828e+02;2.601997e-21
5.703328e+02;2.601833e-21
5.703828e+02;2.601669e-21
5.704328e+02;2.601506e-21
5.704828e+02;2.601342e-21
5.705328e+02;2.601178e-21
5.705828e+02;2.601014e-21
5.706328e+02;2.600850e-21
5.706828e+02;2.600686e-21
5.707328e+02;2.600523e-21
5.707828e+02;2.600359e-21
5.708328e+02;2.600195e-21
5.708828e+02;2.600032e-21
5.709328e+02;2.599868e-21
5.709828e+02;2.599704e-21
5.710328e+02;2.599541e-21
5.710828e+02;2.599377e-21
5.711328e+02;2.599214e-21
5.711828e+02;2.599050e-21
5.712328e+02;2.598887e-21
5.712829e+02;2.598723e-21
5.713329e+02;2.598560e-21
5.713829e+02;2.598396e-21
5.714329e+02;2.598233e-21
5.714829e+02;2.598069e-21
5.715329e+02;2.597906e-21
5.715829e+02;2.597742e-21
5.716329e+02;2.597579e-21
5.716829e+02;2.597416e-21
5.717329e+02;2.597252e-21
5.717829e+02;2.597089e-21
5.718329e+02;2.596926e-21
5.718829e+02;2.596763e-21
5.719329e+02;2.596599e-21
5.719829e+02;2.596436e-21
5.720329e+02;2.596273e-21
5.720829e+02;2.596110e-21
5.721329e+02;2.595947e-21
5.721829e+02;2.595784e-21
5.722329e+02;2.595621e-21
5.722829e+02;2.595457e-21
5.723329e+02;2.595294e-21
5.723829e+02;2.595131e-21
5.724329e+02;2.594968e-21
5.724829e+02;2.594805e-21
5.725329e+02;2.594642e-21
5.725829e+02;2.594479e-21
5.726329e+02;2.594317e-21
5.726829e+02;2.594154e-21
5.727329e+02;2.593991e-21
5.727829e+02;2.593828e-21
5.728329e+02;2.593665e-21
5.728829e+02;2.593502e-21
5.729329e+02;2.593339e-21
5.729829e+02;2.593177e-21
5.730329e+02;2.593014e-21
5.730829e+02;2.592851e-21
5.731329e+02;2.592689e-21
5.731829e+02;2.592526e-21
5.732329e+02;2.592363e-21
5.732829e+02;2.592201e-21
5.733329e+02;2.592038e-21
5.733829e+02;2.591875e-21
5.734329e+02;2.591713e-21
5.734829e+02;2.591550e-21
5.735329e+02;2.591388e-21
5.735829e+02;2.591225e-21
5.736329e+02;2.591063e-21
5.736829e+02;2.590900e-21
5.737329e+02;2.590738e-21
5.737830e+02;2.590575e-21
5.738330e+02;2.590413e-21
5.738830e+02;2.590251e-21
5.739330e+02;2.590088e-21
5.739830e+02;2.589926e-21
5.740330e+02;2.589764e-21
5.740830e+02;2.589601e-21
5.741330e+02;2.589439e-21
5.741830e+02;2.589277e-21
5.742330e+02;2.589114e-21
5.742830e+02;2.588952e-21
5.743330e+02;2.588790e-21
5.743830e+02;2.588628e-21
5.744330e+02;2.588466e-21
5.744830e+02;2.588304e-21
5.745330e+02;2.588142e-21
5.745830e+02;2.587979e-21
5.746330e+02;2.587817e-21
5.746830e+02;2.587655e-21
5.747330e+02;2.587493e-21
5.747830e+02;2.587331e-21
5.748330e+02;2.587169e-21
5.748830e+02;2.587007e-21
5.749330e+02;2.586845e-21
5.749830e+02;2.586684e-21
5.750330e+02;2.586522e-21
5.750830e+02;2.586360e-21
5.751330e+02;2.586198e-21
5.751830e+02;2.586036e-21
5.752330e+02;2.585874e-21
5.752830e+02;2.585712e-21
5.753330e+02;2.585551e-21
5.753830e+02;2.585389e-21
5.754330e+02;2.585227e-21
5.754830e+02;2.585066e-21
5.755330e+02;2.584904e-21
5.755830e+02;2.584742e-21
5.756330e+02;2.584581e-21
5.756830e+02;2.584419e-21
5.757330e+02;2.584257e-21
5.757830e+02;2.584096e-21
5.758330e+02;2.583934e-21
5.758830e+02;2.583773e-21
5.759330e+02;2.583611e-21
5.759830e+02;2.583450e-21
5.760330e+02;2.583288e-21
5.760830e+02;2.583127e-21
5.761330e+02;2.582965e-21
5.761830e+02;2.582804e-21
5.762330e+02;2.582643e-21
5.762831e+02;2.582481e-21
5.763331e+02;2.582320e-21
5.763831e+02;2.582159e-21
5.764331e+02;2.581997e-21
5.764831e+02;2.581836e-21
5.765331e+02;2.581675e-21
5.765831e+02;2.581514e-21
5.766331e+02;2.581352e-21
5.766831e+02;2.581191e-21
5.767331e+02;2.581030e-21
5.767831e+02;2.580869e-21
5.768331e+02;2.580708e-21
5.768831e+02;2.580547e-21
5.769331e+02;2.580386e-21
5.769831e+02;2.580224e-21
5.770331e+02;2.580063e-21
5.770831e+02;2.579902e-21
5.771331e+02;2.579741e-21
5.771831e+02;2.579580e-21
5.772331e+02;2.579419e-21
5.772831e+02;2.579259e-21
5.773331e+02;2.579098e-21
5.773831e+02;2.578937e-21
5.774331e+02;2.578776e-21
5.774831e+02;2.578615e-21
5.775331e+02;2.578454e-21
5.775831e+02;2.578293e-21
5.776331e+02;2.578133e-21
5.776831e+02;2.577972e-21
5.777331e+02;2.577811e-21
5.777831e+02;2.577650e-21
5.778331e+02;2.577490e-21
5.778831e+02;2.577329e-21
5.779331e+02;2.577168e-21
5.779831e+02;2.577008e-21
5.780331e+02;2.576847e-21
5.780831e+02;2.576686e-21
5.781331e+02;2.576526e-21
5.781831e+02;2.576365e-21
5.782331e+02;2.576205e-21
5.782831e+02;2.576044e-21
5.783331e+02;2.575884e-21
5.783831e+02;2.575723e-21
5.784331e+02;2.575563e-21
5.784831e+02;2.575402e-21
5.785331e+02;2.575242e-21
5.785831e+02;2.575082e-21
5.786331e+02;2.574921e-21
5.786831e+02;2.574761e-21
5.787331e+02;2.574601e-21
5.787832e+02;2.574440e-21
5.788332e+02;2.574280e-21
5.788832e+02;2.574120e-21
5.789332e+02;2.573960e-21
5.789832e+02;2.573799e-21
5.790332e+02;2.573639e-21
5.790832e+02;2.573479e-21
5.791332e+02;2.573319e-21
5.791832e+02;2.573159e-21
5.792332e+02;2.572999e-21
5.792832e+02;2.572838e-21
5.793332e+02;2.572678e-21
5.793832e+02;2.572518e-21
5.794332e+02;2.572358e-21
5.794832e+02;2.572198e-21
5.795332e+02;2.572038e-21
5.795832e+02;2.571878e-21
5.796332e+02;2.571718e-21
5.796832e+02;2.571558e-21
5.797332e+02;2.571399e-21
5.797832e+02;2.571239e-21
5.798332e+02;2.571079e-21
5.798832e+02;2.570919e-21
5.799332e+02;2.570759e-21
5.799832e+02;2.570599e-21
5.800332e+02;2.570440e-21
5.800832e+02;2.570280e-21
5.801332e+02;2.570120e-21
5.801832e+02;2.569960e-21
5.802332e+02;2.569801e-21
5.802832e+02;2.569641e-21
5.803332e+02;2.569481e-21
5.803832e+02;2.569322e-21
5.804332e+02;2.569162e-21
5.804832e+02;2.569002e-21
5.805332e+02;2.568843e-21
5.805832e+02;2.568683e-21
5.806332e+02;2.568524e-21
5.806832e+02;2.568364e-21
5.807332e+02;2.568205e-21
5.807832e+02;2.568045e-21
5.808332e+02;2.567886e-21
5.808832e+02;2.567726e-21
5.809332e+02;2.567567e-21
5.809832e+02;2.567408e-21
5.810332e+02;2.567248e-21
5.810832e+02;2.567089e-21
5.811332e+02;2.566930e-21
5.811832e+02;2.566770e-21
5.812332e+02;2.566611e-21
5.812833e+02;2.566452e-21
5.813333e+02;2.566293e-21
5.813833e+02;2.566133e-21
5.814333e+02;2.565974e-21
5.814833e+02;2.565815e-21
5.815333e+02;2.565656e-21
5.815833e+02;2.565497e-21
5.816333e+02;2.565338e-21
5.816833e+02;2.565179e-21
5.817333e+02;2.565019e-21
5.817833e+02;2.564860e-21
5.818333e+02;2.564701e-21
5.818833e+02;2.564542e-21
5.819333e+02;2.564383e-21
5.819833e+02;2.564224e-21
5.820333e+02;2.564065e-21
5.820833e+02;2.563907e-21
5.821333e+02;2.563748e-21
5.821833e+02;2.563589e-21
5.822333e+02;2.563430e-21
5.822833e+02;2.563271e-21
5.823333e+02;2.563112e-21
5.823833e+02;2.562953e-21
5.824333e+02;2.562795e-21
5.824833e+02;2.562636e-21
5.825333e+02;2.562477e-21
5.825833e+02;2.562318e-21
5.826333e+02;2.562160e-21
5.826833e+02;2.562001e-21
5.827333e+02;2.561842e-21
5.827833e+02;2.561684e-21
5.828333e+02;2.561525e-21
5.828833e+02;2.561367e-21
5.829333e+02;2.561208e-21
5.829833e+02;2.561049e-21
5.830333e+02;2.560891e-21
5.830833e+02;2.560732e-21
5.831333e+02;2.560574e-21
5.831833e+02;2.560415e-21
5.832333e+02;2.560257e-21
5.832833e+02;2.560099e-21
5.833333e+02;2.559940e-21
5.833833e+02;2.559782e-21
5.834333e+02;2.559623e-21
5.834833e+02;2.559465e-21
5.835333e+02;2.559307e-21
5.835833e+02;2.559148e-21
5.836333e+02;2.558990e-21
5.836833e+02;2.558832e-21
5.837333e+02;2.558674e-21
5.837834e+02;2.558515e-21
5.838334e+02;2.558357e-21
5.838834e+02;2.558199e-21
5.839334e+02;2.558041e-21
5.839834e+02;2.557883e-21
5.840334e+02;2.557725e-21
5.840834e+02;2.557566e-21
5.841334e+02;2.557408e-21
5.841834e+02;2.557250e-21
5.842334e+02;2.557092e-21
5.842834e+02;2.556934e-21
5.843334e+02;2.556776e-21
5.843834e+02;2.556618e-21
5.844334e+02;2.556460e-21
5.844834e+02;2.556302e-21
5.845334e+02;2.556145e-21
5.845834e+02;2.555987e-21
5.846334e+02;2.555829e-21
5.846834e+02;2.555671e-21
5.847334e+02;2.555513e-21
5.847834e+02;2.555355e-21
5.848334e+02;2.555197e-21
5.848834e+02;2.555040e-21
5.849334e+02;2.554882e-21
5.849834e+02;2.554724e-21
5.850334e+02;2.554567e-21
5.850834e+02;2.554409e-21
5.851334e+02;2.554251e-21
5.851834e+02;2.554094e-21
5.852334e+02;2.553936e-21
5.852834e+02;2.553778e-21
5.853334e+02;2.553621e-21
5.853834e+02;2.553463e-21
5.854334e+02;2.553306e-21
5.854834e+02;2.553148e-21
5.855334e+02;2.552991e-21
5.855834e+02;2.552833e-21
5.856334e+02;2.552676e-21
5.856834e+02;2.552518e-21
5.857334e+02;2.552361e-21
5.857834e+02;2.552203e-21
5.858334e+02;2.552046e-21
5.858834e+02;2.551889e-21
5.859334e+02;2.551731e-21
5.859834e+02;2.551574e-21
5.860334e+02;2.551417e-21
5.860834e+02;2.551259e-21
5.861334e+02;2.551102e-21
5.861834e+02;2.550945e-21
5.862334e+02;2.550788e-21
5.862835e+02;2.550630e-21
5.863335e+02;2.550473e-21
5.863835e+02;2.550316e-21
5.864335e+02;2.550159e-21
5.864835e+02;2.550002e-21
5.865335e+02;2.549845e-21
5.865835e+02;2.549688e-21
5.866335e+02;2.549531e-21
5.866835e+02;2.549374e-21
5.867335e+02;2.549217e-21
5.867835e+02;2.549060e-21
5.868335e+02;2.548903e-21
5.868835e+02;2.548746e-21
5.869335e+02;2.548589e-21
5.869835e+02;2.548432e-21
5.870335e+02;2.548275e-21
5.870835e+02;2.548118e-21
5.871335e+02;2.547961e-21
5.871835e+02;2.547804e-21
5.872335e+02;2.547648e-21
5.872835e+02;2.547491e-21
5.873335e+02;2.547334e-21
5.873835e+02;2.547177e-21
5.874335e+02;2.547021e-21
5.874835e+02;2.546864e-21
5.875335e+02;2.546707e-21
5.875835e+02;2.546550e-21
5.876335e+02;2.546394e-21
5.876835e+02;2.546237e-21
5.877335e+02;2.546081e-21
5.877835e+02;2.545924e-21
5.878335e+02;2.545767e-21
5.878835e+02;2.545611e-21
5.879335e+02;2.545454e-21
5.879835e+02;2.545298e-21
5.880335e+02;2.545141e-21
5.880835e+02;2.544985e-21
5.881335e+02;2.544828e-21
5.881835e+02;2.544672e-21
5.882335e+02;2.544516e-21
5.882835e+02;2.544359e-21
5.883335e+02;2.544203e-21
5.883835e+02;2.544047e-21
5.884335e+02;2.543890e-21
5.884835e+02;2.543734e-21
5.885335e+02;2.543578e-21
5.885835e+02;2.543421e-21
5.886335e+02;2.543265e-21
5.886835e+02;2.543109e-21
5.887335e+02;2.542953e-21
5.887836e+02;2.542797e-21
5.888336e+02;2.542640e-21
5.888836e+02;2.542484e-21
5.889336e+02;2.542328e-21
5.889836e+02;2.542172e-21
5.890336e+02;2.542016e-21
5.890836e+02;2.541860e-21
5.891336e+02;2.541704e-21
5.891836e+02;2.541548e-21
5.892336e+02;2.541392e-21
5.892836e+02;2.541236e-21
5.893336e+02;2.541080e-21
5.893836e+02;2.540924e-21
5.894336e+02;2.540768e-21
5.894836e+02;2.540612e-21
5.895336e+02;2.540456e-21
5.895836e+02;2.540300e-21
5.896336e+02;2.540144e-21
5.896836e+02;2.539989e-21
5.897336e+02;2.539833e-21
5.897836e+02;2.539677e-21
5.898336e+02;2.539521e-21
5.898836e+02;2.539366e-21
5.899336e+02;2.539210e-21
5.899836e+02;2.539054e-21
5.900336e+02;2.538898e-21
5.900836e+02;2.538743e-21
5.901336e+02;2.538587e-21
5.901836e+02;2.538432e-21
5.902336e+02;2.538276e-21
5.902836e+02;2.538120e-21
5.903336e+02;2.537965e-21
5.903836e+02;2.537809e-21
5.904336e+02;2.537654e-21
5.904836e+02;2.537498e-21
5.905336e+02;2.537343e-21
5.905836e+02;2.537187e-21
5.906336e+02;2.537032e-21
5.906836e+02;2.536876e-21
5.907336e+02;2.536721e-21
5.907836e+02;2.536566e-21
5.908336e+02;2.536410e-21
5.908836e+02;2.536255e-21
5.909336e+02;2.536100e-21
5.909836e+02;2.535944e-21
5.910336e+02;2.535789e-21
5.910836e+02;2.535634e-21
5.911336e+02;2.535479e-21
5.911836e+02;2.535323e-21
5.912336e+02;2.535168e-21
5.912837e+02;2.535013e-21
5.913337e+02;2.534858e-21
5.913837e+02;2.534703e-21
5.914337e+02;2.534548e-21
5.914837e+02;2.534393e-21
5.915337e+02;2.534237e-21
5.915837e+02;2.534082e-21
5.916337e+02;2.533927e-21
5.916837e+02;2.533772e-21
5.917337e+02;2.533617e-21
5.917837e+02;2.533462e-21
5.918337e+02;2.533307e-21
5.918837e+02;2.533152e-21
5.919337e+02;2.532998e-21
5.919837e+02;2.532843e-21
5.920337e+02;2.532688e-21
5.920837e+02;2.532533e-21
5.921337e+02;2.532378e-21
5.921837e+02;2.532223e-21
5.922337e+02;2.532068e-21
5.922837e+02;2.531914e-21
5.923337e+02;2.531759e-21
5.923837e+02;2.531604e-21
5.924337e+02;2.531449e-21
5.924837e+02;2.531295e-21
5.925337e+02;2.531140e-21
5.925837e+02;2.530985e-21
5.926337e+02;2.530831e-21
5.926837e+02;2.530676e-21
5.927337e+02;2.530522e-21
5.927837e+02;2.530367e-21
5.928337e+02;2.530212e-21
5.928837e+02;2.530058e-21
5.929337e+02;2.529903e-21
5.929837e+02;2.529749e-21
5.930337e+02;2.529594e-21
5.930837e+02;2.529440e-21
5.931337e+02;2.529285e-21
5.931837e+02;2.529131e-21
5.932337e+02;2.528977e-21
5.932837e+02;2.528822e-21
5.933337e+02;2.528668e-21
5.933837e+02;2.528514e-21
5.934337e+02;2.528359e-21
5.934837e+02;2.528205e-21
5.935337e+02;2.528051e-21
5.935837e+02;2.527896e-21
5.936337e+02;2.527742e-21
5.936837e+02;2.527588e-21
5.937337e+02;2.527434e-21
5.937838e+02;2.527280e-21
5.938338e+02;2.527125e-21
5.938838e+02;2.526971e-21
5.939338e+02;2.526817e-21
5.939838e+02;2.526663e-21
5.940338e+02;2.526509e-21
5.940838e+02;2.526355e-21
5.941338e+02;2.526201e-21
5.941838e+02;2.526047e-21
5.942338e+02;2.525893e-21
5.942838e+02;2.525739e-21
5.943338e+02;2.525585e-21
5.943838e+02;2.525431e-21
5.944338e+02;2.525277e-21
5.944838e+02;2.525123e-21
5.945338e+02;2.524969e-21
5.945838e+02;2.524815e-21
5.946338e+02;2.524661e-21
5.946838e+02;2.524508e-21
5.947338e+02;2.524354e-21
5.947838e+02;2.524200e-21
5.948338e+02;2.524046e-21
5.948838e+02;2.523893e-21
5.949338e+02;2.523739e-21
5.949838e+02;2.523585e-21
5.950338e+02;2.523431e-21
5.950838e+02;2.523278e-21
5.951338e+02;2.523124e-21
5.951838e+02;2.522970e-21
5.952338e+02;2.522817e-21
5.952838e+02;2.522663e-21
5.953338e+02;2.522510e-21
5.953838e+02;2.522356e-21
5.954338e+02;2.522203e-21
5.954838e+02;2.522049e-21
5.955338e+02;2.521896e-21
5.955838e+02;2.521742e-21
5.956338e+02;2.521589e-21
5.956838e+02;2.521435e-21
5.957338e+02;2.521282e-21
5.957838e+02;2.521128e-21
5.958338e+02;2.520975e-21
5.958838e+02;2.520822e-21
5.959338e+02;2.520668e-21
5.959838e+02;2.520515e-21
5.960338e+02;2.520362e-21
5.960838e+02;2.520208e-21
5.961338e+02;2.520055e-21
5.961838e+02;2.519902e-21
5.962338e+02;2.519749e-21
5.962839e+02;2.519596e-21
5.963339e+02;2.519442e-21
5.963839e+02;2.519289e-21
5.964339e+02;2.519136e-21
5.964839e+02;2.518983e-21
5.965339e+02;2.518830e-21
5.965839e+02;2.518677e-21
5.966339e+02;2.518524e-21
5.966839e+02;2.518371e-21
5.967339e+02;2.518218e-21
5.967839e+02;2.518065e-21
5.968339e+02;2.517912e-21
5.968839e+02;2.517759e-21
5.969339e+02;2.517606e-21
5.969839e+02;2.517453e-21
5.970339e+02;2.517300e-21
5.970839e+02;2.517147e-21
5.971339e+02;2.516994e-21
5.971839e+02;2.516841e-21
5.972339e+02;2.516689e-21
5.972839e+02;2.516536e-21
5.973339e+02;2.516383e-21
5.973839e+02;2.516230e-21
5.974339e+02;2.516077e-21
5.974839e+02;2.515925e-21
5.975339e+02;2.515772e-21
5.975839e+02;2.515619e-21
5.976339e+02;2.515467e-21
5.976839e+02;2.515314e-21
5.977339e+02;2.515161e-21
5.977839e+02;2.515009e-21
5.978339e+02;2.514856e-21
5.978839e+02;2.514704e-21
5.979339e+02;2.514551e-21
5.979839e+02;2.514398e-21
5.980339e+02;2.514246e-21
5.980839e+02;2.514093e-21
5.981339e+02;2.513941e-21
5.981839e+02;2.513789e-21
5.982339e+02;2.513636e-21
5.982839e+02;2.513484e-21
5.983339e+02;2.513331e-21
5.983839e+02;2.513179e-21
5.984339e+02;2.513027e-21
5.984839e+02;2.512874e-21
5.985339e+02;2.512722e-21
5.985839e+02;2.512570e-21
5.986339e+02;2.512417e-21
5.986839e+02;2.512265e-21
5.987339e+02;2.512113e-21
5.987840e+02;2.511961e-21
5.988340e+02;2.511808e-21
5.988840e+02;2.511656e-21
5.989340e+02;2.511504e-21
5.989840e+02;2.511352e-21
5.990340e+02;2.511200e-21
5.990840e+02;2.511048e-21
5.991340e+02;2.510896e-21
5.991840e+02;2.510744e-21
5.992340e+02;2.510591e-21
5.992840e+02;2.510439e-21
5.993340e+02;2.510287e-21
5.993840e+02;2.510135e-21
5.994340e+02;2.509983e-21
5.994840e+02;2.509832e-21
5.995340e+02;2.509680e-21
5.995840e+02;2.509528e-21
5.996340e+02;2.509376e-21
5.996840e+02;2.509224e-21
5.997340e+02;2.509072e-21
5.997840e+02;2.508920e-21
5.998340e+02;2.508768e-21
5.998840e+02;2.508617e-21
5.999340e+02;2.508465e-21
5.999840e+02;2.508313e-21
6.000340e+02;2.508161e-21
6.000840e+02;2.508010e-21
6.001340e+02;2.507858e-21
6.001840e+02;2.507706e-21
6.002340e+02;2.507555e-21
6.002840e+02;2.507403e-21
6.003340e+02;2.507251e-21
6.003840e+02;2.507100e-21
6.004340e+02;2.506948e-21
6.004840e+02;2.506797e-21
6.005340e+02;2.506645e-21
6.005840e+02;2.506493e-21
6.006340e+02;2.506342e-21
6.006840e+02;2.506190e-21
6.007340e+02;2.506039e-21
6.007840e+02;2.505888e-21
6.008340e+02;2.505736e-21
6.008840e+02;2.505585e-21
6.009340e+02;2.505433e-21
6.009840e+02;2.505282e-21
6.010340e+02;2.505131e-21
6.010840e+02;2.504979e-21
6.011340e+02;2.504828e-21
6.011840e+02;2.504677e-21
6.012340e+02;2.504525e-21
6.012841e+02;2.504374e-21
6.013341e+02;2.504223e-21
6.013841e+02;2.504072e-21
6.014341e+02;2.503920e-21
6.014841e+02;2.503769e-21
6.015341e+02;2.503618e-21
6.015841e+02;2.503467e-21
6.016341e+02;2.503316e-21
6.016841e+02;2.503165e-21
6.017341e+02;2.503014e-21
6.017841e+02;2.502863e-21
6.018341e+02;2.502712e-21
6.018841e+02;2.502561e-21
6.019341e+02;2.502410e-21
6.019841e+02;2.502259e-21
6.020341e+02;2.502108e-21
6.020841e+02;2.501957e-21
6.021341e+02;2.501806e-21
6.021841e+02;2.501655e-21
6.022341e+02;2.501504e-21
6.022841e+02;2.501353e-21
6.023341e+02;2.501202e-21
6.023841e+02;2.501051e-21
6.024341e+02;2.500901e-21
6.024841e+02;2.500750e-21
6.025341e+02;2.500599e-21
6.025841e+02;2.500448e-21
6.026341e+02;2.500297e-21
6.026841e+02;2.500147e-21
6.027341e+02;2.499996e-21
6.027841e+02;2.499845e-21
6.028341e+02;2.499695e-21
6.028841e+02;2.499544e-21
6.029341e+02;2.499393e-21
6.029841e+02;2.499243e-21
6.030341e+02;2.499092e-21
6.030841e+02;2.498942e-21
6.031341e+02;2.498791e-21
6.031841e+02;2.498641e-21
6.032341e+02;2.498490e-21
6.032841e+02;2.498340e-21
6.033341e+02;2.498189e-21
6.033841e+02;2.498039e-21
6.034341e+02;2.497888e-21
6.034841e+02;2.497738e-21
6.035341e+02;2.497587e-21
6.035841e+02;2.497437e-21
6.036341e+02;2.497287e-21
6.036841e+02;2.497136e-21
6.037341e+02;2.496986e-21
6.037842e+02;2.496836e-21
6.038342e+02;2.496686e-21
6.038842e+02;2.496535e-21
6.039342e+02;2.496385e-21
6.039842e+02;2.496235e-21
6.040342e+02;2.496085e-21
6.040842e+02;2.495934e-21
6.041342e+02;2.495784e-21
6.041842e+02;2.495634e-21
6.042342e+02;2.495484e-21
6.042842e+02;2.495334e-21
6.043342e+02;2.495184e-21
6.043842e+02;2.495034e-21
6.044342e+02;2.494884e-21
6.044842e+02;2.494734e-21
6.045342e+02;2.494584e-21
6.045842e+02;2.494434e-21
6.046342e+02;2.494284e-21
6.046842e+02;2.494134e-21
6.047342e+02;2.493984e-21
6.047842e+02;2.493834e-21
6.048342e+02;2.493684e-21
6.048842e+02;2.493534e-21
6.049342e+02;2.493384e-21
6.049842e+02;2.493234e-21
6.050342e+02;2.493084e-21
6.050842e+02;2.492935e-21
6.051342e+02;2.492785e-21
6.051842e+02;2.492635e-21
6.052342e+02;2.492485e-21
6.052842e+02;2.492336e-21
6.053342e+02;2.492186e-21
6.053842e+02;2.492036e-21
6.054342e+02;2.491887e-21
6.054842e+02;2.491737e-21
6.055342e+02;2.491587e-21
6.055842e+02;2.491438e-21
6.056342e+02;2.491288e-21
6.056842e+02;2.491138e-21
6.057342e+02;2.490989e-21
6.057842e+02;2.490839e-21
6.058342e+02;2.490690e-21
6.058842e+02;2.490540e-21
6.059342e+02;2.490391e-21
6.059842e+02;2.490241e-21
6.060342e+02;2.490092e-21
6.060842e+02;2.489943e-21
6.061342e+02;2.489793e-21
6.061842e+02;2.489644e-21
6.062342e+02;2.489494e-21
6.062843e+02;2.489345e-21
6.063343e+02;2.489196e-21
6.063843e+02;2.489046e-21
6.064343e+02;2.488897e-21
6.064843e+02;2.488748e-21
6.065343e+02;2.488599e-21
6.065843e+02;2.488449e-21
6.066343e+02;2.488300e-21
6.066843e+02;2.488151e-21
6.067343e+02;2.488002e-21
6.067843e+02;2.487853e-21
6.068343e+02;2.487703e-21
6.068843e+02;2.487554e-21
6.069343e+02;2.487405e-21
6.069843e+02;2.487256e-21
6.070343e+02;2.487107e-21
6.070843e+02;2.486958e-21
6.071343e+02;2.486809e-21
6.071843e+02;2.486660e-21
6.072343e+02;2.486511e-21
6.072843e+02;2.486362e-21
6.073343e+02;2.486213e-21
6.073843e+02;2.486064e-21
6.074343e+02;2.485915e-21
6.074843e+02;2.485766e-21
6.075343e+02;2.485617e-21
6.075843e+02;2.485468e-21
6.076343e+02;2.485320e-21
6.076843e+02;2.485171e-21
6.077343e+02;2.485022e-21
6.077843e+02;2.484873e-21
6.078343e+02;2.484724e-21
6.078843e+02;2.484576e-21
6.079343e+02;2.484427e-21
6.079843e+02;2.484278e-21
6.080343e+02;2.484130e-21
6.080843e+02;2.483981e-21
6.081343e+02;2.483832e-21
6.081843e+02;2.483684e-21
6.082343e+02;2.483535e-21
6.082843e+02;2.483386e-21
6.083343e+02;2.483238e-21
6.083843e+02;2.483089e-21
6.084343e+02;2.482941e-21
6.084843e+02;2.482792e-21
6.085343e+02;2.482644e-21
6.085843e+02;2.482495e-21
6.086343e+02;2.482347e-21
6.086843e+02;2.482198e-21
6.087343e+02;2.482050e-21
6.087844e+02;2.481901e-21
6.088344e+02;2.481753e-21
6.088844e+02;2.481605e-21
6.089344e+02;2.481456e-21
6.089844e+02;2.481308e-21
6.090344e+02;2.481160e-21
6.090844e+02;2.481011e-21
6.091344e+02;2.480863e-21
6.091844e+02;2.480715e-21
6.092344e+02;2.480567e-21
6.092844e+02;2.480418e-21
6.093344e+02;2.480270e-21
6.093844e+02;2.480122e-21
6.094344e+02;2.479974e-21
6.094844e+02;2.479826e-21
6.095344e+02;2.479677e-21
6.095844e+02;2.479529e-21
6.096344e+02;2.479381e-21
6.096844e+02;2.479233e-21
6.097344e+02;2.479085e-21
6.097844e+02;2.478937e-21
6.098344e+02;2.478789e-21
6.098844e+02;2.478641e-21
6.099344e+02;2.478493e-21
6.099844e+02;2.478345e-21
6.100344e+02;2.478197e-21
6.100844e+02;2.478049e-21
6.101344e+02;2.477901e-21
6.101844e+02;2.477753e-21
6.102344e+02;2.477606e-21
6.102844e+02;2.477458e-21
6.103344e+02;2.477310e-21
6.103844e+02;2.477162e-21
6.104344e+02;2.477014e-21
6.104844e+02;2.476866e-21
6.105344e+02;2.476719e-21
6.105844e+02;2.476571e-21
6.106344e+02;2.476423e-21
6.106844e+02;2.476275e-21
6.107344e+02;2.476128e-21
6.107844e+02;2.475980e-21
6.108344e+02;2.475832e-21
6.108844e+02;2.475685e-21
6.109344e+02;2.475537e-21
6.109844e+02;2.475390e-21
6.110344e+02;2.475242e-21
6.110844e+02;2.475094e-21
6.111344e+02;2.474947e-21
6.111844e+02;2.474799e-21
6.112344e+02;2.474652e-21
6.112845e+02;2.474504e-21
6.113345e+02;2.474357e-21
6.113845e+02;2.474210e-21
6.114345e+02;2.474062e-21
6.114845e+02;2.473915e-21
6.115345e+02;2.473767e-21
6.115845e+02;2.473620e-21
6.116345e+02;2.473473e-21
6.116845e+02;2.473325e-21
6.117345e+02;2.473178e-21
6.117845e+02;2.473031e-21
6.118345e+02;2.472883e-21
6.118845e+02;2.472736e-21
6.119345e+02;2.472589e-21
6.119845e+02;2.472442e-21
6.120345e+02;2.472294e-21
6.120845e+02;2.472147e-21
6.121345e+02;2.472000e-21
6.121845e+02;2.471853e-21
6.122345e+02;2.471706e-21
6.122845e+02;2.471559e-21
6.123345e+02;2.471412e-21
6.123845e+02;2.471264e-21
6.124345e+02;2.471117e-21
6.124845e+02;2.470970e-21
6.125345e+02;2.470823e-21
6.125845e+02;2.470676e-21
6.126345e+02;2.470529e-21
6.126845e+02;2.470382e-21
6.127345e+02;2.470235e-21
6.127845e+02;2.470089e-21
6.128345e+02;2.469942e-21
6.128845e+02;2.469795e-21
6.129345e+02;2.469648e-21
6.129845e+02;2.469501e-21
6.130345e+02;2.469354e-21
6.130845e+02;2.469207e-21
6.131345e+02;2.469061e-21
6.131845e+02;2.468914e-21
6.132345e+02;2.468767e-21
6.132845e+02;2.468620e-21
6.133345e+02;2.468473e-21
6.133845e+02;2.468327e-21
6.134345e+02;2.468180e-21
6.134845e+02;2.468033e-21
6.135345e+02;2.467887e-21
6.135845e+02;2.467740e-21
6.136345e+02;2.467594e-21
6.136845e+02;2.467447e-21
6.137345e+02;2.467300e-21
6.137846e+02;2.467154e-21
6.138346e+02;2.467007e-21
6.138846e+02;2.466861e-21
6.139346e+02;2.466714e-21
6.139846e+02;2.466568e-21
6.140346e+02;2.466421e-21
6.140846e+02;2.466275e-21
6.141346e+02;2.466128e-21
6.141846e+02;2.465982e-21
6.142346e+02;2.465836e-21
6.142846e+02;2.465689e-21
6.143346e+02;2.465543e-21
6.143846e+02;2.465396e-21
6.144346e+02;2.465250e-21
6.144846e+02;2.465104e-21
6.145346e+02;2.464957e-21
6.145846e+02;2.464811e-21
6.146346e+02;2.464665e-21
6.146846e+02;2.464519e-21
6.147346e+02;2.464373e-21
6.147846e+02;2.464226e-21
6.148346e+02;2.464080e-21
6.148846e+02;2.463934e-21
6.149346e+02;2.463788e-21
6.149846e+02;2.463642e-21
6.150346e+02;2.463496e-21
6.150846e+02;2.463350e-21
6.151346e+02;2.463203e-21
6.151846e+02;2.463057e-21
6.152346e+02;2.462911e-21
6.152846e+02;2.462765e-21
6.153346e+02;2.462619e-21
6.153846e+02;2.462473e-21
6.154346e+02;2.462327e-21
6.154846e+02;2.462181e-21
6.155346e+02;2.462036e-21
6.155846e+02;2.461890e-21
6.156346e+02;2.461744e-21
6.156846e+02;2.461598e-21
6.157346e+02;2.461452e-21
6.157846e+02;2.461306e-21
6.158346e+02;2.461160e-21
6.158846e+02;2.461015e-21
6.159346e+02;2.460869e-21
6.159846e+02;2.460723e-21
6.160346e+02;2.460577e-21
6.160846e+02;2.460432e-21
6.161346e+02;2.460286e-21
6.161846e+02;2.460140e-21
6.162346e+02;2.459995e-21
6.162847e+02;2.459849e-21
6.163347e+02;2.459703e-21
6.163847e+02;2.459558e-21
6.164347e+02;2.459412e-21
6.164847e+02;2.459266e-21
6.165347e+02;2.459121e-21
6.165847e+02;2.458975e-21
6.166347e+02;2.458830e-21
6.166847e+02;2.458684e-21
6.167347e+02;2.458539e-21
6.167847e+02;2.458393e-21
6.168347e+02;2.458248e-21
6.168847e+02;2.458102e-21
6.169347e+02;2.457957e-21
6.169847e+02;2.457812e-21
6.170347e+02;2.457666e-21
6.170847e+02;2.457521e-21
6.171347e+02;2.457376e-21
6.171847e+02;2.457230e-21
6.172347e+02;2.457085e-21
6.172847e+02;2.456940e-21
6.173347e+02;2.456794e-21
6.173847e+02;2.456649e-21
6.174347e+02;2.456504e-21
6.174847e+02;2.456359e-21
6.175347e+02;2.456213e-21
6.175847e+02;2.456068e-21
6.176347e+02;2.455923e-21
6.176847e+02;2.455778e-21
6.177347e+02;2.455633e-21
6.177847e+02;2.455488e-21
6.178347e+02;2.455343e-21
6.178847e+02;2.455198e-21
6.179347e+02;2.455053e-21
6.179847e+02;2.454907e-21
6.180347e+02;2.454762e-21
6.180847e+02;2.454617e-21
6.181347e+02;2.454472e-21
6.181847e+02;2.454328e-21
6.182347e+02;2.454183e-21
6.182847e+02;2.454038e-21
6.183347e+02;2.453893e-21
6.183847e+02;2.453748e-21
6.184347e+02;2.453603e-21
6.184847e+02;2.453458e-21
6.185347e+02;2.453313e-21
6.185847e+02;2.453168e-21
6.186347e+02;2.453024e-21
6.186847e+02;2.452879e-21
6.187347e+02;2.452734e-21
6.187848e+02;2.452589e-21
6.188348e+02;2.452445e-21
6.188848e+02;2.452300e-21
6.189348e+02;2.452155e-21
6.189848e+02;2.452011e-21
6.190348e+02;2.451866e-21
6.190848e+02;2.451721e-21
6.191348e+02;2.451577e-21
6.191848e+02;2.451432e-21
6.192348e+02;2.451287e-21
6.192848e+02;2.451143e-21
6.193348e+02;2.450998e-21
6.193848e+02;2.450854e-21
6.194348e+02;2.450709e-21
6.194848e+02;2.450565e-21
6.195348e+02;2.450420e-21
6.195848e+02;2.450276e-21
6.196348e+02;2.450131e-21
6.196848e+02;2.449987e-21
6.197348e+02;2.449843e-21
6.197848e+02;2.449698e-21
6.198348e+02;2.449554e-21
6.198848e+02;2.449409e-21
6.199348e+02;2.449265e-21
6.199848e+02;2.449121e-21
6.200348e+02;2.448976e-21
6.200848e+02;2.448832e-21
6.201348e+02;2.448688e-21
6.201848e+02;2.448544e-21
6.202348e+02;2.448399e-21
6.202848e+02;2.448255e-21
6.203348e+02;2.448111e-21
6.203848e+02;2.447967e-21
6.204348e+02;2.447823e-21
6.204848e+02;2.447679e-21
6.205348e+02;2.447534e-21
6.205848e+02;2.447390e-21
6.206348e+02;2.447246e-21
6.206848e+02;2.447102e-21
6.207348e+02;2.446958e-21
6.207848e+02;2.446814e-21
6.208348e+02;2.446670e-21
6.208848e+02;2.446526e-21
6.209348e+02;2.446382e-21
6.209848e+02;2.446238e-21
6.210348e+02;2.446094e-21
6.210848e+02;2.445950e-21
6.211348e+02;2.445806e-21
6.211848e+02;2.445662e-21
6.212348e+02;2.445519e-21
6.212849e+02;2.445375e-21
6.213349e+02;2.445231e-21
6.213849e+02;2.445087e-21
6.214349e+02;2.444943e-21
6.214849e+02;2.444800e-21
6.215349e+02;2.444656e-21
6.215849e+02;2.444512e-21
6.216349e+02;2.444368e-21
6.216849e+02;2.444225e-21
6.217349e+02;2.444081e-21
6.217849e+02;2.443937e-21
6.218349e+02;2.443794e-21
6.218849e+02;2.443650e-21
6.219349e+02;2.443506e-21
6.219849e+02;2.443363e-21
6.220349e+02;2.443219e-21
6.220849e+02;2.443076e-21
6.221349e+02;2.442932e-21
6.221849e+02;2.442788e-21
6.222349e+02;2.442645e-21
6.222849e+02;2.442501e-21
6.223349e+02;2.442358e-21
6.223849e+02;2.442214e-21
6.224349e+02;2.442071e-21
6.224849e+02;2.441928e-21
6.225349e+02;2.441784e-21
6.225849e+02;2.441641e-21
6.226349e+02;2.441497e-21
6.226849e+02;2.441354e-21
6.227349e+02;2.441211e-21
6.227849e+02;2.441067e-21
6.228349e+02;2.440924e-21
6.228849e+02;2.440781e-21
6.229349e+02;2.440638e-21
6.229849e+02;2.440494e-21
6.230349e+02;2.440351e-21
6.230849e+02;2.440208e-21
6.231349e+02;2.440065e-21
6.231849e+02;2.439921e-21
6.232349e+02;2.439778e-21
6.232849e+02;2.439635e-21
6.233349e+02;2.439492e-21
6.233849e+02;2.439349e-21
6.234349e+02;2.439206e-21
6.234849e+02;2.439063e-21
6.235349e+02;2.438920e-21
6.235849e+02;2.438777e-21
6.236349e+02;2.438634e-21
6.236849e+02;2.438491e-21
6.237349e+02;2.438348e-21
6.237850e+02;2.438205e-21
6.238350e+02;2.438062e-21
6.238850e+02;2.437919e-21
6.239350e+02;2.437776e-21
6.239850e+02;2.437633e-21
6.240350e+02;2.437490e-21
6.240850e+02;2.437347e-21
6.241350e+02;2.437204e-21
6.241850e+02;2.437062e-21
6.242350e+02;2.436919e-21
6.242850e+02;2.436776e-21
6.243350e+02;2.436633e-21
6.243850e+02;2.436490e-21
6.244350e+02;2.436348e-21
6.244850e+02;2.436205e-21
6.245350e+02;2.436062e-21
6.245850e+02;2.435920e-21
6.246350e+02;2.435777e-21
6.246850e+02;2.435634e-21
6.247350e+02;2.435492e-21
6.247850e+02;2.435349e-21
6.248350e+02;2.435206e-21
6.248850e+02;2.435064e-21
6.249350e+02;2.434921e-21
6.249850e+02;2.434779e-21
6.250350e+02;2.434636e-21
6.250850e+02;2.434494e-21
6.251350e+02;2.434351e-21
6.251850e+02;2.434209e-21
6.252350e+02;2.434066e-21
6.252850e+02;2.433924e-21
6.253350e+02;2.433781e-21
6.253850e+02;2.433639e-21
6.254350e+02;2.433497e-21
6.254850e+02;2.433354e-21
6.255350e+02;2.433212e-21
6.255850e+02;2.433070e-21
6.256350e+02;2.432927e-21
6.256850e+02;2.432785e-21
6.257350e+02;2.432643e-21
6.257850e+02;2.432500e-21
6.258350e+02;2.432358e-21
6.258850e+02;2.432216e-21
6.259350e+02;2.432074e-21
6.259850e+02;2.431932e-21
6.260350e+02;2.431789e-21
6.260850e+02;2.431647e-21
6.261350e+02;2.431505e-21
6.261850e+02;2.431363e-21
6.262350e+02;2.431221e-21
6.262851e+02;2.431079e-21
6.263351e+02;2.430937e-21
6.263851e+02;2.430795e-21
6.264351e+02;2.430653e-21
6.264851e+02;2.430511e-21
6.265351e+02;2.430369e-21
6.265851e+02;2.430227e-21
6.266351e+02;2.430085e-21
6.266851e+02;2.429943e-21
6.267351e+02;2.429801e-21
6.267851e+02;2.429659e-21
6.268351e+02;2.429517e-21
6.268851e+02;2.429375e-21
6.269351e+02;2.429233e-21
6.269851e+02;2.429091e-21
6.270351e+02;2.428949e-21
6.270851e+02;2.428808e-21
6.271351e+02;2.428666e-21
6.271851e+02;2.428524e-21
6.272351e+02;2.428382e-21
6.272851e+02;2.428241e-21
6.273351e+02;2.428099e-21
6.273851e+02;2.427957e-21
6.274351e+02;2.427815e-21
6.274851e+02;2.427674e-21
6.275351e+02;2.427532e-21
6.275851e+02;2.427390e-21
6.276351e+02;2.427249e-21
6.276851e+02;2.427107e-21
6.277351e+02;2.426966e-21
6.277851e+02;2.426824e-21
6.278351e+02;2.426683e-21
6.278851e+02;2.426541e-21
6.279351e+02;2.426400e-21
6.279851e+02;2.426258e-21
6.280351e+02;2.426117e-21
6.280851e+02;2.425975e-21
6.281351e+02;2.425834e-21
6.281851e+02;2.425692e-21
6.282351e+02;2.425551e-21
6.282851e+02;2.425409e-21
6.283351e+02;2.425268e-21
6.283851e+02;2.425127e-21
6.284351e+02;2.424985e-21
6.284851e+02;2.424844e-21
6.285351e+02;2.424703e-21
6.285851e+02;2.424561e-21
6.286351e+02;2.424420e-21
6.286851e+02;2.424279e-21
6.287351e+02;2.424138e-21
6.287852e+02;2.423996e-21
6.288352e+02;2.423855e-21
6.288852e+02;2.423714e-21
6.289352e+02;2.423573e-21
6.289852e+02;2.423432e-21
6.290352e+02;2.423291e-21
6.290852e+02;2.423149e-21
6.291352e+02;2.423008e-21
6.291852e+02;2.422867e-21
6.292352e+02;2.422726e-21
6.292852e+02;2.422585e-21
6.293352e+02;2.422444e-21
6.293852e+02;2.422303e-21
6.294352e+02;2.422162e-21
6.294852e+02;2.422021e-21
6.295352e+02;2.421880e-21
6.295852e+02;2.421739e-21
6.296352e+02;2.421598e-21
6.296852e+02;2.421457e-21
6.297352e+02;2.421317e-21
6.297852e+02;2.421176e-21
6.298352e+02;2.421035e-21
6.298852e+02;2.420894e-21
6.299352e+02;2.420753e-21
6.299852e+02;2.420612e-21
6.300352e+02;2.420472e-21
6.300852e+02;2.420331e-21
6.301352e+02;2.420190e-21
6.301852e+02;2.420049e-21
6.302352e+02;2.419909e-21
6.302852e+02;2.419768e-21
6.303352e+02;2.419627e-21
6.303852e+02;2.419486e-21
6.304352e+02;2.419346e-21
6.304852e+02;2.419205e-21
6.305352e+02;2.419065e-21
6.305852e+02;2.418924e-21
6.306352e+02;2.418783e-21
6.306852e+02;2.418643e-21
6.307352e+02;2.418502e-21
6.307852e+02;2.418362e-21
6.308352e+02;2.418221e-21
6.308852e+02;2.418081e-21
6.309352e+02;2.417940e-21
6.309852e+02;2.417800e-21
6.310352e+02;2.417659e-21
6.310852e+02;2.417519e-21
6.311352e+02;2.417379e-21
6.311852e+02;2.417238e-21
6.312352e+02;2.417098e-21
6.312853e+02;2.416957e-21
6.313353e+02;2.416817e-21
6.313853e+02;2.416677e-21
6.314353e+02;2.416536e-21
6.314853e+02;2.416396e-21
6.315353e+02;2.416256e-21
6.315853e+02;2.416116e-21
6.316353e+02;2.415975e-21
6.316853e+02;2.415835e-21
6.317353e+02;2.415695e-21
6.317853e+02;2.415555e-21
6.318353e+02;2.415415e-21
6.318853e+02;2.415274e-21
6.319353e+02;2.415134e-21
6.319853e+02;2.414994e-21
6.320353e+02;2.414854e-21
6.320853e+02;2.414714e-21
6.321353e+02;2.414574e-21
6.321853e+02;2.414434e-21
6.322353e+02;2.414294e-21
6.322853e+02;2.414154e-21
6.323353e+02;2.414014e-21
6.323853e+02;2.413874e-21
6.324353e+02;2.413734e-21
6.324853e+02;2.413594e-21
6.325353e+02;2.413454e-21
6.325853e+02;2.413314e-21
6.326353e+02;2.413174e-21
6.326853e+02;2.413034e-21
6.327353e+02;2.412894e-21
6.327853e+02;2.412755e-21
6.328353e+02;2.412615e-21
6.328853e+02;2.412475e-21
6.329353e+02;2.412335e-21
6.329853e+02;2.412195e-21
6.330353e+02;2.412056e-21
6.330853e+02;2.411916e-21
6.331353e+02;2.411776e-21
6.331853e+02;2.411636e-21
6.332353e+02;2.411497e-21
6.332853e+02;2.411357e-21
6.333353e+02;2.411217e-21
6.333853e+02;2.411078e-21
6.334353e+02;2.410938e-21
6.334853e+02;2.410799e-21
6.335353e+02;2.410659e-21
6.335853e+02;2.410519e-21
6.336353e+02;2.410380e-21
6.336853e+02;2.410240e-21
6.337353e+02;2.410101e-21
6.337854e+02;2.409961e-21
6.338354e+02;2.409822e-21
6.338854e+02;2.409682e-21
6.339354e+02;2.409543e-21
6.339854e+02;2.409403e-21
6.340354e+02;2.409264e-21
6.340854e+02;2.409125e-21
6.341354e+02;2.408985e-21
6.341854e+02;2.408846e-21
6.342354e+02;2.408706e-21
6.342854e+02;2.408567e-21
6.343354e+02;2.408428e-21
6.343854e+02;2.408288e-21
6.344354e+02;2.408149e-21
6.344854e+02;2.408010e-21
6.345354e+02;2.407871e-21
6.345854e+02;2.407731e-21
6.346354e+02;2.407592e-21
6.346854e+02;2.407453e-21
6.347354e+02;2.407314e-21
6.347854e+02;2.407175e-21
6.348354e+02;2.407036e-21
6.348854e+02;2.406896e-21
6.349354e+02;2.406757e-21
6.349854e+02;2.406618e-21
6.350354e+02;2.406479e-21
6.350854e+02;2.406340e-21
6.351354e+02;2.406201e-21
6.351854e+02;2.406062e-21
6.352354e+02;2.405923e-21
6.352854e+02;2.405784e-21
6.353354e+02;2.405645e-21
6.353854e+02;2.405506e-21
6.354354e+02;2.405367e-21
6.354854e+02;2.405228e-21
6.355354e+02;2.405089e-21
6.355854e+02;2.404950e-21
6.356354e+02;2.404811e-21
6.356854e+02;2.404673e-21
6.357354e+02;2.404534e-21
6.357854e+02;2.404395e-21
6.358354e+02;2.404256e-21
6.358854e+02;2.404117e-21
6.359354e+02;2.403979e-21
6.359854e+02;2.403840e-21
6.360354e+02;2.403701e-21
6.360854e+02;2.403562e-21
6.361354e+02;2.403424e-21
6.361854e+02;2.403285e-21
6.362354e+02;2.403146e-21
6.362855e+02;2.403008e-21
6.363355e+02;2.402869e-21
6.363855e+02;2.402730e-21
6.364355e+02;2.402592e-21
6.364855e+02;2.402453e-21
6.365355e+02;2.402315e-21
6.365855e+02;2.402176e-21
6.366355e+02;2.402037e-21
6.366855e+02;2.401899e-21
6.367355e+02;2.401760e-21
6.367855e+02;2.401622e-21
6.368355e+02;2.401483e-21
6.368855e+02;2.401345e-21
6.369355e+02;2.401207e-21
6.369855e+02;2.401068e-21
6.370355e+02;2.400930e-21
6.370855e+02;2.400791e-21
6.371355e+02;2.400653e-21
6.371855e+02;2.400515e-21
6.372355e+02;2.400376e-21
6.372855e+02;2.400238e-21
6.373355e+02;2.400100e-21
6.373855e+02;2.399961e-21
6.374355e+02;2.399823e-21
6.374855e+02;2.399685e-21
6.375355e+02;2.399547e-21
6.375855e+02;2.399408e-21
6.376355e+02;2.399270e-21
6.376855e+02;2.399132e-21
6.377355e+02;2.398994e-21
6.377855e+02;2.398856e-21
6.378355e+02;2.398717e-21
6.378855e+02;2.398579e-21
6.379355e+02;2.398441e-21
6.379855e+02;2.398303e-21
6.380355e+02;2.398165e-21
6.380855e+02;2.398027e-21
6.381355e+02;2.397889e-21
6.381855e+02;2.397751e-21
6.382355e+02;2.397613e-21
6.382855e+02;2.397475e-21
6.383355e+02;2.397337e-21
6.383855e+02;2.397199e-21
6.384355e+02;2.397061e-21
6.384855e+02;2.396923e-21
6.385355e+02;2.396785e-21
6.385855e+02;2.396647e-21
6.386355e+02;2.396509e-21
6.386855e+02;2.396372e-21
6.387355e+02;2.396234e-21
6.387856e+02;2.396096e-21
6.388356e+02;2.395958e-21
6.388856e+02;2.395820e-21
6.389356e+02;2.395683e-21
6.389856e+02;2.395545e-21
6.390356e+02;2.395407e-21
6.390856e+02;2.395269e-21
6.391356e+02;2.395132e-21
6.391856e+02;2.394994e-21
6.392356e+02;2.394856e-21
6.392856e+02;2.394719e-21
6.393356e+02;2.394581e-21
6.393856e+02;2.394443e-21
6.394356e+02;2.394306e-21
6.394856e+02;2.394168e-21
6.395356e+02;2.394031e-21
6.395856e+02;2.393893e-21
6.396356e+02;2.393756e-21
6.396856e+02;2.393618e-21
6.397356e+02;2.393481e-21
6.397856e+02;2.393343e-21
6.398356e+02;2.393206e-21
6.398856e+02;2.393068e-21
6.399356e+02;2.392931e-21
6.399856e+02;2.392793e-21
6.400356e+02;2.392656e-21
6.400856e+02;2.392518e-21
6.401356e+02;2.392381e-21
6.401856e+02;2.392244e-21
6.402356e+02;2.392106e-21
6.402856e+02;2.391969e-21
6.403356e+02;2.391832e-21
6.403856e+02;2.391694e-21
6.404356e+02;2.391557e-21
6.404856e+02;2.391420e-21
6.405356e+02;2.391283e-21
6.405856e+02;2.391145e-21
6.406356e+02;2.391008e-21
6.406856e+02;2.390871e-21
6.407356e+02;2.390734e-21
6.407856e+02;2.390597e-21
6.408356e+02;2.390460e-21
6.408856e+02;2.390322e-21
6.409356e+02;2.390185e-21
6.409856e+02;2.390048e-21
6.410356e+02;2.389911e-21
6.410856e+02;2.389774e-21
6.411356e+02;2.389637e-21
6.411856e+02;2.389500e-21
6.412356e+02;2.389363e-21
6.412857e+02;2.389226e-21
6.413357e+02;2.389089e-21
6.413857e+02;2.388952e-21
6.414357e+02;2.388815e-21
6.414857e+02;2.388678e-21
6.415357e+02;2.388541e-21
6.415857e+02;2.388404e-21
6.416357e+02;2.388268e-21
6.416857e+02;2.388131e-21
6.417357e+02;2.387994e-21
6.417857e+02;2.387857e-21
6.418357e+02;2.387720e-21
6.418857e+02;2.387583e-21
6.419357e+02;2.387447e-21
6.419857e+02;2.387310e-21
6.420357e+02;2.387173e-21
6.420857e+02;2.387036e-21
6.421357e+02;2.386900e-21
6.421857e+02;2.386763e-21
6.422357e+02;2.386626e-21
6.422857e+02;2.386490e-21
6.423357e+02;2.386353e-21
6.423857e+02;2.386216e-21
6.424357e+02;2.386080e-21
6.424857e+02;2.385943e-21
6.425357e+02;2.385807e-21
6.425857e+02;2.385670e-21
6.426357e+02;2.385533e-21
6.426857e+02;2.385397e-21
6.427357e+02;2.385260e-21
6.427857e+02;2.385124e-21
6.428357e+02;2.384987e-21
6.428857e+02;2.384851e-21
6.429357e+02;2.384715e-21
6.429857e+02;2.384578e-21
6.430357e+02;2.384442e-21
6.430857e+02;2.384305e-21
6.431357e+02;2.384169e-21
6.431857e+02;2.384033e-21
6.432357e+02;2.383896e-21
6.432857e+02;2.383760e-21
6.433357e+02;2.383624e-21
6.433857e+02;2.383487e-21
6.434357e+02;2.383351e-21
6.434857e+02;2.383215e-21
6.435357e+02;2.383078e-21
6.435857e+02;2.382942e-21
6.436357e+02;2.382806e-21
6.436857e+02;2.382670e-21
6.437357e+02;2.382534e-21
6.437858e+02;2.382397e-21
6.438358e+02;2.382261e-21
6.438858e+02;2.382125e-21
6.439358e+02;2.381989e-21
6.439858e+02;2.381853e-21
6.440358e+02;2.381717e-21
6.440858e+02;2.381581e-21
6.441358e+02;2.381445e-21
6.441858e+02;2.381309e-21
6.442358e+02;2.381173e-21
6.442858e+02;2.381037e-21
6.443358e+02;2.380901e-21
6.443858e+02;2.380765e-21
6.444358e+02;2.380629e-21
6.444858e+02;2.380493e-21
6.445358e+02;2.380357e-21
6.445858e+02;2.380221e-21
6.446358e+02;2.380085e-21
6.446858e+02;2.379949e-21
6.447358e+02;2.379813e-21
6.447858e+02;2.379677e-21
6.448358e+02;2.379542e-21
6.448858e+02;2.379406e-21
6.449358e+02;2.379270e-21
6.449858e+02;2.379134e-21
6.450358e+02;2.378999e-21
6.450858e+02;2.378863e-21
6.451358e+02;2.378727e-21
6.451858e+02;2.378591e-21
6.452358e+02;2.378456e-21
6.452858e+02;2.378320e-21
6.453358e+02;2.378184e-21
6.453858e+02;2.378049e-21
6.454358e+02;2.377913e-21
6.454858e+02;2.377777e-21
6.455358e+02;2.377642e-21
6.455858e+02;2.377506e-21
6.456358e+02;2.377371e-21
6.456858e+02;2.377235e-21
6.457358e+02;2.377100e-21
6.457858e+02;2.376964e-21
6.458358e+02;2.376829e-21
6.458858e+02;2.376693e-21
6.459358e+02;2.376558e-21
6.459858e+02;2.376422e-21
6.460358e+02;2.376287e-21
6.460858e+02;2.376151e-21
6.461358e+02;2.376016e-21
6.461858e+02;2.375881e-21
6.462358e+02;2.375745e-21
6.462859e+02;2.375610e-21
6.463359e+02;2.375474e-21
6.463859e+02;2.375339e-21
6.464359e+02;2.375204e-21
6.464859e+02;2.375069e-21
6.465359e+02;2.374933e-21
6.465859e+02;2.374798e-21
6.466359e+02;2.374663e-21
6.466859e+02;2.374528e-21
6.467359e+02;2.374392e-21
6.467859e+02;2.374257e-21
6.468359e+02;2.374122e-21
6.468859e+02;2.373987e-21
6.469359e+02;2.373852e-21
6.469859e+02;2.373717e-21
6.470359e+02;2.373581e-21
6.470859e+02;2.373446e-21
6.471359e+02;2.373311e-21
6.471859e+02;2.373176e-21
6.472359e+02;2.373041e-21
6.472859e+02;2.372906e-21
6.473359e+02;2.372771e-21
6.473859e+02;2.372636e-21
6.474359e+02;2.372501e-21
6.474859e+02;2.372366e-21
6.475359e+02;2.372231e-21
6.475859e+02;2.372096e-21
6.476359e+02;2.371961e-21
6.476859e+02;2.371826e-21
6.477359e+02;2.371692e-21
6.477859e+02;2.371557e-21
6.478359e+02;2.371422e-21
6.478859e+02;2.371287e-21
6.479359e+02;2.371152e-21
6.479859e+02;2.371017e-21
6.480359e+02;2.370883e-21
6.480859e+02;2.370748e-21
6.481359e+02;2.370613e-21
6.481859e+02;2.370478e-21
6.482359e+02;2.370344e-21
6.482859e+02;2.370209e-21
6.483359e+02;2.370074e-21
6.483859e+02;2.369939e-21
6.484359e+02;2.369805e-21
6.484859e+02;2.369670e-21
6.485359e+02;2.369536e-21
6.485859e+02;2.369401e-21
6.486359e+02;2.369266e-21
6.486859e+02;2.369132e-21
6.487359e+02;2.368997e-21
6.487860e+02;2.368863e-21
6.488360e+02;2.368728e-21
6.488860e+02;2.368594e-21
6.489360e+02;2.368459e-21
6.489860e+02;2.368325e-21
6.490360e+02;2.368190e-21
6.490860e+02;2.368056e-21
6.491360e+02;2.367921e-21
6.491860e+02;2.367787e-21
6.492360e+02;2.367652e-21
6.492860e+02;2.367518e-21
6.493360e+02;2.367384e-21
6.493860e+02;2.367249e-21
6.494360e+02;2.367115e-21
6.494860e+02;2.366981e-21
6.495360e+02;2.366846e-21
6.495860e+02;2.366712e-21
6.496360e+02;2.366578e-21
6.496860e+02;2.366444e-21
6.497360e+02;2.366309e-21
6.497860e+02;2.366175e-21
6.498360e+02;2.366041e-21
6.498860e+02;2.365907e-21
6.499360e+02;2.365773e-21
6.499860e+02;2.365638e-21
6.500360e+02;2.365504e-21
6.500860e+02;2.365370e-21
6.501360e+02;2.365236e-21
6.501860e+02;2.365102e-21
6.502360e+02;2.364968e-21
6.502860e+02;2.364834e-21
6.503360e+02;2.364700e-21
6.503860e+02;2.364566e-21
6.504360e+02;2.364432e-21
6.504860e+02;2.364298e-21
6.505360e+02;2.364164e-21
6.505860e+02;2.364030e-21
6.506360e+02;2.363896e-21
6.506860e+02;2.363762e-21
6.507360e+02;2.363628e-21
6.507860e+02;2.363494e-21
6.508360e+02;2.363360e-21
6.508860e+02;2.363226e-21
6.509360e+02;2.363092e-21
6.509860e+02;2.362958e-21
6.510360e+02;2.362825e-21
6.510860e+02;2.362691e-21
6.511360e+02;2.362557e-21
6.511860e+02;2.362423e-21
6.512360e+02;2.362289e-21
6.512861e+02;2.362156e-21
6.513361e+02;2.362022e-21
6.513861e+02;2.361888e-21
6.514361e+02;2.361755e-21
6.514861e+02;2.361621e-21
6.515361e+02;2.361487e-21
6.515861e+02;2.361354e-21
6.516361e+02;2.361220e-21
6.516861e+02;2.361086e-21
6.517361e+02;2.360953e-21
6.517861e+02;2.360819e-21
6.518361e+02;2.360686e-21
6.518861e+02;2.360552e-21
6.519361e+02;2.360418e-21
6.519861e+02;2.360285e-21
6.520361e+02;2.360151e-21
6.520861e+02;2.360018e-21
6.521361e+02;2.359884e-21
6.521861e+02;2.359751e-21
6.522361e+02;2.359618e-21
6.522861e+02;2.359484e-21
6.523361e+02;2.359351e-21
6.523861e+02;2.359217e-21
6.524361e+02;2.359084e-21
6.524861e+02;2.358951e-21
6.525361e+02;2.358817e-21
6.525861e+02;2.358684e-21
6.526361e+02;2.358551e-21
6.526861e+02;2.358417e-21
6.527361e+02;2.358284e-21
6.527861e+02;2.358151e-21
6.528361e+02;2.358017e-21
6.528861e+02;2.357884e-21
6.529361e+02;2.357751e-21
6.529861e+02;2.357618e-21
6.530361e+02;2.357485e-21
6.530861e+02;2.357351e-21
6.531361e+02;2.357218e-21
6.531861e+02;2.357085e-21
6.532361e+02;2.356952e-21
6.532861e+02;2.356819e-21
6.533361e+02;2.356686e-21
6.533861e+02;2.356553e-21
6.534361e+02;2.356420e-21
6.534861e+02;2.356287e-21
6.535361e+02;2.356154e-21
6.535861e+02;2.356021e-21
6.536361e+02;2.355888e-21
6.536861e+02;2.355755e-21
6.537361e+02;2.355622e-21
6.537862e+02;2.355489e-21
6.538362e+02;2.355356e-21
6.538862e+02;2.355223e-21
6.539362e+02;2.355090e-21
6.539862e+02;2.354957e-21
6.540362e+02;2.354824e-21
6.540862e+02;2.354691e-21
6.541362e+02;2.354558e-21
6.541862e+02;2.354426e-21
6.542362e+02;2.354293e-21
6.542862e+02;2.354160e-21
6.543362e+02;2.354027e-21
6.543862e+02;2.353894e-21
6.544362e+02;2.353762e-21
6.544862e+02;2.353629e-21
6.545362e+02;2.353496e-21
6.545862e+02;2.353363e-21
6.546362e+02;2.353231e-21
6.546862e+02;2.353098e-21
6.547362e+02;2.352965e-21
6.547862e+02;2.352833e-21
6.548362e+02;2.352700e-21
6.548862e+02;2.352568e-21
6.549362e+02;2.352435e-21
6.549862e+02;2.352302e-21
6.550362e+02;2.352170e-21
6.550862e+02;2.352037e-21
6.551362e+02;2.351905e-21
6.551862e+02;2.351772e-21
6.552362e+02;2.351640e-21
6.552862e+02;2.351507e-21
6.553362e+02;2.351375e-21
6.553862e+02;2.351242e-21
6.554362e+02;2.351110e-21
6.554862e+02;2.350978e-21
6.555362e+02;2.350845e-21
6.555862e+02;2.350713e-21
6.556362e+02;2.350580e-21
6.556862e+02;2.350448e-21
6.557362e+02;2.350316e-21
6.557862e+02;2.350183e-21
6.558362e+02;2.350051e-21
6.558862e+02;2.349919e-21
6.559362e+02;2.349786e-21
6.559862e+02;2.349654e-21
6.560362e+02;2.349522e-21
6.560862e+02;2.349390e-21
6.561362e+02;2.349258e-21
6.561862e+02;2.349125e-21
6.562362e+02;2.348993e-21
6.562863e+02;2.348861e-21
6.563363e+02;2.348729e-21
6.563863e+02;2.348597e-21
6.564363e+02;2.348465e-21
6.564863e+02;2.348332e-21
6.565363e+02;2.348200e-21
6.565863e+02;2.348068e-21
6.566363e+02;2.347936e-21
6.566863e+02;2.347804e-21
6.567363e+02;2.347672e-21
6.567863e+02;2.347540e-21
6.568363e+02;2.347408e-21
6.568863e+02;2.347276e-21
6.569363e+02;2.347144e-21
6.569863e+02;2.347012e-21
6.570363e+02;2.346880e-21
6.570863e+02;2.346748e-21
6.571363e+02;2.346617e-21
6.571863e+02;2.346485e-21
6.572363e+02;2.346353e-21
6.572863e+02;2.346221e-21
6.573363e+02;2.346089e-21
6.573863e+02;2.345957e-21
6.574363e+02;2.345825e-21
6.574863e+02;2.345694e-21
6.575363e+02;2.345562e-21
6.575863e+02;2.345430e-21
6.576363e+02;2.345298e-21
6.576863e+02;2.345167e-21
6.577363e+02;2.345035e-21
6.577863e+02;2.344903e-21
6.578363e+02;2.344771e-21
6.578863e+02;2.344640e-21
6.579363e+02;2.344508e-21
6.579863e+02;2.344377e-21
6.580363e+02;2.344245e-21
6.580863e+02;2.344113e-21
6.581363e+02;2.343982e-21
6.581863e+02;2.343850e-21
6.582363e+02;2.343719e-21
6.582863e+02;2.343587e-21
6.583363e+02;2.343456e-21
6.583863e+02;2.343324e-21
6.584363e+02;2.343192e-21
6.584863e+02;2.343061e-21
6.585363e+02;2.342930e-21
6.585863e+02;2.342798e-21
6.586363e+02;2.342667e-21
6.586863e+02;2.342535e-21
6.587363e+02;2.342404e-21
6.587864e+02;2.342272e-21
6.588364e+02;2.342141e-21
6.588864e+02;2.342010e-21
6.589364e+02;2.341878e-21
6.589864e+02;2.341747e-21
6.590364e+02;2.341616e-21
6.590864e+02;2.341484e-21
6.591364e+02;2.341353e-21
6.591864e+02;2.341222e-21
6.592364e+02;2.341091e-21
6.592864e+02;2.340959e-21
6.593364e+02;2.340828e-21
6.593864e+02;2.340697e-21
6.594364e+02;2.340566e-21
6.594864e+02;2.340435e-21
6.595364e+02;2.340303e-21
6.595864e+02;2.340172e-21
6.596364e+02;2.340041e-21
6.596864e+02;2.339910e-21
6.597364e+02;2.339779e-21
6.597864e+02;2.339648e-21
6.598364e+02;2.339517e-21
6.598864e+02;2.339386e-21
6.599364e+02;2.339255e-21
6.599864e+02;2.339124e-21
6.600364e+02;2.338993e-21
6.600864e+02;2.338862e-21
6.601364e+02;2.338731e-21
6.601864e+02;2.338600e-21
6.602364e+02;2.338469e-21
6.602864e+02;2.338338e-21
6.603364e+02;2.338207e-21
6.603864e+02;2.338076e-21
6.604364e+02;2.337945e-21
6.604864e+02;2.337814e-21
6.605364e+02;2.337684e-21
6.605864e+02;2.337553e-21
6.606364e+02;2.337422e-21
6.606864e+02;2.337291e-21
6.607364e+02;2.337160e-21
6.607864e+02;2.337030e-21
6.608364e+02;2.336899e-21
6.608864e+02;2.336768e-21
6.609364e+02;2.336637e-21
6.609864e+02;2.336507e-21
6.610364e+02;2.336376e-21
6.610864e+02;2.336245e-21
6.611364e+02;2.336115e-21
6.611864e+02;2.335984e-21
6.612364e+02;2.335853e-21
6.612865e+02;2.335723e-21
6.613365e+02;2.335592e-21
6.613865e+02;2.335461e-21
6.614365e+02;2.335331e-21
6.614865e+02;2.335200e-21
6.615365e+02;2.335070e-21
6.615865e+02;2.334939e-21
6.616365e+02;2.334809e-21
6.616865e+02;2.334678e-21
6.617365e+02;2.334548e-21
6.617865e+02;2.334417e-21
6.618365e+02;2.334287e-21
6.618865e+02;2.334156e-21
6.619365e+02;2.334026e-21
6.619865e+02;2.333896e-21
6.620365e+02;2.333765e-21
6.620865e+02;2.333635e-21
6.621365e+02;2.333504e-21
6.621865e+02;2.333374e-21
6.622365e+02;2.333244e-21
6.622865e+02;2.333114e-21
6.623365e+02;2.332983e-21
6.623865e+02;2.332853e-21
6.624365e+02;2.332723e-21
6.624865e+02;2.332592e-21
6.625365e+02;2.332462e-21
6.625865e+02;2.332332e-21
6.626365e+02;2.332202e-21
6.626865e+02;2.332072e-21
6.627365e+02;2.331941e-21
6.627865e+02;2.331811e-21
6.628365e+02;2.331681e-21
6.628865e+02;2.331551e-21
6.629365e+02;2.331421e-21
6.629865e+02;2.331291e-21
6.630365e+02;2.331161e-21
6.630865e+02;2.331031e-21
6.631365e+02;2.330901e-21
6.631865e+02;2.330771e-21
6.632365e+02;2.330640e-21
6.632865e+02;2.330510e-21
6.633365e+02;2.330380e-21
6.633865e+02;2.330251e-21
6.634365e+02;2.330121e-21
6.634865e+02;2.329991e-21
6.635365e+02;2.329861e-21
6.635865e+02;2.329731e-21
6.636365e+02;2.329601e-21
6.636865e+02;2.329471e-21
6.637365e+02;2.329341e-21
6.637866e+02;2.329211e-21
6.638366e+02;2.329081e-21
6.638866e+02;2.328952e-21
6.639366e+02;2.328822e-21
6.639866e+02;2.328692e-21
6.640366e+02;2.328562e-21
6.640866e+02;2.328432e-21
6.641366e+02;2.328303e-21
6.641866e+02;2.328173e-21
6.642366e+02;2.328043e-21
6.642866e+02;2.327914e-21
6.643366e+02;2.327784e-21
6.643866e+02;2.327654e-21
6.644366e+02;2.327525e-21
6.644866e+02;2.327395e-21
6.645366e+02;2.327265e-21
6.645866e+02;2.327136e-21
6.646366e+02;2.327006e-21
6.646866e+02;2.326877e-21
6.647366e+02;2.326747e-21
6.647866e+02;2.326617e-21
6.648366e+02;2.326488e-21
6.648866e+02;2.326358e-21
6.649366e+02;2.326229e-21
6.649866e+02;2.326099e-21
6.650366e+02;2.325970e-21
6.650866e+02;2.325840e-21
6.651366e+02;2.325711e-21
6.651866e+02;2.325582e-21
6.652366e+02;2.325452e-21
6.652866e+02;2.325323e-21
6.653366e+02;2.325193e-21
6.653866e+02;2.325064e-21
6.654366e+02;2.324935e-21
6.654866e+02;2.324805e-21
6.655366e+02;2.324676e-21
6.655866e+02;2.324547e-21
6.656366e+02;2.324417e-21
6.656866e+02;2.324288e-21
6.657366e+02;2.324159e-21
6.657866e+02;2.324030e-21
6.658366e+02;2.323900e-21
6.658866e+02;2.323771e-21
6.659366e+02;2.323642e-21
6.659866e+02;2.323513e-21
6.660366e+02;2.323384e-21
6.660866e+02;2.323254e-21
6.661366e+02;2.323125e-21
6.661866e+02;2.322996e-21
6.662366e+02;2.322867e-21
6.662867e+02;2.322738e-21
6.663367e+02;2.322609e-21
6.663867e+02;2.322480e-21
6.664367e+02;2.322351e-21
6.664867e+02;2.322222e-21
6.665367e+02;2.322093e-21
6.665867e+02;2.321964e-21
6.666367e+02;2.321835e-21
6.666867e+02;2.321706e-21
6.667367e+02;2.321577e-21
6.667867e+02;2.321448e-21
6.668367e+02;2.321319e-21
6.668867e+02;2.321190e-21
6.669367e+02;2.321061e-21
6.669867e+02;2.320932e-21
6.670367e+02;2.320803e-21
6.670867e+02;2.320674e-21
6.671367e+02;2.320546e-21
6.671867e+02;2.320417e-21
6.672367e+02;2.320288e-21
6.672867e+02;2.320159e-21
6.673367e+02;2.320030e-21
6.673867e+02;2.319902e-21
6.674367e+02;2.319773e-21
6.674867e+02;2.319644e-21
6.675367e+02;2.319515e-21
6.675867e+02;2.319387e-21
6.676367e+02;2.319258e-21
6.676867e+02;2.319129e-21
6.677367e+02;2.319001e-21
6.677867e+02;2.318872e-21
6.678367e+02;2.318743e-21
6.678867e+02;2.318615e-21
6.679367e+02;2.318486e-21
6.679867e+02;2.318358e-21
6.680367e+02;2.318229e-21
6.680867e+02;2.318101e-21
6.681367e+02;2.317972e-21
6.681867e+02;2.317843e-21
6.682367e+02;2.317715e-21
6.682867e+02;2.317586e-21
6.683367e+02;2.317458e-21
6.683867e+02;2.317330e-21
6.684367e+02;2.317201e-21
6.684867e+02;2.317073e-21
6.685367e+02;2.316944e-21
6.685867e+02;2.316816e-21
6.686367e+02;2.316687e-21
6.686867e+02;2.316559e-21
6.687367e+02;2.316431e-21
6.687868e+02;2.316302e-21
6.688368e+02;2.316174e-21
6.688868e+02;2.316046e-21
6.689368e+02;2.315917e-21
6.689868e+02;2.315789e-21
6.690368e+02;2.315661e-21
6.690868e+02;2.315533e-21
6.691368e+02;2.315404e-21
6.691868e+02;2.315276e-21
6.692368e+02;2.315148e-21
6.692868e+02;2.315020e-21
6.693368e+02;2.314892e-21
6.693868e+02;2.314763e-21
6.694368e+02;2.314635e-21
6.694868e+02;2.314507e-21
6.695368e+02;2.314379e-21
6.695868e+02;2.314251e-21
6.696368e+02;2.314123e-21
6.696868e+02;2.313995e-21
6.697368e+02;2.313867e-21
6.697868e+02;2.313739e-21
6.698368e+02;2.313611e-21
6.698868e+02;2.313483e-21
6.699368e+02;2.313355e-21
6.699868e+02;2.313227e-21
6.700368e+02;2.313099e-21
6.700868e+02;2.312971e-21
6.701368e+02;2.312843e-21
6.701868e+02;2.312715e-21
6.702368e+02;2.312587e-21
6.702868e+02;2.312459e-21
6.703368e+02;2.312331e-21
6.703868e+02;2.312203e-21
6.704368e+02;2.312075e-21
6.704868e+02;2.311948e-21
6.705368e+02;2.311820e-21
6.705868e+02;2.311692e-21
6.706368e+02;2.311564e-21
6.706868e+02;2.311436e-21
6.707368e+02;2.311309e-21
6.707868e+02;2.311181e-21
6.708368e+02;2.311053e-21
6.708868e+02;2.310925e-21
6.709368e+02;2.310798e-21
6.709868e+02;2.310670e-21
6.710368e+02;2.310542e-21
6.710868e+02;2.310415e-21
6.711368e+02;2.310287e-21
6.711868e+02;2.310159e-21
6.712368e+02;2.310032e-21
6.712869e+02;2.309904e-21
6.713369e+02;2.309777e-21
6.713869e+02;2.309649e-21
6.714369e+02;2.309521e-21
6.714869e+02;2.309394e-21
6.715369e+02;2.309266e-21
6.715869e+02;2.309139e-21
6.716369e+02;2.309011e-21
6.716869e+02;2.308884e-21
6.717369e+02;2.308756e-21
6.717869e+02;2.308629e-21
6.718369e+02;2.308502e-21
6.718869e+02;2.308374e-21
6.719369e+02;2.308247e-21
6.719869e+02;2.308119e-21
6.720369e+02;2.307992e-21
6.720869e+02;2.307865e-21
6.721369e+02;2.307737e-21
6.721869e+02;2.307610e-21
6.722369e+02;2.307483e-21
6.722869e+02;2.307355e-21
6.723369e+02;2.307228e-21
6.723869e+02;2.307101e-21
6.724369e+02;2.306973e-21
6.724869e+02;2.306846e-21
6.725369e+02;2.306719e-21
6.725869e+02;2.306592e-21
6.726369e+02;2.306465e-21
6.726869e+02;2.306337e-21
6.727369e+02;2.306210e-21
6.727869e+02;2.306083e-21
6.728369e+02;2.305956e-21
6.728869e+02;2.305829e-21
6.729369e+02;2.305702e-21
6.729869e+02;2.305575e-21
6.730369e+02;2.305447e-21
6.730869e+02;2.305320e-21
6.731369e+02;2.305193e-21
6.731869e+02;2.305066e-21
6.732369e+02;2.304939e-21
6.732869e+02;2.304812e-21
6.733369e+02;2.304685e-21
6.733869e+02;2.304558e-21
6.734369e+02;2.304431e-21
6.734869e+02;2.304304e-21
6.735369e+02;2.304177e-21
6.735869e+02;2.304051e-21
6.736369e+02;2.303924e-21
6.736869e+02;2.303797e-21
6.737369e+02;2.303670e-21
6.737870e+02;2.303543e-21
6.738370e+02;2.303416e-21
6.738870e+02;2.303289e-21
6.739370e+02;2.303163e-21
6.739870e+02;2.303036e-21
6.740370e+02;2.302909e-21
6.740870e+02;2.302782e-21
6.741370e+02;2.302655e-21
6.741870e+02;2.302529e-21
6.742370e+02;2.302402e-21
6.742870e+02;2.302275e-21
6.743370e+02;2.302149e-21
6.743870e+02;2.302022e-21
6.744370e+02;2.301895e-21
6.744870e+02;2.301769e-21
6.745370e+02;2.301642e-21
6.745870e+02;2.301515e-21
6.746370e+02;2.301389e-21
6.746870e+02;2.301262e-21
6.747370e+02;2.301135e-21
6.747870e+02;2.301009e-21
6.748370e+02;2.300882e-21
6.748870e+02;2.300756e-21
6.749370e+02;2.300629e-21
6.749870e+02;2.300503e-21
6.750370e+02;2.300376e-21
6.750870e+02;2.300250e-21
6.751370e+02;2.300123e-21
6.751870e+02;2.299997e-21
6.752370e+02;2.299870e-21
6.752870e+02;2.299744e-21
6.753370e+02;2.299618e-21
6.753870e+02;2.299491e-21
6.754370e+02;2.299365e-21
6.754870e+02;2.299238e-21
6.755370e+02;2.299112e-21
6.755870e+02;2.298986e-21
6.756370e+02;2.298859e-21
6.756870e+02;2.298733e-21
6.757370e+02;2.298607e-21
6.757870e+02;2.298481e-21
6.758370e+02;2.298354e-21
6.758870e+02;2.298228e-21
6.759370e+02;2.298102e-21
6.759870e+02;2.297976e-21
6.760370e+02;2.297849e-21
6.760870e+02;2.297723e-21
6.761370e+02;2.297597e-21
6.761870e+02;2.297471e-21
6.762370e+02;2.297345e-21
6.762871e+02;2.297219e-21
6.763371e+02;2.297092e-21
6.763871e+02;2.296966e-21
6.764371e+02;2.296840e-21
6.764871e+02;2.296714e-21
6.765371e+02;2.296588e-21
6.765871e+02;2.296462e-21
6.766371e+02;2.296336e-21
6.766871e+02;2.296210e-21
6.767371e+02;2.296084e-21
6.767871e+02;2.295958e-21
6.768371e+02;2.295832e-21
6.768871e+02;2.295706e-21
6.769371e+02;2.295580e-21
6.769871e+02;2.295454e-21
6.770371e+02;2.295328e-21
6.770871e+02;2.295203e-21
6.771371e+02;2.295077e-21
6.771871e+02;2.294951e-21
6.772371e+02;2.294825e-21
6.772871e+02;2.294699e-21
6.773371e+02;2.294573e-21
6.773871e+02;2.294447e-21
6.774371e+02;2.294322e-21
6.774871e+02;2.294196e-21
6.775371e+02;2.294070e-21
6.775871e+02;2.293944e-21
6.776371e+02;2.293819e-21
6.776871e+02;2.293693e-21
6.777371e+02;2.293567e-21
6.777871e+02;2.293441e-21
6.778371e+02;2.293316e-21
6.778871e+02;2.293190e-21
6.779371e+02;2.293064e-21
6.779871e+02;2.292939e-21
6.780371e+02;2.292813e-21
6.780871e+02;2.292688e-21
6.781371e+02;2.292562e-21
6.781871e+02;2.292436e-21
6.782371e+02;2.292311e-21
6.782871e+02;2.292185e-21
6.783371e+02;2.292060e-21
6.783871e+02;2.291934e-21
6.784371e+02;2.291809e-21
6.784871e+02;2.291683e-21
6.785371e+02;2.291558e-21
6.785871e+02;2.291432e-21
6.786371e+02;2.291307e-21
6.786871e+02;2.291181e-21
6.787371e+02;2.291056e-21
6.787872e+02;2.290931e-21
6.788372e+02;2.290805e-21
6.788872e+02;2.290680e-21
6.789372e+02;2.290554e-21
6.789872e+02;2.290429e-21
6.790372e+02;2.290304e-21
6.790872e+02;2.290178e-21
6.791372e+02;2.290053e-21
6.791872e+02;2.289928e-21
6.792372e+02;2.289803e-21
6.792872e+02;2.289677e-21
6.793372e+02;2.289552e-21
6.793872e+02;2.289427e-21
6.794372e+02;2.289302e-21
6.794872e+02;2.289176e-21
6.795372e+02;2.289051e-21
6.795872e+02;2.288926e-21
6.796372e+02;2.288801e-21
6.796872e+02;2.288676e-21
6.797372e+02;2.288551e-21
6.797872e+02;2.288426e-21
6.798372e+02;2.288300e-21
6.798872e+02;2.288175e-21
6.799372e+02;2.288050e-21
6.799872e+02;2.287925e-21
6.800372e+02;2.287800e-21
6.800872e+02;2.287675e-21
6.801372e+02;2.287550e-21
6.801872e+02;2.287425e-21
6.802372e+02;2.287300e-21
6.802872e+02;2.287175e-21
6.803372e+02;2.287050e-21
6.803872e+02;2.286925e-21
6.804372e+02;2.286800e-21
6.804872e+02;2.286675e-21
6.805372e+02;2.286551e-21
6.805872e+02;2.286426e-21
6.806372e+02;2.286301e-21
6.806872e+02;2.286176e-21
6.807372e+02;2.286051e-21
6.807872e+02;2.285926e-21
6.808372e+02;2.285801e-21
6.808872e+02;2.285677e-21
6.809372e+02;2.285552e-21
6.809872e+02;2.285427e-21
6.810372e+02;2.285302e-21
6.810872e+02;2.285178e-21
6.811372e+02;2.285053e-21
6.811872e+02;2.284928e-21
6.812372e+02;2.284803e-21
6.812873e+02;2.284679e-21
6.813373e+02;2.284554e-21
6.813873e+02;2.284429e-21
6.814373e+02;2.284305e-21
6.814873e+02;2.284180e-21
6.815373e+02;2.284055e-21
6.815873e+02;2.283931e-21
6.816373e+02;2.283806e-21
6.816873e+02;2.283682e-21
6.817373e+02;2.283557e-21
6.817873e+02;2.283433e-21
6.818373e+02;2.283308e-21
6.818873e+02;2.283184e-21
6.819373e+02;2.283059e-21
6.819873e+02;2.282935e-21
6.820373e+02;2.282810e-21
6.820873e+02;2.282686e-21
6.821373e+02;2.282561e-21
6.821873e+02;2.282437e-21
6.822373e+02;2.282312e-21
6.822873e+02;2.282188e-21
6.823373e+02;2.282064e-21
6.823873e+02;2.281939e-21
6.824373e+02;2.281815e-21
6.824873e+02;2.281691e-21
6.825373e+02;2.281566e-21
6.825873e+02;2.281442e-21
6.826373e+02;2.281318e-21
6.826873e+02;2.281193e-21
6.827373e+02;2.281069e-21
6.827873e+02;2.280945e-21
6.828373e+02;2.280821e-21
6.828873e+02;2.280696e-21
6.829373e+02;2.280572e-21
6.829873e+02;2.280448e-21
6.830373e+02;2.280324e-21
6.830873e+02;2.280200e-21
6.831373e+02;2.280075e-21
6.831873e+02;2.279951e-21
6.832373e+02;2.279827e-21
6.832873e+02;2.279703e-21
6.833373e+02;2.279579e-21
6.833873e+02;2.279455e-21
6.834373e+02;2.279331e-21
6.834873e+02;2.279207e-21
6.835373e+02;2.279083e-21
6.835873e+02;2.278959e-21
6.836373e+02;2.278835e-21
6.836873e+02;2.278711e-21
6.837373e+02;2.278587e-21
6.837874e+02;2.278463e-21
6.838374e+02;2.278339e-21
6.838874e+02;2.278215e-21
6.839374e+02;2.278091e-21
6.839874e+02;2.277967e-21
6.840374e+02;2.277843e-21
6.840874e+02;2.277719e-21
6.841374e+02;2.277595e-21
6.841874e+02;2.277471e-21
6.842374e+02;2.277347e-21
6.842874e+02;2.277224e-21
6.843374e+02;2.277100e-21
6.843874e+02;2.276976e-21
6.844374e+02;2.276852e-21
6.844874e+02;2.276728e-21
6.845374e+02;2.276605e-21
6.845874e+02;2.276481e-21
6.846374e+02;2.276357e-21
6.846874e+02;2.276233e-21
6.847374e+02;2.276110e-21
6.847874e+02;2.275986e-21
6.848374e+02;2.275862e-21
6.848874e+02;2.275739e-21
6.849374e+02;2.275615e-21
6.849874e+02;2.275491e-21
6.850374e+02;2.275368e-21
6.850874e+02;2.275244e-21
6.851374e+02;2.275121e-21
6.851874e+02;2.274997e-21
6.852374e+02;2.274873e-21
6.852874e+02;2.274750e-21
6.853374e+02;2.274626e-21
6.853874e+02;2.274503e-21
6.854374e+02;2.274379e-21
6.854874e+02;2.274256e-21
6.855374e+02;2.274132e-21
6.855874e+02;2.274009e-21
6.856374e+02;2.273885e-21
6.856874e+02;2.273762e-21
6.857374e+02;2.273639e-21
6.857874e+02;2.273515e-21
6.858374e+02;2.273392e-21
6.858874e+02;2.273268e-21
6.859374e+02;2.273145e-21
6.859874e+02;2.273022e-21
6.860374e+02;2.272898e-21
6.860874e+02;2.272775e-21
6.861374e+02;2.272652e-21
6.861874e+02;2.272528e-21
6.862374e+02;2.272405e-21
6.862875e+02;2.272282e-21
6.863375e+02;2.272159e-21
6.863875e+02;2.272035e-21
6.864375e+02;2.271912e-21
6.864875e+02;2.271789e-21
6.865375e+02;2.271666e-21
6.865875e+02;2.271543e-21
6.866375e+02;2.271419e-21
6.866875e+02;2.271296e-21
6.867375e+02;2.271173e-21
6.867875e+02;2.271050e-21
6.868375e+02;2.270927e-21
6.868875e+02;2.270804e-21
6.869375e+02;2.270681e-21
6.869875e+02;2.270558e-21
6.870375e+02;2.270435e-21
6.870875e+02;2.270312e-21
6.871375e+02;2.270188e-21
6.871875e+02;2.270065e-21
6.872375e+02;2.269942e-21
6.872875e+02;2.269819e-21
6.873375e+02;2.269697e-21
6.873875e+02;2.269574e-21
6.874375e+02;2.269451e-21
6.874875e+02;2.269328e-21
6.875375e+02;2.269205e-21
6.875875e+02;2.269082e-21
6.876375e+02;2.268959e-21
6.876875e+02;2.268836e-21
6.877375e+02;2.268713e-21
6.877875e+02;2.268590e-21
6.878375e+02;2.268468e-21
6.878875e+02;2.268345e-21
6.879375e+02;2.268222e-21
6.879875e+02;2.268099e-21
6.880375e+02;2.267976e-21
6.880875e+02;2.267854e-21
6.881375e+02;2.267731e-21
6.881875e+02;2.267608e-21
6.882375e+02;2.267485e-21
6.882875e+02;2.267363e-21
6.883375e+02;2.267240e-21
6.883875e+02;2.267117e-21
6.884375e+02;2.266995e-21
6.884875e+02;2.266872e-21
6.885375e+02;2.266749e-21
6.885875e+02;2.266627e-21
6.886375e+02;2.266504e-21
6.886875e+02;2.266382e-21
6.887375e+02;2.266259e-21
6.887876e+02;2.266136e-21
6.888376e+02;2.266014e-21
6.888876e+02;2.265891e-21
6.889376e+02;2.265769e-21
6.889876e+02;2.265646e-21
6.890376e+02;2.265524e-21
6.890876e+02;2.265401e-21
6.891376e+02;2.265279e-21
6.891876e+02;2.265156e-21
6.892376e+02;2.265034e-21
6.892876e+02;2.264911e-21
6.893376e+02;2.264789e-21
6.893876e+02;2.264667e-21
6.894376e+02;2.264544e-21
6.894876e+02;2.264422e-21
6.895376e+02;2.264300e-21
6.895876e+02;2.264177e-21
6.896376e+02;2.264055e-21
6.896876e+02;2.263933e-21
6.897376e+02;2.263810e-21
6.897876e+02;2.263688e-21
6.898376e+02;2.263566e-21
6.898876e+02;2.263443e-21
6.899376e+02;2.263321e-21
6.899876e+02;2.263199e-21
6.900376e+02;2.263077e-21
6.900876e+02;2.262955e-21
6.901376e+02;2.262832e-21
6.901876e+02;2.262710e-21
6.902376e+02;2.262588e-21
6.902876e+02;2.262466e-21
6.903376e+02;2.262344e-21
6.903876e+02;2.262222e-21
6.904376e+02;2.262099e-21
6.904876e+02;2.261977e-21
6.905376e+02;2.261855e-21
6.905876e+02;2.261733e-21
6.906376e+02;2.261611e-21
6.906876e+02;2.261489e-21
6.907376e+02;2.261367e-21
6.907876e+02;2.261245e-21
6.908376e+02;2.261123e-21
6.908876e+02;2.261001e-21
6.909376e+02;2.260879e-21
6.909876e+02;2.260757e-21
6.910376e+02;2.260635e-21
6.910876e+02;2.260513e-21
6.911376e+02;2.260391e-21
6.911876e+02;2.260269e-21
6.912376e+02;2.260148e-21
6.912877e+02;2.260026e-21
6.913377e+02;2.259904e-21
6.913877e+02;2.259782e-21
6.914377e+02;2.259660e-21
6.914877e+02;2.259538e-21
6.915377e+02;2.259417e-21
6.915877e+02;2.259295e-21
6.916377e+02;2.259173e-21
6.916877e+02;2.259051e-21
6.917377e+02;2.258929e-21
6.917877e+02;2.258808e-21
6.918377e+02;2.258686e-21
6.918877e+02;2.258564e-21
6.919377e+02;2.258443e-21
6.919877e+02;2.258321e-21
6.920377e+02;2.258199e-21
6.920877e+02;2.258078e-21
6.921377e+02;2.257956e-21
6.921877e+02;2.257834e-21
6.922377e+02;2.257713e-21
6.922877e+02;2.257591e-21
6.923377e+02;2.257470e-21
6.923877e+02;2.257348e-21
6.924377e+02;2.257226e-21
6.924877e+02;2.257105e-21
6.925377e+02;2.256983e-21
6.925877e+02;2.256862e-21
6.926377e+02;2.256740e-21
6.926877e+02;2.256619e-21
6.927377e+02;2.256497e-21
6.927877e+02;2.256376e-21
6.928377e+02;2.256254e-21
6.928877e+02;2.256133e-21
6.929377e+02;2.256012e-21
6.929877e+02;2.255890e-21
6.930377e+02;2.255769e-21
6.930877e+02;2.255647e-21
6.931377e+02;2.255526e-21
6.931877e+02;2.255405e-21
6.932377e+02;2.255283e-21
6.932877e+02;2.255162e-21
6.933377e+02;2.255041e-21
6.933877e+02;2.254919e-21
6.934377e+02;2.254798e-21
6.934877e+02;2.254677e-21
6.935377e+02;2.254556e-21
6.935877e+02;2.254434e-21
6.936377e+02;2.254313e-21
6.936877e+02;2.254192e-21
6.937377e+02;2.254071e-21
6.937878e+02;2.253950e-21
6.938378e+02;2.253828e-21
6.938878e+02;2.253707e-21
6.939378e+02;2.253586e-21
6.939878e+02;2.253465e-21
6.940378e+02;2.253344e-21
6.940878e+02;2.253223e-21
6.941378e+02;2.253102e-21
6.941878e+02;2.252981e-21
6.942378e+02;2.252860e-21
6.942878e+02;2.252739e-21
6.943378e+02;2.252617e-21
6.943878e+02;2.252496e-21
6.944378e+02;2.252375e-21
6.944878e+02;2.252254e-21
6.945378e+02;2.252133e-21
6.945878e+02;2.252012e-21
6.946378e+02;2.251892e-21
6.946878e+02;2.251771e-21
6.947378e+02;2.251650e-21
6.947878e+02;2.251529e-21
6.948378e+02;2.251408e-21
6.948878e+02;2.251287e-21
6.949378e+02;2.251166e-21
6.949878e+02;2.251045e-21
6.950378e+02;2.250924e-21
6.950878e+02;2.250804e-21
6.951378e+02;2.250683e-21
6.951878e+02;2.250562e-21
6.952378e+02;2.250441e-21
6.952878e+02;2.250320e-21
6.953378e+02;2.250200e-21
6.953878e+02;2.250079e-21
6.954378e+02;2.249958e-21
6.954878e+02;2.249837e-21
6.955378e+02;2.249717e-21
6.955878e+02;2.249596e-21
6.956378e+02;2.249475e-21
6.956878e+02;2.249355e-21
6.957378e+02;2.249234e-21
6.957878e+02;2.249113e-21
6.958378e+02;2.248993e-21
6.958878e+02;2.248872e-21
6.959378e+02;2.248752e-21
6.959878e+02;2.248631e-21
6.960378e+02;2.248510e-21
6.960878e+02;2.248390e-21
6.961378e+02;2.248269e-21
6.961878e+02;2.248149e-21
6.962378e+02;2.248028e-21
6.962879e+02;2.247908e-21
6.963379e+02;2.247787e-21
6.963879e+02;2.247667e-21
6.964379e+02;2.247546e-21
6.964879e+02;2.247426e-21
6.965379e+02;2.247305e-21
6.965879e+02;2.247185e-21
6.966379e+02;2.247065e-21
6.966879e+02;2.246944e-21
6.967379e+02;2.246824e-21
6.967879e+02;2.246703e-21
6.968379e+02;2.246583e-21
6.968879e+02;2.246463e-21
6.969379e+02;2.246342e-21
6.969879e+02;2.246222e-21
6.970379e+02;2.246102e-21
6.970879e+02;2.245982e-21
6.971379e+02;2.245861e-21
6.971879e+02;2.245741e-21
6.972379e+02;2.245621e-21
6.972879e+02;2.245501e-21
6.973379e+02;2.245380e-21
6.973879e+02;2.245260e-21
6.974379e+02;2.245140e-21
6.974879e+02;2.245020e-21
6.975379e+02;2.244900e-21
6.975879e+02;2.244779e-21
6.976379e+02;2.244659e-21
6.976879e+02;2.244539e-21
6.977379e+02;2.244419e-21
6.977879e+02;2.244299e-21
6.978379e+02;2.244179e-21
6.978879e+02;2.244059e-21
6.979379e+02;2.243939e-21
6.979879e+02;2.243819e-21
6.980379e+02;2.243699e-21
6.980879e+02;2.243579e-21
6.981379e+02;2.243459e-21
6.981879e+02;2.243339e-21
6.982379e+02;2.243219e-21
6.982879e+02;2.243099e-21
6.983379e+02;2.242979e-21
6.983879e+02;2.242859e-21
6.984379e+02;2.242739e-21
6.984879e+02;2.242619e-21
6.985379e+02;2.242499e-21
6.985879e+02;2.242379e-21
6.986379e+02;2.242259e-21
6.986879e+02;2.242140e-21
6.987379e+02;2.242020e-21
6.987880e+02;2.241900e-21
6.988380e+02;2.241780e-21
6.988880e+02;2.241660e-21
6.989380e+02;2.241540e-21
6.989880e+02;2.241421e-21
6.990380e+02;2.241301e-21
6.990880e+02;2.241181e-21
6.991380e+02;2.241061e-21
6.991880e+02;2.240942e-21
6.992380e+02;2.240822e-21
6.992880e+02;2.240702e-21
6.993380e+02;2.240583e-21
6.993880e+02;2.240463e-21
6.994380e+02;2.240343e-21
6.994880e+02;2.240224e-21
6.995380e+02;2.240104e-21
6.995880e+02;2.239984e-21
6.996380e+02;2.239865e-21
6.996880e+02;2.239745e-21
6.997380e+02;2.239626e-21
6.997880e+02;2.239506e-21
6.998380e+02;2.239387e-21
6.998880e+02;2.239267e-21
6.999380e+02;2.239148e-21
6.999880e+02;2.239028e-21
7.000380e+02;2.238909e-21
7.000880e+02;2.238789e-21
7.001380e+02;2.238670e-21
7.001880e+02;2.238550e-21
7.002380e+02;2.238431e-21
7.002880e+02;2.238311e-21
7.003380e+02;2.238192e-21
7.003880e+02;2.238072e-21
7.004380e+02;2.237953e-21
7.004880e+02;2.237834e-21
7.005380e+02;2.237714e-21
7.005880e+02;2.237595e-21
7.006380e+02;2.237476e-21
7.006880e+02;2.237356e-21
7.007380e+02;2.237237e-21
7.007880e+02;2.237118e-21
7.008380e+02;2.236998e-21
7.008880e+02;2.236879e-21
7.009380e+02;2.236760e-21
7.009880e+02;2.236641e-21
7.010380e+02;2.236522e-21
7.010880e+02;2.236402e-21
7.011380e+02;2.236283e-21
7.011880e+02;2.236164e-21
7.012380e+02;2.236045e-21
7.012881e+02;2.235926e-21
7.013381e+02;2.235806e-21
7.013881e+02;2.235687e-21
7.014381e+02;2.235568e-21
7.014881e+02;2.235449e-21
7.015381e+02;2.235330e-21
7.015881e+02;2.235211e-21
7.016381e+02;2.235092e-21
7.016881e+02;2.234973e-21
7.017381e+02;2.234854e-21
7.017881e+02;2.234735e-21
7.018381e+02;2.234616e-21
7.018881e+02;2.234497e-21
7.019381e+02;2.234378e-21
7.019881e+02;2.234259e-21
7.020381e+02;2.234140e-21
7.020881e+02;2.234021e-21
7.021381e+02;2.233902e-21
7.021881e+02;2.233783e-21
7.022381e+02;2.233664e-21
7.022881e+02;2.233545e-21
7.023381e+02;2.233426e-21
7.023881e+02;2.233308e-21
7.024381e+02;2.233189e-21
7.024881e+02;2.233070e-21
7.025381e+02;2.232951e-21
7.025881e+02;2.232832e-21
7.026381e+02;2.232713e-21
7.026881e+02;2.232595e-21
7.027381e+02;2.232476e-21
7.027881e+02;2.232357e-21
7.028381e+02;2.232238e-21
7.028881e+02;2.232120e-21
7.029381e+02;2.232001e-21
7.029881e+02;2.231882e-21
7.030381e+02;2.231764e-21
7.030881e+02;2.231645e-21
7.031381e+02;2.231526e-21
7.031881e+02;2.231408e-21
7.032381e+02;2.231289e-21
7.032881e+02;2.231170e-21
7.033381e+02;2.231052e-21
7.033881e+02;2.230933e-21
7.034381e+02;2.230814e-21
7.034881e+02;2.230696e-21
7.035381e+02;2.230577e-21
7.035881e+02;2.230459e-21
7.036381e+02;2.230340e-21
7.036881e+02;2.230222e-21
7.037381e+02;2.230103e-21
7.037882e+02;2.229985e-21
7.038382e+02;2.229866e-21
7.038882e+02;2.229748e-21
7.039382e+02;2.229629e-21
7.039882e+02;2.229511e-21
7.040382e+02;2.229392e-21
7.040882e+02;2.229274e-21
7.041382e+02;2.229156e-21
7.041882e+02;2.229037e-21
7.042382e+02;2.228919e-21
7.042882e+02;2.228801e-21
7.043382e+02;2.228682e-21
7.043882e+02;2.228564e-21
7.044382e+02;2.228446e-21
7.044882e+02;2.228327e-21
7.045382e+02;2.228209e-21
7.045882e+02;2.228091e-21
7.046382e+02;2.227972e-21
7.046882e+02;2.227854e-21
7.047382e+02;2.227736e-21
7.047882e+02;2.227618e-21
7.048382e+02;2.227499e-21
7.048882e+02;2.227381e-21
7.049382e+02;2.227263e-21
7.049882e+02;2.227145e-21
7.050382e+02;2.227027e-21
7.050882e+02;2.226909e-21
7.051382e+02;2.226790e-21
7.051882e+02;2.226672e-21
7.052382e+02;2.226554e-21
7.052882e+02;2.226436e-21
7.053382e+02;2.226318e-21
7.053882e+02;2.226200e-21
7.054382e+02;2.226082e-21
7.054882e+02;2.225964e-21
7.055382e+02;2.225846e-21
7.055882e+02;2.225728e-21
7.056382e+02;2.225610e-21
7.056882e+02;2.225492e-21
7.057382e+02;2.225374e-21
7.057882e+02;2.225256e-21
7.058382e+02;2.225138e-21
7.058882e+02;2.225020e-21
7.059382e+02;2.224902e-21
7.059882e+02;2.224784e-21
7.060382e+02;2.224666e-21
7.060882e+02;2.224548e-21
7.061382e+02;2.224431e-21
7.061882e+02;2.224313e-21
7.062382e+02;2.224195e-21
7.062883e+02;2.224077e-21
7.063383e+02;2.223959e-21
7.063883e+02;2.223841e-21
7.064383e+02;2.223724e-21
7.064883e+02;2.223606e-21
7.065383e+02;2.223488e-21
7.065883e+02;2.223370e-21
7.066383e+02;2.223253e-21
7.066883e+02;2.223135e-21
7.067383e+02;2.223017e-21
7.067883e+02;2.222899e-21
7.068383e+02;2.222782e-21
7.068883e+02;2.222664e-21
7.069383e+02;2.222546e-21
7.069883e+02;2.222429e-21
7.070383e+02;2.222311e-21
7.070883e+02;2.222193e-21
7.071383e+02;2.222076e-21
7.071883e+02;2.221958e-21
7.072383e+02;2.221841e-21
7.072883e+02;2.221723e-21
7.073383e+02;2.221606e-21
7.073883e+02;2.221488e-21
7.074383e+02;2.221370e-21
7.074883e+02;2.221253e-21
7.075383e+02;2.221135e-21
7.075883e+02;2.221018e-21
7.076383e+02;2.220900e-21
7.076883e+02;2.220783e-21
7.077383e+02;2.220666e-21
7.077883e+02;2.220548e-21
7.078383e+02;2.220431e-21
7.078883e+02;2.220313e-21
7.079383e+02;2.220196e-21
7.079883e+02;2.220078e-21
7.080383e+02;2.219961e-21
7.080883e+02;2.219844e-21
7.081383e+02;2.219726e-21
7.081883e+02;2.219609e-21
7.082383e+02;2.219492e-21
7.082883e+02;2.219374e-21
7.083383e+02;2.219257e-21
7.083883e+02;2.219140e-21
7.084383e+02;2.219023e-21
7.084883e+02;2.218905e-21
7.085383e+02;2.218788e-21
7.085883e+02;2.218671e-21
7.086383e+02;2.218554e-21
7.086883e+02;2.218436e-21
7.087383e+02;2.218319e-21
7.087884e+02;2.218202e-21
7.088384e+02;2.218085e-21
7.088884e+02;2.217968e-21
7.089384e+02;2.217851e-21
7.089884e+02;2.217733e-21
7.090384e+02;2.217616e-21
7.090884e+02;2.217499e-21
7.091384e+02;2.217382e-21
7.091884e+02;2.217265e-21
7.092384e+02;2.217148e-21
7.092884e+02;2.217031e-21
7.093384e+02;2.216914e-21
7.093884e+02;2.216797e-21
7.094384e+02;2.216680e-21
7.094884e+02;2.216563e-21
7.095384e+02;2.216446e-21
7.095884e+02;2.216329e-21
7.096384e+02;2.216212e-21
7.096884e+02;2.216095e-21
7.097384e+02;2.215978e-21
7.097884e+02;2.215861e-21
7.098384e+02;2.215744e-21
7.098884e+02;2.215627e-21
7.099384e+02;2.215511e-21
7.099884e+02;2.215394e-21
7.100384e+02;2.215277e-21
7.100884e+02;2.215160e-21
7.101384e+02;2.215043e-21
7.101884e+02;2.214926e-21
7.102384e+02;2.214810e-21
7.102884e+02;2.214693e-21
7.103384e+02;2.214576e-21
7.103884e+02;2.214459e-21
7.104384e+02;2.214342e-21
7.104884e+02;2.214226e-21
7.105384e+02;2.214109e-21
7.105884e+02;2.213992e-21
7.106384e+02;2.213876e-21
7.106884e+02;2.213759e-21
7.107384e+02;2.213642e-21
7.107884e+02;2.213526e-21
7.108384e+02;2.213409e-21
7.108884e+02;2.213292e-21
7.109384e+02;2.213176e-21
7.109884e+02;2.213059e-21
7.110384e+02;2.212942e-21
7.110884e+02;2.212826e-21
7.111384e+02;2.212709e-21
7.111884e+02;2.212593e-21
7.112384e+02;2.212476e-21
7.112885e+02;2.212360e-21
7.113385e+02;2.212243e-21
7.113885e+02;2.212127e-21
7.114385e+02;2.212010e-21
7.114885e+02;2.211894e-21
7.115385e+02;2.211777e-21
7.115885e+02;2.211661e-21
7.116385e+02;2.211544e-21
7.116885e+02;2.211428e-21
7.117385e+02;2.211311e-21
7.117885e+02;2.211195e-21
7.118385e+02;2.211079e-21
7.118885e+02;2.210962e-21
7.119385e+02;2.210846e-21
7.119885e+02;2.210730e-21
7.120385e+02;2.210613e-21
7.120885e+02;2.210497e-21
7.121385e+02;2.210381e-21
7.121885e+02;2.210264e-21
7.122385e+02;2.210148e-21
7.122885e+02;2.210032e-21
7.123385e+02;2.209915e-21
7.123885e+02;2.209799e-21
7.124385e+02;2.209683e-21
7.124885e+02;2.209567e-21
7.125385e+02;2.209451e-21
7.125885e+02;2.209334e-21
7.126385e+02;2.209218e-21
7.126885e+02;2.209102e-21
7.127385e+02;2.208986e-21
7.127885e+02;2.208870e-21
7.128385e+02;2.208754e-21
7.128885e+02;2.208637e-21
7.129385e+02;2.208521e-21
7.129885e+02;2.208405e-21
7.130385e+02;2.208289e-21
7.130885e+02;2.208173e-21
7.131385e+02;2.208057e-21
7.131885e+02;2.207941e-21
7.132385e+02;2.207825e-21
7.132885e+02;2.207709e-21
7.133385e+02;2.207593e-21
7.133885e+02;2.207477e-21
7.134385e+02;2.207361e-21
7.134885e+02;2.207245e-21
7.135385e+02;2.207129e-21
7.135885e+02;2.207013e-21
7.136385e+02;2.206897e-21
7.136885e+02;2.206781e-21
7.137385e+02;2.206665e-21
7.137886e+02;2.206549e-21
7.138386e+02;2.206434e-21
7.138886e+02;2.206318e-21
7.139386e+02;2.206202e-21
7.139886e+02;2.206086e-21
7.140386e+02;2.205970e-21
7.140886e+02;2.205854e-21
7.141386e+02;2.205739e-21
7.141886e+02;2.205623e-21
7.142386e+02;2.205507e-21
7.142886e+02;2.205391e-21
7.143386e+02;2.205276e-21
7.143886e+02;2.205160e-21
7.144386e+02;2.205044e-21
7.144886e+02;2.204928e-21
7.145386e+02;2.204813e-21
7.145886e+02;2.204697e-21
7.146386e+02;2.204581e-21
7.146886e+02;2.204466e-21
7.147386e+02;2.204350e-21
7.147886e+02;2.204234e-21
7.148386e+02;2.204119e-21
7.148886e+02;2.204003e-21
7.149386e+02;2.203888e-21
7.149886e+02;2.203772e-21
7.150386e+02;2.203656e-21
7.150886e+02;2.203541e-21
7.151386e+02;2.203425e-21
7.151886e+02;2.203310e-21
7.152386e+02;2.203194e-21
7.152886e+02;2.203079e-21
7.153386e+02;2.202963e-21
7.153886e+02;2.202848e-21
7.154386e+02;2.202732e-21
7.154886e+02;2.202617e-21
7.155386e+02;2.202501e-21
7.155886e+02;2.202386e-21
7.156386e+02;2.202271e-21
7.156886e+02;2.202155e-21
7.157386e+02;2.202040e-21
7.157886e+02;2.201924e-21
7.158386e+02;2.201809e-21
7.158886e+02;2.201694e-21
7.159386e+02;2.201578e-21
7.159886e+02;2.201463e-21
7.160386e+02;2.201348e-21
7.160886e+02;2.201232e-21
7.161386e+02;2.201117e-21
7.161886e+02;2.201002e-21
7.162386e+02;2.200887e-21
7.162887e+02;2.200771e-21
7.163387e+02;2.200656e-21
7.163887e+02;2.200541e-21
7.164387e+02;2.200426e-21
7.164887e+02;2.200310e-21
7.165387e+02;2.200195e-21
7.165887e+02;2.200080e-21
7.166387e+02;2.199965e-21
7.166887e+02;2.199850e-21
7.167387e+02;2.199735e-21
7.167887e+02;2.199620e-21
7.168387e+02;2.199504e-21
7.168887e+02;2.199389e-21
7.169387e+02;2.199274e-21
7.169887e+02;2.199159e-21
7.170387e+02;2.199044e-21
7.170887e+02;2.198929e-21
7.171387e+02;2.198814e-21
7.171887e+02;2.198699e-21
7.172387e+02;2.198584e-21
7.172887e+02;2.198469e-21
7.173387e+02;2.198354e-21
7.173887e+02;2.198239e-21
7.174387e+02;2.198124e-21
7.174887e+02;2.198009e-21
7.175387e+02;2.197894e-21
7.175887e+02;2.197779e-21
7.176387e+02;2.197664e-21
7.176887e+02;2.197549e-21
7.177387e+02;2.197435e-21
7.177887e+02;2.197320e-21
7.178387e+02;2.197205e-21
7.178887e+02;2.197090e-21
7.179387e+02;2.196975e-21
7.179887e+02;2.196860e-21
7.180387e+02;2.196746e-21
7.180887e+02;2.196631e-21
7.181387e+02;2.196516e-21
7.181887e+02;2.196401e-21
7.182387e+02;2.196286e-21
7.182887e+02;2.196172e-21
7.183387e+02;2.196057e-21
7.183887e+02;2.195942e-21
7.184387e+02;2.195828e-21
7.184887e+02;2.195713e-21
7.185387e+02;2.195598e-21
7.185887e+02;2.195483e-21
7.186387e+02;2.195369e-21
7.186887e+02;2.195254e-21
7.187387e+02;2.195140e-21
7.187888e+02;2.195025e-21
7.188388e+02;2.194910e-21
7.188888e+02;2.194796e-21
7.189388e+02;2.194681e-21
7.189888e+02;2.194567e-21
7.190388e+02;2.194452e-21
7.190888e+02;2.194337e-21
7.191388e+02;2.194223e-21
7.191888e+02;2.194108e-21
7.192388e+02;2.193994e-21
7.192888e+02;2.193879e-21
7.193388e+02;2.193765e-21
7.193888e+02;2.193650e-21
7.194388e+02;2.193536e-21
7.194888e+02;2.193422e-21
7.195388e+02;2.193307e-21
7.195888e+02;2.193193e-21
7.196388e+02;2.193078e-21
7.196888e+02;2.192964e-21
7.197388e+02;2.192850e-21
7.197888e+02;2.192735e-21
7.198388e+02;2.192621e-21
7.198888e+02;2.192506e-21
7.199388e+02;2.192392e-21
7.199888e+02;2.192278e-21
7.200388e+02;2.192164e-21
7.200888e+02;2.192049e-21
7.201388e+02;2.191935e-21
7.201888e+02;2.191821e-21
7.202388e+02;2.191706e-21
7.202888e+02;2.191592e-21
7.203388e+02;2.191478e-21
7.203888e+02;2.191364e-21
7.204388e+02;2.191250e-21
7.204888e+02;2.191135e-21
7.205388e+02;2.191021e-21
7.205888e+02;2.190907e-21
7.206388e+02;2.190793e-21
7.206888e+02;2.190679e-21
7.207388e+02;2.190565e-21
7.207888e+02;2.190450e-21
7.208388e+02;2.190336e-21
7.208888e+02;2.190222e-21
7.209388e+02;2.190108e-21
7.209888e+02;2.189994e-21
7.210388e+02;2.189880e-21
7.210888e+02;2.189766e-21
7.211388e+02;2.189652e-21
7.211888e+02;2.189538e-21
7.212388e+02;2.189424e-21
7.212889e+02;2.189310e-21
7.213389e+02;2.189196e-21
7.213889e+02;2.189082e-21
7.214389e+02;2.188968e-21
7.214889e+02;2.188854e-21
7.215389e+02;2.188740e-21
7.215889e+02;2.188626e-21
7.216389e+02;2.188512e-21
7.216889e+02;2.188398e-21
7.217389e+02;2.188285e-21
7.217889e+02;2.188171e-21
7.218389e+02;2.188057e-21
7.218889e+02;2.187943e-21
7.219389e+02;2.187829e-21
7.219889e+02;2.187715e-21
7.220389e+02;2.187602e-21
7.220889e+02;2.187488e-21
7.221389e+02;2.187374e-21
7.221889e+02;2.187260e-21
7.222389e+02;2.187146e-21
7.222889e+02;2.187033e-21
7.223389e+02;2.186919e-21
7.223889e+02;2.186805e-21
7.224389e+02;2.186692e-21
7.224889e+02;2.186578e-21
7.225389e+02;2.186464e-21
7.225889e+02;2.186351e-21
7.226389e+02;2.186237e-21
7.226889e+02;2.186123e-21
7.227389e+02;2.186010e-21
7.227889e+02;2.185896e-21
7.228389e+02;2.185782e-21
7.228889e+02;2.185669e-21
7.229389e+02;2.185555e-21
7.229889e+02;2.185442e-21
7.230389e+02;2.185328e-21
7.230889e+02;2.185215e-21
7.231389e+02;2.185101e-21
7.231889e+02;2.184987e-21
7.232389e+02;2.184874e-21
7.232889e+02;2.184760e-21
7.233389e+02;2.184647e-21
7.233889e+02;2.184534e-21
7.234389e+02;2.184420e-21
7.234889e+02;2.184307e-21
7.235389e+02;2.184193e-21
7.235889e+02;2.184080e-21
7.236389e+02;2.183966e-21
7.236889e+02;2.183853e-21
7.237389e+02;2.183740e-21
7.237890e+02;2.183626e-21
7.238390e+02;2.183513e-21
7.238890e+02;2.183399e-21
7.239390e+02;2.183286e-21
7.239890e+02;2.183173e-21
7.240390e+02;2.183060e-21
7.240890e+02;2.182946e-21
7.241390e+02;2.182833e-21
7.241890e+02;2.182720e-21
7.242390e+02;2.182606e-21
7.242890e+02;2.182493e-21
7.243390e+02;2.182380e-21
7.243890e+02;2.182267e-21
7.244390e+02;2.182153e-21
7.244890e+02;2.182040e-21
7.245390e+02;2.181927e-21
7.245890e+02;2.181814e-21
7.246390e+02;2.181701e-21
7.246890e+02;2.181588e-21
7.247390e+02;2.181474e-21
7.247890e+02;2.181361e-21
7.248390e+02;2.181248e-21
7.248890e+02;2.181135e-21
7.249390e+02;2.181022e-21
7.249890e+02;2.180909e-21
7.250390e+02;2.180796e-21
7.250890e+02;2.180683e-21
7.251390e+02;2.180570e-21
7.251890e+02;2.180457e-21
7.252390e+02;2.180344e-21
7.252890e+02;2.180231e-21
7.253390e+02;2.180118e-21
7.253890e+02;2.180005e-21
7.254390e+02;2.179892e-21
7.254890e+02;2.179779e-21
7.255390e+02;2.179666e-21
7.255890e+02;2.179553e-21
7.256390e+02;2.179440e-21
7.256890e+02;2.179327e-21
7.257390e+02;2.179214e-21
7.257890e+02;2.179101e-21
7.258390e+02;2.178989e-21
7.258890e+02;2.178876e-21
7.259390e+02;2.178763e-21
7.259890e+02;2.178650e-21
7.260390e+02;2.178537e-21
7.260890e+02;2.178424e-21
7.261390e+02;2.178312e-21
7.261890e+02;2.178199e-21
7.262390e+02;2.178086e-21
7.262891e+02;2.177973e-21
7.263391e+02;2.177861e-21
7.263891e+02;2.177748e-21
7.264391e+02;2.177635e-21
7.264891e+02;2.177522e-21
7.265391e+02;2.177410e-21
7.265891e+02;2.177297e-21
7.266391e+02;2.177184e-21
7.266891e+02;2.177072e-21
7.267391e+02;2.176959e-21
7.267891e+02;2.176846e-21
7.268391e+02;2.176734e-21
7.268891e+02;2.176621e-21
7.269391e+02;2.176509e-21
7.269891e+02;2.176396e-21
7.270391e+02;2.176284e-21
7.270891e+02;2.176171e-21
7.271391e+02;2.176058e-21
7.271891e+02;2.175946e-21
7.272391e+02;2.175833e-21
7.272891e+02;2.175721e-21
7.273391e+02;2.175608e-21
7.273891e+02;2.175496e-21
7.274391e+02;2.175383e-21
7.274891e+02;2.175271e-21
7.275391e+02;2.175158e-21
7.275891e+02;2.175046e-21
7.276391e+02;2.174934e-21
7.276891e+02;2.174821e-21
7.277391e+02;2.174709e-21
7.277891e+02;2.174596e-21
7.278391e+02;2.174484e-21
7.278891e+02;2.174372e-21
7.279391e+02;2.174259e-21
7.279891e+02;2.174147e-21
7.280391e+02;2.174035e-21
7.280891e+02;2.173922e-21
7.281391e+02;2.173810e-21
7.281891e+02;2.173698e-21
7.282391e+02;2.173585e-21
7.282891e+02;2.173473e-21
7.283391e+02;2.173361e-21
7.283891e+02;2.173249e-21
7.284391e+02;2.173136e-21
7.284891e+02;2.173024e-21
7.285391e+02;2.172912e-21
7.285891e+02;2.172800e-21
7.286391e+02;2.172688e-21
7.286891e+02;2.172576e-21
7.287391e+02;2.172463e-21
7.287892e+02;2.172351e-21
7.288392e+02;2.172239e-21
7.288892e+02;2.172127e-21
7.289392e+02;2.172015e-21
7.289892e+02;2.171903e-21
7.290392e+02;2.171791e-21
7.290892e+02;2.171679e-21
7.291392e+02;2.171567e-21
7.291892e+02;2.171455e-21
7.292392e+02;2.171342e-21
7.292892e+02;2.171230e-21
7.293392e+02;2.171118e-21
7.293892e+02;2.171006e-21
7.294392e+02;2.170894e-21
7.294892e+02;2.170782e-21
7.295392e+02;2.170671e-21
7.295892e+02;2.170559e-21
7.296392e+02;2.170447e-21
7.296892e+02;2.170335e-21
7.297392e+02;2.170223e-21
7.297892e+02;2.170111e-21
7.298392e+02;2.169999e-21
7.298892e+02;2.169887e-21
7.299392e+02;2.169775e-21
7.299892e+02;2.169663e-21
7.300392e+02;2.169552e-21
7.300892e+02;2.169440e-21
7.301392e+02;2.169328e-21
7.301892e+02;2.169216e-21
7.302392e+02;2.169104e-21
7.302892e+02;2.168993e-21
7.303392e+02;2.168881e-21
7.303892e+02;2.168769e-21
7.304392e+02;2.168657e-21
7.304892e+02;2.168546e-21
7.305392e+02;2.168434e-21
7.305892e+02;2.168322e-21
7.306392e+02;2.168210e-21
7.306892e+02;2.168099e-21
7.307392e+02;2.167987e-21
7.307892e+02;2.167875e-21
7.308392e+02;2.167764e-21
7.308892e+02;2.167652e-21
7.309392e+02;2.167541e-21
7.309892e+02;2.167429e-21
7.310392e+02;2.167317e-21
7.310892e+02;2.167206e-21
7.311392e+02;2.167094e-21
7.311892e+02;2.166983e-21
7.312392e+02;2.166871e-21
7.312893e+02;2.166760e-21
7.313393e+02;2.166648e-21
7.313893e+02;2.166536e-21
7.314393e+02;2.166425e-21
7.314893e+02;2.166313e-21
7.315393e+02;2.166202e-21
7.315893e+02;2.166091e-21
7.316393e+02;2.165979e-21
7.316893e+02;2.165868e-21
7.317393e+02;2.165756e-21
7.317893e+02;2.165645e-21
7.318393e+02;2.165533e-21
7.318893e+02;2.165422e-21
7.319393e+02;2.165311e-21
7.319893e+02;2.165199e-21
7.320393e+02;2.165088e-21
7.320893e+02;2.164977e-21
7.321393e+02;2.164865e-21
7.321893e+02;2.164754e-21
7.322393e+02;2.164643e-21
7.322893e+02;2.164531e-21
7.323393e+02;2.164420e-21
7.323893e+02;2.164309e-21
7.324393e+02;2.164197e-21
7.324893e+02;2.164086e-21
7.325393e+02;2.163975e-21
7.325893e+02;2.163864e-21
7.326393e+02;2.163753e-21
7.326893e+02;2.163641e-21
7.327393e+02;2.163530e-21
7.327893e+02;2.163419e-21
7.328393e+02;2.163308e-21
7.328893e+02;2.163197e-21
7.329393e+02;2.163086e-21
7.329893e+02;2.162974e-21
7.330393e+02;2.162863e-21
7.330893e+02;2.162752e-21
7.331393e+02;2.162641e-21
7.331893e+02;2.162530e-21
7.332393e+02;2.162419e-21
7.332893e+02;2.162308e-21
7.333393e+02;2.162197e-21
7.333893e+02;2.162086e-21
7.334393e+02;2.161975e-21
7.334893e+02;2.161864e-21
7.335393e+02;2.161753e-21
7.335893e+02;2.161642e-21
7.336393e+02;2.161531e-21
7.336893e+02;2.161420e-21
7.337393e+02;2.161309e-21
7.337894e+02;2.161198e-21
7.338394e+02;2.161087e-21
7.338894e+02;2.160976e-21
7.339394e+02;2.160865e-21
7.339894e+02;2.160754e-21
7.340394e+02;2.160643e-21
7.340894e+02;2.160533e-21
7.341394e+02;2.160422e-21
7.341894e+02;2.160311e-21
7.342394e+02;2.160200e-21
7.342894e+02;2.160089e-21
7.343394e+02;2.159978e-21
7.343894e+02;2.159868e-21
7.344394e+02;2.159757e-21
7.344894e+02;2.159646e-21
7.345394e+02;2.159535e-21
7.345894e+02;2.159425e-21
7.346394e+02;2.159314e-21
7.346894e+02;2.159203e-21
7.347394e+02;2.159092e-21
7.347894e+02;2.158982e-21
7.348394e+02;2.158871e-21
7.348894e+02;2.158760e-21
7.349394e+02;2.158650e-21
7.349894e+02;2.158539e-21
7.350394e+02;2.158428e-21
7.350894e+02;2.158318e-21
7.351394e+02;2.158207e-21
7.351894e+02;2.158097e-21
7.352394e+02;2.157986e-21
7.352894e+02;2.157875e-21
7.353394e+02;2.157765e-21
7.353894e+02;2.157654e-21
7.354394e+02;2.157544e-21
7.354894e+02;2.157433e-21
7.355394e+02;2.157323e-21
7.355894e+02;2.157212e-21
7.356394e+02;2.157102e-21
7.356894e+02;2.156991e-21
7.357394e+02;2.156881e-21
7.357894e+02;2.156770e-21
7.358394e+02;2.156660e-21
7.358894e+02;2.156549e-21
7.359394e+02;2.156439e-21
7.359894e+02;2.156329e-21
7.360394e+02;2.156218e-21
7.360894e+02;2.156108e-21
7.361394e+02;2.155997e-21
7.361894e+02;2.155887e-21
7.362394e+02;2.155777e-21
7.362895e+02;2.155666e-21
7.363395e+02;2.155556e-21
7.363895e+02;2.155446e-21
7.364395e+02;2.155335e-21
7.364895e+02;2.155225e-21
7.365395e+02;2.155115e-21
7.365895e+02;2.155005e-21
7.366395e+02;2.154894e-21
7.366895e+02;2.154784e-21
7.367395e+02;2.154674e-21
7.367895e+02;2.154564e-21
7.368395e+02;2.154453e-21
7.368895e+02;2.154343e-21
7.369395e+02;2.154233e-21
7.369895e+02;2.154123e-21
7.370395e+02;2.154013e-21
7.370895e+02;2.153903e-21
7.371395e+02;2.153792e-21
7.371895e+02;2.153682e-21
7.372395e+02;2.153572e-21
7.372895e+02;2.153462e-21
7.373395e+02;2.153352e-21
7.373895e+02;2.153242e-21
7.374395e+02;2.153132e-21
7.374895e+02;2.153022e-21
7.375395e+02;2.152912e-21
7.375895e+02;2.152802e-21
7.376395e+02;2.152692e-21
7.376895e+02;2.152582e-21
7.377395e+02;2.152472e-21
7.377895e+02;2.152362e-21
7.378395e+02;2.152252e-21
7.378895e+02;2.152142e-21
7.379395e+02;2.152032e-21
7.379895e+02;2.151922e-21
7.380395e+02;2.151812e-21
7.380895e+02;2.151702e-21
7.381395e+02;2.151592e-21
7.381895e+02;2.151482e-21
7.382395e+02;2.151372e-21
7.382895e+02;2.151262e-21
7.383395e+02;2.151153e-21
7.383895e+02;2.151043e-21
7.384395e+02;2.150933e-21
7.384895e+02;2.150823e-21
7.385395e+02;2.150713e-21
7.385895e+02;2.150604e-21
7.386395e+02;2.150494e-21
7.386895e+02;2.150384e-21
7.387395e+02;2.150274e-21
7.387896e+02;2.150164e-21
7.388396e+02;2.150055e-21
7.388896e+02;2.149945e-21
7.389396e+02;2.149835e-21
7.389896e+02;2.149726e-21
7.390396e+02;2.149616e-21
7.390896e+02;2.149506e-21
7.391396e+02;2.149397e-21
7.391896e+02;2.149287e-21
7.392396e+02;2.149177e-21
7.392896e+02;2.149068e-21
7.393396e+02;2.148958e-21
7.393896e+02;2.148848e-21
7.394396e+02;2.148739e-21
7.394896e+02;2.148629e-21
7.395396e+02;2.148520e-21
7.395896e+02;2.148410e-21
7.396396e+02;2.148301e-21
7.396896e+02;2.148191e-21
7.397396e+02;2.148081e-21
7.397896e+02;2.147972e-21
7.398396e+02;2.147862e-21
7.398896e+02;2.147753e-21
7.399396e+02;2.147643e-21
7.399896e+02;2.147534e-21
7.400396e+02;2.147425e-21
7.400896e+02;2.147315e-21
7.401396e+02;2.147206e-21
7.401896e+02;2.147096e-21
7.402396e+02;2.146987e-21
7.402896e+02;2.146877e-21
7.403396e+02;2.146768e-21
7.403896e+02;2.146659e-21
7.404396e+02;2.146549e-21
7.404896e+02;2.146440e-21
7.405396e+02;2.146331e-21
7.405896e+02;2.146221e-21
7.406396e+02;2.146112e-21
7.406896e+02;2.146003e-21
7.407396e+02;2.145893e-21
7.407896e+02;2.145784e-21
7.408396e+02;2.145675e-21
7.408896e+02;2.145566e-21
7.409396e+02;2.145456e-21
7.409896e+02;2.145347e-21
7.410396e+02;2.145238e-21
7.410896e+02;2.145129e-21
7.411396e+02;2.145019e-21
7.411896e+02;2.144910e-21
7.412396e+02;2.144801e-21
7.412897e+02;2.144692e-21
7.413397e+02;2.144583e-21
7.413897e+02;2.144474e-21
7.414397e+02;2.144365e-21
7.414897e+02;2.144255e-21
7.415397e+02;2.144146e-21
7.415897e+02;2.144037e-21
7.416397e+02;2.143928e-21
7.416897e+02;2.143819e-21
7.417397e+02;2.143710e-21
7.417897e+02;2.143601e-21
7.418397e+02;2.143492e-21
7.418897e+02;2.143383e-21
7.419397e+02;2.143274e-21
7.419897e+02;2.143165e-21
7.420397e+02;2.143056e-21
7.420897e+02;2.142947e-21
7.421397e+02;2.142838e-21
7.421897e+02;2.142729e-21
7.422397e+02;2.142620e-21
7.422897e+02;2.142511e-21
7.423397e+02;2.142402e-21
7.423897e+02;2.142293e-21
7.424397e+02;2.142184e-21
7.424897e+02;2.142076e-21
7.425397e+02;2.141967e-21
7.425897e+02;2.141858e-21
7.426397e+02;2.141749e-21
7.426897e+02;2.141640e-21
7.427397e+02;2.141531e-21
7.427897e+02;2.141423e-21
7.428397e+02;2.141314e-21
7.428897e+02;2.141205e-21
7.429397e+02;2.141096e-21
7.429897e+02;2.140987e-21
7.430397e+02;2.140879e-21
7.430897e+02;2.140770e-21
7.431397e+02;2.140661e-21
7.431897e+02;2.140552e-21
7.432397e+02;2.140444e-21
7.432897e+02;2.140335e-21
7.433397e+02;2.140226e-21
7.433897e+02;2.140118e-21
7.434397e+02;2.140009e-21
7.434897e+02;2.139900e-21
7.435397e+02;2.139792e-21
7.435897e+02;2.139683e-21
7.436397e+02;2.139574e-21
7.436897e+02;2.139466e-21
7.437397e+02;2.139357e-21
7.437898e+02;2.139249e-21
7.438398e+02;2.139140e-21
7.438898e+02;2.139032e-21
7.439398e+02;2.138923e-21
7.439898e+02;2.138814e-21
7.440398e+02;2.138706e-21
7.440898e+02;2.138597e-21
7.441398e+02;2.138489e-21
7.441898e+02;2.138380e-21
7.442398e+02;2.138272e-21
7.442898e+02;2.138164e-21
7.443398e+02;2.138055e-21
7.443898e+02;2.137947e-21
7.444398e+02;2.137838e-21
7.444898e+02;2.137730e-21
7.445398e+02;2.137621e-21
7.445898e+02;2.137513e-21
7.446398e+02;2.137405e-21
7.446898e+02;2.137296e-21
7.447398e+02;2.137188e-21
7.447898e+02;2.137080e-21
7.448398e+02;2.136971e-21
7.448898e+02;2.136863e-21
7.449398e+02;2.136755e-21
7.449898e+02;2.136646e-21
7.450398e+02;2.136538e-21
7.450898e+02;2.136430e-21
7.451398e+02;2.136321e-21
7.451898e+02;2.136213e-21
7.452398e+02;2.136105e-21
7.452898e+02;2.135997e-21
7.453398e+02;2.135888e-21
7.453898e+02;2.135780e-21
7.454398e+02;2.135672e-21
7.454898e+02;2.135564e-21
7.455398e+02;2.135456e-21
7.455898e+02;2.135347e-21
7.456398e+02;2.135239e-21
7.456898e+02;2.135131e-21
7.457398e+02;2.135023e-21
7.457898e+02;2.134915e-21
7.458398e+02;2.134807e-21
7.458898e+02;2.134699e-21
7.459398e+02;2.134591e-21
7.459898e+02;2.134483e-21
7.460398e+02;2.134375e-21
7.460898e+02;2.134266e-21
7.461398e+02;2.134158e-21
7.461898e+02;2.134050e-21
7.462398e+02;2.133942e-21
7.462899e+02;2.133834e-21
7.463399e+02;2.133726e-21
7.463899e+02;2.133618e-21
7.464399e+02;2.133510e-21
7.464899e+02;2.133402e-21
7.465399e+02;2.133295e-21
7.465899e+02;2.133187e-21
7.466399e+02;2.133079e-21
7.466899e+02;2.132971e-21
7.467399e+02;2.132863e-21
7.467899e+02;2.132755e-21
7.468399e+02;2.132647e-21
7.468899e+02;2.132539e-21
7.469399e+02;2.132431e-21
7.469899e+02;2.132324e-21
7.470399e+02;2.132216e-21
7.470899e+02;2.132108e-21
7.471399e+02;2.132000e-21
7.471899e+02;2.131892e-21
7.472399e+02;2.131784e-21
7.472899e+02;2.131677e-21
7.473399e+02;2.131569e-21
7.473899e+02;2.131461e-21
7.474399e+02;2.131353e-21
7.474899e+02;2.131246e-21
7.475399e+02;2.131138e-21
7.475899e+02;2.131030e-21
7.476399e+02;2.130923e-21
7.476899e+02;2.130815e-21
7.477399e+02;2.130707e-21
7.477899e+02;2.130600e-21
7.478399e+02;2.130492e-21
7.478899e+02;2.130384e-21
7.479399e+02;2.130277e-21
7.479899e+02;2.130169e-21
7.480399e+02;2.130061e-21
7.480899e+02;2.129954e-21
7.481399e+02;2.129846e-21
7.481899e+02;2.129739e-21
7.482399e+02;2.129631e-21
7.482899e+02;2.129524e-21
7.483399e+02;2.129416e-21
7.483899e+02;2.129309e-21
7.484399e+02;2.129201e-21
7.484899e+02;2.129094e-21
7.485399e+02;2.128986e-21
7.485899e+02;2.128879e-21
7.486399e+02;2.128771e-21
7.486899e+02;2.128664e-21
7.487399e+02;2.128556e-21
7.487900e+02;2.128449e-21
7.488400e+02;2.128341e-21
7.488900e+02;2.128234e-21
7.489400e+02;2.128127e-21
7.489900e+02;2.128019e-21
7.490400e+02;2.127912e-21
7.490900e+02;2.127804e-21
7.491400e+02;2.127697e-21
7.491900e+02;2.127590e-21
7.492400e+02;2.127482e-21
7.492900e+02;2.127375e-21
7.493400e+02;2.127268e-21
7.493900e+02;2.127161e-21
7.494400e+02;2.127053e-21
7.494900e+02;2.126946e-21
7.495400e+02;2.126839e-21
7.495900e+02;2.126731e-21
7.496400e+02;2.126624e-21
7.496900e+02;2.126517e-21
7.497400e+02;2.126410e-21
7.497900e+02;2.126303e-21
7.498400e+02;2.126195e-21
7.498900e+02;2.126088e-21
7.499400e+02;2.125981e-21
7.499900e+02;2.125874e-21
7.500400e+02;2.125767e-21
7.500900e+02;2.125660e-21
7.501400e+02;2.125552e-21
7.501900e+02;2.125445e-21
7.502400e+02;2.125338e-21
7.502900e+02;2.125231e-21
7.503400e+02;2.125124e-21
7.503900e+02;2.125017e-21
7.504400e+02;2.124910e-21
7.504900e+02;2.124803e-21
7.505400e+02;2.124696e-21
7.505900e+02;2.124589e-21
7.506400e+02;2.124482e-21
7.506900e+02;2.124375e-21
7.507400e+02;2.124268e-21
7.507900e+02;2.124161e-21
7.508400e+02;2.124054e-21
7.508900e+02;2.123947e-21
7.509400e+02;2.123840e-21
7.509900e+02;2.123733e-21
7.510400e+02;2.123626e-21
7.510900e+02;2.123519e-21
7.511400e+02;2.123412e-21
7.511900e+02;2.123305e-21
7.512400e+02;2.123199e-21
7.512901e+02;2.123092e-21
7.513401e+02;2.122985e-21
7.513901e+02;2.122878e-21
7.514401e+02;2.122771e-21
7.514901e+02;2.122664e-21
7.515401e+02;2.122558e-21
7.515901e+02;2.122451e-21
7.516401e+02;2.122344e-21
7.516901e+02;2.122237e-21
7.517401e+02;2.122130e-21
7.517901e+02;2.122024e-21
7.518401e+02;2.121917e-21
7.518901e+02;2.121810e-21
7.519401e+02;2.121704e-21
7.519901e+02;2.121597e-21
7.520401e+02;2.121490e-21
7.520901e+02;2.121383e-21
7.521401e+02;2.121277e-21
7.521901e+02;2.121170e-21
7.522401e+02;2.121063e-21
7.522901e+02;2.120957e-21
7.523401e+02;2.120850e-21
7.523901e+02;2.120744e-21
7.524401e+02;2.120637e-21
7.524901e+02;2.120530e-21
7.525401e+02;2.120424e-21
7.525901e+02;2.120317e-21
7.526401e+02;2.120211e-21
7.526901e+02;2.120104e-21
7.527401e+02;2.119998e-21
7.527901e+02;2.119891e-21
7.528401e+02;2.119785e-21
7.528901e+02;2.119678e-21
7.529401e+02;2.119572e-21
7.529901e+02;2.119465e-21
7.530401e+02;2.119359e-21
7.530901e+02;2.119252e-21
7.531401e+02;2.119146e-21
7.531901e+02;2.119039e-21
7.532401e+02;2.118933e-21
7.532901e+02;2.118826e-21
7.533401e+02;2.118720e-21
7.533901e+02;2.118614e-21
7.534401e+02;2.118507e-21
7.534901e+02;2.118401e-21
7.535401e+02;2.118295e-21
7.535901e+02;2.118188e-21
7.536401e+02;2.118082e-21
7.536901e+02;2.117976e-21
7.537401e+02;2.117869e-21
7.537902e+02;2.117763e-21
7.538402e+02;2.117657e-21
7.538902e+02;2.117550e-21
7.539402e+02;2.117444e-21
7.539902e+02;2.117338e-21
7.540402e+02;2.117232e-21
7.540902e+02;2.117125e-21
7.541402e+02;2.117019e-21
7.541902e+02;2.116913e-21
7.542402e+02;2.116807e-21
7.542902e+02;2.116701e-21
7.543402e+02;2.116594e-21
7.543902e+02;2.116488e-21
7.544402e+02;2.116382e-21
7.544902e+02;2.116276e-21
7.545402e+02;2.116170e-21
7.545902e+02;2.116064e-21
7.546402e+02;2.115958e-21
7.546902e+02;2.115851e-21
7.547402e+02;2.115745e-21
7.547902e+02;2.115639e-21
7.548402e+02;2.115533e-21
7.548902e+02;2.115427e-21
7.549402e+02;2.115321e-21
7.549902e+02;2.115215e-21
7.550402e+02;2.115109e-21
7.550902e+02;2.115003e-21
7.551402e+02;2.114897e-21
7.551902e+02;2.114791e-21
7.552402e+02;2.114685e-21
7.552902e+02;2.114579e-21
7.553402e+02;2.114473e-21
7.553902e+02;2.114367e-21
7.554402e+02;2.114261e-21
7.554902e+02;2.114155e-21
7.555402e+02;2.114049e-21
7.555902e+02;2.113944e-21
7.556402e+02;2.113838e-21
7.556902e+02;2.113732e-21
7.557402e+02;2.113626e-21
7.557902e+02;2.113520e-21
7.558402e+02;2.113414e-21
7.558902e+02;2.113308e-21
7.559402e+02;2.113203e-21
7.559902e+02;2.113097e-21
7.560402e+02;2.112991e-21
7.560902e+02;2.112885e-21
7.561402e+02;2.112779e-21
7.561902e+02;2.112674e-21
7.562402e+02;2.112568e-21
7.562903e+02;2.112462e-21
7.563403e+02;2.112356e-21
7.563903e+02;2.112251e-21
7.564403e+02;2.112145e-21
7.564903e+02;2.112039e-21
7.565403e+02;2.111934e-21
7.565903e+02;2.111828e-21
7.566403e+02;2.111722e-21
7.566903e+02;2.111617e-21
7.567403e+02;2.111511e-21
7.567903e+02;2.111405e-21
7.568403e+02;2.111300e-21
7.568903e+02;2.111194e-21
7.569403e+02;2.111089e-21
7.569903e+02;2.110983e-21
7.570403e+02;2.110877e-21
7.570903e+02;2.110772e-21
7.571403e+02;2.110666e-21
7.571903e+02;2.110561e-21
7.572403e+02;2.110455e-21
7.572903e+02;2.110350e-21
7.573403e+02;2.110244e-21
7.573903e+02;2.110139e-21
7.574403e+02;2.110033e-21
7.574903e+02;2.109928e-21
7.575403e+02;2.109822e-21
7.575903e+02;2.109717e-21
7.576403e+02;2.109611e-21
7.576903e+02;2.109506e-21
7.577403e+02;2.109400e-21
7.577903e+02;2.109295e-21
7.578403e+02;2.109190e-21
7.578903e+02;2.109084e-21
7.579403e+02;2.108979e-21
7.579903e+02;2.108874e-21
7.580403e+02;2.108768e-21
7.580903e+02;2.108663e-21
7.581403e+02;2.108558e-21
7.581903e+02;2.108452e-21
7.582403e+02;2.108347e-21
7.582903e+02;2.108242e-21
7.583403e+02;2.108136e-21
7.583903e+02;2.108031e-21
7.584403e+02;2.107926e-21
7.584903e+02;2.107820e-21
7.585403e+02;2.107715e-21
7.585903e+02;2.107610e-21
7.586403e+02;2.107505e-21
7.586903e+02;2.107400e-21
7.587403e+02;2.107294e-21
7.587904e+02;2.107189e-21
7.588404e+02;2.107084e-21
7.588904e+02;2.106979e-21
7.589404e+02;2.106874e-21
7.589904e+02;2.106769e-21
7.590404e+02;2.106663e-21
7.590904e+02;2.106558e-21
7.591404e+02;2.106453e-21
7.591904e+02;2.106348e-21
7.592404e+02;2.106243e-21
7.592904e+02;2.106138e-21
7.593404e+02;2.106033e-21
7.593904e+02;2.105928e-21
7.594404e+02;2.105823e-21
7.594904e+02;2.105718e-21
7.595404e+02;2.105613e-21
7.595904e+02;2.105508e-21
7.596404e+02;2.105403e-21
7.596904e+02;2.105298e-21
7.597404e+02;2.105193e-21
7.597904e+02;2.105088e-21
7.598404e+02;2.104983e-21
7.598904e+02;2.104878e-21
7.599404e+02;2.104773e-21
7.599904e+02;2.104668e-21
7.600404e+02;2.104563e-21
7.600904e+02;2.104458e-21
7.601404e+02;2.104353e-21
7.601904e+02;2.104248e-21
7.602404e+02;2.104144e-21
7.602904e+02;2.104039e-21
7.603404e+02;2.103934e-21
7.603904e+02;2.103829e-21
7.604404e+02;2.103724e-21
7.604904e+02;2.103619e-21
7.605404e+02;2.103515e-21
7.605904e+02;2.103410e-21
7.606404e+02;2.103305e-21
7.606904e+02;2.103200e-21
7.607404e+02;2.103095e-21
7.607904e+02;2.102991e-21
7.608404e+02;2.102886e-21
7.608904e+02;2.102781e-21
7.609404e+02;2.102677e-21
7.609904e+02;2.102572e-21
7.610404e+02;2.102467e-21
7.610904e+02;2.102362e-21
7.611404e+02;2.102258e-21
7.611904e+02;2.102153e-21
7.612404e+02;2.102048e-21
7.612905e+02;2.101944e-21
7.613405e+02;2.101839e-21
7.613905e+02;2.101735e-21
7.614405e+02;2.101630e-21
7.614905e+02;2.101525e-21
7.615405e+02;2.101421e-21
7.615905e+02;2.101316e-21
7.616405e+02;2.101212e-21
7.616905e+02;2.101107e-21
7.617405e+02;2.101003e-21
7.617905e+02;2.100898e-21
7.618405e+02;2.100794e-21
7.618905e+02;2.100689e-21
7.619405e+02;2.100585e-21
7.619905e+02;2.100480e-21
7.620405e+02;2.100376e-21
7.620905e+02;2.100271e-21
7.621405e+02;2.100167e-21
7.621905e+02;2.100062e-21
7.622405e+02;2.099958e-21
7.622905e+02;2.099853e-21
7.623405e+02;2.099749e-21
7.623905e+02;2.099645e-21
7.624405e+02;2.099540e-21
7.624905e+02;2.099436e-21
7.625405e+02;2.099331e-21
7.625905e+02;2.099227e-21
7.626405e+02;2.099123e-21
7.626905e+02;2.099018e-21
7.627405e+02;2.098914e-21
7.627905e+02;2.098810e-21
7.628405e+02;2.098705e-21
7.628905e+02;2.098601e-21
7.629405e+02;2.098497e-21
7.629905e+02;2.098393e-21
7.630405e+02;2.098288e-21
7.630905e+02;2.098184e-21
7.631405e+02;2.098080e-21
7.631905e+02;2.097976e-21
7.632405e+02;2.097871e-21
7.632905e+02;2.097767e-21
7.633405e+02;2.097663e-21
7.633905e+02;2.097559e-21
7.634405e+02;2.097455e-21
7.634905e+02;2.097351e-21
7.635405e+02;2.097246e-21
7.635905e+02;2.097142e-21
7.636405e+02;2.097038e-21
7.636905e+02;2.096934e-21
7.637405e+02;2.096830e-21
7.637906e+02;2.096726e-21
7.638406e+02;2.096622e-21
7.638906e+02;2.096518e-21
7.639406e+02;2.096414e-21
7.639906e+02;2.096310e-21
7.640406e+02;2.096206e-21
7.640906e+02;2.096102e-21
7.641406e+02;2.095998e-21
7.641906e+02;2.095894e-21
7.642406e+02;2.095790e-21
7.642906e+02;2.095686e-21
7.643406e+02;2.095582e-21
7.643906e+02;2.095478e-21
7.644406e+02;2.095374e-21
7.644906e+02;2.095270e-21
7.645406e+02;2.095166e-21
7.645906e+02;2.095062e-21
7.646406e+02;2.094958e-21
7.646906e+02;2.094854e-21
7.647406e+02;2.094750e-21
7.647906e+02;2.094646e-21
7.648406e+02;2.094542e-21
7.648906e+02;2.094439e-21
7.649406e+02;2.094335e-21
7.649906e+02;2.094231e-21
7.650406e+02;2.094127e-21
7.650906e+02;2.094023e-21
7.651406e+02;2.093919e-21
7.651906e+02;2.093816e-21
7.652406e+02;2.093712e-21
7.652906e+02;2.093608e-21
7.653406e+02;2.093504e-21
7.653906e+02;2.093401e-21
7.654406e+02;2.093297e-21
7.654906e+02;2.093193e-21
7.655406e+02;2.093089e-21
7.655906e+02;2.092986e-21
7.656406e+02;2.092882e-21
7.656906e+02;2.092778e-21
7.657406e+02;2.092675e-21
7.657906e+02;2.092571e-21
7.658406e+02;2.092467e-21
7.658906e+02;2.092364e-21
7.659406e+02;2.092260e-21
7.659906e+02;2.092157e-21
7.660406e+02;2.092053e-21
7.660906e+02;2.091949e-21
7.661406e+02;2.091846e-21
7.661906e+02;2.091742e-21
7.662406e+02;2.091639e-21
7.662907e+02;2.091535e-21
7.663407e+02;2.091432e-21
7.663907e+02;2.091328e-21
7.664407e+02;2.091224e-21
7.664907e+02;2.091121e-21
7.665407e+02;2.091017e-21
7.665907e+02;2.090914e-21
7.666407e+02;2.090810e-21
7.666907e+02;2.090707e-21
7.667407e+02;2.090604e-21
7.667907e+02;2.090500e-21
7.668407e+02;2.090397e-21
7.668907e+02;2.090293e-21
7.669407e+02;2.090190e-21
7.669907e+02;2.090086e-21
7.670407e+02;2.089983e-21
7.670907e+02;2.089880e-21
7.671407e+02;2.089776e-21
7.671907e+02;2.089673e-21
7.672407e+02;2.089570e-21
7.672907e+02;2.089466e-21
7.673407e+02;2.089363e-21
7.673907e+02;2.089260e-21
7.674407e+02;2.089156e-21
7.674907e+02;2.089053e-21
7.675407e+02;2.088950e-21
7.675907e+02;2.088846e-21
7.676407e+02;2.088743e-21
7.676907e+02;2.088640e-21
7.677407e+02;2.088537e-21
7.677907e+02;2.088434e-21
7.678407e+02;2.088330e-21
7.678907e+02;2.088227e-21
7.679407e+02;2.088124e-21
7.679907e+02;2.088021e-21
7.680407e+02;2.087918e-21
7.680907e+02;2.087814e-21
7.681407e+02;2.087711e-21
7.681907e+02;2.087608e-21
7.682407e+02;2.087505e-21
7.682907e+02;2.087402e-21
7.683407e+02;2.087299e-21
7.683907e+02;2.087196e-21
7.684407e+02;2.087093e-21
7.684907e+02;2.086989e-21
7.685407e+02;2.086886e-21
7.685907e+02;2.086783e-21
7.686407e+02;2.086680e-21
7.686907e+02;2.086577e-21
7.687407e+02;2.086474e-21
7.687908e+02;2.086371e-21
7.688408e+02;2.086268e-21
7.688908e+02;2.086165e-21
7.689408e+02;2.086062e-21
7.689908e+02;2.085959e-21
7.690408e+02;2.085856e-21
7.690908e+02;2.085753e-21
7.691408e+02;2.085650e-21
7.691908e+02;2.085547e-21
7.692408e+02;2.085445e-21
7.692908e+02;2.085342e-21
7.693408e+02;2.085239e-21
7.693908e+02;2.085136e-21
7.694408e+02;2.085033e-21
7.694908e+02;2.084930e-21
7.695408e+02;2.084827e-21
7.695908e+02;2.084724e-21
7.696408e+02;2.084622e-21
7.696908e+02;2.084519e-21
7.697408e+02;2.084416e-21
7.697908e+02;2.084313e-21
7.698408e+02;2.084210e-21
7.698908e+02;2.084108e-21
7.699408e+02;2.084005e-21
7.699908e+02;2.083902e-21
7.700408e+02;2.083799e-21
7.700908e+02;2.083697e-21
7.701408e+02;2.083594e-21
7.701908e+02;2.083491e-21
7.702408e+02;2.083388e-21
7.702908e+02;2.083286e-21
7.703408e+02;2.083183e-21
7.703908e+02;2.083080e-21
7.704408e+02;2.082978e-21
7.704908e+02;2.082875e-21
7.705408e+02;2.082772e-21
7.705908e+02;2.082670e-21
7.706408e+02;2.082567e-21
7.706908e+02;2.082465e-21
7.707408e+02;2.082362e-21
7.707908e+02;2.082259e-21
7.708408e+02;2.082157e-21
7.708908e+02;2.082054e-21
7.709408e+02;2.081952e-21
7.709908e+02;2.081849e-21
7.710408e+02;2.081747e-21
7.710908e+02;2.081644e-21
7.711408e+02;2.081542e-21
7.711908e+02;2.081439e-21
7.712408e+02;2.081337e-21
7.712909e+02;2.081234e-21
7.713409e+02;2.081132e-21
7.713909e+02;2.081029e-21
7.714409e+02;2.080927e-21
7.714909e+02;2.080824e-21
7.715409e+02;2.080722e-21
7.715909e+02;2.080619e-21
7.716409e+02;2.080517e-21
7.716909e+02;2.080415e-21
7.717409e+02;2.080312e-21
7.717909e+02;2.080210e-21
7.718409e+02;2.080107e-21
7.718909e+02;2.080005e-21
7.719409e+02;2.079903e-21
7.719909e+02;2.079800e-21
7.720409e+02;2.079698e-21
7.720909e+02;2.079596e-21
7.721409e+02;2.079493e-21
7.721909e+02;2.079391e-21
7.722409e+02;2.079289e-21
7.722909e+02;2.079187e-21
7.723409e+02;2.079084e-21
7.723909e+02;2.078982e-21
7.724409e+02;2.078880e-21
7.724909e+02;2.078778e-21
7.725409e+02;2.078675e-21
7.725909e+02;2.078573e-21
7.726409e+02;2.078471e-21
7.726909e+02;2.078369e-21
7.727409e+02;2.078267e-21
7.727909e+02;2.078165e-21
7.728409e+02;2.078062e-21
7.728909e+02;2.077960e-21
7.729409e+02;2.077858e-21
7.729909e+02;2.077756e-21
7.730409e+02;2.077654e-21
7.730909e+02;2.077552e-21
7.731409e+02;2.077450e-21
7.731909e+02;2.077348e-21
7.732409e+02;2.077246e-21
7.732909e+02;2.077143e-21
7.733409e+02;2.077041e-21
7.733909e+02;2.076939e-21
7.734409e+02;2.076837e-21
7.734909e+02;2.076735e-21
7.735409e+02;2.076633e-21
7.735909e+02;2.076531e-21
7.736409e+02;2.076429e-21
7.736909e+02;2.076327e-21
7.737409e+02;2.076225e-21
7.737910e+02;2.076123e-21
7.738410e+02;2.076021e-21
7.738910e+02;2.075920e-21
7.739410e+02;2.075818e-21
7.739910e+02;2.075716e-21
7.740410e+02;2.075614e-21
7.740910e+02;2.075512e-21
7.741410e+02;2.075410e-21
7.741910e+02;2.075308e-21
7.742410e+02;2.075206e-21
7.742910e+02;2.075104e-21
7.743410e+02;2.075003e-21
7.743910e+02;2.074901e-21
7.744410e+02;2.074799e-21
7.744910e+02;2.074697e-21
7.745410e+02;2.074595e-21
7.745910e+02;2.074494e-21
7.746410e+02;2.074392e-21
7.746910e+02;2.074290e-21
7.747410e+02;2.074188e-21
7.747910e+02;2.074087e-21
7.748410e+02;2.073985e-21
7.748910e+02;2.073883e-21
7.749410e+02;2.073781e-21
7.749910e+02;2.073680e-21
7.750410e+02;2.073578e-21
7.750910e+02;2.073476e-21
7.751410e+02;2.073375e-21
7.751910e+02;2.073273e-21
7.752410e+02;2.073171e-21
7.752910e+02;2.073070e-21
7.753410e+02;2.072968e-21
7.753910e+02;2.072866e-21
7.754410e+02;2.072765e-21
7.754910e+02;2.072663e-21
7.755410e+02;2.072562e-21
7.755910e+02;2.072460e-21
7.756410e+02;2.072359e-21
7.756910e+02;2.072257e-21
7.757410e+02;2.072155e-21
7.757910e+02;2.072054e-21
7.758410e+02;2.071952e-21
7.758910e+02;2.071851e-21
7.759410e+02;2.071749e-21
7.759910e+02;2.071648e-21
7.760410e+02;2.071546e-21
7.760910e+02;2.071445e-21
7.761410e+02;2.071343e-21
7.761910e+02;2.071242e-21
7.762410e+02;2.071141e-21
7.762911e+02;2.071039e-21
7.763411e+02;2.070938e-21
7.763911e+02;2.070836e-21
7.764411e+02;2.070735e-21
7.764911e+02;2.070634e-21
7.765411e+02;2.070532e-21
7.765911e+02;2.070431e-21
7.766411e+02;2.070329e-21
7.766911e+02;2.070228e-21
7.767411e+02;2.070127e-21
7.767911e+02;2.070025e-21
7.768411e+02;2.069924e-21
7.768911e+02;2.069823e-21
7.769411e+02;2.069721e-21
7.769911e+02;2.069620e-21
7.770411e+02;2.069519e-21
7.770911e+02;2.069418e-21
7.771411e+02;2.069316e-21
7.771911e+02;2.069215e-21
7.772411e+02;2.069114e-21
7.772911e+02;2.069013e-21
7.773411e+02;2.068912e-21
7.773911e+02;2.068810e-21
7.774411e+02;2.068709e-21
7.774911e+02;2.068608e-21
7.775411e+02;2.068507e-21
7.775911e+02;2.068406e-21
7.776411e+02;2.068304e-21
7.776911e+02;2.068203e-21
7.777411e+02;2.068102e-21
7.777911e+02;2.068001e-21
7.778411e+02;2.067900e-21
7.778911e+02;2.067799e-21
7.779411e+02;2.067698e-21
7.779911e+02;2.067597e-21
7.780411e+02;2.067496e-21
7.780911e+02;2.067395e-21
7.781411e+02;2.067294e-21
7.781911e+02;2.067193e-21
7.782411e+02;2.067092e-21
7.782911e+02;2.066990e-21
7.783411e+02;2.066889e-21
7.783911e+02;2.066788e-21
7.784411e+02;2.066688e-21
7.784911e+02;2.066587e-21
7.785411e+02;2.066486e-21
7.785911e+02;2.066385e-21
7.786411e+02;2.066284e-21
7.786911e+02;2.066183e-21
7.787411e+02;2.066082e-21
7.787912e+02;2.065981e-21
7.788412e+02;2.065880e-21
7.788912e+02;2.065779e-21
7.789412e+02;2.065678e-21
7.789912e+02;2.065577e-21
7.790412e+02;2.065477e-21
7.790912e+02;2.065376e-21
7.791412e+02;2.065275e-21
7.791912e+02;2.065174e-21
7.792412e+02;2.065073e-21
7.792912e+02;2.064972e-21
7.793412e+02;2.064872e-21
7.793912e+02;2.064771e-21
7.794412e+02;2.064670e-21
7.794912e+02;2.064569e-21
7.795412e+02;2.064469e-21
7.795912e+02;2.064368e-21
7.796412e+02;2.064267e-21
7.796912e+02;2.064166e-21
7.797412e+02;2.064066e-21
7.797912e+02;2.063965e-21
7.798412e+02;2.063864e-21
7.798912e+02;2.063764e-21
7.799412e+02;2.063663e-21
7.799912e+02;2.063562e-21
7.800412e+02;2.063462e-21
7.800912e+02;2.063361e-21
7.801412e+02;2.063260e-21
7.801912e+02;2.063160e-21
7.802412e+02;2.063059e-21
7.802912e+02;2.062958e-21
7.803412e+02;2.062858e-21
7.803912e+02;2.062757e-21
7.804412e+02;2.062657e-21
7.804912e+02;2.062556e-21
7.805412e+02;2.062456e-21
7.805912e+02;2.062355e-21
7.806412e+02;2.062255e-21
7.806912e+02;2.062154e-21
7.807412e+02;2.062054e-21
7.807912e+02;2.061953e-21
7.808412e+02;2.061853e-21
7.808912e+02;2.061752e-21
7.809412e+02;2.061652e-21
7.809912e+02;2.061551e-21
7.810412e+02;2.061451e-21
7.810912e+02;2.061350e-21
7.811412e+02;2.061250e-21
7.811912e+02;2.061149e-21
7.812412e+02;2.061049e-21
7.812913e+02;2.060949e-21
7.813413e+02;2.060848e-21
7.813913e+02;2.060748e-21
7.814413e+02;2.060648e-21
7.814913e+02;2.060547e-21
7.815413e+02;2.060447e-21
7.815913e+02;2.060346e-21
7.816413e+02;2.060246e-21
7.816913e+02;2.060146e-21
7.817413e+02;2.060046e-21
7.817913e+02;2.059945e-21
7.818413e+02;2.059845e-21
7.818913e+02;2.059745e-21
7.819413e+02;2.059644e-21
7.819913e+02;2.059544e-21
7.820413e+02;2.059444e-21
7.820913e+02;2.059344e-21
7.821413e+02;2.059244e-21
7.821913e+02;2.059143e-21
7.822413e+02;2.059043e-21
7.822913e+02;2.058943e-21
7.823413e+02;2.058843e-21
7.823913e+02;2.058743e-21
7.824413e+02;2.058642e-21
7.824913e+02;2.058542e-21
7.825413e+02;2.058442e-21
7.825913e+02;2.058342e-21
7.826413e+02;2.058242e-21
7.826913e+02;2.058142e-21
7.827413e+02;2.058042e-21
7.827913e+02;2.057942e-21
7.828413e+02;2.057842e-21
7.828913e+02;2.057741e-21
7.829413e+02;2.057641e-21
7.829913e+02;2.057541e-21
7.830413e+02;2.057441e-21
7.830913e+02;2.057341e-21
7.831413e+02;2.057241e-21
7.831913e+02;2.057141e-21
7.832413e+02;2.057041e-21
7.832913e+02;2.056941e-21
7.833413e+02;2.056841e-21
7.833913e+02;2.056741e-21
7.834413e+02;2.056641e-21
7.834913e+02;2.056541e-21
7.835413e+02;2.056442e-21
7.835913e+02;2.056342e-21
7.836413e+02;2.056242e-21
7.836913e+02;2.056142e-21
7.837413e+02;2.056042e-21
7.837914e+02;2.055942e-21
7.838414e+02;2.055842e-21
7.838914e+02;2.055742e-21
7.839414e+02;2.055642e-21
7.839914e+02;2.055543e-21
7.840414e+02;2.055443e-21
7.840914e+02;2.055343e-21
7.841414e+02;2.055243e-21
7.841914e+02;2.055143e-21
7.842414e+02;2.055044e-21
7.842914e+02;2.054944e-21
7.843414e+02;2.054844e-21
7.843914e+02;2.054744e-21
7.844414e+02;2.054645e-21
7.844914e+02;2.054545e-21
7.845414e+02;2.054445e-21
7.845914e+02;2.054345e-21
7.846414e+02;2.054246e-21
7.846914e+02;2.054146e-21
7.847414e+02;2.054046e-21
7.847914e+02;2.053947e-21
7.848414e+02;2.053847e-21
7.848914e+02;2.053747e-21
7.849414e+02;2.053648e-21
7.849914e+02;2.053548e-21
7.850414e+02;2.053448e-21
7.850914e+02;2.053349e-21
7.851414e+02;2.053249e-21
7.851914e+02;2.053149e-21
7.852414e+02;2.053050e-21
7.852914e+02;2.052950e-21
7.853414e+02;2.052851e-21
7.853914e+02;2.052751e-21
7.854414e+02;2.052652e-21
7.854914e+02;2.052552e-21
7.855414e+02;2.052453e-21
7.855914e+02;2.052353e-21
7.856414e+02;2.052254e-21
7.856914e+02;2.052154e-21
7.857414e+02;2.052055e-21
7.857914e+02;2.051955e-21
7.858414e+02;2.051856e-21
7.858914e+02;2.051756e-21
7.859414e+02;2.051657e-21
7.859914e+02;2.051557e-21
7.860414e+02;2.051458e-21
7.860914e+02;2.051358e-21
7.861414e+02;2.051259e-21
7.861914e+02;2.051160e-21
7.862414e+02;2.051060e-21
7.862915e+02;2.050961e-21
7.863415e+02;2.050862e-21
7.863915e+02;2.050762e-21
7.864415e+02;2.050663e-21
7.864915e+02;2.050564e-21
7.865415e+02;2.050464e-21
7.865915e+02;2.050365e-21
7.866415e+02;2.050266e-21
7.866915e+02;2.050166e-21
7.867415e+02;2.050067e-21
7.867915e+02;2.049968e-21
7.868415e+02;2.049869e-21
7.868915e+02;2.049769e-21
7.869415e+02;2.049670e-21
7.869915e+02;2.049571e-21
7.870415e+02;2.049472e-21
7.870915e+02;2.049372e-21
7.871415e+02;2.049273e-21
7.871915e+02;2.049174e-21
7.872415e+02;2.049075e-21
7.872915e+02;2.048976e-21
7.873415e+02;2.048876e-21
7.873915e+02;2.048777e-21
7.874415e+02;2.048678e-21
7.874915e+02;2.048579e-21
7.875415e+02;2.048480e-21
7.875915e+02;2.048381e-21
7.876415e+02;2.048282e-21
7.876915e+02;2.048183e-21
7.877415e+02;2.048084e-21
7.877915e+02;2.047984e-21
7.878415e+02;2.047885e-21
7.878915e+02;2.047786e-21
7.879415e+02;2.047687e-21
7.879915e+02;2.047588e-21
7.880415e+02;2.047489e-21
7.880915e+02;2.047390e-21
7.881415e+02;2.047291e-21
7.881915e+02;2.047192e-21
7.882415e+02;2.047093e-21
7.882915e+02;2.046994e-21
7.883415e+02;2.046895e-21
7.883915e+02;2.046796e-21
7.884415e+02;2.046697e-21
7.884915e+02;2.046599e-21
7.885415e+02;2.046500e-21
7.885915e+02;2.046401e-21
7.886415e+02;2.046302e-21
7.886915e+02;2.046203e-21
7.887415e+02;2.046104e-21
7.887916e+02;2.046005e-21
7.888416e+02;2.045906e-21
7.888916e+02;2.045807e-21
7.889416e+02;2.045709e-21
7.889916e+02;2.045610e-21
7.890416e+02;2.045511e-21
7.890916e+02;2.045412e-21
7.891416e+02;2.045313e-21
7.891916e+02;2.045215e-21
7.892416e+02;2.045116e-21
7.892916e+02;2.045017e-21
7.893416e+02;2.044918e-21
7.893916e+02;2.044820e-21
7.894416e+02;2.044721e-21
7.894916e+02;2.044622e-21
7.895416e+02;2.044523e-21
7.895916e+02;2.044425e-21
7.896416e+02;2.044326e-21
7.896916e+02;2.044227e-21
7.897416e+02;2.044129e-21
7.897916e+02;2.044030e-21
7.898416e+02;2.043931e-21
7.898916e+02;2.043833e-21
7.899416e+02;2.043734e-21
7.899916e+02;2.043635e-21
7.900416e+02;2.043537e-21
7.900916e+02;2.043438e-21
7.901416e+02;2.043339e-21
7.901916e+02;2.043241e-21
7.902416e+02;2.043142e-21
7.902916e+02;2.043044e-21
7.903416e+02;2.042945e-21
7.903916e+02;2.042847e-21
7.904416e+02;2.042748e-21
7.904916e+02;2.042650e-21
7.905416e+02;2.042551e-21
7.905916e+02;2.042453e-21
7.906416e+02;2.042354e-21
7.906916e+02;2.042256e-21
7.907416e+02;2.042157e-21
7.907916e+02;2.042059e-21
7.908416e+02;2.041960e-21
7.908916e+02;2.041862e-21
7.909416e+02;2.041763e-21
7.909916e+02;2.041665e-21
7.910416e+02;2.041566e-21
7.910916e+02;2.041468e-21
7.911416e+02;2.041370e-21
7.911916e+02;2.041271e-21
7.912416e+02;2.041173e-21
7.912917e+02;2.041074e-21
7.913417e+02;2.040976e-21
7.913917e+02;2.040878e-21
7.914417e+02;2.040779e-21
7.914917e+02;2.040681e-21
7.915417e+02;2.040583e-21
7.915917e+02;2.040484e-21
7.916417e+02;2.040386e-21
7.916917e+02;2.040288e-21
7.917417e+02;2.040190e-21
7.917917e+02;2.040091e-21
7.918417e+02;2.039993e-21
7.918917e+02;2.039895e-21
7.919417e+02;2.039797e-21
7.919917e+02;2.039698e-21
7.920417e+02;2.039600e-21
7.920917e+02;2.039502e-21
7.921417e+02;2.039404e-21
7.921917e+02;2.039306e-21
7.922417e+02;2.039207e-21
7.922917e+02;2.039109e-21
7.923417e+02;2.039011e-21
7.923917e+02;2.038913e-21
7.924417e+02;2.038815e-21
7.924917e+02;2.038717e-21
7.925417e+02;2.038618e-21
7.925917e+02;2.038520e-21
7.926417e+02;2.038422e-21
7.926917e+02;2.038324e-21
7.927417e+02;2.038226e-21
7.927917e+02;2.038128e-21
7.928417e+02;2.038030e-21
7.928917e+02;2.037932e-21
7.929417e+02;2.037834e-21
7.929917e+02;2.037736e-21
7.930417e+02;2.037638e-21
7.930917e+02;2.037540e-21
7.931417e+02;2.037442e-21
7.931917e+02;2.037344e-21
7.932417e+02;2.037246e-21
7.932917e+02;2.037148e-21
7.933417e+02;2.037050e-21
7.933917e+02;2.036952e-21
7.934417e+02;2.036854e-21
7.934917e+02;2.036756e-21
7.935417e+02;2.036658e-21
7.935917e+02;2.036560e-21
7.936417e+02;2.036462e-21
7.936917e+02;2.036364e-21
7.937417e+02;2.036267e-21
7.937918e+02;2.036169e-21
7.938418e+02;2.036071e-21
7.938918e+02;2.035973e-21
7.939418e+02;2.035875e-21
7.939918e+02;2.035777e-21
7.940418e+02;2.035679e-21
7.940918e+02;2.035582e-21
7.941418e+02;2.035484e-21
7.941918e+02;2.035386e-21
7.942418e+02;2.035288e-21
7.942918e+02;2.035191e-21
7.943418e+02;2.035093e-21
7.943918e+02;2.034995e-21
7.944418e+02;2.034897e-21
7.944918e+02;2.034800e-21
7.945418e+02;2.034702e-21
7.945918e+02;2.034604e-21
7.946418e+02;2.034506e-21
7.946918e+02;2.034409e-21
7.947418e+02;2.034311e-21
7.947918e+02;2.034213e-21
7.948418e+02;2.034116e-21
7.948918e+02;2.034018e-21
7.949418e+02;2.033920e-21
7.949918e+02;2.033823e-21
7.950418e+02;2.033725e-21
7.950918e+02;2.033627e-21
7.951418e+02;2.033530e-21
7.951918e+02;2.033432e-21
7.952418e+02;2.033335e-21
7.952918e+02;2.033237e-21
7.953418e+02;2.033140e-21
7.953918e+02;2.033042e-21
7.954418e+02;2.032944e-21
7.954918e+02;2.032847e-21
7.955418e+02;2.032749e-21
7.955918e+02;2.032652e-21
7.956418e+02;2.032554e-21
7.956918e+02;2.032457e-21
7.957418e+02;2.032359e-21
7.957918e+02;2.032262e-21
7.958418e+02;2.032164e-21
7.958918e+02;2.032067e-21
7.959418e+02;2.031970e-21
7.959918e+02;2.031872e-21
7.960418e+02;2.031775e-21
7.960918e+02;2.031677e-21
7.961418e+02;2.031580e-21
7.961918e+02;2.031482e-21
7.962418e+02;2.031385e-21
7.962919e+02;2.031288e-21
7.963419e+02;2.031190e-21
7.963919e+02;2.031093e-21
7.964419e+02;2.030996e-21
7.964919e+02;2.030898e-21
7.965419e+02;2.030801e-21
7.965919e+02;2.030704e-21
7.966419e+02;2.030606e-21
7.966919e+02;2.030509e-21
7.967419e+02;2.030412e-21
7.967919e+02;2.030314e-21
7.968419e+02;2.030217e-21
7.968919e+02;2.030120e-21
7.969419e+02;2.030023e-21
7.969919e+02;2.029925e-21
7.970419e+02;2.029828e-21
7.970919e+02;2.029731e-21
7.971419e+02;2.029634e-21
7.971919e+02;2.029537e-21
7.972419e+02;2.029439e-21
7.972919e+02;2.029342e-21
7.973419e+02;2.029245e-21
7.973919e+02;2.029148e-21
7.974419e+02;2.029051e-21
7.974919e+02;2.028953e-21
7.975419e+02;2.028856e-21
7.975919e+02;2.028759e-21
7.976419e+02;2.028662e-21
7.976919e+02;2.028565e-21
7.977419e+02;2.028468e-21
7.977919e+02;2.028371e-21
7.978419e+02;2.028274e-21
7.978919e+02;2.028177e-21
7.979419e+02;2.028080e-21
7.979919e+02;2.027983e-21
7.980419e+02;2.027886e-21
7.980919e+02;2.027789e-21
7.981419e+02;2.027691e-21
7.981919e+02;2.027594e-21
7.982419e+02;2.027497e-21
7.982919e+02;2.027401e-21
7.983419e+02;2.027304e-21
7.983919e+02;2.027207e-21
7.984419e+02;2.027110e-21
7.984919e+02;2.027013e-21
7.985419e+02;2.026916e-21
7.985919e+02;2.026819e-21
7.986419e+02;2.026722e-21
7.986919e+02;2.026625e-21
7.987419e+02;2.026528e-21
7.987920e+02;2.026431e-21
7.988420e+02;2.026334e-21
7.988920e+02;2.026237e-21
7.989420e+02;2.026141e-21
7.989920e+02;2.026044e-21
7.990420e+02;2.025947e-21
7.990920e+02;2.025850e-21
7.991420e+02;2.025753e-21
7.991920e+02;2.025656e-21
7.992420e+02;2.025560e-21
7.992920e+02;2.025463e-21
7.993420e+02;2.025366e-21
7.993920e+02;2.025269e-21
7.994420e+02;2.025172e-21
7.994920e+02;2.025076e-21
7.995420e+02;2.024979e-21
7.995920e+02;2.024882e-21
7.996420e+02;2.024785e-21
7.996920e+02;2.024689e-21
7.997420e+02;2.024592e-21
7.997920e+02;2.024495e-21
7.998420e+02;2.024399e-21
7.998920e+02;2.024302e-21
7.999420e+02;2.024205e-21
7.999920e+02;2.024109e-21
8.000420e+02;2.024012e-21
8.000920e+02;2.023915e-21
8.001420e+02;2.023819e-21
8.001920e+02;2.023722e-21
8.002420e+02;2.023626e-21
8.002920e+02;2.023529e-21
8.003420e+02;2.023432e-21
8.003920e+02;2.023336e-21
8.004420e+02;2.023239e-21
8.004920e+02;2.023143e-21
8.005420e+02;2.023046e-21
8.005920e+02;2.022950e-21
8.006420e+02;2.022853e-21
8.006920e+02;2.022756e-21
8.007420e+02;2.022660e-21
8.007920e+02;2.022563e-21
8.008420e+02;2.022467e-21
8.008920e+02;2.022371e-21
8.009420e+02;2.022274e-21
8.009920e+02;2.022178e-21
8.010420e+02;2.022081e-21
8.010920e+02;2.021985e-21
8.011420e+02;2.021888e-21
8.011920e+02;2.021792e-21
8.012420e+02;2.021695e-21
8.012921e+02;2.021599e-21
8.013421e+02;2.021503e-21
8.013921e+02;2.021406e-21
8.014421e+02;2.021310e-21
8.014921e+02;2.021213e-21
8.015421e+02;2.021117e-21
8.015921e+02;2.021021e-21
8.016421e+02;2.020924e-21
8.016921e+02;2.020828e-21
8.017421e+02;2.020732e-21
8.017921e+02;2.020635e-21
8.018421e+02;2.020539e-21
8.018921e+02;2.020443e-21
8.019421e+02;2.020347e-21
8.019921e+02;2.020250e-21
8.020421e+02;2.020154e-21
8.020921e+02;2.020058e-21
8.021421e+02;2.019962e-21
8.021921e+02;2.019865e-21
8.022421e+02;2.019769e-21
8.022921e+02;2.019673e-21
8.023421e+02;2.019577e-21
8.023921e+02;2.019481e-21
8.024421e+02;2.019384e-21
8.024921e+02;2.019288e-21
8.025421e+02;2.019192e-21
8.025921e+02;2.019096e-21
8.026421e+02;2.019000e-21
8.026921e+02;2.018904e-21
8.027421e+02;2.018807e-21
8.027921e+02;2.018711e-21
8.028421e+02;2.018615e-21
8.028921e+02;2.018519e-21
8.029421e+02;2.018423e-21
8.029921e+02;2.018327e-21
8.030421e+02;2.018231e-21
8.030921e+02;2.018135e-21
8.031421e+02;2.018039e-21
8.031921e+02;2.017943e-21
8.032421e+02;2.017847e-21
8.032921e+02;2.017751e-21
8.033421e+02;2.017655e-21
8.033921e+02;2.017559e-21
8.034421e+02;2.017463e-21
8.034921e+02;2.017367e-21
8.035421e+02;2.017271e-21
8.035921e+02;2.017175e-21
8.036421e+02;2.017079e-21
8.036921e+02;2.016983e-21
8.037421e+02;2.016887e-21
8.037922e+02;2.016791e-21
8.038422e+02;2.016695e-21
8.038922e+02;2.016599e-21
8.039422e+02;2.016503e-21
8.039922e+02;2.016407e-21
8.040422e+02;2.016312e-21
8.040922e+02;2.016216e-21
8.041422e+02;2.016120e-21
8.041922e+02;2.016024e-21
8.042422e+02;2.015928e-21
8.042922e+02;2.015832e-21
8.043422e+02;2.015736e-21
8.043922e+02;2.015641e-21
8.044422e+02;2.015545e-21
8.044922e+02;2.015449e-21
8.045422e+02;2.015353e-21
8.045922e+02;2.015257e-21
8.046422e+02;2.015162e-21
8.046922e+02;2.015066e-21
8.047422e+02;2.014970e-21
8.047922e+02;2.014875e-21
8.048422e+02;2.014779e-21
8.048922e+02;2.014683e-21
8.049422e+02;2.014587e-21
8.049922e+02;2.014492e-21
8.050422e+02;2.014396e-21
8.050922e+02;2.014300e-21
8.051422e+02;2.014205e-21
8.051922e+02;2.014109e-21
8.052422e+02;2.014013e-21
8.052922e+02;2.013918e-21
8.053422e+02;2.013822e-21
8.053922e+02;2.013726e-21
8.054422e+02;2.013631e-21
8.054922e+02;2.013535e-21
8.055422e+02;2.013440e-21
8.055922e+02;2.013344e-21
8.056422e+02;2.013249e-21
8.056922e+02;2.013153e-21
8.057422e+02;2.013057e-21
8.057922e+02;2.012962e-21
8.058422e+02;2.012866e-21
8.058922e+02;2.012771e-21
8.059422e+02;2.012675e-21
8.059922e+02;2.012580e-21
8.060422e+02;2.012484e-21
8.060922e+02;2.012389e-21
8.061422e+02;2.012293e-21
8.061922e+02;2.012198e-21
8.062422e+02;2.012102e-21
8.062923e+02;2.012007e-21
8.063423e+02;2.011912e-21
8.063923e+02;2.011816e-21
8.064423e+02;2.011721e-21
8.064923e+02;2.011625e-21
8.065423e+02;2.011530e-21
8.065923e+02;2.011434e-21
8.066423e+02;2.011339e-21
8.066923e+02;2.011244e-21
8.067423e+02;2.011148e-21
8.067923e+02;2.011053e-21
8.068423e+02;2.010958e-21
8.068923e+02;2.010862e-21
8.069423e+02;2.010767e-21
8.069923e+02;2.010672e-21
8.070423e+02;2.010576e-21
8.070923e+02;2.010481e-21
8.071423e+02;2.010386e-21
8.071923e+02;2.010291e-21
8.072423e+02;2.010195e-21
8.072923e+02;2.010100e-21
8.073423e+02;2.010005e-21
8.073923e+02;2.009910e-21
8.074423e+02;2.009814e-21
8.074923e+02;2.009719e-21
8.075423e+02;2.009624e-21
8.075923e+02;2.009529e-21
8.076423e+02;2.009433e-21
8.076923e+02;2.009338e-21
8.077423e+02;2.009243e-21
8.077923e+02;2.009148e-21
8.078423e+02;2.009053e-21
8.078923e+02;2.008958e-21
8.079423e+02;2.008863e-21
8.079923e+02;2.008767e-21
8.080423e+02;2.008672e-21
8.080923e+02;2.008577e-21
8.081423e+02;2.008482e-21
8.081923e+02;2.008387e-21
8.082423e+02;2.008292e-21
8.082923e+02;2.008197e-21
8.083423e+02;2.008102e-21
8.083923e+02;2.008007e-21
8.084423e+02;2.007912e-21
8.084923e+02;2.007817e-21
8.085423e+02;2.007722e-21
8.085923e+02;2.007627e-21
8.086423e+02;2.007532e-21
8.086923e+02;2.007437e-21
8.087423e+02;2.007342e-21
8.087924e+02;2.007247e-21
8.088424e+02;2.007152e-21
8.088924e+02;2.007057e-21
8.089424e+02;2.006962e-21
8.089924e+02;2.006867e-21
8.090424e+02;2.006772e-21
8.090924e+02;2.006677e-21
8.091424e+02;2.006582e-21
8.091924e+02;2.006487e-21
8.092424e+02;2.006392e-21
8.092924e+02;2.006298e-21
8.093424e+02;2.006203e-21
8.093924e+02;2.006108e-21
8.094424e+02;2.006013e-21
8.094924e+02;2.005918e-21
8.095424e+02;2.005823e-21
8.095924e+02;2.005728e-21
8.096424e+02;2.005634e-21
8.096924e+02;2.005539e-21
8.097424e+02;2.005444e-21
8.097924e+02;2.005349e-21
8.098424e+02;2.005254e-21
8.098924e+02;2.005160e-21
8.099424e+02;2.005065e-21
8.099924e+02;2.004970e-21
8.100424e+02;2.004875e-21
8.100924e+02;2.004781e-21
8.101424e+02;2.004686e-21
8.101924e+02;2.004591e-21
8.102424e+02;2.004497e-21
8.102924e+02;2.004402e-21
8.103424e+02;2.004307e-21
8.103924e+02;2.004213e-21
8.104424e+02;2.004118e-21
8.104924e+02;2.004023e-21
8.105424e+02;2.003929e-21
8.105924e+02;2.003834e-21
8.106424e+02;2.003739e-21
8.106924e+02;2.003645e-21
8.107424e+02;2.003550e-21
8.107924e+02;2.003456e-21
8.108424e+02;2.003361e-21
8.108924e+02;2.003266e-21
8.109424e+02;2.003172e-21
8.109924e+02;2.003077e-21
8.110424e+02;2.002983e-21
8.110924e+02;2.002888e-21
8.111424e+02;2.002794e-21
8.111924e+02;2.002699e-21
8.112424e+02;2.002605e-21
8.112925e+02;2.002510e-21
8.113425e+02;2.002416e-21
8.113925e+02;2.002321e-21
8.114425e+02;2.002227e-21
8.114925e+02;2.002132e-21
8.115425e+02;2.002038e-21
8.115925e+02;2.001943e-21
8.116425e+02;2.001849e-21
8.116925e+02;2.001754e-21
8.117425e+02;2.001660e-21
8.117925e+02;2.001566e-21
8.118425e+02;2.001471e-21
8.118925e+02;2.001377e-21
8.119425e+02;2.001282e-21
8.119925e+02;2.001188e-21
8.120425e+02;2.001094e-21
8.120925e+02;2.000999e-21
8.121425e+02;2.000905e-21
8.121925e+02;2.000811e-21
8.122425e+02;2.000716e-21
8.122925e+02;2.000622e-21
8.123425e+02;2.000528e-21
8.123925e+02;2.000433e-21
8.124425e+02;2.000339e-21
8.124925e+02;2.000245e-21
8.125425e+02;2.000151e-21
8.125925e+02;2.000056e-21
8.126425e+02;1.999962e-21
8.126925e+02;1.999868e-21
8.127425e+02;1.999774e-21
8.127925e+02;1.999679e-21
8.128425e+02;1.999585e-21
8.128925e+02;1.999491e-21
8.129425e+02;1.999397e-21
8.129925e+02;1.999303e-21
8.130425e+02;1.999208e-21
8.130925e+02;1.999114e-21
8.131425e+02;1.999020e-21
8.131925e+02;1.998926e-21
8.132425e+02;1.998832e-21
8.132925e+02;1.998738e-21
8.133425e+02;1.998644e-21
8.133925e+02;1.998549e-21
8.134425e+02;1.998455e-21
8.134925e+02;1.998361e-21
8.135425e+02;1.998267e-21
8.135925e+02;1.998173e-21
8.136425e+02;1.998079e-21
8.136925e+02;1.997985e-21
8.137425e+02;1.997891e-21
8.137926e+02;1.997797e-21
8.138426e+02;1.997703e-21
8.138926e+02;1.997609e-21
8.139426e+02;1.997515e-21
8.139926e+02;1.997421e-21
8.140426e+02;1.997327e-21
8.140926e+02;1.997233e-21
8.141426e+02;1.997139e-21
8.141926e+02;1.997045e-21
8.142426e+02;1.996951e-21
8.142926e+02;1.996857e-21
8.143426e+02;1.996763e-21
8.143926e+02;1.996669e-21
8.144426e+02;1.996575e-21
8.144926e+02;1.996481e-21
8.145426e+02;1.996388e-21
8.145926e+02;1.996294e-21
8.146426e+02;1.996200e-21
8.146926e+02;1.996106e-21
8.147426e+02;1.996012e-21
8.147926e+02;1.995918e-21
8.148426e+02;1.995824e-21
8.148926e+02;1.995731e-21
8.149426e+02;1.995637e-21
8.149926e+02;1.995543e-21
8.150426e+02;1.995449e-21
8.150926e+02;1.995355e-21
8.151426e+02;1.995262e-21
8.151926e+02;1.995168e-21
8.152426e+02;1.995074e-21
8.152926e+02;1.994980e-21
8.153426e+02;1.994886e-21
8.153926e+02;1.994793e-21
8.154426e+02;1.994699e-21
8.154926e+02;1.994605e-21
8.155426e+02;1.994512e-21
8.155926e+02;1.994418e-21
8.156426e+02;1.994324e-21
8.156926e+02;1.994230e-21
8.157426e+02;1.994137e-21
8.157926e+02;1.994043e-21
8.158426e+02;1.993949e-21
8.158926e+02;1.993856e-21
8.159426e+02;1.993762e-21
8.159926e+02;1.993669e-21
8.160426e+02;1.993575e-21
8.160926e+02;1.993481e-21
8.161426e+02;1.993388e-21
8.161926e+02;1.993294e-21
8.162426e+02;1.993201e-21
8.162927e+02;1.993107e-21
8.163427e+02;1.993013e-21
8.163927e+02;1.992920e-21
8.164427e+02;1.992826e-21
8.164927e+02;1.992733e-21
8.165427e+02;1.992639e-21
8.165927e+02;1.992546e-21
8.166427e+02;1.992452e-21
8.166927e+02;1.992359e-21
8.167427e+02;1.992265e-21
8.167927e+02;1.992172e-21
8.168427e+02;1.992078e-21
8.168927e+02;1.991985e-21
8.169427e+02;1.991891e-21
8.169927e+02;1.991798e-21
8.170427e+02;1.991705e-21
8.170927e+02;1.991611e-21
8.171427e+02;1.991518e-21
8.171927e+02;1.991424e-21
8.172427e+02;1.991331e-21
8.172927e+02;1.991238e-21
8.173427e+02;1.991144e-21
8.173927e+02;1.991051e-21
8.174427e+02;1.990957e-21
8.174927e+02;1.990864e-21
8.175427e+02;1.990771e-21
8.175927e+02;1.990677e-21
8.176427e+02;1.990584e-21
8.176927e+02;1.990491e-21
8.177427e+02;1.990397e-21
8.177927e+02;1.990304e-21
8.178427e+02;1.990211e-21
8.178927e+02;1.990118e-21
8.179427e+02;1.990024e-21
8.179927e+02;1.989931e-21
8.180427e+02;1.989838e-21
8.180927e+02;1.989745e-21
8.181427e+02;1.989651e-21
8.181927e+02;1.989558e-21
8.182427e+02;1.989465e-21
8.182927e+02;1.989372e-21
8.183427e+02;1.989279e-21
8.183927e+02;1.989185e-21
8.184427e+02;1.989092e-21
8.184927e+02;1.988999e-21
8.185427e+02;1.988906e-21
8.185927e+02;1.988813e-21
8.186427e+02;1.988720e-21
8.186927e+02;1.988626e-21
8.187427e+02;1.988533e-21
8.187928e+02;1.988440e-21
8.188428e+02;1.988347e-21
8.188928e+02;1.988254e-21
8.189428e+02;1.988161e-21
8.189928e+02;1.988068e-21
8.190428e+02;1.987975e-21
8.190928e+02;1.987882e-21
8.191428e+02;1.987789e-21
8.191928e+02;1.987696e-21
8.192428e+02;1.987603e-21
8.192928e+02;1.987510e-21
8.193428e+02;1.987417e-21
8.193928e+02;1.987324e-21
8.194428e+02;1.987231e-21
8.194928e+02;1.987138e-21
8.195428e+02;1.987045e-21
8.195928e+02;1.986952e-21
8.196428e+02;1.986859e-21
8.196928e+02;1.986766e-21
8.197428e+02;1.986673e-21
8.197928e+02;1.986580e-21
8.198428e+02;1.986487e-21
8.198928e+02;1.986394e-21
8.199428e+02;1.986301e-21
8.199928e+02;1.986208e-21
8.200428e+02;1.986115e-21
8.200928e+02;1.986022e-21
8.201428e+02;1.985930e-21
8.201928e+02;1.985837e-21
8.202428e+02;1.985744e-21
8.202928e+02;1.985651e-21
8.203428e+02;1.985558e-21
8.203928e+02;1.985465e-21
8.204428e+02;1.985373e-21
8.204928e+02;1.985280e-21
8.205428e+02;1.985187e-21
8.205928e+02;1.985094e-21
8.206428e+02;1.985001e-21
8.206928e+02;1.984909e-21
8.207428e+02;1.984816e-21
8.207928e+02;1.984723e-21
8.208428e+02;1.984630e-21
8.208928e+02;1.984538e-21
8.209428e+02;1.984445e-21
8.209928e+02;1.984352e-21
8.210428e+02;1.984260e-21
8.210928e+02;1.984167e-21
8.211428e+02;1.984074e-21
8.211928e+02;1.983982e-21
8.212428e+02;1.983889e-21
8.212929e+02;1.983796e-21
8.213429e+02;1.983704e-21
8.213929e+02;1.983611e-21
8.214429e+02;1.983518e-21
8.214929e+02;1.983426e-21
8.215429e+02;1.983333e-21
8.215929e+02;1.983241e-21
8.216429e+02;1.983148e-21
8.216929e+02;1.983055e-21
8.217429e+02;1.982963e-21
8.217929e+02;1.982870e-21
8.218429e+02;1.982778e-21
8.218929e+02;1.982685e-21
8.219429e+02;1.982593e-21
8.219929e+02;1.982500e-21
8.220429e+02;1.982408e-21
8.220929e+02;1.982315e-21
8.221429e+02;1.982223e-21
8.221929e+02;1.982130e-21
8.222429e+02;1.982038e-21
8.222929e+02;1.981945e-21
8.223429e+02;1.981853e-21
8.223929e+02;1.981760e-21
8.224429e+02;1.981668e-21
8.224929e+02;1.981575e-21
8.225429e+02;1.981483e-21
8.225929e+02;1.981390e-21
8.226429e+02;1.981298e-21
8.226929e+02;1.981206e-21
8.227429e+02;1.981113e-21
8.227929e+02;1.981021e-21
8.228429e+02;1.980928e-21
8.228929e+02;1.980836e-21
8.229429e+02;1.980744e-21
8.229929e+02;1.980651e-21
8.230429e+02;1.980559e-21
8.230929e+02;1.980467e-21
8.231429e+02;1.980374e-21
8.231929e+02;1.980282e-21
8.232429e+02;1.980190e-21
8.232929e+02;1.980098e-21
8.233429e+02;1.980005e-21
8.233929e+02;1.979913e-21
8.234429e+02;1.979821e-21
8.234929e+02;1.979728e-21
8.235429e+02;1.979636e-21
8.235929e+02;1.979544e-21
8.236429e+02;1.979452e-21
8.236929e+02;1.979360e-21
8.237429e+02;1.979267e-21
8.237930e+02;1.979175e-21
8.238430e+02;1.979083e-21
8.238930e+02;1.978991e-21
8.239430e+02;1.978899e-21
8.239930e+02;1.978806e-21
8.240430e+02;1.978714e-21
8.240930e+02;1.978622e-21
8.241430e+02;1.978530e-21
8.241930e+02;1.978438e-21
8.242430e+02;1.978346e-21
8.242930e+02;1.978254e-21
8.243430e+02;1.978161e-21
8.243930e+02;1.978069e-21
8.244430e+02;1.977977e-21
8.244930e+02;1.977885e-21
8.245430e+02;1.977793e-21
8.245930e+02;1.977701e-21
8.246430e+02;1.977609e-21
8.246930e+02;1.977517e-21
8.247430e+02;1.977425e-21
8.247930e+02;1.977333e-21
8.248430e+02;1.977241e-21
8.248930e+02;1.977149e-21
8.249430e+02;1.977057e-21
8.249930e+02;1.976965e-21
8.250430e+02;1.976873e-21
8.250930e+02;1.976781e-21
8.251430e+02;1.976689e-21
8.251930e+02;1.976597e-21
8.252430e+02;1.976505e-21
8.252930e+02;1.976413e-21
8.253430e+02;1.976321e-21
8.253930e+02;1.976229e-21
8.254430e+02;1.976137e-21
8.254930e+02;1.976046e-21
8.255430e+02;1.975954e-21
8.255930e+02;1.975862e-21
8.256430e+02;1.975770e-21
8.256930e+02;1.975678e-21
8.257430e+02;1.975586e-21
8.257930e+02;1.975494e-21
8.258430e+02;1.975403e-21
8.258930e+02;1.975311e-21
8.259430e+02;1.975219e-21
8.259930e+02;1.975127e-21
8.260430e+02;1.975035e-21
8.260930e+02;1.974944e-21
8.261430e+02;1.974852e-21
8.261930e+02;1.974760e-21
8.262430e+02;1.974668e-21
8.262931e+02;1.974576e-21
8.263431e+02;1.974485e-21
8.263931e+02;1.974393e-21
8.264431e+02;1.974301e-21
8.264931e+02;1.974210e-21
8.265431e+02;1.974118e-21
8.265931e+02;1.974026e-21
8.266431e+02;1.973934e-21
8.266931e+02;1.973843e-21
8.267431e+02;1.973751e-21
8.267931e+02;1.973659e-21
8.268431e+02;1.973568e-21
8.268931e+02;1.973476e-21
8.269431e+02;1.973385e-21
8.269931e+02;1.973293e-21
8.270431e+02;1.973201e-21
8.270931e+02;1.973110e-21
8.271431e+02;1.973018e-21
8.271931e+02;1.972926e-21
8.272431e+02;1.972835e-21
8.272931e+02;1.972743e-21
8.273431e+02;1.972652e-21
8.273931e+02;1.972560e-21
8.274431e+02;1.972469e-21
8.274931e+02;1.972377e-21
8.275431e+02;1.972286e-21
8.275931e+02;1.972194e-21
8.276431e+02;1.972103e-21
8.276931e+02;1.972011e-21
8.277431e+02;1.971920e-21
8.277931e+02;1.971828e-21
8.278431e+02;1.971737e-21
8.278931e+02;1.971645e-21
8.279431e+02;1.971554e-21
8.279931e+02;1.971462e-21
8.280431e+02;1.971371e-21
8.280931e+02;1.971279e-21
8.281431e+02;1.971188e-21
8.281931e+02;1.971097e-21
8.282431e+02;1.971005e-21
8.282931e+02;1.970914e-21
8.283431e+02;1.970822e-21
8.283931e+02;1.970731e-21
8.284431e+02;1.970640e-21
8.284931e+02;1.970548e-21
8.285431e+02;1.970457e-21
8.285931e+02;1.970366e-21
8.286431e+02;1.970274e-21
8.286931e+02;1.970183e-21
8.287431e+02;1.970092e-21
8.287932e+02;1.970000e-21
8.288432e+02;1.969909e-21
8.288932e+02;1.969818e-21
8.289432e+02;1.969726e-21
8.289932e+02;1.969635e-21
8.290432e+02;1.969544e-21
8.290932e+02;1.969453e-21
8.291432e+02;1.969361e-21
8.291932e+02;1.969270e-21
8.292432e+02;1.969179e-21
8.292932e+02;1.969088e-21
8.293432e+02;1.968997e-21
8.293932e+02;1.968905e-21
8.294432e+02;1.968814e-21
8.294932e+02;1.968723e-21
8.295432e+02;1.968632e-21
8.295932e+02;1.968541e-21
8.296432e+02;1.968449e-21
8.296932e+02;1.968358e-21
8.297432e+02;1.968267e-21
8.297932e+02;1.968176e-21
8.298432e+02;1.968085e-21
8.298932e+02;1.967994e-21
8.299432e+02;1.967903e-21
8.299932e+02;1.967812e-21
8.300432e+02;1.967721e-21
8.300932e+02;1.967629e-21
8.301432e+02;1.967538e-21
8.301932e+02;1.967447e-21
8.302432e+02;1.967356e-21
8.302932e+02;1.967265e-21
8.303432e+02;1.967174e-21
8.303932e+02;1.967083e-21
8.304432e+02;1.966992e-21
8.304932e+02;1.966901e-21
8.305432e+02;1.966810e-21
8.305932e+02;1.966719e-21
8.306432e+02;1.966628e-21
8.306932e+02;1.966537e-21
8.307432e+02;1.966446e-21
8.307932e+02;1.966355e-21
8.308432e+02;1.966264e-21
8.308932e+02;1.966173e-21
8.309432e+02;1.966083e-21
8.309932e+02;1.965992e-21
8.310432e+02;1.965901e-21
8.310932e+02;1.965810e-21
8.311432e+02;1.965719e-21
8.311932e+02;1.965628e-21
8.312432e+02;1.965537e-21
8.312933e+02;1.965446e-21
8.313433e+02;1.965355e-21
8.313933e+02;1.965265e-21
8.314433e+02;1.965174e-21
8.314933e+02;1.965083e-21
8.315433e+02;1.964992e-21
8.315933e+02;1.964901e-21
8.316433e+02;1.964811e-21
8.316933e+02;1.964720e-21
8.317433e+02;1.964629e-21
8.317933e+02;1.964538e-21
8.318433e+02;1.964447e-21
8.318933e+02;1.964357e-21
8.319433e+02;1.964266e-21
8.319933e+02;1.964175e-21
8.320433e+02;1.964084e-21
8.320933e+02;1.963994e-21
8.321433e+02;1.963903e-21
8.321933e+02;1.963812e-21
8.322433e+02;1.963722e-21
8.322933e+02;1.963631e-21
8.323433e+02;1.963540e-21
8.323933e+02;1.963450e-21
8.324433e+02;1.963359e-21
8.324933e+02;1.963268e-21
8.325433e+02;1.963178e-21
8.325933e+02;1.963087e-21
8.326433e+02;1.962996e-21
8.326933e+02;1.962906e-21
8.327433e+02;1.962815e-21
8.327933e+02;1.962725e-21
8.328433e+02;1.962634e-21
8.328933e+02;1.962543e-21
8.329433e+02;1.962453e-21
8.329933e+02;1.962362e-21
8.330433e+02;1.962272e-21
8.330933e+02;1.962181e-21
8.331433e+02;1.962091e-21
8.331933e+02;1.962000e-21
8.332433e+02;1.961910e-21
8.332933e+02;1.961819e-21
8.333433e+02;1.961729e-21
8.333933e+02;1.961638e-21
8.334433e+02;1.961548e-21
8.334933e+02;1.961457e-21
8.335433e+02;1.961367e-21
8.335933e+02;1.961276e-21
8.336433e+02;1.961186e-21
8.336933e+02;1.961095e-21
8.337433e+02;1.961005e-21
8.337934e+02;1.960914e-21
8.338434e+02;1.960824e-21
8.338934e+02;1.960734e-21
8.339434e+02;1.960643e-21
8.339934e+02;1.960553e-21
8.340434e+02;1.960462e-21
8.340934e+02;1.960372e-21
8.341434e+02;1.960282e-21
8.341934e+02;1.960191e-21
8.342434e+02;1.960101e-21
8.342934e+02;1.960011e-21
8.343434e+02;1.959920e-21
8.343934e+02;1.959830e-21
8.344434e+02;1.959740e-21
8.344934e+02;1.959649e-21
8.345434e+02;1.959559e-21
8.345934e+02;1.959469e-21
8.346434e+02;1.959379e-21
8.346934e+02;1.959288e-21
8.347434e+02;1.959198e-21
8.347934e+02;1.959108e-21
8.348434e+02;1.959018e-21
8.348934e+02;1.958927e-21
8.349434e+02;1.958837e-21
8.349934e+02;1.958747e-21
8.350434e+02;1.958657e-21
8.350934e+02;1.958567e-21
8.351434e+02;1.958476e-21
8.351934e+02;1.958386e-21
8.352434e+02;1.958296e-21
8.352934e+02;1.958206e-21
8.353434e+02;1.958116e-21
8.353934e+02;1.958026e-21
8.354434e+02;1.957935e-21
8.354934e+02;1.957845e-21
8.355434e+02;1.957755e-21
8.355934e+02;1.957665e-21
8.356434e+02;1.957575e-21
8.356934e+02;1.957485e-21
8.357434e+02;1.957395e-21
8.357934e+02;1.957305e-21
8.358434e+02;1.957215e-21
8.358934e+02;1.957125e-21
8.359434e+02;1.957035e-21
8.359934e+02;1.956945e-21
8.360434e+02;1.956854e-21
8.360934e+02;1.956764e-21
8.361434e+02;1.956674e-21
8.361934e+02;1.956584e-21
8.362434e+02;1.956494e-21
8.362935e+02;1.956404e-21
8.363435e+02;1.956314e-21
8.363935e+02;1.956225e-21
8.364435e+02;1.956135e-21
8.364935e+02;1.956045e-21
8.365435e+02;1.955955e-21
8.365935e+02;1.955865e-21
8.366435e+02;1.955775e-21
8.366935e+02;1.955685e-21
8.367435e+02;1.955595e-21
8.367935e+02;1.955505e-21
8.368435e+02;1.955415e-21
8.368935e+02;1.955325e-21
8.369435e+02;1.955235e-21
8.369935e+02;1.955146e-21
8.370435e+02;1.955056e-21
8.370935e+02;1.954966e-21
8.371435e+02;1.954876e-21
8.371935e+02;1.954786e-21
8.372435e+02;1.954696e-21
8.372935e+02;1.954607e-21
8.373435e+02;1.954517e-21
8.373935e+02;1.954427e-21
8.374435e+02;1.954337e-21
8.374935e+02;1.954247e-21
8.375435e+02;1.954158e-21
8.375935e+02;1.954068e-21
8.376435e+02;1.953978e-21
8.376935e+02;1.953888e-21
8.377435e+02;1.953799e-21
8.377935e+02;1.953709e-21
8.378435e+02;1.953619e-21
8.378935e+02;1.953530e-21
8.379435e+02;1.953440e-21
8.379935e+02;1.953350e-21
8.380435e+02;1.953260e-21
8.380935e+02;1.953171e-21
8.381435e+02;1.953081e-21
8.381935e+02;1.952991e-21
8.382435e+02;1.952902e-21
8.382935e+02;1.952812e-21
8.383435e+02;1.952723e-21
8.383935e+02;1.952633e-21
8.384435e+02;1.952543e-21
8.384935e+02;1.952454e-21
8.385435e+02;1.952364e-21
8.385935e+02;1.952274e-21
8.386435e+02;1.952185e-21
8.386935e+02;1.952095e-21
8.387435e+02;1.952006e-21
8.387936e+02;1.951916e-21
8.388436e+02;1.951827e-21
8.388936e+02;1.951737e-21
8.389436e+02;1.951648e-21
8.389936e+02;1.951558e-21
8.390436e+02;1.951469e-21
8.390936e+02;1.951379e-21
8.391436e+02;1.951290e-21
8.391936e+02;1.951200e-21
8.392436e+02;1.951111e-21
8.392936e+02;1.951021e-21
8.393436e+02;1.950932e-21
8.393936e+02;1.950842e-21
8.394436e+02;1.950753e-21
8.394936e+02;1.950663e-21
8.395436e+02;1.950574e-21
8.395936e+02;1.950485e-21
8.396436e+02;1.950395e-21
8.396936e+02;1.950306e-21
8.397436e+02;1.950216e-21
8.397936e+02;1.950127e-21
8.398436e+02;1.950038e-21
8.398936e+02;1.949948e-21
8.399436e+02;1.949859e-21
8.399936e+02;1.949770e-21
8.400436e+02;1.949680e-21
8.400936e+02;1.949591e-21
8.401436e+02;1.949502e-21
8.401936e+02;1.949412e-21
8.402436e+02;1.949323e-21
8.402936e+02;1.949234e-21
8.403436e+02;1.949144e-21
8.403936e+02;1.949055e-21
8.404436e+02;1.948966e-21
8.404936e+02;1.948877e-21
8.405436e+02;1.948787e-21
8.405936e+02;1.948698e-21
8.406436e+02;1.948609e-21
8.406936e+02;1.948520e-21
8.407436e+02;1.948430e-21
8.407936e+02;1.948341e-21
8.408436e+02;1.948252e-21
8.408936e+02;1.948163e-21
8.409436e+02;1.948074e-21
8.409936e+02;1.947984e-21
8.410436e+02;1.947895e-21
8.410936e+02;1.947806e-21
8.411436e+02;1.947717e-21
8.411936e+02;1.947628e-21
8.412436e+02;1.947539e-21
8.412937e+02;1.947450e-21
8.413437e+02;1.947360e-21
8.413937e+02;1.947271e-21
8.414437e+02;1.947182e-21
8.414937e+02;1.947093e-21
8.415437e+02;1.947004e-21
8.415937e+02;1.946915e-21
8.416437e+02;1.946826e-21
8.416937e+02;1.946737e-21
8.417437e+02;1.946648e-21
8.417937e+02;1.946559e-21
8.418437e+02;1.946470e-21
8.418937e+02;1.946381e-21
8.419437e+02;1.946292e-21
8.419937e+02;1.946203e-21
8.420437e+02;1.946114e-21
8.420937e+02;1.946025e-21
8.421437e+02;1.945936e-21
8.421937e+02;1.945847e-21
8.422437e+02;1.945758e-21
8.422937e+02;1.945669e-21
8.423437e+02;1.945580e-21
8.423937e+02;1.945491e-21
8.424437e+02;1.945402e-21
8.424937e+02;1.945313e-21
8.425437e+02;1.945224e-21
8.425937e+02;1.945135e-21
8.426437e+02;1.945047e-21
8.426937e+02;1.944958e-21
8.427437e+02;1.944869e-21
8.427937e+02;1.944780e-21
8.428437e+02;1.944691e-21
8.428937e+02;1.944602e-21
8.429437e+02;1.944513e-21
8.429937e+02;1.944425e-21
8.430437e+02;1.944336e-21
8.430937e+02;1.944247e-21
8.431437e+02;1.944158e-21
8.431937e+02;1.944069e-21
8.432437e+02;1.943981e-21
8.432937e+02;1.943892e-21
8.433437e+02;1.943803e-21
8.433937e+02;1.943714e-21
8.434437e+02;1.943625e-21
8.434937e+02;1.943537e-21
8.435437e+02;1.943448e-21
8.435937e+02;1.943359e-21
8.436437e+02;1.943271e-21
8.436937e+02;1.943182e-21
8.437437e+02;1.943093e-21
8.437938e+02;1.943004e-21
8.438438e+02;1.942916e-21
8.438938e+02;1.942827e-21
8.439438e+02;1.942738e-21
8.439938e+02;1.942650e-21
8.440438e+02;1.942561e-21
8.440938e+02;1.942472e-21
8.441438e+02;1.942384e-21
8.441938e+02;1.942295e-21
8.442438e+02;1.942207e-21
8.442938e+02;1.942118e-21
8.443438e+02;1.942029e-21
8.443938e+02;1.941941e-21
8.444438e+02;1.941852e-21
8.444938e+02;1.941764e-21
8.445438e+02;1.941675e-21
8.445938e+02;1.941586e-21
8.446438e+02;1.941498e-21
8.446938e+02;1.941409e-21
8.447438e+02;1.941321e-21
8.447938e+02;1.941232e-21
8.448438e+02;1.941144e-21
8.448938e+02;1.941055e-21
8.449438e+02;1.940967e-21
8.449938e+02;1.940878e-21
8.450438e+02;1.940790e-21
8.450938e+02;1.940701e-21
8.451438e+02;1.940613e-21
8.451938e+02;1.940524e-21
8.452438e+02;1.940436e-21
8.452938e+02;1.940348e-21
8.453438e+02;1.940259e-21
8.453938e+02;1.940171e-21
8.454438e+02;1.940082e-21
8.454938e+02;1.939994e-21
8.455438e+02;1.939905e-21
8.455938e+02;1.939817e-21
8.456438e+02;1.939729e-21
8.456938e+02;1.939640e-21
8.457438e+02;1.939552e-21
8.457938e+02;1.939464e-21
8.458438e+02;1.939375e-21
8.458938e+02;1.939287e-21
8.459438e+02;1.939199e-21
8.459938e+02;1.939110e-21
8.460438e+02;1.939022e-21
8.460938e+02;1.938934e-21
8.461438e+02;1.938845e-21
8.461938e+02;1.938757e-21
8.462438e+02;1.938669e-21
8.462939e+02;1.938580e-21
8.463439e+02;1.938492e-21
8.463939e+02;1.938404e-21
8.464439e+02;1.938316e-21
8.464939e+02;1.938227e-21
8.465439e+02;1.938139e-21
8.465939e+02;1.938051e-21
8.466439e+02;1.937963e-21
8.466939e+02;1.937875e-21
8.467439e+02;1.937786e-21
8.467939e+02;1.937698e-21
8.468439e+02;1.937610e-21
8.468939e+02;1.937522e-21
8.469439e+02;1.937434e-21
8.469939e+02;1.937346e-21
8.470439e+02;1.937257e-21
8.470939e+02;1.937169e-21
8.471439e+02;1.937081e-21
8.471939e+02;1.936993e-21
8.472439e+02;1.936905e-21
8.472939e+02;1.936817e-21
8.473439e+02;1.936729e-21
8.473939e+02;1.936641e-21
8.474439e+02;1.936553e-21
8.474939e+02;1.936465e-21
8.475439e+02;1.936376e-21
8.475939e+02;1.936288e-21
8.476439e+02;1.936200e-21
8.476939e+02;1.936112e-21
8.477439e+02;1.936024e-21
8.477939e+02;1.935936e-21
8.478439e+02;1.935848e-21
8.478939e+02;1.935760e-21
8.479439e+02;1.935672e-21
8.479939e+02;1.935584e-21
8.480439e+02;1.935496e-21
8.480939e+02;1.935408e-21
8.481439e+02;1.935320e-21
8.481939e+02;1.935232e-21
8.482439e+02;1.935144e-21
8.482939e+02;1.935057e-21
8.483439e+02;1.934969e-21
8.483939e+02;1.934881e-21
8.484439e+02;1.934793e-21
8.484939e+02;1.934705e-21
8.485439e+02;1.934617e-21
8.485939e+02;1.934529e-21
8.486439e+02;1.934441e-21
8.486939e+02;1.934353e-21
8.487439e+02;1.934266e-21
8.487940e+02;1.934178e-21
8.488440e+02;1.934090e-21
8.488940e+02;1.934002e-21
8.489440e+02;1.933914e-21
8.489940e+02;1.933826e-21
8.490440e+02;1.933739e-21
8.490940e+02;1.933651e-21
8.491440e+02;1.933563e-21
8.491940e+02;1.933475e-21
8.492440e+02;1.933387e-21
8.492940e+02;1.933300e-21
8.493440e+02;1.933212e-21
8.493940e+02;1.933124e-21
8.494440e+02;1.933036e-21
8.494940e+02;1.932949e-21
8.495440e+02;1.932861e-21
8.495940e+02;1.932773e-21
8.496440e+02;1.932686e-21
8.496940e+02;1.932598e-21
8.497440e+02;1.932510e-21
8.497940e+02;1.932422e-21
8.498440e+02;1.932335e-21
8.498940e+02;1.932247e-21
8.499440e+02;1.932159e-21
8.499940e+02;1.932072e-21
8.500440e+02;1.931984e-21
8.500940e+02;1.931897e-21
8.501440e+02;1.931809e-21
8.501940e+02;1.931721e-21
8.502440e+02;1.931634e-21
8.502940e+02;1.931546e-21
8.503440e+02;1.931458e-21
8.503940e+02;1.931371e-21
8.504440e+02;1.931283e-21
8.504940e+02;1.931196e-21
8.505440e+02;1.931108e-21
8.505940e+02;1.931021e-21
8.506440e+02;1.930933e-21
8.506940e+02;1.930846e-21
8.507440e+02;1.930758e-21
8.507940e+02;1.930671e-21
8.508440e+02;1.930583e-21
8.508940e+02;1.930496e-21
8.509440e+02;1.930408e-21
8.509940e+02;1.930321e-21
8.510440e+02;1.930233e-21
8.510940e+02;1.930146e-21
8.511440e+02;1.930058e-21
8.511940e+02;1.929971e-21
8.512440e+02;1.929883e-21
8.512941e+02;1.929796e-21
8.513441e+02;1.929708e-21
8.513941e+02;1.929621e-21
8.514441e+02;1.929534e-21
8.514941e+02;1.929446e-21
8.515441e+02;1.929359e-21
8.515941e+02;1.929271e-21
8.516441e+02;1.929184e-21
8.516941e+02;1.929097e-21
8.517441e+02;1.929009e-21
8.517941e+02;1.928922e-21
8.518441e+02;1.928835e-21
8.518941e+02;1.928747e-21
8.519441e+02;1.928660e-21
8.519941e+02;1.928573e-21
8.520441e+02;1.928485e-21
8.520941e+02;1.928398e-21
8.521441e+02;1.928311e-21
8.521941e+02;1.928223e-21
8.522441e+02;1.928136e-21
8.522941e+02;1.928049e-21
8.523441e+02;1.927962e-21
8.523941e+02;1.927874e-21
8.524441e+02;1.927787e-21
8.524941e+02;1.927700e-21
8.525441e+02;1.927613e-21
8.525941e+02;1.927526e-21
8.526441e+02;1.927438e-21
8.526941e+02;1.927351e-21
8.527441e+02;1.927264e-21
8.527941e+02;1.927177e-21
8.528441e+02;1.927090e-21
8.528941e+02;1.927002e-21
8.529441e+02;1.926915e-21
8.529941e+02;1.926828e-21
8.530441e+02;1.926741e-21
8.530941e+02;1.926654e-21
8.531441e+02;1.926567e-21
8.531941e+02;1.926480e-21
8.532441e+02;1.926392e-21
8.532941e+02;1.926305e-21
8.533441e+02;1.926218e-21
8.533941e+02;1.926131e-21
8.534441e+02;1.926044e-21
8.534941e+02;1.925957e-21
8.535441e+02;1.925870e-21
8.535941e+02;1.925783e-21
8.536441e+02;1.925696e-21
8.536941e+02;1.925609e-21
8.537441e+02;1.925522e-21
8.537942e+02;1.925435e-21
8.538442e+02;1.925348e-21
8.538942e+02;1.925261e-21
8.539442e+02;1.925174e-21
8.539942e+02;1.925087e-21
8.540442e+02;1.925000e-21
8.540942e+02;1.924913e-21
8.541442e+02;1.924826e-21
8.541942e+02;1.924739e-21
8.542442e+02;1.924652e-21
8.542942e+02;1.924565e-21
8.543442e+02;1.924478e-21
8.543942e+02;1.924391e-21
8.544442e+02;1.924304e-21
8.544942e+02;1.924217e-21
8.545442e+02;1.924131e-21
8.545942e+02;1.924044e-21
8.546442e+02;1.923957e-21
8.546942e+02;1.923870e-21
8.547442e+02;1.923783e-21
8.547942e+02;1.923696e-21
8.548442e+02;1.923609e-21
8.548942e+02;1.923523e-21
8.549442e+02;1.923436e-21
8.549942e+02;1.923349e-21
8.550442e+02;1.923262e-21
8.550942e+02;1.923175e-21
8.551442e+02;1.923088e-21
8.551942e+02;1.923002e-21
8.552442e+02;1.922915e-21
8.552942e+02;1.922828e-21
8.553442e+02;1.922741e-21
8.553942e+02;1.922655e-21
8.554442e+02;1.922568e-21
8.554942e+02;1.922481e-21
8.555442e+02;1.922394e-21
8.555942e+02;1.922308e-21
8.556442e+02;1.922221e-21
8.556942e+02;1.922134e-21
8.557442e+02;1.922048e-21
8.557942e+02;1.921961e-21
8.558442e+02;1.921874e-21
8.558942e+02;1.921788e-21
8.559442e+02;1.921701e-21
8.559942e+02;1.921614e-21
8.560442e+02;1.921528e-21
8.560942e+02;1.921441e-21
8.561442e+02;1.921354e-21
8.561942e+02;1.921268e-21
8.562442e+02;1.921181e-21
8.562943e+02;1.921094e-21
8.563443e+02;1.921008e-21
8.563943e+02;1.920921e-21
8.564443e+02;1.920835e-21
8.564943e+02;1.920748e-21
8.565443e+02;1.920662e-21
8.565943e+02;1.920575e-21
8.566443e+02;1.920488e-21
8.566943e+02;1.920402e-21
8.567443e+02;1.920315e-21
8.567943e+02;1.920229e-21
8.568443e+02;1.920142e-21
8.568943e+02;1.920056e-21
8.569443e+02;1.919969e-21
8.569943e+02;1.919883e-21
8.570443e+02;1.919796e-21
8.570943e+02;1.919710e-21
8.571443e+02;1.919623e-21
8.571943e+02;1.919537e-21
8.572443e+02;1.919451e-21
8.572943e+02;1.919364e-21
8.573443e+02;1.919278e-21
8.573943e+02;1.919191e-21
8.574443e+02;1.919105e-21
8.574943e+02;1.919018e-21
8.575443e+02;1.918932e-21
8.575943e+02;1.918846e-21
8.576443e+02;1.918759e-21
8.576943e+02;1.918673e-21
8.577443e+02;1.918586e-21
8.577943e+02;1.918500e-21
8.578443e+02;1.918414e-21
8.578943e+02;1.918327e-21
8.579443e+02;1.918241e-21
8.579943e+02;1.918155e-21
8.580443e+02;1.918068e-21
8.580943e+02;1.917982e-21
8.581443e+02;1.917896e-21
8.581943e+02;1.917810e-21
8.582443e+02;1.917723e-21
8.582943e+02;1.917637e-21
8.583443e+02;1.917551e-21
8.583943e+02;1.917464e-21
8.584443e+02;1.917378e-21
8.584943e+02;1.917292e-21
8.585443e+02;1.917206e-21
8.585943e+02;1.917119e-21
8.586443e+02;1.917033e-21
8.586943e+02;1.916947e-21
8.587443e+02;1.916861e-21
8.587944e+02;1.916775e-21
8.588444e+02;1.916688e-21
8.588944e+02;1.916602e-21
8.589444e+02;1.916516e-21
8.589944e+02;1.916430e-21
8.590444e+02;1.916344e-21
8.590944e+02;1.916258e-21
8.591444e+02;1.916172e-21
8.591944e+02;1.916085e-21
8.592444e+02;1.915999e-21
8.592944e+02;1.915913e-21
8.593444e+02;1.915827e-21
8.593944e+02;1.915741e-21
8.594444e+02;1.915655e-21
8.594944e+02;1.915569e-21
8.595444e+02;1.915483e-21
8.595944e+02;1.915397e-21
8.596444e+02;1.915311e-21
8.596944e+02;1.915225e-21
8.597444e+02;1.915138e-21
8.597944e+02;1.915052e-21
8.598444e+02;1.914966e-21
8.598944e+02;1.914880e-21
8.599444e+02;1.914794e-21
8.599944e+02;1.914708e-21
8.600444e+02;1.914622e-21
8.600944e+02;1.914536e-21
8.601444e+02;1.914450e-21
8.601944e+02;1.914364e-21
8.602444e+02;1.914278e-21
8.602944e+02;1.914193e-21
8.603444e+02;1.914107e-21
8.603944e+02;1.914021e-21
8.604444e+02;1.913935e-21
8.604944e+02;1.913849e-21
8.605444e+02;1.913763e-21
8.605944e+02;1.913677e-21
8.606444e+02;1.913591e-21
8.606944e+02;1.913505e-21
8.607444e+02;1.913419e-21
8.607944e+02;1.913333e-21
8.608444e+02;1.913248e-21
8.608944e+02;1.913162e-21
8.609444e+02;1.913076e-21
8.609944e+02;1.912990e-21
8.610444e+02;1.912904e-21
8.610944e+02;1.912818e-21
8.611444e+02;1.912733e-21
8.611944e+02;1.912647e-21
8.612444e+02;1.912561e-21
8.612945e+02;1.912475e-21
8.613445e+02;1.912389e-21
8.613945e+02;1.912304e-21
8.614445e+02;1.912218e-21
8.614945e+02;1.912132e-21
8.615445e+02;1.912046e-21
8.615945e+02;1.911961e-21
8.616445e+02;1.911875e-21
8.616945e+02;1.911789e-21
8.617445e+02;1.911703e-21
8.617945e+02;1.911618e-21
8.618445e+02;1.911532e-21
8.618945e+02;1.911446e-21
8.619445e+02;1.911361e-21
8.619945e+02;1.911275e-21
8.620445e+02;1.911189e-21
8.620945e+02;1.911104e-21
8.621445e+02;1.911018e-21
8.621945e+02;1.910932e-21
8.622445e+02;1.910847e-21
8.622945e+02;1.910761e-21
8.623445e+02;1.910675e-21
8.623945e+02;1.910590e-21
8.624445e+02;1.910504e-21
8.624945e+02;1.910419e-21
8.625445e+02;1.910333e-21
8.625945e+02;1.910247e-21
8.626445e+02;1.910162e-21
8.626945e+02;1.910076e-21
8.627445e+02;1.909991e-21
8.627945e+02;1.909905e-21
8.628445e+02;1.909820e-21
8.628945e+02;1.909734e-21
8.629445e+02;1.909649e-21
8.629945e+02;1.909563e-21
8.630445e+02;1.909478e-21
8.630945e+02;1.909392e-21
8.631445e+02;1.909307e-21
8.631945e+02;1.909221e-21
8.632445e+02;1.909136e-21
8.632945e+02;1.909050e-21
8.633445e+02;1.908965e-21
8.633945e+02;1.908879e-21
8.634445e+02;1.908794e-21
8.634945e+02;1.908708e-21
8.635445e+02;1.908623e-21
8.635945e+02;1.908538e-21
8.636445e+02;1.908452e-21
8.636945e+02;1.908367e-21
8.637445e+02;1.908281e-21
8.637946e+02;1.908196e-21
8.638446e+02;1.908111e-21
8.638946e+02;1.908025e-21
8.639446e+02;1.907940e-21
8.639946e+02;1.907854e-21
8.640446e+02;1.907769e-21
8.640946e+02;1.907684e-21
8.641446e+02;1.907598e-21
8.641946e+02;1.907513e-21
8.642446e+02;1.907428e-21
8.642946e+02;1.907343e-21
8.643446e+02;1.907257e-21
8.643946e+02;1.907172e-21
8.644446e+02;1.907087e-21
8.644946e+02;1.907001e-21
8.645446e+02;1.906916e-21
8.645946e+02;1.906831e-21
8.646446e+02;1.906746e-21
8.646946e+02;1.906660e-21
8.647446e+02;1.906575e-21
8.647946e+02;1.906490e-21
8.648446e+02;1.906405e-21
8.648946e+02;1.906319e-21
8.649446e+02;1.906234e-21
8.649946e+02;1.906149e-21
8.650446e+02;1.906064e-21
8.650946e+02;1.905979e-21
8.651446e+02;1.905894e-21
8.651946e+02;1.905808e-21
8.652446e+02;1.905723e-21
8.652946e+02;1.905638e-21
8.653446e+02;1.905553e-21
8.653946e+02;1.905468e-21
8.654446e+02;1.905383e-21
8.654946e+02;1.905298e-21
8.655446e+02;1.905212e-21
8.655946e+02;1.905127e-21
8.656446e+02;1.905042e-21
8.656946e+02;1.904957e-21
8.657446e+02;1.904872e-21
8.657946e+02;1.904787e-21
8.658446e+02;1.904702e-21
8.658946e+02;1.904617e-21
8.659446e+02;1.904532e-21
8.659946e+02;1.904447e-21
8.660446e+02;1.904362e-21
8.660946e+02;1.904277e-21
8.661446e+02;1.904192e-21
8.661946e+02;1.904107e-21
8.662446e+02;1.904022e-21
8.662947e+02;1.903937e-21
8.663447e+02;1.903852e-21
8.663947e+02;1.903767e-21
8.664447e+02;1.903682e-21
8.664947e+02;1.903597e-21
8.665447e+02;1.903512e-21
8.665947e+02;1.903427e-21
8.666447e+02;1.903342e-21
8.666947e+02;1.903257e-21
8.667447e+02;1.903172e-21
8.667947e+02;1.903087e-21
8.668447e+02;1.903002e-21
8.668947e+02;1.902918e-21
8.669447e+02;1.902833e-21
8.669947e+02;1.902748e-21
8.670447e+02;1.902663e-21
8.670947e+02;1.902578e-21
8.671447e+02;1.902493e-21
8.671947e+02;1.902408e-21
8.672447e+02;1.902324e-21
8.672947e+02;1.902239e-21
8.673447e+02;1.902154e-21
8.673947e+02;1.902069e-21
8.674447e+02;1.901984e-21
8.674947e+02;1.901899e-21
8.675447e+02;1.901815e-21
8.675947e+02;1.901730e-21
8.676447e+02;1.901645e-21
8.676947e+02;1.901560e-21
8.677447e+02;1.901476e-21
8.677947e+02;1.901391e-21
8.678447e+02;1.901306e-21
8.678947e+02;1.901221e-21
8.679447e+02;1.901137e-21
8.679947e+02;1.901052e-21
8.680447e+02;1.900967e-21
8.680947e+02;1.900883e-21
8.681447e+02;1.900798e-21
8.681947e+02;1.900713e-21
8.682447e+02;1.900629e-21
8.682947e+02;1.900544e-21
8.683447e+02;1.900459e-21
8.683947e+02;1.900375e-21
8.684447e+02;1.900290e-21
8.684947e+02;1.900205e-21
8.685447e+02;1.900121e-21
8.685947e+02;1.900036e-21
8.686447e+02;1.899951e-21
8.686947e+02;1.899867e-21
8.687447e+02;1.899782e-21
8.687948e+02;1.899698e-21
8.688448e+02;1.899613e-21
8.688948e+02;1.899528e-21
8.689448e+02;1.899444e-21
8.689948e+02;1.899359e-21
8.690448e+02;1.899275e-21
8.690948e+02;1.899190e-21
8.691448e+02;1.899106e-21
8.691948e+02;1.899021e-21
8.692448e+02;1.898937e-21
8.692948e+02;1.898852e-21
8.693448e+02;1.898768e-21
8.693948e+02;1.898683e-21
8.694448e+02;1.898599e-21
8.694948e+02;1.898514e-21
8.695448e+02;1.898430e-21
8.695948e+02;1.898345e-21
8.696448e+02;1.898261e-21
8.696948e+02;1.898176e-21
8.697448e+02;1.898092e-21
8.697948e+02;1.898007e-21
8.698448e+02;1.897923e-21
8.698948e+02;1.897839e-21
8.699448e+02;1.897754e-21
8.699948e+02;1.897670e-21
8.700448e+02;1.897585e-21
8.700948e+02;1.897501e-21
8.701448e+02;1.897417e-21
8.701948e+02;1.897332e-21
8.702448e+02;1.897248e-21
8.702948e+02;1.897164e-21
8.703448e+02;1.897079e-21
8.703948e+02;1.896995e-21
8.704448e+02;1.896911e-21
8.704948e+02;1.896826e-21
8.705448e+02;1.896742e-21
8.705948e+02;1.896658e-21
8.706448e+02;1.896573e-21
8.706948e+02;1.896489e-21
8.707448e+02;1.896405e-21
8.707948e+02;1.896320e-21
8.708448e+02;1.896236e-21
8.708948e+02;1.896152e-21
8.709448e+02;1.896068e-21
8.709948e+02;1.895983e-21
8.710448e+02;1.895899e-21
8.710948e+02;1.895815e-21
8.711448e+02;1.895731e-21
8.711948e+02;1.895647e-21
8.712448e+02;1.895562e-21
8.712949e+02;1.895478e-21
8.713449e+02;1.895394e-21
8.713949e+02;1.895310e-21
8.714449e+02;1.895226e-21
8.714949e+02;1.895141e-21
8.715449e+02;1.895057e-21
8.715949e+02;1.894973e-21
8.716449e+02;1.894889e-21
8.716949e+02;1.894805e-21
8.717449e+02;1.894721e-21
8.717949e+02;1.894637e-21
8.718449e+02;1.894553e-21
8.718949e+02;1.894468e-21
8.719449e+02;1.894384e-21
8.719949e+02;1.894300e-21
8.720449e+02;1.894216e-21
8.720949e+02;1.894132e-21
8.721449e+02;1.894048e-21
8.721949e+02;1.893964e-21
8.722449e+02;1.893880e-21
8.722949e+02;1.893796e-21
8.723449e+02;1.893712e-21
8.723949e+02;1.893628e-21
8.724449e+02;1.893544e-21
8.724949e+02;1.893460e-21
8.725449e+02;1.893376e-21
8.725949e+02;1.893292e-21
8.726449e+02;1.893208e-21
8.726949e+02;1.893124e-21
8.727449e+02;1.893040e-21
8.727949e+02;1.892956e-21
8.728449e+02;1.892872e-21
8.728949e+02;1.892788e-21
8.729449e+02;1.892704e-21
8.729949e+02;1.892620e-21
8.730449e+02;1.892536e-21
8.730949e+02;1.892452e-21
8.731449e+02;1.892368e-21
8.731949e+02;1.892285e-21
8.732449e+02;1.892201e-21
8.732949e+02;1.892117e-21
8.733449e+02;1.892033e-21
8.733949e+02;1.891949e-21
8.734449e+02;1.891865e-21
8.734949e+02;1.891781e-21
8.735449e+02;1.891697e-21
8.735949e+02;1.891614e-21
8.736449e+02;1.891530e-21
8.736949e+02;1.891446e-21
8.737449e+02;1.891362e-21
8.737950e+02;1.891278e-21
8.738450e+02;1.891195e-21
8.738950e+02;1.891111e-21
8.739450e+02;1.891027e-21
8.739950e+02;1.890943e-21
8.740450e+02;1.890859e-21
8.740950e+02;1.890776e-21
8.741450e+02;1.890692e-21
8.741950e+02;1.890608e-21
8.742450e+02;1.890524e-21
8.742950e+02;1.890441e-21
8.743450e+02;1.890357e-21
8.743950e+02;1.890273e-21
8.744450e+02;1.890190e-21
8.744950e+02;1.890106e-21
8.745450e+02;1.890022e-21
8.745950e+02;1.889939e-21
8.746450e+02;1.889855e-21
8.746950e+02;1.889771e-21
8.747450e+02;1.889688e-21
8.747950e+02;1.889604e-21
8.748450e+02;1.889520e-21
8.748950e+02;1.889437e-21
8.749450e+02;1.889353e-21
8.749950e+02;1.889269e-21
8.750450e+02;1.889186e-21
8.750950e+02;1.889102e-21
8.751450e+02;1.889019e-21
8.751950e+02;1.888935e-21
8.752450e+02;1.888851e-21
8.752950e+02;1.888768e-21
8.753450e+02;1.888684e-21
8.753950e+02;1.888601e-21
8.754450e+02;1.888517e-21
8.754950e+02;1.888434e-21
8.755450e+02;1.888350e-21
8.755950e+02;1.888267e-21
8.756450e+02;1.888183e-21
8.756950e+02;1.888100e-21
8.757450e+02;1.888016e-21
8.757950e+02;1.887933e-21
8.758450e+02;1.887849e-21
8.758950e+02;1.887766e-21
8.759450e+02;1.887682e-21
8.759950e+02;1.887599e-21
8.760450e+02;1.887515e-21
8.760950e+02;1.887432e-21
8.761450e+02;1.887348e-21
8.761950e+02;1.887265e-21
8.762450e+02;1.887182e-21
8.762951e+02;1.887098e-21
8.763451e+02;1.887015e-21
8.763951e+02;1.886931e-21
8.764451e+02;1.886848e-21
8.764951e+02;1.886765e-21
8.765451e+02;1.886681e-21
8.765951e+02;1.886598e-21
8.766451e+02;1.886514e-21
8.766951e+02;1.886431e-21
8.767451e+02;1.886348e-21
8.767951e+02;1.886264e-21
8.768451e+02;1.886181e-21
8.768951e+02;1.886098e-21
8.769451e+02;1.886014e-21
8.769951e+02;1.885931e-21
8.770451e+02;1.885848e-21
8.770951e+02;1.885765e-21
8.771451e+02;1.885681e-21
8.771951e+02;1.885598e-21
8.772451e+02;1.885515e-21
8.772951e+02;1.885431e-21
8.773451e+02;1.885348e-21
8.773951e+02;1.885265e-21
8.774451e+02;1.885182e-21
8.774951e+02;1.885098e-21
8.775451e+02;1.885015e-21
8.775951e+02;1.884932e-21
8.776451e+02;1.884849e-21
8.776951e+02;1.884766e-21
8.777451e+02;1.884682e-21
8.777951e+02;1.884599e-21
8.778451e+02;1.884516e-21
8.778951e+02;1.884433e-21
8.779451e+02;1.884350e-21
8.779951e+02;1.884267e-21
8.780451e+02;1.884183e-21
8.780951e+02;1.884100e-21
8.781451e+02;1.884017e-21
8.781951e+02;1.883934e-21
8.782451e+02;1.883851e-21
8.782951e+02;1.883768e-21
8.783451e+02;1.883685e-21
8.783951e+02;1.883602e-21
8.784451e+02;1.883519e-21
8.784951e+02;1.883436e-21
8.785451e+02;1.883352e-21
8.785951e+02;1.883269e-21
8.786451e+02;1.883186e-21
8.786951e+02;1.883103e-21
8.787451e+02;1.883020e-21
8.787952e+02;1.882937e-21
8.788452e+02;1.882854e-21
8.788952e+02;1.882771e-21
8.789452e+02;1.882688e-21
8.789952e+02;1.882605e-21
8.790452e+02;1.882522e-21
8.790952e+02;1.882439e-21
8.791452e+02;1.882356e-21
8.791952e+02;1.882273e-21
8.792452e+02;1.882190e-21
8.792952e+02;1.882107e-21
8.793452e+02;1.882024e-21
8.793952e+02;1.881941e-21
8.794452e+02;1.881859e-21
8.794952e+02;1.881776e-21
8.795452e+02;1.881693e-21
8.795952e+02;1.881610e-21
8.796452e+02;1.881527e-21
8.796952e+02;1.881444e-21
8.797452e+02;1.881361e-21
8.797952e+02;1.881278e-21
8.798452e+02;1.881195e-21
8.798952e+02;1.881113e-21
8.799452e+02;1.881030e-21
8.799952e+02;1.880947e-21
8.800452e+02;1.880864e-21
8.800952e+02;1.880781e-21
8.801452e+02;1.880698e-21
8.801952e+02;1.880616e-21
8.802452e+02;1.880533e-21
8.802952e+02;1.880450e-21
8.803452e+02;1.880367e-21
8.803952e+02;1.880284e-21
8.804452e+02;1.880202e-21
8.804952e+02;1.880119e-21
8.805452e+02;1.880036e-21
8.805952e+02;1.879953e-21
8.806452e+02;1.879871e-21
8.806952e+02;1.879788e-21
8.807452e+02;1.879705e-21
8.807952e+02;1.879622e-21
8.808452e+02;1.879540e-21
8.808952e+02;1.879457e-21
8.809452e+02;1.879374e-21
8.809952e+02;1.879292e-21
8.810452e+02;1.879209e-21
8.810952e+02;1.879126e-21
8.811452e+02;1.879044e-21
8.811952e+02;1.878961e-21
8.812452e+02;1.878878e-21
8.812953e+02;1.878796e-21
8.813453e+02;1.878713e-21
8.813953e+02;1.878630e-21
8.814453e+02;1.878548e-21
8.814953e+02;1.878465e-21
8.815453e+02;1.878382e-21
8.815953e+02;1.878300e-21
8.816453e+02;1.878217e-21
8.816953e+02;1.878135e-21
8.817453e+02;1.878052e-21
8.817953e+02;1.877970e-21
8.818453e+02;1.877887e-21
8.818953e+02;1.877804e-21
8.819453e+02;1.877722e-21
8.819953e+02;1.877639e-21
8.820453e+02;1.877557e-21
8.820953e+02;1.877474e-21
8.821453e+02;1.877392e-21
8.821953e+02;1.877309e-21
8.822453e+02;1.877227e-21
8.822953e+02;1.877144e-21
8.823453e+02;1.877062e-21
8.823953e+02;1.876979e-21
8.824453e+02;1.876897e-21
8.824953e+02;1.876814e-21
8.825453e+02;1.876732e-21
8.825953e+02;1.876649e-21
8.826453e+02;1.876567e-21
8.826953e+02;1.876485e-21
8.827453e+02;1.876402e-21
8.827953e+02;1.876320e-21
8.828453e+02;1.876237e-21
8.828953e+02;1.876155e-21
8.829453e+02;1.876073e-21
8.829953e+02;1.875990e-21
8.830453e+02;1.875908e-21
8.830953e+02;1.875825e-21
8.831453e+02;1.875743e-21
8.831953e+02;1.875661e-21
8.832453e+02;1.875578e-21
8.832953e+02;1.875496e-21
8.833453e+02;1.875414e-21
8.833953e+02;1.875331e-21
8.834453e+02;1.875249e-21
8.834953e+02;1.875167e-21
8.835453e+02;1.875084e-21
8.835953e+02;1.875002e-21
8.836453e+02;1.874920e-21
8.836953e+02;1.874838e-21
8.837453e+02;1.874755e-21
8.837954e+02;1.874673e-21
8.838454e+02;1.874591e-21
8.838954e+02;1.874509e-21
8.839454e+02;1.874426e-21
8.839954e+02;1.874344e-21
8.840454e+02;1.874262e-21
8.840954e+02;1.874180e-21
8.841454e+02;1.874097e-21
8.841954e+02;1.874015e-21
8.842454e+02;1.873933e-21
8.842954e+02;1.873851e-21
8.843454e+02;1.873769e-21
8.843954e+02;1.873686e-21
8.844454e+02;1.873604e-21
8.844954e+02;1.873522e-21
8.845454e+02;1.873440e-21
8.845954e+02;1.873358e-21
8.846454e+02;1.873276e-21
8.846954e+02;1.873194e-21
8.847454e+02;1.873111e-21
8.847954e+02;1.873029e-21
8.848454e+02;1.872947e-21
8.848954e+02;1.872865e-21
8.849454e+02;1.872783e-21
8.849954e+02;1.872701e-21
8.850454e+02;1.872619e-21
8.850954e+02;1.872537e-21
8.851454e+02;1.872455e-21
8.851954e+02;1.872373e-21
8.852454e+02;1.872291e-21
8.852954e+02;1.872209e-21
8.853454e+02;1.872127e-21
8.853954e+02;1.872045e-21
8.854454e+02;1.871963e-21
8.854954e+02;1.871881e-21
8.855454e+02;1.871799e-21
8.855954e+02;1.871717e-21
8.856454e+02;1.871635e-21
8.856954e+02;1.871553e-21
8.857454e+02;1.871471e-21
8.857954e+02;1.871389e-21
8.858454e+02;1.871307e-21
8.858954e+02;1.871225e-21
8.859454e+02;1.871143e-21
8.859954e+02;1.871061e-21
8.860454e+02;1.870979e-21
8.860954e+02;1.870897e-21
8.861454e+02;1.870815e-21
8.861954e+02;1.870733e-21
8.862454e+02;1.870651e-21
8.862955e+02;1.870569e-21
8.863455e+02;1.870488e-21
8.863955e+02;1.870406e-21
8.864455e+02;1.870324e-21
8.864955e+02;1.870242e-21
8.865455e+02;1.870160e-21
8.865955e+02;1.870078e-21
8.866455e+02;1.869996e-21
8.866955e+02;1.869915e-21
8.867455e+02;1.869833e-21
8.867955e+02;1.869751e-21
8.868455e+02;1.869669e-21
8.868955e+02;1.869587e-21
8.869455e+02;1.869506e-21
8.869955e+02;1.869424e-21
8.870455e+02;1.869342e-21
8.870955e+02;1.869260e-21
8.871455e+02;1.869179e-21
8.871955e+02;1.869097e-21
8.872455e+02;1.869015e-21
8.872955e+02;1.868933e-21
8.873455e+02;1.868852e-21
8.873955e+02;1.868770e-21
8.874455e+02;1.868688e-21
8.874955e+02;1.868606e-21
8.875455e+02;1.868525e-21
8.875955e+02;1.868443e-21
8.876455e+02;1.868361e-21
8.876955e+02;1.868280e-21
8.877455e+02;1.868198e-21
8.877955e+02;1.868116e-21
8.878455e+02;1.868035e-21
8.878955e+02;1.867953e-21
8.879455e+02;1.867871e-21
8.879955e+02;1.867790e-21
8.880455e+02;1.867708e-21
8.880955e+02;1.867627e-21
8.881455e+02;1.867545e-21
8.881955e+02;1.867463e-21
8.882455e+02;1.867382e-21
8.882955e+02;1.867300e-21
8.883455e+02;1.867219e-21
8.883955e+02;1.867137e-21
8.884455e+02;1.867055e-21
8.884955e+02;1.866974e-21
8.885455e+02;1.866892e-21
8.885955e+02;1.866811e-21
8.886455e+02;1.866729e-21
8.886955e+02;1.866648e-21
8.887455e+02;1.866566e-21
8.887956e+02;1.866485e-21
8.888456e+02;1.866403e-21
8.888956e+02;1.866322e-21
8.889456e+02;1.866240e-21
8.889956e+02;1.866159e-21
8.890456e+02;1.866077e-21
8.890956e+02;1.865996e-21
8.891456e+02;1.865914e-21
8.891956e+02;1.865833e-21
8.892456e+02;1.865751e-21
8.892956e+02;1.865670e-21
8.893456e+02;1.865589e-21
8.893956e+02;1.865507e-21
8.894456e+02;1.865426e-21
8.894956e+02;1.865344e-21
8.895456e+02;1.865263e-21
8.895956e+02;1.865182e-21
8.896456e+02;1.865100e-21
8.896956e+02;1.865019e-21
8.897456e+02;1.864937e-21
8.897956e+02;1.864856e-21
8.898456e+02;1.864775e-21
8.898956e+02;1.864693e-21
8.899456e+02;1.864612e-21
8.899956e+02;1.864531e-21
8.900456e+02;1.864449e-21
8.900956e+02;1.864368e-21
8.901456e+02;1.864287e-21
8.901956e+02;1.864205e-21
8.902456e+02;1.864124e-21
8.902956e+02;1.864043e-21
8.903456e+02;1.863962e-21
8.903956e+02;1.863880e-21
8.904456e+02;1.863799e-21
8.904956e+02;1.863718e-21
8.905456e+02;1.863637e-21
8.905956e+02;1.863555e-21
8.906456e+02;1.863474e-21
8.906956e+02;1.863393e-21
8.907456e+02;1.863312e-21
8.907956e+02;1.863230e-21
8.908456e+02;1.863149e-21
8.908956e+02;1.863068e-21
8.909456e+02;1.862987e-21
8.909956e+02;1.862906e-21
8.910456e+02;1.862824e-21
8.910956e+02;1.862743e-21
8.911456e+02;1.862662e-21
8.911956e+02;1.862581e-21
8.912456e+02;1.862500e-21
8.912957e+02;1.862419e-21
8.913457e+02;1.862338e-21
8.913957e+02;1.862256e-21
8.914457e+02;1.862175e-21
8.914957e+02;1.862094e-21
8.915457e+02;1.862013e-21
8.915957e+02;1.861932e-21
8.916457e+02;1.861851e-21
8.916957e+02;1.861770e-21
8.917457e+02;1.861689e-21
8.917957e+02;1.861608e-21
8.918457e+02;1.861527e-21
8.918957e+02;1.861446e-21
8.919457e+02;1.861365e-21
8.919957e+02;1.861284e-21
8.920457e+02;1.861203e-21
8.920957e+02;1.861122e-21
8.921457e+02;1.861041e-21
8.921957e+02;1.860960e-21
8.922457e+02;1.860879e-21
8.922957e+02;1.860798e-21
8.923457e+02;1.860717e-21
8.923957e+02;1.860636e-21
8.924457e+02;1.860555e-21
8.924957e+02;1.860474e-21
8.925457e+02;1.860393e-21
8.925957e+02;1.860312e-21
8.926457e+02;1.860231e-21
8.926957e+02;1.860150e-21
8.927457e+02;1.860069e-21
8.927957e+02;1.859988e-21
8.928457e+02;1.859907e-21
8.928957e+02;1.859826e-21
8.929457e+02;1.859745e-21
8.929957e+02;1.859664e-21
8.930457e+02;1.859584e-21
8.930957e+02;1.859503e-21
8.931457e+02;1.859422e-21
8.931957e+02;1.859341e-21
8.932457e+02;1.859260e-21
8.932957e+02;1.859179e-21
8.933457e+02;1.859098e-21
8.933957e+02;1.859018e-21
8.934457e+02;1.858937e-21
8.934957e+02;1.858856e-21
8.935457e+02;1.858775e-21
8.935957e+02;1.858694e-21
8.936457e+02;1.858614e-21
8.936957e+02;1.858533e-21
8.937457e+02;1.858452e-21
8.937958e+02;1.858371e-21
8.938458e+02;1.858291e-21
8.938958e+02;1.858210e-21
8.939458e+02;1.858129e-21
8.939958e+02;1.858048e-21
8.940458e+02;1.857968e-21
8.940958e+02;1.857887e-21
8.941458e+02;1.857806e-21
8.941958e+02;1.857725e-21
8.942458e+02;1.857645e-21
8.942958e+02;1.857564e-21
8.943458e+02;1.857483e-21
8.943958e+02;1.857403e-21
8.944458e+02;1.857322e-21
8.944958e+02;1.857241e-21
8.945458e+02;1.857161e-21
8.945958e+02;1.857080e-21
8.946458e+02;1.856999e-21
8.946958e+02;1.856919e-21
8.947458e+02;1.856838e-21
8.947958e+02;1.856757e-21
8.948458e+02;1.856677e-21
8.948958e+02;1.856596e-21
8.949458e+02;1.856516e-21
8.949958e+02;1.856435e-21
8.950458e+02;1.856354e-21
8.950958e+02;1.856274e-21
8.951458e+02;1.856193e-21
8.951958e+02;1.856113e-21
8.952458e+02;1.856032e-21
8.952958e+02;1.855952e-21
8.953458e+02;1.855871e-21
8.953958e+02;1.855791e-21
8.954458e+02;1.855710e-21
8.954958e+02;1.855630e-21
8.955458e+02;1.855549e-21
8.955958e+02;1.855469e-21
8.956458e+02;1.855388e-21
8.956958e+02;1.855308e-21
8.957458e+02;1.855227e-21
8.957958e+02;1.855147e-21
8.958458e+02;1.855066e-21
8.958958e+02;1.854986e-21
8.959458e+02;1.854905e-21
8.959958e+02;1.854825e-21
8.960458e+02;1.854744e-21
8.960958e+02;1.854664e-21
8.961458e+02;1.854584e-21
8.961958e+02;1.854503e-21
8.962458e+02;1.854423e-21
8.962959e+02;1.854342e-21
8.963459e+02;1.854262e-21
8.963959e+02;1.854182e-21
8.964459e+02;1.854101e-21
8.964959e+02;1.854021e-21
8.965459e+02;1.853940e-21
8.965959e+02;1.853860e-21
8.966459e+02;1.853780e-21
8.966959e+02;1.853699e-21
8.967459e+02;1.853619e-21
8.967959e+02;1.853539e-21
8.968459e+02;1.853458e-21
8.968959e+02;1.853378e-21
8.969459e+02;1.853298e-21
8.969959e+02;1.853217e-21
8.970459e+02;1.853137e-21
8.970959e+02;1.853057e-21
8.971459e+02;1.852977e-21
8.971959e+02;1.852896e-21
8.972459e+02;1.852816e-21
8.972959e+02;1.852736e-21
8.973459e+02;1.852656e-21
8.973959e+02;1.852575e-21
8.974459e+02;1.852495e-21
8.974959e+02;1.852415e-21
8.975459e+02;1.852335e-21
8.975959e+02;1.852254e-21
8.976459e+02;1.852174e-21
8.976959e+02;1.852094e-21
8.977459e+02;1.852014e-21
8.977959e+02;1.851934e-21
8.978459e+02;1.851854e-21
8.978959e+02;1.851773e-21
8.979459e+02;1.851693e-21
8.979959e+02;1.851613e-21
8.980459e+02;1.851533e-21
8.980959e+02;1.851453e-21
8.981459e+02;1.851373e-21
8.981959e+02;1.851293e-21
8.982459e+02;1.851212e-21
8.982959e+02;1.851132e-21
8.983459e+02;1.851052e-21
8.983959e+02;1.850972e-21
8.984459e+02;1.850892e-21
8.984959e+02;1.850812e-21
8.985459e+02;1.850732e-21
8.985959e+02;1.850652e-21
8.986459e+02;1.850572e-21
8.986959e+02;1.850492e-21
8.987459e+02;1.850412e-21
8.987960e+02;1.850332e-21
8.988460e+02;1.850252e-21
8.988960e+02;1.850172e-21
8.989460e+02;1.850092e-21
8.989960e+02;1.850012e-21
8.990460e+02;1.849932e-21
8.990960e+02;1.849852e-21
8.991460e+02;1.849772e-21
8.991960e+02;1.849692e-21
8.992460e+02;1.849612e-21
8.992960e+02;1.849532e-21
8.993460e+02;1.849452e-21
8.993960e+02;1.849372e-21
8.994460e+02;1.849292e-21
8.994960e+02;1.849212e-21
8.995460e+02;1.849132e-21
8.995960e+02;1.849052e-21
8.996460e+02;1.848972e-21
8.996960e+02;1.848892e-21
8.997460e+02;1.848812e-21
8.997960e+02;1.848732e-21
8.998460e+02;1.848653e-21
8.998960e+02;1.848573e-21
8.999460e+02;1.848493e-21
8.999960e+02;1.848413e-21
9.000460e+02;1.848333e-21
9.000960e+02;1.848253e-21
9.001460e+02;1.848173e-21
9.001960e+02;1.848094e-21
9.002460e+02;1.848014e-21
9.002960e+02;1.847934e-21
9.003460e+02;1.847854e-21
9.003960e+02;1.847774e-21
9.004460e+02;1.847695e-21
9.004960e+02;1.847615e-21
9.005460e+02;1.847535e-21
9.005960e+02;1.847455e-21
9.006460e+02;1.847375e-21
9.006960e+02;1.847296e-21
9.007460e+02;1.847216e-21
9.007960e+02;1.847136e-21
9.008460e+02;1.847056e-21
9.008960e+02;1.846977e-21
9.009460e+02;1.846897e-21
9.009960e+02;1.846817e-21
9.010460e+02;1.846738e-21
9.010960e+02;1.846658e-21
9.011460e+02;1.846578e-21
9.011960e+02;1.846498e-21
9.012460e+02;1.846419e-21
9.012961e+02;1.846339e-21
9.013461e+02;1.846259e-21
9.013961e+02;1.846180e-21
9.014461e+02;1.846100e-21
9.014961e+02;1.846020e-21
9.015461e+02;1.845941e-21
9.015961e+02;1.845861e-21
9.016461e+02;1.845782e-21
9.016961e+02;1.845702e-21
9.017461e+02;1.845622e-21
9.017961e+02;1.845543e-21
9.018461e+02;1.845463e-21
9.018961e+02;1.845384e-21
9.019461e+02;1.845304e-21
9.019961e+02;1.845224e-21
9.020461e+02;1.845145e-21
9.020961e+02;1.845065e-21
9.021461e+02;1.844986e-21
9.021961e+02;1.844906e-21
9.022461e+02;1.844827e-21
9.022961e+02;1.844747e-21
9.023461e+02;1.844668e-21
9.023961e+02;1.844588e-21
9.024461e+02;1.844509e-21
9.024961e+02;1.844429e-21
9.025461e+02;1.844350e-21
9.025961e+02;1.844270e-21
9.026461e+02;1.844191e-21
9.026961e+02;1.844111e-21
9.027461e+02;1.844032e-21
9.027961e+02;1.843952e-21
9.028461e+02;1.843873e-21
9.028961e+02;1.843793e-21
9.029461e+02;1.843714e-21
9.029961e+02;1.843635e-21
9.030461e+02;1.843555e-21
9.030961e+02;1.843476e-21
9.031461e+02;1.843396e-21
9.031961e+02;1.843317e-21
9.032461e+02;1.843238e-21
9.032961e+02;1.843158e-21
9.033461e+02;1.843079e-21
9.033961e+02;1.842999e-21
9.034461e+02;1.842920e-21
9.034961e+02;1.842841e-21
9.035461e+02;1.842761e-21
9.035961e+02;1.842682e-21
9.036461e+02;1.842603e-21
9.036961e+02;1.842523e-21
9.037461e+02;1.842444e-21
9.037962e+02;1.842365e-21
9.038462e+02;1.842285e-21
9.038962e+02;1.842206e-21
9.039462e+02;1.842127e-21
9.039962e+02;1.842048e-21
9.040462e+02;1.841968e-21
9.040962e+02;1.841889e-21
9.041462e+02;1.841810e-21
9.041962e+02;1.841730e-21
9.042462e+02;1.841651e-21
9.042962e+02;1.841572e-21
9.043462e+02;1.841493e-21
9.043962e+02;1.841414e-21
9.044462e+02;1.841334e-21
9.044962e+02;1.841255e-21
9.045462e+02;1.841176e-21
9.045962e+02;1.841097e-21
9.046462e+02;1.841017e-21
9.046962e+02;1.840938e-21
9.047462e+02;1.840859e-21
9.047962e+02;1.840780e-21
9.048462e+02;1.840701e-21
9.048962e+02;1.840622e-21
9.049462e+02;1.840542e-21
9.049962e+02;1.840463e-21
9.050462e+02;1.840384e-21
9.050962e+02;1.840305e-21
9.051462e+02;1.840226e-21
9.051962e+02;1.840147e-21
9.052462e+02;1.840068e-21
9.052962e+02;1.839989e-21
9.053462e+02;1.839910e-21
9.053962e+02;1.839830e-21
9.054462e+02;1.839751e-21
9.054962e+02;1.839672e-21
9.055462e+02;1.839593e-21
9.055962e+02;1.839514e-21
9.056462e+02;1.839435e-21
9.056962e+02;1.839356e-21
9.057462e+02;1.839277e-21
9.057962e+02;1.839198e-21
9.058462e+02;1.839119e-21
9.058962e+02;1.839040e-21
9.059462e+02;1.838961e-21
9.059962e+02;1.838882e-21
9.060462e+02;1.838803e-21
9.060962e+02;1.838724e-21
9.061462e+02;1.838645e-21
9.061962e+02;1.838566e-21
9.062462e+02;1.838487e-21
9.062963e+02;1.838408e-21
9.063463e+02;1.838329e-21
9.063963e+02;1.838250e-21
9.064463e+02;1.838171e-21
9.064963e+02;1.838092e-21
9.065463e+02;1.838014e-21
9.065963e+02;1.837935e-21
9.066463e+02;1.837856e-21
9.066963e+02;1.837777e-21
9.067463e+02;1.837698e-21
9.067963e+02;1.837619e-21
9.068463e+02;1.837540e-21
9.068963e+02;1.837461e-21
9.069463e+02;1.837382e-21
9.069963e+02;1.837304e-21
9.070463e+02;1.837225e-21
9.070963e+02;1.837146e-21
9.071463e+02;1.837067e-21
9.071963e+02;1.836988e-21
9.072463e+02;1.836909e-21
9.072963e+02;1.836831e-21
9.073463e+02;1.836752e-21
9.073963e+02;1.836673e-21
9.074463e+02;1.836594e-21
9.074963e+02;1.836515e-21
9.075463e+02;1.836437e-21
9.075963e+02;1.836358e-21
9.076463e+02;1.836279e-21
9.076963e+02;1.836200e-21
9.077463e+02;1.836122e-21
9.077963e+02;1.836043e-21
9.078463e+02;1.835964e-21
9.078963e+02;1.835885e-21
9.079463e+02;1.835807e-21
9.079963e+02;1.835728e-21
9.080463e+02;1.835649e-21
9.080963e+02;1.835571e-21
9.081463e+02;1.835492e-21
9.081963e+02;1.835413e-21
9.082463e+02;1.835335e-21
9.082963e+02;1.835256e-21
9.083463e+02;1.835177e-21
9.083963e+02;1.835099e-21
9.084463e+02;1.835020e-21
9.084963e+02;1.834941e-21
9.085463e+02;1.834863e-21
9.085963e+02;1.834784e-21
9.086463e+02;1.834705e-21
9.086963e+02;1.834627e-21
9.087463e+02;1.834548e-21
9.087964e+02;1.834470e-21
9.088464e+02;1.834391e-21
9.088964e+02;1.834312e-21
9.089464e+02;1.834234e-21
9.089964e+02;1.834155e-21
9.090464e+02;1.834077e-21
9.090964e+02;1.833998e-21
9.091464e+02;1.833920e-21
9.091964e+02;1.833841e-21
9.092464e+02;1.833762e-21
9.092964e+02;1.833684e-21
9.093464e+02;1.833605e-21
9.093964e+02;1.833527e-21
9.094464e+02;1.833448e-21
9.094964e+02;1.833370e-21
9.095464e+02;1.833291e-21
9.095964e+02;1.833213e-21
9.096464e+02;1.833134e-21
9.096964e+02;1.833056e-21
9.097464e+02;1.832978e-21
9.097964e+02;1.832899e-21
9.098464e+02;1.832821e-21
9.098964e+02;1.832742e-21
9.099464e+02;1.832664e-21
9.099964e+02;1.832585e-21
9.100464e+02;1.832507e-21
9.100964e+02;1.832428e-21
9.101464e+02;1.832350e-21
9.101964e+02;1.832272e-21
9.102464e+02;1.832193e-21
9.102964e+02;1.832115e-21
9.103464e+02;1.832036e-21
9.103964e+02;1.831958e-21
9.104464e+02;1.831880e-21
9.104964e+02;1.831801e-21
9.105464e+02;1.831723e-21
9.105964e+02;1.831645e-21
9.106464e+02;1.831566e-21
9.106964e+02;1.831488e-21
9.107464e+02;1.831410e-21
9.107964e+02;1.831331e-21
9.108464e+02;1.831253e-21
9.108964e+02;1.831175e-21
9.109464e+02;1.831096e-21
9.109964e+02;1.831018e-21
9.110464e+02;1.830940e-21
9.110964e+02;1.830862e-21
9.111464e+02;1.830783e-21
9.111964e+02;1.830705e-21
9.112464e+02;1.830627e-21
9.112965e+02;1.830549e-21
9.113465e+02;1.830470e-21
9.113965e+02;1.830392e-21
9.114465e+02;1.830314e-21
9.114965e+02;1.830236e-21
9.115465e+02;1.830157e-21
9.115965e+02;1.830079e-21
9.116465e+02;1.830001e-21
9.116965e+02;1.829923e-21
9.117465e+02;1.829845e-21
9.117965e+02;1.829767e-21
9.118465e+02;1.829688e-21
9.118965e+02;1.829610e-21
9.119465e+02;1.829532e-21
9.119965e+02;1.829454e-21
9.120465e+02;1.829376e-21
9.120965e+02;1.829298e-21
9.121465e+02;1.829219e-21
9.121965e+02;1.829141e-21
9.122465e+02;1.829063e-21
9.122965e+02;1.828985e-21
9.123465e+02;1.828907e-21
9.123965e+02;1.828829e-21
9.124465e+02;1.828751e-21
9.124965e+02;1.828673e-21
9.125465e+02;1.828595e-21
9.125965e+02;1.828517e-21
9.126465e+02;1.828439e-21
9.126965e+02;1.828361e-21
9.127465e+02;1.828283e-21
9.127965e+02;1.828204e-21
9.128465e+02;1.828126e-21
9.128965e+02;1.828048e-21
9.129465e+02;1.827970e-21
9.129965e+02;1.827892e-21
9.130465e+02;1.827814e-21
9.130965e+02;1.827736e-21
9.131465e+02;1.827658e-21
9.131965e+02;1.827580e-21
9.132465e+02;1.827502e-21
9.132965e+02;1.827424e-21
9.133465e+02;1.827347e-21
9.133965e+02;1.827269e-21
9.134465e+02;1.827191e-21
9.134965e+02;1.827113e-21
9.135465e+02;1.827035e-21
9.135965e+02;1.826957e-21
9.136465e+02;1.826879e-21
9.136965e+02;1.826801e-21
9.137465e+02;1.826723e-21
9.137966e+02;1.826645e-21
9.138466e+02;1.826567e-21
9.138966e+02;1.826489e-21
9.139466e+02;1.826412e-21
9.139966e+02;1.826334e-21
9.140466e+02;1.826256e-21
9.140966e+02;1.826178e-21
9.141466e+02;1.826100e-21
9.141966e+02;1.826022e-21
9.142466e+02;1.825944e-21
9.142966e+02;1.825867e-21
9.143466e+02;1.825789e-21
9.143966e+02;1.825711e-21
9.144466e+02;1.825633e-21
9.144966e+02;1.825555e-21
9.145466e+02;1.825478e-21
9.145966e+02;1.825400e-21
9.146466e+02;1.825322e-21
9.146966e+02;1.825244e-21
9.147466e+02;1.825167e-21
9.147966e+02;1.825089e-21
9.148466e+02;1.825011e-21
9.148966e+02;1.824933e-21
9.149466e+02;1.824856e-21
9.149966e+02;1.824778e-21
9.150466e+02;1.824700e-21
9.150966e+02;1.824622e-21
9.151466e+02;1.824545e-21
9.151966e+02;1.824467e-21
9.152466e+02;1.824389e-21
9.152966e+02;1.824312e-21
9.153466e+02;1.824234e-21
9.153966e+02;1.824156e-21
9.154466e+02;1.824079e-21
9.154966e+02;1.824001e-21
9.155466e+02;1.823923e-21
9.155966e+02;1.823846e-21
9.156466e+02;1.823768e-21
9.156966e+02;1.823690e-21
9.157466e+02;1.823613e-21
9.157966e+02;1.823535e-21
9.158466e+02;1.823457e-21
9.158966e+02;1.823380e-21
9.159466e+02;1.823302e-21
9.159966e+02;1.823225e-21
9.160466e+02;1.823147e-21
9.160966e+02;1.823070e-21
9.161466e+02;1.822992e-21
9.161966e+02;1.822914e-21
9.162466e+02;1.822837e-21
9.162967e+02;1.822759e-21
9.163467e+02;1.822682e-21
9.163967e+02;1.822604e-21
9.164467e+02;1.822527e-21
9.164967e+02;1.822449e-21
9.165467e+02;1.822372e-21
9.165967e+02;1.822294e-21
9.166467e+02;1.822217e-21
9.166967e+02;1.822139e-21
9.167467e+02;1.822062e-21
9.167967e+02;1.821984e-21
9.168467e+02;1.821907e-21
9.168967e+02;1.821829e-21
9.169467e+02;1.821752e-21
9.169967e+02;1.821674e-21
9.170467e+02;1.821597e-21
9.170967e+02;1.821519e-21
9.171467e+02;1.821442e-21
9.171967e+02;1.821365e-21
9.172467e+02;1.821287e-21
9.172967e+02;1.821210e-21
9.173467e+02;1.821132e-21
9.173967e+02;1.821055e-21
9.174467e+02;1.820978e-21
9.174967e+02;1.820900e-21
9.175467e+02;1.820823e-21
9.175967e+02;1.820745e-21
9.176467e+02;1.820668e-21
9.176967e+02;1.820591e-21
9.177467e+02;1.820513e-21
9.177967e+02;1.820436e-21
9.178467e+02;1.820359e-21
9.178967e+02;1.820281e-21
9.179467e+02;1.820204e-21
9.179967e+02;1.820127e-21
9.180467e+02;1.820049e-21
9.180967e+02;1.819972e-21
9.181467e+02;1.819895e-21
9.181967e+02;1.819818e-21
9.182467e+02;1.819740e-21
9.182967e+02;1.819663e-21
9.183467e+02;1.819586e-21
9.183967e+02;1.819509e-21
9.184467e+02;1.819431e-21
9.184967e+02;1.819354e-21
9.185467e+02;1.819277e-21
9.185967e+02;1.819200e-21
9.186467e+02;1.819122e-21
9.186967e+02;1.819045e-21
9.187467e+02;1.818968e-21
9.187968e+02;1.818891e-21
9.188468e+02;1.818814e-21
9.188968e+02;1.818736e-21
9.189468e+02;1.818659e-21
9.189968e+02;1.818582e-21
9.190468e+02;1.818505e-21
9.190968e+02;1.818428e-21
9.191468e+02;1.818350e-21
9.191968e+02;1.818273e-21
9.192468e+02;1.818196e-21
9.192968e+02;1.818119e-21
9.193468e+02;1.818042e-21
9.193968e+02;1.817965e-21
9.194468e+02;1.817888e-21
9.194968e+02;1.817811e-21
9.195468e+02;1.817733e-21
9.195968e+02;1.817656e-21
9.196468e+02;1.817579e-21
9.196968e+02;1.817502e-21
9.197468e+02;1.817425e-21
9.197968e+02;1.817348e-21
9.198468e+02;1.817271e-21
9.198968e+02;1.817194e-21
9.199468e+02;1.817117e-21
9.199968e+02;1.817040e-21
9.200468e+02;1.816963e-21
9.200968e+02;1.816886e-21
9.201468e+02;1.816809e-21
9.201968e+02;1.816732e-21
9.202468e+02;1.816655e-21
9.202968e+02;1.816578e-21
9.203468e+02;1.816501e-21
9.203968e+02;1.816424e-21
9.204468e+02;1.816347e-21
9.204968e+02;1.816270e-21
9.205468e+02;1.816193e-21
9.205968e+02;1.816116e-21
9.206468e+02;1.816039e-21
9.206968e+02;1.815962e-21
9.207468e+02;1.815885e-21
9.207968e+02;1.815808e-21
9.208468e+02;1.815731e-21
9.208968e+02;1.815654e-21
9.209468e+02;1.815577e-21
9.209968e+02;1.815501e-21
9.210468e+02;1.815424e-21
9.210968e+02;1.815347e-21
9.211468e+02;1.815270e-21
9.211968e+02;1.815193e-21
9.212468e+02;1.815116e-21
9.212969e+02;1.815039e-21
9.213469e+02;1.814962e-21
9.213969e+02;1.814886e-21
9.214469e+02;1.814809e-21
9.214969e+02;1.814732e-21
9.215469e+02;1.814655e-21
9.215969e+02;1.814578e-21
9.216469e+02;1.814502e-21
9.216969e+02;1.814425e-21
9.217469e+02;1.814348e-21
9.217969e+02;1.814271e-21
9.218469e+02;1.814194e-21
9.218969e+02;1.814118e-21
9.219469e+02;1.814041e-21
9.219969e+02;1.813964e-21
9.220469e+02;1.813887e-21
9.220969e+02;1.813811e-21
9.221469e+02;1.813734e-21
9.221969e+02;1.813657e-21
9.222469e+02;1.813580e-21
9.222969e+02;1.813504e-21
9.223469e+02;1.813427e-21
9.223969e+02;1.813350e-21
9.224469e+02;1.813273e-21
9.224969e+02;1.813197e-21
9.225469e+02;1.813120e-21
9.225969e+02;1.813043e-21
9.226469e+02;1.812967e-21
9.226969e+02;1.812890e-21
9.227469e+02;1.812813e-21
9.227969e+02;1.812737e-21
9.228469e+02;1.812660e-21
9.228969e+02;1.812583e-21
9.229469e+02;1.812507e-21
9.229969e+02;1.812430e-21
9.230469e+02;1.812354e-21
9.230969e+02;1.812277e-21
9.231469e+02;1.812200e-21
9.231969e+02;1.812124e-21
9.232469e+02;1.812047e-21
9.232969e+02;1.811971e-21
9.233469e+02;1.811894e-21
9.233969e+02;1.811817e-21
9.234469e+02;1.811741e-21
9.234969e+02;1.811664e-21
9.235469e+02;1.811588e-21
9.235969e+02;1.811511e-21
9.236469e+02;1.811435e-21
9.236969e+02;1.811358e-21
9.237469e+02;1.811282e-21
9.237970e+02;1.811205e-21
9.238470e+02;1.811129e-21
9.238970e+02;1.811052e-21
9.239470e+02;1.810976e-21
9.239970e+02;1.810899e-21
9.240470e+02;1.810823e-21
9.240970e+02;1.810746e-21
9.241470e+02;1.810670e-21
9.241970e+02;1.810593e-21
9.242470e+02;1.810517e-21
9.242970e+02;1.810440e-21
9.243470e+02;1.810364e-21
9.243970e+02;1.810287e-21
9.244470e+02;1.810211e-21
9.244970e+02;1.810135e-21
9.245470e+02;1.810058e-21
9.245970e+02;1.809982e-21
9.246470e+02;1.809905e-21
9.246970e+02;1.809829e-21
9.247470e+02;1.809753e-21
9.247970e+02;1.809676e-21
9.248470e+02;1.809600e-21
9.248970e+02;1.809523e-21
9.249470e+02;1.809447e-21
9.249970e+02;1.809371e-21
9.250470e+02;1.809294e-21
9.250970e+02;1.809218e-21
9.251470e+02;1.809142e-21
9.251970e+02;1.809065e-21
9.252470e+02;1.808989e-21
9.252970e+02;1.808913e-21
9.253470e+02;1.808836e-21
9.253970e+02;1.808760e-21
9.254470e+02;1.808684e-21
9.254970e+02;1.808607e-21
9.255470e+02;1.808531e-21
9.255970e+02;1.808455e-21
9.256470e+02;1.808379e-21
9.256970e+02;1.808302e-21
9.257470e+02;1.808226e-21
9.257970e+02;1.808150e-21
9.258470e+02;1.808074e-21
9.258970e+02;1.807997e-21
9.259470e+02;1.807921e-21
9.259970e+02;1.807845e-21
9.260470e+02;1.807769e-21
9.260970e+02;1.807693e-21
9.261470e+02;1.807616e-21
9.261970e+02;1.807540e-21
9.262470e+02;1.807464e-21
9.262971e+02;1.807388e-21
9.263471e+02;1.807312e-21
9.263971e+02;1.807235e-21
9.264471e+02;1.807159e-21
9.264971e+02;1.807083e-21
9.265471e+02;1.807007e-21
9.265971e+02;1.806931e-21
9.266471e+02;1.806855e-21
9.266971e+02;1.806779e-21
9.267471e+02;1.806702e-21
9.267971e+02;1.806626e-21
9.268471e+02;1.806550e-21
9.268971e+02;1.806474e-21
9.269471e+02;1.806398e-21
9.269971e+02;1.806322e-21
9.270471e+02;1.806246e-21
9.270971e+02;1.806170e-21
9.271471e+02;1.806094e-21
9.271971e+02;1.806018e-21
9.272471e+02;1.805942e-21
9.272971e+02;1.805866e-21
9.273471e+02;1.805790e-21
9.273971e+02;1.805714e-21
9.274471e+02;1.805638e-21
9.274971e+02;1.805562e-21
9.275471e+02;1.805485e-21
9.275971e+02;1.805409e-21
9.276471e+02;1.805333e-21
9.276971e+02;1.805258e-21
9.277471e+02;1.805182e-21
9.277971e+02;1.805106e-21
9.278471e+02;1.805030e-21
9.278971e+02;1.804954e-21
9.279471e+02;1.804878e-21
9.279971e+02;1.804802e-21
9.280471e+02;1.804726e-21
9.280971e+02;1.804650e-21
9.281471e+02;1.804574e-21
9.281971e+02;1.804498e-21
9.282471e+02;1.804422e-21
9.282971e+02;1.804346e-21
9.283471e+02;1.804270e-21
9.283971e+02;1.804194e-21
9.284471e+02;1.804118e-21
9.284971e+02;1.804043e-21
9.285471e+02;1.803967e-21
9.285971e+02;1.803891e-21
9.286471e+02;1.803815e-21
9.286971e+02;1.803739e-21
9.287471e+02;1.803663e-21
9.287972e+02;1.803587e-21
9.288472e+02;1.803512e-21
9.288972e+02;1.803436e-21
9.289472e+02;1.803360e-21
9.289972e+02;1.803284e-21
9.290472e+02;1.803208e-21
9.290972e+02;1.803132e-21
9.291472e+02;1.803057e-21
9.291972e+02;1.802981e-21
9.292472e+02;1.802905e-21
9.292972e+02;1.802829e-21
9.293472e+02;1.802754e-21
9.293972e+02;1.802678e-21
9.294472e+02;1.802602e-21
9.294972e+02;1.802526e-21
9.295472e+02;1.802451e-21
9.295972e+02;1.802375e-21
9.296472e+02;1.802299e-21
9.296972e+02;1.802223e-21
9.297472e+02;1.802148e-21
9.297972e+02;1.802072e-21
9.298472e+02;1.801996e-21
9.298972e+02;1.801921e-21
9.299472e+02;1.801845e-21
9.299972e+02;1.801769e-21
9.300472e+02;1.801693e-21
9.300972e+02;1.801618e-21
9.301472e+02;1.801542e-21
9.301972e+02;1.801467e-21
9.302472e+02;1.801391e-21
9.302972e+02;1.801315e-21
9.303472e+02;1.801240e-21
9.303972e+02;1.801164e-21
9.304472e+02;1.801088e-21
9.304972e+02;1.801013e-21
9.305472e+02;1.800937e-21
9.305972e+02;1.800861e-21
9.306472e+02;1.800786e-21
9.306972e+02;1.800710e-21
9.307472e+02;1.800635e-21
9.307972e+02;1.800559e-21
9.308472e+02;1.800484e-21
9.308972e+02;1.800408e-21
9.309472e+02;1.800332e-21
9.309972e+02;1.800257e-21
9.310472e+02;1.800181e-21
9.310972e+02;1.800106e-21
9.311472e+02;1.800030e-21
9.311972e+02;1.799955e-21
9.312472e+02;1.799879e-21
9.312973e+02;1.799804e-21
9.313473e+02;1.799728e-21
9.313973e+02;1.799653e-21
9.314473e+02;1.799577e-21
9.314973e+02;1.799502e-21
9.315473e+02;1.799426e-21
9.315973e+02;1.799351e-21
9.316473e+02;1.799275e-21
9.316973e+02;1.799200e-21
9.317473e+02;1.799124e-21
9.317973e+02;1.799049e-21
9.318473e+02;1.798974e-21
9.318973e+02;1.798898e-21
9.319473e+02;1.798823e-21
9.319973e+02;1.798747e-21
9.320473e+02;1.798672e-21
9.320973e+02;1.798597e-21
9.321473e+02;1.798521e-21
9.321973e+02;1.798446e-21
9.322473e+02;1.798370e-21
9.322973e+02;1.798295e-21
9.323473e+02;1.798220e-21
9.323973e+02;1.798144e-21
9.324473e+02;1.798069e-21
9.324973e+02;1.797994e-21
9.325473e+02;1.797918e-21
9.325973e+02;1.797843e-21
9.326473e+02;1.797768e-21
9.326973e+02;1.797692e-21
9.327473e+02;1.797617e-21
9.327973e+02;1.797542e-21
9.328473e+02;1.797466e-21
9.328973e+02;1.797391e-21
9.329473e+02;1.797316e-21
9.329973e+02;1.797240e-21
9.330473e+02;1.797165e-21
9.330973e+02;1.797090e-21
9.331473e+02;1.797015e-21
9.331973e+02;1.796939e-21
9.332473e+02;1.796864e-21
9.332973e+02;1.796789e-21
9.333473e+02;1.796714e-21
9.333973e+02;1.796638e-21
9.334473e+02;1.796563e-21
9.334973e+02;1.796488e-21
9.335473e+02;1.796413e-21
9.335973e+02;1.796338e-21
9.336473e+02;1.796262e-21
9.336973e+02;1.796187e-21
9.337473e+02;1.796112e-21
9.337974e+02;1.796037e-21
9.338474e+02;1.795962e-21
9.338974e+02;1.795886e-21
9.339474e+02;1.795811e-21
9.339974e+02;1.795736e-21
9.340474e+02;1.795661e-21
9.340974e+02;1.795586e-21
9.341474e+02;1.795511e-21
9.341974e+02;1.795436e-21
9.342474e+02;1.795360e-21
9.342974e+02;1.795285e-21
9.343474e+02;1.795210e-21
9.343974e+02;1.795135e-21
9.344474e+02;1.795060e-21
9.344974e+02;1.794985e-21
9.345474e+02;1.794910e-21
9.345974e+02;1.794835e-21
9.346474e+02;1.794760e-21
9.346974e+02;1.794685e-21
9.347474e+02;1.794610e-21
9.347974e+02;1.794535e-21
9.348474e+02;1.794460e-21
9.348974e+02;1.794385e-21
9.349474e+02;1.794310e-21
9.349974e+02;1.794234e-21
9.350474e+02;1.794159e-21
9.350974e+02;1.794084e-21
9.351474e+02;1.794009e-21
9.351974e+02;1.793934e-21
9.352474e+02;1.793859e-21
9.352974e+02;1.793785e-21
9.353474e+02;1.793710e-21
9.353974e+02;1.793635e-21
9.354474e+02;1.793560e-21
9.354974e+02;1.793485e-21
9.355474e+02;1.793410e-21
9.355974e+02;1.793335e-21
9.356474e+02;1.793260e-21
9.356974e+02;1.793185e-21
9.357474e+02;1.793110e-21
9.357974e+02;1.793035e-21
9.358474e+02;1.792960e-21
9.358974e+02;1.792885e-21
9.359474e+02;1.792810e-21
9.359974e+02;1.792735e-21
9.360474e+02;1.792661e-21
9.360974e+02;1.792586e-21
9.361474e+02;1.792511e-21
9.361974e+02;1.792436e-21
9.362474e+02;1.792361e-21
9.362975e+02;1.792286e-21
9.363475e+02;1.792211e-21
9.363975e+02;1.792137e-21
9.364475e+02;1.792062e-21
9.364975e+02;1.791987e-21
9.365475e+02;1.791912e-21
9.365975e+02;1.791837e-21
9.366475e+02;1.791763e-21
9.366975e+02;1.791688e-21
9.367475e+02;1.791613e-21
9.367975e+02;1.791538e-21
9.368475e+02;1.791463e-21
9.368975e+02;1.791389e-21
9.369475e+02;1.791314e-21
9.369975e+02;1.791239e-21
9.370475e+02;1.791164e-21
9.370975e+02;1.791090e-21
9.371475e+02;1.791015e-21
9.371975e+02;1.790940e-21
9.372475e+02;1.790865e-21
9.372975e+02;1.790791e-21
9.373475e+02;1.790716e-21
9.373975e+02;1.790641e-21
9.374475e+02;1.790567e-21
9.374975e+02;1.790492e-21
9.375475e+02;1.790417e-21
9.375975e+02;1.790343e-21
9.376475e+02;1.790268e-21
9.376975e+02;1.790193e-21
9.377475e+02;1.790119e-21
9.377975e+02;1.790044e-21
9.378475e+02;1.789969e-21
9.378975e+02;1.789895e-21
9.379475e+02;1.789820e-21
9.379975e+02;1.789745e-21
9.380475e+02;1.789671e-21
9.380975e+02;1.789596e-21
9.381475e+02;1.789522e-21
9.381975e+02;1.789447e-21
9.382475e+02;1.789372e-21
9.382975e+02;1.789298e-21
9.383475e+02;1.789223e-21
9.383975e+02;1.789149e-21
9.384475e+02;1.789074e-21
9.384975e+02;1.789000e-21
9.385475e+02;1.788925e-21
9.385975e+02;1.788850e-21
9.386475e+02;1.788776e-21
9.386975e+02;1.788701e-21
9.387475e+02;1.788627e-21
9.387976e+02;1.788552e-21
9.388476e+02;1.788478e-21
9.388976e+02;1.788403e-21
9.389476e+02;1.788329e-21
9.389976e+02;1.788254e-21
9.390476e+02;1.788180e-21
9.390976e+02;1.788105e-21
9.391476e+02;1.788031e-21
9.391976e+02;1.787956e-21
9.392476e+02;1.787882e-21
9.392976e+02;1.787807e-21
9.393476e+02;1.787733e-21
9.393976e+02;1.787659e-21
9.394476e+02;1.787584e-21
9.394976e+02;1.787510e-21
9.395476e+02;1.787435e-21
9.395976e+02;1.787361e-21
9.396476e+02;1.787286e-21
9.396976e+02;1.787212e-21
9.397476e+02;1.787138e-21
9.397976e+02;1.787063e-21
9.398476e+02;1.786989e-21
9.398976e+02;1.786914e-21
9.399476e+02;1.786840e-21
9.399976e+02;1.786766e-21
9.400476e+02;1.786691e-21
9.400976e+02;1.786617e-21
9.401476e+02;1.786543e-21
9.401976e+02;1.786468e-21
9.402476e+02;1.786394e-21
9.402976e+02;1.786320e-21
9.403476e+02;1.786245e-21
9.403976e+02;1.786171e-21
9.404476e+02;1.786097e-21
9.404976e+02;1.786022e-21
9.405476e+02;1.785948e-21
9.405976e+02;1.785874e-21
9.406476e+02;1.785800e-21
9.406976e+02;1.785725e-21
9.407476e+02;1.785651e-21
9.407976e+02;1.785577e-21
9.408476e+02;1.785503e-21
9.408976e+02;1.785428e-21
9.409476e+02;1.785354e-21
9.409976e+02;1.785280e-21
9.410476e+02;1.785206e-21
9.410976e+02;1.785131e-21
9.411476e+02;1.785057e-21
9.411976e+02;1.784983e-21
9.412476e+02;1.784909e-21
9.412977e+02;1.784835e-21
9.413477e+02;1.784760e-21
9.413977e+02;1.784686e-21
9.414477e+02;1.784612e-21
9.414977e+02;1.784538e-21
9.415477e+02;1.784464e-21
9.415977e+02;1.784390e-21
9.416477e+02;1.784315e-21
9.416977e+02;1.784241e-21
9.417477e+02;1.784167e-21
9.417977e+02;1.784093e-21
9.418477e+02;1.784019e-21
9.418977e+02;1.783945e-21
9.419477e+02;1.783871e-21
9.419977e+02;1.783797e-21
9.420477e+02;1.783722e-21
9.420977e+02;1.783648e-21
9.421477e+02;1.783574e-21
9.421977e+02;1.783500e-21
9.422477e+02;1.783426e-21
9.422977e+02;1.783352e-21
9.423477e+02;1.783278e-21
9.423977e+02;1.783204e-21
9.424477e+02;1.783130e-21
9.424977e+02;1.783056e-21
9.425477e+02;1.782982e-21
9.425977e+02;1.782908e-21
9.426477e+02;1.782834e-21
9.426977e+02;1.782760e-21
9.427477e+02;1.782686e-21
9.427977e+02;1.782612e-21
9.428477e+02;1.782538e-21
9.428977e+02;1.782464e-21
9.429477e+02;1.782390e-21
9.429977e+02;1.782316e-21
9.430477e+02;1.782242e-21
9.430977e+02;1.782168e-21
9.431477e+02;1.782094e-21
9.431977e+02;1.782020e-21
9.432477e+02;1.781946e-21
9.432977e+02;1.781872e-21
9.433477e+02;1.781798e-21
9.433977e+02;1.781724e-21
9.434477e+02;1.781650e-21
9.434977e+02;1.781576e-21
9.435477e+02;1.781502e-21
9.435977e+02;1.781429e-21
9.436477e+02;1.781355e-21
9.436977e+02;1.781281e-21
9.437477e+02;1.781207e-21
9.437978e+02;1.781133e-21
9.438478e+02;1.781059e-21
9.438978e+02;1.780985e-21
9.439478e+02;1.780911e-21
9.439978e+02;1.780838e-21
9.440478e+02;1.780764e-21
9.440978e+02;1.780690e-21
9.441478e+02;1.780616e-21
9.441978e+02;1.780542e-21
9.442478e+02;1.780469e-21
9.442978e+02;1.780395e-21
9.443478e+02;1.780321e-21
9.443978e+02;1.780247e-21
9.444478e+02;1.780173e-21
9.444978e+02;1.780100e-21
9.445478e+02;1.780026e-21
9.445978e+02;1.779952e-21
9.446478e+02;1.779878e-21
9.446978e+02;1.779804e-21
9.447478e+02;1.779731e-21
9.447978e+02;1.779657e-21
9.448478e+02;1.779583e-21
9.448978e+02;1.779510e-21
9.449478e+02;1.779436e-21
9.449978e+02;1.779362e-21
9.450478e+02;1.779288e-21
9.450978e+02;1.779215e-21
9.451478e+02;1.779141e-21
9.451978e+02;1.779067e-21
9.452478e+02;1.778994e-21
9.452978e+02;1.778920e-21
9.453478e+02;1.778846e-21
9.453978e+02;1.778773e-21
9.454478e+02;1.778699e-21
9.454978e+02;1.778625e-21
9.455478e+02;1.778552e-21
9.455978e+02;1.778478e-21
9.456478e+02;1.778404e-21
9.456978e+02;1.778331e-21
9.457478e+02;1.778257e-21
9.457978e+02;1.778183e-21
9.458478e+02;1.778110e-21
9.458978e+02;1.778036e-21
9.459478e+02;1.777963e-21
9.459978e+02;1.777889e-21
9.460478e+02;1.777815e-21
9.460978e+02;1.777742e-21
9.461478e+02;1.777668e-21
9.461978e+02;1.777595e-21
9.462478e+02;1.777521e-21
9.462979e+02;1.777448e-21
9.463479e+02;1.777374e-21
9.463979e+02;1.777301e-21
9.464479e+02;1.777227e-21
9.464979e+02;1.777154e-21
9.465479e+02;1.777080e-21
9.465979e+02;1.777007e-21
9.466479e+02;1.776933e-21
9.466979e+02;1.776859e-21
9.467479e+02;1.776786e-21
9.467979e+02;1.776713e-21
9.468479e+02;1.776639e-21
9.468979e+02;1.776566e-21
9.469479e+02;1.776492e-21
9.469979e+02;1.776419e-21
9.470479e+02;1.776345e-21
9.470979e+02;1.776272e-21
9.471479e+02;1.776198e-21
9.471979e+02;1.776125e-21
9.472479e+02;1.776051e-21
9.472979e+02;1.775978e-21
9.473479e+02;1.775905e-21
9.473979e+02;1.775831e-21
9.474479e+02;1.775758e-21
9.474979e+02;1.775684e-21
9.475479e+02;1.775611e-21
9.475979e+02;1.775538e-21
9.476479e+02;1.775464e-21
9.476979e+02;1.775391e-21
9.477479e+02;1.775317e-21
9.477979e+02;1.775244e-21
9.478479e+02;1.775171e-21
9.478979e+02;1.775097e-21
9.479479e+02;1.775024e-21
9.479979e+02;1.774951e-21
9.480479e+02;1.774877e-21
9.480979e+02;1.774804e-21
9.481479e+02;1.774731e-21
9.481979e+02;1.774657e-21
9.482479e+02;1.774584e-21
9.482979e+02;1.774511e-21
9.483479e+02;1.774438e-21
9.483979e+02;1.774364e-21
9.484479e+02;1.774291e-21
9.484979e+02;1.774218e-21
9.485479e+02;1.774144e-21
9.485979e+02;1.774071e-21
9.486479e+02;1.773998e-21
9.486979e+02;1.773925e-21
9.487479e+02;1.773852e-21
9.487980e+02;1.773778e-21
9.488480e+02;1.773705e-21
9.488980e+02;1.773632e-21
9.489480e+02;1.773559e-21
9.489980e+02;1.773485e-21
9.490480e+02;1.773412e-21
9.490980e+02;1.773339e-21
9.491480e+02;1.773266e-21
9.491980e+02;1.773193e-21
9.492480e+02;1.773119e-21
9.492980e+02;1.773046e-21
9.493480e+02;1.772973e-21
9.493980e+02;1.772900e-21
9.494480e+02;1.772827e-21
9.494980e+02;1.772754e-21
9.495480e+02;1.772681e-21
9.495980e+02;1.772607e-21
9.496480e+02;1.772534e-21
9.496980e+02;1.772461e-21
9.497480e+02;1.772388e-21
9.497980e+02;1.772315e-21
9.498480e+02;1.772242e-21
9.498980e+02;1.772169e-21
9.499480e+02;1.772096e-21
9.499980e+02;1.772023e-21
9.500480e+02;1.771950e-21
9.500980e+02;1.771876e-21
9.501480e+02;1.771803e-21
9.501980e+02;1.771730e-21
9.502480e+02;1.771657e-21
9.502980e+02;1.771584e-21
9.503480e+02;1.771511e-21
9.503980e+02;1.771438e-21
9.504480e+02;1.771365e-21
9.504980e+02;1.771292e-21
9.505480e+02;1.771219e-21
9.505980e+02;1.771146e-21
9.506480e+02;1.771073e-21
9.506980e+02;1.771000e-21
9.507480e+02;1.770927e-21
9.507980e+02;1.770854e-21
9.508480e+02;1.770781e-21
9.508980e+02;1.770708e-21
9.509480e+02;1.770635e-21
9.509980e+02;1.770562e-21
9.510480e+02;1.770489e-21
9.510980e+02;1.770416e-21
9.511480e+02;1.770344e-21
9.511980e+02;1.770271e-21
9.512480e+02;1.770198e-21
9.512981e+02;1.770125e-21
9.513481e+02;1.770052e-21
9.513981e+02;1.769979e-21
9.514481e+02;1.769906e-21
9.514981e+02;1.769833e-21
9.515481e+02;1.769760e-21
9.515981e+02;1.769687e-21
9.516481e+02;1.769615e-21
9.516981e+02;1.769542e-21
9.517481e+02;1.769469e-21
9.517981e+02;1.769396e-21
9.518481e+02;1.769323e-21
9.518981e+02;1.769250e-21
9.519481e+02;1.769177e-21
9.519981e+02;1.769105e-21
9.520481e+02;1.769032e-21
9.520981e+02;1.768959e-21
9.521481e+02;1.768886e-21
9.521981e+02;1.768813e-21
9.522481e+02;1.768741e-21
9.522981e+02;1.768668e-21
9.523481e+02;1.768595e-21
9.523981e+02;1.768522e-21
9.524481e+02;1.768449e-21
9.524981e+02;1.768377e-21
9.525481e+02;1.768304e-21
9.525981e+02;1.768231e-21
9.526481e+02;1.768158e-21
9.526981e+02;1.768086e-21
9.527481e+02;1.768013e-21
9.527981e+02;1.767940e-21
9.528481e+02;1.767868e-21
9.528981e+02;1.767795e-21
9.529481e+02;1.767722e-21
9.529981e+02;1.767649e-21
9.530481e+02;1.767577e-21
9.530981e+02;1.767504e-21
9.531481e+02;1.767431e-21
9.531981e+02;1.767359e-21
9.532481e+02;1.767286e-21
9.532981e+02;1.767213e-21
9.533481e+02;1.767141e-21
9.533981e+02;1.767068e-21
9.534481e+02;1.766995e-21
9.534981e+02;1.766923e-21
9.535481e+02;1.766850e-21
9.535981e+02;1.766777e-21
9.536481e+02;1.766705e-21
9.536981e+02;1.766632e-21
9.537481e+02;1.766560e-21
9.537982e+02;1.766487e-21
9.538482e+02;1.766414e-21
9.538982e+02;1.766342e-21
9.539482e+02;1.766269e-21
9.539982e+02;1.766197e-21
9.540482e+02;1.766124e-21
9.540982e+02;1.766052e-21
9.541482e+02;1.765979e-21
9.541982e+02;1.765906e-21
9.542482e+02;1.765834e-21
9.542982e+02;1.765761e-21
9.543482e+02;1.765689e-21
9.543982e+02;1.765616e-21
9.544482e+02;1.765544e-21
9.544982e+02;1.765471e-21
9.545482e+02;1.765399e-21
9.545982e+02;1.765326e-21
9.546482e+02;1.765254e-21
9.546982e+02;1.765181e-21
9.547482e+02;1.765109e-21
9.547982e+02;1.765036e-21
9.548482e+02;1.764964e-21
9.548982e+02;1.764891e-21
9.549482e+02;1.764819e-21
9.549982e+02;1.764746e-21
9.550482e+02;1.764674e-21
9.550982e+02;1.764602e-21
9.551482e+02;1.764529e-21
9.551982e+02;1.764457e-21
9.552482e+02;1.764384e-21
9.552982e+02;1.764312e-21
9.553482e+02;1.764240e-21
9.553982e+02;1.764167e-21
9.554482e+02;1.764095e-21
9.554982e+02;1.764022e-21
9.555482e+02;1.763950e-21
9.555982e+02;1.763878e-21
9.556482e+02;1.763805e-21
9.556982e+02;1.763733e-21
9.557482e+02;1.763660e-21
9.557982e+02;1.763588e-21
9.558482e+02;1.763516e-21
9.558982e+02;1.763443e-21
9.559482e+02;1.763371e-21
9.559982e+02;1.763299e-21
9.560482e+02;1.763226e-21
9.560982e+02;1.763154e-21
9.561482e+02;1.763082e-21
9.561982e+02;1.763010e-21
9.562482e+02;1.762937e-21
9.562983e+02;1.762865e-21
9.563483e+02;1.762793e-21
9.563983e+02;1.762720e-21
9.564483e+02;1.762648e-21
9.564983e+02;1.762576e-21
9.565483e+02;1.762504e-21
9.565983e+02;1.762431e-21
9.566483e+02;1.762359e-21
9.566983e+02;1.762287e-21
9.567483e+02;1.762215e-21
9.567983e+02;1.762142e-21
9.568483e+02;1.762070e-21
9.568983e+02;1.761998e-21
9.569483e+02;1.761926e-21
9.569983e+02;1.761854e-21
9.570483e+02;1.761781e-21
9.570983e+02;1.761709e-21
9.571483e+02;1.761637e-21
9.571983e+02;1.761565e-21
9.572483e+02;1.761493e-21
9.572983e+02;1.761421e-21
9.573483e+02;1.761348e-21
9.573983e+02;1.761276e-21
9.574483e+02;1.761204e-21
9.574983e+02;1.761132e-21
9.575483e+02;1.761060e-21
9.575983e+02;1.760988e-21
9.576483e+02;1.760916e-21
9.576983e+02;1.760843e-21
9.577483e+02;1.760771e-21
9.577983e+02;1.760699e-21
9.578483e+02;1.760627e-21
9.578983e+02;1.760555e-21
9.579483e+02;1.760483e-21
9.579983e+02;1.760411e-21
9.580483e+02;1.760339e-21
9.580983e+02;1.760267e-21
9.581483e+02;1.760195e-21
9.581983e+02;1.760123e-21
9.582483e+02;1.760051e-21
9.582983e+02;1.759979e-21
9.583483e+02;1.759907e-21
9.583983e+02;1.759834e-21
9.584483e+02;1.759762e-21
9.584983e+02;1.759690e-21
9.585483e+02;1.759618e-21
9.585983e+02;1.759546e-21
9.586483e+02;1.759474e-21
9.586983e+02;1.759402e-21
9.587483e+02;1.759330e-21
9.587984e+02;1.759259e-21
9.588484e+02;1.759187e-21
9.588984e+02;1.759115e-21
9.589484e+02;1.759043e-21
9.589984e+02;1.758971e-21
9.590484e+02;1.758899e-21
9.590984e+02;1.758827e-21
9.591484e+02;1.758755e-21
9.591984e+02;1.758683e-21
9.592484e+02;1.758611e-21
9.592984e+02;1.758539e-21
9.593484e+02;1.758467e-21
9.593984e+02;1.758395e-21
9.594484e+02;1.758323e-21
9.594984e+02;1.758251e-21
9.595484e+02;1.758180e-21
9.595984e+02;1.758108e-21
9.596484e+02;1.758036e-21
9.596984e+02;1.757964e-21
9.597484e+02;1.757892e-21
9.597984e+02;1.757820e-21
9.598484e+02;1.757748e-21
9.598984e+02;1.757677e-21
9.599484e+02;1.757605e-21
9.599984e+02;1.757533e-21
9.600484e+02;1.757461e-21
9.600984e+02;1.757389e-21
9.601484e+02;1.757317e-21
9.601984e+02;1.757246e-21
9.602484e+02;1.757174e-21
9.602984e+02;1.757102e-21
9.603484e+02;1.757030e-21
9.603984e+02;1.756958e-21
9.604484e+02;1.756887e-21
9.604984e+02;1.756815e-21
9.605484e+02;1.756743e-21
9.605984e+02;1.756671e-21
9.606484e+02;1.756600e-21
9.606984e+02;1.756528e-21
9.607484e+02;1.756456e-21
9.607984e+02;1.756384e-21
9.608484e+02;1.756313e-21
9.608984e+02;1.756241e-21
9.609484e+02;1.756169e-21
9.609984e+02;1.756098e-21
9.610484e+02;1.756026e-21
9.610984e+02;1.755954e-21
9.611484e+02;1.755883e-21
9.611984e+02;1.755811e-21
9.612484e+02;1.755739e-21
9.612985e+02;1.755668e-21
9.613485e+02;1.755596e-21
9.613985e+02;1.755524e-21
9.614485e+02;1.755453e-21
9.614985e+02;1.755381e-21
9.615485e+02;1.755309e-21
9.615985e+02;1.755238e-21
9.616485e+02;1.755166e-21
9.616985e+02;1.755094e-21
9.617485e+02;1.755023e-21
9.617985e+02;1.754951e-21
9.618485e+02;1.754880e-21
9.618985e+02;1.754808e-21
9.619485e+02;1.754736e-21
9.619985e+02;1.754665e-21
9.620485e+02;1.754593e-21
9.620985e+02;1.754522e-21
9.621485e+02;1.754450e-21
9.621985e+02;1.754379e-21
9.622485e+02;1.754307e-21
9.622985e+02;1.754235e-21
9.623485e+02;1.754164e-21
9.623985e+02;1.754092e-21
9.624485e+02;1.754021e-21
9.624985e+02;1.753949e-21
9.625485e+02;1.753878e-21
9.625985e+02;1.753806e-21
9.626485e+02;1.753735e-21
9.626985e+02;1.753663e-21
9.627485e+02;1.753592e-21
9.627985e+02;1.753520e-21
9.628485e+02;1.753449e-21
9.628985e+02;1.753377e-21
9.629485e+02;1.753306e-21
9.629985e+02;1.753234e-21
9.630485e+02;1.753163e-21
9.630985e+02;1.753092e-21
9.631485e+02;1.753020e-21
9.631985e+02;1.752949e-21
9.632485e+02;1.752877e-21
9.632985e+02;1.752806e-21
9.633485e+02;1.752734e-21
9.633985e+02;1.752663e-21
9.634485e+02;1.752592e-21
9.634985e+02;1.752520e-21
9.635485e+02;1.752449e-21
9.635985e+02;1.752377e-21
9.636485e+02;1.752306e-21
9.636985e+02;1.752235e-21
9.637485e+02;1.752163e-21
9.637986e+02;1.752092e-21
9.638486e+02;1.752021e-21
9.638986e+02;1.751949e-21
9.639486e+02;1.751878e-21
9.639986e+02;1.751807e-21
9.640486e+02;1.751735e-21
9.640986e+02;1.751664e-21
9.641486e+02;1.751593e-21
9.641986e+02;1.751521e-21
9.642486e+02;1.751450e-21
9.642986e+02;1.751379e-21
9.643486e+02;1.751307e-21
9.643986e+02;1.751236e-21
9.644486e+02;1.751165e-21
9.644986e+02;1.751093e-21
9.645486e+02;1.751022e-21
9.645986e+02;1.750951e-21
9.646486e+02;1.750880e-21
9.646986e+02;1.750808e-21
9.647486e+02;1.750737e-21
9.647986e+02;1.750666e-21
9.648486e+02;1.750595e-21
9.648986e+02;1.750523e-21
9.649486e+02;1.750452e-21
9.649986e+02;1.750381e-21
9.650486e+02;1.750310e-21
9.650986e+02;1.750239e-21
9.651486e+02;1.750167e-21
9.651986e+02;1.750096e-21
9.652486e+02;1.750025e-21
9.652986e+02;1.749954e-21
9.653486e+02;1.749883e-21
9.653986e+02;1.749812e-21
9.654486e+02;1.749740e-21
9.654986e+02;1.749669e-21
9.655486e+02;1.749598e-21
9.655986e+02;1.749527e-21
9.656486e+02;1.749456e-21
9.656986e+02;1.749385e-21
9.657486e+02;1.749314e-21
9.657986e+02;1.749242e-21
9.658486e+02;1.749171e-21
9.658986e+02;1.749100e-21
9.659486e+02;1.749029e-21
9.659986e+02;1.748958e-21
9.660486e+02;1.748887e-21
9.660986e+02;1.748816e-21
9.661486e+02;1.748745e-21
9.661986e+02;1.748674e-21
9.662486e+02;1.748603e-21
9.662987e+02;1.748532e-21
9.663487e+02;1.748460e-21
9.663987e+02;1.748389e-21
9.664487e+02;1.748318e-21
9.664987e+02;1.748247e-21
9.665487e+02;1.748176e-21
9.665987e+02;1.748105e-21
9.666487e+02;1.748034e-21
9.666987e+02;1.747963e-21
9.667487e+02;1.747892e-21
9.667987e+02;1.747821e-21
9.668487e+02;1.747750e-21
9.668987e+02;1.747679e-21
9.669487e+02;1.747608e-21
9.669987e+02;1.747537e-21
9.670487e+02;1.747466e-21
9.670987e+02;1.747395e-21
9.671487e+02;1.747324e-21
9.671987e+02;1.747254e-21
9.672487e+02;1.747183e-21
9.672987e+02;1.747112e-21
9.673487e+02;1.747041e-21
9.673987e+02;1.746970e-21
9.674487e+02;1.746899e-21
9.674987e+02;1.746828e-21
9.675487e+02;1.746757e-21
9.675987e+02;1.746686e-21
9.676487e+02;1.746615e-21
9.676987e+02;1.746544e-21
9.677487e+02;1.746474e-21
9.677987e+02;1.746403e-21
9.678487e+02;1.746332e-21
9.678987e+02;1.746261e-21
9.679487e+02;1.746190e-21
9.679987e+02;1.746119e-21
9.680487e+02;1.746048e-21
9.680987e+02;1.745978e-21
9.681487e+02;1.745907e-21
9.681987e+02;1.745836e-21
9.682487e+02;1.745765e-21
9.682987e+02;1.745694e-21
9.683487e+02;1.745623e-21
9.683987e+02;1.745553e-21
9.684487e+02;1.745482e-21
9.684987e+02;1.745411e-21
9.685487e+02;1.745340e-21
9.685987e+02;1.745269e-21
9.686487e+02;1.745199e-21
9.686987e+02;1.745128e-21
9.687487e+02;1.745057e-21
9.687988e+02;1.744986e-21
9.688488e+02;1.744916e-21
9.688988e+02;1.744845e-21
9.689488e+02;1.744774e-21
9.689988e+02;1.744703e-21
9.690488e+02;1.744633e-21
9.690988e+02;1.744562e-21
9.691488e+02;1.744491e-21
9.691988e+02;1.744421e-21
9.692488e+02;1.744350e-21
9.692988e+02;1.744279e-21
9.693488e+02;1.744208e-21
9.693988e+02;1.744138e-21
9.694488e+02;1.744067e-21
9.694988e+02;1.743996e-21
9.695488e+02;1.743926e-21
9.695988e+02;1.743855e-21
9.696488e+02;1.743784e-21
9.696988e+02;1.743714e-21
9.697488e+02;1.743643e-21
9.697988e+02;1.743573e-21
9.698488e+02;1.743502e-21
9.698988e+02;1.743431e-21
9.699488e+02;1.743361e-21
9.699988e+02;1.743290e-21
9.700488e+02;1.743219e-21
9.700988e+02;1.743149e-21
9.701488e+02;1.743078e-21
9.701988e+02;1.743008e-21
9.702488e+02;1.742937e-21
9.702988e+02;1.742867e-21
9.703488e+02;1.742796e-21
9.703988e+02;1.742725e-21
9.704488e+02;1.742655e-21
9.704988e+02;1.742584e-21
9.705488e+02;1.742514e-21
9.705988e+02;1.742443e-21
9.706488e+02;1.742373e-21
9.706988e+02;1.742302e-21
9.707488e+02;1.742232e-21
9.707988e+02;1.742161e-21
9.708488e+02;1.742091e-21
9.708988e+02;1.742020e-21
9.709488e+02;1.741950e-21
9.709988e+02;1.741879e-21
9.710488e+02;1.741809e-21
9.710988e+02;1.741738e-21
9.711488e+02;1.741668e-21
9.711988e+02;1.741597e-21
9.712488e+02;1.741527e-21
9.712989e+02;1.741456e-21
9.713489e+02;1.741386e-21
9.713989e+02;1.741315e-21
9.714489e+02;1.741245e-21
9.714989e+02;1.741175e-21
9.715489e+02;1.741104e-21
9.715989e+02;1.741034e-21
9.716489e+02;1.740963e-21
9.716989e+02;1.740893e-21
9.717489e+02;1.740822e-21
9.717989e+02;1.740752e-21
9.718489e+02;1.740682e-21
9.718989e+02;1.740611e-21
9.719489e+02;1.740541e-21
9.719989e+02;1.740471e-21
9.720489e+02;1.740400e-21
9.720989e+02;1.740330e-21
9.721489e+02;1.740259e-21
9.721989e+02;1.740189e-21
9.722489e+02;1.740119e-21
9.722989e+02;1.740048e-21
9.723489e+02;1.739978e-21
9.723989e+02;1.739908e-21
9.724489e+02;1.739837e-21
9.724989e+02;1.739767e-21
9.725489e+02;1.739697e-21
9.725989e+02;1.739627e-21
9.726489e+02;1.739556e-21
9.726989e+02;1.739486e-21
9.727489e+02;1.739416e-21
9.727989e+02;1.739345e-21
9.728489e+02;1.739275e-21
9.728989e+02;1.739205e-21
9.729489e+02;1.739135e-21
9.729989e+02;1.739064e-21
9.730489e+02;1.738994e-21
9.730989e+02;1.738924e-21
9.731489e+02;1.738854e-21
9.731989e+02;1.738783e-21
9.732489e+02;1.738713e-21
9.732989e+02;1.738643e-21
9.733489e+02;1.738573e-21
9.733989e+02;1.738503e-21
9.734489e+02;1.738432e-21
9.734989e+02;1.738362e-21
9.735489e+02;1.738292e-21
9.735989e+02;1.738222e-21
9.736489e+02;1.738152e-21
9.736989e+02;1.738081e-21
9.737489e+02;1.738011e-21
9.737990e+02;1.737941e-21
9.738490e+02;1.737871e-21
9.738990e+02;1.737801e-21
9.739490e+02;1.737731e-21
9.739990e+02;1.737661e-21
9.740490e+02;1.737590e-21
9.740990e+02;1.737520e-21
9.741490e+02;1.737450e-21
9.741990e+02;1.737380e-21
9.742490e+02;1.737310e-21
9.742990e+02;1.737240e-21
9.743490e+02;1.737170e-21
9.743990e+02;1.737100e-21
9.744490e+02;1.737030e-21
9.744990e+02;1.736960e-21
9.745490e+02;1.736890e-21
9.745990e+02;1.736819e-21
9.746490e+02;1.736749e-21
9.746990e+02;1.736679e-21
9.747490e+02;1.736609e-21
9.747990e+02;1.736539e-21
9.748490e+02;1.736469e-21
9.748990e+02;1.736399e-21
9.749490e+02;1.736329e-21
9.749990e+02;1.736259e-21
9.750490e+02;1.736189e-21
9.750990e+02;1.736119e-21
9.751490e+02;1.736049e-21
9.751990e+02;1.735979e-21
9.752490e+02;1.735909e-21
9.752990e+02;1.735839e-21
9.753490e+02;1.735769e-21
9.753990e+02;1.735699e-21
9.754490e+02;1.735629e-21
9.754990e+02;1.735559e-21
9.755490e+02;1.735489e-21
9.755990e+02;1.735420e-21
9.756490e+02;1.735350e-21
9.756990e+02;1.735280e-21
9.757490e+02;1.735210e-21
9.757990e+02;1.735140e-21
9.758490e+02;1.735070e-21
9.758990e+02;1.735000e-21
9.759490e+02;1.734930e-21
9.759990e+02;1.734860e-21
9.760490e+02;1.734790e-21
9.760990e+02;1.734720e-21
9.761490e+02;1.734651e-21
9.761990e+02;1.734581e-21
9.762490e+02;1.734511e-21
9.762991e+02;1.734441e-21
9.763491e+02;1.734371e-21
9.763991e+02;1.734301e-21
9.764491e+02;1.734231e-21
9.764991e+02;1.734162e-21
9.765491e+02;1.734092e-21
9.765991e+02;1.734022e-21
9.766491e+02;1.733952e-21
9.766991e+02;1.733882e-21
9.767491e+02;1.733812e-21
9.767991e+02;1.733743e-21
9.768491e+02;1.733673e-21
9.768991e+02;1.733603e-21
9.769491e+02;1.733533e-21
9.769991e+02;1.733464e-21
9.770491e+02;1.733394e-21
9.770991e+02;1.733324e-21
9.771491e+02;1.733254e-21
9.771991e+02;1.733184e-21
9.772491e+02;1.733115e-21
9.772991e+02;1.733045e-21
9.773491e+02;1.732975e-21
9.773991e+02;1.732906e-21
9.774491e+02;1.732836e-21
9.774991e+02;1.732766e-21
9.775491e+02;1.732696e-21
9.775991e+02;1.732627e-21
9.776491e+02;1.732557e-21
9.776991e+02;1.732487e-21
9.777491e+02;1.732418e-21
9.777991e+02;1.732348e-21
9.778491e+02;1.732278e-21
9.778991e+02;1.732209e-21
9.779491e+02;1.732139e-21
9.779991e+02;1.732069e-21
9.780491e+02;1.732000e-21
9.780991e+02;1.731930e-21
9.781491e+02;1.731860e-21
9.781991e+02;1.731791e-21
9.782491e+02;1.731721e-21
9.782991e+02;1.731651e-21
9.783491e+02;1.731582e-21
9.783991e+02;1.731512e-21
9.784491e+02;1.731443e-21
9.784991e+02;1.731373e-21
9.785491e+02;1.731303e-21
9.785991e+02;1.731234e-21
9.786491e+02;1.731164e-21
9.786991e+02;1.731095e-21
9.787491e+02;1.731025e-21
9.787992e+02;1.730956e-21
9.788492e+02;1.730886e-21
9.788992e+02;1.730816e-21
9.789492e+02;1.730747e-21
9.789992e+02;1.730677e-21
9.790492e+02;1.730608e-21
9.790992e+02;1.730538e-21
9.791492e+02;1.730469e-21
9.791992e+02;1.730399e-21
9.792492e+02;1.730330e-21
9.792992e+02;1.730260e-21
9.793492e+02;1.730191e-21
9.793992e+02;1.730121e-21
9.794492e+02;1.730052e-21
9.794992e+02;1.729982e-21
9.795492e+02;1.729913e-21
9.795992e+02;1.729843e-21
9.796492e+02;1.729774e-21
9.796992e+02;1.729704e-21
9.797492e+02;1.729635e-21
9.797992e+02;1.729565e-21
9.798492e+02;1.729496e-21
9.798992e+02;1.729427e-21
9.799492e+02;1.729357e-21
9.799992e+02;1.729288e-21
9.800492e+02;1.729218e-21
9.800992e+02;1.729149e-21
9.801492e+02;1.729079e-21
9.801992e+02;1.729010e-21
9.802492e+02;1.728941e-21
9.802992e+02;1.728871e-21
9.803492e+02;1.728802e-21
9.803992e+02;1.728733e-21
9.804492e+02;1.728663e-21
9.804992e+02;1.728594e-21
9.805492e+02;1.728524e-21
9.805992e+02;1.728455e-21
9.806492e+02;1.728386e-21
9.806992e+02;1.728316e-21
9.807492e+02;1.728247e-21
9.807992e+02;1.728178e-21
9.808492e+02;1.728108e-21
9.808992e+02;1.728039e-21
9.809492e+02;1.727970e-21
9.809992e+02;1.727900e-21
9.810492e+02;1.727831e-21
9.810992e+02;1.727762e-21
9.811492e+02;1.727693e-21
9.811992e+02;1.727623e-21
9.812492e+02;1.727554e-21
9.812993e+02;1.727485e-21
9.813493e+02;1.727416e-21
9.813993e+02;1.727346e-21
9.814493e+02;1.727277e-21
9.814993e+02;1.727208e-21
9.815493e+02;1.727139e-21
9.815993e+02;1.727069e-21
9.816493e+02;1.727000e-21
9.816993e+02;1.726931e-21
9.817493e+02;1.726862e-21
9.817993e+02;1.726792e-21
9.818493e+02;1.726723e-21
9.818993e+02;1.726654e-21
9.819493e+02;1.726585e-21
9.819993e+02;1.726516e-21
9.820493e+02;1.726446e-21
9.820993e+02;1.726377e-21
9.821493e+02;1.726308e-21
9.821993e+02;1.726239e-21
9.822493e+02;1.726170e-21
9.822993e+02;1.726101e-21
9.823493e+02;1.726031e-21
9.823993e+02;1.725962e-21
9.824493e+02;1.725893e-21
9.824993e+02;1.725824e-21
9.825493e+02;1.725755e-21
9.825993e+02;1.725686e-21
9.826493e+02;1.725617e-21
9.826993e+02;1.725548e-21
9.827493e+02;1.725478e-21
9.827993e+02;1.725409e-21
9.828493e+02;1.725340e-21
9.828993e+02;1.725271e-21
9.829493e+02;1.725202e-21
9.829993e+02;1.725133e-21
9.830493e+02;1.725064e-21
9.830993e+02;1.724995e-21
9.831493e+02;1.724926e-21
9.831993e+02;1.724857e-21
9.832493e+02;1.724788e-21
9.832993e+02;1.724719e-21
9.833493e+02;1.724650e-21
9.833993e+02;1.724581e-21
9.834493e+02;1.724512e-21
9.834993e+02;1.724443e-21
9.835493e+02;1.724374e-21
9.835993e+02;1.724305e-21
9.836493e+02;1.724236e-21
9.836993e+02;1.724167e-21
9.837493e+02;1.724098e-21
9.837994e+02;1.724029e-21
9.838494e+02;1.723960e-21
9.838994e+02;1.723891e-21
9.839494e+02;1.723822e-21
9.839994e+02;1.723753e-21
9.840494e+02;1.723684e-21
9.840994e+02;1.723615e-21
9.841494e+02;1.723546e-21
9.841994e+02;1.723477e-21
9.842494e+02;1.723408e-21
9.842994e+02;1.723339e-21
9.843494e+02;1.723270e-21
9.843994e+02;1.723201e-21
9.844494e+02;1.723132e-21
9.844994e+02;1.723064e-21
9.845494e+02;1.722995e-21
9.845994e+02;1.722926e-21
9.846494e+02;1.722857e-21
9.846994e+02;1.722788e-21
9.847494e+02;1.722719e-21
9.847994e+02;1.722650e-21
9.848494e+02;1.722581e-21
9.848994e+02;1.722513e-21
9.849494e+02;1.722444e-21
9.849994e+02;1.722375e-21
9.850494e+02;1.722306e-21
9.850994e+02;1.722237e-21
9.851494e+02;1.722168e-21
9.851994e+02;1.722100e-21
9.852494e+02;1.722031e-21
9.852994e+02;1.721962e-21
9.853494e+02;1.721893e-21
9.853994e+02;1.721824e-21
9.854494e+02;1.721756e-21
9.854994e+02;1.721687e-21
9.855494e+02;1.721618e-21
9.855994e+02;1.721549e-21
9.856494e+02;1.721480e-21
9.856994e+02;1.721412e-21
9.857494e+02;1.721343e-21
9.857994e+02;1.721274e-21
9.858494e+02;1.721205e-21
9.858994e+02;1.721137e-21
9.859494e+02;1.721068e-21
9.859994e+02;1.720999e-21
9.860494e+02;1.720930e-21
9.860994e+02;1.720862e-21
9.861494e+02;1.720793e-21
9.861994e+02;1.720724e-21
9.862494e+02;1.720656e-21
9.862995e+02;1.720587e-21
9.863495e+02;1.720518e-21
9.863995e+02;1.720450e-21
9.864495e+02;1.720381e-21
9.864995e+02;1.720312e-21
9.865495e+02;1.720244e-21
9.865995e+02;1.720175e-21
9.866495e+02;1.720106e-21
9.866995e+02;1.720038e-21
9.867495e+02;1.719969e-21
9.867995e+02;1.719900e-21
9.868495e+02;1.719832e-21
9.868995e+02;1.719763e-21
9.869495e+02;1.719695e-21
9.869995e+02;1.719626e-21
9.870495e+02;1.719557e-21
9.870995e+02;1.719489e-21
9.871495e+02;1.719420e-21
9.871995e+02;1.719352e-21
9.872495e+02;1.719283e-21
9.872995e+02;1.719214e-21
9.873495e+02;1.719146e-21
9.873995e+02;1.719077e-21
9.874495e+02;1.719009e-21
9.874995e+02;1.718940e-21
9.875495e+02;1.718872e-21
9.875995e+02;1.718803e-21
9.876495e+02;1.718734e-21
9.876995e+02;1.718666e-21
9.877495e+02;1.718597e-21
9.877995e+02;1.718529e-21
9.878495e+02;1.718460e-21
9.878995e+02;1.718392e-21
9.879495e+02;1.718323e-21
9.879995e+02;1.718255e-21
9.880495e+02;1.718186e-21
9.880995e+02;1.718118e-21
9.881495e+02;1.718049e-21
9.881995e+02;1.717981e-21
9.882495e+02;1.717913e-21
9.882995e+02;1.717844e-21
9.883495e+02;1.717776e-21
9.883995e+02;1.717707e-21
9.884495e+02;1.717639e-21
9.884995e+02;1.717570e-21
9.885495e+02;1.717502e-21
9.885995e+02;1.717433e-21
9.886495e+02;1.717365e-21
9.886995e+02;1.717297e-21
9.887495e+02;1.717228e-21
9.887996e+02;1.717160e-21
9.888496e+02;1.717091e-21
9.888996e+02;1.717023e-21
9.889496e+02;1.716955e-21
9.889996e+02;1.716886e-21
9.890496e+02;1.716818e-21
9.890996e+02;1.716749e-21
9.891496e+02;1.716681e-21
9.891996e+02;1.716613e-21
9.892496e+02;1.716544e-21
9.892996e+02;1.716476e-21
9.893496e+02;1.716408e-21
9.893996e+02;1.716339e-21
9.894496e+02;1.716271e-21
9.894996e+02;1.716203e-21
9.895496e+02;1.716134e-21
9.895996e+02;1.716066e-21
9.896496e+02;1.715998e-21
9.896996e+02;1.715929e-21
9.897496e+02;1.715861e-21
9.897996e+02;1.715793e-21
9.898496e+02;1.715725e-21
9.898996e+02;1.715656e-21
9.899496e+02;1.715588e-21
9.899996e+02;1.715520e-21
9.900496e+02;1.715452e-21
9.900996e+02;1.715383e-21
9.901496e+02;1.715315e-21
9.901996e+02;1.715247e-21
9.902496e+02;1.715179e-21
9.902996e+02;1.715110e-21
9.903496e+02;1.715042e-21
9.903996e+02;1.714974e-21
9.904496e+02;1.714906e-21
9.904996e+02;1.714837e-21
9.905496e+02;1.714769e-21
9.905996e+02;1.714701e-21
9.906496e+02;1.714633e-21
9.906996e+02;1.714565e-21
9.907496e+02;1.714496e-21
9.907996e+02;1.714428e-21
9.908496e+02;1.714360e-21
9.908996e+02;1.714292e-21
9.909496e+02;1.714224e-21
9.909996e+02;1.714156e-21
9.910496e+02;1.714087e-21
9.910996e+02;1.714019e-21
9.911496e+02;1.713951e-21
9.911996e+02;1.713883e-21
9.912496e+02;1.713815e-21
9.912997e+02;1.713747e-21
9.913497e+02;1.713679e-21
9.913997e+02;1.713611e-21
9.914497e+02;1.713543e-21
9.914997e+02;1.713474e-21
9.915497e+02;1.713406e-21
9.915997e+02;1.713338e-21
9.916497e+02;1.713270e-21
9.916997e+02;1.713202e-21
9.917497e+02;1.713134e-21
9.917997e+02;1.713066e-21
9.918497e+02;1.712998e-21
9.918997e+02;1.712930e-21
9.919497e+02;1.712862e-21
9.919997e+02;1.712794e-21
9.920497e+02;1.712726e-21
9.920997e+02;1.712658e-21
9.921497e+02;1.712590e-21
9.921997e+02;1.712522e-21
9.922497e+02;1.712454e-21
9.922997e+02;1.712386e-21
9.923497e+02;1.712318e-21
9.923997e+02;1.712250e-21
9.924497e+02;1.712182e-21
9.924997e+02;1.712114e-21
9.925497e+02;1.712046e-21
9.925997e+02;1.711978e-21
9.926497e+02;1.711910e-21
9.926997e+02;1.711842e-21
9.927497e+02;1.711774e-21
9.927997e+02;1.711706e-21
9.928497e+02;1.711638e-21
9.928997e+02;1.711570e-21
9.929497e+02;1.711502e-21
9.929997e+02;1.711434e-21
9.930497e+02;1.711366e-21
9.930997e+02;1.711298e-21
9.931497e+02;1.711230e-21
9.931997e+02;1.711163e-21
9.932497e+02;1.711095e-21
9.932997e+02;1.711027e-21
9.933497e+02;1.710959e-21
9.933997e+02;1.710891e-21
9.934497e+02;1.710823e-21
9.934997e+02;1.710755e-21
9.935497e+02;1.710687e-21
9.935997e+02;1.710620e-21
9.936497e+02;1.710552e-21
9.936997e+02;1.710484e-21
9.937497e+02;1.710416e-21
9.937998e+02;1.710348e-21
9.938498e+02;1.710280e-21
9.938998e+02;1.710213e-21
9.939498e+02;1.710145e-21
9.939998e+02;1.710077e-21
9.940498e+02;1.710009e-21
9.940998e+02;1.709941e-21
9.941498e+02;1.709873e-21
9.941998e+02;1.709806e-21
9.942498e+02;1.709738e-21
9.942998e+02;1.709670e-21
9.943498e+02;1.709602e-21
9.943998e+02;1.709535e-21
9.944498e+02;1.709467e-21
9.944998e+02;1.709399e-21
9.945498e+02;1.709331e-21
9.945998e+02;1.709264e-21
9.946498e+02;1.709196e-21
9.946998e+02;1.709128e-21
9.947498e+02;1.709060e-21
9.947998e+02;1.708993e-21
9.948498e+02;1.708925e-21
9.948998e+02;1.708857e-21
9.949498e+02;1.708790e-21
9.949998e+02;1.708722e-21
9.950498e+02;1.708654e-21
9.950998e+02;1.708586e-21
9.951498e+02;1.708519e-21
9.951998e+02;1.708451e-21
9.952498e+02;1.708383e-21
9.952998e+02;1.708316e-21
9.953498e+02;1.708248e-21
9.953998e+02;1.708180e-21
9.954498e+02;1.708113e-21
9.954998e+02;1.708045e-21
9.955498e+02;1.707978e-21
9.955998e+02;1.707910e-21
9.956498e+02;1.707842e-21
9.956998e+02;1.707775e-21
9.957498e+02;1.707707e-21
9.957998e+02;1.707639e-21
9.958498e+02;1.707572e-21
9.958998e+02;1.707504e-21
9.959498e+02;1.707437e-21
9.959998e+02;1.707369e-21
9.960498e+02;1.707301e-21
9.960998e+02;1.707234e-21
9.961498e+02;1.707166e-21
9.961998e+02;1.707099e-21
9.962498e+02;1.707031e-21
9.962999e+02;1.706964e-21
9.963499e+02;1.706896e-21
9.963999e+02;1.706829e-21
9.964499e+02;1.706761e-21
9.964999e+02;1.706693e-21
9.965499e+02;1.706626e-21
9.965999e+02;1.706558e-21
9.966499e+02;1.706491e-21
9.966999e+02;1.706423e-21
9.967499e+02;1.706356e-21
9.967999e+02;1.706288e-21
9.968499e+02;1.706221e-21
9.968999e+02;1.706153e-21
9.969499e+02;1.706086e-21
9.969999e+02;1.706018e-21
9.970499e+02;1.705951e-21
9.970999e+02;1.705884e-21
9.971499e+02;1.705816e-21
9.971999e+02;1.705749e-21
9.972499e+02;1.705681e-21
9.972999e+02;1.705614e-21
9.973499e+02;1.705546e-21
9.973999e+02;1.705479e-21
9.974499e+02;1.705411e-21
9.974999e+02;1.705344e-21
9.975499e+02;1.705277e-21
9.975999e+02;1.705209e-21
9.976499e+02;1.705142e-21
9.976999e+02;1.705074e-21
9.977499e+02;1.705007e-21
9.977999e+02;1.704940e-21
9.978499e+02;1.704872e-21
9.978999e+02;1.704805e-21
9.979499e+02;1.704738e-21
9.979999e+02;1.704670e-21
9.980499e+02;1.704603e-21
9.980999e+02;1.704535e-21
9.981499e+02;1.704468e-21
9.981999e+02;1.704401e-21
9.982499e+02;1.704333e-21
9.982999e+02;1.704266e-21
9.983499e+02;1.704199e-21
9.983999e+02;1.704131e-21
9.984499e+02;1.704064e-21
9.984999e+02;1.703997e-21
9.985499e+02;1.703930e-21
9.985999e+02;1.703862e-21
9.986499e+02;1.703795e-21
9.986999e+02;1.703728e-21
9.987499e+02;1.703660e-21
9.988000e+02;1.703593e-21
9.988500e+02;1.703526e-21
9.989000e+02;1.703459e-21
9.989500e+02;1.703391e-21
9.990000e+02;1.703324e-21
9.990500e+02;1.703257e-21
9.991000e+02;1.703190e-21
9.991500e+02;1.703122e-21
9.992000e+02;1.703055e-21
9.992500e+02;1.702988e-21
9.993000e+02;1.702921e-21
9.993500e+02;1.702854e-21
9.994000e+02;1.702786e-21
9.994500e+02;1.702719e-21
9.995000e+02;1.702652e-21
9.995500e+02;1.702585e-21
9.996000e+02;1.702518e-21
9.996500e+02;1.702450e-21
9.997000e+02;1.702383e-21
9.997500e+02;1.702316e-21
9.998000e+02;1.702249e-21
9.998500e+02;1.702182e-21
9.999000e+02;1.702115e-21
9.999500e+02;1.702047e-21
1.000000e+03;1.701980e-21
