1.000000e-04;0.000000e+00
1.000000e-02;0.000000e+00
6.000200e-02;0.000000e+00
1.100040e-01;0.000000e+00
1.600060e-01;0.000000e+00
2.100080e-01;0.000000e+00
2.600100e-01;0.000000e+00
3.100120e-01;0.000000e+00
3.600140e-01;0.000000e+00
4.100160e-01;0.000000e+00
4.600180e-01;0.000000e+00
5.100200e-01;0.000000e+00
5.600220e-01;0.000000e+00
6.100240e-01;0.000000e+00
6.600260e-01;0.000000e+00
7.100280e-01;0.000000e+00
7.600300e-01;0.000000e+00
8.100320e-01;0.000000e+00
8.600340e-01;0.000000e+00
9.100360e-01;0.000000e+00
9.600380e-01;0.000000e+00
1.010040e+00;0.000000e+00
1.060042e+00;0.000000e+00
1.110044e+00;0.000000e+00
1.160046e+00;0.000000e+00
1.210048e+00;0.000000e+00
1.260050e+00;0.000000e+00
1.310052e+00;0.000000e+00
1.360054e+00;0.000000e+00
1.410056e+00;0.000000e+00
1.460058e+00;0.000000e+00
1.510060e+00;0.000000e+00
1.560062e+00;0.000000e+00
1.610064e+00;0.000000e+00
1.660066e+00;0.000000e+00
1.710068e+00;0.000000e+00
1.760070e+00;0.000000e+00
1.810072e+00;0.000000e+00
1.860074e+00;0.000000e+00
1.910076e+00;0.000000e+00
1.960078e+00;0.000000e+00
2.010080e+00;0.000000e+00
2.060082e+00;0.000000e+00
2.110084e+00;0.000000e+00
2.160086e+00;0.000000e+00
2.210088e+00;0.000000e+00
2.260090e+00;0.000000e+00
2.310092e+00;0.000000e+00
2.360094e+00;0.000000e+00
2.410096e+00;0.000000e+00
2.460098e+00;0.000000e+00
2.510100e+00;0.000000e+00
2.560102e+00;0.000000e+00
2.610104e+00;0.000000e+00
2.660106e+00;0.000000e+00
2.710108e+00;0.000000e+00
2.760110e+00;0.000000e+00
2.810112e+00;0.000000e+00
2.860114e+00;0.000000e+00
2.910116e+00;0.000000e+00
2.960118e+00;0.000000e+00
3.010120e+00;0.000000e+00
3.060122e+00;0.000000e+00
3.110124e+00;0.000000e+00
3.160126e+00;0.000000e+00
3.210128e+00;0.000000e+00
3.260130e+00;0.000000e+00
3.310132e+00;0.000000e+00
3.360134e+00;0.000000e+00
3.410136e+00;0.000000e+00
3.460138e+00;0.000000e+00
3.510140e+00;0.000000e+00
3.560142e+00;0.000000e+00
3.610144e+00;0.000000e+00
3.660146e+00;0.000000e+00
3.710148e+00;0.000000e+00
3.760150e+00;0.000000e+00
3.810152e+00;0.000000e+00
3.860154e+00;0.000000e+00
3.910156e+00;0.000000e+00
3.960158e+00;0.000000e+00
4.010160e+00;0.000000e+00
4.060162e+00;0.000000e+00
4.110164e+00;0.000000e+00
4.160166e+00;0.000000e+00
4.210168e+00;0.000000e+00
4.260170e+00;0.000000e+00
4.310172e+00;0.000000e+00
4.360174e+00;0.000000e+00
4.410176e+00;0.000000e+00
4.460178e+00;0.000000e+00
4.510180e+00;0.000000e+00
4.560182e+00;0.000000e+00
4.610184e+00;0.000000e+00
4.660186e+00;0.000000e+00
4.710188e+00;0.000000e+00
4.760190e+00;0.000000e+00
4.810192e+00;0.000000e+00
4.860194e+00;0.000000e+00
4.910196e+00;0.000000e+00
4.960198e+00;0.000000e+00
5.010200e+00;0.000000e+00
5.060202e+00;0.000000e+00
5.110204e+00;0.000000e+00
5.160206e+00;0.000000e+00
5.210208e+00;0.000000e+00
5.260210e+00;0.000000e+00
5.310212e+00;0.000000e+00
5.360214e+00;0.000000e+00
5.410216e+00;0.000000e+00
5.460218e+00;0.000000e+00
5.510220e+00;0.000000e+00
5.560222e+00;0.000000e+00
5.610224e+00;0.000000e+00
5.660226e+00;0.000000e+00
5.710228e+00;0.000000e+00
5.760230e+00;0.000000e+00
5.810232e+00;0.000000e+00
5.860234e+00;0.000000e+00
5.910236e+00;0.000000e+00
5.960238e+00;0.000000e+00
6.010240e+00;0.000000e+00
6.060242e+00;0.000000e+00
6.110244e+00;0.000000e+00
6.160246e+00;0.000000e+00
6.210248e+00;0.000000e+00
6.260250e+00;0.000000e+00
6.310252e+00;0.000000e+00
6.360254e+00;0.000000e+00
6.410256e+00;0.000000e+00
6.460258e+00;0.000000e+00
6.510260e+00;0.000000e+00
6.560262e+00;0.000000e+00
6.610264e+00;0.000000e+00
6.660266e+00;0.000000e+00
6.710268e+00;0.000000e+00
6.760270e+00;0.000000e+00
6.810272e+00;0.000000e+00
6.860274e+00;0.000000e+00
6.910276e+00;0.000000e+00
6.960278e+00;0.000000e+00
7.010280e+00;0.000000e+00
7.060282e+00;0.000000e+00
7.110284e+00;0.000000e+00
7.160286e+00;0.000000e+00
7.210288e+00;0.000000e+00
7.260290e+00;0.000000e+00
7.310292e+00;0.000000e+00
7.360294e+00;0.000000e+00
7.410296e+00;0.000000e+00
7.460298e+00;0.000000e+00
7.510300e+00;0.000000e+00
7.560302e+00;0.000000e+00
7.610304e+00;0.000000e+00
7.660306e+00;0.000000e+00
7.710308e+00;0.000000e+00
7.760310e+00;0.000000e+00
7.810312e+00;0.000000e+00
7.860314e+00;0.000000e+00
7.910316e+00;0.000000e+00
7.960318e+00;0.000000e+00
8.010320e+00;0.000000e+00
8.060322e+00;0.000000e+00
8.110324e+00;0.000000e+00
8.160326e+00;0.000000e+00
8.210328e+00;0.000000e+00
8.260330e+00;0.000000e+00
8.310332e+00;0.000000e+00
8.360334e+00;0.000000e+00
8.410336e+00;0.000000e+00
8.460338e+00;0.000000e+00
8.510340e+00;0.000000e+00
8.560342e+00;0.000000e+00
8.610344e+00;0.000000e+00
8.660346e+00;0.000000e+00
8.710348e+00;0.000000e+00
8.760350e+00;0.000000e+00
8.810352e+00;0.000000e+00
8.860354e+00;0.000000e+00
8.910356e+00;0.000000e+00
8.960358e+00;0.000000e+00
9.010360e+00;0.000000e+00
9.060362e+00;0.000000e+00
9.110364e+00;0.000000e+00
9.160366e+00;0.000000e+00
9.210368e+00;0.000000e+00
9.260370e+00;0.000000e+00
9.310372e+00;0.000000e+00
9.360374e+00;0.000000e+00
9.410376e+00;0.000000e+00
9.460378e+00;0.000000e+00
9.510380e+00;0.000000e+00
9.560382e+00;0.000000e+00
9.610384e+00;0.000000e+00
9.660386e+00;0.000000e+00
9.710388e+00;0.000000e+00
9.760390e+00;0.000000e+00
9.810392e+00;0.000000e+00
9.860394e+00;0.000000e+00
9.910396e+00;0.000000e+00
9.960398e+00;0.000000e+00
1.001040e+01;0.000000e+00
1.006040e+01;0.000000e+00
1.011040e+01;0.000000e+00
1.016041e+01;0.000000e+00
1.021041e+01;0.000000e+00
1.026041e+01;0.000000e+00
1.031041e+01;0.000000e+00
1.036041e+01;0.000000e+00
1.041042e+01;0.000000e+00
1.046042e+01;0.000000e+00
1.051042e+01;0.000000e+00
1.056042e+01;0.000000e+00
1.061042e+01;0.000000e+00
1.066043e+01;0.000000e+00
1.071043e+01;0.000000e+00
1.076043e+01;0.000000e+00
1.081043e+01;0.000000e+00
1.086043e+01;0.000000e+00
1.091044e+01;0.000000e+00
1.096044e+01;0.000000e+00
1.101044e+01;0.000000e+00
1.106044e+01;0.000000e+00
1.111044e+01;0.000000e+00
1.116045e+01;0.000000e+00
1.121045e+01;0.000000e+00
1.126045e+01;0.000000e+00
1.131045e+01;0.000000e+00
1.136045e+01;0.000000e+00
1.141046e+01;0.000000e+00
1.146046e+01;0.000000e+00
1.151046e+01;0.000000e+00
1.156046e+01;0.000000e+00
1.161046e+01;0.000000e+00
1.166047e+01;0.000000e+00
1.171047e+01;0.000000e+00
1.176047e+01;0.000000e+00
1.181047e+01;0.000000e+00
1.186047e+01;0.000000e+00
1.191048e+01;0.000000e+00
1.196048e+01;0.000000e+00
1.201048e+01;0.000000e+00
1.206048e+01;0.000000e+00
1.211048e+01;0.000000e+00
1.216049e+01;0.000000e+00
1.221049e+01;0.000000e+00
1.226049e+01;0.000000e+00
1.231049e+01;0.000000e+00
1.236049e+01;0.000000e+00
1.241050e+01;0.000000e+00
1.246050e+01;0.000000e+00
1.251050e+01;0.000000e+00
1.256050e+01;0.000000e+00
1.261050e+01;0.000000e+00
1.266051e+01;0.000000e+00
1.271051e+01;0.000000e+00
1.276051e+01;0.000000e+00
1.281051e+01;0.000000e+00
1.286051e+01;0.000000e+00
1.291052e+01;0.000000e+00
1.296052e+01;0.000000e+00
1.301052e+01;0.000000e+00
1.306052e+01;0.000000e+00
1.311052e+01;0.000000e+00
1.316053e+01;0.000000e+00
1.321053e+01;0.000000e+00
1.326053e+01;0.000000e+00
1.331053e+01;0.000000e+00
1.336053e+01;0.000000e+00
1.341054e+01;0.000000e+00
1.346054e+01;0.000000e+00
1.351054e+01;0.000000e+00
1.356054e+01;0.000000e+00
1.361054e+01;0.000000e+00
1.366055e+01;0.000000e+00
1.371055e+01;0.000000e+00
1.376055e+01;0.000000e+00
1.381055e+01;0.000000e+00
1.386055e+01;0.000000e+00
1.391056e+01;0.000000e+00
1.396056e+01;0.000000e+00
1.401056e+01;0.000000e+00
1.406056e+01;0.000000e+00
1.411056e+01;0.000000e+00
1.416057e+01;0.000000e+00
1.421057e+01;0.000000e+00
1.426057e+01;0.000000e+00
1.431057e+01;0.000000e+00
1.436057e+01;0.000000e+00
1.441058e+01;0.000000e+00
1.446058e+01;0.000000e+00
1.451058e+01;0.000000e+00
1.456058e+01;0.000000e+00
1.461058e+01;0.000000e+00
1.466059e+01;0.000000e+00
1.471059e+01;0.000000e+00
1.476059e+01;0.000000e+00
1.481059e+01;0.000000e+00
1.486059e+01;0.000000e+00
1.491060e+01;0.000000e+00
1.496060e+01;0.000000e+00
1.501060e+01;0.000000e+00
1.506060e+01;0.000000e+00
1.511060e+01;0.000000e+00
1.516061e+01;0.000000e+00
1.521061e+01;0.000000e+00
1.526061e+01;0.000000e+00
1.531061e+01;0.000000e+00
1.536061e+01;0.000000e+00
1.541062e+01;0.000000e+00
1.546062e+01;0.000000e+00
1.551062e+01;0.000000e+00
1.556062e+01;0.000000e+00
1.561062e+01;0.000000e+00
1.566063e+01;0.000000e+00
1.571063e+01;0.000000e+00
1.576063e+01;0.000000e+00
1.581063e+01;1.401744e-23
1.586063e+01;8.015974e-23
1.591064e+01;1.466570e-22
1.596064e+01;2.135012e-22
1.601064e+01;2.806843e-22
1.606064e+01;3.481984e-22
1.611064e+01;4.160357e-22
1.616065e+01;4.841886e-22
1.621065e+01;5.526493e-22
1.626065e+01;6.214104e-22
1.631065e+01;6.904644e-22
1.636065e+01;7.598039e-22
1.641066e+01;8.294217e-22
1.646066e+01;8.993106e-22
1.651066e+01;9.694635e-22
1.656066e+01;1.039873e-21
1.661066e+01;1.110533e-21
1.666067e+01;1.181436e-21
1.671067e+01;1.252576e-21
1.676067e+01;1.323945e-21
1.681067e+01;1.395537e-21
1.686067e+01;1.467346e-21
1.691068e+01;1.539365e-21
1.696068e+01;1.611587e-21
1.701068e+01;1.684008e-21
1.706068e+01;1.756619e-21
1.711068e+01;1.829415e-21
1.716069e+01;1.902390e-21
1.721069e+01;1.975539e-21
1.726069e+01;2.048854e-21
1.731069e+01;2.122331e-21
1.736069e+01;2.195963e-21
1.741070e+01;2.269744e-21
1.746070e+01;2.343670e-21
1.751070e+01;2.417734e-21
1.756070e+01;2.491931e-21
1.761070e+01;2.566256e-21
1.766071e+01;2.640703e-21
1.771071e+01;2.715267e-21
1.776071e+01;2.789942e-21
1.781071e+01;2.864724e-21
1.786071e+01;2.939607e-21
1.791072e+01;3.014587e-21
1.796072e+01;3.089658e-21
1.801072e+01;3.164816e-21
1.806072e+01;3.240055e-21
1.811072e+01;3.315371e-21
1.816073e+01;3.390759e-21
1.821073e+01;3.466214e-21
1.826073e+01;3.541733e-21
1.831073e+01;3.617310e-21
1.836073e+01;3.692940e-21
1.841074e+01;3.768620e-21
1.846074e+01;3.844345e-21
1.851074e+01;3.920111e-21
1.856074e+01;3.995913e-21
1.861074e+01;4.071747e-21
1.866075e+01;4.147610e-21
1.871075e+01;4.223496e-21
1.876075e+01;4.299403e-21
1.881075e+01;4.375326e-21
1.886075e+01;4.451261e-21
1.891076e+01;4.527204e-21
1.896076e+01;4.603151e-21
1.901076e+01;4.679099e-21
1.906076e+01;4.755044e-21
1.911076e+01;4.830983e-21
1.916077e+01;4.906911e-21
1.921077e+01;4.982825e-21
1.926077e+01;5.058722e-21
1.931077e+01;5.134598e-21
1.936077e+01;5.210450e-21
1.941078e+01;5.286274e-21
1.946078e+01;5.362067e-21
1.951078e+01;5.437826e-21
1.956078e+01;5.513547e-21
1.961078e+01;5.589228e-21
1.966079e+01;5.664865e-21
1.971079e+01;5.740455e-21
1.976079e+01;5.815995e-21
1.981079e+01;5.891482e-21
1.986079e+01;5.966914e-21
1.991080e+01;6.042286e-21
1.996080e+01;6.117597e-21
2.001080e+01;6.192844e-21
2.006080e+01;6.268023e-21
2.011080e+01;6.343132e-21
2.016081e+01;6.418169e-21
2.021081e+01;6.493130e-21
2.026081e+01;6.568013e-21
2.031081e+01;6.642815e-21
2.036081e+01;6.717535e-21
2.041082e+01;6.792168e-21
2.046082e+01;6.866714e-21
2.051082e+01;6.941169e-21
2.056082e+01;7.015531e-21
2.061082e+01;7.089798e-21
2.066083e+01;7.163968e-21
2.071083e+01;7.238037e-21
2.076083e+01;7.312004e-21
2.081083e+01;7.385867e-21
2.086083e+01;7.459624e-21
2.091084e+01;7.533272e-21
2.096084e+01;7.606809e-21
2.101084e+01;7.680233e-21
2.106084e+01;7.753543e-21
2.111084e+01;7.826735e-21
2.116085e+01;7.899809e-21
2.121085e+01;7.972762e-21
2.126085e+01;8.045593e-21
2.131085e+01;8.118299e-21
2.136085e+01;8.190879e-21
2.141086e+01;8.263330e-21
2.146086e+01;8.335652e-21
2.151086e+01;8.407842e-21
2.156086e+01;8.479899e-21
2.161086e+01;8.551821e-21
2.166087e+01;8.623605e-21
2.171087e+01;8.695252e-21
2.176087e+01;8.766759e-21
2.181087e+01;8.838124e-21
2.186087e+01;8.909346e-21
2.191088e+01;8.980424e-21
2.196088e+01;9.051356e-21
2.201088e+01;9.122140e-21
2.206088e+01;9.192776e-21
2.211088e+01;9.263261e-21
2.216089e+01;9.333594e-21
2.221089e+01;9.403775e-21
2.226089e+01;9.473801e-21
2.231089e+01;9.543672e-21
2.236089e+01;9.613386e-21
2.241090e+01;9.682941e-21
2.246090e+01;9.752338e-21
2.251090e+01;9.821574e-21
2.256090e+01;9.890648e-21
2.261090e+01;9.959560e-21
2.266091e+01;1.002831e-20
2.271091e+01;1.009689e-20
2.276091e+01;1.016531e-20
2.281091e+01;1.023356e-20
2.286091e+01;1.030164e-20
2.291092e+01;1.036955e-20
2.296092e+01;1.043729e-20
2.301092e+01;1.050486e-20
2.306092e+01;1.057226e-20
2.311092e+01;1.063949e-20
2.316093e+01;1.070654e-20
2.321093e+01;1.077342e-20
2.326093e+01;1.084012e-20
2.331093e+01;1.090664e-20
2.336093e+01;1.097299e-20
2.341094e+01;1.103916e-20
2.346094e+01;1.110515e-20
2.351094e+01;1.117096e-20
2.356094e+01;1.123660e-20
2.361094e+01;1.130205e-20
2.366095e+01;1.136732e-20
2.371095e+01;1.143240e-20
2.376095e+01;1.149731e-20
2.381095e+01;1.156203e-20
2.386095e+01;1.162656e-20
2.391096e+01;1.169091e-20
2.396096e+01;1.175508e-20
2.401096e+01;1.181906e-20
2.406096e+01;1.188285e-20
2.411096e+01;1.194646e-20
2.416097e+01;1.200988e-20
2.421097e+01;1.207311e-20
2.426097e+01;1.213615e-20
2.431097e+01;1.219900e-20
2.436097e+01;1.226167e-20
2.441098e+01;1.232414e-20
2.446098e+01;1.238642e-20
2.451098e+01;1.244852e-20
2.456098e+01;1.251042e-20
2.461098e+01;1.257213e-20
2.466099e+01;1.263365e-20
2.471099e+01;1.269497e-20
2.476099e+01;1.275611e-20
2.481099e+01;1.281705e-20
2.486099e+01;1.287780e-20
2.491100e+01;1.293835e-20
2.496100e+01;1.299871e-20
2.501100e+01;1.305888e-20
2.506100e+01;1.311885e-20
2.511100e+01;1.317863e-20
2.516101e+01;1.323822e-20
2.521101e+01;1.329761e-20
2.526101e+01;1.335680e-20
2.531101e+01;1.341580e-20
2.536101e+01;1.347460e-20
2.541102e+01;1.353321e-20
2.546102e+01;1.359162e-20
2.551102e+01;1.364984e-20
2.556102e+01;1.370786e-20
2.561102e+01;1.376569e-20
2.566103e+01;1.382332e-20
2.571103e+01;1.388075e-20
2.576103e+01;1.393799e-20
2.581103e+01;1.399503e-20
2.586103e+01;1.405187e-20
2.591104e+01;1.410852e-20
2.596104e+01;1.416497e-20
2.601104e+01;1.422123e-20
2.606104e+01;1.427729e-20
2.611104e+01;1.433315e-20
2.616105e+01;1.438881e-20
2.621105e+01;1.444428e-20
2.626105e+01;1.449956e-20
2.631105e+01;1.455463e-20
2.636105e+01;1.460951e-20
2.641106e+01;1.466420e-20
2.646106e+01;1.471869e-20
2.651106e+01;1.477298e-20
2.656106e+01;1.482708e-20
2.661106e+01;1.488098e-20
2.666107e+01;1.493468e-20
2.671107e+01;1.498819e-20
2.676107e+01;1.504151e-20
2.681107e+01;1.509462e-20
2.686107e+01;1.514755e-20
2.691108e+01;1.520028e-20
2.696108e+01;1.525281e-20
2.701108e+01;1.530515e-20
2.706108e+01;1.535729e-20
2.711108e+01;1.540924e-20
2.716109e+01;1.546100e-20
2.721109e+01;1.551256e-20
2.726109e+01;1.556392e-20
2.731109e+01;1.561510e-20
2.736109e+01;1.566608e-20
2.741110e+01;1.571687e-20
2.746110e+01;1.576746e-20
2.751110e+01;1.581786e-20
2.756110e+01;1.586807e-20
2.761110e+01;1.591809e-20
2.766111e+01;1.596791e-20
2.771111e+01;1.601755e-20
2.776111e+01;1.606699e-20
2.781111e+01;1.611624e-20
2.786111e+01;1.616530e-20
2.791112e+01;1.621417e-20
2.796112e+01;1.626285e-20
2.801112e+01;1.631134e-20
2.806112e+01;1.635964e-20
2.811112e+01;1.640775e-20
2.816113e+01;1.645567e-20
2.821113e+01;1.650340e-20
2.826113e+01;1.655094e-20
2.831113e+01;1.659830e-20
2.836113e+01;1.664547e-20
2.841114e+01;1.669245e-20
2.846114e+01;1.673924e-20
2.851114e+01;1.678585e-20
2.856114e+01;1.683227e-20
2.861114e+01;1.687851e-20
2.866115e+01;1.692456e-20
2.871115e+01;1.697042e-20
2.876115e+01;1.701610e-20
2.881115e+01;1.706159e-20
2.886115e+01;1.710691e-20
2.891116e+01;1.715203e-20
2.896116e+01;1.719698e-20
2.901116e+01;1.724174e-20
2.906116e+01;1.728632e-20
2.911116e+01;1.733071e-20
2.916117e+01;1.737493e-20
2.921117e+01;1.741896e-20
2.926117e+01;1.746281e-20
2.931117e+01;1.750648e-20
2.936117e+01;1.754998e-20
2.941118e+01;1.759329e-20
2.946118e+01;1.763642e-20
2.951118e+01;1.767938e-20
2.956118e+01;1.772215e-20
2.961118e+01;1.776475e-20
2.966119e+01;1.780717e-20
2.971119e+01;1.784942e-20
2.976119e+01;1.789149e-20
2.981119e+01;1.793338e-20
2.986119e+01;1.797509e-20
2.991120e+01;1.801664e-20
2.996120e+01;1.805800e-20
3.001120e+01;1.809919e-20
3.006120e+01;1.814021e-20
3.011120e+01;1.818106e-20
3.016121e+01;1.822173e-20
3.021121e+01;1.826223e-20
3.026121e+01;1.830256e-20
3.031121e+01;1.834272e-20
3.036121e+01;1.838270e-20
3.041122e+01;1.842252e-20
3.046122e+01;1.846216e-20
3.051122e+01;1.850164e-20
3.056122e+01;1.854095e-20
3.061122e+01;1.858009e-20
3.066123e+01;1.861906e-20
3.071123e+01;1.865786e-20
3.076123e+01;1.869650e-20
3.081123e+01;1.873497e-20
3.086123e+01;1.877327e-20
3.091124e+01;1.881141e-20
3.096124e+01;1.884938e-20
3.101124e+01;1.888719e-20
3.106124e+01;1.892484e-20
3.111124e+01;1.896232e-20
3.116125e+01;1.899964e-20
3.121125e+01;1.903680e-20
3.126125e+01;1.907379e-20
3.131125e+01;1.911063e-20
3.136125e+01;1.914730e-20
3.141126e+01;1.918381e-20
3.146126e+01;1.922016e-20
3.151126e+01;1.925636e-20
3.156126e+01;1.929239e-20
3.161126e+01;1.932827e-20
3.166127e+01;1.936399e-20
3.171127e+01;1.939955e-20
3.176127e+01;1.943495e-20
3.181127e+01;1.947020e-20
3.186127e+01;1.950529e-20
3.191128e+01;1.954023e-20
3.196128e+01;1.957501e-20
3.201128e+01;1.960964e-20
3.206128e+01;1.964412e-20
3.211128e+01;1.967844e-20
3.216129e+01;1.971261e-20
3.221129e+01;1.974663e-20
3.226129e+01;1.978050e-20
3.231129e+01;1.981421e-20
3.236129e+01;1.984778e-20
3.241130e+01;1.988119e-20
3.246130e+01;1.991446e-20
3.251130e+01;1.994758e-20
3.256130e+01;1.998055e-20
3.261130e+01;2.001337e-20
3.266131e+01;2.004605e-20
3.271131e+01;2.007858e-20
3.276131e+01;2.011096e-20
3.281131e+01;2.014320e-20
3.286131e+01;2.017529e-20
3.291132e+01;2.020724e-20
3.296132e+01;2.023904e-20
3.301132e+01;2.027070e-20
3.306132e+01;2.030222e-20
3.311132e+01;2.033359e-20
3.316133e+01;2.036483e-20
3.321133e+01;2.039592e-20
3.326133e+01;2.042687e-20
3.331133e+01;2.045768e-20
3.336133e+01;2.048835e-20
3.341134e+01;2.051889e-20
3.346134e+01;2.054928e-20
3.351134e+01;2.057954e-20
3.356134e+01;2.060966e-20
3.361134e+01;2.063964e-20
3.366135e+01;2.066949e-20
3.371135e+01;2.069920e-20
3.376135e+01;2.072877e-20
3.381135e+01;2.075821e-20
3.386135e+01;2.078752e-20
3.391136e+01;2.081669e-20
3.396136e+01;2.084573e-20
3.401136e+01;2.087463e-20
3.406136e+01;2.090341e-20
3.411136e+01;2.093205e-20
3.416137e+01;2.096056e-20
3.421137e+01;2.098894e-20
3.426137e+01;2.101720e-20
3.431137e+01;2.104532e-20
3.436137e+01;2.107331e-20
3.441138e+01;2.110118e-20
3.446138e+01;2.112891e-20
3.451138e+01;2.115652e-20
3.456138e+01;2.118400e-20
3.461138e+01;2.121136e-20
3.466139e+01;2.123859e-20
3.471139e+01;2.126570e-20
3.476139e+01;2.129268e-20
3.481139e+01;2.131953e-20
3.486139e+01;2.134627e-20
3.491140e+01;2.137288e-20
3.496140e+01;2.139936e-20
3.501140e+01;2.142573e-20
3.506140e+01;2.145197e-20
3.511140e+01;2.147809e-20
3.516141e+01;2.150410e-20
3.521141e+01;2.152998e-20
3.526141e+01;2.155574e-20
3.531141e+01;2.158138e-20
3.536141e+01;2.160691e-20
3.541142e+01;2.163232e-20
3.546142e+01;2.165761e-20
3.551142e+01;2.168278e-20
3.556142e+01;2.170783e-20
3.561142e+01;2.173278e-20
3.566143e+01;2.175760e-20
3.571143e+01;2.178231e-20
3.576143e+01;2.180691e-20
3.581143e+01;2.183139e-20
3.586143e+01;2.185576e-20
3.591144e+01;2.188001e-20
3.596144e+01;2.190416e-20
3.601144e+01;2.192819e-20
3.606144e+01;2.195211e-20
3.611144e+01;2.197592e-20
3.616145e+01;2.199961e-20
3.621145e+01;2.202320e-20
3.626145e+01;2.204668e-20
3.631145e+01;2.207005e-20
3.636145e+01;2.209332e-20
3.641146e+01;2.211647e-20
3.646146e+01;2.213952e-20
3.651146e+01;2.216246e-20
3.656146e+01;2.218529e-20
3.661146e+01;2.220802e-20
3.666147e+01;2.223064e-20
3.671147e+01;2.225316e-20
3.676147e+01;2.227557e-20
3.681147e+01;2.229788e-20
3.686147e+01;2.232009e-20
3.691148e+01;2.234219e-20
3.696148e+01;2.236419e-20
3.701148e+01;2.238609e-20
3.706148e+01;2.240788e-20
3.711148e+01;2.242958e-20
3.716149e+01;2.245117e-20
3.721149e+01;2.247266e-20
3.726149e+01;2.249406e-20
3.731149e+01;2.251535e-20
3.736149e+01;2.253655e-20
3.741150e+01;2.255765e-20
3.746150e+01;2.257865e-20
3.751150e+01;2.259955e-20
3.756150e+01;2.262036e-20
3.761150e+01;2.264107e-20
3.766151e+01;2.266168e-20
3.771151e+01;2.268220e-20
3.776151e+01;2.270262e-20
3.781151e+01;2.272295e-20
3.786151e+01;2.274318e-20
3.791152e+01;2.276332e-20
3.796152e+01;2.278337e-20
3.801152e+01;2.280332e-20
3.806152e+01;2.282318e-20
3.811152e+01;2.284295e-20
3.816153e+01;2.286263e-20
3.821153e+01;2.288222e-20
3.826153e+01;2.290172e-20
3.831153e+01;2.292112e-20
3.836153e+01;2.294044e-20
3.841154e+01;2.295967e-20
3.846154e+01;2.297881e-20
3.851154e+01;2.299786e-20
3.856154e+01;2.301682e-20
3.861154e+01;2.303569e-20
3.866155e+01;2.305448e-20
3.871155e+01;2.307318e-20
3.876155e+01;2.309180e-20
3.881155e+01;2.311033e-20
3.886155e+01;2.312877e-20
3.891156e+01;2.314713e-20
3.896156e+01;2.316540e-20
3.901156e+01;2.318359e-20
3.906156e+01;2.320170e-20
3.911156e+01;2.321972e-20
3.916157e+01;2.323766e-20
3.921157e+01;2.325552e-20
3.926157e+01;2.327330e-20
3.931157e+01;2.329099e-20
3.936157e+01;2.330860e-20
3.941158e+01;2.332614e-20
3.946158e+01;2.334359e-20
3.951158e+01;2.336096e-20
3.956158e+01;2.337825e-20
3.961158e+01;2.339546e-20
3.966159e+01;2.341260e-20
3.971159e+01;2.342965e-20
3.976159e+01;2.344663e-20
3.981159e+01;2.346353e-20
3.986159e+01;2.348036e-20
3.991160e+01;2.349710e-20
3.996160e+01;2.351377e-20
4.001160e+01;2.353037e-20
4.006160e+01;2.354688e-20
4.011160e+01;2.356333e-20
4.016161e+01;2.357970e-20
4.021161e+01;2.359599e-20
4.026161e+01;2.361221e-20
4.031161e+01;2.362835e-20
4.036161e+01;2.364443e-20
4.041162e+01;2.366043e-20
4.046162e+01;2.367635e-20
4.051162e+01;2.369221e-20
4.056162e+01;2.370799e-20
4.061162e+01;2.372370e-20
4.066163e+01;2.373935e-20
4.071163e+01;2.375492e-20
4.076163e+01;2.377042e-20
4.081163e+01;2.378585e-20
4.086163e+01;2.380121e-20
4.091164e+01;2.381650e-20
4.096164e+01;2.383172e-20
4.101164e+01;2.384687e-20
4.106164e+01;2.386196e-20
4.111164e+01;2.387698e-20
4.116165e+01;2.389193e-20
4.121165e+01;2.390681e-20
4.126165e+01;2.392163e-20
4.131165e+01;2.393638e-20
4.136165e+01;2.395106e-20
4.141166e+01;2.396568e-20
4.146166e+01;2.398023e-20
4.151166e+01;2.399472e-20
4.156166e+01;2.400914e-20
4.161166e+01;2.402350e-20
4.166167e+01;2.403780e-20
4.171167e+01;2.405203e-20
4.176167e+01;2.406620e-20
4.181167e+01;2.408031e-20
4.186167e+01;2.409435e-20
4.191168e+01;2.410833e-20
4.196168e+01;2.412225e-20
4.201168e+01;2.413611e-20
4.206168e+01;2.414990e-20
4.211168e+01;2.416364e-20
4.216169e+01;2.417731e-20
4.221169e+01;2.419093e-20
4.226169e+01;2.420448e-20
4.231169e+01;2.421798e-20
4.236169e+01;2.423141e-20
4.241170e+01;2.424479e-20
4.246170e+01;2.425811e-20
4.251170e+01;2.427137e-20
4.256170e+01;2.428457e-20
4.261170e+01;2.429771e-20
4.266171e+01;2.431080e-20
4.271171e+01;2.432383e-20
4.276171e+01;2.433680e-20
4.281171e+01;2.434972e-20
4.286171e+01;2.436258e-20
4.291172e+01;2.437538e-20
4.296172e+01;2.438813e-20
4.301172e+01;2.440082e-20
4.306172e+01;2.441346e-20
4.311172e+01;2.442604e-20
4.316173e+01;2.443857e-20
4.321173e+01;2.445105e-20
4.326173e+01;2.446347e-20
4.331173e+01;2.447584e-20
4.336173e+01;2.448815e-20
4.341174e+01;2.450042e-20
4.346174e+01;2.451262e-20
4.351174e+01;2.452478e-20
4.356174e+01;2.453689e-20
4.361174e+01;2.454894e-20
4.366175e+01;2.456094e-20
4.371175e+01;2.457289e-20
4.376175e+01;2.458479e-20
4.381175e+01;2.459664e-20
4.386175e+01;2.460844e-20
4.391176e+01;2.462019e-20
4.396176e+01;2.463189e-20
4.401176e+01;2.464354e-20
4.406176e+01;2.465514e-20
4.411176e+01;2.466669e-20
4.416177e+01;2.467820e-20
4.421177e+01;2.468965e-20
4.426177e+01;2.470106e-20
4.431177e+01;2.471242e-20
4.436177e+01;2.472373e-20
4.441178e+01;2.473499e-20
4.446178e+01;2.474621e-20
4.451178e+01;2.475738e-20
4.456178e+01;2.476850e-20
4.461178e+01;2.477958e-20
4.466179e+01;2.479061e-20
4.471179e+01;2.480160e-20
4.476179e+01;2.481254e-20
4.481179e+01;2.482343e-20
4.486179e+01;2.483428e-20
4.491180e+01;2.484509e-20
4.496180e+01;2.485585e-20
4.501180e+01;2.486656e-20
4.506180e+01;2.487724e-20
4.511180e+01;2.488786e-20
4.516181e+01;2.489845e-20
4.521181e+01;2.490899e-20
4.526181e+01;2.491949e-20
4.531181e+01;2.492995e-20
4.536181e+01;2.494036e-20
4.541182e+01;2.495073e-20
4.546182e+01;2.496106e-20
4.551182e+01;2.497135e-20
4.556182e+01;2.498159e-20
4.561182e+01;2.499180e-20
4.566183e+01;2.500196e-20
4.571183e+01;2.501208e-20
4.576183e+01;2.502217e-20
4.581183e+01;2.503221e-20
4.586183e+01;2.504221e-20
4.591184e+01;2.505217e-20
4.596184e+01;2.506209e-20
4.601184e+01;2.507197e-20
4.606184e+01;2.508181e-20
4.611184e+01;2.509162e-20
4.616185e+01;2.510138e-20
4.621185e+01;2.511111e-20
4.626185e+01;2.512080e-20
4.631185e+01;2.513045e-20
4.636185e+01;2.514006e-20
4.641186e+01;2.514963e-20
4.646186e+01;2.515917e-20
4.651186e+01;2.516867e-20
4.656186e+01;2.517813e-20
4.661186e+01;2.518755e-20
4.666187e+01;2.519694e-20
4.671187e+01;2.520629e-20
4.676187e+01;2.521561e-20
4.681187e+01;2.522489e-20
4.686187e+01;2.523413e-20
4.691188e+01;2.524334e-20
4.696188e+01;2.525251e-20
4.701188e+01;2.526165e-20
4.706188e+01;2.527075e-20
4.711188e+01;2.527981e-20
4.716189e+01;2.528885e-20
4.721189e+01;2.529784e-20
4.726189e+01;2.530681e-20
4.731189e+01;2.531574e-20
4.736189e+01;2.532463e-20
4.741190e+01;2.533349e-20
4.746190e+01;2.534232e-20
4.751190e+01;2.535112e-20
4.756190e+01;2.535988e-20
4.761190e+01;2.536861e-20
4.766191e+01;2.537730e-20
4.771191e+01;2.538597e-20
4.776191e+01;2.539460e-20
4.781191e+01;2.540320e-20
4.786191e+01;2.541177e-20
4.791192e+01;2.542030e-20
4.796192e+01;2.542880e-20
4.801192e+01;2.543728e-20
4.806192e+01;2.544572e-20
4.811192e+01;2.545413e-20
4.816193e+01;2.546251e-20
4.821193e+01;2.547085e-20
4.826193e+01;2.547917e-20
4.831193e+01;2.548746e-20
4.836193e+01;2.549571e-20
4.841194e+01;2.550394e-20
4.846194e+01;2.551214e-20
4.851194e+01;2.552031e-20
4.856194e+01;2.552844e-20
4.861194e+01;2.553655e-20
4.866195e+01;2.554463e-20
4.871195e+01;2.555268e-20
4.876195e+01;2.556070e-20
4.881195e+01;2.556869e-20
4.886195e+01;2.557666e-20
4.891196e+01;2.558459e-20
4.896196e+01;2.559250e-20
4.901196e+01;2.560038e-20
4.906196e+01;2.560823e-20
4.911196e+01;2.561605e-20
4.916197e+01;2.562385e-20
4.921197e+01;2.563162e-20
4.926197e+01;2.563936e-20
4.931197e+01;2.564707e-20
4.936197e+01;2.565476e-20
4.941198e+01;2.566242e-20
4.946198e+01;2.567005e-20
4.951198e+01;2.567766e-20
4.956198e+01;2.568524e-20
4.961198e+01;2.569279e-20
4.966199e+01;2.570032e-20
4.971199e+01;2.570782e-20
4.976199e+01;2.571530e-20
4.981199e+01;2.572275e-20
4.986199e+01;2.573018e-20
4.991200e+01;2.573758e-20
4.996200e+01;2.574495e-20
5.001200e+01;2.575230e-20
5.006200e+01;2.575963e-20
5.011200e+01;2.576693e-20
5.016201e+01;2.577420e-20
5.021201e+01;2.578145e-20
5.026201e+01;2.578868e-20
5.031201e+01;2.579588e-20
5.036201e+01;2.580306e-20
5.041202e+01;2.581022e-20
5.046202e+01;2.581735e-20
5.051202e+01;2.582445e-20
5.056202e+01;2.583154e-20
5.061202e+01;2.583860e-20
5.066203e+01;2.584563e-20
5.071203e+01;2.585265e-20
5.076203e+01;2.585964e-20
5.081203e+01;2.586661e-20
5.086203e+01;2.587355e-20
5.091204e+01;2.588047e-20
5.096204e+01;2.588737e-20
5.101204e+01;2.589425e-20
5.106204e+01;2.590110e-20
5.111204e+01;2.590794e-20
5.116205e+01;2.591475e-20
5.121205e+01;2.592154e-20
5.126205e+01;2.592830e-20
5.131205e+01;2.593505e-20
5.136205e+01;2.594177e-20
5.141206e+01;2.594848e-20
5.146206e+01;2.595516e-20
5.151206e+01;2.596182e-20
5.156206e+01;2.596846e-20
5.161206e+01;2.597508e-20
5.166207e+01;2.598167e-20
5.171207e+01;2.598825e-20
5.176207e+01;2.599481e-20
5.181207e+01;2.600134e-20
5.186207e+01;2.600786e-20
5.191208e+01;2.601435e-20
5.196208e+01;2.602083e-20
5.201208e+01;2.602728e-20
5.206208e+01;2.603372e-20
5.211208e+01;2.604013e-20
5.216209e+01;2.604653e-20
5.221209e+01;2.605290e-20
5.226209e+01;2.605926e-20
5.231209e+01;2.606560e-20
5.236209e+01;2.607192e-20
5.241210e+01;2.607821e-20
5.246210e+01;2.608449e-20
5.251210e+01;2.609075e-20
5.256210e+01;2.609700e-20
5.261210e+01;2.610322e-20
5.266211e+01;2.610942e-20
5.271211e+01;2.611561e-20
5.276211e+01;2.612178e-20
5.281211e+01;2.612793e-20
5.286211e+01;2.613406e-20
5.291212e+01;2.614017e-20
5.296212e+01;2.614626e-20
5.301212e+01;2.615234e-20
5.306212e+01;2.615840e-20
5.311212e+01;2.616444e-20
5.316213e+01;2.617046e-20
5.321213e+01;2.617647e-20
5.326213e+01;2.618246e-20
5.331213e+01;2.618843e-20
5.336213e+01;2.619438e-20
5.341214e+01;2.620032e-20
5.346214e+01;2.620624e-20
5.351214e+01;2.621214e-20
5.356214e+01;2.621802e-20
5.361214e+01;2.622389e-20
5.366215e+01;2.622974e-20
5.371215e+01;2.623558e-20
5.376215e+01;2.624140e-20
5.381215e+01;2.624720e-20
5.386215e+01;2.625299e-20
5.391216e+01;2.625876e-20
5.396216e+01;2.626451e-20
5.401216e+01;2.627025e-20
5.406216e+01;2.627597e-20
5.411216e+01;2.628167e-20
5.416217e+01;2.628736e-20
5.421217e+01;2.629303e-20
5.426217e+01;2.629869e-20
5.431217e+01;2.630433e-20
5.436217e+01;2.630996e-20
5.441218e+01;2.631557e-20
5.446218e+01;2.632117e-20
5.451218e+01;2.632675e-20
5.456218e+01;2.633231e-20
5.461218e+01;2.633786e-20
5.466219e+01;2.634340e-20
5.471219e+01;2.634892e-20
5.476219e+01;2.635442e-20
5.481219e+01;2.635991e-20
5.486219e+01;2.636539e-20
5.491220e+01;2.637085e-20
5.496220e+01;2.637629e-20
5.501220e+01;2.638172e-20
5.506220e+01;2.638714e-20
5.511220e+01;2.639254e-20
5.516221e+01;2.639793e-20
5.521221e+01;2.640330e-20
5.526221e+01;2.640866e-20
5.531221e+01;2.641401e-20
5.536221e+01;2.641934e-20
5.541222e+01;2.642466e-20
5.546222e+01;2.642996e-20
5.551222e+01;2.643525e-20
5.556222e+01;2.644053e-20
5.561222e+01;2.644579e-20
5.566223e+01;2.645104e-20
5.571223e+01;2.645627e-20
5.576223e+01;2.646149e-20
5.581223e+01;2.646670e-20
5.586223e+01;2.647190e-20
5.591224e+01;2.647708e-20
5.596224e+01;2.648225e-20
5.601224e+01;2.648740e-20
5.606224e+01;2.649254e-20
5.611224e+01;2.649767e-20
5.616225e+01;2.650279e-20
5.621225e+01;2.650789e-20
5.626225e+01;2.651298e-20
5.631225e+01;2.651806e-20
5.636225e+01;2.652312e-20
5.641226e+01;2.652817e-20
5.646226e+01;2.653321e-20
5.651226e+01;2.653824e-20
5.656226e+01;2.654326e-20
5.661226e+01;2.654826e-20
5.666227e+01;2.655325e-20
5.671227e+01;2.655822e-20
5.676227e+01;2.656319e-20
5.681227e+01;2.656814e-20
5.686227e+01;2.657308e-20
5.691228e+01;2.657801e-20
5.696228e+01;2.658293e-20
5.701228e+01;2.658783e-20
5.706228e+01;2.659272e-20
5.711228e+01;2.659760e-20
5.716229e+01;2.660247e-20
5.721229e+01;2.660733e-20
5.726229e+01;2.661217e-20
5.731229e+01;2.661701e-20
5.736229e+01;2.662183e-20
5.741230e+01;2.662664e-20
5.746230e+01;2.663144e-20
5.751230e+01;2.663623e-20
5.756230e+01;2.664100e-20
5.761230e+01;2.664577e-20
5.766231e+01;2.665052e-20
5.771231e+01;2.665526e-20
5.776231e+01;2.666000e-20
5.781231e+01;2.666472e-20
5.786231e+01;2.666942e-20
5.791232e+01;2.667412e-20
5.796232e+01;2.667881e-20
5.801232e+01;2.668348e-20
5.806232e+01;2.668815e-20
5.811232e+01;2.669280e-20
5.816233e+01;2.669745e-20
5.821233e+01;2.670208e-20
5.826233e+01;2.670670e-20
5.831233e+01;2.671131e-20
5.836233e+01;2.671591e-20
5.841234e+01;2.672050e-20
5.846234e+01;2.672508e-20
5.851234e+01;2.672965e-20
5.856234e+01;2.673421e-20
5.861234e+01;2.673876e-20
5.866235e+01;2.674330e-20
5.871235e+01;2.674782e-20
5.876235e+01;2.675234e-20
5.881235e+01;2.675685e-20
5.886235e+01;2.676134e-20
5.891236e+01;2.676583e-20
5.896236e+01;2.677031e-20
5.901236e+01;2.677477e-20
5.906236e+01;2.677923e-20
5.911236e+01;2.678368e-20
5.916237e+01;2.678811e-20
5.921237e+01;2.679254e-20
5.926237e+01;2.679696e-20
5.931237e+01;2.680136e-20
5.936237e+01;2.680576e-20
5.941238e+01;2.681015e-20
5.946238e+01;2.681453e-20
5.951238e+01;2.681889e-20
5.956238e+01;2.682325e-20
5.961238e+01;2.682760e-20
5.966239e+01;2.683194e-20
5.971239e+01;2.683627e-20
5.976239e+01;2.684059e-20
5.981239e+01;2.684490e-20
5.986239e+01;2.684920e-20
5.991240e+01;2.685349e-20
5.996240e+01;2.685778e-20
6.001240e+01;2.686205e-20
6.006240e+01;2.686631e-20
6.011240e+01;2.687057e-20
6.016241e+01;2.687482e-20
6.021241e+01;2.687905e-20
6.026241e+01;2.688328e-20
6.031241e+01;2.688750e-20
6.036241e+01;2.689171e-20
6.041242e+01;2.689591e-20
6.046242e+01;2.690010e-20
6.051242e+01;2.690428e-20
6.056242e+01;2.690845e-20
6.061242e+01;2.691262e-20
6.066243e+01;2.691677e-20
6.071243e+01;2.692092e-20
6.076243e+01;2.692506e-20
6.081243e+01;2.692919e-20
6.086243e+01;2.693331e-20
6.091244e+01;2.693742e-20
6.096244e+01;2.694152e-20
6.101244e+01;2.694562e-20
6.106244e+01;2.694970e-20
6.111244e+01;2.695378e-20
6.116245e+01;2.695785e-20
6.121245e+01;2.696191e-20
6.126245e+01;2.696596e-20
6.131245e+01;2.697000e-20
6.136245e+01;2.697404e-20
6.141246e+01;2.697806e-20
6.146246e+01;2.698208e-20
6.151246e+01;2.698609e-20
6.156246e+01;2.699009e-20
6.161246e+01;2.699409e-20
6.166247e+01;2.699807e-20
6.171247e+01;2.700205e-20
6.176247e+01;2.700601e-20
6.181247e+01;2.700997e-20
6.186247e+01;2.701393e-20
6.191248e+01;2.701787e-20
6.196248e+01;2.702180e-20
6.201248e+01;2.702573e-20
6.206248e+01;2.702965e-20
6.211248e+01;2.703356e-20
6.216249e+01;2.703746e-20
6.221249e+01;2.704136e-20
6.226249e+01;2.704525e-20
6.231249e+01;2.704913e-20
6.236249e+01;2.705300e-20
6.241250e+01;2.705686e-20
6.246250e+01;2.706072e-20
6.251250e+01;2.706456e-20
6.256250e+01;2.706840e-20
6.261250e+01;2.707223e-20
6.266251e+01;2.707606e-20
6.271251e+01;2.707988e-20
6.276251e+01;2.708368e-20
6.281251e+01;2.708748e-20
6.286251e+01;2.709128e-20
6.291252e+01;2.709506e-20
6.296252e+01;2.709884e-20
6.301252e+01;2.710261e-20
6.306252e+01;2.710637e-20
6.311252e+01;2.711013e-20
6.316253e+01;2.711388e-20
6.321253e+01;2.711762e-20
6.326253e+01;2.712135e-20
6.331253e+01;2.712507e-20
6.336253e+01;2.712879e-20
6.341254e+01;2.713250e-20
6.346254e+01;2.713620e-20
6.351254e+01;2.713990e-20
6.356254e+01;2.714359e-20
6.361254e+01;2.714727e-20
6.366255e+01;2.715094e-20
6.371255e+01;2.715460e-20
6.376255e+01;2.715826e-20
6.381255e+01;2.716191e-20
6.386255e+01;2.716556e-20
6.391256e+01;2.716919e-20
6.396256e+01;2.717282e-20
6.401256e+01;2.717644e-20
6.406256e+01;2.718006e-20
6.411256e+01;2.718367e-20
6.416257e+01;2.718727e-20
6.421257e+01;2.719086e-20
6.426257e+01;2.719444e-20
6.431257e+01;2.719802e-20
6.436257e+01;2.720159e-20
6.441258e+01;2.720516e-20
6.446258e+01;2.720872e-20
6.451258e+01;2.721227e-20
6.456258e+01;2.721581e-20
6.461258e+01;2.721935e-20
6.466259e+01;2.722287e-20
6.471259e+01;2.722640e-20
6.476259e+01;2.722991e-20
6.481259e+01;2.723342e-20
6.486259e+01;2.723692e-20
6.491260e+01;2.724042e-20
6.496260e+01;2.724390e-20
6.501260e+01;2.724738e-20
6.506260e+01;2.725086e-20
6.511260e+01;2.725432e-20
6.516261e+01;2.725778e-20
6.521261e+01;2.726124e-20
6.526261e+01;2.726468e-20
6.531261e+01;2.726812e-20
6.536261e+01;2.727155e-20
6.541262e+01;2.727498e-20
6.546262e+01;2.727840e-20
6.551262e+01;2.728181e-20
6.556262e+01;2.728522e-20
6.561262e+01;2.728861e-20
6.566263e+01;2.729201e-20
6.571263e+01;2.729539e-20
6.576263e+01;2.729877e-20
6.581263e+01;2.730214e-20
6.586263e+01;2.730551e-20
6.591264e+01;2.730887e-20
6.596264e+01;2.731222e-20
6.601264e+01;2.731556e-20
6.606264e+01;2.731890e-20
6.611264e+01;2.732223e-20
6.616265e+01;2.732556e-20
6.621265e+01;2.732888e-20
6.626265e+01;2.733219e-20
6.631265e+01;2.733550e-20
6.636265e+01;2.733879e-20
6.641266e+01;2.734209e-20
6.646266e+01;2.734537e-20
6.651266e+01;2.734865e-20
6.656266e+01;2.735193e-20
6.661266e+01;2.735519e-20
6.666267e+01;2.735845e-20
6.671267e+01;2.736171e-20
6.676267e+01;2.736495e-20
6.681267e+01;2.736819e-20
6.686267e+01;2.737143e-20
6.691268e+01;2.737465e-20
6.696268e+01;2.737788e-20
6.701268e+01;2.738109e-20
6.706268e+01;2.738430e-20
6.711268e+01;2.738750e-20
6.716269e+01;2.739070e-20
6.721269e+01;2.739389e-20
6.726269e+01;2.739707e-20
6.731269e+01;2.740025e-20
6.736269e+01;2.740342e-20
6.741270e+01;2.740658e-20
6.746270e+01;2.740974e-20
6.751270e+01;2.741289e-20
6.756270e+01;2.741604e-20
6.761270e+01;2.741918e-20
6.766271e+01;2.742231e-20
6.771271e+01;2.742543e-20
6.776271e+01;2.742855e-20
6.781271e+01;2.743167e-20
6.786271e+01;2.743478e-20
6.791272e+01;2.743788e-20
6.796272e+01;2.744097e-20
6.801272e+01;2.744406e-20
6.806272e+01;2.744714e-20
6.811272e+01;2.745022e-20
6.816273e+01;2.745329e-20
6.821273e+01;2.745636e-20
6.826273e+01;2.745941e-20
6.831273e+01;2.746246e-20
6.836273e+01;2.746551e-20
6.841274e+01;2.746855e-20
6.846274e+01;2.747158e-20
6.851274e+01;2.747461e-20
6.856274e+01;2.747763e-20
6.861274e+01;2.748065e-20
6.866275e+01;2.748366e-20
6.871275e+01;2.748666e-20
6.876275e+01;2.748966e-20
6.881275e+01;2.749265e-20
6.886275e+01;2.749563e-20
6.891276e+01;2.749861e-20
6.896276e+01;2.750158e-20
6.901276e+01;2.750455e-20
6.906276e+01;2.750751e-20
6.911276e+01;2.751046e-20
6.916277e+01;2.751341e-20
6.921277e+01;2.751635e-20
6.926277e+01;2.751929e-20
6.931277e+01;2.752222e-20
6.936277e+01;2.752515e-20
6.941278e+01;2.752806e-20
6.946278e+01;2.753098e-20
6.951278e+01;2.753388e-20
6.956278e+01;2.753678e-20
6.961278e+01;2.753968e-20
6.966279e+01;2.754257e-20
6.971279e+01;2.754545e-20
6.976279e+01;2.754832e-20
6.981279e+01;2.755120e-20
6.986279e+01;2.755406e-20
6.991280e+01;2.755692e-20
6.996280e+01;2.755977e-20
7.001280e+01;2.756262e-20
7.006280e+01;2.756546e-20
7.011280e+01;2.756829e-20
7.016281e+01;2.757112e-20
7.021281e+01;2.757395e-20
7.026281e+01;2.757676e-20
7.031281e+01;2.757958e-20
7.036281e+01;2.758238e-20
7.041282e+01;2.758518e-20
7.046282e+01;2.758798e-20
7.051282e+01;2.759076e-20
7.056282e+01;2.759355e-20
7.061282e+01;2.759632e-20
7.066283e+01;2.759909e-20
7.071283e+01;2.760186e-20
7.076283e+01;2.760462e-20
7.081283e+01;2.760737e-20
7.086283e+01;2.761012e-20
7.091284e+01;2.761286e-20
7.096284e+01;2.761559e-20
7.101284e+01;2.761832e-20
7.106284e+01;2.762105e-20
7.111284e+01;2.762376e-20
7.116285e+01;2.762648e-20
7.121285e+01;2.762918e-20
7.126285e+01;2.763188e-20
7.131285e+01;2.763458e-20
7.136285e+01;2.763727e-20
7.141286e+01;2.763995e-20
7.146286e+01;2.764263e-20
7.151286e+01;2.764530e-20
7.156286e+01;2.764797e-20
7.161286e+01;2.765063e-20
7.166287e+01;2.765328e-20
7.171287e+01;2.765593e-20
7.176287e+01;2.765858e-20
7.181287e+01;2.766121e-20
7.186287e+01;2.766385e-20
7.191288e+01;2.766647e-20
7.196288e+01;2.766909e-20
7.201288e+01;2.767171e-20
7.206288e+01;2.767432e-20
7.211288e+01;2.767692e-20
7.216289e+01;2.767952e-20
7.221289e+01;2.768211e-20
7.226289e+01;2.768469e-20
7.231289e+01;2.768728e-20
7.236289e+01;2.768985e-20
7.241290e+01;2.769242e-20
7.246290e+01;2.769498e-20
7.251290e+01;2.769754e-20
7.256290e+01;2.770009e-20
7.261290e+01;2.770264e-20
7.266291e+01;2.770518e-20
7.271291e+01;2.770771e-20
7.276291e+01;2.771024e-20
7.281291e+01;2.771277e-20
7.286291e+01;2.771529e-20
7.291292e+01;2.771780e-20
7.296292e+01;2.772031e-20
7.301292e+01;2.772281e-20
7.306292e+01;2.772530e-20
7.311292e+01;2.772779e-20
7.316293e+01;2.773028e-20
7.321293e+01;2.773276e-20
7.326293e+01;2.773523e-20
7.331293e+01;2.773770e-20
7.336293e+01;2.774016e-20
7.341294e+01;2.774262e-20
7.346294e+01;2.774507e-20
7.351294e+01;2.774751e-20
7.356294e+01;2.774995e-20
7.361294e+01;2.775239e-20
7.366295e+01;2.775481e-20
7.371295e+01;2.775724e-20
7.376295e+01;2.775965e-20
7.381295e+01;2.776207e-20
7.386295e+01;2.776447e-20
7.391296e+01;2.776687e-20
7.396296e+01;2.776927e-20
7.401296e+01;2.777166e-20
7.406296e+01;2.777404e-20
7.411296e+01;2.777642e-20
7.416297e+01;2.777879e-20
7.421297e+01;2.778116e-20
7.426297e+01;2.778352e-20
7.431297e+01;2.778588e-20
7.436297e+01;2.778823e-20
7.441298e+01;2.779057e-20
7.446298e+01;2.779291e-20
7.451298e+01;2.779525e-20
7.456298e+01;2.779758e-20
7.461298e+01;2.779990e-20
7.466299e+01;2.780222e-20
7.471299e+01;2.780453e-20
7.476299e+01;2.780683e-20
7.481299e+01;2.780914e-20
7.486299e+01;2.781143e-20
7.491300e+01;2.781372e-20
7.496300e+01;2.781601e-20
7.501300e+01;2.781828e-20
7.506300e+01;2.782056e-20
7.511300e+01;2.782283e-20
7.516301e+01;2.782509e-20
7.521301e+01;2.782735e-20
7.526301e+01;2.782960e-20
7.531301e+01;2.783184e-20
7.536301e+01;2.783408e-20
7.541302e+01;2.783632e-20
7.546302e+01;2.783855e-20
7.551302e+01;2.784077e-20
7.556302e+01;2.784299e-20
7.561302e+01;2.784520e-20
7.566303e+01;2.784741e-20
7.571303e+01;2.784961e-20
7.576303e+01;2.785181e-20
7.581303e+01;2.785400e-20
7.586303e+01;2.785619e-20
7.591304e+01;2.785837e-20
7.596304e+01;2.786054e-20
7.601304e+01;2.786271e-20
7.606304e+01;2.786488e-20
7.611304e+01;2.786703e-20
7.616305e+01;2.786919e-20
7.621305e+01;2.787134e-20
7.626305e+01;2.787348e-20
7.631305e+01;2.787561e-20
7.636305e+01;2.787775e-20
7.641306e+01;2.787987e-20
7.646306e+01;2.788199e-20
7.651306e+01;2.788411e-20
7.656306e+01;2.788622e-20
7.661306e+01;2.788832e-20
7.666307e+01;2.789042e-20
7.671307e+01;2.789251e-20
7.676307e+01;2.789460e-20
7.681307e+01;2.789669e-20
7.686307e+01;2.789876e-20
7.691308e+01;2.790083e-20
7.696308e+01;2.790290e-20
7.701308e+01;2.790496e-20
7.706308e+01;2.790702e-20
7.711308e+01;2.790907e-20
7.716309e+01;2.791111e-20
7.721309e+01;2.791315e-20
7.726309e+01;2.791519e-20
7.731309e+01;2.791722e-20
7.736309e+01;2.791924e-20
7.741310e+01;2.792126e-20
7.746310e+01;2.792327e-20
7.751310e+01;2.792528e-20
7.756310e+01;2.792728e-20
7.761310e+01;2.792928e-20
7.766311e+01;2.793127e-20
7.771311e+01;2.793325e-20
7.776311e+01;2.793523e-20
7.781311e+01;2.793721e-20
7.786311e+01;2.793918e-20
7.791312e+01;2.794114e-20
7.796312e+01;2.794310e-20
7.801312e+01;2.794506e-20
7.806312e+01;2.794700e-20
7.811312e+01;2.794895e-20
7.816313e+01;2.795089e-20
7.821313e+01;2.795282e-20
7.826313e+01;2.795474e-20
7.831313e+01;2.795667e-20
7.836313e+01;2.795858e-20
7.841314e+01;2.796049e-20
7.846314e+01;2.796240e-20
7.851314e+01;2.796430e-20
7.856314e+01;2.796620e-20
7.861314e+01;2.796809e-20
7.866315e+01;2.796997e-20
7.871315e+01;2.797185e-20
7.876315e+01;2.797372e-20
7.881315e+01;2.797559e-20
7.886315e+01;2.797745e-20
7.891316e+01;2.797931e-20
7.896316e+01;2.798116e-20
7.901316e+01;2.798301e-20
7.906316e+01;2.798485e-20
7.911316e+01;2.798669e-20
7.916317e+01;2.798852e-20
7.921317e+01;2.799035e-20
7.926317e+01;2.799217e-20
7.931317e+01;2.799398e-20
7.936317e+01;2.799580e-20
7.941318e+01;2.799760e-20
7.946318e+01;2.799940e-20
7.951318e+01;2.800119e-20
7.956318e+01;2.800298e-20
7.961318e+01;2.800477e-20
7.966319e+01;2.800655e-20
7.971319e+01;2.800832e-20
7.976319e+01;2.801009e-20
7.981319e+01;2.801185e-20
7.986319e+01;2.801361e-20
7.991320e+01;2.801536e-20
7.996320e+01;2.801711e-20
8.001320e+01;2.801885e-20
8.006320e+01;2.802059e-20
8.011320e+01;2.802232e-20
8.016321e+01;2.802404e-20
8.021321e+01;2.802576e-20
8.026321e+01;2.802748e-20
8.031321e+01;2.802919e-20
8.036321e+01;2.803089e-20
8.041322e+01;2.803259e-20
8.046322e+01;2.803429e-20
8.051322e+01;2.803598e-20
8.056322e+01;2.803766e-20
8.061322e+01;2.803934e-20
8.066323e+01;2.804102e-20
8.071323e+01;2.804268e-20
8.076323e+01;2.804435e-20
8.081323e+01;2.804600e-20
8.086323e+01;2.804766e-20
8.091324e+01;2.804931e-20
8.096324e+01;2.805095e-20
8.101324e+01;2.805258e-20
8.106324e+01;2.805422e-20
8.111324e+01;2.805584e-20
8.116325e+01;2.805747e-20
8.121325e+01;2.805908e-20
8.126325e+01;2.806069e-20
8.131325e+01;2.806230e-20
8.136325e+01;2.806390e-20
8.141326e+01;2.806550e-20
8.146326e+01;2.806709e-20
8.151326e+01;2.806867e-20
8.156326e+01;2.807025e-20
8.161326e+01;2.807183e-20
8.166327e+01;2.807340e-20
8.171327e+01;2.807496e-20
8.176327e+01;2.807652e-20
8.181327e+01;2.807807e-20
8.186327e+01;2.807962e-20
8.191328e+01;2.808117e-20
8.196328e+01;2.808271e-20
8.201328e+01;2.808424e-20
8.206328e+01;2.808577e-20
8.211328e+01;2.808729e-20
8.216329e+01;2.808881e-20
8.221329e+01;2.809032e-20
8.226329e+01;2.809183e-20
8.231329e+01;2.809333e-20
8.236329e+01;2.809483e-20
8.241330e+01;2.809632e-20
8.246330e+01;2.809781e-20
8.251330e+01;2.809929e-20
8.256330e+01;2.810077e-20
8.261330e+01;2.810224e-20
8.266331e+01;2.810371e-20
8.271331e+01;2.810517e-20
8.276331e+01;2.810663e-20
8.281331e+01;2.810808e-20
8.286331e+01;2.810952e-20
8.291332e+01;2.811096e-20
8.296332e+01;2.811240e-20
8.301332e+01;2.811383e-20
8.306332e+01;2.811526e-20
8.311332e+01;2.811668e-20
8.316333e+01;2.811809e-20
8.321333e+01;2.811950e-20
8.326333e+01;2.812091e-20
8.331333e+01;2.812231e-20
8.336333e+01;2.812370e-20
8.341334e+01;2.812509e-20
8.346334e+01;2.812648e-20
8.351334e+01;2.812786e-20
8.356334e+01;2.812923e-20
8.361334e+01;2.813060e-20
8.366335e+01;2.813197e-20
8.371335e+01;2.813333e-20
8.376335e+01;2.813468e-20
8.381335e+01;2.813603e-20
8.386335e+01;2.813738e-20
8.391336e+01;2.813872e-20
8.396336e+01;2.814005e-20
8.401336e+01;2.814138e-20
8.406336e+01;2.814270e-20
8.411336e+01;2.814402e-20
8.416337e+01;2.814534e-20
8.421337e+01;2.814665e-20
8.426337e+01;2.814795e-20
8.431337e+01;2.814925e-20
8.436337e+01;2.815054e-20
8.441338e+01;2.815183e-20
8.446338e+01;2.815312e-20
8.451338e+01;2.815440e-20
8.456338e+01;2.815567e-20
8.461338e+01;2.815694e-20
8.466339e+01;2.815820e-20
8.471339e+01;2.815946e-20
8.476339e+01;2.816071e-20
8.481339e+01;2.816196e-20
8.486339e+01;2.816321e-20
8.491340e+01;2.816445e-20
8.496340e+01;2.816568e-20
8.501340e+01;2.816691e-20
8.506340e+01;2.816813e-20
8.511340e+01;2.816935e-20
8.516341e+01;2.817056e-20
8.521341e+01;2.817177e-20
8.526341e+01;2.817298e-20
8.531341e+01;2.817418e-20
8.536341e+01;2.817537e-20
8.541342e+01;2.817656e-20
8.546342e+01;2.817774e-20
8.551342e+01;2.817892e-20
8.556342e+01;2.818009e-20
8.561342e+01;2.818126e-20
8.566343e+01;2.818243e-20
8.571343e+01;2.818359e-20
8.576343e+01;2.818474e-20
8.581343e+01;2.818589e-20
8.586343e+01;2.818703e-20
8.591344e+01;2.818817e-20
8.596344e+01;2.818931e-20
8.601344e+01;2.819044e-20
8.606344e+01;2.819156e-20
8.611344e+01;2.819268e-20
8.616345e+01;2.819379e-20
8.621345e+01;2.819490e-20
8.626345e+01;2.819601e-20
8.631345e+01;2.819711e-20
8.636345e+01;2.819820e-20
8.641346e+01;2.819929e-20
8.646346e+01;2.820038e-20
8.651346e+01;2.820146e-20
8.656346e+01;2.820253e-20
8.661346e+01;2.820360e-20
8.666347e+01;2.820467e-20
8.671347e+01;2.820573e-20
8.676347e+01;2.820678e-20
8.681347e+01;2.820783e-20
8.686347e+01;2.820888e-20
8.691348e+01;2.820992e-20
8.696348e+01;2.821096e-20
8.701348e+01;2.821199e-20
8.706348e+01;2.821301e-20
8.711348e+01;2.821403e-20
8.716349e+01;2.821505e-20
8.721349e+01;2.821606e-20
8.726349e+01;2.821707e-20
8.731349e+01;2.821807e-20
8.736349e+01;2.821907e-20
8.741350e+01;2.822006e-20
8.746350e+01;2.822105e-20
8.751350e+01;2.822203e-20
8.756350e+01;2.822300e-20
8.761350e+01;2.822398e-20
8.766351e+01;2.822494e-20
8.771351e+01;2.822591e-20
8.776351e+01;2.822687e-20
8.781351e+01;2.822782e-20
8.786351e+01;2.822877e-20
8.791352e+01;2.822971e-20
8.796352e+01;2.823065e-20
8.801352e+01;2.823158e-20
8.806352e+01;2.823251e-20
8.811352e+01;2.823344e-20
8.816353e+01;2.823436e-20
8.821353e+01;2.823527e-20
8.826353e+01;2.823618e-20
8.831353e+01;2.823709e-20
8.836353e+01;2.823799e-20
8.841354e+01;2.823888e-20
8.846354e+01;2.823977e-20
8.851354e+01;2.824066e-20
8.856354e+01;2.824154e-20
8.861354e+01;2.824241e-20
8.866355e+01;2.824329e-20
8.871355e+01;2.824415e-20
8.876355e+01;2.824501e-20
8.881355e+01;2.824587e-20
8.886355e+01;2.824672e-20
8.891356e+01;2.824757e-20
8.896356e+01;2.824841e-20
8.901356e+01;2.824925e-20
8.906356e+01;2.825009e-20
8.911356e+01;2.825091e-20
8.916357e+01;2.825174e-20
8.921357e+01;2.825256e-20
8.926357e+01;2.825337e-20
8.931357e+01;2.825418e-20
8.936357e+01;2.825499e-20
8.941358e+01;2.825579e-20
8.946358e+01;2.825658e-20
8.951358e+01;2.825737e-20
8.956358e+01;2.825816e-20
8.961358e+01;2.825894e-20
8.966359e+01;2.825972e-20
8.971359e+01;2.826049e-20
8.976359e+01;2.826125e-20
8.981359e+01;2.826202e-20
8.986359e+01;2.826277e-20
8.991360e+01;2.826353e-20
8.996360e+01;2.826428e-20
9.001360e+01;2.826502e-20
9.006360e+01;2.826576e-20
9.011360e+01;2.826649e-20
9.016361e+01;2.826722e-20
9.021361e+01;2.826795e-20
9.026361e+01;2.826867e-20
9.031361e+01;2.826938e-20
9.036361e+01;2.827009e-20
9.041362e+01;2.827080e-20
9.046362e+01;2.827150e-20
9.051362e+01;2.827220e-20
9.056362e+01;2.827289e-20
9.061362e+01;2.827358e-20
9.066363e+01;2.827426e-20
9.071363e+01;2.827494e-20
9.076363e+01;2.827561e-20
9.081363e+01;2.827628e-20
9.086363e+01;2.827695e-20
9.091364e+01;2.827760e-20
9.096364e+01;2.827826e-20
9.101364e+01;2.827891e-20
9.106364e+01;2.827956e-20
9.111364e+01;2.828020e-20
9.116365e+01;2.828083e-20
9.121365e+01;2.828147e-20
9.126365e+01;2.828209e-20
9.131365e+01;2.828272e-20
9.136365e+01;2.828333e-20
9.141366e+01;2.828395e-20
9.146366e+01;2.828456e-20
9.151366e+01;2.828516e-20
9.156366e+01;2.828576e-20
9.161366e+01;2.828636e-20
9.166367e+01;2.828695e-20
9.171367e+01;2.828753e-20
9.176367e+01;2.828812e-20
9.181367e+01;2.828869e-20
9.186367e+01;2.828926e-20
9.191368e+01;2.828983e-20
9.196368e+01;2.829040e-20
9.201368e+01;2.829095e-20
9.206368e+01;2.829151e-20
9.211368e+01;2.829206e-20
9.216369e+01;2.829260e-20
9.221369e+01;2.829314e-20
9.226369e+01;2.829368e-20
9.231369e+01;2.829421e-20
9.236369e+01;2.829474e-20
9.241370e+01;2.829526e-20
9.246370e+01;2.829578e-20
9.251370e+01;2.829629e-20
9.256370e+01;2.829680e-20
9.261370e+01;2.829731e-20
9.266371e+01;2.829781e-20
9.271371e+01;2.829830e-20
9.276371e+01;2.829879e-20
9.281371e+01;2.829928e-20
9.286371e+01;2.829976e-20
9.291372e+01;2.830024e-20
9.296372e+01;2.830071e-20
9.301372e+01;2.830118e-20
9.306372e+01;2.830164e-20
9.311372e+01;2.830210e-20
9.316373e+01;2.830256e-20
9.321373e+01;2.830301e-20
9.326373e+01;2.830346e-20
9.331373e+01;2.830390e-20
9.336373e+01;2.830434e-20
9.341374e+01;2.830477e-20
9.346374e+01;2.830520e-20
9.351374e+01;2.830562e-20
9.356374e+01;2.830604e-20
9.361374e+01;2.830646e-20
9.366375e+01;2.830687e-20
9.371375e+01;2.830727e-20
9.376375e+01;2.830767e-20
9.381375e+01;2.830807e-20
9.386375e+01;2.830847e-20
9.391376e+01;2.830885e-20
9.396376e+01;2.830924e-20
9.401376e+01;2.830962e-20
9.406376e+01;2.830999e-20
9.411376e+01;2.831036e-20
9.416377e+01;2.831073e-20
9.421377e+01;2.831109e-20
9.426377e+01;2.831145e-20
9.431377e+01;2.831180e-20
9.436377e+01;2.831215e-20
9.441378e+01;2.831250e-20
9.446378e+01;2.831284e-20
9.451378e+01;2.831318e-20
9.456378e+01;2.831351e-20
9.461378e+01;2.831383e-20
9.466379e+01;2.831416e-20
9.471379e+01;2.831448e-20
9.476379e+01;2.831479e-20
9.481379e+01;2.831510e-20
9.486379e+01;2.831541e-20
9.491380e+01;2.831571e-20
9.496380e+01;2.831600e-20
9.501380e+01;2.831630e-20
9.506380e+01;2.831659e-20
9.511380e+01;2.831687e-20
9.516381e+01;2.831715e-20
9.521381e+01;2.831743e-20
9.526381e+01;2.831770e-20
9.531381e+01;2.831796e-20
9.536381e+01;2.831823e-20
9.541382e+01;2.831848e-20
9.546382e+01;2.831874e-20
9.551382e+01;2.831899e-20
9.556382e+01;2.831923e-20
9.561382e+01;2.831947e-20
9.566383e+01;2.831971e-20
9.571383e+01;2.831994e-20
9.576383e+01;2.832017e-20
9.581383e+01;2.832040e-20
9.586383e+01;2.832062e-20
9.591384e+01;2.832083e-20
9.596384e+01;2.832104e-20
9.601384e+01;2.832125e-20
9.606384e+01;2.832145e-20
9.611384e+01;2.832165e-20
9.616385e+01;2.832185e-20
9.621385e+01;2.832204e-20
9.626385e+01;2.832222e-20
9.631385e+01;2.832240e-20
9.636385e+01;2.832258e-20
9.641386e+01;2.832275e-20
9.646386e+01;2.832292e-20
9.651386e+01;2.832309e-20
9.656386e+01;2.832325e-20
9.661386e+01;2.832341e-20
9.666387e+01;2.832356e-20
9.671387e+01;2.832371e-20
9.676387e+01;2.832385e-20
9.681387e+01;2.832399e-20
9.686387e+01;2.832413e-20
9.691388e+01;2.832426e-20
9.696388e+01;2.832439e-20
9.701388e+01;2.832451e-20
9.706388e+01;2.832463e-20
9.711388e+01;2.832474e-20
9.716389e+01;2.832485e-20
9.721389e+01;2.832496e-20
9.726389e+01;2.832506e-20
9.731389e+01;2.832516e-20
9.736389e+01;2.832525e-20
9.741390e+01;2.832534e-20
9.746390e+01;2.832543e-20
9.751390e+01;2.832551e-20
9.756390e+01;2.832559e-20
9.761390e+01;2.832566e-20
9.766391e+01;2.832573e-20
9.771391e+01;2.832580e-20
9.776391e+01;2.832586e-20
9.781391e+01;2.832592e-20
9.786391e+01;2.832597e-20
9.791392e+01;2.832602e-20
9.796392e+01;2.832606e-20
9.801392e+01;2.832610e-20
9.806392e+01;2.832614e-20
9.811392e+01;2.832617e-20
9.816393e+01;2.832620e-20
9.821393e+01;2.832623e-20
9.826393e+01;2.832625e-20
9.831393e+01;2.832626e-20
9.836393e+01;2.832628e-20
9.841394e+01;2.832628e-20
9.846394e+01;2.832629e-20
9.851394e+01;2.832629e-20
9.856394e+01;2.832628e-20
9.861394e+01;2.832628e-20
9.866395e+01;2.832627e-20
9.871395e+01;2.832625e-20
9.876395e+01;2.832623e-20
9.881395e+01;2.832621e-20
9.886395e+01;2.832618e-20
9.891396e+01;2.832615e-20
9.896396e+01;2.832611e-20
9.901396e+01;2.832607e-20
9.906396e+01;2.832603e-20
9.911396e+01;2.832598e-20
9.916397e+01;2.832593e-20
9.921397e+01;2.832587e-20
9.926397e+01;2.832581e-20
9.931397e+01;2.832575e-20
9.936397e+01;2.832568e-20
9.941398e+01;2.832561e-20
9.946398e+01;2.832553e-20
9.951398e+01;2.832545e-20
9.956398e+01;2.832537e-20
9.961398e+01;2.832528e-20
9.966399e+01;2.832519e-20
9.971399e+01;2.832509e-20
9.976399e+01;2.832500e-20
9.981399e+01;2.832489e-20
9.986399e+01;2.832479e-20
9.991400e+01;2.832467e-20
9.996400e+01;2.832456e-20
1.000140e+02;2.832444e-20
1.000640e+02;2.832432e-20
1.001140e+02;2.832419e-20
1.001640e+02;2.832406e-20
1.002140e+02;2.832393e-20
1.002640e+02;2.832379e-20
1.003140e+02;2.832365e-20
1.003640e+02;2.832350e-20
1.004140e+02;2.832335e-20
1.004640e+02;2.832319e-20
1.005140e+02;2.832304e-20
1.005640e+02;2.832288e-20
1.006140e+02;2.832271e-20
1.006640e+02;2.832254e-20
1.007140e+02;2.832237e-20
1.007640e+02;2.832219e-20
1.008140e+02;2.832201e-20
1.008640e+02;2.832182e-20
1.009140e+02;2.832164e-20
1.009640e+02;2.832144e-20
1.010140e+02;2.832125e-20
1.010640e+02;2.832105e-20
1.011140e+02;2.832084e-20
1.011640e+02;2.832064e-20
1.012140e+02;2.832042e-20
1.012641e+02;2.832021e-20
1.013141e+02;2.831999e-20
1.013641e+02;2.831977e-20
1.014141e+02;2.831954e-20
1.014641e+02;2.831931e-20
1.015141e+02;2.831908e-20
1.015641e+02;2.831884e-20
1.016141e+02;2.831860e-20
1.016641e+02;2.831835e-20
1.017141e+02;2.831810e-20
1.017641e+02;2.831785e-20
1.018141e+02;2.831759e-20
1.018641e+02;2.831733e-20
1.019141e+02;2.831707e-20
1.019641e+02;2.831680e-20
1.020141e+02;2.831653e-20
1.020641e+02;2.831625e-20
1.021141e+02;2.831597e-20
1.021641e+02;2.831569e-20
1.022141e+02;2.831540e-20
1.022641e+02;2.831511e-20
1.023141e+02;2.831482e-20
1.023641e+02;2.831452e-20
1.024141e+02;2.831422e-20
1.024641e+02;2.831391e-20
1.025141e+02;2.831360e-20
1.025641e+02;2.831329e-20
1.026141e+02;2.831297e-20
1.026641e+02;2.831265e-20
1.027141e+02;2.831233e-20
1.027641e+02;2.831200e-20
1.028141e+02;2.831167e-20
1.028641e+02;2.831134e-20
1.029141e+02;2.831100e-20
1.029641e+02;2.831066e-20
1.030141e+02;2.831031e-20
1.030641e+02;2.830996e-20
1.031141e+02;2.830961e-20
1.031641e+02;2.830925e-20
1.032141e+02;2.830889e-20
1.032641e+02;2.830853e-20
1.033141e+02;2.830816e-20
1.033641e+02;2.830779e-20
1.034141e+02;2.830741e-20
1.034641e+02;2.830704e-20
1.035141e+02;2.830665e-20
1.035641e+02;2.830627e-20
1.036141e+02;2.830588e-20
1.036641e+02;2.830549e-20
1.037141e+02;2.830509e-20
1.037642e+02;2.830469e-20
1.038142e+02;2.830429e-20
1.038642e+02;2.830388e-20
1.039142e+02;2.830347e-20
1.039642e+02;2.830305e-20
1.040142e+02;2.830263e-20
1.040642e+02;2.830221e-20
1.041142e+02;2.830179e-20
1.041642e+02;2.830136e-20
1.042142e+02;2.830093e-20
1.042642e+02;2.830049e-20
1.043142e+02;2.830005e-20
1.043642e+02;2.829961e-20
1.044142e+02;2.829916e-20
1.044642e+02;2.829871e-20
1.045142e+02;2.829826e-20
1.045642e+02;2.829780e-20
1.046142e+02;2.829734e-20
1.046642e+02;2.829688e-20
1.047142e+02;2.829641e-20
1.047642e+02;2.829594e-20
1.048142e+02;2.829547e-20
1.048642e+02;2.829499e-20
1.049142e+02;2.829451e-20
1.049642e+02;2.829402e-20
1.050142e+02;2.829353e-20
1.050642e+02;2.829304e-20
1.051142e+02;2.829254e-20
1.051642e+02;2.829205e-20
1.052142e+02;2.829154e-20
1.052642e+02;2.829104e-20
1.053142e+02;2.829053e-20
1.053642e+02;2.829002e-20
1.054142e+02;2.828950e-20
1.054642e+02;2.828898e-20
1.055142e+02;2.828846e-20
1.055642e+02;2.828793e-20
1.056142e+02;2.828740e-20
1.056642e+02;2.828687e-20
1.057142e+02;2.828633e-20
1.057642e+02;2.828579e-20
1.058142e+02;2.828525e-20
1.058642e+02;2.828470e-20
1.059142e+02;2.828415e-20
1.059642e+02;2.828359e-20
1.060142e+02;2.828304e-20
1.060642e+02;2.828248e-20
1.061142e+02;2.828191e-20
1.061642e+02;2.828134e-20
1.062142e+02;2.828077e-20
1.062643e+02;2.828020e-20
1.063143e+02;2.827962e-20
1.063643e+02;2.827904e-20
1.064143e+02;2.827846e-20
1.064643e+02;2.827787e-20
1.065143e+02;2.827728e-20
1.065643e+02;2.827668e-20
1.066143e+02;2.827609e-20
1.066643e+02;2.827548e-20
1.067143e+02;2.827488e-20
1.067643e+02;2.827427e-20
1.068143e+02;2.827366e-20
1.068643e+02;2.827305e-20
1.069143e+02;2.827243e-20
1.069643e+02;2.827181e-20
1.070143e+02;2.827118e-20
1.070643e+02;2.827056e-20
1.071143e+02;2.826993e-20
1.071643e+02;2.826929e-20
1.072143e+02;2.826865e-20
1.072643e+02;2.826801e-20
1.073143e+02;2.826737e-20
1.073643e+02;2.826672e-20
1.074143e+02;2.826607e-20
1.074643e+02;2.826542e-20
1.075143e+02;2.826476e-20
1.075643e+02;2.826410e-20
1.076143e+02;2.826343e-20
1.076643e+02;2.826277e-20
1.077143e+02;2.826210e-20
1.077643e+02;2.826142e-20
1.078143e+02;2.826075e-20
1.078643e+02;2.826007e-20
1.079143e+02;2.825938e-20
1.079643e+02;2.825870e-20
1.080143e+02;2.825801e-20
1.080643e+02;2.825731e-20
1.081143e+02;2.825662e-20
1.081643e+02;2.825592e-20
1.082143e+02;2.825521e-20
1.082643e+02;2.825451e-20
1.083143e+02;2.825380e-20
1.083643e+02;2.825309e-20
1.084143e+02;2.825237e-20
1.084643e+02;2.825165e-20
1.085143e+02;2.825093e-20
1.085643e+02;2.825021e-20
1.086143e+02;2.824948e-20
1.086643e+02;2.824875e-20
1.087143e+02;2.824801e-20
1.087644e+02;2.824727e-20
1.088144e+02;2.824653e-20
1.088644e+02;2.824579e-20
1.089144e+02;2.824504e-20
1.089644e+02;2.824429e-20
1.090144e+02;2.824354e-20
1.090644e+02;2.824278e-20
1.091144e+02;2.824202e-20
1.091644e+02;2.824126e-20
1.092144e+02;2.824049e-20
1.092644e+02;2.823972e-20
1.093144e+02;2.823895e-20
1.093644e+02;2.823817e-20
1.094144e+02;2.823740e-20
1.094644e+02;2.823661e-20
1.095144e+02;2.823583e-20
1.095644e+02;2.823504e-20
1.096144e+02;2.823425e-20
1.096644e+02;2.823346e-20
1.097144e+02;2.823266e-20
1.097644e+02;2.823186e-20
1.098144e+02;2.823106e-20
1.098644e+02;2.823025e-20
1.099144e+02;2.822944e-20
1.099644e+02;2.822863e-20
1.100144e+02;2.822781e-20
1.100644e+02;2.822699e-20
1.101144e+02;2.822617e-20
1.101644e+02;2.822535e-20
1.102144e+02;2.822452e-20
1.102644e+02;2.822369e-20
1.103144e+02;2.822285e-20
1.103644e+02;2.822202e-20
1.104144e+02;2.822118e-20
1.104644e+02;2.822033e-20
1.105144e+02;2.821949e-20
1.105644e+02;2.821864e-20
1.106144e+02;2.821779e-20
1.106644e+02;2.821693e-20
1.107144e+02;2.821607e-20
1.107644e+02;2.821521e-20
1.108144e+02;2.821435e-20
1.108644e+02;2.821348e-20
1.109144e+02;2.821261e-20
1.109644e+02;2.821174e-20
1.110144e+02;2.821086e-20
1.110644e+02;2.820998e-20
1.111144e+02;2.820910e-20
1.111644e+02;2.820821e-20
1.112144e+02;2.820733e-20
1.112645e+02;2.820644e-20
1.113145e+02;2.820554e-20
1.113645e+02;2.820464e-20
1.114145e+02;2.820374e-20
1.114645e+02;2.820284e-20
1.115145e+02;2.820194e-20
1.115645e+02;2.820103e-20
1.116145e+02;2.820012e-20
1.116645e+02;2.819920e-20
1.117145e+02;2.819828e-20
1.117645e+02;2.819736e-20
1.118145e+02;2.819644e-20
1.118645e+02;2.819551e-20
1.119145e+02;2.819459e-20
1.119645e+02;2.819365e-20
1.120145e+02;2.819272e-20
1.120645e+02;2.819178e-20
1.121145e+02;2.819084e-20
1.121645e+02;2.818990e-20
1.122145e+02;2.818895e-20
1.122645e+02;2.818800e-20
1.123145e+02;2.818705e-20
1.123645e+02;2.818609e-20
1.124145e+02;2.818514e-20
1.124645e+02;2.818417e-20
1.125145e+02;2.818321e-20
1.125645e+02;2.818224e-20
1.126145e+02;2.818127e-20
1.126645e+02;2.818030e-20
1.127145e+02;2.817933e-20
1.127645e+02;2.817835e-20
1.128145e+02;2.817737e-20
1.128645e+02;2.817639e-20
1.129145e+02;2.817540e-20
1.129645e+02;2.817441e-20
1.130145e+02;2.817342e-20
1.130645e+02;2.817242e-20
1.131145e+02;2.817142e-20
1.131645e+02;2.817042e-20
1.132145e+02;2.816942e-20
1.132645e+02;2.816841e-20
1.133145e+02;2.816741e-20
1.133645e+02;2.816639e-20
1.134145e+02;2.816538e-20
1.134645e+02;2.816436e-20
1.135145e+02;2.816334e-20
1.135645e+02;2.816232e-20
1.136145e+02;2.816129e-20
1.136645e+02;2.816027e-20
1.137145e+02;2.815923e-20
1.137646e+02;2.815820e-20
1.138146e+02;2.815716e-20
1.138646e+02;2.815612e-20
1.139146e+02;2.815508e-20
1.139646e+02;2.815404e-20
1.140146e+02;2.815299e-20
1.140646e+02;2.815194e-20
1.141146e+02;2.815089e-20
1.141646e+02;2.814983e-20
1.142146e+02;2.814877e-20
1.142646e+02;2.814771e-20
1.143146e+02;2.814665e-20
1.143646e+02;2.814558e-20
1.144146e+02;2.814451e-20
1.144646e+02;2.814344e-20
1.145146e+02;2.814236e-20
1.145646e+02;2.814128e-20
1.146146e+02;2.814020e-20
1.146646e+02;2.813912e-20
1.147146e+02;2.813804e-20
1.147646e+02;2.813695e-20
1.148146e+02;2.813586e-20
1.148646e+02;2.813476e-20
1.149146e+02;2.813367e-20
1.149646e+02;2.813257e-20
1.150146e+02;2.813147e-20
1.150646e+02;2.813036e-20
1.151146e+02;2.812925e-20
1.151646e+02;2.812814e-20
1.152146e+02;2.812703e-20
1.152646e+02;2.812592e-20
1.153146e+02;2.812480e-20
1.153646e+02;2.812368e-20
1.154146e+02;2.812256e-20
1.154646e+02;2.812143e-20
1.155146e+02;2.812030e-20
1.155646e+02;2.811917e-20
1.156146e+02;2.811804e-20
1.156646e+02;2.811690e-20
1.157146e+02;2.811576e-20
1.157646e+02;2.811462e-20
1.158146e+02;2.811348e-20
1.158646e+02;2.811233e-20
1.159146e+02;2.811118e-20
1.159646e+02;2.811003e-20
1.160146e+02;2.810888e-20
1.160646e+02;2.810772e-20
1.161146e+02;2.810656e-20
1.161646e+02;2.810540e-20
1.162146e+02;2.810423e-20
1.162647e+02;2.810307e-20
1.163147e+02;2.810190e-20
1.163647e+02;2.810073e-20
1.164147e+02;2.809955e-20
1.164647e+02;2.809837e-20
1.165147e+02;2.809719e-20
1.165647e+02;2.809601e-20
1.166147e+02;2.809483e-20
1.166647e+02;2.809364e-20
1.167147e+02;2.809245e-20
1.167647e+02;2.809126e-20
1.168147e+02;2.809006e-20
1.168647e+02;2.808886e-20
1.169147e+02;2.808766e-20
1.169647e+02;2.808646e-20
1.170147e+02;2.808526e-20
1.170647e+02;2.808405e-20
1.171147e+02;2.808284e-20
1.171647e+02;2.808163e-20
1.172147e+02;2.808041e-20
1.172647e+02;2.807919e-20
1.173147e+02;2.807797e-20
1.173647e+02;2.807675e-20
1.174147e+02;2.807552e-20
1.174647e+02;2.807430e-20
1.175147e+02;2.807307e-20
1.175647e+02;2.807183e-20
1.176147e+02;2.807060e-20
1.176647e+02;2.806936e-20
1.177147e+02;2.806812e-20
1.177647e+02;2.806688e-20
1.178147e+02;2.806563e-20
1.178647e+02;2.806439e-20
1.179147e+02;2.806314e-20
1.179647e+02;2.806189e-20
1.180147e+02;2.806063e-20
1.180647e+02;2.805937e-20
1.181147e+02;2.805811e-20
1.181647e+02;2.805685e-20
1.182147e+02;2.805559e-20
1.182647e+02;2.805432e-20
1.183147e+02;2.805305e-20
1.183647e+02;2.805178e-20
1.184147e+02;2.805051e-20
1.184647e+02;2.804923e-20
1.185147e+02;2.804795e-20
1.185647e+02;2.804667e-20
1.186147e+02;2.804539e-20
1.186647e+02;2.804410e-20
1.187147e+02;2.804281e-20
1.187648e+02;2.804152e-20
1.188148e+02;2.804023e-20
1.188648e+02;2.803893e-20
1.189148e+02;2.803764e-20
1.189648e+02;2.803634e-20
1.190148e+02;2.803503e-20
1.190648e+02;2.803373e-20
1.191148e+02;2.803242e-20
1.191648e+02;2.803111e-20
1.192148e+02;2.802980e-20
1.192648e+02;2.802848e-20
1.193148e+02;2.802717e-20
1.193648e+02;2.802585e-20
1.194148e+02;2.802453e-20
1.194648e+02;2.802320e-20
1.195148e+02;2.802188e-20
1.195648e+02;2.802055e-20
1.196148e+02;2.801922e-20
1.196648e+02;2.801789e-20
1.197148e+02;2.801655e-20
1.197648e+02;2.801521e-20
1.198148e+02;2.801387e-20
1.198648e+02;2.801253e-20
1.199148e+02;2.801119e-20
1.199648e+02;2.800984e-20
1.200148e+02;2.800849e-20
1.200648e+02;2.800714e-20
1.201148e+02;2.800578e-20
1.201648e+02;2.800443e-20
1.202148e+02;2.800307e-20
1.202648e+02;2.800171e-20
1.203148e+02;2.800035e-20
1.203648e+02;2.799898e-20
1.204148e+02;2.799761e-20
1.204648e+02;2.799624e-20
1.205148e+02;2.799487e-20
1.205648e+02;2.799350e-20
1.206148e+02;2.799212e-20
1.206648e+02;2.799074e-20
1.207148e+02;2.798936e-20
1.207648e+02;2.798798e-20
1.208148e+02;2.798659e-20
1.208648e+02;2.798521e-20
1.209148e+02;2.798382e-20
1.209648e+02;2.798242e-20
1.210148e+02;2.798103e-20
1.210648e+02;2.797963e-20
1.211148e+02;2.797824e-20
1.211648e+02;2.797683e-20
1.212148e+02;2.797543e-20
1.212649e+02;2.797403e-20
1.213149e+02;2.797262e-20
1.213649e+02;2.797121e-20
1.214149e+02;2.796980e-20
1.214649e+02;2.796838e-20
1.215149e+02;2.796697e-20
1.215649e+02;2.796555e-20
1.216149e+02;2.796413e-20
1.216649e+02;2.796270e-20
1.217149e+02;2.796128e-20
1.217649e+02;2.795985e-20
1.218149e+02;2.795842e-20
1.218649e+02;2.795699e-20
1.219149e+02;2.795556e-20
1.219649e+02;2.795412e-20
1.220149e+02;2.795268e-20
1.220649e+02;2.795124e-20
1.221149e+02;2.794980e-20
1.221649e+02;2.794836e-20
1.222149e+02;2.794691e-20
1.222649e+02;2.794546e-20
1.223149e+02;2.794401e-20
1.223649e+02;2.794256e-20
1.224149e+02;2.794110e-20
1.224649e+02;2.793965e-20
1.225149e+02;2.793819e-20
1.225649e+02;2.793672e-20
1.226149e+02;2.793526e-20
1.226649e+02;2.793380e-20
1.227149e+02;2.793233e-20
1.227649e+02;2.793086e-20
1.228149e+02;2.792939e-20
1.228649e+02;2.792791e-20
1.229149e+02;2.792644e-20
1.229649e+02;2.792496e-20
1.230149e+02;2.792348e-20
1.230649e+02;2.792199e-20
1.231149e+02;2.792051e-20
1.231649e+02;2.791902e-20
1.232149e+02;2.791753e-20
1.232649e+02;2.791604e-20
1.233149e+02;2.791455e-20
1.233649e+02;2.791306e-20
1.234149e+02;2.791156e-20
1.234649e+02;2.791006e-20
1.235149e+02;2.790856e-20
1.235649e+02;2.790706e-20
1.236149e+02;2.790555e-20
1.236649e+02;2.790404e-20
1.237149e+02;2.790253e-20
1.237650e+02;2.790102e-20
1.238150e+02;2.789951e-20
1.238650e+02;2.789800e-20
1.239150e+02;2.789648e-20
1.239650e+02;2.789496e-20
1.240150e+02;2.789344e-20
1.240650e+02;2.789191e-20
1.241150e+02;2.789039e-20
1.241650e+02;2.788886e-20
1.242150e+02;2.788733e-20
1.242650e+02;2.788580e-20
1.243150e+02;2.788427e-20
1.243650e+02;2.788273e-20
1.244150e+02;2.788119e-20
1.244650e+02;2.787965e-20
1.245150e+02;2.787811e-20
1.245650e+02;2.787657e-20
1.246150e+02;2.787502e-20
1.246650e+02;2.787348e-20
1.247150e+02;2.787193e-20
1.247650e+02;2.787038e-20
1.248150e+02;2.786882e-20
1.248650e+02;2.786727e-20
1.249150e+02;2.786571e-20
1.249650e+02;2.786415e-20
1.250150e+02;2.786259e-20
1.250650e+02;2.786103e-20
1.251150e+02;2.785946e-20
1.251650e+02;2.785790e-20
1.252150e+02;2.785633e-20
1.252650e+02;2.785476e-20
1.253150e+02;2.785318e-20
1.253650e+02;2.785161e-20
1.254150e+02;2.785003e-20
1.254650e+02;2.784845e-20
1.255150e+02;2.784687e-20
1.255650e+02;2.784529e-20
1.256150e+02;2.784371e-20
1.256650e+02;2.784212e-20
1.257150e+02;2.784053e-20
1.257650e+02;2.783894e-20
1.258150e+02;2.783735e-20
1.258650e+02;2.783576e-20
1.259150e+02;2.783416e-20
1.259650e+02;2.783256e-20
1.260150e+02;2.783096e-20
1.260650e+02;2.782936e-20
1.261150e+02;2.782776e-20
1.261650e+02;2.782615e-20
1.262150e+02;2.782455e-20
1.262651e+02;2.782294e-20
1.263151e+02;2.782133e-20
1.263651e+02;2.781971e-20
1.264151e+02;2.781810e-20
1.264651e+02;2.781648e-20
1.265151e+02;2.781486e-20
1.265651e+02;2.781324e-20
1.266151e+02;2.781162e-20
1.266651e+02;2.781000e-20
1.267151e+02;2.780837e-20
1.267651e+02;2.780675e-20
1.268151e+02;2.780512e-20
1.268651e+02;2.780348e-20
1.269151e+02;2.780185e-20
1.269651e+02;2.780022e-20
1.270151e+02;2.779858e-20
1.270651e+02;2.779694e-20
1.271151e+02;2.779530e-20
1.271651e+02;2.779366e-20
1.272151e+02;2.779201e-20
1.272651e+02;2.779037e-20
1.273151e+02;2.778872e-20
1.273651e+02;2.778707e-20
1.274151e+02;2.778542e-20
1.274651e+02;2.778377e-20
1.275151e+02;2.778211e-20
1.275651e+02;2.778046e-20
1.276151e+02;2.777880e-20
1.276651e+02;2.777714e-20
1.277151e+02;2.777548e-20
1.277651e+02;2.777381e-20
1.278151e+02;2.777215e-20
1.278651e+02;2.777048e-20
1.279151e+02;2.776881e-20
1.279651e+02;2.776714e-20
1.280151e+02;2.776547e-20
1.280651e+02;2.776379e-20
1.281151e+02;2.776212e-20
1.281651e+02;2.776044e-20
1.282151e+02;2.775876e-20
1.282651e+02;2.775708e-20
1.283151e+02;2.775539e-20
1.283651e+02;2.775371e-20
1.284151e+02;2.775202e-20
1.284651e+02;2.775033e-20
1.285151e+02;2.774864e-20
1.285651e+02;2.774695e-20
1.286151e+02;2.774526e-20
1.286651e+02;2.774356e-20
1.287151e+02;2.774186e-20
1.287652e+02;2.774017e-20
1.288152e+02;2.773847e-20
1.288652e+02;2.773676e-20
1.289152e+02;2.773506e-20
1.289652e+02;2.773335e-20
1.290152e+02;2.773165e-20
1.290652e+02;2.772994e-20
1.291152e+02;2.772823e-20
1.291652e+02;2.772651e-20
1.292152e+02;2.772480e-20
1.292652e+02;2.772308e-20
1.293152e+02;2.772137e-20
1.293652e+02;2.771965e-20
1.294152e+02;2.771793e-20
1.294652e+02;2.771620e-20
1.295152e+02;2.771448e-20
1.295652e+02;2.771275e-20
1.296152e+02;2.771102e-20
1.296652e+02;2.770929e-20
1.297152e+02;2.770756e-20
1.297652e+02;2.770583e-20
1.298152e+02;2.770410e-20
1.298652e+02;2.770236e-20
1.299152e+02;2.770062e-20
1.299652e+02;2.769888e-20
1.300152e+02;2.769714e-20
1.300652e+02;2.769540e-20
1.301152e+02;2.769366e-20
1.301652e+02;2.769191e-20
1.302152e+02;2.769016e-20
1.302652e+02;2.768841e-20
1.303152e+02;2.768666e-20
1.303652e+02;2.768491e-20
1.304152e+02;2.768316e-20
1.304652e+02;2.768140e-20
1.305152e+02;2.767964e-20
1.305652e+02;2.767788e-20
1.306152e+02;2.767612e-20
1.306652e+02;2.767436e-20
1.307152e+02;2.767260e-20
1.307652e+02;2.767083e-20
1.308152e+02;2.766906e-20
1.308652e+02;2.766730e-20
1.309152e+02;2.766552e-20
1.309652e+02;2.766375e-20
1.310152e+02;2.766198e-20
1.310652e+02;2.766020e-20
1.311152e+02;2.765843e-20
1.311652e+02;2.765665e-20
1.312152e+02;2.765487e-20
1.312653e+02;2.765309e-20
1.313153e+02;2.765131e-20
1.313653e+02;2.764952e-20
1.314153e+02;2.764773e-20
1.314653e+02;2.764595e-20
1.315153e+02;2.764416e-20
1.315653e+02;2.764237e-20
1.316153e+02;2.764057e-20
1.316653e+02;2.763878e-20
1.317153e+02;2.763698e-20
1.317653e+02;2.763519e-20
1.318153e+02;2.763339e-20
1.318653e+02;2.763159e-20
1.319153e+02;2.762979e-20
1.319653e+02;2.762798e-20
1.320153e+02;2.762618e-20
1.320653e+02;2.762437e-20
1.321153e+02;2.762256e-20
1.321653e+02;2.762076e-20
1.322153e+02;2.761894e-20
1.322653e+02;2.761713e-20
1.323153e+02;2.761532e-20
1.323653e+02;2.761350e-20
1.324153e+02;2.761169e-20
1.324653e+02;2.760987e-20
1.325153e+02;2.760805e-20
1.325653e+02;2.760623e-20
1.326153e+02;2.760440e-20
1.326653e+02;2.760258e-20
1.327153e+02;2.760075e-20
1.327653e+02;2.759892e-20
1.328153e+02;2.759709e-20
1.328653e+02;2.759526e-20
1.329153e+02;2.759343e-20
1.329653e+02;2.759160e-20
1.330153e+02;2.758976e-20
1.330653e+02;2.758793e-20
1.331153e+02;2.758609e-20
1.331653e+02;2.758425e-20
1.332153e+02;2.758241e-20
1.332653e+02;2.758057e-20
1.333153e+02;2.757872e-20
1.333653e+02;2.757688e-20
1.334153e+02;2.757503e-20
1.334653e+02;2.757318e-20
1.335153e+02;2.757133e-20
1.335653e+02;2.756948e-20
1.336153e+02;2.756763e-20
1.336653e+02;2.756577e-20
1.337153e+02;2.756392e-20
1.337654e+02;2.756206e-20
1.338154e+02;2.756020e-20
1.338654e+02;2.755834e-20
1.339154e+02;2.755648e-20
1.339654e+02;2.755462e-20
1.340154e+02;2.755275e-20
1.340654e+02;2.755089e-20
1.341154e+02;2.754902e-20
1.341654e+02;2.754715e-20
1.342154e+02;2.754528e-20
1.342654e+02;2.754341e-20
1.343154e+02;2.754154e-20
1.343654e+02;2.753966e-20
1.344154e+02;2.753779e-20
1.344654e+02;2.753591e-20
1.345154e+02;2.753403e-20
1.345654e+02;2.753215e-20
1.346154e+02;2.753027e-20
1.346654e+02;2.752839e-20
1.347154e+02;2.752651e-20
1.347654e+02;2.752462e-20
1.348154e+02;2.752273e-20
1.348654e+02;2.752084e-20
1.349154e+02;2.751896e-20
1.349654e+02;2.751706e-20
1.350154e+02;2.751517e-20
1.350654e+02;2.751328e-20
1.351154e+02;2.751138e-20
1.351654e+02;2.750949e-20
1.352154e+02;2.750759e-20
1.352654e+02;2.750569e-20
1.353154e+02;2.750379e-20
1.353654e+02;2.750189e-20
1.354154e+02;2.749998e-20
1.354654e+02;2.749808e-20
1.355154e+02;2.749617e-20
1.355654e+02;2.749426e-20
1.356154e+02;2.749236e-20
1.356654e+02;2.749045e-20
1.357154e+02;2.748853e-20
1.357654e+02;2.748662e-20
1.358154e+02;2.748471e-20
1.358654e+02;2.748279e-20
1.359154e+02;2.748087e-20
1.359654e+02;2.747896e-20
1.360154e+02;2.747704e-20
1.360654e+02;2.747512e-20
1.361154e+02;2.747319e-20
1.361654e+02;2.747127e-20
1.362154e+02;2.746935e-20
1.362655e+02;2.746742e-20
1.363155e+02;2.746549e-20
1.363655e+02;2.746356e-20
1.364155e+02;2.746163e-20
1.364655e+02;2.745970e-20
1.365155e+02;2.745777e-20
1.365655e+02;2.745583e-20
1.366155e+02;2.745390e-20
1.366655e+02;2.745196e-20
1.367155e+02;2.745002e-20
1.367655e+02;2.744809e-20
1.368155e+02;2.744614e-20
1.368655e+02;2.744420e-20
1.369155e+02;2.744226e-20
1.369655e+02;2.744032e-20
1.370155e+02;2.743837e-20
1.370655e+02;2.743642e-20
1.371155e+02;2.743447e-20
1.371655e+02;2.743252e-20
1.372155e+02;2.743057e-20
1.372655e+02;2.742862e-20
1.373155e+02;2.742667e-20
1.373655e+02;2.742471e-20
1.374155e+02;2.742276e-20
1.374655e+02;2.742080e-20
1.375155e+02;2.741884e-20
1.375655e+02;2.741688e-20
1.376155e+02;2.741492e-20
1.376655e+02;2.741296e-20
1.377155e+02;2.741100e-20
1.377655e+02;2.740903e-20
1.378155e+02;2.740706e-20
1.378655e+02;2.740510e-20
1.379155e+02;2.740313e-20
1.379655e+02;2.740116e-20
1.380155e+02;2.739919e-20
1.380655e+02;2.739722e-20
1.381155e+02;2.739524e-20
1.381655e+02;2.739327e-20
1.382155e+02;2.739129e-20
1.382655e+02;2.738932e-20
1.383155e+02;2.738734e-20
1.383655e+02;2.738536e-20
1.384155e+02;2.738338e-20
1.384655e+02;2.738139e-20
1.385155e+02;2.737941e-20
1.385655e+02;2.737743e-20
1.386155e+02;2.737544e-20
1.386655e+02;2.737345e-20
1.387155e+02;2.737147e-20
1.387656e+02;2.736948e-20
1.388156e+02;2.736749e-20
1.388656e+02;2.736550e-20
1.389156e+02;2.736350e-20
1.389656e+02;2.736151e-20
1.390156e+02;2.735951e-20
1.390656e+02;2.735752e-20
1.391156e+02;2.735552e-20
1.391656e+02;2.735352e-20
1.392156e+02;2.735152e-20
1.392656e+02;2.734952e-20
1.393156e+02;2.734752e-20
1.393656e+02;2.734551e-20
1.394156e+02;2.734351e-20
1.394656e+02;2.734150e-20
1.395156e+02;2.733950e-20
1.395656e+02;2.733749e-20
1.396156e+02;2.733548e-20
1.396656e+02;2.733347e-20
1.397156e+02;2.733146e-20
1.397656e+02;2.732944e-20
1.398156e+02;2.732743e-20
1.398656e+02;2.732541e-20
1.399156e+02;2.732340e-20
1.399656e+02;2.732138e-20
1.400156e+02;2.731936e-20
1.400656e+02;2.731734e-20
1.401156e+02;2.731532e-20
1.401656e+02;2.731330e-20
1.402156e+02;2.731128e-20
1.402656e+02;2.730925e-20
1.403156e+02;2.730723e-20
1.403656e+02;2.730520e-20
1.404156e+02;2.730317e-20
1.404656e+02;2.730114e-20
1.405156e+02;2.729911e-20
1.405656e+02;2.729708e-20
1.406156e+02;2.729505e-20
1.406656e+02;2.729302e-20
1.407156e+02;2.729098e-20
1.407656e+02;2.728895e-20
1.408156e+02;2.728691e-20
1.408656e+02;2.728487e-20
1.409156e+02;2.728283e-20
1.409656e+02;2.728079e-20
1.410156e+02;2.727875e-20
1.410656e+02;2.727671e-20
1.411156e+02;2.727467e-20
1.411656e+02;2.727262e-20
1.412156e+02;2.727058e-20
1.412657e+02;2.726853e-20
1.413157e+02;2.726648e-20
1.413657e+02;2.726443e-20
1.414157e+02;2.726238e-20
1.414657e+02;2.726033e-20
1.415157e+02;2.725828e-20
1.415657e+02;2.725623e-20
1.416157e+02;2.725417e-20
1.416657e+02;2.725212e-20
1.417157e+02;2.725006e-20
1.417657e+02;2.724801e-20
1.418157e+02;2.724595e-20
1.418657e+02;2.724389e-20
1.419157e+02;2.724183e-20
1.419657e+02;2.723976e-20
1.420157e+02;2.723770e-20
1.420657e+02;2.723564e-20
1.421157e+02;2.723357e-20
1.421657e+02;2.723151e-20
1.422157e+02;2.722944e-20
1.422657e+02;2.722737e-20
1.423157e+02;2.722530e-20
1.423657e+02;2.722323e-20
1.424157e+02;2.722116e-20
1.424657e+02;2.721909e-20
1.425157e+02;2.721702e-20
1.425657e+02;2.721494e-20
1.426157e+02;2.721287e-20
1.426657e+02;2.721079e-20
1.427157e+02;2.720871e-20
1.427657e+02;2.720664e-20
1.428157e+02;2.720456e-20
1.428657e+02;2.720248e-20
1.429157e+02;2.720039e-20
1.429657e+02;2.719831e-20
1.430157e+02;2.719623e-20
1.430657e+02;2.719414e-20
1.431157e+02;2.719206e-20
1.431657e+02;2.718997e-20
1.432157e+02;2.718788e-20
1.432657e+02;2.718580e-20
1.433157e+02;2.718371e-20
1.433657e+02;2.718161e-20
1.434157e+02;2.717952e-20
1.434657e+02;2.717743e-20
1.435157e+02;2.717534e-20
1.435657e+02;2.717324e-20
1.436157e+02;2.717115e-20
1.436657e+02;2.716905e-20
1.437157e+02;2.716695e-20
1.437658e+02;2.716485e-20
1.438158e+02;2.716275e-20
1.438658e+02;2.716065e-20
1.439158e+02;2.715855e-20
1.439658e+02;2.715645e-20
1.440158e+02;2.715435e-20
1.440658e+02;2.715224e-20
1.441158e+02;2.715014e-20
1.441658e+02;2.714803e-20
1.442158e+02;2.714592e-20
1.442658e+02;2.714381e-20
1.443158e+02;2.714171e-20
1.443658e+02;2.713959e-20
1.444158e+02;2.713748e-20
1.444658e+02;2.713537e-20
1.445158e+02;2.713326e-20
1.445658e+02;2.713114e-20
1.446158e+02;2.712903e-20
1.446658e+02;2.712691e-20
1.447158e+02;2.712480e-20
1.447658e+02;2.712268e-20
1.448158e+02;2.712056e-20
1.448658e+02;2.711844e-20
1.449158e+02;2.711632e-20
1.449658e+02;2.711420e-20
1.450158e+02;2.711207e-20
1.450658e+02;2.710995e-20
1.451158e+02;2.710783e-20
1.451658e+02;2.710570e-20
1.452158e+02;2.710357e-20
1.452658e+02;2.710145e-20
1.453158e+02;2.709932e-20
1.453658e+02;2.709719e-20
1.454158e+02;2.709506e-20
1.454658e+02;2.709293e-20
1.455158e+02;2.709080e-20
1.455658e+02;2.708866e-20
1.456158e+02;2.708653e-20
1.456658e+02;2.708439e-20
1.457158e+02;2.708226e-20
1.457658e+02;2.708012e-20
1.458158e+02;2.707798e-20
1.458658e+02;2.707585e-20
1.459158e+02;2.707371e-20
1.459658e+02;2.707157e-20
1.460158e+02;2.706943e-20
1.460658e+02;2.706728e-20
1.461158e+02;2.706514e-20
1.461658e+02;2.706300e-20
1.462158e+02;2.706085e-20
1.462659e+02;2.705871e-20
1.463159e+02;2.705656e-20
1.463659e+02;2.705441e-20
1.464159e+02;2.705226e-20
1.464659e+02;2.705012e-20
1.465159e+02;2.704797e-20
1.465659e+02;2.704581e-20
1.466159e+02;2.704366e-20
1.466659e+02;2.704151e-20
1.467159e+02;2.703936e-20
1.467659e+02;2.703720e-20
1.468159e+02;2.703505e-20
1.468659e+02;2.703289e-20
1.469159e+02;2.703073e-20
1.469659e+02;2.702858e-20
1.470159e+02;2.702642e-20
1.470659e+02;2.702426e-20
1.471159e+02;2.702210e-20
1.471659e+02;2.701993e-20
1.472159e+02;2.701777e-20
1.472659e+02;2.701561e-20
1.473159e+02;2.701345e-20
1.473659e+02;2.701128e-20
1.474159e+02;2.700912e-20
1.474659e+02;2.700695e-20
1.475159e+02;2.700478e-20
1.475659e+02;2.700261e-20
1.476159e+02;2.700044e-20
1.476659e+02;2.699827e-20
1.477159e+02;2.699610e-20
1.477659e+02;2.699393e-20
1.478159e+02;2.699176e-20
1.478659e+02;2.698959e-20
1.479159e+02;2.698741e-20
1.479659e+02;2.698524e-20
1.480159e+02;2.698306e-20
1.480659e+02;2.698089e-20
1.481159e+02;2.697871e-20
1.481659e+02;2.697653e-20
1.482159e+02;2.697435e-20
1.482659e+02;2.697217e-20
1.483159e+02;2.696999e-20
1.483659e+02;2.696781e-20
1.484159e+02;2.696563e-20
1.484659e+02;2.696344e-20
1.485159e+02;2.696126e-20
1.485659e+02;2.695907e-20
1.486159e+02;2.695689e-20
1.486659e+02;2.695470e-20
1.487159e+02;2.695252e-20
1.487660e+02;2.695033e-20
1.488160e+02;2.694814e-20
1.488660e+02;2.694595e-20
1.489160e+02;2.694376e-20
1.489660e+02;2.694157e-20
1.490160e+02;2.693938e-20
1.490660e+02;2.693718e-20
1.491160e+02;2.693499e-20
1.491660e+02;2.693280e-20
1.492160e+02;2.693060e-20
1.492660e+02;2.692840e-20
1.493160e+02;2.692621e-20
1.493660e+02;2.692401e-20
1.494160e+02;2.692181e-20
1.494660e+02;2.691961e-20
1.495160e+02;2.691741e-20
1.495660e+02;2.691521e-20
1.496160e+02;2.691301e-20
1.496660e+02;2.691081e-20
1.497160e+02;2.690861e-20
1.497660e+02;2.690640e-20
1.498160e+02;2.690420e-20
1.498660e+02;2.690199e-20
1.499160e+02;2.689979e-20
1.499660e+02;2.689758e-20
1.500160e+02;2.689537e-20
1.500660e+02;2.689316e-20
1.501160e+02;2.689096e-20
1.501660e+02;2.688875e-20
1.502160e+02;2.688653e-20
1.502660e+02;2.688432e-20
1.503160e+02;2.688211e-20
1.503660e+02;2.687990e-20
1.504160e+02;2.687769e-20
1.504660e+02;2.687547e-20
1.505160e+02;2.687326e-20
1.505660e+02;2.687104e-20
1.506160e+02;2.686882e-20
1.506660e+02;2.686661e-20
1.507160e+02;2.686439e-20
1.507660e+02;2.686217e-20
1.508160e+02;2.685995e-20
1.508660e+02;2.685773e-20
1.509160e+02;2.685551e-20
1.509660e+02;2.685329e-20
1.510160e+02;2.685107e-20
1.510660e+02;2.684884e-20
1.511160e+02;2.684662e-20
1.511660e+02;2.684439e-20
1.512160e+02;2.684217e-20
1.512661e+02;2.683994e-20
1.513161e+02;2.683772e-20
1.513661e+02;2.683549e-20
1.514161e+02;2.683326e-20
1.514661e+02;2.683103e-20
1.515161e+02;2.682880e-20
1.515661e+02;2.682657e-20
1.516161e+02;2.682434e-20
1.516661e+02;2.682211e-20
1.517161e+02;2.681988e-20
1.517661e+02;2.681764e-20
1.518161e+02;2.681541e-20
1.518661e+02;2.681317e-20
1.519161e+02;2.681094e-20
1.519661e+02;2.680870e-20
1.520161e+02;2.680647e-20
1.520661e+02;2.680423e-20
1.521161e+02;2.680199e-20
1.521661e+02;2.679975e-20
1.522161e+02;2.679751e-20
1.522661e+02;2.679527e-20
1.523161e+02;2.679303e-20
1.523661e+02;2.679079e-20
1.524161e+02;2.678855e-20
1.524661e+02;2.678631e-20
1.525161e+02;2.678406e-20
1.525661e+02;2.678182e-20
1.526161e+02;2.677957e-20
1.526661e+02;2.677733e-20
1.527161e+02;2.677508e-20
1.527661e+02;2.677284e-20
1.528161e+02;2.677059e-20
1.528661e+02;2.676834e-20
1.529161e+02;2.676609e-20
1.529661e+02;2.676384e-20
1.530161e+02;2.676159e-20
1.530661e+02;2.675934e-20
1.531161e+02;2.675709e-20
1.531661e+02;2.675484e-20
1.532161e+02;2.675258e-20
1.532661e+02;2.675033e-20
1.533161e+02;2.674808e-20
1.533661e+02;2.674582e-20
1.534161e+02;2.674357e-20
1.534661e+02;2.674131e-20
1.535161e+02;2.673905e-20
1.535661e+02;2.673680e-20
1.536161e+02;2.673454e-20
1.536661e+02;2.673228e-20
1.537161e+02;2.673002e-20
1.537662e+02;2.672776e-20
1.538162e+02;2.672550e-20
1.538662e+02;2.672324e-20
1.539162e+02;2.672098e-20
1.539662e+02;2.671871e-20
1.540162e+02;2.671645e-20
1.540662e+02;2.671419e-20
1.541162e+02;2.671192e-20
1.541662e+02;2.670966e-20
1.542162e+02;2.670739e-20
1.542662e+02;2.670512e-20
1.543162e+02;2.670286e-20
1.543662e+02;2.670059e-20
1.544162e+02;2.669832e-20
1.544662e+02;2.669605e-20
1.545162e+02;2.669378e-20
1.545662e+02;2.669151e-20
1.546162e+02;2.668924e-20
1.546662e+02;2.668697e-20
1.547162e+02;2.668470e-20
1.547662e+02;2.668243e-20
1.548162e+02;2.668015e-20
1.548662e+02;2.667788e-20
1.549162e+02;2.667561e-20
1.549662e+02;2.667333e-20
1.550162e+02;2.667106e-20
1.550662e+02;2.666878e-20
1.551162e+02;2.666650e-20
1.551662e+02;2.666423e-20
1.552162e+02;2.666195e-20
1.552662e+02;2.665967e-20
1.553162e+02;2.665739e-20
1.553662e+02;2.665511e-20
1.554162e+02;2.665283e-20
1.554662e+02;2.665055e-20
1.555162e+02;2.664827e-20
1.555662e+02;2.664598e-20
1.556162e+02;2.664370e-20
1.556662e+02;2.664142e-20
1.557162e+02;2.663913e-20
1.557662e+02;2.663685e-20
1.558162e+02;2.663457e-20
1.558662e+02;2.663228e-20
1.559162e+02;2.662999e-20
1.559662e+02;2.662771e-20
1.560162e+02;2.662542e-20
1.560662e+02;2.662313e-20
1.561162e+02;2.662084e-20
1.561662e+02;2.661855e-20
1.562162e+02;2.661626e-20
1.562663e+02;2.661397e-20
1.563163e+02;2.661168e-20
1.563663e+02;2.660939e-20
1.564163e+02;2.660710e-20
1.564663e+02;2.660481e-20
1.565163e+02;2.660251e-20
1.565663e+02;2.660022e-20
1.566163e+02;2.659793e-20
1.566663e+02;2.659563e-20
1.567163e+02;2.659334e-20
1.567663e+02;2.659104e-20
1.568163e+02;2.658874e-20
1.568663e+02;2.658645e-20
1.569163e+02;2.658415e-20
1.569663e+02;2.658185e-20
1.570163e+02;2.657955e-20
1.570663e+02;2.657725e-20
1.571163e+02;2.657495e-20
1.571663e+02;2.657265e-20
1.572163e+02;2.657035e-20
1.572663e+02;2.656805e-20
1.573163e+02;2.656575e-20
1.573663e+02;2.656345e-20
1.574163e+02;2.656114e-20
1.574663e+02;2.655884e-20
1.575163e+02;2.655654e-20
1.575663e+02;2.655423e-20
1.576163e+02;2.655193e-20
1.576663e+02;2.654962e-20
1.577163e+02;2.654732e-20
1.577663e+02;2.654501e-20
1.578163e+02;2.654270e-20
1.578663e+02;2.654039e-20
1.579163e+02;2.653809e-20
1.579663e+02;2.653578e-20
1.580163e+02;2.653347e-20
1.580663e+02;2.653116e-20
1.581163e+02;2.652885e-20
1.581663e+02;2.652654e-20
1.582163e+02;2.652423e-20
1.582663e+02;2.652191e-20
1.583163e+02;2.651960e-20
1.583663e+02;2.651729e-20
1.584163e+02;2.651497e-20
1.584663e+02;2.651266e-20
1.585163e+02;2.651035e-20
1.585663e+02;2.650803e-20
1.586163e+02;2.650572e-20
1.586663e+02;2.650340e-20
1.587163e+02;2.650108e-20
1.587664e+02;2.649877e-20
1.588164e+02;2.649645e-20
1.588664e+02;2.649413e-20
1.589164e+02;2.649181e-20
1.589664e+02;2.648949e-20
1.590164e+02;2.648717e-20
1.590664e+02;2.648485e-20
1.591164e+02;2.648253e-20
1.591664e+02;2.648021e-20
1.592164e+02;2.647789e-20
1.592664e+02;2.647557e-20
1.593164e+02;2.647325e-20
1.593664e+02;2.647092e-20
1.594164e+02;2.646860e-20
1.594664e+02;2.646628e-20
1.595164e+02;2.646395e-20
1.595664e+02;2.646163e-20
1.596164e+02;2.645930e-20
1.596664e+02;2.645698e-20
1.597164e+02;2.645465e-20
1.597664e+02;2.645232e-20
1.598164e+02;2.645000e-20
1.598664e+02;2.644767e-20
1.599164e+02;2.644534e-20
1.599664e+02;2.644301e-20
1.600164e+02;2.644068e-20
1.600664e+02;2.643835e-20
1.601164e+02;2.643602e-20
1.601664e+02;2.643369e-20
1.602164e+02;2.643136e-20
1.602664e+02;2.642903e-20
1.603164e+02;2.642670e-20
1.603664e+02;2.642437e-20
1.604164e+02;2.642203e-20
1.604664e+02;2.641970e-20
1.605164e+02;2.641737e-20
1.605664e+02;2.641503e-20
1.606164e+02;2.641270e-20
1.606664e+02;2.641036e-20
1.607164e+02;2.640803e-20
1.607664e+02;2.640569e-20
1.608164e+02;2.640335e-20
1.608664e+02;2.640102e-20
1.609164e+02;2.639868e-20
1.609664e+02;2.639634e-20
1.610164e+02;2.639400e-20
1.610664e+02;2.639167e-20
1.611164e+02;2.638933e-20
1.611664e+02;2.638699e-20
1.612164e+02;2.638465e-20
1.612665e+02;2.638231e-20
1.613165e+02;2.637997e-20
1.613665e+02;2.637762e-20
1.614165e+02;2.637528e-20
1.614665e+02;2.637294e-20
1.615165e+02;2.637060e-20
1.615665e+02;2.636825e-20
1.616165e+02;2.636591e-20
1.616665e+02;2.636357e-20
1.617165e+02;2.636122e-20
1.617665e+02;2.635888e-20
1.618165e+02;2.635653e-20
1.618665e+02;2.635419e-20
1.619165e+02;2.635184e-20
1.619665e+02;2.634949e-20
1.620165e+02;2.634715e-20
1.620665e+02;2.634480e-20
1.621165e+02;2.634245e-20
1.621665e+02;2.634010e-20
1.622165e+02;2.633776e-20
1.622665e+02;2.633541e-20
1.623165e+02;2.633306e-20
1.623665e+02;2.633071e-20
1.624165e+02;2.632836e-20
1.624665e+02;2.632601e-20
1.625165e+02;2.632366e-20
1.625665e+02;2.632130e-20
1.626165e+02;2.631895e-20
1.626665e+02;2.631660e-20
1.627165e+02;2.631425e-20
1.627665e+02;2.631189e-20
1.628165e+02;2.630954e-20
1.628665e+02;2.630719e-20
1.629165e+02;2.630483e-20
1.629665e+02;2.630248e-20
1.630165e+02;2.630012e-20
1.630665e+02;2.629777e-20
1.631165e+02;2.629541e-20
1.631665e+02;2.629306e-20
1.632165e+02;2.629070e-20
1.632665e+02;2.628834e-20
1.633165e+02;2.628598e-20
1.633665e+02;2.628363e-20
1.634165e+02;2.628127e-20
1.634665e+02;2.627891e-20
1.635165e+02;2.627655e-20
1.635665e+02;2.627419e-20
1.636165e+02;2.627183e-20
1.636665e+02;2.626947e-20
1.637165e+02;2.626711e-20
1.637666e+02;2.626475e-20
1.638166e+02;2.626239e-20
1.638666e+02;2.626003e-20
1.639166e+02;2.625766e-20
1.639666e+02;2.625530e-20
1.640166e+02;2.625294e-20
1.640666e+02;2.625058e-20
1.641166e+02;2.624821e-20
1.641666e+02;2.624585e-20
1.642166e+02;2.624348e-20
1.642666e+02;2.624112e-20
1.643166e+02;2.623875e-20
1.643666e+02;2.623639e-20
1.644166e+02;2.623402e-20
1.644666e+02;2.623166e-20
1.645166e+02;2.622929e-20
1.645666e+02;2.622692e-20
1.646166e+02;2.622456e-20
1.646666e+02;2.622219e-20
1.647166e+02;2.621982e-20
1.647666e+02;2.621745e-20
1.648166e+02;2.621508e-20
1.648666e+02;2.621272e-20
1.649166e+02;2.621035e-20
1.649666e+02;2.620798e-20
1.650166e+02;2.620561e-20
1.650666e+02;2.620324e-20
1.651166e+02;2.620086e-20
1.651666e+02;2.619849e-20
1.652166e+02;2.619612e-20
1.652666e+02;2.619375e-20
1.653166e+02;2.619138e-20
1.653666e+02;2.618901e-20
1.654166e+02;2.618663e-20
1.654666e+02;2.618426e-20
1.655166e+02;2.618189e-20
1.655666e+02;2.617951e-20
1.656166e+02;2.617714e-20
1.656666e+02;2.617476e-20
1.657166e+02;2.617239e-20
1.657666e+02;2.617001e-20
1.658166e+02;2.616764e-20
1.658666e+02;2.616526e-20
1.659166e+02;2.616289e-20
1.659666e+02;2.616051e-20
1.660166e+02;2.615813e-20
1.660666e+02;2.615575e-20
1.661166e+02;2.615338e-20
1.661666e+02;2.615100e-20
1.662166e+02;2.614862e-20
1.662667e+02;2.614624e-20
1.663167e+02;2.614386e-20
1.663667e+02;2.614148e-20
1.664167e+02;2.613910e-20
1.664667e+02;2.613672e-20
1.665167e+02;2.613434e-20
1.665667e+02;2.613196e-20
1.666167e+02;2.612958e-20
1.666667e+02;2.612720e-20
1.667167e+02;2.612482e-20
1.667667e+02;2.612244e-20
1.668167e+02;2.612006e-20
1.668667e+02;2.611767e-20
1.669167e+02;2.611529e-20
1.669667e+02;2.611291e-20
1.670167e+02;2.611052e-20
1.670667e+02;2.610814e-20
1.671167e+02;2.610576e-20
1.671667e+02;2.610337e-20
1.672167e+02;2.610099e-20
1.672667e+02;2.609860e-20
1.673167e+02;2.609622e-20
1.673667e+02;2.609383e-20
1.674167e+02;2.609145e-20
1.674667e+02;2.608906e-20
1.675167e+02;2.608667e-20
1.675667e+02;2.608429e-20
1.676167e+02;2.608190e-20
1.676667e+02;2.607951e-20
1.677167e+02;2.607713e-20
1.677667e+02;2.607474e-20
1.678167e+02;2.607235e-20
1.678667e+02;2.606996e-20
1.679167e+02;2.606757e-20
1.679667e+02;2.606518e-20
1.680167e+02;2.606279e-20
1.680667e+02;2.606040e-20
1.681167e+02;2.605801e-20
1.681667e+02;2.605562e-20
1.682167e+02;2.605323e-20
1.682667e+02;2.605084e-20
1.683167e+02;2.604845e-20
1.683667e+02;2.604606e-20
1.684167e+02;2.604367e-20
1.684667e+02;2.604128e-20
1.685167e+02;2.603888e-20
1.685667e+02;2.603649e-20
1.686167e+02;2.603410e-20
1.686667e+02;2.603171e-20
1.687167e+02;2.602931e-20
1.687668e+02;2.602692e-20
1.688168e+02;2.602453e-20
1.688668e+02;2.602213e-20
1.689168e+02;2.601974e-20
1.689668e+02;2.601734e-20
1.690168e+02;2.601495e-20
1.690668e+02;2.601255e-20
1.691168e+02;2.601016e-20
1.691668e+02;2.600776e-20
1.692168e+02;2.600536e-20
1.692668e+02;2.600297e-20
1.693168e+02;2.600057e-20
1.693668e+02;2.599817e-20
1.694168e+02;2.599578e-20
1.694668e+02;2.599338e-20
1.695168e+02;2.599098e-20
1.695668e+02;2.598858e-20
1.696168e+02;2.598619e-20
1.696668e+02;2.598379e-20
1.697168e+02;2.598139e-20
1.697668e+02;2.597899e-20
1.698168e+02;2.597659e-20
1.698668e+02;2.597419e-20
1.699168e+02;2.597179e-20
1.699668e+02;2.596939e-20
1.700168e+02;2.596699e-20
1.700668e+02;2.596459e-20
1.701168e+02;2.596219e-20
1.701668e+02;2.595979e-20
1.702168e+02;2.595739e-20
1.702668e+02;2.595499e-20
1.703168e+02;2.595258e-20
1.703668e+02;2.595018e-20
1.704168e+02;2.594778e-20
1.704668e+02;2.594538e-20
1.705168e+02;2.594298e-20
1.705668e+02;2.594057e-20
1.706168e+02;2.593817e-20
1.706668e+02;2.593577e-20
1.707168e+02;2.593336e-20
1.707668e+02;2.593096e-20
1.708168e+02;2.592855e-20
1.708668e+02;2.592615e-20
1.709168e+02;2.592374e-20
1.709668e+02;2.592134e-20
1.710168e+02;2.591893e-20
1.710668e+02;2.591653e-20
1.711168e+02;2.591412e-20
1.711668e+02;2.591172e-20
1.712168e+02;2.590931e-20
1.712669e+02;2.590691e-20
1.713169e+02;2.590450e-20
1.713669e+02;2.590209e-20
1.714169e+02;2.589969e-20
1.714669e+02;2.589728e-20
1.715169e+02;2.589487e-20
1.715669e+02;2.589246e-20
1.716169e+02;2.589006e-20
1.716669e+02;2.588765e-20
1.717169e+02;2.588524e-20
1.717669e+02;2.588283e-20
1.718169e+02;2.588042e-20
1.718669e+02;2.587801e-20
1.719169e+02;2.587560e-20
1.719669e+02;2.587319e-20
1.720169e+02;2.587079e-20
1.720669e+02;2.586838e-20
1.721169e+02;2.586597e-20
1.721669e+02;2.586355e-20
1.722169e+02;2.586114e-20
1.722669e+02;2.585873e-20
1.723169e+02;2.585632e-20
1.723669e+02;2.585391e-20
1.724169e+02;2.585150e-20
1.724669e+02;2.584909e-20
1.725169e+02;2.584668e-20
1.725669e+02;2.584427e-20
1.726169e+02;2.584185e-20
1.726669e+02;2.583944e-20
1.727169e+02;2.583703e-20
1.727669e+02;2.583462e-20
1.728169e+02;2.583220e-20
1.728669e+02;2.582979e-20
1.729169e+02;2.582738e-20
1.729669e+02;2.582496e-20
1.730169e+02;2.582255e-20
1.730669e+02;2.582014e-20
1.731169e+02;2.581772e-20
1.731669e+02;2.581531e-20
1.732169e+02;2.581289e-20
1.732669e+02;2.581048e-20
1.733169e+02;2.580806e-20
1.733669e+02;2.580565e-20
1.734169e+02;2.580323e-20
1.734669e+02;2.580082e-20
1.735169e+02;2.579840e-20
1.735669e+02;2.579598e-20
1.736169e+02;2.579357e-20
1.736669e+02;2.579115e-20
1.737169e+02;2.578874e-20
1.737670e+02;2.578632e-20
1.738170e+02;2.578390e-20
1.738670e+02;2.578149e-20
1.739170e+02;2.577907e-20
1.739670e+02;2.577665e-20
1.740170e+02;2.577423e-20
1.740670e+02;2.577182e-20
1.741170e+02;2.576940e-20
1.741670e+02;2.576698e-20
1.742170e+02;2.576456e-20
1.742670e+02;2.576214e-20
1.743170e+02;2.575972e-20
1.743670e+02;2.575731e-20
1.744170e+02;2.575489e-20
1.744670e+02;2.575247e-20
1.745170e+02;2.575005e-20
1.745670e+02;2.574763e-20
1.746170e+02;2.574521e-20
1.746670e+02;2.574279e-20
1.747170e+02;2.574037e-20
1.747670e+02;2.573795e-20
1.748170e+02;2.573553e-20
1.748670e+02;2.573311e-20
1.749170e+02;2.573069e-20
1.749670e+02;2.572827e-20
1.750170e+02;2.572585e-20
1.750670e+02;2.572342e-20
1.751170e+02;2.572100e-20
1.751670e+02;2.571858e-20
1.752170e+02;2.571616e-20
1.752670e+02;2.571374e-20
1.753170e+02;2.571132e-20
1.753670e+02;2.570889e-20
1.754170e+02;2.570647e-20
1.754670e+02;2.570405e-20
1.755170e+02;2.570163e-20
1.755670e+02;2.569920e-20
1.756170e+02;2.569678e-20
1.756670e+02;2.569436e-20
1.757170e+02;2.569193e-20
1.757670e+02;2.568951e-20
1.758170e+02;2.568709e-20
1.758670e+02;2.568466e-20
1.759170e+02;2.568224e-20
1.759670e+02;2.567982e-20
1.760170e+02;2.567739e-20
1.760670e+02;2.567497e-20
1.761170e+02;2.567254e-20
1.761670e+02;2.567012e-20
1.762170e+02;2.566769e-20
1.762671e+02;2.566527e-20
1.763171e+02;2.566284e-20
1.763671e+02;2.566042e-20
1.764171e+02;2.565799e-20
1.764671e+02;2.565557e-20
1.765171e+02;2.565314e-20
1.765671e+02;2.565072e-20
1.766171e+02;2.564829e-20
1.766671e+02;2.564586e-20
1.767171e+02;2.564344e-20
1.767671e+02;2.564101e-20
1.768171e+02;2.563858e-20
1.768671e+02;2.563616e-20
1.769171e+02;2.563373e-20
1.769671e+02;2.563130e-20
1.770171e+02;2.562888e-20
1.770671e+02;2.562645e-20
1.771171e+02;2.562402e-20
1.771671e+02;2.562160e-20
1.772171e+02;2.561917e-20
1.772671e+02;2.561674e-20
1.773171e+02;2.561431e-20
1.773671e+02;2.561188e-20
1.774171e+02;2.560946e-20
1.774671e+02;2.560703e-20
1.775171e+02;2.560460e-20
1.775671e+02;2.560217e-20
1.776171e+02;2.559974e-20
1.776671e+02;2.559731e-20
1.777171e+02;2.559488e-20
1.777671e+02;2.559246e-20
1.778171e+02;2.559003e-20
1.778671e+02;2.558760e-20
1.779171e+02;2.558517e-20
1.779671e+02;2.558274e-20
1.780171e+02;2.558031e-20
1.780671e+02;2.557788e-20
1.781171e+02;2.557545e-20
1.781671e+02;2.557302e-20
1.782171e+02;2.557059e-20
1.782671e+02;2.556816e-20
1.783171e+02;2.556573e-20
1.783671e+02;2.556330e-20
1.784171e+02;2.556087e-20
1.784671e+02;2.555844e-20
1.785171e+02;2.555601e-20
1.785671e+02;2.555358e-20
1.786171e+02;2.555115e-20
1.786671e+02;2.554871e-20
1.787171e+02;2.554628e-20
1.787672e+02;2.554385e-20
1.788172e+02;2.554142e-20
1.788672e+02;2.553899e-20
1.789172e+02;2.553656e-20
1.789672e+02;2.553413e-20
1.790172e+02;2.553169e-20
1.790672e+02;2.552926e-20
1.791172e+02;2.552683e-20
1.791672e+02;2.552440e-20
1.792172e+02;2.552197e-20
1.792672e+02;2.551953e-20
1.793172e+02;2.551710e-20
1.793672e+02;2.551467e-20
1.794172e+02;2.551224e-20
1.794672e+02;2.550980e-20
1.795172e+02;2.550737e-20
1.795672e+02;2.550494e-20
1.796172e+02;2.550250e-20
1.796672e+02;2.550007e-20
1.797172e+02;2.549764e-20
1.797672e+02;2.549520e-20
1.798172e+02;2.549277e-20
1.798672e+02;2.549034e-20
1.799172e+02;2.548790e-20
1.799672e+02;2.548547e-20
1.800172e+02;2.548304e-20
1.800672e+02;2.548060e-20
1.801172e+02;2.547817e-20
1.801672e+02;2.547573e-20
1.802172e+02;2.547330e-20
1.802672e+02;2.547087e-20
1.803172e+02;2.546843e-20
1.803672e+02;2.546600e-20
1.804172e+02;2.546356e-20
1.804672e+02;2.546113e-20
1.805172e+02;2.545869e-20
1.805672e+02;2.545626e-20
1.806172e+02;2.545382e-20
1.806672e+02;2.545139e-20
1.807172e+02;2.544895e-20
1.807672e+02;2.544652e-20
1.808172e+02;2.544408e-20
1.808672e+02;2.544165e-20
1.809172e+02;2.543921e-20
1.809672e+02;2.543678e-20
1.810172e+02;2.543434e-20
1.810672e+02;2.543191e-20
1.811172e+02;2.542947e-20
1.811672e+02;2.542704e-20
1.812172e+02;2.542460e-20
1.812673e+02;2.542216e-20
1.813173e+02;2.541973e-20
1.813673e+02;2.541729e-20
1.814173e+02;2.541486e-20
1.814673e+02;2.541242e-20
1.815173e+02;2.540998e-20
1.815673e+02;2.540755e-20
1.816173e+02;2.540511e-20
1.816673e+02;2.540267e-20
1.817173e+02;2.540024e-20
1.817673e+02;2.539780e-20
1.818173e+02;2.539536e-20
1.818673e+02;2.539293e-20
1.819173e+02;2.539049e-20
1.819673e+02;2.538805e-20
1.820173e+02;2.538562e-20
1.820673e+02;2.538318e-20
1.821173e+02;2.538074e-20
1.821673e+02;2.537831e-20
1.822173e+02;2.537587e-20
1.822673e+02;2.537343e-20
1.823173e+02;2.537099e-20
1.823673e+02;2.536856e-20
1.824173e+02;2.536612e-20
1.824673e+02;2.536368e-20
1.825173e+02;2.536125e-20
1.825673e+02;2.535881e-20
1.826173e+02;2.535637e-20
1.826673e+02;2.535393e-20
1.827173e+02;2.535149e-20
1.827673e+02;2.534906e-20
1.828173e+02;2.534662e-20
1.828673e+02;2.534418e-20
1.829173e+02;2.534174e-20
1.829673e+02;2.533931e-20
1.830173e+02;2.533687e-20
1.830673e+02;2.533443e-20
1.831173e+02;2.533199e-20
1.831673e+02;2.532955e-20
1.832173e+02;2.532711e-20
1.832673e+02;2.532468e-20
1.833173e+02;2.532224e-20
1.833673e+02;2.531980e-20
1.834173e+02;2.531736e-20
1.834673e+02;2.531492e-20
1.835173e+02;2.531248e-20
1.835673e+02;2.531005e-20
1.836173e+02;2.530761e-20
1.836673e+02;2.530517e-20
1.837173e+02;2.530273e-20
1.837674e+02;2.530029e-20
1.838174e+02;2.529785e-20
1.838674e+02;2.529541e-20
1.839174e+02;2.529297e-20
1.839674e+02;2.529054e-20
1.840174e+02;2.528810e-20
1.840674e+02;2.528566e-20
1.841174e+02;2.528322e-20
1.841674e+02;2.528078e-20
1.842174e+02;2.527834e-20
1.842674e+02;2.527590e-20
1.843174e+02;2.527346e-20
1.843674e+02;2.527102e-20
1.844174e+02;2.526858e-20
1.844674e+02;2.526614e-20
1.845174e+02;2.526370e-20
1.845674e+02;2.526127e-20
1.846174e+02;2.525883e-20
1.846674e+02;2.525639e-20
1.847174e+02;2.525395e-20
1.847674e+02;2.525151e-20
1.848174e+02;2.524907e-20
1.848674e+02;2.524663e-20
1.849174e+02;2.524419e-20
1.849674e+02;2.524175e-20
1.850174e+02;2.523931e-20
1.850674e+02;2.523687e-20
1.851174e+02;2.523443e-20
1.851674e+02;2.523199e-20
1.852174e+02;2.522955e-20
1.852674e+02;2.522711e-20
1.853174e+02;2.522467e-20
1.853674e+02;2.522223e-20
1.854174e+02;2.521979e-20
1.854674e+02;2.521735e-20
1.855174e+02;2.521491e-20
1.855674e+02;2.521247e-20
1.856174e+02;2.521003e-20
1.856674e+02;2.520759e-20
1.857174e+02;2.520515e-20
1.857674e+02;2.520271e-20
1.858174e+02;2.520027e-20
1.858674e+02;2.519783e-20
1.859174e+02;2.519539e-20
1.859674e+02;2.519295e-20
1.860174e+02;2.519051e-20
1.860674e+02;2.518807e-20
1.861174e+02;2.518563e-20
1.861674e+02;2.518319e-20
1.862174e+02;2.518075e-20
1.862675e+02;2.517831e-20
1.863175e+02;2.517587e-20
1.863675e+02;2.517343e-20
1.864175e+02;2.517099e-20
1.864675e+02;2.516855e-20
1.865175e+02;2.516611e-20
1.865675e+02;2.516367e-20
1.866175e+02;2.516123e-20
1.866675e+02;2.515879e-20
1.867175e+02;2.515635e-20
1.867675e+02;2.515391e-20
1.868175e+02;2.515147e-20
1.868675e+02;2.514903e-20
1.869175e+02;2.514659e-20
1.869675e+02;2.514415e-20
1.870175e+02;2.514171e-20
1.870675e+02;2.513927e-20
1.871175e+02;2.513683e-20
1.871675e+02;2.513439e-20
1.872175e+02;2.513195e-20
1.872675e+02;2.512951e-20
1.873175e+02;2.512707e-20
1.873675e+02;2.512463e-20
1.874175e+02;2.512219e-20
1.874675e+02;2.511975e-20
1.875175e+02;2.511731e-20
1.875675e+02;2.511487e-20
1.876175e+02;2.511243e-20
1.876675e+02;2.510999e-20
1.877175e+02;2.510755e-20
1.877675e+02;2.510511e-20
1.878175e+02;2.510267e-20
1.878675e+02;2.510023e-20
1.879175e+02;2.509778e-20
1.879675e+02;2.509534e-20
1.880175e+02;2.509290e-20
1.880675e+02;2.509046e-20
1.881175e+02;2.508802e-20
1.881675e+02;2.508558e-20
1.882175e+02;2.508314e-20
1.882675e+02;2.508070e-20
1.883175e+02;2.507826e-20
1.883675e+02;2.507582e-20
1.884175e+02;2.507338e-20
1.884675e+02;2.507094e-20
1.885175e+02;2.506850e-20
1.885675e+02;2.506606e-20
1.886175e+02;2.506362e-20
1.886675e+02;2.506118e-20
1.887175e+02;2.505874e-20
1.887676e+02;2.505630e-20
1.888176e+02;2.505386e-20
1.888676e+02;2.505142e-20
1.889176e+02;2.504898e-20
1.889676e+02;2.504654e-20
1.890176e+02;2.504410e-20
1.890676e+02;2.504166e-20
1.891176e+02;2.503922e-20
1.891676e+02;2.503678e-20
1.892176e+02;2.503434e-20
1.892676e+02;2.503190e-20
1.893176e+02;2.502946e-20
1.893676e+02;2.502702e-20
1.894176e+02;2.502458e-20
1.894676e+02;2.502214e-20
1.895176e+02;2.501970e-20
1.895676e+02;2.501726e-20
1.896176e+02;2.501482e-20
1.896676e+02;2.501238e-20
1.897176e+02;2.500994e-20
1.897676e+02;2.500751e-20
1.898176e+02;2.500507e-20
1.898676e+02;2.500263e-20
1.899176e+02;2.500019e-20
1.899676e+02;2.499775e-20
1.900176e+02;2.499531e-20
1.900676e+02;2.499287e-20
1.901176e+02;2.499043e-20
1.901676e+02;2.498799e-20
1.902176e+02;2.498555e-20
1.902676e+02;2.498311e-20
1.903176e+02;2.498067e-20
1.903676e+02;2.497823e-20
1.904176e+02;2.497579e-20
1.904676e+02;2.497335e-20
1.905176e+02;2.497091e-20
1.905676e+02;2.496847e-20
1.906176e+02;2.496604e-20
1.906676e+02;2.496360e-20
1.907176e+02;2.496116e-20
1.907676e+02;2.495872e-20
1.908176e+02;2.495628e-20
1.908676e+02;2.495384e-20
1.909176e+02;2.495140e-20
1.909676e+02;2.494896e-20
1.910176e+02;2.494652e-20
1.910676e+02;2.494409e-20
1.911176e+02;2.494165e-20
1.911676e+02;2.493921e-20
1.912176e+02;2.493677e-20
1.912677e+02;2.493433e-20
1.913177e+02;2.493189e-20
1.913677e+02;2.492945e-20
1.914177e+02;2.492701e-20
1.914677e+02;2.492458e-20
1.915177e+02;2.492214e-20
1.915677e+02;2.491970e-20
1.916177e+02;2.491726e-20
1.916677e+02;2.491482e-20
1.917177e+02;2.491238e-20
1.917677e+02;2.490995e-20
1.918177e+02;2.490751e-20
1.918677e+02;2.490507e-20
1.919177e+02;2.490263e-20
1.919677e+02;2.490019e-20
1.920177e+02;2.489776e-20
1.920677e+02;2.489532e-20
1.921177e+02;2.489288e-20
1.921677e+02;2.489044e-20
1.922177e+02;2.488800e-20
1.922677e+02;2.488557e-20
1.923177e+02;2.488313e-20
1.923677e+02;2.488069e-20
1.924177e+02;2.487825e-20
1.924677e+02;2.487582e-20
1.925177e+02;2.487338e-20
1.925677e+02;2.487094e-20
1.926177e+02;2.486850e-20
1.926677e+02;2.486607e-20
1.927177e+02;2.486363e-20
1.927677e+02;2.486119e-20
1.928177e+02;2.485875e-20
1.928677e+02;2.485632e-20
1.929177e+02;2.485388e-20
1.929677e+02;2.485144e-20
1.930177e+02;2.484901e-20
1.930677e+02;2.484657e-20
1.931177e+02;2.484413e-20
1.931677e+02;2.484170e-20
1.932177e+02;2.483926e-20
1.932677e+02;2.483682e-20
1.933177e+02;2.483439e-20
1.933677e+02;2.483195e-20
1.934177e+02;2.482951e-20
1.934677e+02;2.482708e-20
1.935177e+02;2.482464e-20
1.935677e+02;2.482220e-20
1.936177e+02;2.481977e-20
1.936677e+02;2.481733e-20
1.937177e+02;2.481489e-20
1.937678e+02;2.481246e-20
1.938178e+02;2.481002e-20
1.938678e+02;2.480759e-20
1.939178e+02;2.480515e-20
1.939678e+02;2.480272e-20
1.940178e+02;2.480028e-20
1.940678e+02;2.479784e-20
1.941178e+02;2.479541e-20
1.941678e+02;2.479297e-20
1.942178e+02;2.479054e-20
1.942678e+02;2.478810e-20
1.943178e+02;2.478567e-20
1.943678e+02;2.478323e-20
1.944178e+02;2.478080e-20
1.944678e+02;2.477836e-20
1.945178e+02;2.477593e-20
1.945678e+02;2.477349e-20
1.946178e+02;2.477106e-20
1.946678e+02;2.476862e-20
1.947178e+02;2.476619e-20
1.947678e+02;2.476375e-20
1.948178e+02;2.476132e-20
1.948678e+02;2.475888e-20
1.949178e+02;2.475645e-20
1.949678e+02;2.475401e-20
1.950178e+02;2.475158e-20
1.950678e+02;2.474915e-20
1.951178e+02;2.474671e-20
1.951678e+02;2.474428e-20
1.952178e+02;2.474184e-20
1.952678e+02;2.473941e-20
1.953178e+02;2.473698e-20
1.953678e+02;2.473454e-20
1.954178e+02;2.473211e-20
1.954678e+02;2.472967e-20
1.955178e+02;2.472724e-20
1.955678e+02;2.472481e-20
1.956178e+02;2.472237e-20
1.956678e+02;2.471994e-20
1.957178e+02;2.471751e-20
1.957678e+02;2.471507e-20
1.958178e+02;2.471264e-20
1.958678e+02;2.471021e-20
1.959178e+02;2.470778e-20
1.959678e+02;2.470534e-20
1.960178e+02;2.470291e-20
1.960678e+02;2.470048e-20
1.961178e+02;2.469804e-20
1.961678e+02;2.469561e-20
1.962178e+02;2.469318e-20
1.962679e+02;2.469075e-20
1.963179e+02;2.468831e-20
1.963679e+02;2.468588e-20
1.964179e+02;2.468345e-20
1.964679e+02;2.468102e-20
1.965179e+02;2.467859e-20
1.965679e+02;2.467616e-20
1.966179e+02;2.467372e-20
1.966679e+02;2.467129e-20
1.967179e+02;2.466886e-20
1.967679e+02;2.466643e-20
1.968179e+02;2.466400e-20
1.968679e+02;2.466157e-20
1.969179e+02;2.465914e-20
1.969679e+02;2.465670e-20
1.970179e+02;2.465427e-20
1.970679e+02;2.465184e-20
1.971179e+02;2.464941e-20
1.971679e+02;2.464698e-20
1.972179e+02;2.464455e-20
1.972679e+02;2.464212e-20
1.973179e+02;2.463969e-20
1.973679e+02;2.463726e-20
1.974179e+02;2.463483e-20
1.974679e+02;2.463240e-20
1.975179e+02;2.462997e-20
1.975679e+02;2.462754e-20
1.976179e+02;2.462511e-20
1.976679e+02;2.462268e-20
1.977179e+02;2.462025e-20
1.977679e+02;2.461782e-20
1.978179e+02;2.461539e-20
1.978679e+02;2.461296e-20
1.979179e+02;2.461053e-20
1.979679e+02;2.460810e-20
1.980179e+02;2.460567e-20
1.980679e+02;2.460324e-20
1.981179e+02;2.460082e-20
1.981679e+02;2.459839e-20
1.982179e+02;2.459596e-20
1.982679e+02;2.459353e-20
1.983179e+02;2.459110e-20
1.983679e+02;2.458867e-20
1.984179e+02;2.458624e-20
1.984679e+02;2.458382e-20
1.985179e+02;2.458139e-20
1.985679e+02;2.457896e-20
1.986179e+02;2.457653e-20
1.986679e+02;2.457410e-20
1.987179e+02;2.457168e-20
1.987680e+02;2.456925e-20
1.988180e+02;2.456682e-20
1.988680e+02;2.456439e-20
1.989180e+02;2.456197e-20
1.989680e+02;2.455954e-20
1.990180e+02;2.455711e-20
1.990680e+02;2.455469e-20
1.991180e+02;2.455226e-20
1.991680e+02;2.454983e-20
1.992180e+02;2.454741e-20
1.992680e+02;2.454498e-20
1.993180e+02;2.454255e-20
1.993680e+02;2.454013e-20
1.994180e+02;2.453770e-20
1.994680e+02;2.453528e-20
1.995180e+02;2.453285e-20
1.995680e+02;2.453042e-20
1.996180e+02;2.452800e-20
1.996680e+02;2.452557e-20
1.997180e+02;2.452315e-20
1.997680e+02;2.452072e-20
1.998180e+02;2.451830e-20
1.998680e+02;2.451587e-20
1.999180e+02;2.451345e-20
1.999680e+02;2.451102e-20
2.000180e+02;2.450860e-20
2.000680e+02;2.450617e-20
2.001180e+02;2.450375e-20
2.001680e+02;2.450132e-20
2.002180e+02;2.449890e-20
2.002680e+02;2.449647e-20
2.003180e+02;2.449405e-20
2.003680e+02;2.449163e-20
2.004180e+02;2.448920e-20
2.004680e+02;2.448678e-20
2.005180e+02;2.448436e-20
2.005680e+02;2.448193e-20
2.006180e+02;2.447951e-20
2.006680e+02;2.447709e-20
2.007180e+02;2.447466e-20
2.007680e+02;2.447224e-20
2.008180e+02;2.446982e-20
2.008680e+02;2.446739e-20
2.009180e+02;2.446497e-20
2.009680e+02;2.446255e-20
2.010180e+02;2.446013e-20
2.010680e+02;2.445770e-20
2.011180e+02;2.445528e-20
2.011680e+02;2.445286e-20
2.012180e+02;2.445044e-20
2.012681e+02;2.444802e-20
2.013181e+02;2.444559e-20
2.013681e+02;2.444317e-20
2.014181e+02;2.444075e-20
2.014681e+02;2.443833e-20
2.015181e+02;2.443591e-20
2.015681e+02;2.443349e-20
2.016181e+02;2.443107e-20
2.016681e+02;2.442865e-20
2.017181e+02;2.442623e-20
2.017681e+02;2.442381e-20
2.018181e+02;2.442138e-20
2.018681e+02;2.441896e-20
2.019181e+02;2.441654e-20
2.019681e+02;2.441412e-20
2.020181e+02;2.441170e-20
2.020681e+02;2.440928e-20
2.021181e+02;2.440687e-20
2.021681e+02;2.440445e-20
2.022181e+02;2.440203e-20
2.022681e+02;2.439961e-20
2.023181e+02;2.439719e-20
2.023681e+02;2.439477e-20
2.024181e+02;2.439235e-20
2.024681e+02;2.438993e-20
2.025181e+02;2.438751e-20
2.025681e+02;2.438509e-20
2.026181e+02;2.438268e-20
2.026681e+02;2.438026e-20
2.027181e+02;2.437784e-20
2.027681e+02;2.437542e-20
2.028181e+02;2.437300e-20
2.028681e+02;2.437059e-20
2.029181e+02;2.436817e-20
2.029681e+02;2.436575e-20
2.030181e+02;2.436333e-20
2.030681e+02;2.436092e-20
2.031181e+02;2.435850e-20
2.031681e+02;2.435608e-20
2.032181e+02;2.435367e-20
2.032681e+02;2.435125e-20
2.033181e+02;2.434883e-20
2.033681e+02;2.434642e-20
2.034181e+02;2.434400e-20
2.034681e+02;2.434159e-20
2.035181e+02;2.433917e-20
2.035681e+02;2.433675e-20
2.036181e+02;2.433434e-20
2.036681e+02;2.433192e-20
2.037181e+02;2.432951e-20
2.037682e+02;2.432709e-20
2.038182e+02;2.432468e-20
2.038682e+02;2.432226e-20
2.039182e+02;2.431985e-20
2.039682e+02;2.431743e-20
2.040182e+02;2.431502e-20
2.040682e+02;2.431261e-20
2.041182e+02;2.431019e-20
2.041682e+02;2.430778e-20
2.042182e+02;2.430536e-20
2.042682e+02;2.430295e-20
2.043182e+02;2.430054e-20
2.043682e+02;2.429812e-20
2.044182e+02;2.429571e-20
2.044682e+02;2.429330e-20
2.045182e+02;2.429088e-20
2.045682e+02;2.428847e-20
2.046182e+02;2.428606e-20
2.046682e+02;2.428365e-20
2.047182e+02;2.428123e-20
2.047682e+02;2.427882e-20
2.048182e+02;2.427641e-20
2.048682e+02;2.427400e-20
2.049182e+02;2.427158e-20
2.049682e+02;2.426917e-20
2.050182e+02;2.426676e-20
2.050682e+02;2.426435e-20
2.051182e+02;2.426194e-20
2.051682e+02;2.425953e-20
2.052182e+02;2.425712e-20
2.052682e+02;2.425471e-20
2.053182e+02;2.425230e-20
2.053682e+02;2.424989e-20
2.054182e+02;2.424747e-20
2.054682e+02;2.424506e-20
2.055182e+02;2.424265e-20
2.055682e+02;2.424024e-20
2.056182e+02;2.423784e-20
2.056682e+02;2.423543e-20
2.057182e+02;2.423302e-20
2.057682e+02;2.423061e-20
2.058182e+02;2.422820e-20
2.058682e+02;2.422579e-20
2.059182e+02;2.422338e-20
2.059682e+02;2.422097e-20
2.060182e+02;2.421856e-20
2.060682e+02;2.421615e-20
2.061182e+02;2.421375e-20
2.061682e+02;2.421134e-20
2.062182e+02;2.420893e-20
2.062683e+02;2.420652e-20
2.063183e+02;2.420412e-20
2.063683e+02;2.420171e-20
2.064183e+02;2.419930e-20
2.064683e+02;2.419689e-20
2.065183e+02;2.419449e-20
2.065683e+02;2.419208e-20
2.066183e+02;2.418967e-20
2.066683e+02;2.418727e-20
2.067183e+02;2.418486e-20
2.067683e+02;2.418246e-20
2.068183e+02;2.418005e-20
2.068683e+02;2.417764e-20
2.069183e+02;2.417524e-20
2.069683e+02;2.417283e-20
2.070183e+02;2.417043e-20
2.070683e+02;2.416802e-20
2.071183e+02;2.416562e-20
2.071683e+02;2.416321e-20
2.072183e+02;2.416081e-20
2.072683e+02;2.415840e-20
2.073183e+02;2.415600e-20
2.073683e+02;2.415359e-20
2.074183e+02;2.415119e-20
2.074683e+02;2.414879e-20
2.075183e+02;2.414638e-20
2.075683e+02;2.414398e-20
2.076183e+02;2.414158e-20
2.076683e+02;2.413917e-20
2.077183e+02;2.413677e-20
2.077683e+02;2.413437e-20
2.078183e+02;2.413196e-20
2.078683e+02;2.412956e-20
2.079183e+02;2.412716e-20
2.079683e+02;2.412476e-20
2.080183e+02;2.412236e-20
2.080683e+02;2.411995e-20
2.081183e+02;2.411755e-20
2.081683e+02;2.411515e-20
2.082183e+02;2.411275e-20
2.082683e+02;2.411035e-20
2.083183e+02;2.410795e-20
2.083683e+02;2.410555e-20
2.084183e+02;2.410315e-20
2.084683e+02;2.410075e-20
2.085183e+02;2.409835e-20
2.085683e+02;2.409594e-20
2.086183e+02;2.409354e-20
2.086683e+02;2.409115e-20
2.087183e+02;2.408875e-20
2.087684e+02;2.408635e-20
2.088184e+02;2.408395e-20
2.088684e+02;2.408155e-20
2.089184e+02;2.407915e-20
2.089684e+02;2.407675e-20
2.090184e+02;2.407435e-20
2.090684e+02;2.407195e-20
2.091184e+02;2.406955e-20
2.091684e+02;2.406716e-20
2.092184e+02;2.406476e-20
2.092684e+02;2.406236e-20
2.093184e+02;2.405996e-20
2.093684e+02;2.405757e-20
2.094184e+02;2.405517e-20
2.094684e+02;2.405277e-20
2.095184e+02;2.405038e-20
2.095684e+02;2.404798e-20
2.096184e+02;2.404558e-20
2.096684e+02;2.404319e-20
2.097184e+02;2.404079e-20
2.097684e+02;2.403839e-20
2.098184e+02;2.403600e-20
2.098684e+02;2.403360e-20
2.099184e+02;2.403121e-20
2.099684e+02;2.402881e-20
2.100184e+02;2.402642e-20
2.100684e+02;2.402402e-20
2.101184e+02;2.402163e-20
2.101684e+02;2.401923e-20
2.102184e+02;2.401684e-20
2.102684e+02;2.401444e-20
2.103184e+02;2.401205e-20
2.103684e+02;2.400966e-20
2.104184e+02;2.400726e-20
2.104684e+02;2.400487e-20
2.105184e+02;2.400248e-20
2.105684e+02;2.400008e-20
2.106184e+02;2.399769e-20
2.106684e+02;2.399530e-20
2.107184e+02;2.399290e-20
2.107684e+02;2.399051e-20
2.108184e+02;2.398812e-20
2.108684e+02;2.398573e-20
2.109184e+02;2.398334e-20
2.109684e+02;2.398094e-20
2.110184e+02;2.397855e-20
2.110684e+02;2.397616e-20
2.111184e+02;2.397377e-20
2.111684e+02;2.397138e-20
2.112184e+02;2.396899e-20
2.112685e+02;2.396660e-20
2.113185e+02;2.396421e-20
2.113685e+02;2.396182e-20
2.114185e+02;2.395943e-20
2.114685e+02;2.395704e-20
2.115185e+02;2.395465e-20
2.115685e+02;2.395226e-20
2.116185e+02;2.394987e-20
2.116685e+02;2.394748e-20
2.117185e+02;2.394509e-20
2.117685e+02;2.394270e-20
2.118185e+02;2.394031e-20
2.118685e+02;2.393793e-20
2.119185e+02;2.393554e-20
2.119685e+02;2.393315e-20
2.120185e+02;2.393076e-20
2.120685e+02;2.392837e-20
2.121185e+02;2.392599e-20
2.121685e+02;2.392360e-20
2.122185e+02;2.392121e-20
2.122685e+02;2.391883e-20
2.123185e+02;2.391644e-20
2.123685e+02;2.391405e-20
2.124185e+02;2.391167e-20
2.124685e+02;2.390928e-20
2.125185e+02;2.390690e-20
2.125685e+02;2.390451e-20
2.126185e+02;2.390212e-20
2.126685e+02;2.389974e-20
2.127185e+02;2.389735e-20
2.127685e+02;2.389497e-20
2.128185e+02;2.389258e-20
2.128685e+02;2.389020e-20
2.129185e+02;2.388782e-20
2.129685e+02;2.388543e-20
2.130185e+02;2.388305e-20
2.130685e+02;2.388066e-20
2.131185e+02;2.387828e-20
2.131685e+02;2.387590e-20
2.132185e+02;2.387351e-20
2.132685e+02;2.387113e-20
2.133185e+02;2.386875e-20
2.133685e+02;2.386637e-20
2.134185e+02;2.386398e-20
2.134685e+02;2.386160e-20
2.135185e+02;2.385922e-20
2.135685e+02;2.385684e-20
2.136185e+02;2.385446e-20
2.136685e+02;2.385207e-20
2.137185e+02;2.384969e-20
2.137686e+02;2.384731e-20
2.138186e+02;2.384493e-20
2.138686e+02;2.384255e-20
2.139186e+02;2.384017e-20
2.139686e+02;2.383779e-20
2.140186e+02;2.383541e-20
2.140686e+02;2.383303e-20
2.141186e+02;2.383065e-20
2.141686e+02;2.382827e-20
2.142186e+02;2.382589e-20
2.142686e+02;2.382351e-20
2.143186e+02;2.382113e-20
2.143686e+02;2.381876e-20
2.144186e+02;2.381638e-20
2.144686e+02;2.381400e-20
2.145186e+02;2.381162e-20
2.145686e+02;2.380924e-20
2.146186e+02;2.380687e-20
2.146686e+02;2.380449e-20
2.147186e+02;2.380211e-20
2.147686e+02;2.379973e-20
2.148186e+02;2.379736e-20
2.148686e+02;2.379498e-20
2.149186e+02;2.379260e-20
2.149686e+02;2.379023e-20
2.150186e+02;2.378785e-20
2.150686e+02;2.378548e-20
2.151186e+02;2.378310e-20
2.151686e+02;2.378073e-20
2.152186e+02;2.377835e-20
2.152686e+02;2.377598e-20
2.153186e+02;2.377360e-20
2.153686e+02;2.377123e-20
2.154186e+02;2.376885e-20
2.154686e+02;2.376648e-20
2.155186e+02;2.376410e-20
2.155686e+02;2.376173e-20
2.156186e+02;2.375936e-20
2.156686e+02;2.375698e-20
2.157186e+02;2.375461e-20
2.157686e+02;2.375224e-20
2.158186e+02;2.374986e-20
2.158686e+02;2.374749e-20
2.159186e+02;2.374512e-20
2.159686e+02;2.374275e-20
2.160186e+02;2.374038e-20
2.160686e+02;2.373800e-20
2.161186e+02;2.373563e-20
2.161686e+02;2.373326e-20
2.162186e+02;2.373089e-20
2.162687e+02;2.372852e-20
2.163187e+02;2.372615e-20
2.163687e+02;2.372378e-20
2.164187e+02;2.372141e-20
2.164687e+02;2.371904e-20
2.165187e+02;2.371667e-20
2.165687e+02;2.371430e-20
2.166187e+02;2.371193e-20
2.166687e+02;2.370956e-20
2.167187e+02;2.370719e-20
2.167687e+02;2.370482e-20
2.168187e+02;2.370245e-20
2.168687e+02;2.370009e-20
2.169187e+02;2.369772e-20
2.169687e+02;2.369535e-20
2.170187e+02;2.369298e-20
2.170687e+02;2.369061e-20
2.171187e+02;2.368825e-20
2.171687e+02;2.368588e-20
2.172187e+02;2.368351e-20
2.172687e+02;2.368115e-20
2.173187e+02;2.367878e-20
2.173687e+02;2.367641e-20
2.174187e+02;2.367405e-20
2.174687e+02;2.367168e-20
2.175187e+02;2.366932e-20
2.175687e+02;2.366695e-20
2.176187e+02;2.366459e-20
2.176687e+02;2.366222e-20
2.177187e+02;2.365986e-20
2.177687e+02;2.365749e-20
2.178187e+02;2.365513e-20
2.178687e+02;2.365276e-20
2.179187e+02;2.365040e-20
2.179687e+02;2.364804e-20
2.180187e+02;2.364567e-20
2.180687e+02;2.364331e-20
2.181187e+02;2.364095e-20
2.181687e+02;2.363858e-20
2.182187e+02;2.363622e-20
2.182687e+02;2.363386e-20
2.183187e+02;2.363150e-20
2.183687e+02;2.362913e-20
2.184187e+02;2.362677e-20
2.184687e+02;2.362441e-20
2.185187e+02;2.362205e-20
2.185687e+02;2.361969e-20
2.186187e+02;2.361733e-20
2.186687e+02;2.361497e-20
2.187187e+02;2.361261e-20
2.187688e+02;2.361025e-20
2.188188e+02;2.360789e-20
2.188688e+02;2.360553e-20
2.189188e+02;2.360317e-20
2.189688e+02;2.360081e-20
2.190188e+02;2.359845e-20
2.190688e+02;2.359609e-20
2.191188e+02;2.359373e-20
2.191688e+02;2.359137e-20
2.192188e+02;2.358902e-20
2.192688e+02;2.358666e-20
2.193188e+02;2.358430e-20
2.193688e+02;2.358194e-20
2.194188e+02;2.357959e-20
2.194688e+02;2.357723e-20
2.195188e+02;2.357487e-20
2.195688e+02;2.357251e-20
2.196188e+02;2.357016e-20
2.196688e+02;2.356780e-20
2.197188e+02;2.356545e-20
2.197688e+02;2.356309e-20
2.198188e+02;2.356073e-20
2.198688e+02;2.355838e-20
2.199188e+02;2.355602e-20
2.199688e+02;2.355367e-20
2.200188e+02;2.355132e-20
2.200688e+02;2.354896e-20
2.201188e+02;2.354661e-20
2.201688e+02;2.354425e-20
2.202188e+02;2.354190e-20
2.202688e+02;2.353955e-20
2.203188e+02;2.353719e-20
2.203688e+02;2.353484e-20
2.204188e+02;2.353249e-20
2.204688e+02;2.353013e-20
2.205188e+02;2.352778e-20
2.205688e+02;2.352543e-20
2.206188e+02;2.352308e-20
2.206688e+02;2.352073e-20
2.207188e+02;2.351837e-20
2.207688e+02;2.351602e-20
2.208188e+02;2.351367e-20
2.208688e+02;2.351132e-20
2.209188e+02;2.350897e-20
2.209688e+02;2.350662e-20
2.210188e+02;2.350427e-20
2.210688e+02;2.350192e-20
2.211188e+02;2.349957e-20
2.211688e+02;2.349722e-20
2.212188e+02;2.349487e-20
2.212689e+02;2.349252e-20
2.213189e+02;2.349017e-20
2.213689e+02;2.348783e-20
2.214189e+02;2.348548e-20
2.214689e+02;2.348313e-20
2.215189e+02;2.348078e-20
2.215689e+02;2.347843e-20
2.216189e+02;2.347609e-20
2.216689e+02;2.347374e-20
2.217189e+02;2.347139e-20
2.217689e+02;2.346905e-20
2.218189e+02;2.346670e-20
2.218689e+02;2.346435e-20
2.219189e+02;2.346201e-20
2.219689e+02;2.345966e-20
2.220189e+02;2.345732e-20
2.220689e+02;2.345497e-20
2.221189e+02;2.345262e-20
2.221689e+02;2.345028e-20
2.222189e+02;2.344794e-20
2.222689e+02;2.344559e-20
2.223189e+02;2.344325e-20
2.223689e+02;2.344090e-20
2.224189e+02;2.343856e-20
2.224689e+02;2.343622e-20
2.225189e+02;2.343387e-20
2.225689e+02;2.343153e-20
2.226189e+02;2.342919e-20
2.226689e+02;2.342684e-20
2.227189e+02;2.342450e-20
2.227689e+02;2.342216e-20
2.228189e+02;2.341982e-20
2.228689e+02;2.341748e-20
2.229189e+02;2.341514e-20
2.229689e+02;2.341279e-20
2.230189e+02;2.341045e-20
2.230689e+02;2.340811e-20
2.231189e+02;2.340577e-20
2.231689e+02;2.340343e-20
2.232189e+02;2.340109e-20
2.232689e+02;2.339875e-20
2.233189e+02;2.339641e-20
2.233689e+02;2.339407e-20
2.234189e+02;2.339173e-20
2.234689e+02;2.338940e-20
2.235189e+02;2.338706e-20
2.235689e+02;2.338472e-20
2.236189e+02;2.338238e-20
2.236689e+02;2.338004e-20
2.237189e+02;2.337771e-20
2.237690e+02;2.337537e-20
2.238190e+02;2.337303e-20
2.238690e+02;2.337069e-20
2.239190e+02;2.336836e-20
2.239690e+02;2.336602e-20
2.240190e+02;2.336368e-20
2.240690e+02;2.336135e-20
2.241190e+02;2.335901e-20
2.241690e+02;2.335668e-20
2.242190e+02;2.335434e-20
2.242690e+02;2.335201e-20
2.243190e+02;2.334967e-20
2.243690e+02;2.334734e-20
2.244190e+02;2.334500e-20
2.244690e+02;2.334267e-20
2.245190e+02;2.334034e-20
2.245690e+02;2.333800e-20
2.246190e+02;2.333567e-20
2.246690e+02;2.333334e-20
2.247190e+02;2.333100e-20
2.247690e+02;2.332867e-20
2.248190e+02;2.332634e-20
2.248690e+02;2.332401e-20
2.249190e+02;2.332167e-20
2.249690e+02;2.331934e-20
2.250190e+02;2.331701e-20
2.250690e+02;2.331468e-20
2.251190e+02;2.331235e-20
2.251690e+02;2.331002e-20
2.252190e+02;2.330769e-20
2.252690e+02;2.330536e-20
2.253190e+02;2.330303e-20
2.253690e+02;2.330070e-20
2.254190e+02;2.329837e-20
2.254690e+02;2.329604e-20
2.255190e+02;2.329371e-20
2.255690e+02;2.329138e-20
2.256190e+02;2.328905e-20
2.256690e+02;2.328673e-20
2.257190e+02;2.328440e-20
2.257690e+02;2.328207e-20
2.258190e+02;2.327974e-20
2.258690e+02;2.327742e-20
2.259190e+02;2.327509e-20
2.259690e+02;2.327276e-20
2.260190e+02;2.327043e-20
2.260690e+02;2.326811e-20
2.261190e+02;2.326578e-20
2.261690e+02;2.326346e-20
2.262190e+02;2.326113e-20
2.262691e+02;2.325881e-20
2.263191e+02;2.325648e-20
2.263691e+02;2.325416e-20
2.264191e+02;2.325183e-20
2.264691e+02;2.324951e-20
2.265191e+02;2.324718e-20
2.265691e+02;2.324486e-20
2.266191e+02;2.324254e-20
2.266691e+02;2.324021e-20
2.267191e+02;2.323789e-20
2.267691e+02;2.323557e-20
2.268191e+02;2.323324e-20
2.268691e+02;2.323092e-20
2.269191e+02;2.322860e-20
2.269691e+02;2.322628e-20
2.270191e+02;2.322396e-20
2.270691e+02;2.322163e-20
2.271191e+02;2.321931e-20
2.271691e+02;2.321699e-20
2.272191e+02;2.321467e-20
2.272691e+02;2.321235e-20
2.273191e+02;2.321003e-20
2.273691e+02;2.320771e-20
2.274191e+02;2.320539e-20
2.274691e+02;2.320307e-20
2.275191e+02;2.320075e-20
2.275691e+02;2.319843e-20
2.276191e+02;2.319612e-20
2.276691e+02;2.319380e-20
2.277191e+02;2.319148e-20
2.277691e+02;2.318916e-20
2.278191e+02;2.318684e-20
2.278691e+02;2.318453e-20
2.279191e+02;2.318221e-20
2.279691e+02;2.317989e-20
2.280191e+02;2.317757e-20
2.280691e+02;2.317526e-20
2.281191e+02;2.317294e-20
2.281691e+02;2.317063e-20
2.282191e+02;2.316831e-20
2.282691e+02;2.316600e-20
2.283191e+02;2.316368e-20
2.283691e+02;2.316137e-20
2.284191e+02;2.315905e-20
2.284691e+02;2.315674e-20
2.285191e+02;2.315442e-20
2.285691e+02;2.315211e-20
2.286191e+02;2.314979e-20
2.286691e+02;2.314748e-20
2.287191e+02;2.314517e-20
2.287692e+02;2.314285e-20
2.288192e+02;2.314054e-20
2.288692e+02;2.313823e-20
2.289192e+02;2.313592e-20
2.289692e+02;2.313361e-20
2.290192e+02;2.313129e-20
2.290692e+02;2.312898e-20
2.291192e+02;2.312667e-20
2.291692e+02;2.312436e-20
2.292192e+02;2.312205e-20
2.292692e+02;2.311974e-20
2.293192e+02;2.311743e-20
2.293692e+02;2.311512e-20
2.294192e+02;2.311281e-20
2.294692e+02;2.311050e-20
2.295192e+02;2.310819e-20
2.295692e+02;2.310588e-20
2.296192e+02;2.310357e-20
2.296692e+02;2.310127e-20
2.297192e+02;2.309896e-20
2.297692e+02;2.309665e-20
2.298192e+02;2.309434e-20
2.298692e+02;2.309204e-20
2.299192e+02;2.308973e-20
2.299692e+02;2.308742e-20
2.300192e+02;2.308511e-20
2.300692e+02;2.308281e-20
2.301192e+02;2.308050e-20
2.301692e+02;2.307820e-20
2.302192e+02;2.307589e-20
2.302692e+02;2.307359e-20
2.303192e+02;2.307128e-20
2.303692e+02;2.306898e-20
2.304192e+02;2.306667e-20
2.304692e+02;2.306437e-20
2.305192e+02;2.306206e-20
2.305692e+02;2.305976e-20
2.306192e+02;2.305746e-20
2.306692e+02;2.305515e-20
2.307192e+02;2.305285e-20
2.307692e+02;2.305055e-20
2.308192e+02;2.304824e-20
2.308692e+02;2.304594e-20
2.309192e+02;2.304364e-20
2.309692e+02;2.304134e-20
2.310192e+02;2.303904e-20
2.310692e+02;2.303674e-20
2.311192e+02;2.303443e-20
2.311692e+02;2.303213e-20
2.312192e+02;2.302983e-20
2.312693e+02;2.302753e-20
2.313193e+02;2.302523e-20
2.313693e+02;2.302293e-20
2.314193e+02;2.302063e-20
2.314693e+02;2.301834e-20
2.315193e+02;2.301604e-20
2.315693e+02;2.301374e-20
2.316193e+02;2.301144e-20
2.316693e+02;2.300914e-20
2.317193e+02;2.300684e-20
2.317693e+02;2.300455e-20
2.318193e+02;2.300225e-20
2.318693e+02;2.299995e-20
2.319193e+02;2.299766e-20
2.319693e+02;2.299536e-20
2.320193e+02;2.299306e-20
2.320693e+02;2.299077e-20
2.321193e+02;2.298847e-20
2.321693e+02;2.298618e-20
2.322193e+02;2.298388e-20
2.322693e+02;2.298159e-20
2.323193e+02;2.297929e-20
2.323693e+02;2.297700e-20
2.324193e+02;2.297470e-20
2.324693e+02;2.297241e-20
2.325193e+02;2.297011e-20
2.325693e+02;2.296782e-20
2.326193e+02;2.296553e-20
2.326693e+02;2.296323e-20
2.327193e+02;2.296094e-20
2.327693e+02;2.295865e-20
2.328193e+02;2.295636e-20
2.328693e+02;2.295407e-20
2.329193e+02;2.295177e-20
2.329693e+02;2.294948e-20
2.330193e+02;2.294719e-20
2.330693e+02;2.294490e-20
2.331193e+02;2.294261e-20
2.331693e+02;2.294032e-20
2.332193e+02;2.293803e-20
2.332693e+02;2.293574e-20
2.333193e+02;2.293345e-20
2.333693e+02;2.293116e-20
2.334193e+02;2.292887e-20
2.334693e+02;2.292658e-20
2.335193e+02;2.292430e-20
2.335693e+02;2.292201e-20
2.336193e+02;2.291972e-20
2.336693e+02;2.291743e-20
2.337193e+02;2.291515e-20
2.337694e+02;2.291286e-20
2.338194e+02;2.291057e-20
2.338694e+02;2.290828e-20
2.339194e+02;2.290600e-20
2.339694e+02;2.290371e-20
2.340194e+02;2.290143e-20
2.340694e+02;2.289914e-20
2.341194e+02;2.289686e-20
2.341694e+02;2.289457e-20
2.342194e+02;2.289229e-20
2.342694e+02;2.289000e-20
2.343194e+02;2.288772e-20
2.343694e+02;2.288543e-20
2.344194e+02;2.288315e-20
2.344694e+02;2.288087e-20
2.345194e+02;2.287858e-20
2.345694e+02;2.287630e-20
2.346194e+02;2.287402e-20
2.346694e+02;2.287174e-20
2.347194e+02;2.286945e-20
2.347694e+02;2.286717e-20
2.348194e+02;2.286489e-20
2.348694e+02;2.286261e-20
2.349194e+02;2.286033e-20
2.349694e+02;2.285805e-20
2.350194e+02;2.285577e-20
2.350694e+02;2.285349e-20
2.351194e+02;2.285121e-20
2.351694e+02;2.284893e-20
2.352194e+02;2.284665e-20
2.352694e+02;2.284437e-20
2.353194e+02;2.284209e-20
2.353694e+02;2.283981e-20
2.354194e+02;2.283753e-20
2.354694e+02;2.283525e-20
2.355194e+02;2.283298e-20
2.355694e+02;2.283070e-20
2.356194e+02;2.282842e-20
2.356694e+02;2.282615e-20
2.357194e+02;2.282387e-20
2.357694e+02;2.282159e-20
2.358194e+02;2.281932e-20
2.358694e+02;2.281704e-20
2.359194e+02;2.281476e-20
2.359694e+02;2.281249e-20
2.360194e+02;2.281021e-20
2.360694e+02;2.280794e-20
2.361194e+02;2.280566e-20
2.361694e+02;2.280339e-20
2.362194e+02;2.280112e-20
2.362695e+02;2.279884e-20
2.363195e+02;2.279657e-20
2.363695e+02;2.279430e-20
2.364195e+02;2.279202e-20
2.364695e+02;2.278975e-20
2.365195e+02;2.278748e-20
2.365695e+02;2.278521e-20
2.366195e+02;2.278293e-20
2.366695e+02;2.278066e-20
2.367195e+02;2.277839e-20
2.367695e+02;2.277612e-20
2.368195e+02;2.277385e-20
2.368695e+02;2.277158e-20
2.369195e+02;2.276931e-20
2.369695e+02;2.276704e-20
2.370195e+02;2.276477e-20
2.370695e+02;2.276250e-20
2.371195e+02;2.276023e-20
2.371695e+02;2.275796e-20
2.372195e+02;2.275569e-20
2.372695e+02;2.275342e-20
2.373195e+02;2.275116e-20
2.373695e+02;2.274889e-20
2.374195e+02;2.274662e-20
2.374695e+02;2.274435e-20
2.375195e+02;2.274209e-20
2.375695e+02;2.273982e-20
2.376195e+02;2.273755e-20
2.376695e+02;2.273529e-20
2.377195e+02;2.273302e-20
2.377695e+02;2.273076e-20
2.378195e+02;2.272849e-20
2.378695e+02;2.272623e-20
2.379195e+02;2.272396e-20
2.379695e+02;2.272170e-20
2.380195e+02;2.271943e-20
2.380695e+02;2.271717e-20
2.381195e+02;2.271490e-20
2.381695e+02;2.271264e-20
2.382195e+02;2.271038e-20
2.382695e+02;2.270811e-20
2.383195e+02;2.270585e-20
2.383695e+02;2.270359e-20
2.384195e+02;2.270133e-20
2.384695e+02;2.269907e-20
2.385195e+02;2.269680e-20
2.385695e+02;2.269454e-20
2.386195e+02;2.269228e-20
2.386695e+02;2.269002e-20
2.387195e+02;2.268776e-20
2.387696e+02;2.268550e-20
2.388196e+02;2.268324e-20
2.388696e+02;2.268098e-20
2.389196e+02;2.267872e-20
2.389696e+02;2.267646e-20
2.390196e+02;2.267420e-20
2.390696e+02;2.267195e-20
2.391196e+02;2.266969e-20
2.391696e+02;2.266743e-20
2.392196e+02;2.266517e-20
2.392696e+02;2.266291e-20
2.393196e+02;2.266066e-20
2.393696e+02;2.265840e-20
2.394196e+02;2.265614e-20
2.394696e+02;2.265389e-20
2.395196e+02;2.265163e-20
2.395696e+02;2.264938e-20
2.396196e+02;2.264712e-20
2.396696e+02;2.264486e-20
2.397196e+02;2.264261e-20
2.397696e+02;2.264035e-20
2.398196e+02;2.263810e-20
2.398696e+02;2.263585e-20
2.399196e+02;2.263359e-20
2.399696e+02;2.263134e-20
2.400196e+02;2.262909e-20
2.400696e+02;2.262683e-20
2.401196e+02;2.262458e-20
2.401696e+02;2.262233e-20
2.402196e+02;2.262008e-20
2.402696e+02;2.261782e-20
2.403196e+02;2.261557e-20
2.403696e+02;2.261332e-20
2.404196e+02;2.261107e-20
2.404696e+02;2.260882e-20
2.405196e+02;2.260657e-20
2.405696e+02;2.260432e-20
2.406196e+02;2.260207e-20
2.406696e+02;2.259982e-20
2.407196e+02;2.259757e-20
2.407696e+02;2.259532e-20
2.408196e+02;2.259307e-20
2.408696e+02;2.259082e-20
2.409196e+02;2.258857e-20
2.409696e+02;2.258633e-20
2.410196e+02;2.258408e-20
2.410696e+02;2.258183e-20
2.411196e+02;2.257958e-20
2.411696e+02;2.257734e-20
2.412196e+02;2.257509e-20
2.412697e+02;2.257284e-20
2.413197e+02;2.257060e-20
2.413697e+02;2.256835e-20
2.414197e+02;2.256611e-20
2.414697e+02;2.256386e-20
2.415197e+02;2.256162e-20
2.415697e+02;2.255937e-20
2.416197e+02;2.255713e-20
2.416697e+02;2.255488e-20
2.417197e+02;2.255264e-20
2.417697e+02;2.255040e-20
2.418197e+02;2.254815e-20
2.418697e+02;2.254591e-20
2.419197e+02;2.254367e-20
2.419697e+02;2.254142e-20
2.420197e+02;2.253918e-20
2.420697e+02;2.253694e-20
2.421197e+02;2.253470e-20
2.421697e+02;2.253246e-20
2.422197e+02;2.253022e-20
2.422697e+02;2.252798e-20
2.423197e+02;2.252573e-20
2.423697e+02;2.252349e-20
2.424197e+02;2.252125e-20
2.424697e+02;2.251901e-20
2.425197e+02;2.251678e-20
2.425697e+02;2.251454e-20
2.426197e+02;2.251230e-20
2.426697e+02;2.251006e-20
2.427197e+02;2.250782e-20
2.427697e+02;2.250558e-20
2.428197e+02;2.250335e-20
2.428697e+02;2.250111e-20
2.429197e+02;2.249887e-20
2.429697e+02;2.249663e-20
2.430197e+02;2.249440e-20
2.430697e+02;2.249216e-20
2.431197e+02;2.248992e-20
2.431697e+02;2.248769e-20
2.432197e+02;2.248545e-20
2.432697e+02;2.248322e-20
2.433197e+02;2.248098e-20
2.433697e+02;2.247875e-20
2.434197e+02;2.247651e-20
2.434697e+02;2.247428e-20
2.435197e+02;2.247205e-20
2.435697e+02;2.246981e-20
2.436197e+02;2.246758e-20
2.436697e+02;2.246535e-20
2.437197e+02;2.246311e-20
2.437698e+02;2.246088e-20
2.438198e+02;2.245865e-20
2.438698e+02;2.245642e-20
2.439198e+02;2.245419e-20
2.439698e+02;2.245196e-20
2.440198e+02;2.244972e-20
2.440698e+02;2.244749e-20
2.441198e+02;2.244526e-20
2.441698e+02;2.244303e-20
2.442198e+02;2.244080e-20
2.442698e+02;2.243857e-20
2.443198e+02;2.243635e-20
2.443698e+02;2.243412e-20
2.444198e+02;2.243189e-20
2.444698e+02;2.242966e-20
2.445198e+02;2.242743e-20
2.445698e+02;2.242520e-20
2.446198e+02;2.242298e-20
2.446698e+02;2.242075e-20
2.447198e+02;2.241852e-20
2.447698e+02;2.241629e-20
2.448198e+02;2.241407e-20
2.448698e+02;2.241184e-20
2.449198e+02;2.240962e-20
2.449698e+02;2.240739e-20
2.450198e+02;2.240517e-20
2.450698e+02;2.240294e-20
2.451198e+02;2.240072e-20
2.451698e+02;2.239849e-20
2.452198e+02;2.239627e-20
2.452698e+02;2.239404e-20
2.453198e+02;2.239182e-20
2.453698e+02;2.238960e-20
2.454198e+02;2.238737e-20
2.454698e+02;2.238515e-20
2.455198e+02;2.238293e-20
2.455698e+02;2.238071e-20
2.456198e+02;2.237848e-20
2.456698e+02;2.237626e-20
2.457198e+02;2.237404e-20
2.457698e+02;2.237182e-20
2.458198e+02;2.236960e-20
2.458698e+02;2.236738e-20
2.459198e+02;2.236516e-20
2.459698e+02;2.236294e-20
2.460198e+02;2.236072e-20
2.460698e+02;2.235850e-20
2.461198e+02;2.235628e-20
2.461698e+02;2.235406e-20
2.462198e+02;2.235184e-20
2.462699e+02;2.234963e-20
2.463199e+02;2.234741e-20
2.463699e+02;2.234519e-20
2.464199e+02;2.234297e-20
2.464699e+02;2.234076e-20
2.465199e+02;2.233854e-20
2.465699e+02;2.233632e-20
2.466199e+02;2.233411e-20
2.466699e+02;2.233189e-20
2.467199e+02;2.232968e-20
2.467699e+02;2.232746e-20
2.468199e+02;2.232525e-20
2.468699e+02;2.232303e-20
2.469199e+02;2.232082e-20
2.469699e+02;2.231860e-20
2.470199e+02;2.231639e-20
2.470699e+02;2.231417e-20
2.471199e+02;2.231196e-20
2.471699e+02;2.230975e-20
2.472199e+02;2.230754e-20
2.472699e+02;2.230532e-20
2.473199e+02;2.230311e-20
2.473699e+02;2.230090e-20
2.474199e+02;2.229869e-20
2.474699e+02;2.229648e-20
2.475199e+02;2.229427e-20
2.475699e+02;2.229205e-20
2.476199e+02;2.228984e-20
2.476699e+02;2.228763e-20
2.477199e+02;2.228542e-20
2.477699e+02;2.228321e-20
2.478199e+02;2.228101e-20
2.478699e+02;2.227880e-20
2.479199e+02;2.227659e-20
2.479699e+02;2.227438e-20
2.480199e+02;2.227217e-20
2.480699e+02;2.226996e-20
2.481199e+02;2.226776e-20
2.481699e+02;2.226555e-20
2.482199e+02;2.226334e-20
2.482699e+02;2.226113e-20
2.483199e+02;2.225893e-20
2.483699e+02;2.225672e-20
2.484199e+02;2.225452e-20
2.484699e+02;2.225231e-20
2.485199e+02;2.225011e-20
2.485699e+02;2.224790e-20
2.486199e+02;2.224570e-20
2.486699e+02;2.224349e-20
2.487199e+02;2.224129e-20
2.487700e+02;2.223908e-20
2.488200e+02;2.223688e-20
2.488700e+02;2.223468e-20
2.489200e+02;2.223247e-20
2.489700e+02;2.223027e-20
2.490200e+02;2.222807e-20
2.490700e+02;2.222587e-20
2.491200e+02;2.222367e-20
2.491700e+02;2.222146e-20
2.492200e+02;2.221926e-20
2.492700e+02;2.221706e-20
2.493200e+02;2.221486e-20
2.493700e+02;2.221266e-20
2.494200e+02;2.221046e-20
2.494700e+02;2.220826e-20
2.495200e+02;2.220606e-20
2.495700e+02;2.220386e-20
2.496200e+02;2.220166e-20
2.496700e+02;2.219946e-20
2.497200e+02;2.219727e-20
2.497700e+02;2.219507e-20
2.498200e+02;2.219287e-20
2.498700e+02;2.219067e-20
2.499200e+02;2.218848e-20
2.499700e+02;2.218628e-20
2.500200e+02;2.218408e-20
2.500700e+02;2.218189e-20
2.501200e+02;2.217969e-20
2.501700e+02;2.217749e-20
2.502200e+02;2.217530e-20
2.502700e+02;2.217310e-20
2.503200e+02;2.217091e-20
2.503700e+02;2.216871e-20
2.504200e+02;2.216652e-20
2.504700e+02;2.216433e-20
2.505200e+02;2.216213e-20
2.505700e+02;2.215994e-20
2.506200e+02;2.215775e-20
2.506700e+02;2.215555e-20
2.507200e+02;2.215336e-20
2.507700e+02;2.215117e-20
2.508200e+02;2.214898e-20
2.508700e+02;2.214678e-20
2.509200e+02;2.214459e-20
2.509700e+02;2.214240e-20
2.510200e+02;2.214021e-20
2.510700e+02;2.213802e-20
2.511200e+02;2.213583e-20
2.511700e+02;2.213364e-20
2.512200e+02;2.213145e-20
2.512701e+02;2.212926e-20
2.513201e+02;2.212707e-20
2.513701e+02;2.212488e-20
2.514201e+02;2.212270e-20
2.514701e+02;2.212051e-20
2.515201e+02;2.211832e-20
2.515701e+02;2.211613e-20
2.516201e+02;2.211394e-20
2.516701e+02;2.211176e-20
2.517201e+02;2.210957e-20
2.517701e+02;2.210738e-20
2.518201e+02;2.210520e-20
2.518701e+02;2.210301e-20
2.519201e+02;2.210083e-20
2.519701e+02;2.209864e-20
2.520201e+02;2.209646e-20
2.520701e+02;2.209427e-20
2.521201e+02;2.209209e-20
2.521701e+02;2.208990e-20
2.522201e+02;2.208772e-20
2.522701e+02;2.208554e-20
2.523201e+02;2.208335e-20
2.523701e+02;2.208117e-20
2.524201e+02;2.207899e-20
2.524701e+02;2.207681e-20
2.525201e+02;2.207462e-20
2.525701e+02;2.207244e-20
2.526201e+02;2.207026e-20
2.526701e+02;2.206808e-20
2.527201e+02;2.206590e-20
2.527701e+02;2.206372e-20
2.528201e+02;2.206154e-20
2.528701e+02;2.205936e-20
2.529201e+02;2.205718e-20
2.529701e+02;2.205500e-20
2.530201e+02;2.205282e-20
2.530701e+02;2.205064e-20
2.531201e+02;2.204846e-20
2.531701e+02;2.204628e-20
2.532201e+02;2.204411e-20
2.532701e+02;2.204193e-20
2.533201e+02;2.203975e-20
2.533701e+02;2.203757e-20
2.534201e+02;2.203540e-20
2.534701e+02;2.203322e-20
2.535201e+02;2.203104e-20
2.535701e+02;2.202887e-20
2.536201e+02;2.202669e-20
2.536701e+02;2.202452e-20
2.537201e+02;2.202234e-20
2.537702e+02;2.202017e-20
2.538202e+02;2.201799e-20
2.538702e+02;2.201582e-20
2.539202e+02;2.201364e-20
2.539702e+02;2.201147e-20
2.540202e+02;2.200930e-20
2.540702e+02;2.200712e-20
2.541202e+02;2.200495e-20
2.541702e+02;2.200278e-20
2.542202e+02;2.200061e-20
2.542702e+02;2.199844e-20
2.543202e+02;2.199626e-20
2.543702e+02;2.199409e-20
2.544202e+02;2.199192e-20
2.544702e+02;2.198975e-20
2.545202e+02;2.198758e-20
2.545702e+02;2.198541e-20
2.546202e+02;2.198324e-20
2.546702e+02;2.198107e-20
2.547202e+02;2.197890e-20
2.547702e+02;2.197673e-20
2.548202e+02;2.197457e-20
2.548702e+02;2.197240e-20
2.549202e+02;2.197023e-20
2.549702e+02;2.196806e-20
2.550202e+02;2.196589e-20
2.550702e+02;2.196373e-20
2.551202e+02;2.196156e-20
2.551702e+02;2.195939e-20
2.552202e+02;2.195723e-20
2.552702e+02;2.195506e-20
2.553202e+02;2.195290e-20
2.553702e+02;2.195073e-20
2.554202e+02;2.194857e-20
2.554702e+02;2.194640e-20
2.555202e+02;2.194424e-20
2.555702e+02;2.194207e-20
2.556202e+02;2.193991e-20
2.556702e+02;2.193774e-20
2.557202e+02;2.193558e-20
2.557702e+02;2.193342e-20
2.558202e+02;2.193126e-20
2.558702e+02;2.192909e-20
2.559202e+02;2.192693e-20
2.559702e+02;2.192477e-20
2.560202e+02;2.192261e-20
2.560702e+02;2.192045e-20
2.561202e+02;2.191829e-20
2.561702e+02;2.191612e-20
2.562202e+02;2.191396e-20
2.562703e+02;2.191180e-20
2.563203e+02;2.190964e-20
2.563703e+02;2.190748e-20
2.564203e+02;2.190533e-20
2.564703e+02;2.190317e-20
2.565203e+02;2.190101e-20
2.565703e+02;2.189885e-20
2.566203e+02;2.189669e-20
2.566703e+02;2.189453e-20
2.567203e+02;2.189238e-20
2.567703e+02;2.189022e-20
2.568203e+02;2.188806e-20
2.568703e+02;2.188591e-20
2.569203e+02;2.188375e-20
2.569703e+02;2.188159e-20
2.570203e+02;2.187944e-20
2.570703e+02;2.187728e-20
2.571203e+02;2.187513e-20
2.571703e+02;2.187297e-20
2.572203e+02;2.187082e-20
2.572703e+02;2.186867e-20
2.573203e+02;2.186651e-20
2.573703e+02;2.186436e-20
2.574203e+02;2.186220e-20
2.574703e+02;2.186005e-20
2.575203e+02;2.185790e-20
2.575703e+02;2.185575e-20
2.576203e+02;2.185359e-20
2.576703e+02;2.185144e-20
2.577203e+02;2.184929e-20
2.577703e+02;2.184714e-20
2.578203e+02;2.184499e-20
2.578703e+02;2.184284e-20
2.579203e+02;2.184069e-20
2.579703e+02;2.183854e-20
2.580203e+02;2.183639e-20
2.580703e+02;2.183424e-20
2.581203e+02;2.183209e-20
2.581703e+02;2.182994e-20
2.582203e+02;2.182779e-20
2.582703e+02;2.182564e-20
2.583203e+02;2.182350e-20
2.583703e+02;2.182135e-20
2.584203e+02;2.181920e-20
2.584703e+02;2.181705e-20
2.585203e+02;2.181491e-20
2.585703e+02;2.181276e-20
2.586203e+02;2.181062e-20
2.586703e+02;2.180847e-20
2.587203e+02;2.180632e-20
2.587704e+02;2.180418e-20
2.588204e+02;2.180203e-20
2.588704e+02;2.179989e-20
2.589204e+02;2.179774e-20
2.589704e+02;2.179560e-20
2.590204e+02;2.179346e-20
2.590704e+02;2.179131e-20
2.591204e+02;2.178917e-20
2.591704e+02;2.178703e-20
2.592204e+02;2.178488e-20
2.592704e+02;2.178274e-20
2.593204e+02;2.178060e-20
2.593704e+02;2.177846e-20
2.594204e+02;2.177632e-20
2.594704e+02;2.177418e-20
2.595204e+02;2.177203e-20
2.595704e+02;2.176989e-20
2.596204e+02;2.176775e-20
2.596704e+02;2.176561e-20
2.597204e+02;2.176347e-20
2.597704e+02;2.176134e-20
2.598204e+02;2.175920e-20
2.598704e+02;2.175706e-20
2.599204e+02;2.175492e-20
2.599704e+02;2.175278e-20
2.600204e+02;2.175064e-20
2.600704e+02;2.174851e-20
2.601204e+02;2.174637e-20
2.601704e+02;2.174423e-20
2.602204e+02;2.174209e-20
2.602704e+02;2.173996e-20
2.603204e+02;2.173782e-20
2.603704e+02;2.173569e-20
2.604204e+02;2.173355e-20
2.604704e+02;2.173142e-20
2.605204e+02;2.172928e-20
2.605704e+02;2.172715e-20
2.606204e+02;2.172501e-20
2.606704e+02;2.172288e-20
2.607204e+02;2.172074e-20
2.607704e+02;2.171861e-20
2.608204e+02;2.171648e-20
2.608704e+02;2.171434e-20
2.609204e+02;2.171221e-20
2.609704e+02;2.171008e-20
2.610204e+02;2.170795e-20
2.610704e+02;2.170582e-20
2.611204e+02;2.170369e-20
2.611704e+02;2.170155e-20
2.612204e+02;2.169942e-20
2.612705e+02;2.169729e-20
2.613205e+02;2.169516e-20
2.613705e+02;2.169303e-20
2.614205e+02;2.169090e-20
2.614705e+02;2.168877e-20
2.615205e+02;2.168665e-20
2.615705e+02;2.168452e-20
2.616205e+02;2.168239e-20
2.616705e+02;2.168026e-20
2.617205e+02;2.167813e-20
2.617705e+02;2.167601e-20
2.618205e+02;2.167388e-20
2.618705e+02;2.167175e-20
2.619205e+02;2.166962e-20
2.619705e+02;2.166750e-20
2.620205e+02;2.166537e-20
2.620705e+02;2.166325e-20
2.621205e+02;2.166112e-20
2.621705e+02;2.165900e-20
2.622205e+02;2.165687e-20
2.622705e+02;2.165475e-20
2.623205e+02;2.165262e-20
2.623705e+02;2.165050e-20
2.624205e+02;2.164838e-20
2.624705e+02;2.164625e-20
2.625205e+02;2.164413e-20
2.625705e+02;2.164201e-20
2.626205e+02;2.163988e-20
2.626705e+02;2.163776e-20
2.627205e+02;2.163564e-20
2.627705e+02;2.163352e-20
2.628205e+02;2.163140e-20
2.628705e+02;2.162928e-20
2.629205e+02;2.162716e-20
2.629705e+02;2.162504e-20
2.630205e+02;2.162292e-20
2.630705e+02;2.162080e-20
2.631205e+02;2.161868e-20
2.631705e+02;2.161656e-20
2.632205e+02;2.161444e-20
2.632705e+02;2.161232e-20
2.633205e+02;2.161020e-20
2.633705e+02;2.160808e-20
2.634205e+02;2.160597e-20
2.634705e+02;2.160385e-20
2.635205e+02;2.160173e-20
2.635705e+02;2.159962e-20
2.636205e+02;2.159750e-20
2.636705e+02;2.159538e-20
2.637205e+02;2.159327e-20
2.637706e+02;2.159115e-20
2.638206e+02;2.158904e-20
2.638706e+02;2.158692e-20
2.639206e+02;2.158481e-20
2.639706e+02;2.158269e-20
2.640206e+02;2.158058e-20
2.640706e+02;2.157846e-20
2.641206e+02;2.157635e-20
2.641706e+02;2.157424e-20
2.642206e+02;2.157213e-20
2.642706e+02;2.157001e-20
2.643206e+02;2.156790e-20
2.643706e+02;2.156579e-20
2.644206e+02;2.156368e-20
2.644706e+02;2.156157e-20
2.645206e+02;2.155945e-20
2.645706e+02;2.155734e-20
2.646206e+02;2.155523e-20
2.646706e+02;2.155312e-20
2.647206e+02;2.155101e-20
2.647706e+02;2.154890e-20
2.648206e+02;2.154679e-20
2.648706e+02;2.154469e-20
2.649206e+02;2.154258e-20
2.649706e+02;2.154047e-20
2.650206e+02;2.153836e-20
2.650706e+02;2.153625e-20
2.651206e+02;2.153415e-20
2.651706e+02;2.153204e-20
2.652206e+02;2.152993e-20
2.652706e+02;2.152782e-20
2.653206e+02;2.152572e-20
2.653706e+02;2.152361e-20
2.654206e+02;2.152151e-20
2.654706e+02;2.151940e-20
2.655206e+02;2.151730e-20
2.655706e+02;2.151519e-20
2.656206e+02;2.151309e-20
2.656706e+02;2.151098e-20
2.657206e+02;2.150888e-20
2.657706e+02;2.150678e-20
2.658206e+02;2.150467e-20
2.658706e+02;2.150257e-20
2.659206e+02;2.150047e-20
2.659706e+02;2.149836e-20
2.660206e+02;2.149626e-20
2.660706e+02;2.149416e-20
2.661206e+02;2.149206e-20
2.661706e+02;2.148996e-20
2.662206e+02;2.148786e-20
2.662707e+02;2.148576e-20
2.663207e+02;2.148366e-20
2.663707e+02;2.148156e-20
2.664207e+02;2.147946e-20
2.664707e+02;2.147736e-20
2.665207e+02;2.147526e-20
2.665707e+02;2.147316e-20
2.666207e+02;2.147106e-20
2.666707e+02;2.146896e-20
2.667207e+02;2.146686e-20
2.667707e+02;2.146477e-20
2.668207e+02;2.146267e-20
2.668707e+02;2.146057e-20
2.669207e+02;2.145848e-20
2.669707e+02;2.145638e-20
2.670207e+02;2.145428e-20
2.670707e+02;2.145219e-20
2.671207e+02;2.145009e-20
2.671707e+02;2.144800e-20
2.672207e+02;2.144590e-20
2.672707e+02;2.144381e-20
2.673207e+02;2.144171e-20
2.673707e+02;2.143962e-20
2.674207e+02;2.143753e-20
2.674707e+02;2.143543e-20
2.675207e+02;2.143334e-20
2.675707e+02;2.143125e-20
2.676207e+02;2.142915e-20
2.676707e+02;2.142706e-20
2.677207e+02;2.142497e-20
2.677707e+02;2.142288e-20
2.678207e+02;2.142079e-20
2.678707e+02;2.141870e-20
2.679207e+02;2.141661e-20
2.679707e+02;2.141451e-20
2.680207e+02;2.141242e-20
2.680707e+02;2.141033e-20
2.681207e+02;2.140825e-20
2.681707e+02;2.140616e-20
2.682207e+02;2.140407e-20
2.682707e+02;2.140198e-20
2.683207e+02;2.139989e-20
2.683707e+02;2.139780e-20
2.684207e+02;2.139571e-20
2.684707e+02;2.139363e-20
2.685207e+02;2.139154e-20
2.685707e+02;2.138945e-20
2.686207e+02;2.138737e-20
2.686707e+02;2.138528e-20
2.687207e+02;2.138319e-20
2.687708e+02;2.138111e-20
2.688208e+02;2.137902e-20
2.688708e+02;2.137694e-20
2.689208e+02;2.137485e-20
2.689708e+02;2.137277e-20
2.690208e+02;2.137069e-20
2.690708e+02;2.136860e-20
2.691208e+02;2.136652e-20
2.691708e+02;2.136444e-20
2.692208e+02;2.136235e-20
2.692708e+02;2.136027e-20
2.693208e+02;2.135819e-20
2.693708e+02;2.135611e-20
2.694208e+02;2.135402e-20
2.694708e+02;2.135194e-20
2.695208e+02;2.134986e-20
2.695708e+02;2.134778e-20
2.696208e+02;2.134570e-20
2.696708e+02;2.134362e-20
2.697208e+02;2.134154e-20
2.697708e+02;2.133946e-20
2.698208e+02;2.133738e-20
2.698708e+02;2.133530e-20
2.699208e+02;2.133322e-20
2.699708e+02;2.133114e-20
2.700208e+02;2.132907e-20
2.700708e+02;2.132699e-20
2.701208e+02;2.132491e-20
2.701708e+02;2.132283e-20
2.702208e+02;2.132076e-20
2.702708e+02;2.131868e-20
2.703208e+02;2.131660e-20
2.703708e+02;2.131453e-20
2.704208e+02;2.131245e-20
2.704708e+02;2.131038e-20
2.705208e+02;2.130830e-20
2.705708e+02;2.130623e-20
2.706208e+02;2.130415e-20
2.706708e+02;2.130208e-20
2.707208e+02;2.130000e-20
2.707708e+02;2.129793e-20
2.708208e+02;2.129586e-20
2.708708e+02;2.129378e-20
2.709208e+02;2.129171e-20
2.709708e+02;2.128964e-20
2.710208e+02;2.128757e-20
2.710708e+02;2.128550e-20
2.711208e+02;2.128342e-20
2.711708e+02;2.128135e-20
2.712208e+02;2.127928e-20
2.712709e+02;2.127721e-20
2.713209e+02;2.127514e-20
2.713709e+02;2.127307e-20
2.714209e+02;2.127100e-20
2.714709e+02;2.126893e-20
2.715209e+02;2.126686e-20
2.715709e+02;2.126479e-20
2.716209e+02;2.126272e-20
2.716709e+02;2.126066e-20
2.717209e+02;2.125859e-20
2.717709e+02;2.125652e-20
2.718209e+02;2.125445e-20
2.718709e+02;2.125239e-20
2.719209e+02;2.125032e-20
2.719709e+02;2.124825e-20
2.720209e+02;2.124619e-20
2.720709e+02;2.124412e-20
2.721209e+02;2.124206e-20
2.721709e+02;2.123999e-20
2.722209e+02;2.123793e-20
2.722709e+02;2.123586e-20
2.723209e+02;2.123380e-20
2.723709e+02;2.123173e-20
2.724209e+02;2.122967e-20
2.724709e+02;2.122761e-20
2.725209e+02;2.122554e-20
2.725709e+02;2.122348e-20
2.726209e+02;2.122142e-20
2.726709e+02;2.121936e-20
2.727209e+02;2.121729e-20
2.727709e+02;2.121523e-20
2.728209e+02;2.121317e-20
2.728709e+02;2.121111e-20
2.729209e+02;2.120905e-20
2.729709e+02;2.120699e-20
2.730209e+02;2.120493e-20
2.730709e+02;2.120287e-20
2.731209e+02;2.120081e-20
2.731709e+02;2.119875e-20
2.732209e+02;2.119669e-20
2.732709e+02;2.119463e-20
2.733209e+02;2.119257e-20
2.733709e+02;2.119052e-20
2.734209e+02;2.118846e-20
2.734709e+02;2.118640e-20
2.735209e+02;2.118434e-20
2.735709e+02;2.118229e-20
2.736209e+02;2.118023e-20
2.736709e+02;2.117817e-20
2.737209e+02;2.117612e-20
2.737710e+02;2.117406e-20
2.738210e+02;2.117201e-20
2.738710e+02;2.116995e-20
2.739210e+02;2.116790e-20
2.739710e+02;2.116584e-20
2.740210e+02;2.116379e-20
2.740710e+02;2.116173e-20
2.741210e+02;2.115968e-20
2.741710e+02;2.115763e-20
2.742210e+02;2.115558e-20
2.742710e+02;2.115352e-20
2.743210e+02;2.115147e-20
2.743710e+02;2.114942e-20
2.744210e+02;2.114737e-20
2.744710e+02;2.114532e-20
2.745210e+02;2.114326e-20
2.745710e+02;2.114121e-20
2.746210e+02;2.113916e-20
2.746710e+02;2.113711e-20
2.747210e+02;2.113506e-20
2.747710e+02;2.113301e-20
2.748210e+02;2.113096e-20
2.748710e+02;2.112891e-20
2.749210e+02;2.112687e-20
2.749710e+02;2.112482e-20
2.750210e+02;2.112277e-20
2.750710e+02;2.112072e-20
2.751210e+02;2.111867e-20
2.751710e+02;2.111663e-20
2.752210e+02;2.111458e-20
2.752710e+02;2.111253e-20
2.753210e+02;2.111049e-20
2.753710e+02;2.110844e-20
2.754210e+02;2.110640e-20
2.754710e+02;2.110435e-20
2.755210e+02;2.110230e-20
2.755710e+02;2.110026e-20
2.756210e+02;2.109822e-20
2.756710e+02;2.109617e-20
2.757210e+02;2.109413e-20
2.757710e+02;2.109208e-20
2.758210e+02;2.109004e-20
2.758710e+02;2.108800e-20
2.759210e+02;2.108595e-20
2.759710e+02;2.108391e-20
2.760210e+02;2.108187e-20
2.760710e+02;2.107983e-20
2.761210e+02;2.107779e-20
2.761710e+02;2.107575e-20
2.762210e+02;2.107370e-20
2.762711e+02;2.107166e-20
2.763211e+02;2.106962e-20
2.763711e+02;2.106758e-20
2.764211e+02;2.106554e-20
2.764711e+02;2.106350e-20
2.765211e+02;2.106147e-20
2.765711e+02;2.105943e-20
2.766211e+02;2.105739e-20
2.766711e+02;2.105535e-20
2.767211e+02;2.105331e-20
2.767711e+02;2.105127e-20
2.768211e+02;2.104924e-20
2.768711e+02;2.104720e-20
2.769211e+02;2.104516e-20
2.769711e+02;2.104313e-20
2.770211e+02;2.104109e-20
2.770711e+02;2.103905e-20
2.771211e+02;2.103702e-20
2.771711e+02;2.103498e-20
2.772211e+02;2.103295e-20
2.772711e+02;2.103091e-20
2.773211e+02;2.102888e-20
2.773711e+02;2.102685e-20
2.774211e+02;2.102481e-20
2.774711e+02;2.102278e-20
2.775211e+02;2.102075e-20
2.775711e+02;2.101871e-20
2.776211e+02;2.101668e-20
2.776711e+02;2.101465e-20
2.777211e+02;2.101262e-20
2.777711e+02;2.101058e-20
2.778211e+02;2.100855e-20
2.778711e+02;2.100652e-20
2.779211e+02;2.100449e-20
2.779711e+02;2.100246e-20
2.780211e+02;2.100043e-20
2.780711e+02;2.099840e-20
2.781211e+02;2.099637e-20
2.781711e+02;2.099434e-20
2.782211e+02;2.099231e-20
2.782711e+02;2.099028e-20
2.783211e+02;2.098826e-20
2.783711e+02;2.098623e-20
2.784211e+02;2.098420e-20
2.784711e+02;2.098217e-20
2.785211e+02;2.098015e-20
2.785711e+02;2.097812e-20
2.786211e+02;2.097609e-20
2.786711e+02;2.097407e-20
2.787211e+02;2.097204e-20
2.787712e+02;2.097001e-20
2.788212e+02;2.096799e-20
2.788712e+02;2.096596e-20
2.789212e+02;2.096394e-20
2.789712e+02;2.096192e-20
2.790212e+02;2.095989e-20
2.790712e+02;2.095787e-20
2.791212e+02;2.095584e-20
2.791712e+02;2.095382e-20
2.792212e+02;2.095180e-20
2.792712e+02;2.094977e-20
2.793212e+02;2.094775e-20
2.793712e+02;2.094573e-20
2.794212e+02;2.094371e-20
2.794712e+02;2.094169e-20
2.795212e+02;2.093967e-20
2.795712e+02;2.093765e-20
2.796212e+02;2.093562e-20
2.796712e+02;2.093360e-20
2.797212e+02;2.093158e-20
2.797712e+02;2.092956e-20
2.798212e+02;2.092755e-20
2.798712e+02;2.092553e-20
2.799212e+02;2.092351e-20
2.799712e+02;2.092149e-20
2.800212e+02;2.091947e-20
2.800712e+02;2.091745e-20
2.801212e+02;2.091544e-20
2.801712e+02;2.091342e-20
2.802212e+02;2.091140e-20
2.802712e+02;2.090938e-20
2.803212e+02;2.090737e-20
2.803712e+02;2.090535e-20
2.804212e+02;2.090334e-20
2.804712e+02;2.090132e-20
2.805212e+02;2.089931e-20
2.805712e+02;2.089729e-20
2.806212e+02;2.089528e-20
2.806712e+02;2.089326e-20
2.807212e+02;2.089125e-20
2.807712e+02;2.088923e-20
2.808212e+02;2.088722e-20
2.808712e+02;2.088521e-20
2.809212e+02;2.088320e-20
2.809712e+02;2.088118e-20
2.810212e+02;2.087917e-20
2.810712e+02;2.087716e-20
2.811212e+02;2.087515e-20
2.811712e+02;2.087314e-20
2.812212e+02;2.087112e-20
2.812713e+02;2.086911e-20
2.813213e+02;2.086710e-20
2.813713e+02;2.086509e-20
2.814213e+02;2.086308e-20
2.814713e+02;2.086107e-20
2.815213e+02;2.085907e-20
2.815713e+02;2.085706e-20
2.816213e+02;2.085505e-20
2.816713e+02;2.085304e-20
2.817213e+02;2.085103e-20
2.817713e+02;2.084902e-20
2.818213e+02;2.084702e-20
2.818713e+02;2.084501e-20
2.819213e+02;2.084300e-20
2.819713e+02;2.084100e-20
2.820213e+02;2.083899e-20
2.820713e+02;2.083698e-20
2.821213e+02;2.083498e-20
2.821713e+02;2.083297e-20
2.822213e+02;2.083097e-20
2.822713e+02;2.082896e-20
2.823213e+02;2.082696e-20
2.823713e+02;2.082495e-20
2.824213e+02;2.082295e-20
2.824713e+02;2.082095e-20
2.825213e+02;2.081894e-20
2.825713e+02;2.081694e-20
2.826213e+02;2.081494e-20
2.826713e+02;2.081294e-20
2.827213e+02;2.081093e-20
2.827713e+02;2.080893e-20
2.828213e+02;2.080693e-20
2.828713e+02;2.080493e-20
2.829213e+02;2.080293e-20
2.829713e+02;2.080093e-20
2.830213e+02;2.079893e-20
2.830713e+02;2.079693e-20
2.831213e+02;2.079493e-20
2.831713e+02;2.079293e-20
2.832213e+02;2.079093e-20
2.832713e+02;2.078893e-20
2.833213e+02;2.078693e-20
2.833713e+02;2.078494e-20
2.834213e+02;2.078294e-20
2.834713e+02;2.078094e-20
2.835213e+02;2.077894e-20
2.835713e+02;2.077695e-20
2.836213e+02;2.077495e-20
2.836713e+02;2.077295e-20
2.837213e+02;2.077096e-20
2.837714e+02;2.076896e-20
2.838214e+02;2.076697e-20
2.838714e+02;2.076497e-20
2.839214e+02;2.076298e-20
2.839714e+02;2.076098e-20
2.840214e+02;2.075899e-20
2.840714e+02;2.075699e-20
2.841214e+02;2.075500e-20
2.841714e+02;2.075301e-20
2.842214e+02;2.075101e-20
2.842714e+02;2.074902e-20
2.843214e+02;2.074703e-20
2.843714e+02;2.074504e-20
2.844214e+02;2.074304e-20
2.844714e+02;2.074105e-20
2.845214e+02;2.073906e-20
2.845714e+02;2.073707e-20
2.846214e+02;2.073508e-20
2.846714e+02;2.073309e-20
2.847214e+02;2.073110e-20
2.847714e+02;2.072911e-20
2.848214e+02;2.072712e-20
2.848714e+02;2.072513e-20
2.849214e+02;2.072314e-20
2.849714e+02;2.072115e-20
2.850214e+02;2.071916e-20
2.850714e+02;2.071718e-20
2.851214e+02;2.071519e-20
2.851714e+02;2.071320e-20
2.852214e+02;2.071121e-20
2.852714e+02;2.070923e-20
2.853214e+02;2.070724e-20
2.853714e+02;2.070526e-20
2.854214e+02;2.070327e-20
2.854714e+02;2.070128e-20
2.855214e+02;2.069930e-20
2.855714e+02;2.069731e-20
2.856214e+02;2.069533e-20
2.856714e+02;2.069334e-20
2.857214e+02;2.069136e-20
2.857714e+02;2.068938e-20
2.858214e+02;2.068739e-20
2.858714e+02;2.068541e-20
2.859214e+02;2.068343e-20
2.859714e+02;2.068144e-20
2.860214e+02;2.067946e-20
2.860714e+02;2.067748e-20
2.861214e+02;2.067550e-20
2.861714e+02;2.067352e-20
2.862214e+02;2.067154e-20
2.862715e+02;2.066955e-20
2.863215e+02;2.066757e-20
2.863715e+02;2.066559e-20
2.864215e+02;2.066361e-20
2.864715e+02;2.066163e-20
2.865215e+02;2.065965e-20
2.865715e+02;2.065768e-20
2.866215e+02;2.065570e-20
2.866715e+02;2.065372e-20
2.867215e+02;2.065174e-20
2.867715e+02;2.064976e-20
2.868215e+02;2.064779e-20
2.868715e+02;2.064581e-20
2.869215e+02;2.064383e-20
2.869715e+02;2.064185e-20
2.870215e+02;2.063988e-20
2.870715e+02;2.063790e-20
2.871215e+02;2.063593e-20
2.871715e+02;2.063395e-20
2.872215e+02;2.063198e-20
2.872715e+02;2.063000e-20
2.873215e+02;2.062803e-20
2.873715e+02;2.062605e-20
2.874215e+02;2.062408e-20
2.874715e+02;2.062210e-20
2.875215e+02;2.062013e-20
2.875715e+02;2.061816e-20
2.876215e+02;2.061618e-20
2.876715e+02;2.061421e-20
2.877215e+02;2.061224e-20
2.877715e+02;2.061027e-20
2.878215e+02;2.060830e-20
2.878715e+02;2.060633e-20
2.879215e+02;2.060435e-20
2.879715e+02;2.060238e-20
2.880215e+02;2.060041e-20
2.880715e+02;2.059844e-20
2.881215e+02;2.059647e-20
2.881715e+02;2.059450e-20
2.882215e+02;2.059253e-20
2.882715e+02;2.059057e-20
2.883215e+02;2.058860e-20
2.883715e+02;2.058663e-20
2.884215e+02;2.058466e-20
2.884715e+02;2.058269e-20
2.885215e+02;2.058072e-20
2.885715e+02;2.057876e-20
2.886215e+02;2.057679e-20
2.886715e+02;2.057482e-20
2.887215e+02;2.057286e-20
2.887716e+02;2.057089e-20
2.888216e+02;2.056893e-20
2.888716e+02;2.056696e-20
2.889216e+02;2.056500e-20
2.889716e+02;2.056303e-20
2.890216e+02;2.056107e-20
2.890716e+02;2.055910e-20
2.891216e+02;2.055714e-20
2.891716e+02;2.055517e-20
2.892216e+02;2.055321e-20
2.892716e+02;2.055125e-20
2.893216e+02;2.054929e-20
2.893716e+02;2.054732e-20
2.894216e+02;2.054536e-20
2.894716e+02;2.054340e-20
2.895216e+02;2.054144e-20
2.895716e+02;2.053948e-20
2.896216e+02;2.053752e-20
2.896716e+02;2.053556e-20
2.897216e+02;2.053359e-20
2.897716e+02;2.053163e-20
2.898216e+02;2.052968e-20
2.898716e+02;2.052772e-20
2.899216e+02;2.052576e-20
2.899716e+02;2.052380e-20
2.900216e+02;2.052184e-20
2.900716e+02;2.051988e-20
2.901216e+02;2.051792e-20
2.901716e+02;2.051597e-20
2.902216e+02;2.051401e-20
2.902716e+02;2.051205e-20
2.903216e+02;2.051009e-20
2.903716e+02;2.050814e-20
2.904216e+02;2.050618e-20
2.904716e+02;2.050423e-20
2.905216e+02;2.050227e-20
2.905716e+02;2.050031e-20
2.906216e+02;2.049836e-20
2.906716e+02;2.049640e-20
2.907216e+02;2.049445e-20
2.907716e+02;2.049250e-20
2.908216e+02;2.049054e-20
2.908716e+02;2.048859e-20
2.909216e+02;2.048664e-20
2.909716e+02;2.048468e-20
2.910216e+02;2.048273e-20
2.910716e+02;2.048078e-20
2.911216e+02;2.047883e-20
2.911716e+02;2.047687e-20
2.912216e+02;2.047492e-20
2.912717e+02;2.047297e-20
2.913217e+02;2.047102e-20
2.913717e+02;2.046907e-20
2.914217e+02;2.046712e-20
2.914717e+02;2.046517e-20
2.915217e+02;2.046322e-20
2.915717e+02;2.046127e-20
2.916217e+02;2.045932e-20
2.916717e+02;2.045737e-20
2.917217e+02;2.045542e-20
2.917717e+02;2.045348e-20
2.918217e+02;2.045153e-20
2.918717e+02;2.044958e-20
2.919217e+02;2.044763e-20
2.919717e+02;2.044569e-20
2.920217e+02;2.044374e-20
2.920717e+02;2.044179e-20
2.921217e+02;2.043985e-20
2.921717e+02;2.043790e-20
2.922217e+02;2.043596e-20
2.922717e+02;2.043401e-20
2.923217e+02;2.043207e-20
2.923717e+02;2.043012e-20
2.924217e+02;2.042818e-20
2.924717e+02;2.042623e-20
2.925217e+02;2.042429e-20
2.925717e+02;2.042234e-20
2.926217e+02;2.042040e-20
2.926717e+02;2.041846e-20
2.927217e+02;2.041652e-20
2.927717e+02;2.041457e-20
2.928217e+02;2.041263e-20
2.928717e+02;2.041069e-20
2.929217e+02;2.040875e-20
2.929717e+02;2.040681e-20
2.930217e+02;2.040487e-20
2.930717e+02;2.040293e-20
2.931217e+02;2.040099e-20
2.931717e+02;2.039905e-20
2.932217e+02;2.039711e-20
2.932717e+02;2.039517e-20
2.933217e+02;2.039323e-20
2.933717e+02;2.039129e-20
2.934217e+02;2.038935e-20
2.934717e+02;2.038741e-20
2.935217e+02;2.038547e-20
2.935717e+02;2.038354e-20
2.936217e+02;2.038160e-20
2.936717e+02;2.037966e-20
2.937217e+02;2.037773e-20
2.937718e+02;2.037579e-20
2.938218e+02;2.037385e-20
2.938718e+02;2.037192e-20
2.939218e+02;2.036998e-20
2.939718e+02;2.036805e-20
2.940218e+02;2.036611e-20
2.940718e+02;2.036418e-20
2.941218e+02;2.036224e-20
2.941718e+02;2.036031e-20
2.942218e+02;2.035838e-20
2.942718e+02;2.035644e-20
2.943218e+02;2.035451e-20
2.943718e+02;2.035258e-20
2.944218e+02;2.035064e-20
2.944718e+02;2.034871e-20
2.945218e+02;2.034678e-20
2.945718e+02;2.034485e-20
2.946218e+02;2.034292e-20
2.946718e+02;2.034099e-20
2.947218e+02;2.033905e-20
2.947718e+02;2.033712e-20
2.948218e+02;2.033519e-20
2.948718e+02;2.033326e-20
2.949218e+02;2.033133e-20
2.949718e+02;2.032940e-20
2.950218e+02;2.032748e-20
2.950718e+02;2.032555e-20
2.951218e+02;2.032362e-20
2.951718e+02;2.032169e-20
2.952218e+02;2.031976e-20
2.952718e+02;2.031783e-20
2.953218e+02;2.031591e-20
2.953718e+02;2.031398e-20
2.954218e+02;2.031205e-20
2.954718e+02;2.031013e-20
2.955218e+02;2.030820e-20
2.955718e+02;2.030628e-20
2.956218e+02;2.030435e-20
2.956718e+02;2.030242e-20
2.957218e+02;2.030050e-20
2.957718e+02;2.029858e-20
2.958218e+02;2.029665e-20
2.958718e+02;2.029473e-20
2.959218e+02;2.029280e-20
2.959718e+02;2.029088e-20
2.960218e+02;2.028896e-20
2.960718e+02;2.028703e-20
2.961218e+02;2.028511e-20
2.961718e+02;2.028319e-20
2.962218e+02;2.028127e-20
2.962719e+02;2.027935e-20
2.963219e+02;2.027742e-20
2.963719e+02;2.027550e-20
2.964219e+02;2.027358e-20
2.964719e+02;2.027166e-20
2.965219e+02;2.026974e-20
2.965719e+02;2.026782e-20
2.966219e+02;2.026590e-20
2.966719e+02;2.026398e-20
2.967219e+02;2.026206e-20
2.967719e+02;2.026014e-20
2.968219e+02;2.025823e-20
2.968719e+02;2.025631e-20
2.969219e+02;2.025439e-20
2.969719e+02;2.025247e-20
2.970219e+02;2.025055e-20
2.970719e+02;2.024864e-20
2.971219e+02;2.024672e-20
2.971719e+02;2.024480e-20
2.972219e+02;2.024289e-20
2.972719e+02;2.024097e-20
2.973219e+02;2.023906e-20
2.973719e+02;2.023714e-20
2.974219e+02;2.023523e-20
2.974719e+02;2.023331e-20
2.975219e+02;2.023140e-20
2.975719e+02;2.022948e-20
2.976219e+02;2.022757e-20
2.976719e+02;2.022566e-20
2.977219e+02;2.022374e-20
2.977719e+02;2.022183e-20
2.978219e+02;2.021992e-20
2.978719e+02;2.021801e-20
2.979219e+02;2.021609e-20
2.979719e+02;2.021418e-20
2.980219e+02;2.021227e-20
2.980719e+02;2.021036e-20
2.981219e+02;2.020845e-20
2.981719e+02;2.020654e-20
2.982219e+02;2.020463e-20
2.982719e+02;2.020272e-20
2.983219e+02;2.020081e-20
2.983719e+02;2.019890e-20
2.984219e+02;2.019699e-20
2.984719e+02;2.019508e-20
2.985219e+02;2.019317e-20
2.985719e+02;2.019126e-20
2.986219e+02;2.018936e-20
2.986719e+02;2.018745e-20
2.987219e+02;2.018554e-20
2.987720e+02;2.018363e-20
2.988220e+02;2.018173e-20
2.988720e+02;2.017982e-20
2.989220e+02;2.017791e-20
2.989720e+02;2.017601e-20
2.990220e+02;2.017410e-20
2.990720e+02;2.017220e-20
2.991220e+02;2.017029e-20
2.991720e+02;2.016839e-20
2.992220e+02;2.016648e-20
2.992720e+02;2.016458e-20
2.993220e+02;2.016268e-20
2.993720e+02;2.016077e-20
2.994220e+02;2.015887e-20
2.994720e+02;2.015697e-20
2.995220e+02;2.015506e-20
2.995720e+02;2.015316e-20
2.996220e+02;2.015126e-20
2.996720e+02;2.014936e-20
2.997220e+02;2.014746e-20
2.997720e+02;2.014555e-20
2.998220e+02;2.014365e-20
2.998720e+02;2.014175e-20
2.999220e+02;2.013985e-20
2.999720e+02;2.013795e-20
3.000220e+02;2.013605e-20
3.000720e+02;2.013415e-20
3.001220e+02;2.013225e-20
3.001720e+02;2.013035e-20
3.002220e+02;2.012846e-20
3.002720e+02;2.012656e-20
3.003220e+02;2.012466e-20
3.003720e+02;2.012276e-20
3.004220e+02;2.012086e-20
3.004720e+02;2.011897e-20
3.005220e+02;2.011707e-20
3.005720e+02;2.011517e-20
3.006220e+02;2.011328e-20
3.006720e+02;2.011138e-20
3.007220e+02;2.010949e-20
3.007720e+02;2.010759e-20
3.008220e+02;2.010570e-20
3.008720e+02;2.010380e-20
3.009220e+02;2.010191e-20
3.009720e+02;2.010001e-20
3.010220e+02;2.009812e-20
3.010720e+02;2.009622e-20
3.011220e+02;2.009433e-20
3.011720e+02;2.009244e-20
3.012220e+02;2.009055e-20
3.012721e+02;2.008865e-20
3.013221e+02;2.008676e-20
3.013721e+02;2.008487e-20
3.014221e+02;2.008298e-20
3.014721e+02;2.008109e-20
3.015221e+02;2.007919e-20
3.015721e+02;2.007730e-20
3.016221e+02;2.007541e-20
3.016721e+02;2.007352e-20
3.017221e+02;2.007163e-20
3.017721e+02;2.006974e-20
3.018221e+02;2.006785e-20
3.018721e+02;2.006597e-20
3.019221e+02;2.006408e-20
3.019721e+02;2.006219e-20
3.020221e+02;2.006030e-20
3.020721e+02;2.005841e-20
3.021221e+02;2.005653e-20
3.021721e+02;2.005464e-20
3.022221e+02;2.005275e-20
3.022721e+02;2.005086e-20
3.023221e+02;2.004898e-20
3.023721e+02;2.004709e-20
3.024221e+02;2.004521e-20
3.024721e+02;2.004332e-20
3.025221e+02;2.004144e-20
3.025721e+02;2.003955e-20
3.026221e+02;2.003767e-20
3.026721e+02;2.003578e-20
3.027221e+02;2.003390e-20
3.027721e+02;2.003201e-20
3.028221e+02;2.003013e-20
3.028721e+02;2.002825e-20
3.029221e+02;2.002636e-20
3.029721e+02;2.002448e-20
3.030221e+02;2.002260e-20
3.030721e+02;2.002072e-20
3.031221e+02;2.001884e-20
3.031721e+02;2.001695e-20
3.032221e+02;2.001507e-20
3.032721e+02;2.001319e-20
3.033221e+02;2.001131e-20
3.033721e+02;2.000943e-20
3.034221e+02;2.000755e-20
3.034721e+02;2.000567e-20
3.035221e+02;2.000379e-20
3.035721e+02;2.000191e-20
3.036221e+02;2.000003e-20
3.036721e+02;1.999815e-20
3.037221e+02;1.999628e-20
3.037722e+02;1.999440e-20
3.038222e+02;1.999252e-20
3.038722e+02;1.999064e-20
3.039222e+02;1.998877e-20
3.039722e+02;1.998689e-20
3.040222e+02;1.998501e-20
3.040722e+02;1.998314e-20
3.041222e+02;1.998126e-20
3.041722e+02;1.997939e-20
3.042222e+02;1.997751e-20
3.042722e+02;1.997563e-20
3.043222e+02;1.997376e-20
3.043722e+02;1.997189e-20
3.044222e+02;1.997001e-20
3.044722e+02;1.996814e-20
3.045222e+02;1.996626e-20
3.045722e+02;1.996439e-20
3.046222e+02;1.996252e-20
3.046722e+02;1.996064e-20
3.047222e+02;1.995877e-20
3.047722e+02;1.995690e-20
3.048222e+02;1.995503e-20
3.048722e+02;1.995316e-20
3.049222e+02;1.995128e-20
3.049722e+02;1.994941e-20
3.050222e+02;1.994754e-20
3.050722e+02;1.994567e-20
3.051222e+02;1.994380e-20
3.051722e+02;1.994193e-20
3.052222e+02;1.994006e-20
3.052722e+02;1.993819e-20
3.053222e+02;1.993632e-20
3.053722e+02;1.993446e-20
3.054222e+02;1.993259e-20
3.054722e+02;1.993072e-20
3.055222e+02;1.992885e-20
3.055722e+02;1.992698e-20
3.056222e+02;1.992512e-20
3.056722e+02;1.992325e-20
3.057222e+02;1.992138e-20
3.057722e+02;1.991952e-20
3.058222e+02;1.991765e-20
3.058722e+02;1.991578e-20
3.059222e+02;1.991392e-20
3.059722e+02;1.991205e-20
3.060222e+02;1.991019e-20
3.060722e+02;1.990832e-20
3.061222e+02;1.990646e-20
3.061722e+02;1.990459e-20
3.062222e+02;1.990273e-20
3.062723e+02;1.990087e-20
3.063223e+02;1.989900e-20
3.063723e+02;1.989714e-20
3.064223e+02;1.989528e-20
3.064723e+02;1.989342e-20
3.065223e+02;1.989155e-20
3.065723e+02;1.988969e-20
3.066223e+02;1.988783e-20
3.066723e+02;1.988597e-20
3.067223e+02;1.988411e-20
3.067723e+02;1.988225e-20
3.068223e+02;1.988039e-20
3.068723e+02;1.987853e-20
3.069223e+02;1.987667e-20
3.069723e+02;1.987481e-20
3.070223e+02;1.987295e-20
3.070723e+02;1.987109e-20
3.071223e+02;1.986923e-20
3.071723e+02;1.986737e-20
3.072223e+02;1.986551e-20
3.072723e+02;1.986366e-20
3.073223e+02;1.986180e-20
3.073723e+02;1.985994e-20
3.074223e+02;1.985808e-20
3.074723e+02;1.985623e-20
3.075223e+02;1.985437e-20
3.075723e+02;1.985252e-20
3.076223e+02;1.985066e-20
3.076723e+02;1.984880e-20
3.077223e+02;1.984695e-20
3.077723e+02;1.984509e-20
3.078223e+02;1.984324e-20
3.078723e+02;1.984138e-20
3.079223e+02;1.983953e-20
3.079723e+02;1.983768e-20
3.080223e+02;1.983582e-20
3.080723e+02;1.983397e-20
3.081223e+02;1.983212e-20
3.081723e+02;1.983026e-20
3.082223e+02;1.982841e-20
3.082723e+02;1.982656e-20
3.083223e+02;1.982471e-20
3.083723e+02;1.982286e-20
3.084223e+02;1.982101e-20
3.084723e+02;1.981915e-20
3.085223e+02;1.981730e-20
3.085723e+02;1.981545e-20
3.086223e+02;1.981360e-20
3.086723e+02;1.981175e-20
3.087223e+02;1.980990e-20
3.087724e+02;1.980805e-20
3.088224e+02;1.980621e-20
3.088724e+02;1.980436e-20
3.089224e+02;1.980251e-20
3.089724e+02;1.980066e-20
3.090224e+02;1.979881e-20
3.090724e+02;1.979697e-20
3.091224e+02;1.979512e-20
3.091724e+02;1.979327e-20
3.092224e+02;1.979142e-20
3.092724e+02;1.978958e-20
3.093224e+02;1.978773e-20
3.093724e+02;1.978589e-20
3.094224e+02;1.978404e-20
3.094724e+02;1.978220e-20
3.095224e+02;1.978035e-20
3.095724e+02;1.977851e-20
3.096224e+02;1.977666e-20
3.096724e+02;1.977482e-20
3.097224e+02;1.977297e-20
3.097724e+02;1.977113e-20
3.098224e+02;1.976929e-20
3.098724e+02;1.976744e-20
3.099224e+02;1.976560e-20
3.099724e+02;1.976376e-20
3.100224e+02;1.976192e-20
3.100724e+02;1.976008e-20
3.101224e+02;1.975823e-20
3.101724e+02;1.975639e-20
3.102224e+02;1.975455e-20
3.102724e+02;1.975271e-20
3.103224e+02;1.975087e-20
3.103724e+02;1.974903e-20
3.104224e+02;1.974719e-20
3.104724e+02;1.974535e-20
3.105224e+02;1.974351e-20
3.105724e+02;1.974167e-20
3.106224e+02;1.973983e-20
3.106724e+02;1.973800e-20
3.107224e+02;1.973616e-20
3.107724e+02;1.973432e-20
3.108224e+02;1.973248e-20
3.108724e+02;1.973065e-20
3.109224e+02;1.972881e-20
3.109724e+02;1.972697e-20
3.110224e+02;1.972514e-20
3.110724e+02;1.972330e-20
3.111224e+02;1.972146e-20
3.111724e+02;1.971963e-20
3.112224e+02;1.971779e-20
3.112725e+02;1.971596e-20
3.113225e+02;1.971412e-20
3.113725e+02;1.971229e-20
3.114225e+02;1.971045e-20
3.114725e+02;1.970862e-20
3.115225e+02;1.970679e-20
3.115725e+02;1.970495e-20
3.116225e+02;1.970312e-20
3.116725e+02;1.970129e-20
3.117225e+02;1.969946e-20
3.117725e+02;1.969762e-20
3.118225e+02;1.969579e-20
3.118725e+02;1.969396e-20
3.119225e+02;1.969213e-20
3.119725e+02;1.969030e-20
3.120225e+02;1.968847e-20
3.120725e+02;1.968664e-20
3.121225e+02;1.968481e-20
3.121725e+02;1.968298e-20
3.122225e+02;1.968115e-20
3.122725e+02;1.967932e-20
3.123225e+02;1.967749e-20
3.123725e+02;1.967566e-20
3.124225e+02;1.967383e-20
3.124725e+02;1.967200e-20
3.125225e+02;1.967018e-20
3.125725e+02;1.966835e-20
3.126225e+02;1.966652e-20
3.126725e+02;1.966469e-20
3.127225e+02;1.966287e-20
3.127725e+02;1.966104e-20
3.128225e+02;1.965921e-20
3.128725e+02;1.965739e-20
3.129225e+02;1.965556e-20
3.129725e+02;1.965374e-20
3.130225e+02;1.965191e-20
3.130725e+02;1.965009e-20
3.131225e+02;1.964826e-20
3.131725e+02;1.964644e-20
3.132225e+02;1.964462e-20
3.132725e+02;1.964279e-20
3.133225e+02;1.964097e-20
3.133725e+02;1.963915e-20
3.134225e+02;1.963732e-20
3.134725e+02;1.963550e-20
3.135225e+02;1.963368e-20
3.135725e+02;1.963186e-20
3.136225e+02;1.963003e-20
3.136725e+02;1.962821e-20
3.137225e+02;1.962639e-20
3.137726e+02;1.962457e-20
3.138226e+02;1.962275e-20
3.138726e+02;1.962093e-20
3.139226e+02;1.961911e-20
3.139726e+02;1.961729e-20
3.140226e+02;1.961547e-20
3.140726e+02;1.961365e-20
3.141226e+02;1.961183e-20
3.141726e+02;1.961002e-20
3.142226e+02;1.960820e-20
3.142726e+02;1.960638e-20
3.143226e+02;1.960456e-20
3.143726e+02;1.960274e-20
3.144226e+02;1.960093e-20
3.144726e+02;1.959911e-20
3.145226e+02;1.959729e-20
3.145726e+02;1.959548e-20
3.146226e+02;1.959366e-20
3.146726e+02;1.959185e-20
3.147226e+02;1.959003e-20
3.147726e+02;1.958821e-20
3.148226e+02;1.958640e-20
3.148726e+02;1.958459e-20
3.149226e+02;1.958277e-20
3.149726e+02;1.958096e-20
3.150226e+02;1.957914e-20
3.150726e+02;1.957733e-20
3.151226e+02;1.957552e-20
3.151726e+02;1.957370e-20
3.152226e+02;1.957189e-20
3.152726e+02;1.957008e-20
3.153226e+02;1.956827e-20
3.153726e+02;1.956645e-20
3.154226e+02;1.956464e-20
3.154726e+02;1.956283e-20
3.155226e+02;1.956102e-20
3.155726e+02;1.955921e-20
3.156226e+02;1.955740e-20
3.156726e+02;1.955559e-20
3.157226e+02;1.955378e-20
3.157726e+02;1.955197e-20
3.158226e+02;1.955016e-20
3.158726e+02;1.954835e-20
3.159226e+02;1.954654e-20
3.159726e+02;1.954474e-20
3.160226e+02;1.954293e-20
3.160726e+02;1.954112e-20
3.161226e+02;1.953931e-20
3.161726e+02;1.953750e-20
3.162226e+02;1.953570e-20
3.162727e+02;1.953389e-20
3.163227e+02;1.953208e-20
3.163727e+02;1.953028e-20
3.164227e+02;1.952847e-20
3.164727e+02;1.952667e-20
3.165227e+02;1.952486e-20
3.165727e+02;1.952306e-20
3.166227e+02;1.952125e-20
3.166727e+02;1.951945e-20
3.167227e+02;1.951764e-20
3.167727e+02;1.951584e-20
3.168227e+02;1.951404e-20
3.168727e+02;1.951223e-20
3.169227e+02;1.951043e-20
3.169727e+02;1.950863e-20
3.170227e+02;1.950682e-20
3.170727e+02;1.950502e-20
3.171227e+02;1.950322e-20
3.171727e+02;1.950142e-20
3.172227e+02;1.949962e-20
3.172727e+02;1.949782e-20
3.173227e+02;1.949602e-20
3.173727e+02;1.949421e-20
3.174227e+02;1.949241e-20
3.174727e+02;1.949061e-20
3.175227e+02;1.948881e-20
3.175727e+02;1.948702e-20
3.176227e+02;1.948522e-20
3.176727e+02;1.948342e-20
3.177227e+02;1.948162e-20
3.177727e+02;1.947982e-20
3.178227e+02;1.947802e-20
3.178727e+02;1.947622e-20
3.179227e+02;1.947443e-20
3.179727e+02;1.947263e-20
3.180227e+02;1.947083e-20
3.180727e+02;1.946904e-20
3.181227e+02;1.946724e-20
3.181727e+02;1.946544e-20
3.182227e+02;1.946365e-20
3.182727e+02;1.946185e-20
3.183227e+02;1.946006e-20
3.183727e+02;1.945826e-20
3.184227e+02;1.945647e-20
3.184727e+02;1.945467e-20
3.185227e+02;1.945288e-20
3.185727e+02;1.945109e-20
3.186227e+02;1.944929e-20
3.186727e+02;1.944750e-20
3.187227e+02;1.944571e-20
3.187728e+02;1.944391e-20
3.188228e+02;1.944212e-20
3.188728e+02;1.944033e-20
3.189228e+02;1.943854e-20
3.189728e+02;1.943674e-20
3.190228e+02;1.943495e-20
3.190728e+02;1.943316e-20
3.191228e+02;1.943137e-20
3.191728e+02;1.942958e-20
3.192228e+02;1.942779e-20
3.192728e+02;1.942600e-20
3.193228e+02;1.942421e-20
3.193728e+02;1.942242e-20
3.194228e+02;1.942063e-20
3.194728e+02;1.941884e-20
3.195228e+02;1.941706e-20
3.195728e+02;1.941527e-20
3.196228e+02;1.941348e-20
3.196728e+02;1.941169e-20
3.197228e+02;1.940990e-20
3.197728e+02;1.940812e-20
3.198228e+02;1.940633e-20
3.198728e+02;1.940454e-20
3.199228e+02;1.940276e-20
3.199728e+02;1.940097e-20
3.200228e+02;1.939919e-20
3.200728e+02;1.939740e-20
3.201228e+02;1.939562e-20
3.201728e+02;1.939383e-20
3.202228e+02;1.939205e-20
3.202728e+02;1.939026e-20
3.203228e+02;1.938848e-20
3.203728e+02;1.938669e-20
3.204228e+02;1.938491e-20
3.204728e+02;1.938313e-20
3.205228e+02;1.938134e-20
3.205728e+02;1.937956e-20
3.206228e+02;1.937778e-20
3.206728e+02;1.937600e-20
3.207228e+02;1.937421e-20
3.207728e+02;1.937243e-20
3.208228e+02;1.937065e-20
3.208728e+02;1.936887e-20
3.209228e+02;1.936709e-20
3.209728e+02;1.936531e-20
3.210228e+02;1.936353e-20
3.210728e+02;1.936175e-20
3.211228e+02;1.935997e-20
3.211728e+02;1.935819e-20
3.212228e+02;1.935641e-20
3.212729e+02;1.935463e-20
3.213229e+02;1.935285e-20
3.213729e+02;1.935108e-20
3.214229e+02;1.934930e-20
3.214729e+02;1.934752e-20
3.215229e+02;1.934574e-20
3.215729e+02;1.934397e-20
3.216229e+02;1.934219e-20
3.216729e+02;1.934041e-20
3.217229e+02;1.933864e-20
3.217729e+02;1.933686e-20
3.218229e+02;1.933508e-20
3.218729e+02;1.933331e-20
3.219229e+02;1.933153e-20
3.219729e+02;1.932976e-20
3.220229e+02;1.932798e-20
3.220729e+02;1.932621e-20
3.221229e+02;1.932443e-20
3.221729e+02;1.932266e-20
3.222229e+02;1.932089e-20
3.222729e+02;1.931911e-20
3.223229e+02;1.931734e-20
3.223729e+02;1.931557e-20
3.224229e+02;1.931380e-20
3.224729e+02;1.931202e-20
3.225229e+02;1.931025e-20
3.225729e+02;1.930848e-20
3.226229e+02;1.930671e-20
3.226729e+02;1.930494e-20
3.227229e+02;1.930317e-20
3.227729e+02;1.930140e-20
3.228229e+02;1.929963e-20
3.228729e+02;1.929786e-20
3.229229e+02;1.929609e-20
3.229729e+02;1.929432e-20
3.230229e+02;1.929255e-20
3.230729e+02;1.929078e-20
3.231229e+02;1.928901e-20
3.231729e+02;1.928724e-20
3.232229e+02;1.928547e-20
3.232729e+02;1.928371e-20
3.233229e+02;1.928194e-20
3.233729e+02;1.928017e-20
3.234229e+02;1.927840e-20
3.234729e+02;1.927664e-20
3.235229e+02;1.927487e-20
3.235729e+02;1.927311e-20
3.236229e+02;1.927134e-20
3.236729e+02;1.926957e-20
3.237229e+02;1.926781e-20
3.237730e+02;1.926604e-20
3.238230e+02;1.926428e-20
3.238730e+02;1.926251e-20
3.239230e+02;1.926075e-20
3.239730e+02;1.925899e-20
3.240230e+02;1.925722e-20
3.240730e+02;1.925546e-20
3.241230e+02;1.925370e-20
3.241730e+02;1.925193e-20
3.242230e+02;1.925017e-20
3.242730e+02;1.924841e-20
3.243230e+02;1.924665e-20
3.243730e+02;1.924489e-20
3.244230e+02;1.924312e-20
3.244730e+02;1.924136e-20
3.245230e+02;1.923960e-20
3.245730e+02;1.923784e-20
3.246230e+02;1.923608e-20
3.246730e+02;1.923432e-20
3.247230e+02;1.923256e-20
3.247730e+02;1.923080e-20
3.248230e+02;1.922904e-20
3.248730e+02;1.922728e-20
3.249230e+02;1.922552e-20
3.249730e+02;1.922377e-20
3.250230e+02;1.922201e-20
3.250730e+02;1.922025e-20
3.251230e+02;1.921849e-20
3.251730e+02;1.921674e-20
3.252230e+02;1.921498e-20
3.252730e+02;1.921322e-20
3.253230e+02;1.921147e-20
3.253730e+02;1.920971e-20
3.254230e+02;1.920795e-20
3.254730e+02;1.920620e-20
3.255230e+02;1.920444e-20
3.255730e+02;1.920269e-20
3.256230e+02;1.920093e-20
3.256730e+02;1.919918e-20
3.257230e+02;1.919742e-20
3.257730e+02;1.919567e-20
3.258230e+02;1.919392e-20
3.258730e+02;1.919216e-20
3.259230e+02;1.919041e-20
3.259730e+02;1.918866e-20
3.260230e+02;1.918690e-20
3.260730e+02;1.918515e-20
3.261230e+02;1.918340e-20
3.261730e+02;1.918165e-20
3.262230e+02;1.917989e-20
3.262731e+02;1.917814e-20
3.263231e+02;1.917639e-20
3.263731e+02;1.917464e-20
3.264231e+02;1.917289e-20
3.264731e+02;1.917114e-20
3.265231e+02;1.916939e-20
3.265731e+02;1.916764e-20
3.266231e+02;1.916589e-20
3.266731e+02;1.916414e-20
3.267231e+02;1.916239e-20
3.267731e+02;1.916065e-20
3.268231e+02;1.915890e-20
3.268731e+02;1.915715e-20
3.269231e+02;1.915540e-20
3.269731e+02;1.915365e-20
3.270231e+02;1.915191e-20
3.270731e+02;1.915016e-20
3.271231e+02;1.914841e-20
3.271731e+02;1.914667e-20
3.272231e+02;1.914492e-20
3.272731e+02;1.914317e-20
3.273231e+02;1.914143e-20
3.273731e+02;1.913968e-20
3.274231e+02;1.913794e-20
3.274731e+02;1.913619e-20
3.275231e+02;1.913445e-20
3.275731e+02;1.913271e-20
3.276231e+02;1.913096e-20
3.276731e+02;1.912922e-20
3.277231e+02;1.912747e-20
3.277731e+02;1.912573e-20
3.278231e+02;1.912399e-20
3.278731e+02;1.912225e-20
3.279231e+02;1.912050e-20
3.279731e+02;1.911876e-20
3.280231e+02;1.911702e-20
3.280731e+02;1.911528e-20
3.281231e+02;1.911354e-20
3.281731e+02;1.911180e-20
3.282231e+02;1.911006e-20
3.282731e+02;1.910832e-20
3.283231e+02;1.910658e-20
3.283731e+02;1.910484e-20
3.284231e+02;1.910310e-20
3.284731e+02;1.910136e-20
3.285231e+02;1.909962e-20
3.285731e+02;1.909788e-20
3.286231e+02;1.909614e-20
3.286731e+02;1.909440e-20
3.287231e+02;1.909266e-20
3.287732e+02;1.909093e-20
3.288232e+02;1.908919e-20
3.288732e+02;1.908745e-20
3.289232e+02;1.908571e-20
3.289732e+02;1.908398e-20
3.290232e+02;1.908224e-20
3.290732e+02;1.908051e-20
3.291232e+02;1.907877e-20
3.291732e+02;1.907703e-20
3.292232e+02;1.907530e-20
3.292732e+02;1.907356e-20
3.293232e+02;1.907183e-20
3.293732e+02;1.907009e-20
3.294232e+02;1.906836e-20
3.294732e+02;1.906663e-20
3.295232e+02;1.906489e-20
3.295732e+02;1.906316e-20
3.296232e+02;1.906143e-20
3.296732e+02;1.905969e-20
3.297232e+02;1.905796e-20
3.297732e+02;1.905623e-20
3.298232e+02;1.905450e-20
3.298732e+02;1.905277e-20
3.299232e+02;1.905103e-20
3.299732e+02;1.904930e-20
3.300232e+02;1.904757e-20
3.300732e+02;1.904584e-20
3.301232e+02;1.904411e-20
3.301732e+02;1.904238e-20
3.302232e+02;1.904065e-20
3.302732e+02;1.903892e-20
3.303232e+02;1.903719e-20
3.303732e+02;1.903546e-20
3.304232e+02;1.903373e-20
3.304732e+02;1.903201e-20
3.305232e+02;1.903028e-20
3.305732e+02;1.902855e-20
3.306232e+02;1.902682e-20
3.306732e+02;1.902509e-20
3.307232e+02;1.902337e-20
3.307732e+02;1.902164e-20
3.308232e+02;1.901991e-20
3.308732e+02;1.901819e-20
3.309232e+02;1.901646e-20
3.309732e+02;1.901474e-20
3.310232e+02;1.901301e-20
3.310732e+02;1.901128e-20
3.311232e+02;1.900956e-20
3.311732e+02;1.900784e-20
3.312232e+02;1.900611e-20
3.312733e+02;1.900439e-20
3.313233e+02;1.900266e-20
3.313733e+02;1.900094e-20
3.314233e+02;1.899922e-20
3.314733e+02;1.899749e-20
3.315233e+02;1.899577e-20
3.315733e+02;1.899405e-20
3.316233e+02;1.899232e-20
3.316733e+02;1.899060e-20
3.317233e+02;1.898888e-20
3.317733e+02;1.898716e-20
3.318233e+02;1.898544e-20
3.318733e+02;1.898372e-20
3.319233e+02;1.898200e-20
3.319733e+02;1.898028e-20
3.320233e+02;1.897856e-20
3.320733e+02;1.897684e-20
3.321233e+02;1.897512e-20
3.321733e+02;1.897340e-20
3.322233e+02;1.897168e-20
3.322733e+02;1.896996e-20
3.323233e+02;1.896824e-20
3.323733e+02;1.896652e-20
3.324233e+02;1.896480e-20
3.324733e+02;1.896309e-20
3.325233e+02;1.896137e-20
3.325733e+02;1.895965e-20
3.326233e+02;1.895794e-20
3.326733e+02;1.895622e-20
3.327233e+02;1.895450e-20
3.327733e+02;1.895279e-20
3.328233e+02;1.895107e-20
3.328733e+02;1.894935e-20
3.329233e+02;1.894764e-20
3.329733e+02;1.894592e-20
3.330233e+02;1.894421e-20
3.330733e+02;1.894249e-20
3.331233e+02;1.894078e-20
3.331733e+02;1.893907e-20
3.332233e+02;1.893735e-20
3.332733e+02;1.893564e-20
3.333233e+02;1.893393e-20
3.333733e+02;1.893221e-20
3.334233e+02;1.893050e-20
3.334733e+02;1.892879e-20
3.335233e+02;1.892708e-20
3.335733e+02;1.892536e-20
3.336233e+02;1.892365e-20
3.336733e+02;1.892194e-20
3.337233e+02;1.892023e-20
3.337734e+02;1.891852e-20
3.338234e+02;1.891681e-20
3.338734e+02;1.891510e-20
3.339234e+02;1.891339e-20
3.339734e+02;1.891168e-20
3.340234e+02;1.890997e-20
3.340734e+02;1.890826e-20
3.341234e+02;1.890655e-20
3.341734e+02;1.890484e-20
3.342234e+02;1.890313e-20
3.342734e+02;1.890143e-20
3.343234e+02;1.889972e-20
3.343734e+02;1.889801e-20
3.344234e+02;1.889630e-20
3.344734e+02;1.889460e-20
3.345234e+02;1.889289e-20
3.345734e+02;1.889118e-20
3.346234e+02;1.888948e-20
3.346734e+02;1.888777e-20
3.347234e+02;1.888607e-20
3.347734e+02;1.888436e-20
3.348234e+02;1.888266e-20
3.348734e+02;1.888095e-20
3.349234e+02;1.887925e-20
3.349734e+02;1.887754e-20
3.350234e+02;1.887584e-20
3.350734e+02;1.887413e-20
3.351234e+02;1.887243e-20
3.351734e+02;1.887073e-20
3.352234e+02;1.886902e-20
3.352734e+02;1.886732e-20
3.353234e+02;1.886562e-20
3.353734e+02;1.886392e-20
3.354234e+02;1.886221e-20
3.354734e+02;1.886051e-20
3.355234e+02;1.885881e-20
3.355734e+02;1.885711e-20
3.356234e+02;1.885541e-20
3.356734e+02;1.885371e-20
3.357234e+02;1.885201e-20
3.357734e+02;1.885031e-20
3.358234e+02;1.884861e-20
3.358734e+02;1.884691e-20
3.359234e+02;1.884521e-20
3.359734e+02;1.884351e-20
3.360234e+02;1.884181e-20
3.360734e+02;1.884011e-20
3.361234e+02;1.883841e-20
3.361734e+02;1.883672e-20
3.362234e+02;1.883502e-20
3.362735e+02;1.883332e-20
3.363235e+02;1.883162e-20
3.363735e+02;1.882993e-20
3.364235e+02;1.882823e-20
3.364735e+02;1.882653e-20
3.365235e+02;1.882484e-20
3.365735e+02;1.882314e-20
3.366235e+02;1.882145e-20
3.366735e+02;1.881975e-20
3.367235e+02;1.881806e-20
3.367735e+02;1.881636e-20
3.368235e+02;1.881467e-20
3.368735e+02;1.881297e-20
3.369235e+02;1.881128e-20
3.369735e+02;1.880958e-20
3.370235e+02;1.880789e-20
3.370735e+02;1.880620e-20
3.371235e+02;1.880450e-20
3.371735e+02;1.880281e-20
3.372235e+02;1.880112e-20
3.372735e+02;1.879943e-20
3.373235e+02;1.879774e-20
3.373735e+02;1.879604e-20
3.374235e+02;1.879435e-20
3.374735e+02;1.879266e-20
3.375235e+02;1.879097e-20
3.375735e+02;1.878928e-20
3.376235e+02;1.878759e-20
3.376735e+02;1.878590e-20
3.377235e+02;1.878421e-20
3.377735e+02;1.878252e-20
3.378235e+02;1.878083e-20
3.378735e+02;1.877914e-20
3.379235e+02;1.877745e-20
3.379735e+02;1.877576e-20
3.380235e+02;1.877408e-20
3.380735e+02;1.877239e-20
3.381235e+02;1.877070e-20
3.381735e+02;1.876901e-20
3.382235e+02;1.876733e-20
3.382735e+02;1.876564e-20
3.383235e+02;1.876395e-20
3.383735e+02;1.876227e-20
3.384235e+02;1.876058e-20
3.384735e+02;1.875889e-20
3.385235e+02;1.875721e-20
3.385735e+02;1.875552e-20
3.386235e+02;1.875384e-20
3.386735e+02;1.875215e-20
3.387235e+02;1.875047e-20
3.387736e+02;1.874878e-20
3.388236e+02;1.874710e-20
3.388736e+02;1.874542e-20
3.389236e+02;1.874373e-20
3.389736e+02;1.874205e-20
3.390236e+02;1.874037e-20
3.390736e+02;1.873868e-20
3.391236e+02;1.873700e-20
3.391736e+02;1.873532e-20
3.392236e+02;1.873364e-20
3.392736e+02;1.873196e-20
3.393236e+02;1.873027e-20
3.393736e+02;1.872859e-20
3.394236e+02;1.872691e-20
3.394736e+02;1.872523e-20
3.395236e+02;1.872355e-20
3.395736e+02;1.872187e-20
3.396236e+02;1.872019e-20
3.396736e+02;1.871851e-20
3.397236e+02;1.871683e-20
3.397736e+02;1.871515e-20
3.398236e+02;1.871348e-20
3.398736e+02;1.871180e-20
3.399236e+02;1.871012e-20
3.399736e+02;1.870844e-20
3.400236e+02;1.870676e-20
3.400736e+02;1.870509e-20
3.401236e+02;1.870341e-20
3.401736e+02;1.870173e-20
3.402236e+02;1.870005e-20
3.402736e+02;1.869838e-20
3.403236e+02;1.869670e-20
3.403736e+02;1.869503e-20
3.404236e+02;1.869335e-20
3.404736e+02;1.869168e-20
3.405236e+02;1.869000e-20
3.405736e+02;1.868833e-20
3.406236e+02;1.868665e-20
3.406736e+02;1.868498e-20
3.407236e+02;1.868330e-20
3.407736e+02;1.868163e-20
3.408236e+02;1.867996e-20
3.408736e+02;1.867828e-20
3.409236e+02;1.867661e-20
3.409736e+02;1.867494e-20
3.410236e+02;1.867326e-20
3.410736e+02;1.867159e-20
3.411236e+02;1.866992e-20
3.411736e+02;1.866825e-20
3.412236e+02;1.866658e-20
3.412737e+02;1.866491e-20
3.413237e+02;1.866323e-20
3.413737e+02;1.866156e-20
3.414237e+02;1.865989e-20
3.414737e+02;1.865822e-20
3.415237e+02;1.865655e-20
3.415737e+02;1.865488e-20
3.416237e+02;1.865321e-20
3.416737e+02;1.865155e-20
3.417237e+02;1.864988e-20
3.417737e+02;1.864821e-20
3.418237e+02;1.864654e-20
3.418737e+02;1.864487e-20
3.419237e+02;1.864320e-20
3.419737e+02;1.864154e-20
3.420237e+02;1.863987e-20
3.420737e+02;1.863820e-20
3.421237e+02;1.863654e-20
3.421737e+02;1.863487e-20
3.422237e+02;1.863320e-20
3.422737e+02;1.863154e-20
3.423237e+02;1.862987e-20
3.423737e+02;1.862821e-20
3.424237e+02;1.862654e-20
3.424737e+02;1.862488e-20
3.425237e+02;1.862321e-20
3.425737e+02;1.862155e-20
3.426237e+02;1.861988e-20
3.426737e+02;1.861822e-20
3.427237e+02;1.861655e-20
3.427737e+02;1.861489e-20
3.428237e+02;1.861323e-20
3.428737e+02;1.861157e-20
3.429237e+02;1.860990e-20
3.429737e+02;1.860824e-20
3.430237e+02;1.860658e-20
3.430737e+02;1.860492e-20
3.431237e+02;1.860326e-20
3.431737e+02;1.860159e-20
3.432237e+02;1.859993e-20
3.432737e+02;1.859827e-20
3.433237e+02;1.859661e-20
3.433737e+02;1.859495e-20
3.434237e+02;1.859329e-20
3.434737e+02;1.859163e-20
3.435237e+02;1.858997e-20
3.435737e+02;1.858831e-20
3.436237e+02;1.858665e-20
3.436737e+02;1.858500e-20
3.437237e+02;1.858334e-20
3.437738e+02;1.858168e-20
3.438238e+02;1.858002e-20
3.438738e+02;1.857836e-20
3.439238e+02;1.857671e-20
3.439738e+02;1.857505e-20
3.440238e+02;1.857339e-20
3.440738e+02;1.857174e-20
3.441238e+02;1.857008e-20
3.441738e+02;1.856842e-20
3.442238e+02;1.856677e-20
3.442738e+02;1.856511e-20
3.443238e+02;1.856346e-20
3.443738e+02;1.856180e-20
3.444238e+02;1.856015e-20
3.444738e+02;1.855849e-20
3.445238e+02;1.855684e-20
3.445738e+02;1.855518e-20
3.446238e+02;1.855353e-20
3.446738e+02;1.855188e-20
3.447238e+02;1.855022e-20
3.447738e+02;1.854857e-20
3.448238e+02;1.854692e-20
3.448738e+02;1.854526e-20
3.449238e+02;1.854361e-20
3.449738e+02;1.854196e-20
3.450238e+02;1.854031e-20
3.450738e+02;1.853866e-20
3.451238e+02;1.853701e-20
3.451738e+02;1.853535e-20
3.452238e+02;1.853370e-20
3.452738e+02;1.853205e-20
3.453238e+02;1.853040e-20
3.453738e+02;1.852875e-20
3.454238e+02;1.852710e-20
3.454738e+02;1.852545e-20
3.455238e+02;1.852381e-20
3.455738e+02;1.852216e-20
3.456238e+02;1.852051e-20
3.456738e+02;1.851886e-20
3.457238e+02;1.851721e-20
3.457738e+02;1.851556e-20
3.458238e+02;1.851392e-20
3.458738e+02;1.851227e-20
3.459238e+02;1.851062e-20
3.459738e+02;1.850897e-20
3.460238e+02;1.850733e-20
3.460738e+02;1.850568e-20
3.461238e+02;1.850404e-20
3.461738e+02;1.850239e-20
3.462238e+02;1.850074e-20
3.462739e+02;1.849910e-20
3.463239e+02;1.849745e-20
3.463739e+02;1.849581e-20
3.464239e+02;1.849416e-20
3.464739e+02;1.849252e-20
3.465239e+02;1.849088e-20
3.465739e+02;1.848923e-20
3.466239e+02;1.848759e-20
3.466739e+02;1.848595e-20
3.467239e+02;1.848430e-20
3.467739e+02;1.848266e-20
3.468239e+02;1.848102e-20
3.468739e+02;1.847938e-20
3.469239e+02;1.847773e-20
3.469739e+02;1.847609e-20
3.470239e+02;1.847445e-20
3.470739e+02;1.847281e-20
3.471239e+02;1.847117e-20
3.471739e+02;1.846953e-20
3.472239e+02;1.846789e-20
3.472739e+02;1.846625e-20
3.473239e+02;1.846461e-20
3.473739e+02;1.846297e-20
3.474239e+02;1.846133e-20
3.474739e+02;1.845969e-20
3.475239e+02;1.845805e-20
3.475739e+02;1.845641e-20
3.476239e+02;1.845477e-20
3.476739e+02;1.845313e-20
3.477239e+02;1.845150e-20
3.477739e+02;1.844986e-20
3.478239e+02;1.844822e-20
3.478739e+02;1.844658e-20
3.479239e+02;1.844495e-20
3.479739e+02;1.844331e-20
3.480239e+02;1.844168e-20
3.480739e+02;1.844004e-20
3.481239e+02;1.843840e-20
3.481739e+02;1.843677e-20
3.482239e+02;1.843513e-20
3.482739e+02;1.843350e-20
3.483239e+02;1.843186e-20
3.483739e+02;1.843023e-20
3.484239e+02;1.842859e-20
3.484739e+02;1.842696e-20
3.485239e+02;1.842533e-20
3.485739e+02;1.842369e-20
3.486239e+02;1.842206e-20
3.486739e+02;1.842043e-20
3.487239e+02;1.841879e-20
3.487740e+02;1.841716e-20
3.488240e+02;1.841553e-20
3.488740e+02;1.841390e-20
3.489240e+02;1.841226e-20
3.489740e+02;1.841063e-20
3.490240e+02;1.840900e-20
3.490740e+02;1.840737e-20
3.491240e+02;1.840574e-20
3.491740e+02;1.840411e-20
3.492240e+02;1.840248e-20
3.492740e+02;1.840085e-20
3.493240e+02;1.839922e-20
3.493740e+02;1.839759e-20
3.494240e+02;1.839596e-20
3.494740e+02;1.839433e-20
3.495240e+02;1.839270e-20
3.495740e+02;1.839107e-20
3.496240e+02;1.838945e-20
3.496740e+02;1.838782e-20
3.497240e+02;1.838619e-20
3.497740e+02;1.838456e-20
3.498240e+02;1.838294e-20
3.498740e+02;1.838131e-20
3.499240e+02;1.837968e-20
3.499740e+02;1.837806e-20
3.500240e+02;1.837643e-20
3.500740e+02;1.837480e-20
3.501240e+02;1.837318e-20
3.501740e+02;1.837155e-20
3.502240e+02;1.836993e-20
3.502740e+02;1.836830e-20
3.503240e+02;1.836668e-20
3.503740e+02;1.836505e-20
3.504240e+02;1.836343e-20
3.504740e+02;1.836181e-20
3.505240e+02;1.836018e-20
3.505740e+02;1.835856e-20
3.506240e+02;1.835694e-20
3.506740e+02;1.835531e-20
3.507240e+02;1.835369e-20
3.507740e+02;1.835207e-20
3.508240e+02;1.835045e-20
3.508740e+02;1.834882e-20
3.509240e+02;1.834720e-20
3.509740e+02;1.834558e-20
3.510240e+02;1.834396e-20
3.510740e+02;1.834234e-20
3.511240e+02;1.834072e-20
3.511740e+02;1.833910e-20
3.512240e+02;1.833748e-20
3.512741e+02;1.833586e-20
3.513241e+02;1.833424e-20
3.513741e+02;1.833262e-20
3.514241e+02;1.833100e-20
3.514741e+02;1.832938e-20
3.515241e+02;1.832776e-20
3.515741e+02;1.832614e-20
3.516241e+02;1.832453e-20
3.516741e+02;1.832291e-20
3.517241e+02;1.832129e-20
3.517741e+02;1.831967e-20
3.518241e+02;1.831806e-20
3.518741e+02;1.831644e-20
3.519241e+02;1.831482e-20
3.519741e+02;1.831321e-20
3.520241e+02;1.831159e-20
3.520741e+02;1.830998e-20
3.521241e+02;1.830836e-20
3.521741e+02;1.830674e-20
3.522241e+02;1.830513e-20
3.522741e+02;1.830351e-20
3.523241e+02;1.830190e-20
3.523741e+02;1.830029e-20
3.524241e+02;1.829867e-20
3.524741e+02;1.829706e-20
3.525241e+02;1.829544e-20
3.525741e+02;1.829383e-20
3.526241e+02;1.829222e-20
3.526741e+02;1.829061e-20
3.527241e+02;1.828899e-20
3.527741e+02;1.828738e-20
3.528241e+02;1.828577e-20
3.528741e+02;1.828416e-20
3.529241e+02;1.828255e-20
3.529741e+02;1.828093e-20
3.530241e+02;1.827932e-20
3.530741e+02;1.827771e-20
3.531241e+02;1.827610e-20
3.531741e+02;1.827449e-20
3.532241e+02;1.827288e-20
3.532741e+02;1.827127e-20
3.533241e+02;1.826966e-20
3.533741e+02;1.826805e-20
3.534241e+02;1.826644e-20
3.534741e+02;1.826483e-20
3.535241e+02;1.826323e-20
3.535741e+02;1.826162e-20
3.536241e+02;1.826001e-20
3.536741e+02;1.825840e-20
3.537241e+02;1.825679e-20
3.537742e+02;1.825519e-20
3.538242e+02;1.825358e-20
3.538742e+02;1.825197e-20
3.539242e+02;1.825037e-20
3.539742e+02;1.824876e-20
3.540242e+02;1.824715e-20
3.540742e+02;1.824555e-20
3.541242e+02;1.824394e-20
3.541742e+02;1.824234e-20
3.542242e+02;1.824073e-20
3.542742e+02;1.823913e-20
3.543242e+02;1.823752e-20
3.543742e+02;1.823592e-20
3.544242e+02;1.823432e-20
3.544742e+02;1.823271e-20
3.545242e+02;1.823111e-20
3.545742e+02;1.822950e-20
3.546242e+02;1.822790e-20
3.546742e+02;1.822630e-20
3.547242e+02;1.822470e-20
3.547742e+02;1.822309e-20
3.548242e+02;1.822149e-20
3.548742e+02;1.821989e-20
3.549242e+02;1.821829e-20
3.549742e+02;1.821669e-20
3.550242e+02;1.821509e-20
3.550742e+02;1.821349e-20
3.551242e+02;1.821189e-20
3.551742e+02;1.821029e-20
3.552242e+02;1.820869e-20
3.552742e+02;1.820709e-20
3.553242e+02;1.820549e-20
3.553742e+02;1.820389e-20
3.554242e+02;1.820229e-20
3.554742e+02;1.820069e-20
3.555242e+02;1.819909e-20
3.555742e+02;1.819749e-20
3.556242e+02;1.819589e-20
3.556742e+02;1.819430e-20
3.557242e+02;1.819270e-20
3.557742e+02;1.819110e-20
3.558242e+02;1.818950e-20
3.558742e+02;1.818791e-20
3.559242e+02;1.818631e-20
3.559742e+02;1.818471e-20
3.560242e+02;1.818312e-20
3.560742e+02;1.818152e-20
3.561242e+02;1.817993e-20
3.561742e+02;1.817833e-20
3.562242e+02;1.817674e-20
3.562743e+02;1.817514e-20
3.563243e+02;1.817355e-20
3.563743e+02;1.817195e-20
3.564243e+02;1.817036e-20
3.564743e+02;1.816877e-20
3.565243e+02;1.816717e-20
3.565743e+02;1.816558e-20
3.566243e+02;1.816399e-20
3.566743e+02;1.816239e-20
3.567243e+02;1.816080e-20
3.567743e+02;1.815921e-20
3.568243e+02;1.815762e-20
3.568743e+02;1.815602e-20
3.569243e+02;1.815443e-20
3.569743e+02;1.815284e-20
3.570243e+02;1.815125e-20
3.570743e+02;1.814966e-20
3.571243e+02;1.814807e-20
3.571743e+02;1.814648e-20
3.572243e+02;1.814489e-20
3.572743e+02;1.814330e-20
3.573243e+02;1.814171e-20
3.573743e+02;1.814012e-20
3.574243e+02;1.813853e-20
3.574743e+02;1.813694e-20
3.575243e+02;1.813535e-20
3.575743e+02;1.813376e-20
3.576243e+02;1.813218e-20
3.576743e+02;1.813059e-20
3.577243e+02;1.812900e-20
3.577743e+02;1.812741e-20
3.578243e+02;1.812583e-20
3.578743e+02;1.812424e-20
3.579243e+02;1.812265e-20
3.579743e+02;1.812107e-20
3.580243e+02;1.811948e-20
3.580743e+02;1.811789e-20
3.581243e+02;1.811631e-20
3.581743e+02;1.811472e-20
3.582243e+02;1.811314e-20
3.582743e+02;1.811155e-20
3.583243e+02;1.810997e-20
3.583743e+02;1.810838e-20
3.584243e+02;1.810680e-20
3.584743e+02;1.810521e-20
3.585243e+02;1.810363e-20
3.585743e+02;1.810205e-20
3.586243e+02;1.810046e-20
3.586743e+02;1.809888e-20
3.587243e+02;1.809730e-20
3.587744e+02;1.809572e-20
3.588244e+02;1.809413e-20
3.588744e+02;1.809255e-20
3.589244e+02;1.809097e-20
3.589744e+02;1.808939e-20
3.590244e+02;1.808781e-20
3.590744e+02;1.808623e-20
3.591244e+02;1.808465e-20
3.591744e+02;1.808307e-20
3.592244e+02;1.808149e-20
3.592744e+02;1.807991e-20
3.593244e+02;1.807833e-20
3.593744e+02;1.807675e-20
3.594244e+02;1.807517e-20
3.594744e+02;1.807359e-20
3.595244e+02;1.807201e-20
3.595744e+02;1.807043e-20
3.596244e+02;1.806885e-20
3.596744e+02;1.806727e-20
3.597244e+02;1.806570e-20
3.597744e+02;1.806412e-20
3.598244e+02;1.806254e-20
3.598744e+02;1.806096e-20
3.599244e+02;1.805939e-20
3.599744e+02;1.805781e-20
3.600244e+02;1.805623e-20
3.600744e+02;1.805466e-20
3.601244e+02;1.805308e-20
3.601744e+02;1.805151e-20
3.602244e+02;1.804993e-20
3.602744e+02;1.804836e-20
3.603244e+02;1.804678e-20
3.603744e+02;1.804521e-20
3.604244e+02;1.804363e-20
3.604744e+02;1.804206e-20
3.605244e+02;1.804048e-20
3.605744e+02;1.803891e-20
3.606244e+02;1.803734e-20
3.606744e+02;1.803576e-20
3.607244e+02;1.803419e-20
3.607744e+02;1.803262e-20
3.608244e+02;1.803105e-20
3.608744e+02;1.802947e-20
3.609244e+02;1.802790e-20
3.609744e+02;1.802633e-20
3.610244e+02;1.802476e-20
3.610744e+02;1.802319e-20
3.611244e+02;1.802162e-20
3.611744e+02;1.802005e-20
3.612244e+02;1.801848e-20
3.612745e+02;1.801691e-20
3.613245e+02;1.801534e-20
3.613745e+02;1.801377e-20
3.614245e+02;1.801220e-20
3.614745e+02;1.801063e-20
3.615245e+02;1.800906e-20
3.615745e+02;1.800749e-20
3.616245e+02;1.800592e-20
3.616745e+02;1.800435e-20
3.617245e+02;1.800278e-20
3.617745e+02;1.800122e-20
3.618245e+02;1.799965e-20
3.618745e+02;1.799808e-20
3.619245e+02;1.799652e-20
3.619745e+02;1.799495e-20
3.620245e+02;1.799338e-20
3.620745e+02;1.799182e-20
3.621245e+02;1.799025e-20
3.621745e+02;1.798868e-20
3.622245e+02;1.798712e-20
3.622745e+02;1.798555e-20
3.623245e+02;1.798399e-20
3.623745e+02;1.798242e-20
3.624245e+02;1.798086e-20
3.624745e+02;1.797929e-20
3.625245e+02;1.797773e-20
3.625745e+02;1.797617e-20
3.626245e+02;1.797460e-20
3.626745e+02;1.797304e-20
3.627245e+02;1.797148e-20
3.627745e+02;1.796991e-20
3.628245e+02;1.796835e-20
3.628745e+02;1.796679e-20
3.629245e+02;1.796522e-20
3.629745e+02;1.796366e-20
3.630245e+02;1.796210e-20
3.630745e+02;1.796054e-20
3.631245e+02;1.795898e-20
3.631745e+02;1.795742e-20
3.632245e+02;1.795586e-20
3.632745e+02;1.795430e-20
3.633245e+02;1.795274e-20
3.633745e+02;1.795118e-20
3.634245e+02;1.794962e-20
3.634745e+02;1.794806e-20
3.635245e+02;1.794650e-20
3.635745e+02;1.794494e-20
3.636245e+02;1.794338e-20
3.636745e+02;1.794182e-20
3.637245e+02;1.794026e-20
3.637746e+02;1.793870e-20
3.638246e+02;1.793715e-20
3.638746e+02;1.793559e-20
3.639246e+02;1.793403e-20
3.639746e+02;1.793247e-20
3.640246e+02;1.793092e-20
3.640746e+02;1.792936e-20
3.641246e+02;1.792780e-20
3.641746e+02;1.792625e-20
3.642246e+02;1.792469e-20
3.642746e+02;1.792314e-20
3.643246e+02;1.792158e-20
3.643746e+02;1.792003e-20
3.644246e+02;1.791847e-20
3.644746e+02;1.791692e-20
3.645246e+02;1.791536e-20
3.645746e+02;1.791381e-20
3.646246e+02;1.791225e-20
3.646746e+02;1.791070e-20
3.647246e+02;1.790915e-20
3.647746e+02;1.790759e-20
3.648246e+02;1.790604e-20
3.648746e+02;1.790449e-20
3.649246e+02;1.790294e-20
3.649746e+02;1.790138e-20
3.650246e+02;1.789983e-20
3.650746e+02;1.789828e-20
3.651246e+02;1.789673e-20
3.651746e+02;1.789518e-20
3.652246e+02;1.789363e-20
3.652746e+02;1.789207e-20
3.653246e+02;1.789052e-20
3.653746e+02;1.788897e-20
3.654246e+02;1.788742e-20
3.654746e+02;1.788587e-20
3.655246e+02;1.788432e-20
3.655746e+02;1.788277e-20
3.656246e+02;1.788123e-20
3.656746e+02;1.787968e-20
3.657246e+02;1.787813e-20
3.657746e+02;1.787658e-20
3.658246e+02;1.787503e-20
3.658746e+02;1.787348e-20
3.659246e+02;1.787194e-20
3.659746e+02;1.787039e-20
3.660246e+02;1.786884e-20
3.660746e+02;1.786729e-20
3.661246e+02;1.786575e-20
3.661746e+02;1.786420e-20
3.662246e+02;1.786265e-20
3.662747e+02;1.786111e-20
3.663247e+02;1.785956e-20
3.663747e+02;1.785802e-20
3.664247e+02;1.785647e-20
3.664747e+02;1.785493e-20
3.665247e+02;1.785338e-20
3.665747e+02;1.785184e-20
3.666247e+02;1.785029e-20
3.666747e+02;1.784875e-20
3.667247e+02;1.784720e-20
3.667747e+02;1.784566e-20
3.668247e+02;1.784412e-20
3.668747e+02;1.784257e-20
3.669247e+02;1.784103e-20
3.669747e+02;1.783949e-20
3.670247e+02;1.783795e-20
3.670747e+02;1.783640e-20
3.671247e+02;1.783486e-20
3.671747e+02;1.783332e-20
3.672247e+02;1.783178e-20
3.672747e+02;1.783024e-20
3.673247e+02;1.782870e-20
3.673747e+02;1.782715e-20
3.674247e+02;1.782561e-20
3.674747e+02;1.782407e-20
3.675247e+02;1.782253e-20
3.675747e+02;1.782099e-20
3.676247e+02;1.781945e-20
3.676747e+02;1.781792e-20
3.677247e+02;1.781638e-20
3.677747e+02;1.781484e-20
3.678247e+02;1.781330e-20
3.678747e+02;1.781176e-20
3.679247e+02;1.781022e-20
3.679747e+02;1.780868e-20
3.680247e+02;1.780715e-20
3.680747e+02;1.780561e-20
3.681247e+02;1.780407e-20
3.681747e+02;1.780253e-20
3.682247e+02;1.780100e-20
3.682747e+02;1.779946e-20
3.683247e+02;1.779793e-20
3.683747e+02;1.779639e-20
3.684247e+02;1.779485e-20
3.684747e+02;1.779332e-20
3.685247e+02;1.779178e-20
3.685747e+02;1.779025e-20
3.686247e+02;1.778871e-20
3.686747e+02;1.778718e-20
3.687247e+02;1.778564e-20
3.687748e+02;1.778411e-20
3.688248e+02;1.778258e-20
3.688748e+02;1.778104e-20
3.689248e+02;1.777951e-20
3.689748e+02;1.777798e-20
3.690248e+02;1.777644e-20
3.690748e+02;1.777491e-20
3.691248e+02;1.777338e-20
3.691748e+02;1.777184e-20
3.692248e+02;1.777031e-20
3.692748e+02;1.776878e-20
3.693248e+02;1.776725e-20
3.693748e+02;1.776572e-20
3.694248e+02;1.776419e-20
3.694748e+02;1.776266e-20
3.695248e+02;1.776113e-20
3.695748e+02;1.775960e-20
3.696248e+02;1.775807e-20
3.696748e+02;1.775654e-20
3.697248e+02;1.775501e-20
3.697748e+02;1.775348e-20
3.698248e+02;1.775195e-20
3.698748e+02;1.775042e-20
3.699248e+02;1.774889e-20
3.699748e+02;1.774736e-20
3.700248e+02;1.774583e-20
3.700748e+02;1.774430e-20
3.701248e+02;1.774278e-20
3.701748e+02;1.774125e-20
3.702248e+02;1.773972e-20
3.702748e+02;1.773820e-20
3.703248e+02;1.773667e-20
3.703748e+02;1.773514e-20
3.704248e+02;1.773362e-20
3.704748e+02;1.773209e-20
3.705248e+02;1.773056e-20
3.705748e+02;1.772904e-20
3.706248e+02;1.772751e-20
3.706748e+02;1.772599e-20
3.707248e+02;1.772446e-20
3.707748e+02;1.772294e-20
3.708248e+02;1.772141e-20
3.708748e+02;1.771989e-20
3.709248e+02;1.771837e-20
3.709748e+02;1.771684e-20
3.710248e+02;1.771532e-20
3.710748e+02;1.771379e-20
3.711248e+02;1.771227e-20
3.711748e+02;1.771075e-20
3.712248e+02;1.770923e-20
3.712749e+02;1.770770e-20
3.713249e+02;1.770618e-20
3.713749e+02;1.770466e-20
3.714249e+02;1.770314e-20
3.714749e+02;1.770162e-20
3.715249e+02;1.770010e-20
3.715749e+02;1.769858e-20
3.716249e+02;1.769705e-20
3.716749e+02;1.769553e-20
3.717249e+02;1.769401e-20
3.717749e+02;1.769249e-20
3.718249e+02;1.769097e-20
3.718749e+02;1.768945e-20
3.719249e+02;1.768794e-20
3.719749e+02;1.768642e-20
3.720249e+02;1.768490e-20
3.720749e+02;1.768338e-20
3.721249e+02;1.768186e-20
3.721749e+02;1.768034e-20
3.722249e+02;1.767882e-20
3.722749e+02;1.767731e-20
3.723249e+02;1.767579e-20
3.723749e+02;1.767427e-20
3.724249e+02;1.767276e-20
3.724749e+02;1.767124e-20
3.725249e+02;1.766972e-20
3.725749e+02;1.766821e-20
3.726249e+02;1.766669e-20
3.726749e+02;1.766517e-20
3.727249e+02;1.766366e-20
3.727749e+02;1.766214e-20
3.728249e+02;1.766063e-20
3.728749e+02;1.765911e-20
3.729249e+02;1.765760e-20
3.729749e+02;1.765609e-20
3.730249e+02;1.765457e-20
3.730749e+02;1.765306e-20
3.731249e+02;1.765154e-20
3.731749e+02;1.765003e-20
3.732249e+02;1.764852e-20
3.732749e+02;1.764700e-20
3.733249e+02;1.764549e-20
3.733749e+02;1.764398e-20
3.734249e+02;1.764247e-20
3.734749e+02;1.764095e-20
3.735249e+02;1.763944e-20
3.735749e+02;1.763793e-20
3.736249e+02;1.763642e-20
3.736749e+02;1.763491e-20
3.737249e+02;1.763340e-20
3.737750e+02;1.763189e-20
3.738250e+02;1.763038e-20
3.738750e+02;1.762887e-20
3.739250e+02;1.762736e-20
3.739750e+02;1.762585e-20
3.740250e+02;1.762434e-20
3.740750e+02;1.762283e-20
3.741250e+02;1.762132e-20
3.741750e+02;1.761981e-20
3.742250e+02;1.761830e-20
3.742750e+02;1.761679e-20
3.743250e+02;1.761529e-20
3.743750e+02;1.761378e-20
3.744250e+02;1.761227e-20
3.744750e+02;1.761076e-20
3.745250e+02;1.760926e-20
3.745750e+02;1.760775e-20
3.746250e+02;1.760624e-20
3.746750e+02;1.760474e-20
3.747250e+02;1.760323e-20
3.747750e+02;1.760172e-20
3.748250e+02;1.760022e-20
3.748750e+02;1.759871e-20
3.749250e+02;1.759721e-20
3.749750e+02;1.759570e-20
3.750250e+02;1.759420e-20
3.750750e+02;1.759269e-20
3.751250e+02;1.759119e-20
3.751750e+02;1.758968e-20
3.752250e+02;1.758818e-20
3.752750e+02;1.758668e-20
3.753250e+02;1.758517e-20
3.753750e+02;1.758367e-20
3.754250e+02;1.758217e-20
3.754750e+02;1.758067e-20
3.755250e+02;1.757916e-20
3.755750e+02;1.757766e-20
3.756250e+02;1.757616e-20
3.756750e+02;1.757466e-20
3.757250e+02;1.757315e-20
3.757750e+02;1.757165e-20
3.758250e+02;1.757015e-20
3.758750e+02;1.756865e-20
3.759250e+02;1.756715e-20
3.759750e+02;1.756565e-20
3.760250e+02;1.756415e-20
3.760750e+02;1.756265e-20
3.761250e+02;1.756115e-20
3.761750e+02;1.755965e-20
3.762250e+02;1.755815e-20
3.762751e+02;1.755665e-20
3.763251e+02;1.755515e-20
3.763751e+02;1.755366e-20
3.764251e+02;1.755216e-20
3.764751e+02;1.755066e-20
3.765251e+02;1.754916e-20
3.765751e+02;1.754766e-20
3.766251e+02;1.754617e-20
3.766751e+02;1.754467e-20
3.767251e+02;1.754317e-20
3.767751e+02;1.754168e-20
3.768251e+02;1.754018e-20
3.768751e+02;1.753868e-20
3.769251e+02;1.753719e-20
3.769751e+02;1.753569e-20
3.770251e+02;1.753420e-20
3.770751e+02;1.753270e-20
3.771251e+02;1.753121e-20
3.771751e+02;1.752971e-20
3.772251e+02;1.752822e-20
3.772751e+02;1.752672e-20
3.773251e+02;1.752523e-20
3.773751e+02;1.752373e-20
3.774251e+02;1.752224e-20
3.774751e+02;1.752075e-20
3.775251e+02;1.751925e-20
3.775751e+02;1.751776e-20
3.776251e+02;1.751627e-20
3.776751e+02;1.751477e-20
3.777251e+02;1.751328e-20
3.777751e+02;1.751179e-20
3.778251e+02;1.751030e-20
3.778751e+02;1.750881e-20
3.779251e+02;1.750732e-20
3.779751e+02;1.750582e-20
3.780251e+02;1.750433e-20
3.780751e+02;1.750284e-20
3.781251e+02;1.750135e-20
3.781751e+02;1.749986e-20
3.782251e+02;1.749837e-20
3.782751e+02;1.749688e-20
3.783251e+02;1.749539e-20
3.783751e+02;1.749390e-20
3.784251e+02;1.749241e-20
3.784751e+02;1.749092e-20
3.785251e+02;1.748944e-20
3.785751e+02;1.748795e-20
3.786251e+02;1.748646e-20
3.786751e+02;1.748497e-20
3.787251e+02;1.748348e-20
3.787752e+02;1.748200e-20
3.788252e+02;1.748051e-20
3.788752e+02;1.747902e-20
3.789252e+02;1.747754e-20
3.789752e+02;1.747605e-20
3.790252e+02;1.747456e-20
3.790752e+02;1.747308e-20
3.791252e+02;1.747159e-20
3.791752e+02;1.747010e-20
3.792252e+02;1.746862e-20
3.792752e+02;1.746713e-20
3.793252e+02;1.746565e-20
3.793752e+02;1.746416e-20
3.794252e+02;1.746268e-20
3.794752e+02;1.746120e-20
3.795252e+02;1.745971e-20
3.795752e+02;1.745823e-20
3.796252e+02;1.745674e-20
3.796752e+02;1.745526e-20
3.797252e+02;1.745378e-20
3.797752e+02;1.745229e-20
3.798252e+02;1.745081e-20
3.798752e+02;1.744933e-20
3.799252e+02;1.744785e-20
3.799752e+02;1.744636e-20
3.800252e+02;1.744488e-20
3.800752e+02;1.744340e-20
3.801252e+02;1.744192e-20
3.801752e+02;1.744044e-20
3.802252e+02;1.743896e-20
3.802752e+02;1.743748e-20
3.803252e+02;1.743600e-20
3.803752e+02;1.743452e-20
3.804252e+02;1.743304e-20
3.804752e+02;1.743156e-20
3.805252e+02;1.743008e-20
3.805752e+02;1.742860e-20
3.806252e+02;1.742712e-20
3.806752e+02;1.742564e-20
3.807252e+02;1.742416e-20
3.807752e+02;1.742268e-20
3.808252e+02;1.742120e-20
3.808752e+02;1.741973e-20
3.809252e+02;1.741825e-20
3.809752e+02;1.741677e-20
3.810252e+02;1.741529e-20
3.810752e+02;1.741382e-20
3.811252e+02;1.741234e-20
3.811752e+02;1.741086e-20
3.812252e+02;1.740939e-20
3.812753e+02;1.740791e-20
3.813253e+02;1.740644e-20
3.813753e+02;1.740496e-20
3.814253e+02;1.740348e-20
3.814753e+02;1.740201e-20
3.815253e+02;1.740053e-20
3.815753e+02;1.739906e-20
3.816253e+02;1.739759e-20
3.816753e+02;1.739611e-20
3.817253e+02;1.739464e-20
3.817753e+02;1.739316e-20
3.818253e+02;1.739169e-20
3.818753e+02;1.739022e-20
3.819253e+02;1.738874e-20
3.819753e+02;1.738727e-20
3.820253e+02;1.738580e-20
3.820753e+02;1.738432e-20
3.821253e+02;1.738285e-20
3.821753e+02;1.738138e-20
3.822253e+02;1.737991e-20
3.822753e+02;1.737844e-20
3.823253e+02;1.737697e-20
3.823753e+02;1.737549e-20
3.824253e+02;1.737402e-20
3.824753e+02;1.737255e-20
3.825253e+02;1.737108e-20
3.825753e+02;1.736961e-20
3.826253e+02;1.736814e-20
3.826753e+02;1.736667e-20
3.827253e+02;1.736520e-20
3.827753e+02;1.736373e-20
3.828253e+02;1.736226e-20
3.828753e+02;1.736080e-20
3.829253e+02;1.735933e-20
3.829753e+02;1.735786e-20
3.830253e+02;1.735639e-20
3.830753e+02;1.735492e-20
3.831253e+02;1.735345e-20
3.831753e+02;1.735199e-20
3.832253e+02;1.735052e-20
3.832753e+02;1.734905e-20
3.833253e+02;1.734759e-20
3.833753e+02;1.734612e-20
3.834253e+02;1.734465e-20
3.834753e+02;1.734319e-20
3.835253e+02;1.734172e-20
3.835753e+02;1.734025e-20
3.836253e+02;1.733879e-20
3.836753e+02;1.733732e-20
3.837253e+02;1.733586e-20
3.837754e+02;1.733439e-20
3.838254e+02;1.733293e-20
3.838754e+02;1.733146e-20
3.839254e+02;1.733000e-20
3.839754e+02;1.732854e-20
3.840254e+02;1.732707e-20
3.840754e+02;1.732561e-20
3.841254e+02;1.732415e-20
3.841754e+02;1.732268e-20
3.842254e+02;1.732122e-20
3.842754e+02;1.731976e-20
3.843254e+02;1.731830e-20
3.843754e+02;1.731683e-20
3.844254e+02;1.731537e-20
3.844754e+02;1.731391e-20
3.845254e+02;1.731245e-20
3.845754e+02;1.731099e-20
3.846254e+02;1.730953e-20
3.846754e+02;1.730807e-20
3.847254e+02;1.730660e-20
3.847754e+02;1.730514e-20
3.848254e+02;1.730368e-20
3.848754e+02;1.730222e-20
3.849254e+02;1.730076e-20
3.849754e+02;1.729931e-20
3.850254e+02;1.729785e-20
3.850754e+02;1.729639e-20
3.851254e+02;1.729493e-20
3.851754e+02;1.729347e-20
3.852254e+02;1.729201e-20
3.852754e+02;1.729055e-20
3.853254e+02;1.728910e-20
3.853754e+02;1.728764e-20
3.854254e+02;1.728618e-20
3.854754e+02;1.728472e-20
3.855254e+02;1.728327e-20
3.855754e+02;1.728181e-20
3.856254e+02;1.728035e-20
3.856754e+02;1.727890e-20
3.857254e+02;1.727744e-20
3.857754e+02;1.727598e-20
3.858254e+02;1.727453e-20
3.858754e+02;1.727307e-20
3.859254e+02;1.727162e-20
3.859754e+02;1.727016e-20
3.860254e+02;1.726871e-20
3.860754e+02;1.726725e-20
3.861254e+02;1.726580e-20
3.861754e+02;1.726435e-20
3.862254e+02;1.726289e-20
3.862755e+02;1.726144e-20
3.863255e+02;1.725998e-20
3.863755e+02;1.725853e-20
3.864255e+02;1.725708e-20
3.864755e+02;1.725563e-20
3.865255e+02;1.725417e-20
3.865755e+02;1.725272e-20
3.866255e+02;1.725127e-20
3.866755e+02;1.724982e-20
3.867255e+02;1.724836e-20
3.867755e+02;1.724691e-20
3.868255e+02;1.724546e-20
3.868755e+02;1.724401e-20
3.869255e+02;1.724256e-20
3.869755e+02;1.724111e-20
3.870255e+02;1.723966e-20
3.870755e+02;1.723821e-20
3.871255e+02;1.723676e-20
3.871755e+02;1.723531e-20
3.872255e+02;1.723386e-20
3.872755e+02;1.723241e-20
3.873255e+02;1.723096e-20
3.873755e+02;1.722951e-20
3.874255e+02;1.722806e-20
3.874755e+02;1.722662e-20
3.875255e+02;1.722517e-20
3.875755e+02;1.722372e-20
3.876255e+02;1.722227e-20
3.876755e+02;1.722083e-20
3.877255e+02;1.721938e-20
3.877755e+02;1.721793e-20
3.878255e+02;1.721648e-20
3.878755e+02;1.721504e-20
3.879255e+02;1.721359e-20
3.879755e+02;1.721215e-20
3.880255e+02;1.721070e-20
3.880755e+02;1.720925e-20
3.881255e+02;1.720781e-20
3.881755e+02;1.720636e-20
3.882255e+02;1.720492e-20
3.882755e+02;1.720347e-20
3.883255e+02;1.720203e-20
3.883755e+02;1.720058e-20
3.884255e+02;1.719914e-20
3.884755e+02;1.719770e-20
3.885255e+02;1.719625e-20
3.885755e+02;1.719481e-20
3.886255e+02;1.719337e-20
3.886755e+02;1.719192e-20
3.887255e+02;1.719048e-20
3.887756e+02;1.718904e-20
3.888256e+02;1.718760e-20
3.888756e+02;1.718615e-20
3.889256e+02;1.718471e-20
3.889756e+02;1.718327e-20
3.890256e+02;1.718183e-20
3.890756e+02;1.718039e-20
3.891256e+02;1.717895e-20
3.891756e+02;1.717751e-20
3.892256e+02;1.717606e-20
3.892756e+02;1.717462e-20
3.893256e+02;1.717318e-20
3.893756e+02;1.717174e-20
3.894256e+02;1.717030e-20
3.894756e+02;1.716886e-20
3.895256e+02;1.716743e-20
3.895756e+02;1.716599e-20
3.896256e+02;1.716455e-20
3.896756e+02;1.716311e-20
3.897256e+02;1.716167e-20
3.897756e+02;1.716023e-20
3.898256e+02;1.715879e-20
3.898756e+02;1.715736e-20
3.899256e+02;1.715592e-20
3.899756e+02;1.715448e-20
3.900256e+02;1.715304e-20
3.900756e+02;1.715161e-20
3.901256e+02;1.715017e-20
3.901756e+02;1.714874e-20
3.902256e+02;1.714730e-20
3.902756e+02;1.714586e-20
3.903256e+02;1.714443e-20
3.903756e+02;1.714299e-20
3.904256e+02;1.714156e-20
3.904756e+02;1.714012e-20
3.905256e+02;1.713869e-20
3.905756e+02;1.713725e-20
3.906256e+02;1.713582e-20
3.906756e+02;1.713438e-20
3.907256e+02;1.713295e-20
3.907756e+02;1.713152e-20
3.908256e+02;1.713008e-20
3.908756e+02;1.712865e-20
3.909256e+02;1.712722e-20
3.909756e+02;1.712578e-20
3.910256e+02;1.712435e-20
3.910756e+02;1.712292e-20
3.911256e+02;1.712148e-20
3.911756e+02;1.712005e-20
3.912256e+02;1.711862e-20
3.912757e+02;1.711719e-20
3.913257e+02;1.711576e-20
3.913757e+02;1.711433e-20
3.914257e+02;1.711290e-20
3.914757e+02;1.711147e-20
3.915257e+02;1.711003e-20
3.915757e+02;1.710860e-20
3.916257e+02;1.710717e-20
3.916757e+02;1.710574e-20
3.917257e+02;1.710431e-20
3.917757e+02;1.710289e-20
3.918257e+02;1.710146e-20
3.918757e+02;1.710003e-20
3.919257e+02;1.709860e-20
3.919757e+02;1.709717e-20
3.920257e+02;1.709574e-20
3.920757e+02;1.709431e-20
3.921257e+02;1.709289e-20
3.921757e+02;1.709146e-20
3.922257e+02;1.709003e-20
3.922757e+02;1.708860e-20
3.923257e+02;1.708718e-20
3.923757e+02;1.708575e-20
3.924257e+02;1.708432e-20
3.924757e+02;1.708290e-20
3.925257e+02;1.708147e-20
3.925757e+02;1.708004e-20
3.926257e+02;1.707862e-20
3.926757e+02;1.707719e-20
3.927257e+02;1.707577e-20
3.927757e+02;1.707434e-20
3.928257e+02;1.707292e-20
3.928757e+02;1.707149e-20
3.929257e+02;1.707007e-20
3.929757e+02;1.706864e-20
3.930257e+02;1.706722e-20
3.930757e+02;1.706580e-20
3.931257e+02;1.706437e-20
3.931757e+02;1.706295e-20
3.932257e+02;1.706153e-20
3.932757e+02;1.706010e-20
3.933257e+02;1.705868e-20
3.933757e+02;1.705726e-20
3.934257e+02;1.705584e-20
3.934757e+02;1.705441e-20
3.935257e+02;1.705299e-20
3.935757e+02;1.705157e-20
3.936257e+02;1.705015e-20
3.936757e+02;1.704873e-20
3.937257e+02;1.704731e-20
3.937758e+02;1.704589e-20
3.938258e+02;1.704447e-20
3.938758e+02;1.704305e-20
3.939258e+02;1.704163e-20
3.939758e+02;1.704021e-20
3.940258e+02;1.703879e-20
3.940758e+02;1.703737e-20
3.941258e+02;1.703595e-20
3.941758e+02;1.703453e-20
3.942258e+02;1.703311e-20
3.942758e+02;1.703169e-20
3.943258e+02;1.703027e-20
3.943758e+02;1.702885e-20
3.944258e+02;1.702744e-20
3.944758e+02;1.702602e-20
3.945258e+02;1.702460e-20
3.945758e+02;1.702318e-20
3.946258e+02;1.702177e-20
3.946758e+02;1.702035e-20
3.947258e+02;1.701893e-20
3.947758e+02;1.701752e-20
3.948258e+02;1.701610e-20
3.948758e+02;1.701469e-20
3.949258e+02;1.701327e-20
3.949758e+02;1.701185e-20
3.950258e+02;1.701044e-20
3.950758e+02;1.700902e-20
3.951258e+02;1.700761e-20
3.951758e+02;1.700619e-20
3.952258e+02;1.700478e-20
3.952758e+02;1.700337e-20
3.953258e+02;1.700195e-20
3.953758e+02;1.700054e-20
3.954258e+02;1.699912e-20
3.954758e+02;1.699771e-20
3.955258e+02;1.699630e-20
3.955758e+02;1.699488e-20
3.956258e+02;1.699347e-20
3.956758e+02;1.699206e-20
3.957258e+02;1.699065e-20
3.957758e+02;1.698923e-20
3.958258e+02;1.698782e-20
3.958758e+02;1.698641e-20
3.959258e+02;1.698500e-20
3.959758e+02;1.698359e-20
3.960258e+02;1.698218e-20
3.960758e+02;1.698077e-20
3.961258e+02;1.697936e-20
3.961758e+02;1.697795e-20
3.962258e+02;1.697654e-20
3.962759e+02;1.697513e-20
3.963259e+02;1.697372e-20
3.963759e+02;1.697231e-20
3.964259e+02;1.697090e-20
3.964759e+02;1.696949e-20
3.965259e+02;1.696808e-20
3.965759e+02;1.696667e-20
3.966259e+02;1.696526e-20
3.966759e+02;1.696385e-20
3.967259e+02;1.696245e-20
3.967759e+02;1.696104e-20
3.968259e+02;1.695963e-20
3.968759e+02;1.695822e-20
3.969259e+02;1.695682e-20
3.969759e+02;1.695541e-20
3.970259e+02;1.695400e-20
3.970759e+02;1.695259e-20
3.971259e+02;1.695119e-20
3.971759e+02;1.694978e-20
3.972259e+02;1.694838e-20
3.972759e+02;1.694697e-20
3.973259e+02;1.694557e-20
3.973759e+02;1.694416e-20
3.974259e+02;1.694276e-20
3.974759e+02;1.694135e-20
3.975259e+02;1.693995e-20
3.975759e+02;1.693854e-20
3.976259e+02;1.693714e-20
3.976759e+02;1.693573e-20
3.977259e+02;1.693433e-20
3.977759e+02;1.693293e-20
3.978259e+02;1.693152e-20
3.978759e+02;1.693012e-20
3.979259e+02;1.692872e-20
3.979759e+02;1.692731e-20
3.980259e+02;1.692591e-20
3.980759e+02;1.692451e-20
3.981259e+02;1.692311e-20
3.981759e+02;1.692170e-20
3.982259e+02;1.692030e-20
3.982759e+02;1.691890e-20
3.983259e+02;1.691750e-20
3.983759e+02;1.691610e-20
3.984259e+02;1.691470e-20
3.984759e+02;1.691330e-20
3.985259e+02;1.691190e-20
3.985759e+02;1.691050e-20
3.986259e+02;1.690910e-20
3.986759e+02;1.690770e-20
3.987259e+02;1.690630e-20
3.987760e+02;1.690490e-20
3.988260e+02;1.690350e-20
3.988760e+02;1.690210e-20
3.989260e+02;1.690070e-20
3.989760e+02;1.689930e-20
3.990260e+02;1.689791e-20
3.990760e+02;1.689651e-20
3.991260e+02;1.689511e-20
3.991760e+02;1.689371e-20
3.992260e+02;1.689232e-20
3.992760e+02;1.689092e-20
3.993260e+02;1.688952e-20
3.993760e+02;1.688812e-20
3.994260e+02;1.688673e-20
3.994760e+02;1.688533e-20
3.995260e+02;1.688394e-20
3.995760e+02;1.688254e-20
3.996260e+02;1.688114e-20
3.996760e+02;1.687975e-20
3.997260e+02;1.687835e-20
3.997760e+02;1.687696e-20
3.998260e+02;1.687556e-20
3.998760e+02;1.687417e-20
3.999260e+02;1.687277e-20
3.999760e+02;1.687138e-20
4.000260e+02;1.686999e-20
4.000760e+02;1.686859e-20
4.001260e+02;1.686720e-20
4.001760e+02;1.686581e-20
4.002260e+02;1.686441e-20
4.002760e+02;1.686302e-20
4.003260e+02;1.686163e-20
4.003760e+02;1.686023e-20
4.004260e+02;1.685884e-20
4.004760e+02;1.685745e-20
4.005260e+02;1.685606e-20
4.005760e+02;1.685467e-20
4.006260e+02;1.685327e-20
4.006760e+02;1.685188e-20
4.007260e+02;1.685049e-20
4.007760e+02;1.684910e-20
4.008260e+02;1.684771e-20
4.008760e+02;1.684632e-20
4.009260e+02;1.684493e-20
4.009760e+02;1.684354e-20
4.010260e+02;1.684215e-20
4.010760e+02;1.684076e-20
4.011260e+02;1.683937e-20
4.011760e+02;1.683798e-20
4.012260e+02;1.683659e-20
4.012761e+02;1.683520e-20
4.013261e+02;1.683382e-20
4.013761e+02;1.683243e-20
4.014261e+02;1.683104e-20
4.014761e+02;1.682965e-20
4.015261e+02;1.682826e-20
4.015761e+02;1.682688e-20
4.016261e+02;1.682549e-20
4.016761e+02;1.682410e-20
4.017261e+02;1.682272e-20
4.017761e+02;1.682133e-20
4.018261e+02;1.681994e-20
4.018761e+02;1.681856e-20
4.019261e+02;1.681717e-20
4.019761e+02;1.681578e-20
4.020261e+02;1.681440e-20
4.020761e+02;1.681301e-20
4.021261e+02;1.681163e-20
4.021761e+02;1.681024e-20
4.022261e+02;1.680886e-20
4.022761e+02;1.680747e-20
4.023261e+02;1.680609e-20
4.023761e+02;1.680471e-20
4.024261e+02;1.680332e-20
4.024761e+02;1.680194e-20
4.025261e+02;1.680055e-20
4.025761e+02;1.679917e-20
4.026261e+02;1.679779e-20
4.026761e+02;1.679641e-20
4.027261e+02;1.679502e-20
4.027761e+02;1.679364e-20
4.028261e+02;1.679226e-20
4.028761e+02;1.679088e-20
4.029261e+02;1.678949e-20
4.029761e+02;1.678811e-20
4.030261e+02;1.678673e-20
4.030761e+02;1.678535e-20
4.031261e+02;1.678397e-20
4.031761e+02;1.678259e-20
4.032261e+02;1.678121e-20
4.032761e+02;1.677983e-20
4.033261e+02;1.677845e-20
4.033761e+02;1.677707e-20
4.034261e+02;1.677569e-20
4.034761e+02;1.677431e-20
4.035261e+02;1.677293e-20
4.035761e+02;1.677155e-20
4.036261e+02;1.677017e-20
4.036761e+02;1.676879e-20
4.037261e+02;1.676741e-20
4.037762e+02;1.676604e-20
4.038262e+02;1.676466e-20
4.038762e+02;1.676328e-20
4.039262e+02;1.676190e-20
4.039762e+02;1.676052e-20
4.040262e+02;1.675915e-20
4.040762e+02;1.675777e-20
4.041262e+02;1.675639e-20
4.041762e+02;1.675502e-20
4.042262e+02;1.675364e-20
4.042762e+02;1.675226e-20
4.043262e+02;1.675089e-20
4.043762e+02;1.674951e-20
4.044262e+02;1.674814e-20
4.044762e+02;1.674676e-20
4.045262e+02;1.674539e-20
4.045762e+02;1.674401e-20
4.046262e+02;1.674264e-20
4.046762e+02;1.674126e-20
4.047262e+02;1.673989e-20
4.047762e+02;1.673851e-20
4.048262e+02;1.673714e-20
4.048762e+02;1.673577e-20
4.049262e+02;1.673439e-20
4.049762e+02;1.673302e-20
4.050262e+02;1.673165e-20
4.050762e+02;1.673027e-20
4.051262e+02;1.672890e-20
4.051762e+02;1.672753e-20
4.052262e+02;1.672616e-20
4.052762e+02;1.672478e-20
4.053262e+02;1.672341e-20
4.053762e+02;1.672204e-20
4.054262e+02;1.672067e-20
4.054762e+02;1.671930e-20
4.055262e+02;1.671793e-20
4.055762e+02;1.671656e-20
4.056262e+02;1.671519e-20
4.056762e+02;1.671382e-20
4.057262e+02;1.671244e-20
4.057762e+02;1.671108e-20
4.058262e+02;1.670971e-20
4.058762e+02;1.670834e-20
4.059262e+02;1.670697e-20
4.059762e+02;1.670560e-20
4.060262e+02;1.670423e-20
4.060762e+02;1.670286e-20
4.061262e+02;1.670149e-20
4.061762e+02;1.670012e-20
4.062262e+02;1.669875e-20
4.062763e+02;1.669739e-20
4.063263e+02;1.669602e-20
4.063763e+02;1.669465e-20
4.064263e+02;1.669328e-20
4.064763e+02;1.669192e-20
4.065263e+02;1.669055e-20
4.065763e+02;1.668918e-20
4.066263e+02;1.668782e-20
4.066763e+02;1.668645e-20
4.067263e+02;1.668508e-20
4.067763e+02;1.668372e-20
4.068263e+02;1.668235e-20
4.068763e+02;1.668099e-20
4.069263e+02;1.667962e-20
4.069763e+02;1.667826e-20
4.070263e+02;1.667689e-20
4.070763e+02;1.667553e-20
4.071263e+02;1.667416e-20
4.071763e+02;1.667280e-20
4.072263e+02;1.667144e-20
4.072763e+02;1.667007e-20
4.073263e+02;1.666871e-20
4.073763e+02;1.666735e-20
4.074263e+02;1.666598e-20
4.074763e+02;1.666462e-20
4.075263e+02;1.666326e-20
4.075763e+02;1.666189e-20
4.076263e+02;1.666053e-20
4.076763e+02;1.665917e-20
4.077263e+02;1.665781e-20
4.077763e+02;1.665645e-20
4.078263e+02;1.665508e-20
4.078763e+02;1.665372e-20
4.079263e+02;1.665236e-20
4.079763e+02;1.665100e-20
4.080263e+02;1.664964e-20
4.080763e+02;1.664828e-20
4.081263e+02;1.664692e-20
4.081763e+02;1.664556e-20
4.082263e+02;1.664420e-20
4.082763e+02;1.664284e-20
4.083263e+02;1.664148e-20
4.083763e+02;1.664012e-20
4.084263e+02;1.663876e-20
4.084763e+02;1.663740e-20
4.085263e+02;1.663604e-20
4.085763e+02;1.663469e-20
4.086263e+02;1.663333e-20
4.086763e+02;1.663197e-20
4.087263e+02;1.663061e-20
4.087764e+02;1.662925e-20
4.088264e+02;1.662790e-20
4.088764e+02;1.662654e-20
4.089264e+02;1.662518e-20
4.089764e+02;1.662383e-20
4.090264e+02;1.662247e-20
4.090764e+02;1.662111e-20
4.091264e+02;1.661976e-20
4.091764e+02;1.661840e-20
4.092264e+02;1.661704e-20
4.092764e+02;1.661569e-20
4.093264e+02;1.661433e-20
4.093764e+02;1.661298e-20
4.094264e+02;1.661162e-20
4.094764e+02;1.661027e-20
4.095264e+02;1.660891e-20
4.095764e+02;1.660756e-20
4.096264e+02;1.660621e-20
4.096764e+02;1.660485e-20
4.097264e+02;1.660350e-20
4.097764e+02;1.660214e-20
4.098264e+02;1.660079e-20
4.098764e+02;1.659944e-20
4.099264e+02;1.659808e-20
4.099764e+02;1.659673e-20
4.100264e+02;1.659538e-20
4.100764e+02;1.659403e-20
4.101264e+02;1.659268e-20
4.101764e+02;1.659132e-20
4.102264e+02;1.658997e-20
4.102764e+02;1.658862e-20
4.103264e+02;1.658727e-20
4.103764e+02;1.658592e-20
4.104264e+02;1.658457e-20
4.104764e+02;1.658322e-20
4.105264e+02;1.658187e-20
4.105764e+02;1.658052e-20
4.106264e+02;1.657917e-20
4.106764e+02;1.657782e-20
4.107264e+02;1.657647e-20
4.107764e+02;1.657512e-20
4.108264e+02;1.657377e-20
4.108764e+02;1.657242e-20
4.109264e+02;1.657107e-20
4.109764e+02;1.656972e-20
4.110264e+02;1.656837e-20
4.110764e+02;1.656702e-20
4.111264e+02;1.656568e-20
4.111764e+02;1.656433e-20
4.112264e+02;1.656298e-20
4.112765e+02;1.656163e-20
4.113265e+02;1.656029e-20
4.113765e+02;1.655894e-20
4.114265e+02;1.655759e-20
4.114765e+02;1.655624e-20
4.115265e+02;1.655490e-20
4.115765e+02;1.655355e-20
4.116265e+02;1.655221e-20
4.116765e+02;1.655086e-20
4.117265e+02;1.654951e-20
4.117765e+02;1.654817e-20
4.118265e+02;1.654682e-20
4.118765e+02;1.654548e-20
4.119265e+02;1.654413e-20
4.119765e+02;1.654279e-20
4.120265e+02;1.654144e-20
4.120765e+02;1.654010e-20
4.121265e+02;1.653876e-20
4.121765e+02;1.653741e-20
4.122265e+02;1.653607e-20
4.122765e+02;1.653473e-20
4.123265e+02;1.653338e-20
4.123765e+02;1.653204e-20
4.124265e+02;1.653070e-20
4.124765e+02;1.652935e-20
4.125265e+02;1.652801e-20
4.125765e+02;1.652667e-20
4.126265e+02;1.652533e-20
4.126765e+02;1.652399e-20
4.127265e+02;1.652264e-20
4.127765e+02;1.652130e-20
4.128265e+02;1.651996e-20
4.128765e+02;1.651862e-20
4.129265e+02;1.651728e-20
4.129765e+02;1.651594e-20
4.130265e+02;1.651460e-20
4.130765e+02;1.651326e-20
4.131265e+02;1.651192e-20
4.131765e+02;1.651058e-20
4.132265e+02;1.650924e-20
4.132765e+02;1.650790e-20
4.133265e+02;1.650656e-20
4.133765e+02;1.650522e-20
4.134265e+02;1.650388e-20
4.134765e+02;1.650254e-20
4.135265e+02;1.650121e-20
4.135765e+02;1.649987e-20
4.136265e+02;1.649853e-20
4.136765e+02;1.649719e-20
4.137265e+02;1.649585e-20
4.137766e+02;1.649452e-20
4.138266e+02;1.649318e-20
4.138766e+02;1.649184e-20
4.139266e+02;1.649051e-20
4.139766e+02;1.648917e-20
4.140266e+02;1.648783e-20
4.140766e+02;1.648650e-20
4.141266e+02;1.648516e-20
4.141766e+02;1.648382e-20
4.142266e+02;1.648249e-20
4.142766e+02;1.648115e-20
4.143266e+02;1.647982e-20
4.143766e+02;1.647848e-20
4.144266e+02;1.647715e-20
4.144766e+02;1.647581e-20
4.145266e+02;1.647448e-20
4.145766e+02;1.647315e-20
4.146266e+02;1.647181e-20
4.146766e+02;1.647048e-20
4.147266e+02;1.646914e-20
4.147766e+02;1.646781e-20
4.148266e+02;1.646648e-20
4.148766e+02;1.646514e-20
4.149266e+02;1.646381e-20
4.149766e+02;1.646248e-20
4.150266e+02;1.646115e-20
4.150766e+02;1.645981e-20
4.151266e+02;1.645848e-20
4.151766e+02;1.645715e-20
4.152266e+02;1.645582e-20
4.152766e+02;1.645449e-20
4.153266e+02;1.645316e-20
4.153766e+02;1.645183e-20
4.154266e+02;1.645049e-20
4.154766e+02;1.644916e-20
4.155266e+02;1.644783e-20
4.155766e+02;1.644650e-20
4.156266e+02;1.644517e-20
4.156766e+02;1.644384e-20
4.157266e+02;1.644251e-20
4.157766e+02;1.644118e-20
4.158266e+02;1.643986e-20
4.158766e+02;1.643853e-20
4.159266e+02;1.643720e-20
4.159766e+02;1.643587e-20
4.160266e+02;1.643454e-20
4.160766e+02;1.643321e-20
4.161266e+02;1.643188e-20
4.161766e+02;1.643056e-20
4.162266e+02;1.642923e-20
4.162767e+02;1.642790e-20
4.163267e+02;1.642657e-20
4.163767e+02;1.642525e-20
4.164267e+02;1.642392e-20
4.164767e+02;1.642259e-20
4.165267e+02;1.642127e-20
4.165767e+02;1.641994e-20
4.166267e+02;1.641862e-20
4.166767e+02;1.641729e-20
4.167267e+02;1.641596e-20
4.167767e+02;1.641464e-20
4.168267e+02;1.641331e-20
4.168767e+02;1.641199e-20
4.169267e+02;1.641066e-20
4.169767e+02;1.640934e-20
4.170267e+02;1.640801e-20
4.170767e+02;1.640669e-20
4.171267e+02;1.640537e-20
4.171767e+02;1.640404e-20
4.172267e+02;1.640272e-20
4.172767e+02;1.640140e-20
4.173267e+02;1.640007e-20
4.173767e+02;1.639875e-20
4.174267e+02;1.639743e-20
4.174767e+02;1.639610e-20
4.175267e+02;1.639478e-20
4.175767e+02;1.639346e-20
4.176267e+02;1.639214e-20
4.176767e+02;1.639081e-20
4.177267e+02;1.638949e-20
4.177767e+02;1.638817e-20
4.178267e+02;1.638685e-20
4.178767e+02;1.638553e-20
4.179267e+02;1.638421e-20
4.179767e+02;1.638289e-20
4.180267e+02;1.638157e-20
4.180767e+02;1.638025e-20
4.181267e+02;1.637893e-20
4.181767e+02;1.637761e-20
4.182267e+02;1.637629e-20
4.182767e+02;1.637497e-20
4.183267e+02;1.637365e-20
4.183767e+02;1.637233e-20
4.184267e+02;1.637101e-20
4.184767e+02;1.636969e-20
4.185267e+02;1.636837e-20
4.185767e+02;1.636705e-20
4.186267e+02;1.636574e-20
4.186767e+02;1.636442e-20
4.187267e+02;1.636310e-20
4.187768e+02;1.636178e-20
4.188268e+02;1.636047e-20
4.188768e+02;1.635915e-20
4.189268e+02;1.635783e-20
4.189768e+02;1.635652e-20
4.190268e+02;1.635520e-20
4.190768e+02;1.635388e-20
4.191268e+02;1.635257e-20
4.191768e+02;1.635125e-20
4.192268e+02;1.634993e-20
4.192768e+02;1.634862e-20
4.193268e+02;1.634730e-20
4.193768e+02;1.634599e-20
4.194268e+02;1.634467e-20
4.194768e+02;1.634336e-20
4.195268e+02;1.634204e-20
4.195768e+02;1.634073e-20
4.196268e+02;1.633942e-20
4.196768e+02;1.633810e-20
4.197268e+02;1.633679e-20
4.197768e+02;1.633547e-20
4.198268e+02;1.633416e-20
4.198768e+02;1.633285e-20
4.199268e+02;1.633153e-20
4.199768e+02;1.633022e-20
4.200268e+02;1.632891e-20
4.200768e+02;1.632760e-20
4.201268e+02;1.632628e-20
4.201768e+02;1.632497e-20
4.202268e+02;1.632366e-20
4.202768e+02;1.632235e-20
4.203268e+02;1.632104e-20
4.203768e+02;1.631973e-20
4.204268e+02;1.631842e-20
4.204768e+02;1.631710e-20
4.205268e+02;1.631579e-20
4.205768e+02;1.631448e-20
4.206268e+02;1.631317e-20
4.206768e+02;1.631186e-20
4.207268e+02;1.631055e-20
4.207768e+02;1.630924e-20
4.208268e+02;1.630793e-20
4.208768e+02;1.630662e-20
4.209268e+02;1.630532e-20
4.209768e+02;1.630401e-20
4.210268e+02;1.630270e-20
4.210768e+02;1.630139e-20
4.211268e+02;1.630008e-20
4.211768e+02;1.629877e-20
4.212268e+02;1.629746e-20
4.212769e+02;1.629616e-20
4.213269e+02;1.629485e-20
4.213769e+02;1.629354e-20
4.214269e+02;1.629223e-20
4.214769e+02;1.629093e-20
4.215269e+02;1.628962e-20
4.215769e+02;1.628831e-20
4.216269e+02;1.628701e-20
4.216769e+02;1.628570e-20
4.217269e+02;1.628440e-20
4.217769e+02;1.628309e-20
4.218269e+02;1.628178e-20
4.218769e+02;1.628048e-20
4.219269e+02;1.627917e-20
4.219769e+02;1.627787e-20
4.220269e+02;1.627656e-20
4.220769e+02;1.627526e-20
4.221269e+02;1.627395e-20
4.221769e+02;1.627265e-20
4.222269e+02;1.627135e-20
4.222769e+02;1.627004e-20
4.223269e+02;1.626874e-20
4.223769e+02;1.626744e-20
4.224269e+02;1.626613e-20
4.224769e+02;1.626483e-20
4.225269e+02;1.626353e-20
4.225769e+02;1.626222e-20
4.226269e+02;1.626092e-20
4.226769e+02;1.625962e-20
4.227269e+02;1.625832e-20
4.227769e+02;1.625701e-20
4.228269e+02;1.625571e-20
4.228769e+02;1.625441e-20
4.229269e+02;1.625311e-20
4.229769e+02;1.625181e-20
4.230269e+02;1.625051e-20
4.230769e+02;1.624921e-20
4.231269e+02;1.624791e-20
4.231769e+02;1.624661e-20
4.232269e+02;1.624531e-20
4.232769e+02;1.624401e-20
4.233269e+02;1.624271e-20
4.233769e+02;1.624141e-20
4.234269e+02;1.624011e-20
4.234769e+02;1.623881e-20
4.235269e+02;1.623751e-20
4.235769e+02;1.623621e-20
4.236269e+02;1.623491e-20
4.236769e+02;1.623361e-20
4.237269e+02;1.623232e-20
4.237770e+02;1.623102e-20
4.238270e+02;1.622972e-20
4.238770e+02;1.622842e-20
4.239270e+02;1.622712e-20
4.239770e+02;1.622583e-20
4.240270e+02;1.622453e-20
4.240770e+02;1.622323e-20
4.241270e+02;1.622194e-20
4.241770e+02;1.622064e-20
4.242270e+02;1.621934e-20
4.242770e+02;1.621805e-20
4.243270e+02;1.621675e-20
4.243770e+02;1.621546e-20
4.244270e+02;1.621416e-20
4.244770e+02;1.621286e-20
4.245270e+02;1.621157e-20
4.245770e+02;1.621027e-20
4.246270e+02;1.620898e-20
4.246770e+02;1.620769e-20
4.247270e+02;1.620639e-20
4.247770e+02;1.620510e-20
4.248270e+02;1.620380e-20
4.248770e+02;1.620251e-20
4.249270e+02;1.620121e-20
4.249770e+02;1.619992e-20
4.250270e+02;1.619863e-20
4.250770e+02;1.619734e-20
4.251270e+02;1.619604e-20
4.251770e+02;1.619475e-20
4.252270e+02;1.619346e-20
4.252770e+02;1.619216e-20
4.253270e+02;1.619087e-20
4.253770e+02;1.618958e-20
4.254270e+02;1.618829e-20
4.254770e+02;1.618700e-20
4.255270e+02;1.618571e-20
4.255770e+02;1.618442e-20
4.256270e+02;1.618312e-20
4.256770e+02;1.618183e-20
4.257270e+02;1.618054e-20
4.257770e+02;1.617925e-20
4.258270e+02;1.617796e-20
4.258770e+02;1.617667e-20
4.259270e+02;1.617538e-20
4.259770e+02;1.617409e-20
4.260270e+02;1.617280e-20
4.260770e+02;1.617151e-20
4.261270e+02;1.617023e-20
4.261770e+02;1.616894e-20
4.262270e+02;1.616765e-20
4.262771e+02;1.616636e-20
4.263271e+02;1.616507e-20
4.263771e+02;1.616378e-20
4.264271e+02;1.616250e-20
4.264771e+02;1.616121e-20
4.265271e+02;1.615992e-20
4.265771e+02;1.615863e-20
4.266271e+02;1.615735e-20
4.266771e+02;1.615606e-20
4.267271e+02;1.615477e-20
4.267771e+02;1.615349e-20
4.268271e+02;1.615220e-20
4.268771e+02;1.615091e-20
4.269271e+02;1.614963e-20
4.269771e+02;1.614834e-20
4.270271e+02;1.614706e-20
4.270771e+02;1.614577e-20
4.271271e+02;1.614448e-20
4.271771e+02;1.614320e-20
4.272271e+02;1.614191e-20
4.272771e+02;1.614063e-20
4.273271e+02;1.613935e-20
4.273771e+02;1.613806e-20
4.274271e+02;1.613678e-20
4.274771e+02;1.613549e-20
4.275271e+02;1.613421e-20
4.275771e+02;1.613293e-20
4.276271e+02;1.613164e-20
4.276771e+02;1.613036e-20
4.277271e+02;1.612908e-20
4.277771e+02;1.612779e-20
4.278271e+02;1.612651e-20
4.278771e+02;1.612523e-20
4.279271e+02;1.612395e-20
4.279771e+02;1.612267e-20
4.280271e+02;1.612138e-20
4.280771e+02;1.612010e-20
4.281271e+02;1.611882e-20
4.281771e+02;1.611754e-20
4.282271e+02;1.611626e-20
4.282771e+02;1.611498e-20
4.283271e+02;1.611370e-20
4.283771e+02;1.611242e-20
4.284271e+02;1.611114e-20
4.284771e+02;1.610986e-20
4.285271e+02;1.610858e-20
4.285771e+02;1.610730e-20
4.286271e+02;1.610602e-20
4.286771e+02;1.610474e-20
4.287271e+02;1.610346e-20
4.287772e+02;1.610218e-20
4.288272e+02;1.610090e-20
4.288772e+02;1.609962e-20
4.289272e+02;1.609834e-20
4.289772e+02;1.609707e-20
4.290272e+02;1.609579e-20
4.290772e+02;1.609451e-20
4.291272e+02;1.609323e-20
4.291772e+02;1.609195e-20
4.292272e+02;1.609068e-20
4.292772e+02;1.608940e-20
4.293272e+02;1.608812e-20
4.293772e+02;1.608685e-20
4.294272e+02;1.608557e-20
4.294772e+02;1.608429e-20
4.295272e+02;1.608302e-20
4.295772e+02;1.608174e-20
4.296272e+02;1.608047e-20
4.296772e+02;1.607919e-20
4.297272e+02;1.607792e-20
4.297772e+02;1.607664e-20
4.298272e+02;1.607536e-20
4.298772e+02;1.607409e-20
4.299272e+02;1.607282e-20
4.299772e+02;1.607154e-20
4.300272e+02;1.607027e-20
4.300772e+02;1.606899e-20
4.301272e+02;1.606772e-20
4.301772e+02;1.606645e-20
4.302272e+02;1.606517e-20
4.302772e+02;1.606390e-20
4.303272e+02;1.606263e-20
4.303772e+02;1.606135e-20
4.304272e+02;1.606008e-20
4.304772e+02;1.605881e-20
4.305272e+02;1.605753e-20
4.305772e+02;1.605626e-20
4.306272e+02;1.605499e-20
4.306772e+02;1.605372e-20
4.307272e+02;1.605245e-20
4.307772e+02;1.605118e-20
4.308272e+02;1.604990e-20
4.308772e+02;1.604863e-20
4.309272e+02;1.604736e-20
4.309772e+02;1.604609e-20
4.310272e+02;1.604482e-20
4.310772e+02;1.604355e-20
4.311272e+02;1.604228e-20
4.311772e+02;1.604101e-20
4.312272e+02;1.603974e-20
4.312773e+02;1.603847e-20
4.313273e+02;1.603720e-20
4.313773e+02;1.603593e-20
4.314273e+02;1.603466e-20
4.314773e+02;1.603340e-20
4.315273e+02;1.603213e-20
4.315773e+02;1.603086e-20
4.316273e+02;1.602959e-20
4.316773e+02;1.602832e-20
4.317273e+02;1.602705e-20
4.317773e+02;1.602579e-20
4.318273e+02;1.602452e-20
4.318773e+02;1.602325e-20
4.319273e+02;1.602199e-20
4.319773e+02;1.602072e-20
4.320273e+02;1.601945e-20
4.320773e+02;1.601818e-20
4.321273e+02;1.601692e-20
4.321773e+02;1.601565e-20
4.322273e+02;1.601439e-20
4.322773e+02;1.601312e-20
4.323273e+02;1.601185e-20
4.323773e+02;1.601059e-20
4.324273e+02;1.600932e-20
4.324773e+02;1.600806e-20
4.325273e+02;1.600679e-20
4.325773e+02;1.600553e-20
4.326273e+02;1.600427e-20
4.326773e+02;1.600300e-20
4.327273e+02;1.600174e-20
4.327773e+02;1.600047e-20
4.328273e+02;1.599921e-20
4.328773e+02;1.599795e-20
4.329273e+02;1.599668e-20
4.329773e+02;1.599542e-20
4.330273e+02;1.599416e-20
4.330773e+02;1.599289e-20
4.331273e+02;1.599163e-20
4.331773e+02;1.599037e-20
4.332273e+02;1.598911e-20
4.332773e+02;1.598784e-20
4.333273e+02;1.598658e-20
4.333773e+02;1.598532e-20
4.334273e+02;1.598406e-20
4.334773e+02;1.598280e-20
4.335273e+02;1.598154e-20
4.335773e+02;1.598028e-20
4.336273e+02;1.597901e-20
4.336773e+02;1.597775e-20
4.337273e+02;1.597649e-20
4.337774e+02;1.597523e-20
4.338274e+02;1.597397e-20
4.338774e+02;1.597271e-20
4.339274e+02;1.597145e-20
4.339774e+02;1.597019e-20
4.340274e+02;1.596893e-20
4.340774e+02;1.596768e-20
4.341274e+02;1.596642e-20
4.341774e+02;1.596516e-20
4.342274e+02;1.596390e-20
4.342774e+02;1.596264e-20
4.343274e+02;1.596138e-20
4.343774e+02;1.596013e-20
4.344274e+02;1.595887e-20
4.344774e+02;1.595761e-20
4.345274e+02;1.595635e-20
4.345774e+02;1.595509e-20
4.346274e+02;1.595384e-20
4.346774e+02;1.595258e-20
4.347274e+02;1.595132e-20
4.347774e+02;1.595007e-20
4.348274e+02;1.594881e-20
4.348774e+02;1.594756e-20
4.349274e+02;1.594630e-20
4.349774e+02;1.594504e-20
4.350274e+02;1.594379e-20
4.350774e+02;1.594253e-20
4.351274e+02;1.594128e-20
4.351774e+02;1.594002e-20
4.352274e+02;1.593877e-20
4.352774e+02;1.593751e-20
4.353274e+02;1.593626e-20
4.353774e+02;1.593500e-20
4.354274e+02;1.593375e-20
4.354774e+02;1.593250e-20
4.355274e+02;1.593124e-20
4.355774e+02;1.592999e-20
4.356274e+02;1.592874e-20
4.356774e+02;1.592748e-20
4.357274e+02;1.592623e-20
4.357774e+02;1.592498e-20
4.358274e+02;1.592372e-20
4.358774e+02;1.592247e-20
4.359274e+02;1.592122e-20
4.359774e+02;1.591997e-20
4.360274e+02;1.591871e-20
4.360774e+02;1.591746e-20
4.361274e+02;1.591621e-20
4.361774e+02;1.591496e-20
4.362274e+02;1.591371e-20
4.362775e+02;1.591246e-20
4.363275e+02;1.591121e-20
4.363775e+02;1.590996e-20
4.364275e+02;1.590871e-20
4.364775e+02;1.590746e-20
4.365275e+02;1.590621e-20
4.365775e+02;1.590496e-20
4.366275e+02;1.590371e-20
4.366775e+02;1.590246e-20
4.367275e+02;1.590121e-20
4.367775e+02;1.589996e-20
4.368275e+02;1.589871e-20
4.368775e+02;1.589746e-20
4.369275e+02;1.589621e-20
4.369775e+02;1.589496e-20
4.370275e+02;1.589372e-20
4.370775e+02;1.589247e-20
4.371275e+02;1.589122e-20
4.371775e+02;1.588997e-20
4.372275e+02;1.588872e-20
4.372775e+02;1.588748e-20
4.373275e+02;1.588623e-20
4.373775e+02;1.588498e-20
4.374275e+02;1.588374e-20
4.374775e+02;1.588249e-20
4.375275e+02;1.588124e-20
4.375775e+02;1.588000e-20
4.376275e+02;1.587875e-20
4.376775e+02;1.587751e-20
4.377275e+02;1.587626e-20
4.377775e+02;1.587501e-20
4.378275e+02;1.587377e-20
4.378775e+02;1.587252e-20
4.379275e+02;1.587128e-20
4.379775e+02;1.587003e-20
4.380275e+02;1.586879e-20
4.380775e+02;1.586754e-20
4.381275e+02;1.586630e-20
4.381775e+02;1.586506e-20
4.382275e+02;1.586381e-20
4.382775e+02;1.586257e-20
4.383275e+02;1.586133e-20
4.383775e+02;1.586008e-20
4.384275e+02;1.585884e-20
4.384775e+02;1.585760e-20
4.385275e+02;1.585635e-20
4.385775e+02;1.585511e-20
4.386275e+02;1.585387e-20
4.386775e+02;1.585263e-20
4.387275e+02;1.585138e-20
4.387776e+02;1.585014e-20
4.388276e+02;1.584890e-20
4.388776e+02;1.584766e-20
4.389276e+02;1.584642e-20
4.389776e+02;1.584518e-20
4.390276e+02;1.584394e-20
4.390776e+02;1.584270e-20
4.391276e+02;1.584145e-20
4.391776e+02;1.584021e-20
4.392276e+02;1.583897e-20
4.392776e+02;1.583773e-20
4.393276e+02;1.583649e-20
4.393776e+02;1.583525e-20
4.394276e+02;1.583402e-20
4.394776e+02;1.583278e-20
4.395276e+02;1.583154e-20
4.395776e+02;1.583030e-20
4.396276e+02;1.582906e-20
4.396776e+02;1.582782e-20
4.397276e+02;1.582658e-20
4.397776e+02;1.582534e-20
4.398276e+02;1.582411e-20
4.398776e+02;1.582287e-20
4.399276e+02;1.582163e-20
4.399776e+02;1.582039e-20
4.400276e+02;1.581916e-20
4.400776e+02;1.581792e-20
4.401276e+02;1.581668e-20
4.401776e+02;1.581544e-20
4.402276e+02;1.581421e-20
4.402776e+02;1.581297e-20
4.403276e+02;1.581174e-20
4.403776e+02;1.581050e-20
4.404276e+02;1.580926e-20
4.404776e+02;1.580803e-20
4.405276e+02;1.580679e-20
4.405776e+02;1.580556e-20
4.406276e+02;1.580432e-20
4.406776e+02;1.580309e-20
4.407276e+02;1.580185e-20
4.407776e+02;1.580062e-20
4.408276e+02;1.579938e-20
4.408776e+02;1.579815e-20
4.409276e+02;1.579692e-20
4.409776e+02;1.579568e-20
4.410276e+02;1.579445e-20
4.410776e+02;1.579321e-20
4.411276e+02;1.579198e-20
4.411776e+02;1.579075e-20
4.412276e+02;1.578951e-20
4.412777e+02;1.578828e-20
4.413277e+02;1.578705e-20
4.413777e+02;1.578582e-20
4.414277e+02;1.578458e-20
4.414777e+02;1.578335e-20
4.415277e+02;1.578212e-20
4.415777e+02;1.578089e-20
4.416277e+02;1.577966e-20
4.416777e+02;1.577843e-20
4.417277e+02;1.577719e-20
4.417777e+02;1.577596e-20
4.418277e+02;1.577473e-20
4.418777e+02;1.577350e-20
4.419277e+02;1.577227e-20
4.419777e+02;1.577104e-20
4.420277e+02;1.576981e-20
4.420777e+02;1.576858e-20
4.421277e+02;1.576735e-20
4.421777e+02;1.576612e-20
4.422277e+02;1.576489e-20
4.422777e+02;1.576366e-20
4.423277e+02;1.576243e-20
4.423777e+02;1.576121e-20
4.424277e+02;1.575998e-20
4.424777e+02;1.575875e-20
4.425277e+02;1.575752e-20
4.425777e+02;1.575629e-20
4.426277e+02;1.575506e-20
4.426777e+02;1.575384e-20
4.427277e+02;1.575261e-20
4.427777e+02;1.575138e-20
4.428277e+02;1.575015e-20
4.428777e+02;1.574893e-20
4.429277e+02;1.574770e-20
4.429777e+02;1.574647e-20
4.430277e+02;1.574525e-20
4.430777e+02;1.574402e-20
4.431277e+02;1.574280e-20
4.431777e+02;1.574157e-20
4.432277e+02;1.574034e-20
4.432777e+02;1.573912e-20
4.433277e+02;1.573789e-20
4.433777e+02;1.573667e-20
4.434277e+02;1.573544e-20
4.434777e+02;1.573422e-20
4.435277e+02;1.573299e-20
4.435777e+02;1.573177e-20
4.436277e+02;1.573054e-20
4.436777e+02;1.572932e-20
4.437277e+02;1.572810e-20
4.437778e+02;1.572687e-20
4.438278e+02;1.572565e-20
4.438778e+02;1.572442e-20
4.439278e+02;1.572320e-20
4.439778e+02;1.572198e-20
4.440278e+02;1.572076e-20
4.440778e+02;1.571953e-20
4.441278e+02;1.571831e-20
4.441778e+02;1.571709e-20
4.442278e+02;1.571587e-20
4.442778e+02;1.571464e-20
4.443278e+02;1.571342e-20
4.443778e+02;1.571220e-20
4.444278e+02;1.571098e-20
4.444778e+02;1.570976e-20
4.445278e+02;1.570854e-20
4.445778e+02;1.570731e-20
4.446278e+02;1.570609e-20
4.446778e+02;1.570487e-20
4.447278e+02;1.570365e-20
4.447778e+02;1.570243e-20
4.448278e+02;1.570121e-20
4.448778e+02;1.569999e-20
4.449278e+02;1.569877e-20
4.449778e+02;1.569755e-20
4.450278e+02;1.569633e-20
4.450778e+02;1.569511e-20
4.451278e+02;1.569390e-20
4.451778e+02;1.569268e-20
4.452278e+02;1.569146e-20
4.452778e+02;1.569024e-20
4.453278e+02;1.568902e-20
4.453778e+02;1.568780e-20
4.454278e+02;1.568659e-20
4.454778e+02;1.568537e-20
4.455278e+02;1.568415e-20
4.455778e+02;1.568293e-20
4.456278e+02;1.568172e-20
4.456778e+02;1.568050e-20
4.457278e+02;1.567928e-20
4.457778e+02;1.567806e-20
4.458278e+02;1.567685e-20
4.458778e+02;1.567563e-20
4.459278e+02;1.567442e-20
4.459778e+02;1.567320e-20
4.460278e+02;1.567198e-20
4.460778e+02;1.567077e-20
4.461278e+02;1.566955e-20
4.461778e+02;1.566834e-20
4.462278e+02;1.566712e-20
4.462779e+02;1.566591e-20
4.463279e+02;1.566469e-20
4.463779e+02;1.566348e-20
4.464279e+02;1.566226e-20
4.464779e+02;1.566105e-20
4.465279e+02;1.565984e-20
4.465779e+02;1.565862e-20
4.466279e+02;1.565741e-20
4.466779e+02;1.565619e-20
4.467279e+02;1.565498e-20
4.467779e+02;1.565377e-20
4.468279e+02;1.565255e-20
4.468779e+02;1.565134e-20
4.469279e+02;1.565013e-20
4.469779e+02;1.564892e-20
4.470279e+02;1.564770e-20
4.470779e+02;1.564649e-20
4.471279e+02;1.564528e-20
4.471779e+02;1.564407e-20
4.472279e+02;1.564286e-20
4.472779e+02;1.564165e-20
4.473279e+02;1.564043e-20
4.473779e+02;1.563922e-20
4.474279e+02;1.563801e-20
4.474779e+02;1.563680e-20
4.475279e+02;1.563559e-20
4.475779e+02;1.563438e-20
4.476279e+02;1.563317e-20
4.476779e+02;1.563196e-20
4.477279e+02;1.563075e-20
4.477779e+02;1.562954e-20
4.478279e+02;1.562833e-20
4.478779e+02;1.562712e-20
4.479279e+02;1.562591e-20
4.479779e+02;1.562470e-20
4.480279e+02;1.562350e-20
4.480779e+02;1.562229e-20
4.481279e+02;1.562108e-20
4.481779e+02;1.561987e-20
4.482279e+02;1.561866e-20
4.482779e+02;1.561745e-20
4.483279e+02;1.561625e-20
4.483779e+02;1.561504e-20
4.484279e+02;1.561383e-20
4.484779e+02;1.561262e-20
4.485279e+02;1.561142e-20
4.485779e+02;1.561021e-20
4.486279e+02;1.560900e-20
4.486779e+02;1.560780e-20
4.487279e+02;1.560659e-20
4.487780e+02;1.560539e-20
4.488280e+02;1.560418e-20
4.488780e+02;1.560297e-20
4.489280e+02;1.560177e-20
4.489780e+02;1.560056e-20
4.490280e+02;1.559936e-20
4.490780e+02;1.559815e-20
4.491280e+02;1.559695e-20
4.491780e+02;1.559574e-20
4.492280e+02;1.559454e-20
4.492780e+02;1.559333e-20
4.493280e+02;1.559213e-20
4.493780e+02;1.559093e-20
4.494280e+02;1.558972e-20
4.494780e+02;1.558852e-20
4.495280e+02;1.558731e-20
4.495780e+02;1.558611e-20
4.496280e+02;1.558491e-20
4.496780e+02;1.558370e-20
4.497280e+02;1.558250e-20
4.497780e+02;1.558130e-20
4.498280e+02;1.558010e-20
4.498780e+02;1.557889e-20
4.499280e+02;1.557769e-20
4.499780e+02;1.557649e-20
4.500280e+02;1.557529e-20
4.500780e+02;1.557409e-20
4.501280e+02;1.557289e-20
4.501780e+02;1.557168e-20
4.502280e+02;1.557048e-20
4.502780e+02;1.556928e-20
4.503280e+02;1.556808e-20
4.503780e+02;1.556688e-20
4.504280e+02;1.556568e-20
4.504780e+02;1.556448e-20
4.505280e+02;1.556328e-20
4.505780e+02;1.556208e-20
4.506280e+02;1.556088e-20
4.506780e+02;1.555968e-20
4.507280e+02;1.555848e-20
4.507780e+02;1.555728e-20
4.508280e+02;1.555608e-20
4.508780e+02;1.555489e-20
4.509280e+02;1.555369e-20
4.509780e+02;1.555249e-20
4.510280e+02;1.555129e-20
4.510780e+02;1.555009e-20
4.511280e+02;1.554889e-20
4.511780e+02;1.554770e-20
4.512280e+02;1.554650e-20
4.512781e+02;1.554530e-20
4.513281e+02;1.554410e-20
4.513781e+02;1.554291e-20
4.514281e+02;1.554171e-20
4.514781e+02;1.554051e-20
4.515281e+02;1.553932e-20
4.515781e+02;1.553812e-20
4.516281e+02;1.553692e-20
4.516781e+02;1.553573e-20
4.517281e+02;1.553453e-20
4.517781e+02;1.553334e-20
4.518281e+02;1.553214e-20
4.518781e+02;1.553095e-20
4.519281e+02;1.552975e-20
4.519781e+02;1.552855e-20
4.520281e+02;1.552736e-20
4.520781e+02;1.552617e-20
4.521281e+02;1.552497e-20
4.521781e+02;1.552378e-20
4.522281e+02;1.552258e-20
4.522781e+02;1.552139e-20
4.523281e+02;1.552019e-20
4.523781e+02;1.551900e-20
4.524281e+02;1.551781e-20
4.524781e+02;1.551661e-20
4.525281e+02;1.551542e-20
4.525781e+02;1.551423e-20
4.526281e+02;1.551304e-20
4.526781e+02;1.551184e-20
4.527281e+02;1.551065e-20
4.527781e+02;1.550946e-20
4.528281e+02;1.550827e-20
4.528781e+02;1.550707e-20
4.529281e+02;1.550588e-20
4.529781e+02;1.550469e-20
4.530281e+02;1.550350e-20
4.530781e+02;1.550231e-20
4.531281e+02;1.550112e-20
4.531781e+02;1.549993e-20
4.532281e+02;1.549874e-20
4.532781e+02;1.549755e-20
4.533281e+02;1.549635e-20
4.533781e+02;1.549516e-20
4.534281e+02;1.549397e-20
4.534781e+02;1.549278e-20
4.535281e+02;1.549160e-20
4.535781e+02;1.549041e-20
4.536281e+02;1.548922e-20
4.536781e+02;1.548803e-20
4.537281e+02;1.548684e-20
4.537782e+02;1.548565e-20
4.538282e+02;1.548446e-20
4.538782e+02;1.548327e-20
4.539282e+02;1.548208e-20
4.539782e+02;1.548090e-20
4.540282e+02;1.547971e-20
4.540782e+02;1.547852e-20
4.541282e+02;1.547733e-20
4.541782e+02;1.547615e-20
4.542282e+02;1.547496e-20
4.542782e+02;1.547377e-20
4.543282e+02;1.547258e-20
4.543782e+02;1.547140e-20
4.544282e+02;1.547021e-20
4.544782e+02;1.546902e-20
4.545282e+02;1.546784e-20
4.545782e+02;1.546665e-20
4.546282e+02;1.546547e-20
4.546782e+02;1.546428e-20
4.547282e+02;1.546309e-20
4.547782e+02;1.546191e-20
4.548282e+02;1.546072e-20
4.548782e+02;1.545954e-20
4.549282e+02;1.545835e-20
4.549782e+02;1.545717e-20
4.550282e+02;1.545599e-20
4.550782e+02;1.545480e-20
4.551282e+02;1.545362e-20
4.551782e+02;1.545243e-20
4.552282e+02;1.545125e-20
4.552782e+02;1.545006e-20
4.553282e+02;1.544888e-20
4.553782e+02;1.544770e-20
4.554282e+02;1.544651e-20
4.554782e+02;1.544533e-20
4.555282e+02;1.544415e-20
4.555782e+02;1.544297e-20
4.556282e+02;1.544178e-20
4.556782e+02;1.544060e-20
4.557282e+02;1.543942e-20
4.557782e+02;1.543824e-20
4.558282e+02;1.543706e-20
4.558782e+02;1.543587e-20
4.559282e+02;1.543469e-20
4.559782e+02;1.543351e-20
4.560282e+02;1.543233e-20
4.560782e+02;1.543115e-20
4.561282e+02;1.542997e-20
4.561782e+02;1.542879e-20
4.562282e+02;1.542761e-20
4.562783e+02;1.542643e-20
4.563283e+02;1.542525e-20
4.563783e+02;1.542407e-20
4.564283e+02;1.542289e-20
4.564783e+02;1.542171e-20
4.565283e+02;1.542053e-20
4.565783e+02;1.541935e-20
4.566283e+02;1.541817e-20
4.566783e+02;1.541699e-20
4.567283e+02;1.541581e-20
4.567783e+02;1.541463e-20
4.568283e+02;1.541346e-20
4.568783e+02;1.541228e-20
4.569283e+02;1.541110e-20
4.569783e+02;1.540992e-20
4.570283e+02;1.540874e-20
4.570783e+02;1.540757e-20
4.571283e+02;1.540639e-20
4.571783e+02;1.540521e-20
4.572283e+02;1.540403e-20
4.572783e+02;1.540286e-20
4.573283e+02;1.540168e-20
4.573783e+02;1.540050e-20
4.574283e+02;1.539933e-20
4.574783e+02;1.539815e-20
4.575283e+02;1.539698e-20
4.575783e+02;1.539580e-20
4.576283e+02;1.539462e-20
4.576783e+02;1.539345e-20
4.577283e+02;1.539227e-20
4.577783e+02;1.539110e-20
4.578283e+02;1.538992e-20
4.578783e+02;1.538875e-20
4.579283e+02;1.538757e-20
4.579783e+02;1.538640e-20
4.580283e+02;1.538523e-20
4.580783e+02;1.538405e-20
4.581283e+02;1.538288e-20
4.581783e+02;1.538170e-20
4.582283e+02;1.538053e-20
4.582783e+02;1.537936e-20
4.583283e+02;1.537818e-20
4.583783e+02;1.537701e-20
4.584283e+02;1.537584e-20
4.584783e+02;1.537466e-20
4.585283e+02;1.537349e-20
4.585783e+02;1.537232e-20
4.586283e+02;1.537115e-20
4.586783e+02;1.536997e-20
4.587283e+02;1.536880e-20
4.587784e+02;1.536763e-20
4.588284e+02;1.536646e-20
4.588784e+02;1.536529e-20
4.589284e+02;1.536412e-20
4.589784e+02;1.536294e-20
4.590284e+02;1.536177e-20
4.590784e+02;1.536060e-20
4.591284e+02;1.535943e-20
4.591784e+02;1.535826e-20
4.592284e+02;1.535709e-20
4.592784e+02;1.535592e-20
4.593284e+02;1.535475e-20
4.593784e+02;1.535358e-20
4.594284e+02;1.535241e-20
4.594784e+02;1.535124e-20
4.595284e+02;1.535007e-20
4.595784e+02;1.534890e-20
4.596284e+02;1.534774e-20
4.596784e+02;1.534657e-20
4.597284e+02;1.534540e-20
4.597784e+02;1.534423e-20
4.598284e+02;1.534306e-20
4.598784e+02;1.534189e-20
4.599284e+02;1.534073e-20
4.599784e+02;1.533956e-20
4.600284e+02;1.533839e-20
4.600784e+02;1.533722e-20
4.601284e+02;1.533606e-20
4.601784e+02;1.533489e-20
4.602284e+02;1.533372e-20
4.602784e+02;1.533255e-20
4.603284e+02;1.533139e-20
4.603784e+02;1.533022e-20
4.604284e+02;1.532906e-20
4.604784e+02;1.532789e-20
4.605284e+02;1.532672e-20
4.605784e+02;1.532556e-20
4.606284e+02;1.532439e-20
4.606784e+02;1.532323e-20
4.607284e+02;1.532206e-20
4.607784e+02;1.532090e-20
4.608284e+02;1.531973e-20
4.608784e+02;1.531857e-20
4.609284e+02;1.531740e-20
4.609784e+02;1.531624e-20
4.610284e+02;1.531507e-20
4.610784e+02;1.531391e-20
4.611284e+02;1.531274e-20
4.611784e+02;1.531158e-20
4.612284e+02;1.531042e-20
4.612785e+02;1.530925e-20
4.613285e+02;1.530809e-20
4.613785e+02;1.530693e-20
4.614285e+02;1.530576e-20
4.614785e+02;1.530460e-20
4.615285e+02;1.530344e-20
4.615785e+02;1.530228e-20
4.616285e+02;1.530111e-20
4.616785e+02;1.529995e-20
4.617285e+02;1.529879e-20
4.617785e+02;1.529763e-20
4.618285e+02;1.529647e-20
4.618785e+02;1.529531e-20
4.619285e+02;1.529414e-20
4.619785e+02;1.529298e-20
4.620285e+02;1.529182e-20
4.620785e+02;1.529066e-20
4.621285e+02;1.528950e-20
4.621785e+02;1.528834e-20
4.622285e+02;1.528718e-20
4.622785e+02;1.528602e-20
4.623285e+02;1.528486e-20
4.623785e+02;1.528370e-20
4.624285e+02;1.528254e-20
4.624785e+02;1.528138e-20
4.625285e+02;1.528022e-20
4.625785e+02;1.527906e-20
4.626285e+02;1.527790e-20
4.626785e+02;1.527675e-20
4.627285e+02;1.527559e-20
4.627785e+02;1.527443e-20
4.628285e+02;1.527327e-20
4.628785e+02;1.527211e-20
4.629285e+02;1.527095e-20
4.629785e+02;1.526980e-20
4.630285e+02;1.526864e-20
4.630785e+02;1.526748e-20
4.631285e+02;1.526632e-20
4.631785e+02;1.526517e-20
4.632285e+02;1.526401e-20
4.632785e+02;1.526285e-20
4.633285e+02;1.526170e-20
4.633785e+02;1.526054e-20
4.634285e+02;1.525938e-20
4.634785e+02;1.525823e-20
4.635285e+02;1.525707e-20
4.635785e+02;1.525592e-20
4.636285e+02;1.525476e-20
4.636785e+02;1.525361e-20
4.637285e+02;1.525245e-20
4.637786e+02;1.525129e-20
4.638286e+02;1.525014e-20
4.638786e+02;1.524899e-20
4.639286e+02;1.524783e-20
4.639786e+02;1.524668e-20
4.640286e+02;1.524552e-20
4.640786e+02;1.524437e-20
4.641286e+02;1.524321e-20
4.641786e+02;1.524206e-20
4.642286e+02;1.524091e-20
4.642786e+02;1.523975e-20
4.643286e+02;1.523860e-20
4.643786e+02;1.523745e-20
4.644286e+02;1.523629e-20
4.644786e+02;1.523514e-20
4.645286e+02;1.523399e-20
4.645786e+02;1.523284e-20
4.646286e+02;1.523168e-20
4.646786e+02;1.523053e-20
4.647286e+02;1.522938e-20
4.647786e+02;1.522823e-20
4.648286e+02;1.522708e-20
4.648786e+02;1.522592e-20
4.649286e+02;1.522477e-20
4.649786e+02;1.522362e-20
4.650286e+02;1.522247e-20
4.650786e+02;1.522132e-20
4.651286e+02;1.522017e-20
4.651786e+02;1.521902e-20
4.652286e+02;1.521787e-20
4.652786e+02;1.521672e-20
4.653286e+02;1.521557e-20
4.653786e+02;1.521442e-20
4.654286e+02;1.521327e-20
4.654786e+02;1.521212e-20
4.655286e+02;1.521097e-20
4.655786e+02;1.520982e-20
4.656286e+02;1.520867e-20
4.656786e+02;1.520752e-20
4.657286e+02;1.520637e-20
4.657786e+02;1.520522e-20
4.658286e+02;1.520408e-20
4.658786e+02;1.520293e-20
4.659286e+02;1.520178e-20
4.659786e+02;1.520063e-20
4.660286e+02;1.519948e-20
4.660786e+02;1.519834e-20
4.661286e+02;1.519719e-20
4.661786e+02;1.519604e-20
4.662286e+02;1.519490e-20
4.662787e+02;1.519375e-20
4.663287e+02;1.519260e-20
4.663787e+02;1.519146e-20
4.664287e+02;1.519031e-20
4.664787e+02;1.518916e-20
4.665287e+02;1.518802e-20
4.665787e+02;1.518687e-20
4.666287e+02;1.518572e-20
4.666787e+02;1.518458e-20
4.667287e+02;1.518343e-20
4.667787e+02;1.518229e-20
4.668287e+02;1.518114e-20
4.668787e+02;1.518000e-20
4.669287e+02;1.517885e-20
4.669787e+02;1.517771e-20
4.670287e+02;1.517656e-20
4.670787e+02;1.517542e-20
4.671287e+02;1.517428e-20
4.671787e+02;1.517313e-20
4.672287e+02;1.517199e-20
4.672787e+02;1.517084e-20
4.673287e+02;1.516970e-20
4.673787e+02;1.516856e-20
4.674287e+02;1.516741e-20
4.674787e+02;1.516627e-20
4.675287e+02;1.516513e-20
4.675787e+02;1.516399e-20
4.676287e+02;1.516284e-20
4.676787e+02;1.516170e-20
4.677287e+02;1.516056e-20
4.677787e+02;1.515942e-20
4.678287e+02;1.515828e-20
4.678787e+02;1.515713e-20
4.679287e+02;1.515599e-20
4.679787e+02;1.515485e-20
4.680287e+02;1.515371e-20
4.680787e+02;1.515257e-20
4.681287e+02;1.515143e-20
4.681787e+02;1.515029e-20
4.682287e+02;1.514915e-20
4.682787e+02;1.514801e-20
4.683287e+02;1.514687e-20
4.683787e+02;1.514573e-20
4.684287e+02;1.514459e-20
4.684787e+02;1.514345e-20
4.685287e+02;1.514231e-20
4.685787e+02;1.514117e-20
4.686287e+02;1.514003e-20
4.686787e+02;1.513889e-20
4.687287e+02;1.513775e-20
4.687788e+02;1.513661e-20
4.688288e+02;1.513547e-20
4.688788e+02;1.513433e-20
4.689288e+02;1.513320e-20
4.689788e+02;1.513206e-20
4.690288e+02;1.513092e-20
4.690788e+02;1.512978e-20
4.691288e+02;1.512864e-20
4.691788e+02;1.512751e-20
4.692288e+02;1.512637e-20
4.692788e+02;1.512523e-20
4.693288e+02;1.512410e-20
4.693788e+02;1.512296e-20
4.694288e+02;1.512182e-20
4.694788e+02;1.512069e-20
4.695288e+02;1.511955e-20
4.695788e+02;1.511841e-20
4.696288e+02;1.511728e-20
4.696788e+02;1.511614e-20
4.697288e+02;1.511500e-20
4.697788e+02;1.511387e-20
4.698288e+02;1.511273e-20
4.698788e+02;1.511160e-20
4.699288e+02;1.511046e-20
4.699788e+02;1.510933e-20
4.700288e+02;1.510819e-20
4.700788e+02;1.510706e-20
4.701288e+02;1.510593e-20
4.701788e+02;1.510479e-20
4.702288e+02;1.510366e-20
4.702788e+02;1.510252e-20
4.703288e+02;1.510139e-20
4.703788e+02;1.510026e-20
4.704288e+02;1.509912e-20
4.704788e+02;1.509799e-20
4.705288e+02;1.509686e-20
4.705788e+02;1.509572e-20
4.706288e+02;1.509459e-20
4.706788e+02;1.509346e-20
4.707288e+02;1.509232e-20
4.707788e+02;1.509119e-20
4.708288e+02;1.509006e-20
4.708788e+02;1.508893e-20
4.709288e+02;1.508780e-20
4.709788e+02;1.508666e-20
4.710288e+02;1.508553e-20
4.710788e+02;1.508440e-20
4.711288e+02;1.508327e-20
4.711788e+02;1.508214e-20
4.712288e+02;1.508101e-20
4.712789e+02;1.507988e-20
4.713289e+02;1.507875e-20
4.713789e+02;1.507762e-20
4.714289e+02;1.507649e-20
4.714789e+02;1.507536e-20
4.715289e+02;1.507423e-20
4.715789e+02;1.507310e-20
4.716289e+02;1.507197e-20
4.716789e+02;1.507084e-20
4.717289e+02;1.506971e-20
4.717789e+02;1.506858e-20
4.718289e+02;1.506745e-20
4.718789e+02;1.506632e-20
4.719289e+02;1.506519e-20
4.719789e+02;1.506407e-20
4.720289e+02;1.506294e-20
4.720789e+02;1.506181e-20
4.721289e+02;1.506068e-20
4.721789e+02;1.505955e-20
4.722289e+02;1.505843e-20
4.722789e+02;1.505730e-20
4.723289e+02;1.505617e-20
4.723789e+02;1.505504e-20
4.724289e+02;1.505392e-20
4.724789e+02;1.505279e-20
4.725289e+02;1.505166e-20
4.725789e+02;1.505054e-20
4.726289e+02;1.504941e-20
4.726789e+02;1.504828e-20
4.727289e+02;1.504716e-20
4.727789e+02;1.504603e-20
4.728289e+02;1.504491e-20
4.728789e+02;1.504378e-20
4.729289e+02;1.504265e-20
4.729789e+02;1.504153e-20
4.730289e+02;1.504040e-20
4.730789e+02;1.503928e-20
4.731289e+02;1.503815e-20
4.731789e+02;1.503703e-20
4.732289e+02;1.503591e-20
4.732789e+02;1.503478e-20
4.733289e+02;1.503366e-20
4.733789e+02;1.503253e-20
4.734289e+02;1.503141e-20
4.734789e+02;1.503029e-20
4.735289e+02;1.502916e-20
4.735789e+02;1.502804e-20
4.736289e+02;1.502692e-20
4.736789e+02;1.502579e-20
4.737289e+02;1.502467e-20
4.737790e+02;1.502355e-20
4.738290e+02;1.502242e-20
4.738790e+02;1.502130e-20
4.739290e+02;1.502018e-20
4.739790e+02;1.501906e-20
4.740290e+02;1.501794e-20
4.740790e+02;1.501681e-20
4.741290e+02;1.501569e-20
4.741790e+02;1.501457e-20
4.742290e+02;1.501345e-20
4.742790e+02;1.501233e-20
4.743290e+02;1.501121e-20
4.743790e+02;1.501009e-20
4.744290e+02;1.500897e-20
4.744790e+02;1.500785e-20
4.745290e+02;1.500672e-20
4.745790e+02;1.500560e-20
4.746290e+02;1.500448e-20
4.746790e+02;1.500336e-20
4.747290e+02;1.500224e-20
4.747790e+02;1.500113e-20
4.748290e+02;1.500001e-20
4.748790e+02;1.499889e-20
4.749290e+02;1.499777e-20
4.749790e+02;1.499665e-20
4.750290e+02;1.499553e-20
4.750790e+02;1.499441e-20
4.751290e+02;1.499329e-20
4.751790e+02;1.499217e-20
4.752290e+02;1.499106e-20
4.752790e+02;1.498994e-20
4.753290e+02;1.498882e-20
4.753790e+02;1.498770e-20
4.754290e+02;1.498659e-20
4.754790e+02;1.498547e-20
4.755290e+02;1.498435e-20
4.755790e+02;1.498323e-20
4.756290e+02;1.498212e-20
4.756790e+02;1.498100e-20
4.757290e+02;1.497988e-20
4.757790e+02;1.497877e-20
4.758290e+02;1.497765e-20
4.758790e+02;1.497654e-20
4.759290e+02;1.497542e-20
4.759790e+02;1.497430e-20
4.760290e+02;1.497319e-20
4.760790e+02;1.497207e-20
4.761290e+02;1.497096e-20
4.761790e+02;1.496984e-20
4.762290e+02;1.496873e-20
4.762791e+02;1.496761e-20
4.763291e+02;1.496650e-20
4.763791e+02;1.496538e-20
4.764291e+02;1.496427e-20
4.764791e+02;1.496315e-20
4.765291e+02;1.496204e-20
4.765791e+02;1.496093e-20
4.766291e+02;1.495981e-20
4.766791e+02;1.495870e-20
4.767291e+02;1.495759e-20
4.767791e+02;1.495647e-20
4.768291e+02;1.495536e-20
4.768791e+02;1.495425e-20
4.769291e+02;1.495313e-20
4.769791e+02;1.495202e-20
4.770291e+02;1.495091e-20
4.770791e+02;1.494980e-20
4.771291e+02;1.494868e-20
4.771791e+02;1.494757e-20
4.772291e+02;1.494646e-20
4.772791e+02;1.494535e-20
4.773291e+02;1.494424e-20
4.773791e+02;1.494313e-20
4.774291e+02;1.494201e-20
4.774791e+02;1.494090e-20
4.775291e+02;1.493979e-20
4.775791e+02;1.493868e-20
4.776291e+02;1.493757e-20
4.776791e+02;1.493646e-20
4.777291e+02;1.493535e-20
4.777791e+02;1.493424e-20
4.778291e+02;1.493313e-20
4.778791e+02;1.493202e-20
4.779291e+02;1.493091e-20
4.779791e+02;1.492980e-20
4.780291e+02;1.492869e-20
4.780791e+02;1.492758e-20
4.781291e+02;1.492647e-20
4.781791e+02;1.492537e-20
4.782291e+02;1.492426e-20
4.782791e+02;1.492315e-20
4.783291e+02;1.492204e-20
4.783791e+02;1.492093e-20
4.784291e+02;1.491982e-20
4.784791e+02;1.491872e-20
4.785291e+02;1.491761e-20
4.785791e+02;1.491650e-20
4.786291e+02;1.491539e-20
4.786791e+02;1.491429e-20
4.787291e+02;1.491318e-20
4.787792e+02;1.491207e-20
4.788292e+02;1.491096e-20
4.788792e+02;1.490986e-20
4.789292e+02;1.490875e-20
4.789792e+02;1.490764e-20
4.790292e+02;1.490654e-20
4.790792e+02;1.490543e-20
4.791292e+02;1.490433e-20
4.791792e+02;1.490322e-20
4.792292e+02;1.490212e-20
4.792792e+02;1.490101e-20
4.793292e+02;1.489990e-20
4.793792e+02;1.489880e-20
4.794292e+02;1.489769e-20
4.794792e+02;1.489659e-20
4.795292e+02;1.489548e-20
4.795792e+02;1.489438e-20
4.796292e+02;1.489328e-20
4.796792e+02;1.489217e-20
4.797292e+02;1.489107e-20
4.797792e+02;1.488996e-20
4.798292e+02;1.488886e-20
4.798792e+02;1.488776e-20
4.799292e+02;1.488665e-20
4.799792e+02;1.488555e-20
4.800292e+02;1.488445e-20
4.800792e+02;1.488334e-20
4.801292e+02;1.488224e-20
4.801792e+02;1.488114e-20
4.802292e+02;1.488004e-20
4.802792e+02;1.487893e-20
4.803292e+02;1.487783e-20
4.803792e+02;1.487673e-20
4.804292e+02;1.487563e-20
4.804792e+02;1.487453e-20
4.805292e+02;1.487342e-20
4.805792e+02;1.487232e-20
4.806292e+02;1.487122e-20
4.806792e+02;1.487012e-20
4.807292e+02;1.486902e-20
4.807792e+02;1.486792e-20
4.808292e+02;1.486682e-20
4.808792e+02;1.486572e-20
4.809292e+02;1.486462e-20
4.809792e+02;1.486352e-20
4.810292e+02;1.486242e-20
4.810792e+02;1.486132e-20
4.811292e+02;1.486022e-20
4.811792e+02;1.485912e-20
4.812292e+02;1.485802e-20
4.812793e+02;1.485692e-20
4.813293e+02;1.485582e-20
4.813793e+02;1.485472e-20
4.814293e+02;1.485362e-20
4.814793e+02;1.485252e-20
4.815293e+02;1.485143e-20
4.815793e+02;1.485033e-20
4.816293e+02;1.484923e-20
4.816793e+02;1.484813e-20
4.817293e+02;1.484703e-20
4.817793e+02;1.484594e-20
4.818293e+02;1.484484e-20
4.818793e+02;1.484374e-20
4.819293e+02;1.484264e-20
4.819793e+02;1.484155e-20
4.820293e+02;1.484045e-20
4.820793e+02;1.483935e-20
4.821293e+02;1.483826e-20
4.821793e+02;1.483716e-20
4.822293e+02;1.483606e-20
4.822793e+02;1.483497e-20
4.823293e+02;1.483387e-20
4.823793e+02;1.483278e-20
4.824293e+02;1.483168e-20
4.824793e+02;1.483058e-20
4.825293e+02;1.482949e-20
4.825793e+02;1.482839e-20
4.826293e+02;1.482730e-20
4.826793e+02;1.482620e-20
4.827293e+02;1.482511e-20
4.827793e+02;1.482401e-20
4.828293e+02;1.482292e-20
4.828793e+02;1.482183e-20
4.829293e+02;1.482073e-20
4.829793e+02;1.481964e-20
4.830293e+02;1.481854e-20
4.830793e+02;1.481745e-20
4.831293e+02;1.481636e-20
4.831793e+02;1.481526e-20
4.832293e+02;1.481417e-20
4.832793e+02;1.481308e-20
4.833293e+02;1.481198e-20
4.833793e+02;1.481089e-20
4.834293e+02;1.480980e-20
4.834793e+02;1.480871e-20
4.835293e+02;1.480761e-20
4.835793e+02;1.480652e-20
4.836293e+02;1.480543e-20
4.836793e+02;1.480434e-20
4.837293e+02;1.480325e-20
4.837794e+02;1.480215e-20
4.838294e+02;1.480106e-20
4.838794e+02;1.479997e-20
4.839294e+02;1.479888e-20
4.839794e+02;1.479779e-20
4.840294e+02;1.479670e-20
4.840794e+02;1.479561e-20
4.841294e+02;1.479452e-20
4.841794e+02;1.479343e-20
4.842294e+02;1.479234e-20
4.842794e+02;1.479125e-20
4.843294e+02;1.479016e-20
4.843794e+02;1.478907e-20
4.844294e+02;1.478798e-20
4.844794e+02;1.478689e-20
4.845294e+02;1.478580e-20
4.845794e+02;1.478471e-20
4.846294e+02;1.478362e-20
4.846794e+02;1.478253e-20
4.847294e+02;1.478144e-20
4.847794e+02;1.478035e-20
4.848294e+02;1.477927e-20
4.848794e+02;1.477818e-20
4.849294e+02;1.477709e-20
4.849794e+02;1.477600e-20
4.850294e+02;1.477491e-20
4.850794e+02;1.477383e-20
4.851294e+02;1.477274e-20
4.851794e+02;1.477165e-20
4.852294e+02;1.477056e-20
4.852794e+02;1.476948e-20
4.853294e+02;1.476839e-20
4.853794e+02;1.476730e-20
4.854294e+02;1.476622e-20
4.854794e+02;1.476513e-20
4.855294e+02;1.476405e-20
4.855794e+02;1.476296e-20
4.856294e+02;1.476187e-20
4.856794e+02;1.476079e-20
4.857294e+02;1.475970e-20
4.857794e+02;1.475862e-20
4.858294e+02;1.475753e-20
4.858794e+02;1.475645e-20
4.859294e+02;1.475536e-20
4.859794e+02;1.475428e-20
4.860294e+02;1.475319e-20
4.860794e+02;1.475211e-20
4.861294e+02;1.475102e-20
4.861794e+02;1.474994e-20
4.862294e+02;1.474885e-20
4.862795e+02;1.474777e-20
4.863295e+02;1.474669e-20
4.863795e+02;1.474560e-20
4.864295e+02;1.474452e-20
4.864795e+02;1.474344e-20
4.865295e+02;1.474235e-20
4.865795e+02;1.474127e-20
4.866295e+02;1.474019e-20
4.866795e+02;1.473910e-20
4.867295e+02;1.473802e-20
4.867795e+02;1.473694e-20
4.868295e+02;1.473586e-20
4.868795e+02;1.473477e-20
4.869295e+02;1.473369e-20
4.869795e+02;1.473261e-20
4.870295e+02;1.473153e-20
4.870795e+02;1.473045e-20
4.871295e+02;1.472937e-20
4.871795e+02;1.472828e-20
4.872295e+02;1.472720e-20
4.872795e+02;1.472612e-20
4.873295e+02;1.472504e-20
4.873795e+02;1.472396e-20
4.874295e+02;1.472288e-20
4.874795e+02;1.472180e-20
4.875295e+02;1.472072e-20
4.875795e+02;1.471964e-20
4.876295e+02;1.471856e-20
4.876795e+02;1.471748e-20
4.877295e+02;1.471640e-20
4.877795e+02;1.471532e-20
4.878295e+02;1.471424e-20
4.878795e+02;1.471316e-20
4.879295e+02;1.471208e-20
4.879795e+02;1.471101e-20
4.880295e+02;1.470993e-20
4.880795e+02;1.470885e-20
4.881295e+02;1.470777e-20
4.881795e+02;1.470669e-20
4.882295e+02;1.470561e-20
4.882795e+02;1.470454e-20
4.883295e+02;1.470346e-20
4.883795e+02;1.470238e-20
4.884295e+02;1.470130e-20
4.884795e+02;1.470023e-20
4.885295e+02;1.469915e-20
4.885795e+02;1.469807e-20
4.886295e+02;1.469699e-20
4.886795e+02;1.469592e-20
4.887295e+02;1.469484e-20
4.887796e+02;1.469377e-20
4.888296e+02;1.469269e-20
4.888796e+02;1.469161e-20
4.889296e+02;1.469054e-20
4.889796e+02;1.468946e-20
4.890296e+02;1.468839e-20
4.890796e+02;1.468731e-20
4.891296e+02;1.468623e-20
4.891796e+02;1.468516e-20
4.892296e+02;1.468408e-20
4.892796e+02;1.468301e-20
4.893296e+02;1.468193e-20
4.893796e+02;1.468086e-20
4.894296e+02;1.467979e-20
4.894796e+02;1.467871e-20
4.895296e+02;1.467764e-20
4.895796e+02;1.467656e-20
4.896296e+02;1.467549e-20
4.896796e+02;1.467442e-20
4.897296e+02;1.467334e-20
4.897796e+02;1.467227e-20
4.898296e+02;1.467119e-20
4.898796e+02;1.467012e-20
4.899296e+02;1.466905e-20
4.899796e+02;1.466798e-20
4.900296e+02;1.466690e-20
4.900796e+02;1.466583e-20
4.901296e+02;1.466476e-20
4.901796e+02;1.466369e-20
4.902296e+02;1.466261e-20
4.902796e+02;1.466154e-20
4.903296e+02;1.466047e-20
4.903796e+02;1.465940e-20
4.904296e+02;1.465833e-20
4.904796e+02;1.465726e-20
4.905296e+02;1.465618e-20
4.905796e+02;1.465511e-20
4.906296e+02;1.465404e-20
4.906796e+02;1.465297e-20
4.907296e+02;1.465190e-20
4.907796e+02;1.465083e-20
4.908296e+02;1.464976e-20
4.908796e+02;1.464869e-20
4.909296e+02;1.464762e-20
4.909796e+02;1.464655e-20
4.910296e+02;1.464548e-20
4.910796e+02;1.464441e-20
4.911296e+02;1.464334e-20
4.911796e+02;1.464227e-20
4.912296e+02;1.464120e-20
4.912797e+02;1.464013e-20
4.913297e+02;1.463907e-20
4.913797e+02;1.463800e-20
4.914297e+02;1.463693e-20
4.914797e+02;1.463586e-20
4.915297e+02;1.463479e-20
4.915797e+02;1.463372e-20
4.916297e+02;1.463266e-20
4.916797e+02;1.463159e-20
4.917297e+02;1.463052e-20
4.917797e+02;1.462945e-20
4.918297e+02;1.462839e-20
4.918797e+02;1.462732e-20
4.919297e+02;1.462625e-20
4.919797e+02;1.462519e-20
4.920297e+02;1.462412e-20
4.920797e+02;1.462305e-20
4.921297e+02;1.462199e-20
4.921797e+02;1.462092e-20
4.922297e+02;1.461985e-20
4.922797e+02;1.461879e-20
4.923297e+02;1.461772e-20
4.923797e+02;1.461666e-20
4.924297e+02;1.461559e-20
4.924797e+02;1.461452e-20
4.925297e+02;1.461346e-20
4.925797e+02;1.461239e-20
4.926297e+02;1.461133e-20
4.926797e+02;1.461026e-20
4.927297e+02;1.460920e-20
4.927797e+02;1.460814e-20
4.928297e+02;1.460707e-20
4.928797e+02;1.460601e-20
4.929297e+02;1.460494e-20
4.929797e+02;1.460388e-20
4.930297e+02;1.460281e-20
4.930797e+02;1.460175e-20
4.931297e+02;1.460069e-20
4.931797e+02;1.459962e-20
4.932297e+02;1.459856e-20
4.932797e+02;1.459750e-20
4.933297e+02;1.459644e-20
4.933797e+02;1.459537e-20
4.934297e+02;1.459431e-20
4.934797e+02;1.459325e-20
4.935297e+02;1.459219e-20
4.935797e+02;1.459112e-20
4.936297e+02;1.459006e-20
4.936797e+02;1.458900e-20
4.937297e+02;1.458794e-20
4.937798e+02;1.458688e-20
4.938298e+02;1.458581e-20
4.938798e+02;1.458475e-20
4.939298e+02;1.458369e-20
4.939798e+02;1.458263e-20
4.940298e+02;1.458157e-20
4.940798e+02;1.458051e-20
4.941298e+02;1.457945e-20
4.941798e+02;1.457839e-20
4.942298e+02;1.457733e-20
4.942798e+02;1.457627e-20
4.943298e+02;1.457521e-20
4.943798e+02;1.457415e-20
4.944298e+02;1.457309e-20
4.944798e+02;1.457203e-20
4.945298e+02;1.457097e-20
4.945798e+02;1.456991e-20
4.946298e+02;1.456885e-20
4.946798e+02;1.456779e-20
4.947298e+02;1.456673e-20
4.947798e+02;1.456568e-20
4.948298e+02;1.456462e-20
4.948798e+02;1.456356e-20
4.949298e+02;1.456250e-20
4.949798e+02;1.456144e-20
4.950298e+02;1.456038e-20
4.950798e+02;1.455933e-20
4.951298e+02;1.455827e-20
4.951798e+02;1.455721e-20
4.952298e+02;1.455615e-20
4.952798e+02;1.455510e-20
4.953298e+02;1.455404e-20
4.953798e+02;1.455298e-20
4.954298e+02;1.455193e-20
4.954798e+02;1.455087e-20
4.955298e+02;1.454981e-20
4.955798e+02;1.454876e-20
4.956298e+02;1.454770e-20
4.956798e+02;1.454665e-20
4.957298e+02;1.454559e-20
4.957798e+02;1.454453e-20
4.958298e+02;1.454348e-20
4.958798e+02;1.454242e-20
4.959298e+02;1.454137e-20
4.959798e+02;1.454031e-20
4.960298e+02;1.453926e-20
4.960798e+02;1.453820e-20
4.961298e+02;1.453715e-20
4.961798e+02;1.453609e-20
4.962298e+02;1.453504e-20
4.962799e+02;1.453398e-20
4.963299e+02;1.453293e-20
4.963799e+02;1.453188e-20
4.964299e+02;1.453082e-20
4.964799e+02;1.452977e-20
4.965299e+02;1.452872e-20
4.965799e+02;1.452766e-20
4.966299e+02;1.452661e-20
4.966799e+02;1.452556e-20
4.967299e+02;1.452450e-20
4.967799e+02;1.452345e-20
4.968299e+02;1.452240e-20
4.968799e+02;1.452135e-20
4.969299e+02;1.452029e-20
4.969799e+02;1.451924e-20
4.970299e+02;1.451819e-20
4.970799e+02;1.451714e-20
4.971299e+02;1.451608e-20
4.971799e+02;1.451503e-20
4.972299e+02;1.451398e-20
4.972799e+02;1.451293e-20
4.973299e+02;1.451188e-20
4.973799e+02;1.451083e-20
4.974299e+02;1.450978e-20
4.974799e+02;1.450873e-20
4.975299e+02;1.450768e-20
4.975799e+02;1.450663e-20
4.976299e+02;1.450558e-20
4.976799e+02;1.450452e-20
4.977299e+02;1.450347e-20
4.977799e+02;1.450242e-20
4.978299e+02;1.450138e-20
4.978799e+02;1.450033e-20
4.979299e+02;1.449928e-20
4.979799e+02;1.449823e-20
4.980299e+02;1.449718e-20
4.980799e+02;1.449613e-20
4.981299e+02;1.449508e-20
4.981799e+02;1.449403e-20
4.982299e+02;1.449298e-20
4.982799e+02;1.449193e-20
4.983299e+02;1.449089e-20
4.983799e+02;1.448984e-20
4.984299e+02;1.448879e-20
4.984799e+02;1.448774e-20
4.985299e+02;1.448669e-20
4.985799e+02;1.448565e-20
4.986299e+02;1.448460e-20
4.986799e+02;1.448355e-20
4.987299e+02;1.448250e-20
4.987800e+02;1.448146e-20
4.988300e+02;1.448041e-20
4.988800e+02;1.447936e-20
4.989300e+02;1.447832e-20
4.989800e+02;1.447727e-20
4.990300e+02;1.447622e-20
4.990800e+02;1.447518e-20
4.991300e+02;1.447413e-20
4.991800e+02;1.447309e-20
4.992300e+02;1.447204e-20
4.992800e+02;1.447100e-20
4.993300e+02;1.446995e-20
4.993800e+02;1.446890e-20
4.994300e+02;1.446786e-20
4.994800e+02;1.446681e-20
4.995300e+02;1.446577e-20
4.995800e+02;1.446473e-20
4.996300e+02;1.446368e-20
4.996800e+02;1.446264e-20
4.997300e+02;1.446159e-20
4.997800e+02;1.446055e-20
4.998300e+02;1.445950e-20
4.998800e+02;1.445846e-20
4.999300e+02;1.445742e-20
4.999800e+02;1.445637e-20
5.000300e+02;1.445533e-20
5.000800e+02;1.445429e-20
5.001300e+02;1.445324e-20
5.001800e+02;1.445220e-20
5.002300e+02;1.445116e-20
5.002800e+02;1.445011e-20
5.003300e+02;1.444907e-20
5.003800e+02;1.444803e-20
5.004300e+02;1.444699e-20
5.004800e+02;1.444595e-20
5.005300e+02;1.444490e-20
5.005800e+02;1.444386e-20
5.006300e+02;1.444282e-20
5.006800e+02;1.444178e-20
5.007300e+02;1.444074e-20
5.007800e+02;1.443970e-20
5.008300e+02;1.443865e-20
5.008800e+02;1.443761e-20
5.009300e+02;1.443657e-20
5.009800e+02;1.443553e-20
5.010300e+02;1.443449e-20
5.010800e+02;1.443345e-20
5.011300e+02;1.443241e-20
5.011800e+02;1.443137e-20
5.012300e+02;1.443033e-20
5.012801e+02;1.442929e-20
5.013301e+02;1.442825e-20
5.013801e+02;1.442721e-20
5.014301e+02;1.442617e-20
5.014801e+02;1.442513e-20
5.015301e+02;1.442409e-20
5.015801e+02;1.442306e-20
5.016301e+02;1.442202e-20
5.016801e+02;1.442098e-20
5.017301e+02;1.441994e-20
5.017801e+02;1.441890e-20
5.018301e+02;1.441786e-20
5.018801e+02;1.441682e-20
5.019301e+02;1.441579e-20
5.019801e+02;1.441475e-20
5.020301e+02;1.441371e-20
5.020801e+02;1.441267e-20
5.021301e+02;1.441164e-20
5.021801e+02;1.441060e-20
5.022301e+02;1.440956e-20
5.022801e+02;1.440853e-20
5.023301e+02;1.440749e-20
5.023801e+02;1.440645e-20
5.024301e+02;1.440542e-20
5.024801e+02;1.440438e-20
5.025301e+02;1.440334e-20
5.025801e+02;1.440231e-20
5.026301e+02;1.440127e-20
5.026801e+02;1.440023e-20
5.027301e+02;1.439920e-20
5.027801e+02;1.439816e-20
5.028301e+02;1.439713e-20
5.028801e+02;1.439609e-20
5.029301e+02;1.439506e-20
5.029801e+02;1.439402e-20
5.030301e+02;1.439299e-20
5.030801e+02;1.439195e-20
5.031301e+02;1.439092e-20
5.031801e+02;1.438988e-20
5.032301e+02;1.438885e-20
5.032801e+02;1.438782e-20
5.033301e+02;1.438678e-20
5.033801e+02;1.438575e-20
5.034301e+02;1.438471e-20
5.034801e+02;1.438368e-20
5.035301e+02;1.438265e-20
5.035801e+02;1.438161e-20
5.036301e+02;1.438058e-20
5.036801e+02;1.437955e-20
5.037301e+02;1.437852e-20
5.037802e+02;1.437748e-20
5.038302e+02;1.437645e-20
5.038802e+02;1.437542e-20
5.039302e+02;1.437439e-20
5.039802e+02;1.437335e-20
5.040302e+02;1.437232e-20
5.040802e+02;1.437129e-20
5.041302e+02;1.437026e-20
5.041802e+02;1.436923e-20
5.042302e+02;1.436819e-20
5.042802e+02;1.436716e-20
5.043302e+02;1.436613e-20
5.043802e+02;1.436510e-20
5.044302e+02;1.436407e-20
5.044802e+02;1.436304e-20
5.045302e+02;1.436201e-20
5.045802e+02;1.436098e-20
5.046302e+02;1.435995e-20
5.046802e+02;1.435892e-20
5.047302e+02;1.435789e-20
5.047802e+02;1.435686e-20
5.048302e+02;1.435583e-20
5.048802e+02;1.435480e-20
5.049302e+02;1.435377e-20
5.049802e+02;1.435274e-20
5.050302e+02;1.435171e-20
5.050802e+02;1.435068e-20
5.051302e+02;1.434965e-20
5.051802e+02;1.434862e-20
5.052302e+02;1.434760e-20
5.052802e+02;1.434657e-20
5.053302e+02;1.434554e-20
5.053802e+02;1.434451e-20
5.054302e+02;1.434348e-20
5.054802e+02;1.434245e-20
5.055302e+02;1.434143e-20
5.055802e+02;1.434040e-20
5.056302e+02;1.433937e-20
5.056802e+02;1.433834e-20
5.057302e+02;1.433732e-20
5.057802e+02;1.433629e-20
5.058302e+02;1.433526e-20
5.058802e+02;1.433424e-20
5.059302e+02;1.433321e-20
5.059802e+02;1.433218e-20
5.060302e+02;1.433116e-20
5.060802e+02;1.433013e-20
5.061302e+02;1.432911e-20
5.061802e+02;1.432808e-20
5.062302e+02;1.432705e-20
5.062803e+02;1.432603e-20
5.063303e+02;1.432500e-20
5.063803e+02;1.432398e-20
5.064303e+02;1.432295e-20
5.064803e+02;1.432193e-20
5.065303e+02;1.432090e-20
5.065803e+02;1.431988e-20
5.066303e+02;1.431885e-20
5.066803e+02;1.431783e-20
5.067303e+02;1.431680e-20
5.067803e+02;1.431578e-20
5.068303e+02;1.431475e-20
5.068803e+02;1.431373e-20
5.069303e+02;1.431271e-20
5.069803e+02;1.431168e-20
5.070303e+02;1.431066e-20
5.070803e+02;1.430964e-20
5.071303e+02;1.430861e-20
5.071803e+02;1.430759e-20
5.072303e+02;1.430657e-20
5.072803e+02;1.430554e-20
5.073303e+02;1.430452e-20
5.073803e+02;1.430350e-20
5.074303e+02;1.430248e-20
5.074803e+02;1.430145e-20
5.075303e+02;1.430043e-20
5.075803e+02;1.429941e-20
5.076303e+02;1.429839e-20
5.076803e+02;1.429737e-20
5.077303e+02;1.429634e-20
5.077803e+02;1.429532e-20
5.078303e+02;1.429430e-20
5.078803e+02;1.429328e-20
5.079303e+02;1.429226e-20
5.079803e+02;1.429124e-20
5.080303e+02;1.429022e-20
5.080803e+02;1.428920e-20
5.081303e+02;1.428818e-20
5.081803e+02;1.428716e-20
5.082303e+02;1.428614e-20
5.082803e+02;1.428512e-20
5.083303e+02;1.428410e-20
5.083803e+02;1.428308e-20
5.084303e+02;1.428206e-20
5.084803e+02;1.428104e-20
5.085303e+02;1.428002e-20
5.085803e+02;1.427900e-20
5.086303e+02;1.427798e-20
5.086803e+02;1.427696e-20
5.087303e+02;1.427594e-20
5.087804e+02;1.427492e-20
5.088304e+02;1.427390e-20
5.088804e+02;1.427289e-20
5.089304e+02;1.427187e-20
5.089804e+02;1.427085e-20
5.090304e+02;1.426983e-20
5.090804e+02;1.426881e-20
5.091304e+02;1.426780e-20
5.091804e+02;1.426678e-20
5.092304e+02;1.426576e-20
5.092804e+02;1.426474e-20
5.093304e+02;1.426373e-20
5.093804e+02;1.426271e-20
5.094304e+02;1.426169e-20
5.094804e+02;1.426068e-20
5.095304e+02;1.425966e-20
5.095804e+02;1.425864e-20
5.096304e+02;1.425763e-20
5.096804e+02;1.425661e-20
5.097304e+02;1.425559e-20
5.097804e+02;1.425458e-20
5.098304e+02;1.425356e-20
5.098804e+02;1.425255e-20
5.099304e+02;1.425153e-20
5.099804e+02;1.425052e-20
5.100304e+02;1.424950e-20
5.100804e+02;1.424849e-20
5.101304e+02;1.424747e-20
5.101804e+02;1.424646e-20
5.102304e+02;1.424544e-20
5.102804e+02;1.424443e-20
5.103304e+02;1.424341e-20
5.103804e+02;1.424240e-20
5.104304e+02;1.424139e-20
5.104804e+02;1.424037e-20
5.105304e+02;1.423936e-20
5.105804e+02;1.423834e-20
5.106304e+02;1.423733e-20
5.106804e+02;1.423632e-20
5.107304e+02;1.423530e-20
5.107804e+02;1.423429e-20
5.108304e+02;1.423328e-20
5.108804e+02;1.423226e-20
5.109304e+02;1.423125e-20
5.109804e+02;1.423024e-20
5.110304e+02;1.422923e-20
5.110804e+02;1.422821e-20
5.111304e+02;1.422720e-20
5.111804e+02;1.422619e-20
5.112304e+02;1.422518e-20
5.112805e+02;1.422417e-20
5.113305e+02;1.422315e-20
5.113805e+02;1.422214e-20
5.114305e+02;1.422113e-20
5.114805e+02;1.422012e-20
5.115305e+02;1.421911e-20
5.115805e+02;1.421810e-20
5.116305e+02;1.421709e-20
5.116805e+02;1.421608e-20
5.117305e+02;1.421507e-20
5.117805e+02;1.421406e-20
5.118305e+02;1.421305e-20
5.118805e+02;1.421204e-20
5.119305e+02;1.421103e-20
5.119805e+02;1.421002e-20
5.120305e+02;1.420901e-20
5.120805e+02;1.420800e-20
5.121305e+02;1.420699e-20
5.121805e+02;1.420598e-20
5.122305e+02;1.420497e-20
5.122805e+02;1.420396e-20
5.123305e+02;1.420295e-20
5.123805e+02;1.420194e-20
5.124305e+02;1.420093e-20
5.124805e+02;1.419993e-20
5.125305e+02;1.419892e-20
5.125805e+02;1.419791e-20
5.126305e+02;1.419690e-20
5.126805e+02;1.419589e-20
5.127305e+02;1.419489e-20
5.127805e+02;1.419388e-20
5.128305e+02;1.419287e-20
5.128805e+02;1.419186e-20
5.129305e+02;1.419086e-20
5.129805e+02;1.418985e-20
5.130305e+02;1.418884e-20
5.130805e+02;1.418783e-20
5.131305e+02;1.418683e-20
5.131805e+02;1.418582e-20
5.132305e+02;1.418481e-20
5.132805e+02;1.418381e-20
5.133305e+02;1.418280e-20
5.133805e+02;1.418180e-20
5.134305e+02;1.418079e-20
5.134805e+02;1.417978e-20
5.135305e+02;1.417878e-20
5.135805e+02;1.417777e-20
5.136305e+02;1.417677e-20
5.136805e+02;1.417576e-20
5.137305e+02;1.417476e-20
5.137806e+02;1.417375e-20
5.138306e+02;1.417275e-20
5.138806e+02;1.417174e-20
5.139306e+02;1.417074e-20
5.139806e+02;1.416974e-20
5.140306e+02;1.416873e-20
5.140806e+02;1.416773e-20
5.141306e+02;1.416672e-20
5.141806e+02;1.416572e-20
5.142306e+02;1.416472e-20
5.142806e+02;1.416371e-20
5.143306e+02;1.416271e-20
5.143806e+02;1.416171e-20
5.144306e+02;1.416070e-20
5.144806e+02;1.415970e-20
5.145306e+02;1.415870e-20
5.145806e+02;1.415769e-20
5.146306e+02;1.415669e-20
5.146806e+02;1.415569e-20
5.147306e+02;1.415469e-20
5.147806e+02;1.415368e-20
5.148306e+02;1.415268e-20
5.148806e+02;1.415168e-20
5.149306e+02;1.415068e-20
5.149806e+02;1.414968e-20
5.150306e+02;1.414867e-20
5.150806e+02;1.414767e-20
5.151306e+02;1.414667e-20
5.151806e+02;1.414567e-20
5.152306e+02;1.414467e-20
5.152806e+02;1.414367e-20
5.153306e+02;1.414267e-20
5.153806e+02;1.414167e-20
5.154306e+02;1.414067e-20
5.154806e+02;1.413967e-20
5.155306e+02;1.413867e-20
5.155806e+02;1.413767e-20
5.156306e+02;1.413667e-20
5.156806e+02;1.413567e-20
5.157306e+02;1.413467e-20
5.157806e+02;1.413367e-20
5.158306e+02;1.413267e-20
5.158806e+02;1.413167e-20
5.159306e+02;1.413067e-20
5.159806e+02;1.412967e-20
5.160306e+02;1.412867e-20
5.160806e+02;1.412767e-20
5.161306e+02;1.412668e-20
5.161806e+02;1.412568e-20
5.162306e+02;1.412468e-20
5.162807e+02;1.412368e-20
5.163307e+02;1.412268e-20
5.163807e+02;1.412169e-20
5.164307e+02;1.412069e-20
5.164807e+02;1.411969e-20
5.165307e+02;1.411869e-20
5.165807e+02;1.411770e-20
5.166307e+02;1.411670e-20
5.166807e+02;1.411570e-20
5.167307e+02;1.411470e-20
5.167807e+02;1.411371e-20
5.168307e+02;1.411271e-20
5.168807e+02;1.411171e-20
5.169307e+02;1.411072e-20
5.169807e+02;1.410972e-20
5.170307e+02;1.410873e-20
5.170807e+02;1.410773e-20
5.171307e+02;1.410673e-20
5.171807e+02;1.410574e-20
5.172307e+02;1.410474e-20
5.172807e+02;1.410375e-20
5.173307e+02;1.410275e-20
5.173807e+02;1.410176e-20
5.174307e+02;1.410076e-20
5.174807e+02;1.409977e-20
5.175307e+02;1.409877e-20
5.175807e+02;1.409778e-20
5.176307e+02;1.409678e-20
5.176807e+02;1.409579e-20
5.177307e+02;1.409479e-20
5.177807e+02;1.409380e-20
5.178307e+02;1.409281e-20
5.178807e+02;1.409181e-20
5.179307e+02;1.409082e-20
5.179807e+02;1.408982e-20
5.180307e+02;1.408883e-20
5.180807e+02;1.408784e-20
5.181307e+02;1.408685e-20
5.181807e+02;1.408585e-20
5.182307e+02;1.408486e-20
5.182807e+02;1.408387e-20
5.183307e+02;1.408287e-20
5.183807e+02;1.408188e-20
5.184307e+02;1.408089e-20
5.184807e+02;1.407990e-20
5.185307e+02;1.407890e-20
5.185807e+02;1.407791e-20
5.186307e+02;1.407692e-20
5.186807e+02;1.407593e-20
5.187307e+02;1.407494e-20
5.187808e+02;1.407395e-20
5.188308e+02;1.407296e-20
5.188808e+02;1.407196e-20
5.189308e+02;1.407097e-20
5.189808e+02;1.406998e-20
5.190308e+02;1.406899e-20
5.190808e+02;1.406800e-20
5.191308e+02;1.406701e-20
5.191808e+02;1.406602e-20
5.192308e+02;1.406503e-20
5.192808e+02;1.406404e-20
5.193308e+02;1.406305e-20
5.193808e+02;1.406206e-20
5.194308e+02;1.406107e-20
5.194808e+02;1.406008e-20
5.195308e+02;1.405909e-20
5.195808e+02;1.405810e-20
5.196308e+02;1.405711e-20
5.196808e+02;1.405612e-20
5.197308e+02;1.405514e-20
5.197808e+02;1.405415e-20
5.198308e+02;1.405316e-20
5.198808e+02;1.405217e-20
5.199308e+02;1.405118e-20
5.199808e+02;1.405019e-20
5.200308e+02;1.404920e-20
5.200808e+02;1.404822e-20
5.201308e+02;1.404723e-20
5.201808e+02;1.404624e-20
5.202308e+02;1.404525e-20
5.202808e+02;1.404427e-20
5.203308e+02;1.404328e-20
5.203808e+02;1.404229e-20
5.204308e+02;1.404130e-20
5.204808e+02;1.404032e-20
5.205308e+02;1.403933e-20
5.205808e+02;1.403834e-20
5.206308e+02;1.403736e-20
5.206808e+02;1.403637e-20
5.207308e+02;1.403539e-20
5.207808e+02;1.403440e-20
5.208308e+02;1.403341e-20
5.208808e+02;1.403243e-20
5.209308e+02;1.403144e-20
5.209808e+02;1.403046e-20
5.210308e+02;1.402947e-20
5.210808e+02;1.402849e-20
5.211308e+02;1.402750e-20
5.211808e+02;1.402652e-20
5.212308e+02;1.402553e-20
5.212809e+02;1.402455e-20
5.213309e+02;1.402356e-20
5.213809e+02;1.402258e-20
5.214309e+02;1.402159e-20
5.214809e+02;1.402061e-20
5.215309e+02;1.401962e-20
5.215809e+02;1.401864e-20
5.216309e+02;1.401766e-20
5.216809e+02;1.401667e-20
5.217309e+02;1.401569e-20
5.217809e+02;1.401471e-20
5.218309e+02;1.401372e-20
5.218809e+02;1.401274e-20
5.219309e+02;1.401176e-20
5.219809e+02;1.401077e-20
5.220309e+02;1.400979e-20
5.220809e+02;1.400881e-20
5.221309e+02;1.400783e-20
5.221809e+02;1.400684e-20
5.222309e+02;1.400586e-20
5.222809e+02;1.400488e-20
5.223309e+02;1.400390e-20
5.223809e+02;1.400292e-20
5.224309e+02;1.400193e-20
5.224809e+02;1.400095e-20
5.225309e+02;1.399997e-20
5.225809e+02;1.399899e-20
5.226309e+02;1.399801e-20
5.226809e+02;1.399703e-20
5.227309e+02;1.399605e-20
5.227809e+02;1.399507e-20
5.228309e+02;1.399408e-20
5.228809e+02;1.399310e-20
5.229309e+02;1.399212e-20
5.229809e+02;1.399114e-20
5.230309e+02;1.399016e-20
5.230809e+02;1.398918e-20
5.231309e+02;1.398820e-20
5.231809e+02;1.398722e-20
5.232309e+02;1.398624e-20
5.232809e+02;1.398526e-20
5.233309e+02;1.398429e-20
5.233809e+02;1.398331e-20
5.234309e+02;1.398233e-20
5.234809e+02;1.398135e-20
5.235309e+02;1.398037e-20
5.235809e+02;1.397939e-20
5.236309e+02;1.397841e-20
5.236809e+02;1.397743e-20
5.237309e+02;1.397646e-20
5.237810e+02;1.397548e-20
5.238310e+02;1.397450e-20
5.238810e+02;1.397352e-20
5.239310e+02;1.397254e-20
5.239810e+02;1.397157e-20
5.240310e+02;1.397059e-20
5.240810e+02;1.396961e-20
5.241310e+02;1.396863e-20
5.241810e+02;1.396766e-20
5.242310e+02;1.396668e-20
5.242810e+02;1.396570e-20
5.243310e+02;1.396473e-20
5.243810e+02;1.396375e-20
5.244310e+02;1.396277e-20
5.244810e+02;1.396180e-20
5.245310e+02;1.396082e-20
5.245810e+02;1.395984e-20
5.246310e+02;1.395887e-20
5.246810e+02;1.395789e-20
5.247310e+02;1.395692e-20
5.247810e+02;1.395594e-20
5.248310e+02;1.395497e-20
5.248810e+02;1.395399e-20
5.249310e+02;1.395302e-20
5.249810e+02;1.395204e-20
5.250310e+02;1.395107e-20
5.250810e+02;1.395009e-20
5.251310e+02;1.394912e-20
5.251810e+02;1.394814e-20
5.252310e+02;1.394717e-20
5.252810e+02;1.394619e-20
5.253310e+02;1.394522e-20
5.253810e+02;1.394425e-20
5.254310e+02;1.394327e-20
5.254810e+02;1.394230e-20
5.255310e+02;1.394132e-20
5.255810e+02;1.394035e-20
5.256310e+02;1.393938e-20
5.256810e+02;1.393840e-20
5.257310e+02;1.393743e-20
5.257810e+02;1.393646e-20
5.258310e+02;1.393549e-20
5.258810e+02;1.393451e-20
5.259310e+02;1.393354e-20
5.259810e+02;1.393257e-20
5.260310e+02;1.393160e-20
5.260810e+02;1.393062e-20
5.261310e+02;1.392965e-20
5.261810e+02;1.392868e-20
5.262310e+02;1.392771e-20
5.262811e+02;1.392674e-20
5.263311e+02;1.392576e-20
5.263811e+02;1.392479e-20
5.264311e+02;1.392382e-20
5.264811e+02;1.392285e-20
5.265311e+02;1.392188e-20
5.265811e+02;1.392091e-20
5.266311e+02;1.391994e-20
5.266811e+02;1.391897e-20
5.267311e+02;1.391800e-20
5.267811e+02;1.391703e-20
5.268311e+02;1.391606e-20
5.268811e+02;1.391509e-20
5.269311e+02;1.391412e-20
5.269811e+02;1.391315e-20
5.270311e+02;1.391218e-20
5.270811e+02;1.391121e-20
5.271311e+02;1.391024e-20
5.271811e+02;1.390927e-20
5.272311e+02;1.390830e-20
5.272811e+02;1.390733e-20
5.273311e+02;1.390636e-20
5.273811e+02;1.390539e-20
5.274311e+02;1.390442e-20
5.274811e+02;1.390346e-20
5.275311e+02;1.390249e-20
5.275811e+02;1.390152e-20
5.276311e+02;1.390055e-20
5.276811e+02;1.389958e-20
5.277311e+02;1.389862e-20
5.277811e+02;1.389765e-20
5.278311e+02;1.389668e-20
5.278811e+02;1.389571e-20
5.279311e+02;1.389475e-20
5.279811e+02;1.389378e-20
5.280311e+02;1.389281e-20
5.280811e+02;1.389184e-20
5.281311e+02;1.389088e-20
5.281811e+02;1.388991e-20
5.282311e+02;1.388894e-20
5.282811e+02;1.388798e-20
5.283311e+02;1.388701e-20
5.283811e+02;1.388604e-20
5.284311e+02;1.388508e-20
5.284811e+02;1.388411e-20
5.285311e+02;1.388315e-20
5.285811e+02;1.388218e-20
5.286311e+02;1.388122e-20
5.286811e+02;1.388025e-20
5.287311e+02;1.387929e-20
5.287812e+02;1.387832e-20
5.288312e+02;1.387736e-20
5.288812e+02;1.387639e-20
5.289312e+02;1.387543e-20
5.289812e+02;1.387446e-20
5.290312e+02;1.387350e-20
5.290812e+02;1.387253e-20
5.291312e+02;1.387157e-20
5.291812e+02;1.387060e-20
5.292312e+02;1.386964e-20
5.292812e+02;1.386868e-20
5.293312e+02;1.386771e-20
5.293812e+02;1.386675e-20
5.294312e+02;1.386578e-20
5.294812e+02;1.386482e-20
5.295312e+02;1.386386e-20
5.295812e+02;1.386290e-20
5.296312e+02;1.386193e-20
5.296812e+02;1.386097e-20
5.297312e+02;1.386001e-20
5.297812e+02;1.385904e-20
5.298312e+02;1.385808e-20
5.298812e+02;1.385712e-20
5.299312e+02;1.385616e-20
5.299812e+02;1.385520e-20
5.300312e+02;1.385423e-20
5.300812e+02;1.385327e-20
5.301312e+02;1.385231e-20
5.301812e+02;1.385135e-20
5.302312e+02;1.385039e-20
5.302812e+02;1.384943e-20
5.303312e+02;1.384846e-20
5.303812e+02;1.384750e-20
5.304312e+02;1.384654e-20
5.304812e+02;1.384558e-20
5.305312e+02;1.384462e-20
5.305812e+02;1.384366e-20
5.306312e+02;1.384270e-20
5.306812e+02;1.384174e-20
5.307312e+02;1.384078e-20
5.307812e+02;1.383982e-20
5.308312e+02;1.383886e-20
5.308812e+02;1.383790e-20
5.309312e+02;1.383694e-20
5.309812e+02;1.383598e-20
5.310312e+02;1.383502e-20
5.310812e+02;1.383406e-20
5.311312e+02;1.383310e-20
5.311812e+02;1.383214e-20
5.312312e+02;1.383118e-20
5.312813e+02;1.383023e-20
5.313313e+02;1.382927e-20
5.313813e+02;1.382831e-20
5.314313e+02;1.382735e-20
5.314813e+02;1.382639e-20
5.315313e+02;1.382543e-20
5.315813e+02;1.382448e-20
5.316313e+02;1.382352e-20
5.316813e+02;1.382256e-20
5.317313e+02;1.382160e-20
5.317813e+02;1.382065e-20
5.318313e+02;1.381969e-20
5.318813e+02;1.381873e-20
5.319313e+02;1.381777e-20
5.319813e+02;1.381682e-20
5.320313e+02;1.381586e-20
5.320813e+02;1.381490e-20
5.321313e+02;1.381395e-20
5.321813e+02;1.381299e-20
5.322313e+02;1.381203e-20
5.322813e+02;1.381108e-20
5.323313e+02;1.381012e-20
5.323813e+02;1.380917e-20
5.324313e+02;1.380821e-20
5.324813e+02;1.380725e-20
5.325313e+02;1.380630e-20
5.325813e+02;1.380534e-20
5.326313e+02;1.380439e-20
5.326813e+02;1.380343e-20
5.327313e+02;1.380248e-20
5.327813e+02;1.380152e-20
5.328313e+02;1.380057e-20
5.328813e+02;1.379961e-20
5.329313e+02;1.379866e-20
5.329813e+02;1.379770e-20
5.330313e+02;1.379675e-20
5.330813e+02;1.379580e-20
5.331313e+02;1.379484e-20
5.331813e+02;1.379389e-20
5.332313e+02;1.379293e-20
5.332813e+02;1.379198e-20
5.333313e+02;1.379103e-20
5.333813e+02;1.379007e-20
5.334313e+02;1.378912e-20
5.334813e+02;1.378817e-20
5.335313e+02;1.378721e-20
5.335813e+02;1.378626e-20
5.336313e+02;1.378531e-20
5.336813e+02;1.378436e-20
5.337313e+02;1.378340e-20
5.337814e+02;1.378245e-20
5.338314e+02;1.378150e-20
5.338814e+02;1.378055e-20
5.339314e+02;1.377959e-20
5.339814e+02;1.377864e-20
5.340314e+02;1.377769e-20
5.340814e+02;1.377674e-20
5.341314e+02;1.377579e-20
5.341814e+02;1.377484e-20
5.342314e+02;1.377389e-20
5.342814e+02;1.377293e-20
5.343314e+02;1.377198e-20
5.343814e+02;1.377103e-20
5.344314e+02;1.377008e-20
5.344814e+02;1.376913e-20
5.345314e+02;1.376818e-20
5.345814e+02;1.376723e-20
5.346314e+02;1.376628e-20
5.346814e+02;1.376533e-20
5.347314e+02;1.376438e-20
5.347814e+02;1.376343e-20
5.348314e+02;1.376248e-20
5.348814e+02;1.376153e-20
5.349314e+02;1.376058e-20
5.349814e+02;1.375963e-20
5.350314e+02;1.375868e-20
5.350814e+02;1.375773e-20
5.351314e+02;1.375678e-20
5.351814e+02;1.375584e-20
5.352314e+02;1.375489e-20
5.352814e+02;1.375394e-20
5.353314e+02;1.375299e-20
5.353814e+02;1.375204e-20
5.354314e+02;1.375109e-20
5.354814e+02;1.375015e-20
5.355314e+02;1.374920e-20
5.355814e+02;1.374825e-20
5.356314e+02;1.374730e-20
5.356814e+02;1.374635e-20
5.357314e+02;1.374541e-20
5.357814e+02;1.374446e-20
5.358314e+02;1.374351e-20
5.358814e+02;1.374256e-20
5.359314e+02;1.374162e-20
5.359814e+02;1.374067e-20
5.360314e+02;1.373972e-20
5.360814e+02;1.373878e-20
5.361314e+02;1.373783e-20
5.361814e+02;1.373688e-20
5.362314e+02;1.373594e-20
5.362815e+02;1.373499e-20
5.363315e+02;1.373405e-20
5.363815e+02;1.373310e-20
5.364315e+02;1.373216e-20
5.364815e+02;1.373121e-20
5.365315e+02;1.373026e-20
5.365815e+02;1.372932e-20
5.366315e+02;1.372837e-20
5.366815e+02;1.372743e-20
5.367315e+02;1.372648e-20
5.367815e+02;1.372554e-20
5.368315e+02;1.372459e-20
5.368815e+02;1.372365e-20
5.369315e+02;1.372270e-20
5.369815e+02;1.372176e-20
5.370315e+02;1.372082e-20
5.370815e+02;1.371987e-20
5.371315e+02;1.371893e-20
5.371815e+02;1.371798e-20
5.372315e+02;1.371704e-20
5.372815e+02;1.371610e-20
5.373315e+02;1.371515e-20
5.373815e+02;1.371421e-20
5.374315e+02;1.371327e-20
5.374815e+02;1.371232e-20
5.375315e+02;1.371138e-20
5.375815e+02;1.371044e-20
5.376315e+02;1.370950e-20
5.376815e+02;1.370855e-20
5.377315e+02;1.370761e-20
5.377815e+02;1.370667e-20
5.378315e+02;1.370573e-20
5.378815e+02;1.370478e-20
5.379315e+02;1.370384e-20
5.379815e+02;1.370290e-20
5.380315e+02;1.370196e-20
5.380815e+02;1.370102e-20
5.381315e+02;1.370007e-20
5.381815e+02;1.369913e-20
5.382315e+02;1.369819e-20
5.382815e+02;1.369725e-20
5.383315e+02;1.369631e-20
5.383815e+02;1.369537e-20
5.384315e+02;1.369443e-20
5.384815e+02;1.369349e-20
5.385315e+02;1.369255e-20
5.385815e+02;1.369161e-20
5.386315e+02;1.369067e-20
5.386815e+02;1.368973e-20
5.387315e+02;1.368879e-20
5.387816e+02;1.368785e-20
5.388316e+02;1.368691e-20
5.388816e+02;1.368597e-20
5.389316e+02;1.368503e-20
5.389816e+02;1.368409e-20
5.390316e+02;1.368315e-20
5.390816e+02;1.368221e-20
5.391316e+02;1.368127e-20
5.391816e+02;1.368033e-20
5.392316e+02;1.367939e-20
5.392816e+02;1.367846e-20
5.393316e+02;1.367752e-20
5.393816e+02;1.367658e-20
5.394316e+02;1.367564e-20
5.394816e+02;1.367470e-20
5.395316e+02;1.367376e-20
5.395816e+02;1.367283e-20
5.396316e+02;1.367189e-20
5.396816e+02;1.367095e-20
5.397316e+02;1.367001e-20
5.397816e+02;1.366908e-20
5.398316e+02;1.366814e-20
5.398816e+02;1.366720e-20
5.399316e+02;1.366626e-20
5.399816e+02;1.366533e-20
5.400316e+02;1.366439e-20
5.400816e+02;1.366345e-20
5.401316e+02;1.366252e-20
5.401816e+02;1.366158e-20
5.402316e+02;1.366064e-20
5.402816e+02;1.365971e-20
5.403316e+02;1.365877e-20
5.403816e+02;1.365784e-20
5.404316e+02;1.365690e-20
5.404816e+02;1.365597e-20
5.405316e+02;1.365503e-20
5.405816e+02;1.365409e-20
5.406316e+02;1.365316e-20
5.406816e+02;1.365222e-20
5.407316e+02;1.365129e-20
5.407816e+02;1.365035e-20
5.408316e+02;1.364942e-20
5.408816e+02;1.364848e-20
5.409316e+02;1.364755e-20
5.409816e+02;1.364662e-20
5.410316e+02;1.364568e-20
5.410816e+02;1.364475e-20
5.411316e+02;1.364381e-20
5.411816e+02;1.364288e-20
5.412316e+02;1.364195e-20
5.412817e+02;1.364101e-20
5.413317e+02;1.364008e-20
5.413817e+02;1.363914e-20
5.414317e+02;1.363821e-20
5.414817e+02;1.363728e-20
5.415317e+02;1.363634e-20
5.415817e+02;1.363541e-20
5.416317e+02;1.363448e-20
5.416817e+02;1.363355e-20
5.417317e+02;1.363261e-20
5.417817e+02;1.363168e-20
5.418317e+02;1.363075e-20
5.418817e+02;1.362982e-20
5.419317e+02;1.362888e-20
5.419817e+02;1.362795e-20
5.420317e+02;1.362702e-20
5.420817e+02;1.362609e-20
5.421317e+02;1.362516e-20
5.421817e+02;1.362423e-20
5.422317e+02;1.362329e-20
5.422817e+02;1.362236e-20
5.423317e+02;1.362143e-20
5.423817e+02;1.362050e-20
5.424317e+02;1.361957e-20
5.424817e+02;1.361864e-20
5.425317e+02;1.361771e-20
5.425817e+02;1.361678e-20
5.426317e+02;1.361585e-20
5.426817e+02;1.361492e-20
5.427317e+02;1.361399e-20
5.427817e+02;1.361306e-20
5.428317e+02;1.361213e-20
5.428817e+02;1.361120e-20
5.429317e+02;1.361027e-20
5.429817e+02;1.360934e-20
5.430317e+02;1.360841e-20
5.430817e+02;1.360748e-20
5.431317e+02;1.360655e-20
5.431817e+02;1.360562e-20
5.432317e+02;1.360469e-20
5.432817e+02;1.360376e-20
5.433317e+02;1.360284e-20
5.433817e+02;1.360191e-20
5.434317e+02;1.360098e-20
5.434817e+02;1.360005e-20
5.435317e+02;1.359912e-20
5.435817e+02;1.359819e-20
5.436317e+02;1.359727e-20
5.436817e+02;1.359634e-20
5.437317e+02;1.359541e-20
5.437818e+02;1.359448e-20
5.438318e+02;1.359356e-20
5.438818e+02;1.359263e-20
5.439318e+02;1.359170e-20
5.439818e+02;1.359077e-20
5.440318e+02;1.358985e-20
5.440818e+02;1.358892e-20
5.441318e+02;1.358799e-20
5.441818e+02;1.358707e-20
5.442318e+02;1.358614e-20
5.442818e+02;1.358521e-20
5.443318e+02;1.358429e-20
5.443818e+02;1.358336e-20
5.444318e+02;1.358244e-20
5.444818e+02;1.358151e-20
5.445318e+02;1.358058e-20
5.445818e+02;1.357966e-20
5.446318e+02;1.357873e-20
5.446818e+02;1.357781e-20
5.447318e+02;1.357688e-20
5.447818e+02;1.357596e-20
5.448318e+02;1.357503e-20
5.448818e+02;1.357411e-20
5.449318e+02;1.357318e-20
5.449818e+02;1.357226e-20
5.450318e+02;1.357133e-20
5.450818e+02;1.357041e-20
5.451318e+02;1.356948e-20
5.451818e+02;1.356856e-20
5.452318e+02;1.356764e-20
5.452818e+02;1.356671e-20
5.453318e+02;1.356579e-20
5.453818e+02;1.356487e-20
5.454318e+02;1.356394e-20
5.454818e+02;1.356302e-20
5.455318e+02;1.356209e-20
5.455818e+02;1.356117e-20
5.456318e+02;1.356025e-20
5.456818e+02;1.355933e-20
5.457318e+02;1.355840e-20
5.457818e+02;1.355748e-20
5.458318e+02;1.355656e-20
5.458818e+02;1.355563e-20
5.459318e+02;1.355471e-20
5.459818e+02;1.355379e-20
5.460318e+02;1.355287e-20
5.460818e+02;1.355195e-20
5.461318e+02;1.355102e-20
5.461818e+02;1.355010e-20
5.462318e+02;1.354918e-20
5.462819e+02;1.354826e-20
5.463319e+02;1.354734e-20
5.463819e+02;1.354642e-20
5.464319e+02;1.354550e-20
5.464819e+02;1.354457e-20
5.465319e+02;1.354365e-20
5.465819e+02;1.354273e-20
5.466319e+02;1.354181e-20
5.466819e+02;1.354089e-20
5.467319e+02;1.353997e-20
5.467819e+02;1.353905e-20
5.468319e+02;1.353813e-20
5.468819e+02;1.353721e-20
5.469319e+02;1.353629e-20
5.469819e+02;1.353537e-20
5.470319e+02;1.353445e-20
5.470819e+02;1.353353e-20
5.471319e+02;1.353261e-20
5.471819e+02;1.353169e-20
5.472319e+02;1.353077e-20
5.472819e+02;1.352985e-20
5.473319e+02;1.352894e-20
5.473819e+02;1.352802e-20
5.474319e+02;1.352710e-20
5.474819e+02;1.352618e-20
5.475319e+02;1.352526e-20
5.475819e+02;1.352434e-20
5.476319e+02;1.352342e-20
5.476819e+02;1.352251e-20
5.477319e+02;1.352159e-20
5.477819e+02;1.352067e-20
5.478319e+02;1.351975e-20
5.478819e+02;1.351883e-20
5.479319e+02;1.351792e-20
5.479819e+02;1.351700e-20
5.480319e+02;1.351608e-20
5.480819e+02;1.351517e-20
5.481319e+02;1.351425e-20
5.481819e+02;1.351333e-20
5.482319e+02;1.351241e-20
5.482819e+02;1.351150e-20
5.483319e+02;1.351058e-20
5.483819e+02;1.350966e-20
5.484319e+02;1.350875e-20
5.484819e+02;1.350783e-20
5.485319e+02;1.350692e-20
5.485819e+02;1.350600e-20
5.486319e+02;1.350508e-20
5.486819e+02;1.350417e-20
5.487319e+02;1.350325e-20
5.487820e+02;1.350234e-20
5.488320e+02;1.350142e-20
5.488820e+02;1.350051e-20
5.489320e+02;1.349959e-20
5.489820e+02;1.349868e-20
5.490320e+02;1.349776e-20
5.490820e+02;1.349685e-20
5.491320e+02;1.349593e-20
5.491820e+02;1.349502e-20
5.492320e+02;1.349410e-20
5.492820e+02;1.349319e-20
5.493320e+02;1.349227e-20
5.493820e+02;1.349136e-20
5.494320e+02;1.349045e-20
5.494820e+02;1.348953e-20
5.495320e+02;1.348862e-20
5.495820e+02;1.348771e-20
5.496320e+02;1.348679e-20
5.496820e+02;1.348588e-20
5.497320e+02;1.348497e-20
5.497820e+02;1.348405e-20
5.498320e+02;1.348314e-20
5.498820e+02;1.348223e-20
5.499320e+02;1.348131e-20
5.499820e+02;1.348040e-20
5.500320e+02;1.347949e-20
5.500820e+02;1.347858e-20
5.501320e+02;1.347766e-20
5.501820e+02;1.347675e-20
5.502320e+02;1.347584e-20
5.502820e+02;1.347493e-20
5.503320e+02;1.347402e-20
5.503820e+02;1.347310e-20
5.504320e+02;1.347219e-20
5.504820e+02;1.347128e-20
5.505320e+02;1.347037e-20
5.505820e+02;1.346946e-20
5.506320e+02;1.346855e-20
5.506820e+02;1.346764e-20
5.507320e+02;1.346673e-20
5.507820e+02;1.346582e-20
5.508320e+02;1.346490e-20
5.508820e+02;1.346399e-20
5.509320e+02;1.346308e-20
5.509820e+02;1.346217e-20
5.510320e+02;1.346126e-20
5.510820e+02;1.346035e-20
5.511320e+02;1.345944e-20
5.511820e+02;1.345853e-20
5.512320e+02;1.345762e-20
5.512821e+02;1.345671e-20
5.513321e+02;1.345581e-20
5.513821e+02;1.345490e-20
5.514321e+02;1.345399e-20
5.514821e+02;1.345308e-20
5.515321e+02;1.345217e-20
5.515821e+02;1.345126e-20
5.516321e+02;1.345035e-20
5.516821e+02;1.344944e-20
5.517321e+02;1.344853e-20
5.517821e+02;1.344763e-20
5.518321e+02;1.344672e-20
5.518821e+02;1.344581e-20
5.519321e+02;1.344490e-20
5.519821e+02;1.344399e-20
5.520321e+02;1.344309e-20
5.520821e+02;1.344218e-20
5.521321e+02;1.344127e-20
5.521821e+02;1.344036e-20
5.522321e+02;1.343946e-20
5.522821e+02;1.343855e-20
5.523321e+02;1.343764e-20
5.523821e+02;1.343673e-20
5.524321e+02;1.343583e-20
5.524821e+02;1.343492e-20
5.525321e+02;1.343401e-20
5.525821e+02;1.343311e-20
5.526321e+02;1.343220e-20
5.526821e+02;1.343130e-20
5.527321e+02;1.343039e-20
5.527821e+02;1.342948e-20
5.528321e+02;1.342858e-20
5.528821e+02;1.342767e-20
5.529321e+02;1.342677e-20
5.529821e+02;1.342586e-20
5.530321e+02;1.342495e-20
5.530821e+02;1.342405e-20
5.531321e+02;1.342314e-20
5.531821e+02;1.342224e-20
5.532321e+02;1.342133e-20
5.532821e+02;1.342043e-20
5.533321e+02;1.341952e-20
5.533821e+02;1.341862e-20
5.534321e+02;1.341772e-20
5.534821e+02;1.341681e-20
5.535321e+02;1.341591e-20
5.535821e+02;1.341500e-20
5.536321e+02;1.341410e-20
5.536821e+02;1.341320e-20
5.537321e+02;1.341229e-20
5.537822e+02;1.341139e-20
5.538322e+02;1.341048e-20
5.538822e+02;1.340958e-20
5.539322e+02;1.340868e-20
5.539822e+02;1.340777e-20
5.540322e+02;1.340687e-20
5.540822e+02;1.340597e-20
5.541322e+02;1.340507e-20
5.541822e+02;1.340416e-20
5.542322e+02;1.340326e-20
5.542822e+02;1.340236e-20
5.543322e+02;1.340146e-20
5.543822e+02;1.340055e-20
5.544322e+02;1.339965e-20
5.544822e+02;1.339875e-20
5.545322e+02;1.339785e-20
5.545822e+02;1.339695e-20
5.546322e+02;1.339604e-20
5.546822e+02;1.339514e-20
5.547322e+02;1.339424e-20
5.547822e+02;1.339334e-20
5.548322e+02;1.339244e-20
5.548822e+02;1.339154e-20
5.549322e+02;1.339064e-20
5.549822e+02;1.338974e-20
5.550322e+02;1.338883e-20
5.550822e+02;1.338793e-20
5.551322e+02;1.338703e-20
5.551822e+02;1.338613e-20
5.552322e+02;1.338523e-20
5.552822e+02;1.338433e-20
5.553322e+02;1.338343e-20
5.553822e+02;1.338253e-20
5.554322e+02;1.338163e-20
5.554822e+02;1.338073e-20
5.555322e+02;1.337983e-20
5.555822e+02;1.337893e-20
5.556322e+02;1.337803e-20
5.556822e+02;1.337714e-20
5.557322e+02;1.337624e-20
5.557822e+02;1.337534e-20
5.558322e+02;1.337444e-20
5.558822e+02;1.337354e-20
5.559322e+02;1.337264e-20
5.559822e+02;1.337174e-20
5.560322e+02;1.337084e-20
5.560822e+02;1.336995e-20
5.561322e+02;1.336905e-20
5.561822e+02;1.336815e-20
5.562322e+02;1.336725e-20
5.562823e+02;1.336635e-20
5.563323e+02;1.336546e-20
5.563823e+02;1.336456e-20
5.564323e+02;1.336366e-20
5.564823e+02;1.336276e-20
5.565323e+02;1.336187e-20
5.565823e+02;1.336097e-20
5.566323e+02;1.336007e-20
5.566823e+02;1.335918e-20
5.567323e+02;1.335828e-20
5.567823e+02;1.335738e-20
5.568323e+02;1.335649e-20
5.568823e+02;1.335559e-20
5.569323e+02;1.335469e-20
5.569823e+02;1.335380e-20
5.570323e+02;1.335290e-20
5.570823e+02;1.335200e-20
5.571323e+02;1.335111e-20
5.571823e+02;1.335021e-20
5.572323e+02;1.334932e-20
5.572823e+02;1.334842e-20
5.573323e+02;1.334753e-20
5.573823e+02;1.334663e-20
5.574323e+02;1.334574e-20
5.574823e+02;1.334484e-20
5.575323e+02;1.334395e-20
5.575823e+02;1.334305e-20
5.576323e+02;1.334216e-20
5.576823e+02;1.334126e-20
5.577323e+02;1.334037e-20
5.577823e+02;1.333947e-20
5.578323e+02;1.333858e-20
5.578823e+02;1.333769e-20
5.579323e+02;1.333679e-20
5.579823e+02;1.333590e-20
5.580323e+02;1.333500e-20
5.580823e+02;1.333411e-20
5.581323e+02;1.333322e-20
5.581823e+02;1.333232e-20
5.582323e+02;1.333143e-20
5.582823e+02;1.333054e-20
5.583323e+02;1.332964e-20
5.583823e+02;1.332875e-20
5.584323e+02;1.332786e-20
5.584823e+02;1.332697e-20
5.585323e+02;1.332607e-20
5.585823e+02;1.332518e-20
5.586323e+02;1.332429e-20
5.586823e+02;1.332340e-20
5.587323e+02;1.332250e-20
5.587824e+02;1.332161e-20
5.588324e+02;1.332072e-20
5.588824e+02;1.331983e-20
5.589324e+02;1.331894e-20
5.589824e+02;1.331804e-20
5.590324e+02;1.331715e-20
5.590824e+02;1.331626e-20
5.591324e+02;1.331537e-20
5.591824e+02;1.331448e-20
5.592324e+02;1.331359e-20
5.592824e+02;1.331270e-20
5.593324e+02;1.331181e-20
5.593824e+02;1.331092e-20
5.594324e+02;1.331003e-20
5.594824e+02;1.330914e-20
5.595324e+02;1.330824e-20
5.595824e+02;1.330735e-20
5.596324e+02;1.330646e-20
5.596824e+02;1.330557e-20
5.597324e+02;1.330468e-20
5.597824e+02;1.330380e-20
5.598324e+02;1.330291e-20
5.598824e+02;1.330202e-20
5.599324e+02;1.330113e-20
5.599824e+02;1.330024e-20
5.600324e+02;1.329935e-20
5.600824e+02;1.329846e-20
5.601324e+02;1.329757e-20
5.601824e+02;1.329668e-20
5.602324e+02;1.329579e-20
5.602824e+02;1.329490e-20
5.603324e+02;1.329402e-20
5.603824e+02;1.329313e-20
5.604324e+02;1.329224e-20
5.604824e+02;1.329135e-20
5.605324e+02;1.329046e-20
5.605824e+02;1.328958e-20
5.606324e+02;1.328869e-20
5.606824e+02;1.328780e-20
5.607324e+02;1.328691e-20
5.607824e+02;1.328602e-20
5.608324e+02;1.328514e-20
5.608824e+02;1.328425e-20
5.609324e+02;1.328336e-20
5.609824e+02;1.328248e-20
5.610324e+02;1.328159e-20
5.610824e+02;1.328070e-20
5.611324e+02;1.327982e-20
5.611824e+02;1.327893e-20
5.612324e+02;1.327804e-20
5.612825e+02;1.327716e-20
5.613325e+02;1.327627e-20
5.613825e+02;1.327538e-20
5.614325e+02;1.327450e-20
5.614825e+02;1.327361e-20
5.615325e+02;1.327273e-20
5.615825e+02;1.327184e-20
5.616325e+02;1.327096e-20
5.616825e+02;1.327007e-20
5.617325e+02;1.326919e-20
5.617825e+02;1.326830e-20
5.618325e+02;1.326742e-20
5.618825e+02;1.326653e-20
5.619325e+02;1.326565e-20
5.619825e+02;1.326476e-20
5.620325e+02;1.326388e-20
5.620825e+02;1.326299e-20
5.621325e+02;1.326211e-20
5.621825e+02;1.326122e-20
5.622325e+02;1.326034e-20
5.622825e+02;1.325946e-20
5.623325e+02;1.325857e-20
5.623825e+02;1.325769e-20
5.624325e+02;1.325680e-20
5.624825e+02;1.325592e-20
5.625325e+02;1.325504e-20
5.625825e+02;1.325415e-20
5.626325e+02;1.325327e-20
5.626825e+02;1.325239e-20
5.627325e+02;1.325150e-20
5.627825e+02;1.325062e-20
5.628325e+02;1.324974e-20
5.628825e+02;1.324886e-20
5.629325e+02;1.324797e-20
5.629825e+02;1.324709e-20
5.630325e+02;1.324621e-20
5.630825e+02;1.324533e-20
5.631325e+02;1.324444e-20
5.631825e+02;1.324356e-20
5.632325e+02;1.324268e-20
5.632825e+02;1.324180e-20
5.633325e+02;1.324092e-20
5.633825e+02;1.324004e-20
5.634325e+02;1.323915e-20
5.634825e+02;1.323827e-20
5.635325e+02;1.323739e-20
5.635825e+02;1.323651e-20
5.636325e+02;1.323563e-20
5.636825e+02;1.323475e-20
5.637325e+02;1.323387e-20
5.637826e+02;1.323299e-20
5.638326e+02;1.323211e-20
5.638826e+02;1.323123e-20
5.639326e+02;1.323035e-20
5.639826e+02;1.322947e-20
5.640326e+02;1.322859e-20
5.640826e+02;1.322771e-20
5.641326e+02;1.322683e-20
5.641826e+02;1.322595e-20
5.642326e+02;1.322507e-20
5.642826e+02;1.322419e-20
5.643326e+02;1.322331e-20
5.643826e+02;1.322243e-20
5.644326e+02;1.322155e-20
5.644826e+02;1.322067e-20
5.645326e+02;1.321979e-20
5.645826e+02;1.321891e-20
5.646326e+02;1.321803e-20
5.646826e+02;1.321716e-20
5.647326e+02;1.321628e-20
5.647826e+02;1.321540e-20
5.648326e+02;1.321452e-20
5.648826e+02;1.321364e-20
5.649326e+02;1.321276e-20
5.649826e+02;1.321189e-20
5.650326e+02;1.321101e-20
5.650826e+02;1.321013e-20
5.651326e+02;1.320925e-20
5.651826e+02;1.320838e-20
5.652326e+02;1.320750e-20
5.652826e+02;1.320662e-20
5.653326e+02;1.320575e-20
5.653826e+02;1.320487e-20
5.654326e+02;1.320399e-20
5.654826e+02;1.320311e-20
5.655326e+02;1.320224e-20
5.655826e+02;1.320136e-20
5.656326e+02;1.320048e-20
5.656826e+02;1.319961e-20
5.657326e+02;1.319873e-20
5.657826e+02;1.319786e-20
5.658326e+02;1.319698e-20
5.658826e+02;1.319610e-20
5.659326e+02;1.319523e-20
5.659826e+02;1.319435e-20
5.660326e+02;1.319348e-20
5.660826e+02;1.319260e-20
5.661326e+02;1.319173e-20
5.661826e+02;1.319085e-20
5.662326e+02;1.318998e-20
5.662827e+02;1.318910e-20
5.663327e+02;1.318823e-20
5.663827e+02;1.318735e-20
5.664327e+02;1.318648e-20
5.664827e+02;1.318560e-20
5.665327e+02;1.318473e-20
5.665827e+02;1.318385e-20
5.666327e+02;1.318298e-20
5.666827e+02;1.318211e-20
5.667327e+02;1.318123e-20
5.667827e+02;1.318036e-20
5.668327e+02;1.317948e-20
5.668827e+02;1.317861e-20
5.669327e+02;1.317774e-20
5.669827e+02;1.317686e-20
5.670327e+02;1.317599e-20
5.670827e+02;1.317512e-20
5.671327e+02;1.317424e-20
5.671827e+02;1.317337e-20
5.672327e+02;1.317250e-20
5.672827e+02;1.317163e-20
5.673327e+02;1.317075e-20
5.673827e+02;1.316988e-20
5.674327e+02;1.316901e-20
5.674827e+02;1.316814e-20
5.675327e+02;1.316726e-20
5.675827e+02;1.316639e-20
5.676327e+02;1.316552e-20
5.676827e+02;1.316465e-20
5.677327e+02;1.316378e-20
5.677827e+02;1.316290e-20
5.678327e+02;1.316203e-20
5.678827e+02;1.316116e-20
5.679327e+02;1.316029e-20
5.679827e+02;1.315942e-20
5.680327e+02;1.315855e-20
5.680827e+02;1.315768e-20
5.681327e+02;1.315681e-20
5.681827e+02;1.315594e-20
5.682327e+02;1.315506e-20
5.682827e+02;1.315419e-20
5.683327e+02;1.315332e-20
5.683827e+02;1.315245e-20
5.684327e+02;1.315158e-20
5.684827e+02;1.315071e-20
5.685327e+02;1.314984e-20
5.685827e+02;1.314897e-20
5.686327e+02;1.314810e-20
5.686827e+02;1.314723e-20
5.687327e+02;1.314636e-20
5.687828e+02;1.314550e-20
5.688328e+02;1.314463e-20
5.688828e+02;1.314376e-20
5.689328e+02;1.314289e-20
5.689828e+02;1.314202e-20
5.690328e+02;1.314115e-20
5.690828e+02;1.314028e-20
5.691328e+02;1.313941e-20
5.691828e+02;1.313854e-20
5.692328e+02;1.313768e-20
5.692828e+02;1.313681e-20
5.693328e+02;1.313594e-20
5.693828e+02;1.313507e-20
5.694328e+02;1.313420e-20
5.694828e+02;1.313334e-20
5.695328e+02;1.313247e-20
5.695828e+02;1.313160e-20
5.696328e+02;1.313073e-20
5.696828e+02;1.312987e-20
5.697328e+02;1.312900e-20
5.697828e+02;1.312813e-20
5.698328e+02;1.312726e-20
5.698828e+02;1.312640e-20
5.699328e+02;1.312553e-20
5.699828e+02;1.312466e-20
5.700328e+02;1.312380e-20
5.700828e+02;1.312293e-20
5.701328e+02;1.312206e-20
5.701828e+02;1.312120e-20
5.702328e+02;1.312033e-20
5.702828e+02;1.311947e-20
5.703328e+02;1.311860e-20
5.703828e+02;1.311773e-20
5.704328e+02;1.311687e-20
5.704828e+02;1.311600e-20
5.705328e+02;1.311514e-20
5.705828e+02;1.311427e-20
5.706328e+02;1.311341e-20
5.706828e+02;1.311254e-20
5.707328e+02;1.311168e-20
5.707828e+02;1.311081e-20
5.708328e+02;1.310995e-20
5.708828e+02;1.310908e-20
5.709328e+02;1.310822e-20
5.709828e+02;1.310735e-20
5.710328e+02;1.310649e-20
5.710828e+02;1.310562e-20
5.711328e+02;1.310476e-20
5.711828e+02;1.310390e-20
5.712328e+02;1.310303e-20
5.712829e+02;1.310217e-20
5.713329e+02;1.310130e-20
5.713829e+02;1.310044e-20
5.714329e+02;1.309958e-20
5.714829e+02;1.309871e-20
5.715329e+02;1.309785e-20
5.715829e+02;1.309699e-20
5.716329e+02;1.309612e-20
5.716829e+02;1.309526e-20
5.717329e+02;1.309440e-20
5.717829e+02;1.309353e-20
5.718329e+02;1.309267e-20
5.718829e+02;1.309181e-20
5.719329e+02;1.309095e-20
5.719829e+02;1.309008e-20
5.720329e+02;1.308922e-20
5.720829e+02;1.308836e-20
5.721329e+02;1.308750e-20
5.721829e+02;1.308664e-20
5.722329e+02;1.308577e-20
5.722829e+02;1.308491e-20
5.723329e+02;1.308405e-20
5.723829e+02;1.308319e-20
5.724329e+02;1.308233e-20
5.724829e+02;1.308147e-20
5.725329e+02;1.308061e-20
5.725829e+02;1.307975e-20
5.726329e+02;1.307888e-20
5.726829e+02;1.307802e-20
5.727329e+02;1.307716e-20
5.727829e+02;1.307630e-20
5.728329e+02;1.307544e-20
5.728829e+02;1.307458e-20
5.729329e+02;1.307372e-20
5.729829e+02;1.307286e-20
5.730329e+02;1.307200e-20
5.730829e+02;1.307114e-20
5.731329e+02;1.307028e-20
5.731829e+02;1.306942e-20
5.732329e+02;1.306856e-20
5.732829e+02;1.306770e-20
5.733329e+02;1.306684e-20
5.733829e+02;1.306598e-20
5.734329e+02;1.306513e-20
5.734829e+02;1.306427e-20
5.735329e+02;1.306341e-20
5.735829e+02;1.306255e-20
5.736329e+02;1.306169e-20
5.736829e+02;1.306083e-20
5.737329e+02;1.305997e-20
5.737830e+02;1.305911e-20
5.738330e+02;1.305826e-20
5.738830e+02;1.305740e-20
5.739330e+02;1.305654e-20
5.739830e+02;1.305568e-20
5.740330e+02;1.305482e-20
5.740830e+02;1.305397e-20
5.741330e+02;1.305311e-20
5.741830e+02;1.305225e-20
5.742330e+02;1.305139e-20
5.742830e+02;1.305054e-20
5.743330e+02;1.304968e-20
5.743830e+02;1.304882e-20
5.744330e+02;1.304797e-20
5.744830e+02;1.304711e-20
5.745330e+02;1.304625e-20
5.745830e+02;1.304540e-20
5.746330e+02;1.304454e-20
5.746830e+02;1.304368e-20
5.747330e+02;1.304283e-20
5.747830e+02;1.304197e-20
5.748330e+02;1.304111e-20
5.748830e+02;1.304026e-20
5.749330e+02;1.303940e-20
5.749830e+02;1.303855e-20
5.750330e+02;1.303769e-20
5.750830e+02;1.303683e-20
5.751330e+02;1.303598e-20
5.751830e+02;1.303512e-20
5.752330e+02;1.303427e-20
5.752830e+02;1.303341e-20
5.753330e+02;1.303256e-20
5.753830e+02;1.303170e-20
5.754330e+02;1.303085e-20
5.754830e+02;1.302999e-20
5.755330e+02;1.302914e-20
5.755830e+02;1.302829e-20
5.756330e+02;1.302743e-20
5.756830e+02;1.302658e-20
5.757330e+02;1.302572e-20
5.757830e+02;1.302487e-20
5.758330e+02;1.302401e-20
5.758830e+02;1.302316e-20
5.759330e+02;1.302231e-20
5.759830e+02;1.302145e-20
5.760330e+02;1.302060e-20
5.760830e+02;1.301975e-20
5.761330e+02;1.301889e-20
5.761830e+02;1.301804e-20
5.762330e+02;1.301719e-20
5.762831e+02;1.301633e-20
5.763331e+02;1.301548e-20
5.763831e+02;1.301463e-20
5.764331e+02;1.301378e-20
5.764831e+02;1.301292e-20
5.765331e+02;1.301207e-20
5.765831e+02;1.301122e-20
5.766331e+02;1.301037e-20
5.766831e+02;1.300951e-20
5.767331e+02;1.300866e-20
5.767831e+02;1.300781e-20
5.768331e+02;1.300696e-20
5.768831e+02;1.300611e-20
5.769331e+02;1.300526e-20
5.769831e+02;1.300440e-20
5.770331e+02;1.300355e-20
5.770831e+02;1.300270e-20
5.771331e+02;1.300185e-20
5.771831e+02;1.300100e-20
5.772331e+02;1.300015e-20
5.772831e+02;1.299930e-20
5.773331e+02;1.299845e-20
5.773831e+02;1.299760e-20
5.774331e+02;1.299675e-20
5.774831e+02;1.299590e-20
5.775331e+02;1.299505e-20
5.775831e+02;1.299420e-20
5.776331e+02;1.299335e-20
5.776831e+02;1.299250e-20
5.777331e+02;1.299165e-20
5.777831e+02;1.299080e-20
5.778331e+02;1.298995e-20
5.778831e+02;1.298910e-20
5.779331e+02;1.298825e-20
5.779831e+02;1.298740e-20
5.780331e+02;1.298655e-20
5.780831e+02;1.298570e-20
5.781331e+02;1.298485e-20
5.781831e+02;1.298400e-20
5.782331e+02;1.298315e-20
5.782831e+02;1.298230e-20
5.783331e+02;1.298146e-20
5.783831e+02;1.298061e-20
5.784331e+02;1.297976e-20
5.784831e+02;1.297891e-20
5.785331e+02;1.297806e-20
5.785831e+02;1.297722e-20
5.786331e+02;1.297637e-20
5.786831e+02;1.297552e-20
5.787331e+02;1.297467e-20
5.787832e+02;1.297382e-20
5.788332e+02;1.297298e-20
5.788832e+02;1.297213e-20
5.789332e+02;1.297128e-20
5.789832e+02;1.297043e-20
5.790332e+02;1.296959e-20
5.790832e+02;1.296874e-20
5.791332e+02;1.296789e-20
5.791832e+02;1.296705e-20
5.792332e+02;1.296620e-20
5.792832e+02;1.296535e-20
5.793332e+02;1.296451e-20
5.793832e+02;1.296366e-20
5.794332e+02;1.296282e-20
5.794832e+02;1.296197e-20
5.795332e+02;1.296112e-20
5.795832e+02;1.296028e-20
5.796332e+02;1.295943e-20
5.796832e+02;1.295859e-20
5.797332e+02;1.295774e-20
5.797832e+02;1.295690e-20
5.798332e+02;1.295605e-20
5.798832e+02;1.295520e-20
5.799332e+02;1.295436e-20
5.799832e+02;1.295351e-20
5.800332e+02;1.295267e-20
5.800832e+02;1.295182e-20
5.801332e+02;1.295098e-20
5.801832e+02;1.295014e-20
5.802332e+02;1.294929e-20
5.802832e+02;1.294845e-20
5.803332e+02;1.294760e-20
5.803832e+02;1.294676e-20
5.804332e+02;1.294591e-20
5.804832e+02;1.294507e-20
5.805332e+02;1.294423e-20
5.805832e+02;1.294338e-20
5.806332e+02;1.294254e-20
5.806832e+02;1.294170e-20
5.807332e+02;1.294085e-20
5.807832e+02;1.294001e-20
5.808332e+02;1.293917e-20
5.808832e+02;1.293832e-20
5.809332e+02;1.293748e-20
5.809832e+02;1.293664e-20
5.810332e+02;1.293579e-20
5.810832e+02;1.293495e-20
5.811332e+02;1.293411e-20
5.811832e+02;1.293327e-20
5.812332e+02;1.293242e-20
5.812833e+02;1.293158e-20
5.813333e+02;1.293074e-20
5.813833e+02;1.292990e-20
5.814333e+02;1.292906e-20
5.814833e+02;1.292821e-20
5.815333e+02;1.292737e-20
5.815833e+02;1.292653e-20
5.816333e+02;1.292569e-20
5.816833e+02;1.292485e-20
5.817333e+02;1.292401e-20
5.817833e+02;1.292317e-20
5.818333e+02;1.292232e-20
5.818833e+02;1.292148e-20
5.819333e+02;1.292064e-20
5.819833e+02;1.291980e-20
5.820333e+02;1.291896e-20
5.820833e+02;1.291812e-20
5.821333e+02;1.291728e-20
5.821833e+02;1.291644e-20
5.822333e+02;1.291560e-20
5.822833e+02;1.291476e-20
5.823333e+02;1.291392e-20
5.823833e+02;1.291308e-20
5.824333e+02;1.291224e-20
5.824833e+02;1.291140e-20
5.825333e+02;1.291056e-20
5.825833e+02;1.290972e-20
5.826333e+02;1.290888e-20
5.826833e+02;1.290804e-20
5.827333e+02;1.290720e-20
5.827833e+02;1.290636e-20
5.828333e+02;1.290553e-20
5.828833e+02;1.290469e-20
5.829333e+02;1.290385e-20
5.829833e+02;1.290301e-20
5.830333e+02;1.290217e-20
5.830833e+02;1.290133e-20
5.831333e+02;1.290049e-20
5.831833e+02;1.289966e-20
5.832333e+02;1.289882e-20
5.832833e+02;1.289798e-20
5.833333e+02;1.289714e-20
5.833833e+02;1.289630e-20
5.834333e+02;1.289547e-20
5.834833e+02;1.289463e-20
5.835333e+02;1.289379e-20
5.835833e+02;1.289295e-20
5.836333e+02;1.289212e-20
5.836833e+02;1.289128e-20
5.837333e+02;1.289044e-20
5.837834e+02;1.288961e-20
5.838334e+02;1.288877e-20
5.838834e+02;1.288793e-20
5.839334e+02;1.288710e-20
5.839834e+02;1.288626e-20
5.840334e+02;1.288542e-20
5.840834e+02;1.288459e-20
5.841334e+02;1.288375e-20
5.841834e+02;1.288291e-20
5.842334e+02;1.288208e-20
5.842834e+02;1.288124e-20
5.843334e+02;1.288041e-20
5.843834e+02;1.287957e-20
5.844334e+02;1.287873e-20
5.844834e+02;1.287790e-20
5.845334e+02;1.287706e-20
5.845834e+02;1.287623e-20
5.846334e+02;1.287539e-20
5.846834e+02;1.287456e-20
5.847334e+02;1.287372e-20
5.847834e+02;1.287289e-20
5.848334e+02;1.287205e-20
5.848834e+02;1.287122e-20
5.849334e+02;1.287038e-20
5.849834e+02;1.286955e-20
5.850334e+02;1.286872e-20
5.850834e+02;1.286788e-20
5.851334e+02;1.286705e-20
5.851834e+02;1.286621e-20
5.852334e+02;1.286538e-20
5.852834e+02;1.286455e-20
5.853334e+02;1.286371e-20
5.853834e+02;1.286288e-20
5.854334e+02;1.286205e-20
5.854834e+02;1.286121e-20
5.855334e+02;1.286038e-20
5.855834e+02;1.285955e-20
5.856334e+02;1.285871e-20
5.856834e+02;1.285788e-20
5.857334e+02;1.285705e-20
5.857834e+02;1.285621e-20
5.858334e+02;1.285538e-20
5.858834e+02;1.285455e-20
5.859334e+02;1.285372e-20
5.859834e+02;1.285288e-20
5.860334e+02;1.285205e-20
5.860834e+02;1.285122e-20
5.861334e+02;1.285039e-20
5.861834e+02;1.284956e-20
5.862334e+02;1.284872e-20
5.862835e+02;1.284789e-20
5.863335e+02;1.284706e-20
5.863835e+02;1.284623e-20
5.864335e+02;1.284540e-20
5.864835e+02;1.284457e-20
5.865335e+02;1.284374e-20
5.865835e+02;1.284290e-20
5.866335e+02;1.284207e-20
5.866835e+02;1.284124e-20
5.867335e+02;1.284041e-20
5.867835e+02;1.283958e-20
5.868335e+02;1.283875e-20
5.868835e+02;1.283792e-20
5.869335e+02;1.283709e-20
5.869835e+02;1.283626e-20
5.870335e+02;1.283543e-20
5.870835e+02;1.283460e-20
5.871335e+02;1.283377e-20
5.871835e+02;1.283294e-20
5.872335e+02;1.283211e-20
5.872835e+02;1.283128e-20
5.873335e+02;1.283045e-20
5.873835e+02;1.282962e-20
5.874335e+02;1.282879e-20
5.874835e+02;1.282796e-20
5.875335e+02;1.282713e-20
5.875835e+02;1.282630e-20
5.876335e+02;1.282548e-20
5.876835e+02;1.282465e-20
5.877335e+02;1.282382e-20
5.877835e+02;1.282299e-20
5.878335e+02;1.282216e-20
5.878835e+02;1.282133e-20
5.879335e+02;1.282050e-20
5.879835e+02;1.281968e-20
5.880335e+02;1.281885e-20
5.880835e+02;1.281802e-20
5.881335e+02;1.281719e-20
5.881835e+02;1.281636e-20
5.882335e+02;1.281554e-20
5.882835e+02;1.281471e-20
5.883335e+02;1.281388e-20
5.883835e+02;1.281305e-20
5.884335e+02;1.281223e-20
5.884835e+02;1.281140e-20
5.885335e+02;1.281057e-20
5.885835e+02;1.280975e-20
5.886335e+02;1.280892e-20
5.886835e+02;1.280809e-20
5.887335e+02;1.280727e-20
5.887836e+02;1.280644e-20
5.888336e+02;1.280561e-20
5.888836e+02;1.280479e-20
5.889336e+02;1.280396e-20
5.889836e+02;1.280313e-20
5.890336e+02;1.280231e-20
5.890836e+02;1.280148e-20
5.891336e+02;1.280066e-20
5.891836e+02;1.279983e-20
5.892336e+02;1.279901e-20
5.892836e+02;1.279818e-20
5.893336e+02;1.279735e-20
5.893836e+02;1.279653e-20
5.894336e+02;1.279570e-20
5.894836e+02;1.279488e-20
5.895336e+02;1.279405e-20
5.895836e+02;1.279323e-20
5.896336e+02;1.279240e-20
5.896836e+02;1.279158e-20
5.897336e+02;1.279076e-20
5.897836e+02;1.278993e-20
5.898336e+02;1.278911e-20
5.898836e+02;1.278828e-20
5.899336e+02;1.278746e-20
5.899836e+02;1.278663e-20
5.900336e+02;1.278581e-20
5.900836e+02;1.278499e-20
5.901336e+02;1.278416e-20
5.901836e+02;1.278334e-20
5.902336e+02;1.278252e-20
5.902836e+02;1.278169e-20
5.903336e+02;1.278087e-20
5.903836e+02;1.278005e-20
5.904336e+02;1.277922e-20
5.904836e+02;1.277840e-20
5.905336e+02;1.277758e-20
5.905836e+02;1.277675e-20
5.906336e+02;1.277593e-20
5.906836e+02;1.277511e-20
5.907336e+02;1.277429e-20
5.907836e+02;1.277346e-20
5.908336e+02;1.277264e-20
5.908836e+02;1.277182e-20
5.909336e+02;1.277100e-20
5.909836e+02;1.277017e-20
5.910336e+02;1.276935e-20
5.910836e+02;1.276853e-20
5.911336e+02;1.276771e-20
5.911836e+02;1.276689e-20
5.912336e+02;1.276607e-20
5.912837e+02;1.276524e-20
5.913337e+02;1.276442e-20
5.913837e+02;1.276360e-20
5.914337e+02;1.276278e-20
5.914837e+02;1.276196e-20
5.915337e+02;1.276114e-20
5.915837e+02;1.276032e-20
5.916337e+02;1.275950e-20
5.916837e+02;1.275868e-20
5.917337e+02;1.275786e-20
5.917837e+02;1.275704e-20
5.918337e+02;1.275622e-20
5.918837e+02;1.275540e-20
5.919337e+02;1.275458e-20
5.919837e+02;1.275376e-20
5.920337e+02;1.275294e-20
5.920837e+02;1.275212e-20
5.921337e+02;1.275130e-20
5.921837e+02;1.275048e-20
5.922337e+02;1.274966e-20
5.922837e+02;1.274884e-20
5.923337e+02;1.274802e-20
5.923837e+02;1.274720e-20
5.924337e+02;1.274638e-20
5.924837e+02;1.274556e-20
5.925337e+02;1.274474e-20
5.925837e+02;1.274393e-20
5.926337e+02;1.274311e-20
5.926837e+02;1.274229e-20
5.927337e+02;1.274147e-20
5.927837e+02;1.274065e-20
5.928337e+02;1.273983e-20
5.928837e+02;1.273902e-20
5.929337e+02;1.273820e-20
5.929837e+02;1.273738e-20
5.930337e+02;1.273656e-20
5.930837e+02;1.273574e-20
5.931337e+02;1.273493e-20
5.931837e+02;1.273411e-20
5.932337e+02;1.273329e-20
5.932837e+02;1.273247e-20
5.933337e+02;1.273166e-20
5.933837e+02;1.273084e-20
5.934337e+02;1.273002e-20
5.934837e+02;1.272921e-20
5.935337e+02;1.272839e-20
5.935837e+02;1.272757e-20
5.936337e+02;1.272676e-20
5.936837e+02;1.272594e-20
5.937337e+02;1.272512e-20
5.937838e+02;1.272431e-20
5.938338e+02;1.272349e-20
5.938838e+02;1.272267e-20
5.939338e+02;1.272186e-20
5.939838e+02;1.272104e-20
5.940338e+02;1.272023e-20
5.940838e+02;1.271941e-20
5.941338e+02;1.271860e-20
5.941838e+02;1.271778e-20
5.942338e+02;1.271696e-20
5.942838e+02;1.271615e-20
5.943338e+02;1.271533e-20
5.943838e+02;1.271452e-20
5.944338e+02;1.271370e-20
5.944838e+02;1.271289e-20
5.945338e+02;1.271207e-20
5.945838e+02;1.271126e-20
5.946338e+02;1.271045e-20
5.946838e+02;1.270963e-20
5.947338e+02;1.270882e-20
5.947838e+02;1.270800e-20
5.948338e+02;1.270719e-20
5.948838e+02;1.270637e-20
5.949338e+02;1.270556e-20
5.949838e+02;1.270475e-20
5.950338e+02;1.270393e-20
5.950838e+02;1.270312e-20
5.951338e+02;1.270231e-20
5.951838e+02;1.270149e-20
5.952338e+02;1.270068e-20
5.952838e+02;1.269987e-20
5.953338e+02;1.269905e-20
5.953838e+02;1.269824e-20
5.954338e+02;1.269743e-20
5.954838e+02;1.269661e-20
5.955338e+02;1.269580e-20
5.955838e+02;1.269499e-20
5.956338e+02;1.269418e-20
5.956838e+02;1.269336e-20
5.957338e+02;1.269255e-20
5.957838e+02;1.269174e-20
5.958338e+02;1.269093e-20
5.958838e+02;1.269011e-20
5.959338e+02;1.268930e-20
5.959838e+02;1.268849e-20
5.960338e+02;1.268768e-20
5.960838e+02;1.268687e-20
5.961338e+02;1.268606e-20
5.961838e+02;1.268524e-20
5.962338e+02;1.268443e-20
5.962839e+02;1.268362e-20
5.963339e+02;1.268281e-20
5.963839e+02;1.268200e-20
5.964339e+02;1.268119e-20
5.964839e+02;1.268038e-20
5.965339e+02;1.267957e-20
5.965839e+02;1.267876e-20
5.966339e+02;1.267795e-20
5.966839e+02;1.267714e-20
5.967339e+02;1.267633e-20
5.967839e+02;1.267552e-20
5.968339e+02;1.267471e-20
5.968839e+02;1.267390e-20
5.969339e+02;1.267309e-20
5.969839e+02;1.267228e-20
5.970339e+02;1.267147e-20
5.970839e+02;1.267066e-20
5.971339e+02;1.266985e-20
5.971839e+02;1.266904e-20
5.972339e+02;1.266823e-20
5.972839e+02;1.266742e-20
5.973339e+02;1.266661e-20
5.973839e+02;1.266580e-20
5.974339e+02;1.266499e-20
5.974839e+02;1.266418e-20
5.975339e+02;1.266337e-20
5.975839e+02;1.266257e-20
5.976339e+02;1.266176e-20
5.976839e+02;1.266095e-20
5.977339e+02;1.266014e-20
5.977839e+02;1.265933e-20
5.978339e+02;1.265852e-20
5.978839e+02;1.265772e-20
5.979339e+02;1.265691e-20
5.979839e+02;1.265610e-20
5.980339e+02;1.265529e-20
5.980839e+02;1.265449e-20
5.981339e+02;1.265368e-20
5.981839e+02;1.265287e-20
5.982339e+02;1.265206e-20
5.982839e+02;1.265126e-20
5.983339e+02;1.265045e-20
5.983839e+02;1.264964e-20
5.984339e+02;1.264884e-20
5.984839e+02;1.264803e-20
5.985339e+02;1.264722e-20
5.985839e+02;1.264641e-20
5.986339e+02;1.264561e-20
5.986839e+02;1.264480e-20
5.987339e+02;1.264400e-20
5.987840e+02;1.264319e-20
5.988340e+02;1.264238e-20
5.988840e+02;1.264158e-20
5.989340e+02;1.264077e-20
5.989840e+02;1.263997e-20
5.990340e+02;1.263916e-20
5.990840e+02;1.263835e-20
5.991340e+02;1.263755e-20
5.991840e+02;1.263674e-20
5.992340e+02;1.263594e-20
5.992840e+02;1.263513e-20
5.993340e+02;1.263433e-20
5.993840e+02;1.263352e-20
5.994340e+02;1.263272e-20
5.994840e+02;1.263191e-20
5.995340e+02;1.263111e-20
5.995840e+02;1.263030e-20
5.996340e+02;1.262950e-20
5.996840e+02;1.262869e-20
5.997340e+02;1.262789e-20
5.997840e+02;1.262709e-20
5.998340e+02;1.262628e-20
5.998840e+02;1.262548e-20
5.999340e+02;1.262467e-20
5.999840e+02;1.262387e-20
6.000340e+02;1.262307e-20
6.000840e+02;1.262226e-20
6.001340e+02;1.262146e-20
6.001840e+02;1.262066e-20
6.002340e+02;1.261985e-20
6.002840e+02;1.261905e-20
6.003340e+02;1.261825e-20
6.003840e+02;1.261744e-20
6.004340e+02;1.261664e-20
6.004840e+02;1.261584e-20
6.005340e+02;1.261504e-20
6.005840e+02;1.261423e-20
6.006340e+02;1.261343e-20
6.006840e+02;1.261263e-20
6.007340e+02;1.261183e-20
6.007840e+02;1.261102e-20
6.008340e+02;1.261022e-20
6.008840e+02;1.260942e-20
6.009340e+02;1.260862e-20
6.009840e+02;1.260781e-20
6.010340e+02;1.260701e-20
6.010840e+02;1.260621e-20
6.011340e+02;1.260541e-20
6.011840e+02;1.260461e-20
6.012340e+02;1.260381e-20
6.012841e+02;1.260301e-20
6.013341e+02;1.260220e-20
6.013841e+02;1.260140e-20
6.014341e+02;1.260060e-20
6.014841e+02;1.259980e-20
6.015341e+02;1.259900e-20
6.015841e+02;1.259820e-20
6.016341e+02;1.259740e-20
6.016841e+02;1.259660e-20
6.017341e+02;1.259580e-20
6.017841e+02;1.259500e-20
6.018341e+02;1.259420e-20
6.018841e+02;1.259340e-20
6.019341e+02;1.259260e-20
6.019841e+02;1.259180e-20
6.020341e+02;1.259100e-20
6.020841e+02;1.259020e-20
6.021341e+02;1.258940e-20
6.021841e+02;1.258860e-20
6.022341e+02;1.258780e-20
6.022841e+02;1.258700e-20
6.023341e+02;1.258620e-20
6.023841e+02;1.258540e-20
6.024341e+02;1.258460e-20
6.024841e+02;1.258381e-20
6.025341e+02;1.258301e-20
6.025841e+02;1.258221e-20
6.026341e+02;1.258141e-20
6.026841e+02;1.258061e-20
6.027341e+02;1.257981e-20
6.027841e+02;1.257901e-20
6.028341e+02;1.257822e-20
6.028841e+02;1.257742e-20
6.029341e+02;1.257662e-20
6.029841e+02;1.257582e-20
6.030341e+02;1.257502e-20
6.030841e+02;1.257423e-20
6.031341e+02;1.257343e-20
6.031841e+02;1.257263e-20
6.032341e+02;1.257183e-20
6.032841e+02;1.257104e-20
6.033341e+02;1.257024e-20
6.033841e+02;1.256944e-20
6.034341e+02;1.256865e-20
6.034841e+02;1.256785e-20
6.035341e+02;1.256705e-20
6.035841e+02;1.256626e-20
6.036341e+02;1.256546e-20
6.036841e+02;1.256466e-20
6.037341e+02;1.256387e-20
6.037842e+02;1.256307e-20
6.038342e+02;1.256227e-20
6.038842e+02;1.256148e-20
6.039342e+02;1.256068e-20
6.039842e+02;1.255989e-20
6.040342e+02;1.255909e-20
6.040842e+02;1.255829e-20
6.041342e+02;1.255750e-20
6.041842e+02;1.255670e-20
6.042342e+02;1.255591e-20
6.042842e+02;1.255511e-20
6.043342e+02;1.255432e-20
6.043842e+02;1.255352e-20
6.044342e+02;1.255273e-20
6.044842e+02;1.255193e-20
6.045342e+02;1.255114e-20
6.045842e+02;1.255034e-20
6.046342e+02;1.254955e-20
6.046842e+02;1.254875e-20
6.047342e+02;1.254796e-20
6.047842e+02;1.254716e-20
6.048342e+02;1.254637e-20
6.048842e+02;1.254558e-20
6.049342e+02;1.254478e-20
6.049842e+02;1.254399e-20
6.050342e+02;1.254319e-20
6.050842e+02;1.254240e-20
6.051342e+02;1.254161e-20
6.051842e+02;1.254081e-20
6.052342e+02;1.254002e-20
6.052842e+02;1.253923e-20
6.053342e+02;1.253843e-20
6.053842e+02;1.253764e-20
6.054342e+02;1.253685e-20
6.054842e+02;1.253605e-20
6.055342e+02;1.253526e-20
6.055842e+02;1.253447e-20
6.056342e+02;1.253367e-20
6.056842e+02;1.253288e-20
6.057342e+02;1.253209e-20
6.057842e+02;1.253130e-20
6.058342e+02;1.253050e-20
6.058842e+02;1.252971e-20
6.059342e+02;1.252892e-20
6.059842e+02;1.252813e-20
6.060342e+02;1.252734e-20
6.060842e+02;1.252654e-20
6.061342e+02;1.252575e-20
6.061842e+02;1.252496e-20
6.062342e+02;1.252417e-20
6.062843e+02;1.252338e-20
6.063343e+02;1.252259e-20
6.063843e+02;1.252180e-20
6.064343e+02;1.252100e-20
6.064843e+02;1.252021e-20
6.065343e+02;1.251942e-20
6.065843e+02;1.251863e-20
6.066343e+02;1.251784e-20
6.066843e+02;1.251705e-20
6.067343e+02;1.251626e-20
6.067843e+02;1.251547e-20
6.068343e+02;1.251468e-20
6.068843e+02;1.251389e-20
6.069343e+02;1.251310e-20
6.069843e+02;1.251231e-20
6.070343e+02;1.251152e-20
6.070843e+02;1.251073e-20
6.071343e+02;1.250994e-20
6.071843e+02;1.250915e-20
6.072343e+02;1.250836e-20
6.072843e+02;1.250757e-20
6.073343e+02;1.250678e-20
6.073843e+02;1.250599e-20
6.074343e+02;1.250520e-20
6.074843e+02;1.250441e-20
6.075343e+02;1.250362e-20
6.075843e+02;1.250284e-20
6.076343e+02;1.250205e-20
6.076843e+02;1.250126e-20
6.077343e+02;1.250047e-20
6.077843e+02;1.249968e-20
6.078343e+02;1.249889e-20
6.078843e+02;1.249810e-20
6.079343e+02;1.249732e-20
6.079843e+02;1.249653e-20
6.080343e+02;1.249574e-20
6.080843e+02;1.249495e-20
6.081343e+02;1.249416e-20
6.081843e+02;1.249338e-20
6.082343e+02;1.249259e-20
6.082843e+02;1.249180e-20
6.083343e+02;1.249101e-20
6.083843e+02;1.249023e-20
6.084343e+02;1.248944e-20
6.084843e+02;1.248865e-20
6.085343e+02;1.248786e-20
6.085843e+02;1.248708e-20
6.086343e+02;1.248629e-20
6.086843e+02;1.248550e-20
6.087343e+02;1.248472e-20
6.087844e+02;1.248393e-20
6.088344e+02;1.248314e-20
6.088844e+02;1.248236e-20
6.089344e+02;1.248157e-20
6.089844e+02;1.248078e-20
6.090344e+02;1.248000e-20
6.090844e+02;1.247921e-20
6.091344e+02;1.247843e-20
6.091844e+02;1.247764e-20
6.092344e+02;1.247685e-20
6.092844e+02;1.247607e-20
6.093344e+02;1.247528e-20
6.093844e+02;1.247450e-20
6.094344e+02;1.247371e-20
6.094844e+02;1.247293e-20
6.095344e+02;1.247214e-20
6.095844e+02;1.247136e-20
6.096344e+02;1.247057e-20
6.096844e+02;1.246979e-20
6.097344e+02;1.246900e-20
6.097844e+02;1.246822e-20
6.098344e+02;1.246743e-20
6.098844e+02;1.246665e-20
6.099344e+02;1.246586e-20
6.099844e+02;1.246508e-20
6.100344e+02;1.246430e-20
6.100844e+02;1.246351e-20
6.101344e+02;1.246273e-20
6.101844e+02;1.246194e-20
6.102344e+02;1.246116e-20
6.102844e+02;1.246038e-20
6.103344e+02;1.245959e-20
6.103844e+02;1.245881e-20
6.104344e+02;1.245803e-20
6.104844e+02;1.245724e-20
6.105344e+02;1.245646e-20
6.105844e+02;1.245568e-20
6.106344e+02;1.245489e-20
6.106844e+02;1.245411e-20
6.107344e+02;1.245333e-20
6.107844e+02;1.245254e-20
6.108344e+02;1.245176e-20
6.108844e+02;1.245098e-20
6.109344e+02;1.245020e-20
6.109844e+02;1.244941e-20
6.110344e+02;1.244863e-20
6.110844e+02;1.244785e-20
6.111344e+02;1.244707e-20
6.111844e+02;1.244629e-20
6.112344e+02;1.244550e-20
6.112845e+02;1.244472e-20
6.113345e+02;1.244394e-20
6.113845e+02;1.244316e-20
6.114345e+02;1.244238e-20
6.114845e+02;1.244160e-20
6.115345e+02;1.244081e-20
6.115845e+02;1.244003e-20
6.116345e+02;1.243925e-20
6.116845e+02;1.243847e-20
6.117345e+02;1.243769e-20
6.117845e+02;1.243691e-20
6.118345e+02;1.243613e-20
6.118845e+02;1.243535e-20
6.119345e+02;1.243457e-20
6.119845e+02;1.243379e-20
6.120345e+02;1.243301e-20
6.120845e+02;1.243223e-20
6.121345e+02;1.243145e-20
6.121845e+02;1.243067e-20
6.122345e+02;1.242989e-20
6.122845e+02;1.242911e-20
6.123345e+02;1.242833e-20
6.123845e+02;1.242755e-20
6.124345e+02;1.242677e-20
6.124845e+02;1.242599e-20
6.125345e+02;1.242521e-20
6.125845e+02;1.242443e-20
6.126345e+02;1.242365e-20
6.126845e+02;1.242287e-20
6.127345e+02;1.242209e-20
6.127845e+02;1.242131e-20
6.128345e+02;1.242053e-20
6.128845e+02;1.241975e-20
6.129345e+02;1.241898e-20
6.129845e+02;1.241820e-20
6.130345e+02;1.241742e-20
6.130845e+02;1.241664e-20
6.131345e+02;1.241586e-20
6.131845e+02;1.241508e-20
6.132345e+02;1.241431e-20
6.132845e+02;1.241353e-20
6.133345e+02;1.241275e-20
6.133845e+02;1.241197e-20
6.134345e+02;1.241119e-20
6.134845e+02;1.241042e-20
6.135345e+02;1.240964e-20
6.135845e+02;1.240886e-20
6.136345e+02;1.240808e-20
6.136845e+02;1.240731e-20
6.137345e+02;1.240653e-20
6.137846e+02;1.240575e-20
6.138346e+02;1.240498e-20
6.138846e+02;1.240420e-20
6.139346e+02;1.240342e-20
6.139846e+02;1.240265e-20
6.140346e+02;1.240187e-20
6.140846e+02;1.240109e-20
6.141346e+02;1.240032e-20
6.141846e+02;1.239954e-20
6.142346e+02;1.239876e-20
6.142846e+02;1.239799e-20
6.143346e+02;1.239721e-20
6.143846e+02;1.239644e-20
6.144346e+02;1.239566e-20
6.144846e+02;1.239488e-20
6.145346e+02;1.239411e-20
6.145846e+02;1.239333e-20
6.146346e+02;1.239256e-20
6.146846e+02;1.239178e-20
6.147346e+02;1.239101e-20
6.147846e+02;1.239023e-20
6.148346e+02;1.238946e-20
6.148846e+02;1.238868e-20
6.149346e+02;1.238791e-20
6.149846e+02;1.238713e-20
6.150346e+02;1.238636e-20
6.150846e+02;1.238558e-20
6.151346e+02;1.238481e-20
6.151846e+02;1.238403e-20
6.152346e+02;1.238326e-20
6.152846e+02;1.238249e-20
6.153346e+02;1.238171e-20
6.153846e+02;1.238094e-20
6.154346e+02;1.238016e-20
6.154846e+02;1.237939e-20
6.155346e+02;1.237862e-20
6.155846e+02;1.237784e-20
6.156346e+02;1.237707e-20
6.156846e+02;1.237629e-20
6.157346e+02;1.237552e-20
6.157846e+02;1.237475e-20
6.158346e+02;1.237397e-20
6.158846e+02;1.237320e-20
6.159346e+02;1.237243e-20
6.159846e+02;1.237166e-20
6.160346e+02;1.237088e-20
6.160846e+02;1.237011e-20
6.161346e+02;1.236934e-20
6.161846e+02;1.236857e-20
6.162346e+02;1.236779e-20
6.162847e+02;1.236702e-20
6.163347e+02;1.236625e-20
6.163847e+02;1.236548e-20
6.164347e+02;1.236470e-20
6.164847e+02;1.236393e-20
6.165347e+02;1.236316e-20
6.165847e+02;1.236239e-20
6.166347e+02;1.236162e-20
6.166847e+02;1.236084e-20
6.167347e+02;1.236007e-20
6.167847e+02;1.235930e-20
6.168347e+02;1.235853e-20
6.168847e+02;1.235776e-20
6.169347e+02;1.235699e-20
6.169847e+02;1.235622e-20
6.170347e+02;1.235545e-20
6.170847e+02;1.235468e-20
6.171347e+02;1.235390e-20
6.171847e+02;1.235313e-20
6.172347e+02;1.235236e-20
6.172847e+02;1.235159e-20
6.173347e+02;1.235082e-20
6.173847e+02;1.235005e-20
6.174347e+02;1.234928e-20
6.174847e+02;1.234851e-20
6.175347e+02;1.234774e-20
6.175847e+02;1.234697e-20
6.176347e+02;1.234620e-20
6.176847e+02;1.234543e-20
6.177347e+02;1.234466e-20
6.177847e+02;1.234389e-20
6.178347e+02;1.234312e-20
6.178847e+02;1.234235e-20
6.179347e+02;1.234159e-20
6.179847e+02;1.234082e-20
6.180347e+02;1.234005e-20
6.180847e+02;1.233928e-20
6.181347e+02;1.233851e-20
6.181847e+02;1.233774e-20
6.182347e+02;1.233697e-20
6.182847e+02;1.233620e-20
6.183347e+02;1.233543e-20
6.183847e+02;1.233467e-20
6.184347e+02;1.233390e-20
6.184847e+02;1.233313e-20
6.185347e+02;1.233236e-20
6.185847e+02;1.233159e-20
6.186347e+02;1.233083e-20
6.186847e+02;1.233006e-20
6.187347e+02;1.232929e-20
6.187848e+02;1.232852e-20
6.188348e+02;1.232775e-20
6.188848e+02;1.232699e-20
6.189348e+02;1.232622e-20
6.189848e+02;1.232545e-20
6.190348e+02;1.232469e-20
6.190848e+02;1.232392e-20
6.191348e+02;1.232315e-20
6.191848e+02;1.232238e-20
6.192348e+02;1.232162e-20
6.192848e+02;1.232085e-20
6.193348e+02;1.232008e-20
6.193848e+02;1.231932e-20
6.194348e+02;1.231855e-20
6.194848e+02;1.231778e-20
6.195348e+02;1.231702e-20
6.195848e+02;1.231625e-20
6.196348e+02;1.231549e-20
6.196848e+02;1.231472e-20
6.197348e+02;1.231395e-20
6.197848e+02;1.231319e-20
6.198348e+02;1.231242e-20
6.198848e+02;1.231166e-20
6.199348e+02;1.231089e-20
6.199848e+02;1.231013e-20
6.200348e+02;1.230936e-20
6.200848e+02;1.230859e-20
6.201348e+02;1.230783e-20
6.201848e+02;1.230706e-20
6.202348e+02;1.230630e-20
6.202848e+02;1.230553e-20
6.203348e+02;1.230477e-20
6.203848e+02;1.230401e-20
6.204348e+02;1.230324e-20
6.204848e+02;1.230248e-20
6.205348e+02;1.230171e-20
6.205848e+02;1.230095e-20
6.206348e+02;1.230018e-20
6.206848e+02;1.229942e-20
6.207348e+02;1.229865e-20
6.207848e+02;1.229789e-20
6.208348e+02;1.229713e-20
6.208848e+02;1.229636e-20
6.209348e+02;1.229560e-20
6.209848e+02;1.229484e-20
6.210348e+02;1.229407e-20
6.210848e+02;1.229331e-20
6.211348e+02;1.229255e-20
6.211848e+02;1.229178e-20
6.212348e+02;1.229102e-20
6.212849e+02;1.229026e-20
6.213349e+02;1.228949e-20
6.213849e+02;1.228873e-20
6.214349e+02;1.228797e-20
6.214849e+02;1.228720e-20
6.215349e+02;1.228644e-20
6.215849e+02;1.228568e-20
6.216349e+02;1.228492e-20
6.216849e+02;1.228416e-20
6.217349e+02;1.228339e-20
6.217849e+02;1.228263e-20
6.218349e+02;1.228187e-20
6.218849e+02;1.228111e-20
6.219349e+02;1.228034e-20
6.219849e+02;1.227958e-20
6.220349e+02;1.227882e-20
6.220849e+02;1.227806e-20
6.221349e+02;1.227730e-20
6.221849e+02;1.227654e-20
6.222349e+02;1.227578e-20
6.222849e+02;1.227501e-20
6.223349e+02;1.227425e-20
6.223849e+02;1.227349e-20
6.224349e+02;1.227273e-20
6.224849e+02;1.227197e-20
6.225349e+02;1.227121e-20
6.225849e+02;1.227045e-20
6.226349e+02;1.226969e-20
6.226849e+02;1.226893e-20
6.227349e+02;1.226817e-20
6.227849e+02;1.226741e-20
6.228349e+02;1.226665e-20
6.228849e+02;1.226589e-20
6.229349e+02;1.226513e-20
6.229849e+02;1.226437e-20
6.230349e+02;1.226361e-20
6.230849e+02;1.226285e-20
6.231349e+02;1.226209e-20
6.231849e+02;1.226133e-20
6.232349e+02;1.226057e-20
6.232849e+02;1.225981e-20
6.233349e+02;1.225905e-20
6.233849e+02;1.225829e-20
6.234349e+02;1.225753e-20
6.234849e+02;1.225677e-20
6.235349e+02;1.225601e-20
6.235849e+02;1.225526e-20
6.236349e+02;1.225450e-20
6.236849e+02;1.225374e-20
6.237349e+02;1.225298e-20
6.237850e+02;1.225222e-20
6.238350e+02;1.225146e-20
6.238850e+02;1.225070e-20
6.239350e+02;1.224995e-20
6.239850e+02;1.224919e-20
6.240350e+02;1.224843e-20
6.240850e+02;1.224767e-20
6.241350e+02;1.224691e-20
6.241850e+02;1.224616e-20
6.242350e+02;1.224540e-20
6.242850e+02;1.224464e-20
6.243350e+02;1.224388e-20
6.243850e+02;1.224313e-20
6.244350e+02;1.224237e-20
6.244850e+02;1.224161e-20
6.245350e+02;1.224085e-20
6.245850e+02;1.224010e-20
6.246350e+02;1.223934e-20
6.246850e+02;1.223858e-20
6.247350e+02;1.223783e-20
6.247850e+02;1.223707e-20
6.248350e+02;1.223631e-20
6.248850e+02;1.223556e-20
6.249350e+02;1.223480e-20
6.249850e+02;1.223404e-20
6.250350e+02;1.223329e-20
6.250850e+02;1.223253e-20
6.251350e+02;1.223178e-20
6.251850e+02;1.223102e-20
6.252350e+02;1.223026e-20
6.252850e+02;1.222951e-20
6.253350e+02;1.222875e-20
6.253850e+02;1.222800e-20
6.254350e+02;1.222724e-20
6.254850e+02;1.222649e-20
6.255350e+02;1.222573e-20
6.255850e+02;1.222498e-20
6.256350e+02;1.222422e-20
6.256850e+02;1.222347e-20
6.257350e+02;1.222271e-20
6.257850e+02;1.222196e-20
6.258350e+02;1.222120e-20
6.258850e+02;1.222045e-20
6.259350e+02;1.221969e-20
6.259850e+02;1.221894e-20
6.260350e+02;1.221818e-20
6.260850e+02;1.221743e-20
6.261350e+02;1.221668e-20
6.261850e+02;1.221592e-20
6.262350e+02;1.221517e-20
6.262851e+02;1.221441e-20
6.263351e+02;1.221366e-20
6.263851e+02;1.221291e-20
6.264351e+02;1.221215e-20
6.264851e+02;1.221140e-20
6.265351e+02;1.221065e-20
6.265851e+02;1.220989e-20
6.266351e+02;1.220914e-20
6.266851e+02;1.220839e-20
6.267351e+02;1.220763e-20
6.267851e+02;1.220688e-20
6.268351e+02;1.220613e-20
6.268851e+02;1.220537e-20
6.269351e+02;1.220462e-20
6.269851e+02;1.220387e-20
6.270351e+02;1.220312e-20
6.270851e+02;1.220236e-20
6.271351e+02;1.220161e-20
6.271851e+02;1.220086e-20
6.272351e+02;1.220011e-20
6.272851e+02;1.219935e-20
6.273351e+02;1.219860e-20
6.273851e+02;1.219785e-20
6.274351e+02;1.219710e-20
6.274851e+02;1.219635e-20
6.275351e+02;1.219560e-20
6.275851e+02;1.219484e-20
6.276351e+02;1.219409e-20
6.276851e+02;1.219334e-20
6.277351e+02;1.219259e-20
6.277851e+02;1.219184e-20
6.278351e+02;1.219109e-20
6.278851e+02;1.219034e-20
6.279351e+02;1.218959e-20
6.279851e+02;1.218883e-20
6.280351e+02;1.218808e-20
6.280851e+02;1.218733e-20
6.281351e+02;1.218658e-20
6.281851e+02;1.218583e-20
6.282351e+02;1.218508e-20
6.282851e+02;1.218433e-20
6.283351e+02;1.218358e-20
6.283851e+02;1.218283e-20
6.284351e+02;1.218208e-20
6.284851e+02;1.218133e-20
6.285351e+02;1.218058e-20
6.285851e+02;1.217983e-20
6.286351e+02;1.217908e-20
6.286851e+02;1.217833e-20
6.287351e+02;1.217758e-20
6.287852e+02;1.217683e-20
6.288352e+02;1.217608e-20
6.288852e+02;1.217533e-20
6.289352e+02;1.217459e-20
6.289852e+02;1.217384e-20
6.290352e+02;1.217309e-20
6.290852e+02;1.217234e-20
6.291352e+02;1.217159e-20
6.291852e+02;1.217084e-20
6.292352e+02;1.217009e-20
6.292852e+02;1.216934e-20
6.293352e+02;1.216860e-20
6.293852e+02;1.216785e-20
6.294352e+02;1.216710e-20
6.294852e+02;1.216635e-20
6.295352e+02;1.216560e-20
6.295852e+02;1.216485e-20
6.296352e+02;1.216411e-20
6.296852e+02;1.216336e-20
6.297352e+02;1.216261e-20
6.297852e+02;1.216186e-20
6.298352e+02;1.216112e-20
6.298852e+02;1.216037e-20
6.299352e+02;1.215962e-20
6.299852e+02;1.215887e-20
6.300352e+02;1.215813e-20
6.300852e+02;1.215738e-20
6.301352e+02;1.215663e-20
6.301852e+02;1.215589e-20
6.302352e+02;1.215514e-20
6.302852e+02;1.215439e-20
6.303352e+02;1.215365e-20
6.303852e+02;1.215290e-20
6.304352e+02;1.215215e-20
6.304852e+02;1.215141e-20
6.305352e+02;1.215066e-20
6.305852e+02;1.214991e-20
6.306352e+02;1.214917e-20
6.306852e+02;1.214842e-20
6.307352e+02;1.214768e-20
6.307852e+02;1.214693e-20
6.308352e+02;1.214618e-20
6.308852e+02;1.214544e-20
6.309352e+02;1.214469e-20
6.309852e+02;1.214395e-20
6.310352e+02;1.214320e-20
6.310852e+02;1.214246e-20
6.311352e+02;1.214171e-20
6.311852e+02;1.214097e-20
6.312352e+02;1.214022e-20
6.312853e+02;1.213948e-20
6.313353e+02;1.213873e-20
6.313853e+02;1.213799e-20
6.314353e+02;1.213724e-20
6.314853e+02;1.213650e-20
6.315353e+02;1.213575e-20
6.315853e+02;1.213501e-20
6.316353e+02;1.213426e-20
6.316853e+02;1.213352e-20
6.317353e+02;1.213278e-20
6.317853e+02;1.213203e-20
6.318353e+02;1.213129e-20
6.318853e+02;1.213054e-20
6.319353e+02;1.212980e-20
6.319853e+02;1.212906e-20
6.320353e+02;1.212831e-20
6.320853e+02;1.212757e-20
6.321353e+02;1.212683e-20
6.321853e+02;1.212608e-20
6.322353e+02;1.212534e-20
6.322853e+02;1.212460e-20
6.323353e+02;1.212385e-20
6.323853e+02;1.212311e-20
6.324353e+02;1.212237e-20
6.324853e+02;1.212163e-20
6.325353e+02;1.212088e-20
6.325853e+02;1.212014e-20
6.326353e+02;1.211940e-20
6.326853e+02;1.211865e-20
6.327353e+02;1.211791e-20
6.327853e+02;1.211717e-20
6.328353e+02;1.211643e-20
6.328853e+02;1.211569e-20
6.329353e+02;1.211494e-20
6.329853e+02;1.211420e-20
6.330353e+02;1.211346e-20
6.330853e+02;1.211272e-20
6.331353e+02;1.211198e-20
6.331853e+02;1.211124e-20
6.332353e+02;1.211049e-20
6.332853e+02;1.210975e-20
6.333353e+02;1.210901e-20
6.333853e+02;1.210827e-20
6.334353e+02;1.210753e-20
6.334853e+02;1.210679e-20
6.335353e+02;1.210605e-20
6.335853e+02;1.210531e-20
6.336353e+02;1.210457e-20
6.336853e+02;1.210382e-20
6.337353e+02;1.210308e-20
6.337854e+02;1.210234e-20
6.338354e+02;1.210160e-20
6.338854e+02;1.210086e-20
6.339354e+02;1.210012e-20
6.339854e+02;1.209938e-20
6.340354e+02;1.209864e-20
6.340854e+02;1.209790e-20
6.341354e+02;1.209716e-20
6.341854e+02;1.209642e-20
6.342354e+02;1.209568e-20
6.342854e+02;1.209494e-20
6.343354e+02;1.209420e-20
6.343854e+02;1.209346e-20
6.344354e+02;1.209272e-20
6.344854e+02;1.209199e-20
6.345354e+02;1.209125e-20
6.345854e+02;1.209051e-20
6.346354e+02;1.208977e-20
6.346854e+02;1.208903e-20
6.347354e+02;1.208829e-20
6.347854e+02;1.208755e-20
6.348354e+02;1.208681e-20
6.348854e+02;1.208607e-20
6.349354e+02;1.208534e-20
6.349854e+02;1.208460e-20
6.350354e+02;1.208386e-20
6.350854e+02;1.208312e-20
6.351354e+02;1.208238e-20
6.351854e+02;1.208164e-20
6.352354e+02;1.208091e-20
6.352854e+02;1.208017e-20
6.353354e+02;1.207943e-20
6.353854e+02;1.207869e-20
6.354354e+02;1.207796e-20
6.354854e+02;1.207722e-20
6.355354e+02;1.207648e-20
6.355854e+02;1.207574e-20
6.356354e+02;1.207501e-20
6.356854e+02;1.207427e-20
6.357354e+02;1.207353e-20
6.357854e+02;1.207280e-20
6.358354e+02;1.207206e-20
6.358854e+02;1.207132e-20
6.359354e+02;1.207058e-20
6.359854e+02;1.206985e-20
6.360354e+02;1.206911e-20
6.360854e+02;1.206838e-20
6.361354e+02;1.206764e-20
6.361854e+02;1.206690e-20
6.362354e+02;1.206617e-20
6.362855e+02;1.206543e-20
6.363355e+02;1.206469e-20
6.363855e+02;1.206396e-20
6.364355e+02;1.206322e-20
6.364855e+02;1.206249e-20
6.365355e+02;1.206175e-20
6.365855e+02;1.206102e-20
6.366355e+02;1.206028e-20
6.366855e+02;1.205954e-20
6.367355e+02;1.205881e-20
6.367855e+02;1.205807e-20
6.368355e+02;1.205734e-20
6.368855e+02;1.205660e-20
6.369355e+02;1.205587e-20
6.369855e+02;1.205513e-20
6.370355e+02;1.205440e-20
6.370855e+02;1.205366e-20
6.371355e+02;1.205293e-20
6.371855e+02;1.205220e-20
6.372355e+02;1.205146e-20
6.372855e+02;1.205073e-20
6.373355e+02;1.204999e-20
6.373855e+02;1.204926e-20
6.374355e+02;1.204852e-20
6.374855e+02;1.204779e-20
6.375355e+02;1.204706e-20
6.375855e+02;1.204632e-20
6.376355e+02;1.204559e-20
6.376855e+02;1.204485e-20
6.377355e+02;1.204412e-20
6.377855e+02;1.204339e-20
6.378355e+02;1.204265e-20
6.378855e+02;1.204192e-20
6.379355e+02;1.204119e-20
6.379855e+02;1.204045e-20
6.380355e+02;1.203972e-20
6.380855e+02;1.203899e-20
6.381355e+02;1.203826e-20
6.381855e+02;1.203752e-20
6.382355e+02;1.203679e-20
6.382855e+02;1.203606e-20
6.383355e+02;1.203533e-20
6.383855e+02;1.203459e-20
6.384355e+02;1.203386e-20
6.384855e+02;1.203313e-20
6.385355e+02;1.203240e-20
6.385855e+02;1.203166e-20
6.386355e+02;1.203093e-20
6.386855e+02;1.203020e-20
6.387355e+02;1.202947e-20
6.387856e+02;1.202874e-20
6.388356e+02;1.202800e-20
6.388856e+02;1.202727e-20
6.389356e+02;1.202654e-20
6.389856e+02;1.202581e-20
6.390356e+02;1.202508e-20
6.390856e+02;1.202435e-20
6.391356e+02;1.202362e-20
6.391856e+02;1.202289e-20
6.392356e+02;1.202215e-20
6.392856e+02;1.202142e-20
6.393356e+02;1.202069e-20
6.393856e+02;1.201996e-20
6.394356e+02;1.201923e-20
6.394856e+02;1.201850e-20
6.395356e+02;1.201777e-20
6.395856e+02;1.201704e-20
6.396356e+02;1.201631e-20
6.396856e+02;1.201558e-20
6.397356e+02;1.201485e-20
6.397856e+02;1.201412e-20
6.398356e+02;1.201339e-20
6.398856e+02;1.201266e-20
6.399356e+02;1.201193e-20
6.399856e+02;1.201120e-20
6.400356e+02;1.201047e-20
6.400856e+02;1.200974e-20
6.401356e+02;1.200901e-20
6.401856e+02;1.200828e-20
6.402356e+02;1.200755e-20
6.402856e+02;1.200682e-20
6.403356e+02;1.200609e-20
6.403856e+02;1.200537e-20
6.404356e+02;1.200464e-20
6.404856e+02;1.200391e-20
6.405356e+02;1.200318e-20
6.405856e+02;1.200245e-20
6.406356e+02;1.200172e-20
6.406856e+02;1.200099e-20
6.407356e+02;1.200027e-20
6.407856e+02;1.199954e-20
6.408356e+02;1.199881e-20
6.408856e+02;1.199808e-20
6.409356e+02;1.199735e-20
6.409856e+02;1.199662e-20
6.410356e+02;1.199590e-20
6.410856e+02;1.199517e-20
6.411356e+02;1.199444e-20
6.411856e+02;1.199371e-20
6.412356e+02;1.199299e-20
6.412857e+02;1.199226e-20
6.413357e+02;1.199153e-20
6.413857e+02;1.199080e-20
6.414357e+02;1.199008e-20
6.414857e+02;1.198935e-20
6.415357e+02;1.198862e-20
6.415857e+02;1.198790e-20
6.416357e+02;1.198717e-20
6.416857e+02;1.198644e-20
6.417357e+02;1.198572e-20
6.417857e+02;1.198499e-20
6.418357e+02;1.198426e-20
6.418857e+02;1.198354e-20
6.419357e+02;1.198281e-20
6.419857e+02;1.198208e-20
6.420357e+02;1.198136e-20
6.420857e+02;1.198063e-20
6.421357e+02;1.197991e-20
6.421857e+02;1.197918e-20
6.422357e+02;1.197845e-20
6.422857e+02;1.197773e-20
6.423357e+02;1.197700e-20
6.423857e+02;1.197628e-20
6.424357e+02;1.197555e-20
6.424857e+02;1.197483e-20
6.425357e+02;1.197410e-20
6.425857e+02;1.197338e-20
6.426357e+02;1.197265e-20
6.426857e+02;1.197193e-20
6.427357e+02;1.197120e-20
6.427857e+02;1.197048e-20
6.428357e+02;1.196975e-20
6.428857e+02;1.196903e-20
6.429357e+02;1.196830e-20
6.429857e+02;1.196758e-20
6.430357e+02;1.196685e-20
6.430857e+02;1.196613e-20
6.431357e+02;1.196540e-20
6.431857e+02;1.196468e-20
6.432357e+02;1.196396e-20
6.432857e+02;1.196323e-20
6.433357e+02;1.196251e-20
6.433857e+02;1.196178e-20
6.434357e+02;1.196106e-20
6.434857e+02;1.196034e-20
6.435357e+02;1.195961e-20
6.435857e+02;1.195889e-20
6.436357e+02;1.195817e-20
6.436857e+02;1.195744e-20
6.437357e+02;1.195672e-20
6.437858e+02;1.195600e-20
6.438358e+02;1.195527e-20
6.438858e+02;1.195455e-20
6.439358e+02;1.195383e-20
6.439858e+02;1.195310e-20
6.440358e+02;1.195238e-20
6.440858e+02;1.195166e-20
6.441358e+02;1.195094e-20
6.441858e+02;1.195021e-20
6.442358e+02;1.194949e-20
6.442858e+02;1.194877e-20
6.443358e+02;1.194805e-20
6.443858e+02;1.194733e-20
6.444358e+02;1.194660e-20
6.444858e+02;1.194588e-20
6.445358e+02;1.194516e-20
6.445858e+02;1.194444e-20
6.446358e+02;1.194372e-20
6.446858e+02;1.194299e-20
6.447358e+02;1.194227e-20
6.447858e+02;1.194155e-20
6.448358e+02;1.194083e-20
6.448858e+02;1.194011e-20
6.449358e+02;1.193939e-20
6.449858e+02;1.193867e-20
6.450358e+02;1.193795e-20
6.450858e+02;1.193722e-20
6.451358e+02;1.193650e-20
6.451858e+02;1.193578e-20
6.452358e+02;1.193506e-20
6.452858e+02;1.193434e-20
6.453358e+02;1.193362e-20
6.453858e+02;1.193290e-20
6.454358e+02;1.193218e-20
6.454858e+02;1.193146e-20
6.455358e+02;1.193074e-20
6.455858e+02;1.193002e-20
6.456358e+02;1.192930e-20
6.456858e+02;1.192858e-20
6.457358e+02;1.192786e-20
6.457858e+02;1.192714e-20
6.458358e+02;1.192642e-20
6.458858e+02;1.192570e-20
6.459358e+02;1.192498e-20
6.459858e+02;1.192426e-20
6.460358e+02;1.192354e-20
6.460858e+02;1.192282e-20
6.461358e+02;1.192210e-20
6.461858e+02;1.192139e-20
6.462358e+02;1.192067e-20
6.462859e+02;1.191995e-20
6.463359e+02;1.191923e-20
6.463859e+02;1.191851e-20
6.464359e+02;1.191779e-20
6.464859e+02;1.191707e-20
6.465359e+02;1.191635e-20
6.465859e+02;1.191564e-20
6.466359e+02;1.191492e-20
6.466859e+02;1.191420e-20
6.467359e+02;1.191348e-20
6.467859e+02;1.191276e-20
6.468359e+02;1.191204e-20
6.468859e+02;1.191133e-20
6.469359e+02;1.191061e-20
6.469859e+02;1.190989e-20
6.470359e+02;1.190917e-20
6.470859e+02;1.190846e-20
6.471359e+02;1.190774e-20
6.471859e+02;1.190702e-20
6.472359e+02;1.190630e-20
6.472859e+02;1.190559e-20
6.473359e+02;1.190487e-20
6.473859e+02;1.190415e-20
6.474359e+02;1.190344e-20
6.474859e+02;1.190272e-20
6.475359e+02;1.190200e-20
6.475859e+02;1.190129e-20
6.476359e+02;1.190057e-20
6.476859e+02;1.189985e-20
6.477359e+02;1.189914e-20
6.477859e+02;1.189842e-20
6.478359e+02;1.189770e-20
6.478859e+02;1.189699e-20
6.479359e+02;1.189627e-20
6.479859e+02;1.189555e-20
6.480359e+02;1.189484e-20
6.480859e+02;1.189412e-20
6.481359e+02;1.189341e-20
6.481859e+02;1.189269e-20
6.482359e+02;1.189198e-20
6.482859e+02;1.189126e-20
6.483359e+02;1.189054e-20
6.483859e+02;1.188983e-20
6.484359e+02;1.188911e-20
6.484859e+02;1.188840e-20
6.485359e+02;1.188768e-20
6.485859e+02;1.188697e-20
6.486359e+02;1.188625e-20
6.486859e+02;1.188554e-20
6.487359e+02;1.188482e-20
6.487860e+02;1.188411e-20
6.488360e+02;1.188339e-20
6.488860e+02;1.188268e-20
6.489360e+02;1.188197e-20
6.489860e+02;1.188125e-20
6.490360e+02;1.188054e-20
6.490860e+02;1.187982e-20
6.491360e+02;1.187911e-20
6.491860e+02;1.187839e-20
6.492360e+02;1.187768e-20
6.492860e+02;1.187697e-20
6.493360e+02;1.187625e-20
6.493860e+02;1.187554e-20
6.494360e+02;1.187483e-20
6.494860e+02;1.187411e-20
6.495360e+02;1.187340e-20
6.495860e+02;1.187269e-20
6.496360e+02;1.187197e-20
6.496860e+02;1.187126e-20
6.497360e+02;1.187055e-20
6.497860e+02;1.186983e-20
6.498360e+02;1.186912e-20
6.498860e+02;1.186841e-20
6.499360e+02;1.186769e-20
6.499860e+02;1.186698e-20
6.500360e+02;1.186627e-20
6.500860e+02;1.186556e-20
6.501360e+02;1.186484e-20
6.501860e+02;1.186413e-20
6.502360e+02;1.186342e-20
6.502860e+02;1.186271e-20
6.503360e+02;1.186200e-20
6.503860e+02;1.186128e-20
6.504360e+02;1.186057e-20
6.504860e+02;1.185986e-20
6.505360e+02;1.185915e-20
6.505860e+02;1.185844e-20
6.506360e+02;1.185772e-20
6.506860e+02;1.185701e-20
6.507360e+02;1.185630e-20
6.507860e+02;1.185559e-20
6.508360e+02;1.185488e-20
6.508860e+02;1.185417e-20
6.509360e+02;1.185346e-20
6.509860e+02;1.185275e-20
6.510360e+02;1.185203e-20
6.510860e+02;1.185132e-20
6.511360e+02;1.185061e-20
6.511860e+02;1.184990e-20
6.512360e+02;1.184919e-20
6.512861e+02;1.184848e-20
6.513361e+02;1.184777e-20
6.513861e+02;1.184706e-20
6.514361e+02;1.184635e-20
6.514861e+02;1.184564e-20
6.515361e+02;1.184493e-20
6.515861e+02;1.184422e-20
6.516361e+02;1.184351e-20
6.516861e+02;1.184280e-20
6.517361e+02;1.184209e-20
6.517861e+02;1.184138e-20
6.518361e+02;1.184067e-20
6.518861e+02;1.183996e-20
6.519361e+02;1.183925e-20
6.519861e+02;1.183854e-20
6.520361e+02;1.183783e-20
6.520861e+02;1.183712e-20
6.521361e+02;1.183642e-20
6.521861e+02;1.183571e-20
6.522361e+02;1.183500e-20
6.522861e+02;1.183429e-20
6.523361e+02;1.183358e-20
6.523861e+02;1.183287e-20
6.524361e+02;1.183216e-20
6.524861e+02;1.183145e-20
6.525361e+02;1.183075e-20
6.525861e+02;1.183004e-20
6.526361e+02;1.182933e-20
6.526861e+02;1.182862e-20
6.527361e+02;1.182791e-20
6.527861e+02;1.182720e-20
6.528361e+02;1.182650e-20
6.528861e+02;1.182579e-20
6.529361e+02;1.182508e-20
6.529861e+02;1.182437e-20
6.530361e+02;1.182367e-20
6.530861e+02;1.182296e-20
6.531361e+02;1.182225e-20
6.531861e+02;1.182154e-20
6.532361e+02;1.182084e-20
6.532861e+02;1.182013e-20
6.533361e+02;1.181942e-20
6.533861e+02;1.181871e-20
6.534361e+02;1.181801e-20
6.534861e+02;1.181730e-20
6.535361e+02;1.181659e-20
6.535861e+02;1.181589e-20
6.536361e+02;1.181518e-20
6.536861e+02;1.181447e-20
6.537361e+02;1.181377e-20
6.537862e+02;1.181306e-20
6.538362e+02;1.181235e-20
6.538862e+02;1.181165e-20
6.539362e+02;1.181094e-20
6.539862e+02;1.181024e-20
6.540362e+02;1.180953e-20
6.540862e+02;1.180882e-20
6.541362e+02;1.180812e-20
6.541862e+02;1.180741e-20
6.542362e+02;1.180671e-20
6.542862e+02;1.180600e-20
6.543362e+02;1.180530e-20
6.543862e+02;1.180459e-20
6.544362e+02;1.180389e-20
6.544862e+02;1.180318e-20
6.545362e+02;1.180248e-20
6.545862e+02;1.180177e-20
6.546362e+02;1.180107e-20
6.546862e+02;1.180036e-20
6.547362e+02;1.179966e-20
6.547862e+02;1.179895e-20
6.548362e+02;1.179825e-20
6.548862e+02;1.179754e-20
6.549362e+02;1.179684e-20
6.549862e+02;1.179613e-20
6.550362e+02;1.179543e-20
6.550862e+02;1.179472e-20
6.551362e+02;1.179402e-20
6.551862e+02;1.179332e-20
6.552362e+02;1.179261e-20
6.552862e+02;1.179191e-20
6.553362e+02;1.179120e-20
6.553862e+02;1.179050e-20
6.554362e+02;1.178980e-20
6.554862e+02;1.178909e-20
6.555362e+02;1.178839e-20
6.555862e+02;1.178769e-20
6.556362e+02;1.178698e-20
6.556862e+02;1.178628e-20
6.557362e+02;1.178558e-20
6.557862e+02;1.178487e-20
6.558362e+02;1.178417e-20
6.558862e+02;1.178347e-20
6.559362e+02;1.178276e-20
6.559862e+02;1.178206e-20
6.560362e+02;1.178136e-20
6.560862e+02;1.178066e-20
6.561362e+02;1.177995e-20
6.561862e+02;1.177925e-20
6.562362e+02;1.177855e-20
6.562863e+02;1.177785e-20
6.563363e+02;1.177714e-20
6.563863e+02;1.177644e-20
6.564363e+02;1.177574e-20
6.564863e+02;1.177504e-20
6.565363e+02;1.177434e-20
6.565863e+02;1.177363e-20
6.566363e+02;1.177293e-20
6.566863e+02;1.177223e-20
6.567363e+02;1.177153e-20
6.567863e+02;1.177083e-20
6.568363e+02;1.177013e-20
6.568863e+02;1.176943e-20
6.569363e+02;1.176872e-20
6.569863e+02;1.176802e-20
6.570363e+02;1.176732e-20
6.570863e+02;1.176662e-20
6.571363e+02;1.176592e-20
6.571863e+02;1.176522e-20
6.572363e+02;1.176452e-20
6.572863e+02;1.176382e-20
6.573363e+02;1.176312e-20
6.573863e+02;1.176242e-20
6.574363e+02;1.176172e-20
6.574863e+02;1.176102e-20
6.575363e+02;1.176032e-20
6.575863e+02;1.175962e-20
6.576363e+02;1.175892e-20
6.576863e+02;1.175822e-20
6.577363e+02;1.175752e-20
6.577863e+02;1.175682e-20
6.578363e+02;1.175612e-20
6.578863e+02;1.175542e-20
6.579363e+02;1.175472e-20
6.579863e+02;1.175402e-20
6.580363e+02;1.175332e-20
6.580863e+02;1.175262e-20
6.581363e+02;1.175192e-20
6.581863e+02;1.175122e-20
6.582363e+02;1.175052e-20
6.582863e+02;1.174982e-20
6.583363e+02;1.174912e-20
6.583863e+02;1.174842e-20
6.584363e+02;1.174773e-20
6.584863e+02;1.174703e-20
6.585363e+02;1.174633e-20
6.585863e+02;1.174563e-20
6.586363e+02;1.174493e-20
6.586863e+02;1.174423e-20
6.587363e+02;1.174354e-20
6.587864e+02;1.174284e-20
6.588364e+02;1.174214e-20
6.588864e+02;1.174144e-20
6.589364e+02;1.174074e-20
6.589864e+02;1.174004e-20
6.590364e+02;1.173935e-20
6.590864e+02;1.173865e-20
6.591364e+02;1.173795e-20
6.591864e+02;1.173725e-20
6.592364e+02;1.173656e-20
6.592864e+02;1.173586e-20
6.593364e+02;1.173516e-20
6.593864e+02;1.173446e-20
6.594364e+02;1.173377e-20
6.594864e+02;1.173307e-20
6.595364e+02;1.173237e-20
6.595864e+02;1.173168e-20
6.596364e+02;1.173098e-20
6.596864e+02;1.173028e-20
6.597364e+02;1.172959e-20
6.597864e+02;1.172889e-20
6.598364e+02;1.172819e-20
6.598864e+02;1.172750e-20
6.599364e+02;1.172680e-20
6.599864e+02;1.172610e-20
6.600364e+02;1.172541e-20
6.600864e+02;1.172471e-20
6.601364e+02;1.172402e-20
6.601864e+02;1.172332e-20
6.602364e+02;1.172262e-20
6.602864e+02;1.172193e-20
6.603364e+02;1.172123e-20
6.603864e+02;1.172054e-20
6.604364e+02;1.171984e-20
6.604864e+02;1.171915e-20
6.605364e+02;1.171845e-20
6.605864e+02;1.171776e-20
6.606364e+02;1.171706e-20
6.606864e+02;1.171636e-20
6.607364e+02;1.171567e-20
6.607864e+02;1.171497e-20
6.608364e+02;1.171428e-20
6.608864e+02;1.171359e-20
6.609364e+02;1.171289e-20
6.609864e+02;1.171220e-20
6.610364e+02;1.171150e-20
6.610864e+02;1.171081e-20
6.611364e+02;1.171011e-20
6.611864e+02;1.170942e-20
6.612364e+02;1.170872e-20
6.612865e+02;1.170803e-20
6.613365e+02;1.170734e-20
6.613865e+02;1.170664e-20
6.614365e+02;1.170595e-20
6.614865e+02;1.170525e-20
6.615365e+02;1.170456e-20
6.615865e+02;1.170387e-20
6.616365e+02;1.170317e-20
6.616865e+02;1.170248e-20
6.617365e+02;1.170179e-20
6.617865e+02;1.170109e-20
6.618365e+02;1.170040e-20
6.618865e+02;1.169971e-20
6.619365e+02;1.169901e-20
6.619865e+02;1.169832e-20
6.620365e+02;1.169763e-20
6.620865e+02;1.169693e-20
6.621365e+02;1.169624e-20
6.621865e+02;1.169555e-20
6.622365e+02;1.169486e-20
6.622865e+02;1.169416e-20
6.623365e+02;1.169347e-20
6.623865e+02;1.169278e-20
6.624365e+02;1.169209e-20
6.624865e+02;1.169139e-20
6.625365e+02;1.169070e-20
6.625865e+02;1.169001e-20
6.626365e+02;1.168932e-20
6.626865e+02;1.168863e-20
6.627365e+02;1.168793e-20
6.627865e+02;1.168724e-20
6.628365e+02;1.168655e-20
6.628865e+02;1.168586e-20
6.629365e+02;1.168517e-20
6.629865e+02;1.168448e-20
6.630365e+02;1.168378e-20
6.630865e+02;1.168309e-20
6.631365e+02;1.168240e-20
6.631865e+02;1.168171e-20
6.632365e+02;1.168102e-20
6.632865e+02;1.168033e-20
6.633365e+02;1.167964e-20
6.633865e+02;1.167895e-20
6.634365e+02;1.167826e-20
6.634865e+02;1.167757e-20
6.635365e+02;1.167687e-20
6.635865e+02;1.167618e-20
6.636365e+02;1.167549e-20
6.636865e+02;1.167480e-20
6.637365e+02;1.167411e-20
6.637866e+02;1.167342e-20
6.638366e+02;1.167273e-20
6.638866e+02;1.167204e-20
6.639366e+02;1.167135e-20
6.639866e+02;1.167066e-20
6.640366e+02;1.166997e-20
6.640866e+02;1.166928e-20
6.641366e+02;1.166859e-20
6.641866e+02;1.166790e-20
6.642366e+02;1.166722e-20
6.642866e+02;1.166653e-20
6.643366e+02;1.166584e-20
6.643866e+02;1.166515e-20
6.644366e+02;1.166446e-20
6.644866e+02;1.166377e-20
6.645366e+02;1.166308e-20
6.645866e+02;1.166239e-20
6.646366e+02;1.166170e-20
6.646866e+02;1.166101e-20
6.647366e+02;1.166033e-20
6.647866e+02;1.165964e-20
6.648366e+02;1.165895e-20
6.648866e+02;1.165826e-20
6.649366e+02;1.165757e-20
6.649866e+02;1.165688e-20
6.650366e+02;1.165619e-20
6.650866e+02;1.165551e-20
6.651366e+02;1.165482e-20
6.651866e+02;1.165413e-20
6.652366e+02;1.165344e-20
6.652866e+02;1.165276e-20
6.653366e+02;1.165207e-20
6.653866e+02;1.165138e-20
6.654366e+02;1.165069e-20
6.654866e+02;1.165000e-20
6.655366e+02;1.164932e-20
6.655866e+02;1.164863e-20
6.656366e+02;1.164794e-20
6.656866e+02;1.164726e-20
6.657366e+02;1.164657e-20
6.657866e+02;1.164588e-20
6.658366e+02;1.164519e-20
6.658866e+02;1.164451e-20
6.659366e+02;1.164382e-20
6.659866e+02;1.164313e-20
6.660366e+02;1.164245e-20
6.660866e+02;1.164176e-20
6.661366e+02;1.164107e-20
6.661866e+02;1.164039e-20
6.662366e+02;1.163970e-20
6.662867e+02;1.163902e-20
6.663367e+02;1.163833e-20
6.663867e+02;1.163764e-20
6.664367e+02;1.163696e-20
6.664867e+02;1.163627e-20
6.665367e+02;1.163559e-20
6.665867e+02;1.163490e-20
6.666367e+02;1.163421e-20
6.666867e+02;1.163353e-20
6.667367e+02;1.163284e-20
6.667867e+02;1.163216e-20
6.668367e+02;1.163147e-20
6.668867e+02;1.163079e-20
6.669367e+02;1.163010e-20
6.669867e+02;1.162942e-20
6.670367e+02;1.162873e-20
6.670867e+02;1.162805e-20
6.671367e+02;1.162736e-20
6.671867e+02;1.162668e-20
6.672367e+02;1.162599e-20
6.672867e+02;1.162531e-20
6.673367e+02;1.162462e-20
6.673867e+02;1.162394e-20
6.674367e+02;1.162326e-20
6.674867e+02;1.162257e-20
6.675367e+02;1.162189e-20
6.675867e+02;1.162120e-20
6.676367e+02;1.162052e-20
6.676867e+02;1.161983e-20
6.677367e+02;1.161915e-20
6.677867e+02;1.161847e-20
6.678367e+02;1.161778e-20
6.678867e+02;1.161710e-20
6.679367e+02;1.161642e-20
6.679867e+02;1.161573e-20
6.680367e+02;1.161505e-20
6.680867e+02;1.161437e-20
6.681367e+02;1.161368e-20
6.681867e+02;1.161300e-20
6.682367e+02;1.161232e-20
6.682867e+02;1.161163e-20
6.683367e+02;1.161095e-20
6.683867e+02;1.161027e-20
6.684367e+02;1.160958e-20
6.684867e+02;1.160890e-20
6.685367e+02;1.160822e-20
6.685867e+02;1.160754e-20
6.686367e+02;1.160685e-20
6.686867e+02;1.160617e-20
6.687367e+02;1.160549e-20
6.687868e+02;1.160481e-20
6.688368e+02;1.160412e-20
6.688868e+02;1.160344e-20
6.689368e+02;1.160276e-20
6.689868e+02;1.160208e-20
6.690368e+02;1.160140e-20
6.690868e+02;1.160071e-20
6.691368e+02;1.160003e-20
6.691868e+02;1.159935e-20
6.692368e+02;1.159867e-20
6.692868e+02;1.159799e-20
6.693368e+02;1.159731e-20
6.693868e+02;1.159663e-20
6.694368e+02;1.159594e-20
6.694868e+02;1.159526e-20
6.695368e+02;1.159458e-20
6.695868e+02;1.159390e-20
6.696368e+02;1.159322e-20
6.696868e+02;1.159254e-20
6.697368e+02;1.159186e-20
6.697868e+02;1.159118e-20
6.698368e+02;1.159050e-20
6.698868e+02;1.158982e-20
6.699368e+02;1.158914e-20
6.699868e+02;1.158846e-20
6.700368e+02;1.158778e-20
6.700868e+02;1.158710e-20
6.701368e+02;1.158642e-20
6.701868e+02;1.158573e-20
6.702368e+02;1.158505e-20
6.702868e+02;1.158438e-20
6.703368e+02;1.158370e-20
6.703868e+02;1.158302e-20
6.704368e+02;1.158234e-20
6.704868e+02;1.158166e-20
6.705368e+02;1.158098e-20
6.705868e+02;1.158030e-20
6.706368e+02;1.157962e-20
6.706868e+02;1.157894e-20
6.707368e+02;1.157826e-20
6.707868e+02;1.157758e-20
6.708368e+02;1.157690e-20
6.708868e+02;1.157622e-20
6.709368e+02;1.157554e-20
6.709868e+02;1.157486e-20
6.710368e+02;1.157419e-20
6.710868e+02;1.157351e-20
6.711368e+02;1.157283e-20
6.711868e+02;1.157215e-20
6.712368e+02;1.157147e-20
6.712869e+02;1.157079e-20
6.713369e+02;1.157011e-20
6.713869e+02;1.156944e-20
6.714369e+02;1.156876e-20
6.714869e+02;1.156808e-20
6.715369e+02;1.156740e-20
6.715869e+02;1.156672e-20
6.716369e+02;1.156605e-20
6.716869e+02;1.156537e-20
6.717369e+02;1.156469e-20
6.717869e+02;1.156401e-20
6.718369e+02;1.156334e-20
6.718869e+02;1.156266e-20
6.719369e+02;1.156198e-20
6.719869e+02;1.156130e-20
6.720369e+02;1.156063e-20
6.720869e+02;1.155995e-20
6.721369e+02;1.155927e-20
6.721869e+02;1.155860e-20
6.722369e+02;1.155792e-20
6.722869e+02;1.155724e-20
6.723369e+02;1.155657e-20
6.723869e+02;1.155589e-20
6.724369e+02;1.155521e-20
6.724869e+02;1.155454e-20
6.725369e+02;1.155386e-20
6.725869e+02;1.155318e-20
6.726369e+02;1.155251e-20
6.726869e+02;1.155183e-20
6.727369e+02;1.155115e-20
6.727869e+02;1.155048e-20
6.728369e+02;1.154980e-20
6.728869e+02;1.154913e-20
6.729369e+02;1.154845e-20
6.729869e+02;1.154777e-20
6.730369e+02;1.154710e-20
6.730869e+02;1.154642e-20
6.731369e+02;1.154575e-20
6.731869e+02;1.154507e-20
6.732369e+02;1.154440e-20
6.732869e+02;1.154372e-20
6.733369e+02;1.154305e-20
6.733869e+02;1.154237e-20
6.734369e+02;1.154170e-20
6.734869e+02;1.154102e-20
6.735369e+02;1.154035e-20
6.735869e+02;1.153967e-20
6.736369e+02;1.153900e-20
6.736869e+02;1.153832e-20
6.737369e+02;1.153765e-20
6.737870e+02;1.153697e-20
6.738370e+02;1.153630e-20
6.738870e+02;1.153563e-20
6.739370e+02;1.153495e-20
6.739870e+02;1.153428e-20
6.740370e+02;1.153360e-20
6.740870e+02;1.153293e-20
6.741370e+02;1.153225e-20
6.741870e+02;1.153158e-20
6.742370e+02;1.153091e-20
6.742870e+02;1.153023e-20
6.743370e+02;1.152956e-20
6.743870e+02;1.152889e-20
6.744370e+02;1.152821e-20
6.744870e+02;1.152754e-20
6.745370e+02;1.152687e-20
6.745870e+02;1.152619e-20
6.746370e+02;1.152552e-20
6.746870e+02;1.152485e-20
6.747370e+02;1.152417e-20
6.747870e+02;1.152350e-20
6.748370e+02;1.152283e-20
6.748870e+02;1.152215e-20
6.749370e+02;1.152148e-20
6.749870e+02;1.152081e-20
6.750370e+02;1.152014e-20
6.750870e+02;1.151946e-20
6.751370e+02;1.151879e-20
6.751870e+02;1.151812e-20
6.752370e+02;1.151745e-20
6.752870e+02;1.151677e-20
6.753370e+02;1.151610e-20
6.753870e+02;1.151543e-20
6.754370e+02;1.151476e-20
6.754870e+02;1.151409e-20
6.755370e+02;1.151342e-20
6.755870e+02;1.151274e-20
6.756370e+02;1.151207e-20
6.756870e+02;1.151140e-20
6.757370e+02;1.151073e-20
6.757870e+02;1.151006e-20
6.758370e+02;1.150939e-20
6.758870e+02;1.150871e-20
6.759370e+02;1.150804e-20
6.759870e+02;1.150737e-20
6.760370e+02;1.150670e-20
6.760870e+02;1.150603e-20
6.761370e+02;1.150536e-20
6.761870e+02;1.150469e-20
6.762370e+02;1.150402e-20
6.762871e+02;1.150335e-20
6.763371e+02;1.150268e-20
6.763871e+02;1.150201e-20
6.764371e+02;1.150134e-20
6.764871e+02;1.150067e-20
6.765371e+02;1.150000e-20
6.765871e+02;1.149932e-20
6.766371e+02;1.149865e-20
6.766871e+02;1.149798e-20
6.767371e+02;1.149731e-20
6.767871e+02;1.149664e-20
6.768371e+02;1.149598e-20
6.768871e+02;1.149531e-20
6.769371e+02;1.149464e-20
6.769871e+02;1.149397e-20
6.770371e+02;1.149330e-20
6.770871e+02;1.149263e-20
6.771371e+02;1.149196e-20
6.771871e+02;1.149129e-20
6.772371e+02;1.149062e-20
6.772871e+02;1.148995e-20
6.773371e+02;1.148928e-20
6.773871e+02;1.148861e-20
6.774371e+02;1.148794e-20
6.774871e+02;1.148727e-20
6.775371e+02;1.148661e-20
6.775871e+02;1.148594e-20
6.776371e+02;1.148527e-20
6.776871e+02;1.148460e-20
6.777371e+02;1.148393e-20
6.777871e+02;1.148326e-20
6.778371e+02;1.148259e-20
6.778871e+02;1.148193e-20
6.779371e+02;1.148126e-20
6.779871e+02;1.148059e-20
6.780371e+02;1.147992e-20
6.780871e+02;1.147925e-20
6.781371e+02;1.147859e-20
6.781871e+02;1.147792e-20
6.782371e+02;1.147725e-20
6.782871e+02;1.147658e-20
6.783371e+02;1.147592e-20
6.783871e+02;1.147525e-20
6.784371e+02;1.147458e-20
6.784871e+02;1.147391e-20
6.785371e+02;1.147325e-20
6.785871e+02;1.147258e-20
6.786371e+02;1.147191e-20
6.786871e+02;1.147125e-20
6.787371e+02;1.147058e-20
6.787872e+02;1.146991e-20
6.788372e+02;1.146925e-20
6.788872e+02;1.146858e-20
6.789372e+02;1.146791e-20
6.789872e+02;1.146725e-20
6.790372e+02;1.146658e-20
6.790872e+02;1.146591e-20
6.791372e+02;1.146525e-20
6.791872e+02;1.146458e-20
6.792372e+02;1.146391e-20
6.792872e+02;1.146325e-20
6.793372e+02;1.146258e-20
6.793872e+02;1.146192e-20
6.794372e+02;1.146125e-20
6.794872e+02;1.146058e-20
6.795372e+02;1.145992e-20
6.795872e+02;1.145925e-20
6.796372e+02;1.145859e-20
6.796872e+02;1.145792e-20
6.797372e+02;1.145726e-20
6.797872e+02;1.145659e-20
6.798372e+02;1.145593e-20
6.798872e+02;1.145526e-20
6.799372e+02;1.145460e-20
6.799872e+02;1.145393e-20
6.800372e+02;1.145327e-20
6.800872e+02;1.145260e-20
6.801372e+02;1.145194e-20
6.801872e+02;1.145127e-20
6.802372e+02;1.145061e-20
6.802872e+02;1.144994e-20
6.803372e+02;1.144928e-20
6.803872e+02;1.144861e-20
6.804372e+02;1.144795e-20
6.804872e+02;1.144728e-20
6.805372e+02;1.144662e-20
6.805872e+02;1.144596e-20
6.806372e+02;1.144529e-20
6.806872e+02;1.144463e-20
6.807372e+02;1.144396e-20
6.807872e+02;1.144330e-20
6.808372e+02;1.144264e-20
6.808872e+02;1.144197e-20
6.809372e+02;1.144131e-20
6.809872e+02;1.144065e-20
6.810372e+02;1.143998e-20
6.810872e+02;1.143932e-20
6.811372e+02;1.143866e-20
6.811872e+02;1.143799e-20
6.812372e+02;1.143733e-20
6.812873e+02;1.143667e-20
6.813373e+02;1.143600e-20
6.813873e+02;1.143534e-20
6.814373e+02;1.143468e-20
6.814873e+02;1.143401e-20
6.815373e+02;1.143335e-20
6.815873e+02;1.143269e-20
6.816373e+02;1.143203e-20
6.816873e+02;1.143136e-20
6.817373e+02;1.143070e-20
6.817873e+02;1.143004e-20
6.818373e+02;1.142938e-20
6.818873e+02;1.142871e-20
6.819373e+02;1.142805e-20
6.819873e+02;1.142739e-20
6.820373e+02;1.142673e-20
6.820873e+02;1.142607e-20
6.821373e+02;1.142541e-20
6.821873e+02;1.142474e-20
6.822373e+02;1.142408e-20
6.822873e+02;1.142342e-20
6.823373e+02;1.142276e-20
6.823873e+02;1.142210e-20
6.824373e+02;1.142144e-20
6.824873e+02;1.142077e-20
6.825373e+02;1.142011e-20
6.825873e+02;1.141945e-20
6.826373e+02;1.141879e-20
6.826873e+02;1.141813e-20
6.827373e+02;1.141747e-20
6.827873e+02;1.141681e-20
6.828373e+02;1.141615e-20
6.828873e+02;1.141549e-20
6.829373e+02;1.141483e-20
6.829873e+02;1.141417e-20
6.830373e+02;1.141351e-20
6.830873e+02;1.141285e-20
6.831373e+02;1.141219e-20
6.831873e+02;1.141152e-20
6.832373e+02;1.141086e-20
6.832873e+02;1.141020e-20
6.833373e+02;1.140954e-20
6.833873e+02;1.140888e-20
6.834373e+02;1.140822e-20
6.834873e+02;1.140757e-20
6.835373e+02;1.140691e-20
6.835873e+02;1.140625e-20
6.836373e+02;1.140559e-20
6.836873e+02;1.140493e-20
6.837373e+02;1.140427e-20
6.837874e+02;1.140361e-20
6.838374e+02;1.140295e-20
6.838874e+02;1.140229e-20
6.839374e+02;1.140163e-20
6.839874e+02;1.140097e-20
6.840374e+02;1.140031e-20
6.840874e+02;1.139965e-20
6.841374e+02;1.139899e-20
6.841874e+02;1.139834e-20
6.842374e+02;1.139768e-20
6.842874e+02;1.139702e-20
6.843374e+02;1.139636e-20
6.843874e+02;1.139570e-20
6.844374e+02;1.139504e-20
6.844874e+02;1.139439e-20
6.845374e+02;1.139373e-20
6.845874e+02;1.139307e-20
6.846374e+02;1.139241e-20
6.846874e+02;1.139175e-20
6.847374e+02;1.139110e-20
6.847874e+02;1.139044e-20
6.848374e+02;1.138978e-20
6.848874e+02;1.138912e-20
6.849374e+02;1.138846e-20
6.849874e+02;1.138781e-20
6.850374e+02;1.138715e-20
6.850874e+02;1.138649e-20
6.851374e+02;1.138583e-20
6.851874e+02;1.138518e-20
6.852374e+02;1.138452e-20
6.852874e+02;1.138386e-20
6.853374e+02;1.138321e-20
6.853874e+02;1.138255e-20
6.854374e+02;1.138189e-20
6.854874e+02;1.138124e-20
6.855374e+02;1.138058e-20
6.855874e+02;1.137992e-20
6.856374e+02;1.137927e-20
6.856874e+02;1.137861e-20
6.857374e+02;1.137795e-20
6.857874e+02;1.137730e-20
6.858374e+02;1.137664e-20
6.858874e+02;1.137598e-20
6.859374e+02;1.137533e-20
6.859874e+02;1.137467e-20
6.860374e+02;1.137402e-20
6.860874e+02;1.137336e-20
6.861374e+02;1.137270e-20
6.861874e+02;1.137205e-20
6.862374e+02;1.137139e-20
6.862875e+02;1.137074e-20
6.863375e+02;1.137008e-20
6.863875e+02;1.136943e-20
6.864375e+02;1.136877e-20
6.864875e+02;1.136811e-20
6.865375e+02;1.136746e-20
6.865875e+02;1.136680e-20
6.866375e+02;1.136615e-20
6.866875e+02;1.136549e-20
6.867375e+02;1.136484e-20
6.867875e+02;1.136418e-20
6.868375e+02;1.136353e-20
6.868875e+02;1.136288e-20
6.869375e+02;1.136222e-20
6.869875e+02;1.136157e-20
6.870375e+02;1.136091e-20
6.870875e+02;1.136026e-20
6.871375e+02;1.135960e-20
6.871875e+02;1.135895e-20
6.872375e+02;1.135829e-20
6.872875e+02;1.135764e-20
6.873375e+02;1.135699e-20
6.873875e+02;1.135633e-20
6.874375e+02;1.135568e-20
6.874875e+02;1.135502e-20
6.875375e+02;1.135437e-20
6.875875e+02;1.135372e-20
6.876375e+02;1.135306e-20
6.876875e+02;1.135241e-20
6.877375e+02;1.135176e-20
6.877875e+02;1.135110e-20
6.878375e+02;1.135045e-20
6.878875e+02;1.134980e-20
6.879375e+02;1.134914e-20
6.879875e+02;1.134849e-20
6.880375e+02;1.134784e-20
6.880875e+02;1.134718e-20
6.881375e+02;1.134653e-20
6.881875e+02;1.134588e-20
6.882375e+02;1.134523e-20
6.882875e+02;1.134457e-20
6.883375e+02;1.134392e-20
6.883875e+02;1.134327e-20
6.884375e+02;1.134262e-20
6.884875e+02;1.134196e-20
6.885375e+02;1.134131e-20
6.885875e+02;1.134066e-20
6.886375e+02;1.134001e-20
6.886875e+02;1.133935e-20
6.887375e+02;1.133870e-20
6.887876e+02;1.133805e-20
6.888376e+02;1.133740e-20
6.888876e+02;1.133675e-20
6.889376e+02;1.133609e-20
6.889876e+02;1.133544e-20
6.890376e+02;1.133479e-20
6.890876e+02;1.133414e-20
6.891376e+02;1.133349e-20
6.891876e+02;1.133284e-20
6.892376e+02;1.133219e-20
6.892876e+02;1.133153e-20
6.893376e+02;1.133088e-20
6.893876e+02;1.133023e-20
6.894376e+02;1.132958e-20
6.894876e+02;1.132893e-20
6.895376e+02;1.132828e-20
6.895876e+02;1.132763e-20
6.896376e+02;1.132698e-20
6.896876e+02;1.132633e-20
6.897376e+02;1.132568e-20
6.897876e+02;1.132503e-20
6.898376e+02;1.132438e-20
6.898876e+02;1.132373e-20
6.899376e+02;1.132308e-20
6.899876e+02;1.132243e-20
6.900376e+02;1.132178e-20
6.900876e+02;1.132113e-20
6.901376e+02;1.132048e-20
6.901876e+02;1.131983e-20
6.902376e+02;1.131918e-20
6.902876e+02;1.131853e-20
6.903376e+02;1.131788e-20
6.903876e+02;1.131723e-20
6.904376e+02;1.131658e-20
6.904876e+02;1.131593e-20
6.905376e+02;1.131528e-20
6.905876e+02;1.131463e-20
6.906376e+02;1.131398e-20
6.906876e+02;1.131333e-20
6.907376e+02;1.131268e-20
6.907876e+02;1.131203e-20
6.908376e+02;1.131138e-20
6.908876e+02;1.131074e-20
6.909376e+02;1.131009e-20
6.909876e+02;1.130944e-20
6.910376e+02;1.130879e-20
6.910876e+02;1.130814e-20
6.911376e+02;1.130749e-20
6.911876e+02;1.130684e-20
6.912376e+02;1.130620e-20
6.912877e+02;1.130555e-20
6.913377e+02;1.130490e-20
6.913877e+02;1.130425e-20
6.914377e+02;1.130360e-20
6.914877e+02;1.130295e-20
6.915377e+02;1.130231e-20
6.915877e+02;1.130166e-20
6.916377e+02;1.130101e-20
6.916877e+02;1.130036e-20
6.917377e+02;1.129972e-20
6.917877e+02;1.129907e-20
6.918377e+02;1.129842e-20
6.918877e+02;1.129777e-20
6.919377e+02;1.129713e-20
6.919877e+02;1.129648e-20
6.920377e+02;1.129583e-20
6.920877e+02;1.129518e-20
6.921377e+02;1.129454e-20
6.921877e+02;1.129389e-20
6.922377e+02;1.129324e-20
6.922877e+02;1.129260e-20
6.923377e+02;1.129195e-20
6.923877e+02;1.129130e-20
6.924377e+02;1.129066e-20
6.924877e+02;1.129001e-20
6.925377e+02;1.128936e-20
6.925877e+02;1.128872e-20
6.926377e+02;1.128807e-20
6.926877e+02;1.128742e-20
6.927377e+02;1.128678e-20
6.927877e+02;1.128613e-20
6.928377e+02;1.128549e-20
6.928877e+02;1.128484e-20
6.929377e+02;1.128419e-20
6.929877e+02;1.128355e-20
6.930377e+02;1.128290e-20
6.930877e+02;1.128226e-20
6.931377e+02;1.128161e-20
6.931877e+02;1.128097e-20
6.932377e+02;1.128032e-20
6.932877e+02;1.127968e-20
6.933377e+02;1.127903e-20
6.933877e+02;1.127838e-20
6.934377e+02;1.127774e-20
6.934877e+02;1.127709e-20
6.935377e+02;1.127645e-20
6.935877e+02;1.127580e-20
6.936377e+02;1.127516e-20
6.936877e+02;1.127452e-20
6.937377e+02;1.127387e-20
6.937878e+02;1.127323e-20
6.938378e+02;1.127258e-20
6.938878e+02;1.127194e-20
6.939378e+02;1.127129e-20
6.939878e+02;1.127065e-20
6.940378e+02;1.127000e-20
6.940878e+02;1.126936e-20
6.941378e+02;1.126872e-20
6.941878e+02;1.126807e-20
6.942378e+02;1.126743e-20
6.942878e+02;1.126678e-20
6.943378e+02;1.126614e-20
6.943878e+02;1.126550e-20
6.944378e+02;1.126485e-20
6.944878e+02;1.126421e-20
6.945378e+02;1.126356e-20
6.945878e+02;1.126292e-20
6.946378e+02;1.126228e-20
6.946878e+02;1.126163e-20
6.947378e+02;1.126099e-20
6.947878e+02;1.126035e-20
6.948378e+02;1.125970e-20
6.948878e+02;1.125906e-20
6.949378e+02;1.125842e-20
6.949878e+02;1.125778e-20
6.950378e+02;1.125713e-20
6.950878e+02;1.125649e-20
6.951378e+02;1.125585e-20
6.951878e+02;1.125520e-20
6.952378e+02;1.125456e-20
6.952878e+02;1.125392e-20
6.953378e+02;1.125328e-20
6.953878e+02;1.125263e-20
6.954378e+02;1.125199e-20
6.954878e+02;1.125135e-20
6.955378e+02;1.125071e-20
6.955878e+02;1.125007e-20
6.956378e+02;1.124942e-20
6.956878e+02;1.124878e-20
6.957378e+02;1.124814e-20
6.957878e+02;1.124750e-20
6.958378e+02;1.124686e-20
6.958878e+02;1.124622e-20
6.959378e+02;1.124557e-20
6.959878e+02;1.124493e-20
6.960378e+02;1.124429e-20
6.960878e+02;1.124365e-20
6.961378e+02;1.124301e-20
6.961878e+02;1.124237e-20
6.962378e+02;1.124173e-20
6.962879e+02;1.124108e-20
6.963379e+02;1.124044e-20
6.963879e+02;1.123980e-20
6.964379e+02;1.123916e-20
6.964879e+02;1.123852e-20
6.965379e+02;1.123788e-20
6.965879e+02;1.123724e-20
6.966379e+02;1.123660e-20
6.966879e+02;1.123596e-20
6.967379e+02;1.123532e-20
6.967879e+02;1.123468e-20
6.968379e+02;1.123404e-20
6.968879e+02;1.123340e-20
6.969379e+02;1.123276e-20
6.969879e+02;1.123212e-20
6.970379e+02;1.123148e-20
6.970879e+02;1.123084e-20
6.971379e+02;1.123020e-20
6.971879e+02;1.122956e-20
6.972379e+02;1.122892e-20
6.972879e+02;1.122828e-20
6.973379e+02;1.122764e-20
6.973879e+02;1.122700e-20
6.974379e+02;1.122636e-20
6.974879e+02;1.122572e-20
6.975379e+02;1.122508e-20
6.975879e+02;1.122444e-20
6.976379e+02;1.122380e-20
6.976879e+02;1.122316e-20
6.977379e+02;1.122253e-20
6.977879e+02;1.122189e-20
6.978379e+02;1.122125e-20
6.978879e+02;1.122061e-20
6.979379e+02;1.121997e-20
6.979879e+02;1.121933e-20
6.980379e+02;1.121869e-20
6.980879e+02;1.121805e-20
6.981379e+02;1.121742e-20
6.981879e+02;1.121678e-20
6.982379e+02;1.121614e-20
6.982879e+02;1.121550e-20
6.983379e+02;1.121486e-20
6.983879e+02;1.121423e-20
6.984379e+02;1.121359e-20
6.984879e+02;1.121295e-20
6.985379e+02;1.121231e-20
6.985879e+02;1.121167e-20
6.986379e+02;1.121104e-20
6.986879e+02;1.121040e-20
6.987379e+02;1.120976e-20
6.987880e+02;1.120912e-20
6.988380e+02;1.120849e-20
6.988880e+02;1.120785e-20
6.989380e+02;1.120721e-20
6.989880e+02;1.120657e-20
6.990380e+02;1.120594e-20
6.990880e+02;1.120530e-20
6.991380e+02;1.120466e-20
6.991880e+02;1.120403e-20
6.992380e+02;1.120339e-20
6.992880e+02;1.120275e-20
6.993380e+02;1.120212e-20
6.993880e+02;1.120148e-20
6.994380e+02;1.120084e-20
6.994880e+02;1.120021e-20
6.995380e+02;1.119957e-20
6.995880e+02;1.119893e-20
6.996380e+02;1.119830e-20
6.996880e+02;1.119766e-20
6.997380e+02;1.119702e-20
6.997880e+02;1.119639e-20
6.998380e+02;1.119575e-20
6.998880e+02;1.119512e-20
6.999380e+02;1.119448e-20
6.999880e+02;1.119384e-20
7.000380e+02;1.119321e-20
7.000880e+02;1.119257e-20
7.001380e+02;1.119194e-20
7.001880e+02;1.119130e-20
7.002380e+02;1.119067e-20
7.002880e+02;1.119003e-20
7.003380e+02;1.118940e-20
7.003880e+02;1.118876e-20
7.004380e+02;1.118813e-20
7.004880e+02;1.118749e-20
7.005380e+02;1.118686e-20
7.005880e+02;1.118622e-20
7.006380e+02;1.118559e-20
7.006880e+02;1.118495e-20
7.007380e+02;1.118432e-20
7.007880e+02;1.118368e-20
7.008380e+02;1.118305e-20
7.008880e+02;1.118241e-20
7.009380e+02;1.118178e-20
7.009880e+02;1.118114e-20
7.010380e+02;1.118051e-20
7.010880e+02;1.117988e-20
7.011380e+02;1.117924e-20
7.011880e+02;1.117861e-20
7.012380e+02;1.117797e-20
7.012881e+02;1.117734e-20
7.013381e+02;1.117670e-20
7.013881e+02;1.117607e-20
7.014381e+02;1.117544e-20
7.014881e+02;1.117480e-20
7.015381e+02;1.117417e-20
7.015881e+02;1.117354e-20
7.016381e+02;1.117290e-20
7.016881e+02;1.117227e-20
7.017381e+02;1.117164e-20
7.017881e+02;1.117100e-20
7.018381e+02;1.117037e-20
7.018881e+02;1.116974e-20
7.019381e+02;1.116910e-20
7.019881e+02;1.116847e-20
7.020381e+02;1.116784e-20
7.020881e+02;1.116721e-20
7.021381e+02;1.116657e-20
7.021881e+02;1.116594e-20
7.022381e+02;1.116531e-20
7.022881e+02;1.116467e-20
7.023381e+02;1.116404e-20
7.023881e+02;1.116341e-20
7.024381e+02;1.116278e-20
7.024881e+02;1.116215e-20
7.025381e+02;1.116151e-20
7.025881e+02;1.116088e-20
7.026381e+02;1.116025e-20
7.026881e+02;1.115962e-20
7.027381e+02;1.115898e-20
7.027881e+02;1.115835e-20
7.028381e+02;1.115772e-20
7.028881e+02;1.115709e-20
7.029381e+02;1.115646e-20
7.029881e+02;1.115583e-20
7.030381e+02;1.115519e-20
7.030881e+02;1.115456e-20
7.031381e+02;1.115393e-20
7.031881e+02;1.115330e-20
7.032381e+02;1.115267e-20
7.032881e+02;1.115204e-20
7.033381e+02;1.115141e-20
7.033881e+02;1.115078e-20
7.034381e+02;1.115015e-20
7.034881e+02;1.114951e-20
7.035381e+02;1.114888e-20
7.035881e+02;1.114825e-20
7.036381e+02;1.114762e-20
7.036881e+02;1.114699e-20
7.037381e+02;1.114636e-20
7.037882e+02;1.114573e-20
7.038382e+02;1.114510e-20
7.038882e+02;1.114447e-20
7.039382e+02;1.114384e-20
7.039882e+02;1.114321e-20
7.040382e+02;1.114258e-20
7.040882e+02;1.114195e-20
7.041382e+02;1.114132e-20
7.041882e+02;1.114069e-20
7.042382e+02;1.114006e-20
7.042882e+02;1.113943e-20
7.043382e+02;1.113880e-20
7.043882e+02;1.113817e-20
7.044382e+02;1.113754e-20
7.044882e+02;1.113691e-20
7.045382e+02;1.113628e-20
7.045882e+02;1.113565e-20
7.046382e+02;1.113502e-20
7.046882e+02;1.113439e-20
7.047382e+02;1.113377e-20
7.047882e+02;1.113314e-20
7.048382e+02;1.113251e-20
7.048882e+02;1.113188e-20
7.049382e+02;1.113125e-20
7.049882e+02;1.113062e-20
7.050382e+02;1.112999e-20
7.050882e+02;1.112936e-20
7.051382e+02;1.112873e-20
7.051882e+02;1.112811e-20
7.052382e+02;1.112748e-20
7.052882e+02;1.112685e-20
7.053382e+02;1.112622e-20
7.053882e+02;1.112559e-20
7.054382e+02;1.112496e-20
7.054882e+02;1.112434e-20
7.055382e+02;1.112371e-20
7.055882e+02;1.112308e-20
7.056382e+02;1.112245e-20
7.056882e+02;1.112183e-20
7.057382e+02;1.112120e-20
7.057882e+02;1.112057e-20
7.058382e+02;1.111994e-20
7.058882e+02;1.111931e-20
7.059382e+02;1.111869e-20
7.059882e+02;1.111806e-20
7.060382e+02;1.111743e-20
7.060882e+02;1.111681e-20
7.061382e+02;1.111618e-20
7.061882e+02;1.111555e-20
7.062382e+02;1.111492e-20
7.062883e+02;1.111430e-20
7.063383e+02;1.111367e-20
7.063883e+02;1.111304e-20
7.064383e+02;1.111242e-20
7.064883e+02;1.111179e-20
7.065383e+02;1.111116e-20
7.065883e+02;1.111054e-20
7.066383e+02;1.110991e-20
7.066883e+02;1.110928e-20
7.067383e+02;1.110866e-20
7.067883e+02;1.110803e-20
7.068383e+02;1.110740e-20
7.068883e+02;1.110678e-20
7.069383e+02;1.110615e-20
7.069883e+02;1.110553e-20
7.070383e+02;1.110490e-20
7.070883e+02;1.110427e-20
7.071383e+02;1.110365e-20
7.071883e+02;1.110302e-20
7.072383e+02;1.110240e-20
7.072883e+02;1.110177e-20
7.073383e+02;1.110115e-20
7.073883e+02;1.110052e-20
7.074383e+02;1.109990e-20
7.074883e+02;1.109927e-20
7.075383e+02;1.109865e-20
7.075883e+02;1.109802e-20
7.076383e+02;1.109740e-20
7.076883e+02;1.109677e-20
7.077383e+02;1.109615e-20
7.077883e+02;1.109552e-20
7.078383e+02;1.109490e-20
7.078883e+02;1.109427e-20
7.079383e+02;1.109365e-20
7.079883e+02;1.109302e-20
7.080383e+02;1.109240e-20
7.080883e+02;1.109177e-20
7.081383e+02;1.109115e-20
7.081883e+02;1.109052e-20
7.082383e+02;1.108990e-20
7.082883e+02;1.108928e-20
7.083383e+02;1.108865e-20
7.083883e+02;1.108803e-20
7.084383e+02;1.108740e-20
7.084883e+02;1.108678e-20
7.085383e+02;1.108616e-20
7.085883e+02;1.108553e-20
7.086383e+02;1.108491e-20
7.086883e+02;1.108428e-20
7.087383e+02;1.108366e-20
7.087884e+02;1.108304e-20
7.088384e+02;1.108241e-20
7.088884e+02;1.108179e-20
7.089384e+02;1.108117e-20
7.089884e+02;1.108054e-20
7.090384e+02;1.107992e-20
7.090884e+02;1.107930e-20
7.091384e+02;1.107867e-20
7.091884e+02;1.107805e-20
7.092384e+02;1.107743e-20
7.092884e+02;1.107681e-20
7.093384e+02;1.107618e-20
7.093884e+02;1.107556e-20
7.094384e+02;1.107494e-20
7.094884e+02;1.107431e-20
7.095384e+02;1.107369e-20
7.095884e+02;1.107307e-20
7.096384e+02;1.107245e-20
7.096884e+02;1.107183e-20
7.097384e+02;1.107120e-20
7.097884e+02;1.107058e-20
7.098384e+02;1.106996e-20
7.098884e+02;1.106934e-20
7.099384e+02;1.106871e-20
7.099884e+02;1.106809e-20
7.100384e+02;1.106747e-20
7.100884e+02;1.106685e-20
7.101384e+02;1.106623e-20
7.101884e+02;1.106561e-20
7.102384e+02;1.106498e-20
7.102884e+02;1.106436e-20
7.103384e+02;1.106374e-20
7.103884e+02;1.106312e-20
7.104384e+02;1.106250e-20
7.104884e+02;1.106188e-20
7.105384e+02;1.106126e-20
7.105884e+02;1.106064e-20
7.106384e+02;1.106001e-20
7.106884e+02;1.105939e-20
7.107384e+02;1.105877e-20
7.107884e+02;1.105815e-20
7.108384e+02;1.105753e-20
7.108884e+02;1.105691e-20
7.109384e+02;1.105629e-20
7.109884e+02;1.105567e-20
7.110384e+02;1.105505e-20
7.110884e+02;1.105443e-20
7.111384e+02;1.105381e-20
7.111884e+02;1.105319e-20
7.112384e+02;1.105257e-20
7.112885e+02;1.105195e-20
7.113385e+02;1.105133e-20
7.113885e+02;1.105071e-20
7.114385e+02;1.105009e-20
7.114885e+02;1.104947e-20
7.115385e+02;1.104885e-20
7.115885e+02;1.104823e-20
7.116385e+02;1.104761e-20
7.116885e+02;1.104699e-20
7.117385e+02;1.104637e-20
7.117885e+02;1.104575e-20
7.118385e+02;1.104513e-20
7.118885e+02;1.104451e-20
7.119385e+02;1.104389e-20
7.119885e+02;1.104327e-20
7.120385e+02;1.104266e-20
7.120885e+02;1.104204e-20
7.121385e+02;1.104142e-20
7.121885e+02;1.104080e-20
7.122385e+02;1.104018e-20
7.122885e+02;1.103956e-20
7.123385e+02;1.103894e-20
7.123885e+02;1.103832e-20
7.124385e+02;1.103771e-20
7.124885e+02;1.103709e-20
7.125385e+02;1.103647e-20
7.125885e+02;1.103585e-20
7.126385e+02;1.103523e-20
7.126885e+02;1.103461e-20
7.127385e+02;1.103400e-20
7.127885e+02;1.103338e-20
7.128385e+02;1.103276e-20
7.128885e+02;1.103214e-20
7.129385e+02;1.103152e-20
7.129885e+02;1.103091e-20
7.130385e+02;1.103029e-20
7.130885e+02;1.102967e-20
7.131385e+02;1.102905e-20
7.131885e+02;1.102844e-20
7.132385e+02;1.102782e-20
7.132885e+02;1.102720e-20
7.133385e+02;1.102658e-20
7.133885e+02;1.102597e-20
7.134385e+02;1.102535e-20
7.134885e+02;1.102473e-20
7.135385e+02;1.102411e-20
7.135885e+02;1.102350e-20
7.136385e+02;1.102288e-20
7.136885e+02;1.102226e-20
7.137385e+02;1.102165e-20
7.137886e+02;1.102103e-20
7.138386e+02;1.102041e-20
7.138886e+02;1.101980e-20
7.139386e+02;1.101918e-20
7.139886e+02;1.101856e-20
7.140386e+02;1.101795e-20
7.140886e+02;1.101733e-20
7.141386e+02;1.101672e-20
7.141886e+02;1.101610e-20
7.142386e+02;1.101548e-20
7.142886e+02;1.101487e-20
7.143386e+02;1.101425e-20
7.143886e+02;1.101364e-20
7.144386e+02;1.101302e-20
7.144886e+02;1.101240e-20
7.145386e+02;1.101179e-20
7.145886e+02;1.101117e-20
7.146386e+02;1.101056e-20
7.146886e+02;1.100994e-20
7.147386e+02;1.100933e-20
7.147886e+02;1.100871e-20
7.148386e+02;1.100810e-20
7.148886e+02;1.100748e-20
7.149386e+02;1.100687e-20
7.149886e+02;1.100625e-20
7.150386e+02;1.100564e-20
7.150886e+02;1.100502e-20
7.151386e+02;1.100441e-20
7.151886e+02;1.100379e-20
7.152386e+02;1.100318e-20
7.152886e+02;1.100256e-20
7.153386e+02;1.100195e-20
7.153886e+02;1.100133e-20
7.154386e+02;1.100072e-20
7.154886e+02;1.100010e-20
7.155386e+02;1.099949e-20
7.155886e+02;1.099887e-20
7.156386e+02;1.099826e-20
7.156886e+02;1.099765e-20
7.157386e+02;1.099703e-20
7.157886e+02;1.099642e-20
7.158386e+02;1.099580e-20
7.158886e+02;1.099519e-20
7.159386e+02;1.099458e-20
7.159886e+02;1.099396e-20
7.160386e+02;1.099335e-20
7.160886e+02;1.099274e-20
7.161386e+02;1.099212e-20
7.161886e+02;1.099151e-20
7.162386e+02;1.099089e-20
7.162887e+02;1.099028e-20
7.163387e+02;1.098967e-20
7.163887e+02;1.098906e-20
7.164387e+02;1.098844e-20
7.164887e+02;1.098783e-20
7.165387e+02;1.098722e-20
7.165887e+02;1.098660e-20
7.166387e+02;1.098599e-20
7.166887e+02;1.098538e-20
7.167387e+02;1.098476e-20
7.167887e+02;1.098415e-20
7.168387e+02;1.098354e-20
7.168887e+02;1.098293e-20
7.169387e+02;1.098231e-20
7.169887e+02;1.098170e-20
7.170387e+02;1.098109e-20
7.170887e+02;1.098048e-20
7.171387e+02;1.097987e-20
7.171887e+02;1.097925e-20
7.172387e+02;1.097864e-20
7.172887e+02;1.097803e-20
7.173387e+02;1.097742e-20
7.173887e+02;1.097681e-20
7.174387e+02;1.097619e-20
7.174887e+02;1.097558e-20
7.175387e+02;1.097497e-20
7.175887e+02;1.097436e-20
7.176387e+02;1.097375e-20
7.176887e+02;1.097314e-20
7.177387e+02;1.097252e-20
7.177887e+02;1.097191e-20
7.178387e+02;1.097130e-20
7.178887e+02;1.097069e-20
7.179387e+02;1.097008e-20
7.179887e+02;1.096947e-20
7.180387e+02;1.096886e-20
7.180887e+02;1.096825e-20
7.181387e+02;1.096764e-20
7.181887e+02;1.096702e-20
7.182387e+02;1.096641e-20
7.182887e+02;1.096580e-20
7.183387e+02;1.096519e-20
7.183887e+02;1.096458e-20
7.184387e+02;1.096397e-20
7.184887e+02;1.096336e-20
7.185387e+02;1.096275e-20
7.185887e+02;1.096214e-20
7.186387e+02;1.096153e-20
7.186887e+02;1.096092e-20
7.187387e+02;1.096031e-20
7.187888e+02;1.095970e-20
7.188388e+02;1.095909e-20
7.188888e+02;1.095848e-20
7.189388e+02;1.095787e-20
7.189888e+02;1.095726e-20
7.190388e+02;1.095665e-20
7.190888e+02;1.095604e-20
7.191388e+02;1.095543e-20
7.191888e+02;1.095482e-20
7.192388e+02;1.095421e-20
7.192888e+02;1.095360e-20
7.193388e+02;1.095300e-20
7.193888e+02;1.095239e-20
7.194388e+02;1.095178e-20
7.194888e+02;1.095117e-20
7.195388e+02;1.095056e-20
7.195888e+02;1.094995e-20
7.196388e+02;1.094934e-20
7.196888e+02;1.094873e-20
7.197388e+02;1.094812e-20
7.197888e+02;1.094751e-20
7.198388e+02;1.094691e-20
7.198888e+02;1.094630e-20
7.199388e+02;1.094569e-20
7.199888e+02;1.094508e-20
7.200388e+02;1.094447e-20
7.200888e+02;1.094386e-20
7.201388e+02;1.094326e-20
7.201888e+02;1.094265e-20
7.202388e+02;1.094204e-20
7.202888e+02;1.094143e-20
7.203388e+02;1.094082e-20
7.203888e+02;1.094022e-20
7.204388e+02;1.093961e-20
7.204888e+02;1.093900e-20
7.205388e+02;1.093839e-20
7.205888e+02;1.093779e-20
7.206388e+02;1.093718e-20
7.206888e+02;1.093657e-20
7.207388e+02;1.093596e-20
7.207888e+02;1.093536e-20
7.208388e+02;1.093475e-20
7.208888e+02;1.093414e-20
7.209388e+02;1.093353e-20
7.209888e+02;1.093293e-20
7.210388e+02;1.093232e-20
7.210888e+02;1.093171e-20
7.211388e+02;1.093111e-20
7.211888e+02;1.093050e-20
7.212388e+02;1.092989e-20
7.212889e+02;1.092929e-20
7.213389e+02;1.092868e-20
7.213889e+02;1.092807e-20
7.214389e+02;1.092747e-20
7.214889e+02;1.092686e-20
7.215389e+02;1.092625e-20
7.215889e+02;1.092565e-20
7.216389e+02;1.092504e-20
7.216889e+02;1.092444e-20
7.217389e+02;1.092383e-20
7.217889e+02;1.092322e-20
7.218389e+02;1.092262e-20
7.218889e+02;1.092201e-20
7.219389e+02;1.092141e-20
7.219889e+02;1.092080e-20
7.220389e+02;1.092019e-20
7.220889e+02;1.091959e-20
7.221389e+02;1.091898e-20
7.221889e+02;1.091838e-20
7.222389e+02;1.091777e-20
7.222889e+02;1.091717e-20
7.223389e+02;1.091656e-20
7.223889e+02;1.091596e-20
7.224389e+02;1.091535e-20
7.224889e+02;1.091475e-20
7.225389e+02;1.091414e-20
7.225889e+02;1.091354e-20
7.226389e+02;1.091293e-20
7.226889e+02;1.091233e-20
7.227389e+02;1.091172e-20
7.227889e+02;1.091112e-20
7.228389e+02;1.091051e-20
7.228889e+02;1.090991e-20
7.229389e+02;1.090930e-20
7.229889e+02;1.090870e-20
7.230389e+02;1.090809e-20
7.230889e+02;1.090749e-20
7.231389e+02;1.090689e-20
7.231889e+02;1.090628e-20
7.232389e+02;1.090568e-20
7.232889e+02;1.090507e-20
7.233389e+02;1.090447e-20
7.233889e+02;1.090387e-20
7.234389e+02;1.090326e-20
7.234889e+02;1.090266e-20
7.235389e+02;1.090205e-20
7.235889e+02;1.090145e-20
7.236389e+02;1.090085e-20
7.236889e+02;1.090024e-20
7.237389e+02;1.089964e-20
7.237890e+02;1.089904e-20
7.238390e+02;1.089843e-20
7.238890e+02;1.089783e-20
7.239390e+02;1.089723e-20
7.239890e+02;1.089662e-20
7.240390e+02;1.089602e-20
7.240890e+02;1.089542e-20
7.241390e+02;1.089481e-20
7.241890e+02;1.089421e-20
7.242390e+02;1.089361e-20
7.242890e+02;1.089301e-20
7.243390e+02;1.089240e-20
7.243890e+02;1.089180e-20
7.244390e+02;1.089120e-20
7.244890e+02;1.089060e-20
7.245390e+02;1.088999e-20
7.245890e+02;1.088939e-20
7.246390e+02;1.088879e-20
7.246890e+02;1.088819e-20
7.247390e+02;1.088758e-20
7.247890e+02;1.088698e-20
7.248390e+02;1.088638e-20
7.248890e+02;1.088578e-20
7.249390e+02;1.088518e-20
7.249890e+02;1.088458e-20
7.250390e+02;1.088397e-20
7.250890e+02;1.088337e-20
7.251390e+02;1.088277e-20
7.251890e+02;1.088217e-20
7.252390e+02;1.088157e-20
7.252890e+02;1.088097e-20
7.253390e+02;1.088036e-20
7.253890e+02;1.087976e-20
7.254390e+02;1.087916e-20
7.254890e+02;1.087856e-20
7.255390e+02;1.087796e-20
7.255890e+02;1.087736e-20
7.256390e+02;1.087676e-20
7.256890e+02;1.087616e-20
7.257390e+02;1.087556e-20
7.257890e+02;1.087496e-20
7.258390e+02;1.087435e-20
7.258890e+02;1.087375e-20
7.259390e+02;1.087315e-20
7.259890e+02;1.087255e-20
7.260390e+02;1.087195e-20
7.260890e+02;1.087135e-20
7.261390e+02;1.087075e-20
7.261890e+02;1.087015e-20
7.262390e+02;1.086955e-20
7.262891e+02;1.086895e-20
7.263391e+02;1.086835e-20
7.263891e+02;1.086775e-20
7.264391e+02;1.086715e-20
7.264891e+02;1.086655e-20
7.265391e+02;1.086595e-20
7.265891e+02;1.086535e-20
7.266391e+02;1.086475e-20
7.266891e+02;1.086415e-20
7.267391e+02;1.086355e-20
7.267891e+02;1.086295e-20
7.268391e+02;1.086235e-20
7.268891e+02;1.086175e-20
7.269391e+02;1.086116e-20
7.269891e+02;1.086056e-20
7.270391e+02;1.085996e-20
7.270891e+02;1.085936e-20
7.271391e+02;1.085876e-20
7.271891e+02;1.085816e-20
7.272391e+02;1.085756e-20
7.272891e+02;1.085696e-20
7.273391e+02;1.085636e-20
7.273891e+02;1.085577e-20
7.274391e+02;1.085517e-20
7.274891e+02;1.085457e-20
7.275391e+02;1.085397e-20
7.275891e+02;1.085337e-20
7.276391e+02;1.085277e-20
7.276891e+02;1.085217e-20
7.277391e+02;1.085158e-20
7.277891e+02;1.085098e-20
7.278391e+02;1.085038e-20
7.278891e+02;1.084978e-20
7.279391e+02;1.084918e-20
7.279891e+02;1.084859e-20
7.280391e+02;1.084799e-20
7.280891e+02;1.084739e-20
7.281391e+02;1.084679e-20
7.281891e+02;1.084619e-20
7.282391e+02;1.084560e-20
7.282891e+02;1.084500e-20
7.283391e+02;1.084440e-20
7.283891e+02;1.084380e-20
7.284391e+02;1.084321e-20
7.284891e+02;1.084261e-20
7.285391e+02;1.084201e-20
7.285891e+02;1.084142e-20
7.286391e+02;1.084082e-20
7.286891e+02;1.084022e-20
7.287391e+02;1.083962e-20
7.287892e+02;1.083903e-20
7.288392e+02;1.083843e-20
7.288892e+02;1.083783e-20
7.289392e+02;1.083724e-20
7.289892e+02;1.083664e-20
7.290392e+02;1.083604e-20
7.290892e+02;1.083545e-20
7.291392e+02;1.083485e-20
7.291892e+02;1.083426e-20
7.292392e+02;1.083366e-20
7.292892e+02;1.083306e-20
7.293392e+02;1.083247e-20
7.293892e+02;1.083187e-20
7.294392e+02;1.083127e-20
7.294892e+02;1.083068e-20
7.295392e+02;1.083008e-20
7.295892e+02;1.082949e-20
7.296392e+02;1.082889e-20
7.296892e+02;1.082830e-20
7.297392e+02;1.082770e-20
7.297892e+02;1.082710e-20
7.298392e+02;1.082651e-20
7.298892e+02;1.082591e-20
7.299392e+02;1.082532e-20
7.299892e+02;1.082472e-20
7.300392e+02;1.082413e-20
7.300892e+02;1.082353e-20
7.301392e+02;1.082294e-20
7.301892e+02;1.082234e-20
7.302392e+02;1.082175e-20
7.302892e+02;1.082115e-20
7.303392e+02;1.082056e-20
7.303892e+02;1.081996e-20
7.304392e+02;1.081937e-20
7.304892e+02;1.081877e-20
7.305392e+02;1.081818e-20
7.305892e+02;1.081758e-20
7.306392e+02;1.081699e-20
7.306892e+02;1.081639e-20
7.307392e+02;1.081580e-20
7.307892e+02;1.081521e-20
7.308392e+02;1.081461e-20
7.308892e+02;1.081402e-20
7.309392e+02;1.081342e-20
7.309892e+02;1.081283e-20
7.310392e+02;1.081224e-20
7.310892e+02;1.081164e-20
7.311392e+02;1.081105e-20
7.311892e+02;1.081045e-20
7.312392e+02;1.080986e-20
7.312893e+02;1.080927e-20
7.313393e+02;1.080867e-20
7.313893e+02;1.080808e-20
7.314393e+02;1.080749e-20
7.314893e+02;1.080689e-20
7.315393e+02;1.080630e-20
7.315893e+02;1.080571e-20
7.316393e+02;1.080511e-20
7.316893e+02;1.080452e-20
7.317393e+02;1.080393e-20
7.317893e+02;1.080333e-20
7.318393e+02;1.080274e-20
7.318893e+02;1.080215e-20
7.319393e+02;1.080155e-20
7.319893e+02;1.080096e-20
7.320393e+02;1.080037e-20
7.320893e+02;1.079978e-20
7.321393e+02;1.079918e-20
7.321893e+02;1.079859e-20
7.322393e+02;1.079800e-20
7.322893e+02;1.079741e-20
7.323393e+02;1.079681e-20
7.323893e+02;1.079622e-20
7.324393e+02;1.079563e-20
7.324893e+02;1.079504e-20
7.325393e+02;1.079445e-20
7.325893e+02;1.079385e-20
7.326393e+02;1.079326e-20
7.326893e+02;1.079267e-20
7.327393e+02;1.079208e-20
7.327893e+02;1.079149e-20
7.328393e+02;1.079089e-20
7.328893e+02;1.079030e-20
7.329393e+02;1.078971e-20
7.329893e+02;1.078912e-20
7.330393e+02;1.078853e-20
7.330893e+02;1.078794e-20
7.331393e+02;1.078735e-20
7.331893e+02;1.078675e-20
7.332393e+02;1.078616e-20
7.332893e+02;1.078557e-20
7.333393e+02;1.078498e-20
7.333893e+02;1.078439e-20
7.334393e+02;1.078380e-20
7.334893e+02;1.078321e-20
7.335393e+02;1.078262e-20
7.335893e+02;1.078203e-20
7.336393e+02;1.078144e-20
7.336893e+02;1.078085e-20
7.337393e+02;1.078025e-20
7.337894e+02;1.077966e-20
7.338394e+02;1.077907e-20
7.338894e+02;1.077848e-20
7.339394e+02;1.077789e-20
7.339894e+02;1.077730e-20
7.340394e+02;1.077671e-20
7.340894e+02;1.077612e-20
7.341394e+02;1.077553e-20
7.341894e+02;1.077494e-20
7.342394e+02;1.077435e-20
7.342894e+02;1.077376e-20
7.343394e+02;1.077317e-20
7.343894e+02;1.077258e-20
7.344394e+02;1.077199e-20
7.344894e+02;1.077140e-20
7.345394e+02;1.077081e-20
7.345894e+02;1.077023e-20
7.346394e+02;1.076964e-20
7.346894e+02;1.076905e-20
7.347394e+02;1.076846e-20
7.347894e+02;1.076787e-20
7.348394e+02;1.076728e-20
7.348894e+02;1.076669e-20
7.349394e+02;1.076610e-20
7.349894e+02;1.076551e-20
7.350394e+02;1.076492e-20
7.350894e+02;1.076433e-20
7.351394e+02;1.076375e-20
7.351894e+02;1.076316e-20
7.352394e+02;1.076257e-20
7.352894e+02;1.076198e-20
7.353394e+02;1.076139e-20
7.353894e+02;1.076080e-20
7.354394e+02;1.076021e-20
7.354894e+02;1.075963e-20
7.355394e+02;1.075904e-20
7.355894e+02;1.075845e-20
7.356394e+02;1.075786e-20
7.356894e+02;1.075727e-20
7.357394e+02;1.075669e-20
7.357894e+02;1.075610e-20
7.358394e+02;1.075551e-20
7.358894e+02;1.075492e-20
7.359394e+02;1.075433e-20
7.359894e+02;1.075375e-20
7.360394e+02;1.075316e-20
7.360894e+02;1.075257e-20
7.361394e+02;1.075198e-20
7.361894e+02;1.075140e-20
7.362394e+02;1.075081e-20
7.362895e+02;1.075022e-20
7.363395e+02;1.074963e-20
7.363895e+02;1.074905e-20
7.364395e+02;1.074846e-20
7.364895e+02;1.074787e-20
7.365395e+02;1.074729e-20
7.365895e+02;1.074670e-20
7.366395e+02;1.074611e-20
7.366895e+02;1.074553e-20
7.367395e+02;1.074494e-20
7.367895e+02;1.074435e-20
7.368395e+02;1.074377e-20
7.368895e+02;1.074318e-20
7.369395e+02;1.074259e-20
7.369895e+02;1.074201e-20
7.370395e+02;1.074142e-20
7.370895e+02;1.074083e-20
7.371395e+02;1.074025e-20
7.371895e+02;1.073966e-20
7.372395e+02;1.073907e-20
7.372895e+02;1.073849e-20
7.373395e+02;1.073790e-20
7.373895e+02;1.073732e-20
7.374395e+02;1.073673e-20
7.374895e+02;1.073614e-20
7.375395e+02;1.073556e-20
7.375895e+02;1.073497e-20
7.376395e+02;1.073439e-20
7.376895e+02;1.073380e-20
7.377395e+02;1.073322e-20
7.377895e+02;1.073263e-20
7.378395e+02;1.073205e-20
7.378895e+02;1.073146e-20
7.379395e+02;1.073088e-20
7.379895e+02;1.073029e-20
7.380395e+02;1.072970e-20
7.380895e+02;1.072912e-20
7.381395e+02;1.072853e-20
7.381895e+02;1.072795e-20
7.382395e+02;1.072737e-20
7.382895e+02;1.072678e-20
7.383395e+02;1.072620e-20
7.383895e+02;1.072561e-20
7.384395e+02;1.072503e-20
7.384895e+02;1.072444e-20
7.385395e+02;1.072386e-20
7.385895e+02;1.072327e-20
7.386395e+02;1.072269e-20
7.386895e+02;1.072210e-20
7.387395e+02;1.072152e-20
7.387896e+02;1.072094e-20
7.388396e+02;1.072035e-20
7.388896e+02;1.071977e-20
7.389396e+02;1.071918e-20
7.389896e+02;1.071860e-20
7.390396e+02;1.071802e-20
7.390896e+02;1.071743e-20
7.391396e+02;1.071685e-20
7.391896e+02;1.071626e-20
7.392396e+02;1.071568e-20
7.392896e+02;1.071510e-20
7.393396e+02;1.071451e-20
7.393896e+02;1.071393e-20
7.394396e+02;1.071335e-20
7.394896e+02;1.071276e-20
7.395396e+02;1.071218e-20
7.395896e+02;1.071160e-20
7.396396e+02;1.071101e-20
7.396896e+02;1.071043e-20
7.397396e+02;1.070985e-20
7.397896e+02;1.070927e-20
7.398396e+02;1.070868e-20
7.398896e+02;1.070810e-20
7.399396e+02;1.070752e-20
7.399896e+02;1.070693e-20
7.400396e+02;1.070635e-20
7.400896e+02;1.070577e-20
7.401396e+02;1.070519e-20
7.401896e+02;1.070460e-20
7.402396e+02;1.070402e-20
7.402896e+02;1.070344e-20
7.403396e+02;1.070286e-20
7.403896e+02;1.070227e-20
7.404396e+02;1.070169e-20
7.404896e+02;1.070111e-20
7.405396e+02;1.070053e-20
7.405896e+02;1.069995e-20
7.406396e+02;1.069937e-20
7.406896e+02;1.069878e-20
7.407396e+02;1.069820e-20
7.407896e+02;1.069762e-20
7.408396e+02;1.069704e-20
7.408896e+02;1.069646e-20
7.409396e+02;1.069588e-20
7.409896e+02;1.069529e-20
7.410396e+02;1.069471e-20
7.410896e+02;1.069413e-20
7.411396e+02;1.069355e-20
7.411896e+02;1.069297e-20
7.412396e+02;1.069239e-20
7.412897e+02;1.069181e-20
7.413397e+02;1.069123e-20
7.413897e+02;1.069064e-20
7.414397e+02;1.069006e-20
7.414897e+02;1.068948e-20
7.415397e+02;1.068890e-20
7.415897e+02;1.068832e-20
7.416397e+02;1.068774e-20
7.416897e+02;1.068716e-20
7.417397e+02;1.068658e-20
7.417897e+02;1.068600e-20
7.418397e+02;1.068542e-20
7.418897e+02;1.068484e-20
7.419397e+02;1.068426e-20
7.419897e+02;1.068368e-20
7.420397e+02;1.068310e-20
7.420897e+02;1.068252e-20
7.421397e+02;1.068194e-20
7.421897e+02;1.068136e-20
7.422397e+02;1.068078e-20
7.422897e+02;1.068020e-20
7.423397e+02;1.067962e-20
7.423897e+02;1.067904e-20
7.424397e+02;1.067846e-20
7.424897e+02;1.067788e-20
7.425397e+02;1.067730e-20
7.425897e+02;1.067672e-20
7.426397e+02;1.067614e-20
7.426897e+02;1.067556e-20
7.427397e+02;1.067498e-20
7.427897e+02;1.067440e-20
7.428397e+02;1.067382e-20
7.428897e+02;1.067324e-20
7.429397e+02;1.067267e-20
7.429897e+02;1.067209e-20
7.430397e+02;1.067151e-20
7.430897e+02;1.067093e-20
7.431397e+02;1.067035e-20
7.431897e+02;1.066977e-20
7.432397e+02;1.066919e-20
7.432897e+02;1.066861e-20
7.433397e+02;1.066804e-20
7.433897e+02;1.066746e-20
7.434397e+02;1.066688e-20
7.434897e+02;1.066630e-20
7.435397e+02;1.066572e-20
7.435897e+02;1.066514e-20
7.436397e+02;1.066457e-20
7.436897e+02;1.066399e-20
7.437397e+02;1.066341e-20
7.437898e+02;1.066283e-20
7.438398e+02;1.066225e-20
7.438898e+02;1.066168e-20
7.439398e+02;1.066110e-20
7.439898e+02;1.066052e-20
7.440398e+02;1.065994e-20
7.440898e+02;1.065937e-20
7.441398e+02;1.065879e-20
7.441898e+02;1.065821e-20
7.442398e+02;1.065763e-20
7.442898e+02;1.065706e-20
7.443398e+02;1.065648e-20
7.443898e+02;1.065590e-20
7.444398e+02;1.065532e-20
7.444898e+02;1.065475e-20
7.445398e+02;1.065417e-20
7.445898e+02;1.065359e-20
7.446398e+02;1.065302e-20
7.446898e+02;1.065244e-20
7.447398e+02;1.065186e-20
7.447898e+02;1.065129e-20
7.448398e+02;1.065071e-20
7.448898e+02;1.065013e-20
7.449398e+02;1.064956e-20
7.449898e+02;1.064898e-20
7.450398e+02;1.064840e-20
7.450898e+02;1.064783e-20
7.451398e+02;1.064725e-20
7.451898e+02;1.064667e-20
7.452398e+02;1.064610e-20
7.452898e+02;1.064552e-20
7.453398e+02;1.064495e-20
7.453898e+02;1.064437e-20
7.454398e+02;1.064379e-20
7.454898e+02;1.064322e-20
7.455398e+02;1.064264e-20
7.455898e+02;1.064207e-20
7.456398e+02;1.064149e-20
7.456898e+02;1.064091e-20
7.457398e+02;1.064034e-20
7.457898e+02;1.063976e-20
7.458398e+02;1.063919e-20
7.458898e+02;1.063861e-20
7.459398e+02;1.063804e-20
7.459898e+02;1.063746e-20
7.460398e+02;1.063689e-20
7.460898e+02;1.063631e-20
7.461398e+02;1.063574e-20
7.461898e+02;1.063516e-20
7.462398e+02;1.063459e-20
7.462899e+02;1.063401e-20
7.463399e+02;1.063344e-20
7.463899e+02;1.063286e-20
7.464399e+02;1.063229e-20
7.464899e+02;1.063171e-20
7.465399e+02;1.063114e-20
7.465899e+02;1.063056e-20
7.466399e+02;1.062999e-20
7.466899e+02;1.062941e-20
7.467399e+02;1.062884e-20
7.467899e+02;1.062827e-20
7.468399e+02;1.062769e-20
7.468899e+02;1.062712e-20
7.469399e+02;1.062654e-20
7.469899e+02;1.062597e-20
7.470399e+02;1.062540e-20
7.470899e+02;1.062482e-20
7.471399e+02;1.062425e-20
7.471899e+02;1.062367e-20
7.472399e+02;1.062310e-20
7.472899e+02;1.062253e-20
7.473399e+02;1.062195e-20
7.473899e+02;1.062138e-20
7.474399e+02;1.062081e-20
7.474899e+02;1.062023e-20
7.475399e+02;1.061966e-20
7.475899e+02;1.061909e-20
7.476399e+02;1.061851e-20
7.476899e+02;1.061794e-20
7.477399e+02;1.061737e-20
7.477899e+02;1.061679e-20
7.478399e+02;1.061622e-20
7.478899e+02;1.061565e-20
7.479399e+02;1.061507e-20
7.479899e+02;1.061450e-20
7.480399e+02;1.061393e-20
7.480899e+02;1.061336e-20
7.481399e+02;1.061278e-20
7.481899e+02;1.061221e-20
7.482399e+02;1.061164e-20
7.482899e+02;1.061107e-20
7.483399e+02;1.061049e-20
7.483899e+02;1.060992e-20
7.484399e+02;1.060935e-20
7.484899e+02;1.060878e-20
7.485399e+02;1.060820e-20
7.485899e+02;1.060763e-20
7.486399e+02;1.060706e-20
7.486899e+02;1.060649e-20
7.487399e+02;1.060592e-20
7.487900e+02;1.060534e-20
7.488400e+02;1.060477e-20
7.488900e+02;1.060420e-20
7.489400e+02;1.060363e-20
7.489900e+02;1.060306e-20
7.490400e+02;1.060249e-20
7.490900e+02;1.060191e-20
7.491400e+02;1.060134e-20
7.491900e+02;1.060077e-20
7.492400e+02;1.060020e-20
7.492900e+02;1.059963e-20
7.493400e+02;1.059906e-20
7.493900e+02;1.059849e-20
7.494400e+02;1.059791e-20
7.494900e+02;1.059734e-20
7.495400e+02;1.059677e-20
7.495900e+02;1.059620e-20
7.496400e+02;1.059563e-20
7.496900e+02;1.059506e-20
7.497400e+02;1.059449e-20
7.497900e+02;1.059392e-20
7.498400e+02;1.059335e-20
7.498900e+02;1.059278e-20
7.499400e+02;1.059221e-20
7.499900e+02;1.059164e-20
7.500400e+02;1.059107e-20
7.500900e+02;1.059050e-20
7.501400e+02;1.058993e-20
7.501900e+02;1.058936e-20
7.502400e+02;1.058879e-20
7.502900e+02;1.058822e-20
7.503400e+02;1.058765e-20
7.503900e+02;1.058708e-20
7.504400e+02;1.058651e-20
7.504900e+02;1.058594e-20
7.505400e+02;1.058537e-20
7.505900e+02;1.058480e-20
7.506400e+02;1.058423e-20
7.506900e+02;1.058366e-20
7.507400e+02;1.058309e-20
7.507900e+02;1.058252e-20
7.508400e+02;1.058195e-20
7.508900e+02;1.058138e-20
7.509400e+02;1.058081e-20
7.509900e+02;1.058024e-20
7.510400e+02;1.057967e-20
7.510900e+02;1.057910e-20
7.511400e+02;1.057853e-20
7.511900e+02;1.057797e-20
7.512400e+02;1.057740e-20
7.512901e+02;1.057683e-20
7.513401e+02;1.057626e-20
7.513901e+02;1.057569e-20
7.514401e+02;1.057512e-20
7.514901e+02;1.057455e-20
7.515401e+02;1.057398e-20
7.515901e+02;1.057342e-20
7.516401e+02;1.057285e-20
7.516901e+02;1.057228e-20
7.517401e+02;1.057171e-20
7.517901e+02;1.057114e-20
7.518401e+02;1.057057e-20
7.518901e+02;1.057001e-20
7.519401e+02;1.056944e-20
7.519901e+02;1.056887e-20
7.520401e+02;1.056830e-20
7.520901e+02;1.056773e-20
7.521401e+02;1.056717e-20
7.521901e+02;1.056660e-20
7.522401e+02;1.056603e-20
7.522901e+02;1.056546e-20
7.523401e+02;1.056490e-20
7.523901e+02;1.056433e-20
7.524401e+02;1.056376e-20
7.524901e+02;1.056319e-20
7.525401e+02;1.056263e-20
7.525901e+02;1.056206e-20
7.526401e+02;1.056149e-20
7.526901e+02;1.056092e-20
7.527401e+02;1.056036e-20
7.527901e+02;1.055979e-20
7.528401e+02;1.055922e-20
7.528901e+02;1.055866e-20
7.529401e+02;1.055809e-20
7.529901e+02;1.055752e-20
7.530401e+02;1.055696e-20
7.530901e+02;1.055639e-20
7.531401e+02;1.055582e-20
7.531901e+02;1.055526e-20
7.532401e+02;1.055469e-20
7.532901e+02;1.055412e-20
7.533401e+02;1.055356e-20
7.533901e+02;1.055299e-20
7.534401e+02;1.055242e-20
7.534901e+02;1.055186e-20
7.535401e+02;1.055129e-20
7.535901e+02;1.055072e-20
7.536401e+02;1.055016e-20
7.536901e+02;1.054959e-20
7.537401e+02;1.054903e-20
7.537902e+02;1.054846e-20
7.538402e+02;1.054790e-20
7.538902e+02;1.054733e-20
7.539402e+02;1.054676e-20
7.539902e+02;1.054620e-20
7.540402e+02;1.054563e-20
7.540902e+02;1.054507e-20
7.541402e+02;1.054450e-20
7.541902e+02;1.054394e-20
7.542402e+02;1.054337e-20
7.542902e+02;1.054281e-20
7.543402e+02;1.054224e-20
7.543902e+02;1.054168e-20
7.544402e+02;1.054111e-20
7.544902e+02;1.054055e-20
7.545402e+02;1.053998e-20
7.545902e+02;1.053942e-20
7.546402e+02;1.053885e-20
7.546902e+02;1.053829e-20
7.547402e+02;1.053772e-20
7.547902e+02;1.053716e-20
7.548402e+02;1.053659e-20
7.548902e+02;1.053603e-20
7.549402e+02;1.053546e-20
7.549902e+02;1.053490e-20
7.550402e+02;1.053433e-20
7.550902e+02;1.053377e-20
7.551402e+02;1.053321e-20
7.551902e+02;1.053264e-20
7.552402e+02;1.053208e-20
7.552902e+02;1.053151e-20
7.553402e+02;1.053095e-20
7.553902e+02;1.053039e-20
7.554402e+02;1.052982e-20
7.554902e+02;1.052926e-20
7.555402e+02;1.052869e-20
7.555902e+02;1.052813e-20
7.556402e+02;1.052757e-20
7.556902e+02;1.052700e-20
7.557402e+02;1.052644e-20
7.557902e+02;1.052588e-20
7.558402e+02;1.052531e-20
7.558902e+02;1.052475e-20
7.559402e+02;1.052419e-20
7.559902e+02;1.052362e-20
7.560402e+02;1.052306e-20
7.560902e+02;1.052250e-20
7.561402e+02;1.052193e-20
7.561902e+02;1.052137e-20
7.562402e+02;1.052081e-20
7.562903e+02;1.052024e-20
7.563403e+02;1.051968e-20
7.563903e+02;1.051912e-20
7.564403e+02;1.051856e-20
7.564903e+02;1.051799e-20
7.565403e+02;1.051743e-20
7.565903e+02;1.051687e-20
7.566403e+02;1.051631e-20
7.566903e+02;1.051574e-20
7.567403e+02;1.051518e-20
7.567903e+02;1.051462e-20
7.568403e+02;1.051406e-20
7.568903e+02;1.051349e-20
7.569403e+02;1.051293e-20
7.569903e+02;1.051237e-20
7.570403e+02;1.051181e-20
7.570903e+02;1.051125e-20
7.571403e+02;1.051068e-20
7.571903e+02;1.051012e-20
7.572403e+02;1.050956e-20
7.572903e+02;1.050900e-20
7.573403e+02;1.050844e-20
7.573903e+02;1.050788e-20
7.574403e+02;1.050731e-20
7.574903e+02;1.050675e-20
7.575403e+02;1.050619e-20
7.575903e+02;1.050563e-20
7.576403e+02;1.050507e-20
7.576903e+02;1.050451e-20
7.577403e+02;1.050395e-20
7.577903e+02;1.050339e-20
7.578403e+02;1.050282e-20
7.578903e+02;1.050226e-20
7.579403e+02;1.050170e-20
7.579903e+02;1.050114e-20
7.580403e+02;1.050058e-20
7.580903e+02;1.050002e-20
7.581403e+02;1.049946e-20
7.581903e+02;1.049890e-20
7.582403e+02;1.049834e-20
7.582903e+02;1.049778e-20
7.583403e+02;1.049722e-20
7.583903e+02;1.049666e-20
7.584403e+02;1.049610e-20
7.584903e+02;1.049554e-20
7.585403e+02;1.049498e-20
7.585903e+02;1.049442e-20
7.586403e+02;1.049386e-20
7.586903e+02;1.049330e-20
7.587403e+02;1.049274e-20
7.587904e+02;1.049218e-20
7.588404e+02;1.049162e-20
7.588904e+02;1.049106e-20
7.589404e+02;1.049050e-20
7.589904e+02;1.048994e-20
7.590404e+02;1.048938e-20
7.590904e+02;1.048882e-20
7.591404e+02;1.048826e-20
7.591904e+02;1.048770e-20
7.592404e+02;1.048714e-20
7.592904e+02;1.048658e-20
7.593404e+02;1.048602e-20
7.593904e+02;1.048546e-20
7.594404e+02;1.048490e-20
7.594904e+02;1.048434e-20
7.595404e+02;1.048378e-20
7.595904e+02;1.048322e-20
7.596404e+02;1.048267e-20
7.596904e+02;1.048211e-20
7.597404e+02;1.048155e-20
7.597904e+02;1.048099e-20
7.598404e+02;1.048043e-20
7.598904e+02;1.047987e-20
7.599404e+02;1.047931e-20
7.599904e+02;1.047875e-20
7.600404e+02;1.047820e-20
7.600904e+02;1.047764e-20
7.601404e+02;1.047708e-20
7.601904e+02;1.047652e-20
7.602404e+02;1.047596e-20
7.602904e+02;1.047540e-20
7.603404e+02;1.047485e-20
7.603904e+02;1.047429e-20
7.604404e+02;1.047373e-20
7.604904e+02;1.047317e-20
7.605404e+02;1.047261e-20
7.605904e+02;1.047206e-20
7.606404e+02;1.047150e-20
7.606904e+02;1.047094e-20
7.607404e+02;1.047038e-20
7.607904e+02;1.046983e-20
7.608404e+02;1.046927e-20
7.608904e+02;1.046871e-20
7.609404e+02;1.046815e-20
7.609904e+02;1.046760e-20
7.610404e+02;1.046704e-20
7.610904e+02;1.046648e-20
7.611404e+02;1.046592e-20
7.611904e+02;1.046537e-20
7.612404e+02;1.046481e-20
7.612905e+02;1.046425e-20
7.613405e+02;1.046370e-20
7.613905e+02;1.046314e-20
7.614405e+02;1.046258e-20
7.614905e+02;1.046203e-20
7.615405e+02;1.046147e-20
7.615905e+02;1.046091e-20
7.616405e+02;1.046036e-20
7.616905e+02;1.045980e-20
7.617405e+02;1.045924e-20
7.617905e+02;1.045869e-20
7.618405e+02;1.045813e-20
7.618905e+02;1.045757e-20
7.619405e+02;1.045702e-20
7.619905e+02;1.045646e-20
7.620405e+02;1.045590e-20
7.620905e+02;1.045535e-20
7.621405e+02;1.045479e-20
7.621905e+02;1.045424e-20
7.622405e+02;1.045368e-20
7.622905e+02;1.045313e-20
7.623405e+02;1.045257e-20
7.623905e+02;1.045201e-20
7.624405e+02;1.045146e-20
7.624905e+02;1.045090e-20
7.625405e+02;1.045035e-20
7.625905e+02;1.044979e-20
7.626405e+02;1.044924e-20
7.626905e+02;1.044868e-20
7.627405e+02;1.044813e-20
7.627905e+02;1.044757e-20
7.628405e+02;1.044701e-20
7.628905e+02;1.044646e-20
7.629405e+02;1.044590e-20
7.629905e+02;1.044535e-20
7.630405e+02;1.044479e-20
7.630905e+02;1.044424e-20
7.631405e+02;1.044368e-20
7.631905e+02;1.044313e-20
7.632405e+02;1.044258e-20
7.632905e+02;1.044202e-20
7.633405e+02;1.044147e-20
7.633905e+02;1.044091e-20
7.634405e+02;1.044036e-20
7.634905e+02;1.043980e-20
7.635405e+02;1.043925e-20
7.635905e+02;1.043869e-20
7.636405e+02;1.043814e-20
7.636905e+02;1.043758e-20
7.637405e+02;1.043703e-20
7.637906e+02;1.043648e-20
7.638406e+02;1.043592e-20
7.638906e+02;1.043537e-20
7.639406e+02;1.043481e-20
7.639906e+02;1.043426e-20
7.640406e+02;1.043371e-20
7.640906e+02;1.043315e-20
7.641406e+02;1.043260e-20
7.641906e+02;1.043205e-20
7.642406e+02;1.043149e-20
7.642906e+02;1.043094e-20
7.643406e+02;1.043039e-20
7.643906e+02;1.042983e-20
7.644406e+02;1.042928e-20
7.644906e+02;1.042873e-20
7.645406e+02;1.042817e-20
7.645906e+02;1.042762e-20
7.646406e+02;1.042707e-20
7.646906e+02;1.042651e-20
7.647406e+02;1.042596e-20
7.647906e+02;1.042541e-20
7.648406e+02;1.042485e-20
7.648906e+02;1.042430e-20
7.649406e+02;1.042375e-20
7.649906e+02;1.042320e-20
7.650406e+02;1.042264e-20
7.650906e+02;1.042209e-20
7.651406e+02;1.042154e-20
7.651906e+02;1.042099e-20
7.652406e+02;1.042043e-20
7.652906e+02;1.041988e-20
7.653406e+02;1.041933e-20
7.653906e+02;1.041878e-20
7.654406e+02;1.041822e-20
7.654906e+02;1.041767e-20
7.655406e+02;1.041712e-20
7.655906e+02;1.041657e-20
7.656406e+02;1.041602e-20
7.656906e+02;1.041546e-20
7.657406e+02;1.041491e-20
7.657906e+02;1.041436e-20
7.658406e+02;1.041381e-20
7.658906e+02;1.041326e-20
7.659406e+02;1.041270e-20
7.659906e+02;1.041215e-20
7.660406e+02;1.041160e-20
7.660906e+02;1.041105e-20
7.661406e+02;1.041050e-20
7.661906e+02;1.040995e-20
7.662406e+02;1.040940e-20
7.662907e+02;1.040884e-20
7.663407e+02;1.040829e-20
7.663907e+02;1.040774e-20
7.664407e+02;1.040719e-20
7.664907e+02;1.040664e-20
7.665407e+02;1.040609e-20
7.665907e+02;1.040554e-20
7.666407e+02;1.040499e-20
7.666907e+02;1.040444e-20
7.667407e+02;1.040389e-20
7.667907e+02;1.040334e-20
7.668407e+02;1.040279e-20
7.668907e+02;1.040223e-20
7.669407e+02;1.040168e-20
7.669907e+02;1.040113e-20
7.670407e+02;1.040058e-20
7.670907e+02;1.040003e-20
7.671407e+02;1.039948e-20
7.671907e+02;1.039893e-20
7.672407e+02;1.039838e-20
7.672907e+02;1.039783e-20
7.673407e+02;1.039728e-20
7.673907e+02;1.039673e-20
7.674407e+02;1.039618e-20
7.674907e+02;1.039563e-20
7.675407e+02;1.039508e-20
7.675907e+02;1.039453e-20
7.676407e+02;1.039398e-20
7.676907e+02;1.039343e-20
7.677407e+02;1.039288e-20
7.677907e+02;1.039233e-20
7.678407e+02;1.039179e-20
7.678907e+02;1.039124e-20
7.679407e+02;1.039069e-20
7.679907e+02;1.039014e-20
7.680407e+02;1.038959e-20
7.680907e+02;1.038904e-20
7.681407e+02;1.038849e-20
7.681907e+02;1.038794e-20
7.682407e+02;1.038739e-20
7.682907e+02;1.038684e-20
7.683407e+02;1.038629e-20
7.683907e+02;1.038575e-20
7.684407e+02;1.038520e-20
7.684907e+02;1.038465e-20
7.685407e+02;1.038410e-20
7.685907e+02;1.038355e-20
7.686407e+02;1.038300e-20
7.686907e+02;1.038245e-20
7.687407e+02;1.038190e-20
7.687908e+02;1.038136e-20
7.688408e+02;1.038081e-20
7.688908e+02;1.038026e-20
7.689408e+02;1.037971e-20
7.689908e+02;1.037916e-20
7.690408e+02;1.037862e-20
7.690908e+02;1.037807e-20
7.691408e+02;1.037752e-20
7.691908e+02;1.037697e-20
7.692408e+02;1.037642e-20
7.692908e+02;1.037588e-20
7.693408e+02;1.037533e-20
7.693908e+02;1.037478e-20
7.694408e+02;1.037423e-20
7.694908e+02;1.037369e-20
7.695408e+02;1.037314e-20
7.695908e+02;1.037259e-20
7.696408e+02;1.037204e-20
7.696908e+02;1.037150e-20
7.697408e+02;1.037095e-20
7.697908e+02;1.037040e-20
7.698408e+02;1.036985e-20
7.698908e+02;1.036931e-20
7.699408e+02;1.036876e-20
7.699908e+02;1.036821e-20
7.700408e+02;1.036767e-20
7.700908e+02;1.036712e-20
7.701408e+02;1.036657e-20
7.701908e+02;1.036603e-20
7.702408e+02;1.036548e-20
7.702908e+02;1.036493e-20
7.703408e+02;1.036439e-20
7.703908e+02;1.036384e-20
7.704408e+02;1.036329e-20
7.704908e+02;1.036275e-20
7.705408e+02;1.036220e-20
7.705908e+02;1.036165e-20
7.706408e+02;1.036111e-20
7.706908e+02;1.036056e-20
7.707408e+02;1.036001e-20
7.707908e+02;1.035947e-20
7.708408e+02;1.035892e-20
7.708908e+02;1.035838e-20
7.709408e+02;1.035783e-20
7.709908e+02;1.035728e-20
7.710408e+02;1.035674e-20
7.710908e+02;1.035619e-20
7.711408e+02;1.035565e-20
7.711908e+02;1.035510e-20
7.712408e+02;1.035456e-20
7.712909e+02;1.035401e-20
7.713409e+02;1.035347e-20
7.713909e+02;1.035292e-20
7.714409e+02;1.035237e-20
7.714909e+02;1.035183e-20
7.715409e+02;1.035128e-20
7.715909e+02;1.035074e-20
7.716409e+02;1.035019e-20
7.716909e+02;1.034965e-20
7.717409e+02;1.034910e-20
7.717909e+02;1.034856e-20
7.718409e+02;1.034801e-20
7.718909e+02;1.034747e-20
7.719409e+02;1.034692e-20
7.719909e+02;1.034638e-20
7.720409e+02;1.034583e-20
7.720909e+02;1.034529e-20
7.721409e+02;1.034475e-20
7.721909e+02;1.034420e-20
7.722409e+02;1.034366e-20
7.722909e+02;1.034311e-20
7.723409e+02;1.034257e-20
7.723909e+02;1.034202e-20
7.724409e+02;1.034148e-20
7.724909e+02;1.034094e-20
7.725409e+02;1.034039e-20
7.725909e+02;1.033985e-20
7.726409e+02;1.033930e-20
7.726909e+02;1.033876e-20
7.727409e+02;1.033821e-20
7.727909e+02;1.033767e-20
7.728409e+02;1.033713e-20
7.728909e+02;1.033658e-20
7.729409e+02;1.033604e-20
7.729909e+02;1.033550e-20
7.730409e+02;1.033495e-20
7.730909e+02;1.033441e-20
7.731409e+02;1.033387e-20
7.731909e+02;1.033332e-20
7.732409e+02;1.033278e-20
7.732909e+02;1.033224e-20
7.733409e+02;1.033169e-20
7.733909e+02;1.033115e-20
7.734409e+02;1.033061e-20
7.734909e+02;1.033006e-20
7.735409e+02;1.032952e-20
7.735909e+02;1.032898e-20
7.736409e+02;1.032843e-20
7.736909e+02;1.032789e-20
7.737409e+02;1.032735e-20
7.737910e+02;1.032681e-20
7.738410e+02;1.032626e-20
7.738910e+02;1.032572e-20
7.739410e+02;1.032518e-20
7.739910e+02;1.032464e-20
7.740410e+02;1.032409e-20
7.740910e+02;1.032355e-20
7.741410e+02;1.032301e-20
7.741910e+02;1.032247e-20
7.742410e+02;1.032192e-20
7.742910e+02;1.032138e-20
7.743410e+02;1.032084e-20
7.743910e+02;1.032030e-20
7.744410e+02;1.031976e-20
7.744910e+02;1.031921e-20
7.745410e+02;1.031867e-20
7.745910e+02;1.031813e-20
7.746410e+02;1.031759e-20
7.746910e+02;1.031705e-20
7.747410e+02;1.031651e-20
7.747910e+02;1.031596e-20
7.748410e+02;1.031542e-20
7.748910e+02;1.031488e-20
7.749410e+02;1.031434e-20
7.749910e+02;1.031380e-20
7.750410e+02;1.031326e-20
7.750910e+02;1.031272e-20
7.751410e+02;1.031217e-20
7.751910e+02;1.031163e-20
7.752410e+02;1.031109e-20
7.752910e+02;1.031055e-20
7.753410e+02;1.031001e-20
7.753910e+02;1.030947e-20
7.754410e+02;1.030893e-20
7.754910e+02;1.030839e-20
7.755410e+02;1.030785e-20
7.755910e+02;1.030731e-20
7.756410e+02;1.030677e-20
7.756910e+02;1.030622e-20
7.757410e+02;1.030568e-20
7.757910e+02;1.030514e-20
7.758410e+02;1.030460e-20
7.758910e+02;1.030406e-20
7.759410e+02;1.030352e-20
7.759910e+02;1.030298e-20
7.760410e+02;1.030244e-20
7.760910e+02;1.030190e-20
7.761410e+02;1.030136e-20
7.761910e+02;1.030082e-20
7.762410e+02;1.030028e-20
7.762911e+02;1.029974e-20
7.763411e+02;1.029920e-20
7.763911e+02;1.029866e-20
7.764411e+02;1.029812e-20
7.764911e+02;1.029758e-20
7.765411e+02;1.029704e-20
7.765911e+02;1.029650e-20
7.766411e+02;1.029596e-20
7.766911e+02;1.029542e-20
7.767411e+02;1.029489e-20
7.767911e+02;1.029435e-20
7.768411e+02;1.029381e-20
7.768911e+02;1.029327e-20
7.769411e+02;1.029273e-20
7.769911e+02;1.029219e-20
7.770411e+02;1.029165e-20
7.770911e+02;1.029111e-20
7.771411e+02;1.029057e-20
7.771911e+02;1.029003e-20
7.772411e+02;1.028949e-20
7.772911e+02;1.028896e-20
7.773411e+02;1.028842e-20
7.773911e+02;1.028788e-20
7.774411e+02;1.028734e-20
7.774911e+02;1.028680e-20
7.775411e+02;1.028626e-20
7.775911e+02;1.028572e-20
7.776411e+02;1.028519e-20
7.776911e+02;1.028465e-20
7.777411e+02;1.028411e-20
7.777911e+02;1.028357e-20
7.778411e+02;1.028303e-20
7.778911e+02;1.028249e-20
7.779411e+02;1.028196e-20
7.779911e+02;1.028142e-20
7.780411e+02;1.028088e-20
7.780911e+02;1.028034e-20
7.781411e+02;1.027980e-20
7.781911e+02;1.027927e-20
7.782411e+02;1.027873e-20
7.782911e+02;1.027819e-20
7.783411e+02;1.027765e-20
7.783911e+02;1.027712e-20
7.784411e+02;1.027658e-20
7.784911e+02;1.027604e-20
7.785411e+02;1.027550e-20
7.785911e+02;1.027497e-20
7.786411e+02;1.027443e-20
7.786911e+02;1.027389e-20
7.787411e+02;1.027335e-20
7.787912e+02;1.027282e-20
7.788412e+02;1.027228e-20
7.788912e+02;1.027174e-20
7.789412e+02;1.027121e-20
7.789912e+02;1.027067e-20
7.790412e+02;1.027013e-20
7.790912e+02;1.026960e-20
7.791412e+02;1.026906e-20
7.791912e+02;1.026852e-20
7.792412e+02;1.026799e-20
7.792912e+02;1.026745e-20
7.793412e+02;1.026691e-20
7.793912e+02;1.026638e-20
7.794412e+02;1.026584e-20
7.794912e+02;1.026530e-20
7.795412e+02;1.026477e-20
7.795912e+02;1.026423e-20
7.796412e+02;1.026369e-20
7.796912e+02;1.026316e-20
7.797412e+02;1.026262e-20
7.797912e+02;1.026209e-20
7.798412e+02;1.026155e-20
7.798912e+02;1.026101e-20
7.799412e+02;1.026048e-20
7.799912e+02;1.025994e-20
7.800412e+02;1.025941e-20
7.800912e+02;1.025887e-20
7.801412e+02;1.025833e-20
7.801912e+02;1.025780e-20
7.802412e+02;1.025726e-20
7.802912e+02;1.025673e-20
7.803412e+02;1.025619e-20
7.803912e+02;1.025566e-20
7.804412e+02;1.025512e-20
7.804912e+02;1.025459e-20
7.805412e+02;1.025405e-20
7.805912e+02;1.025352e-20
7.806412e+02;1.025298e-20
7.806912e+02;1.025245e-20
7.807412e+02;1.025191e-20
7.807912e+02;1.025138e-20
7.808412e+02;1.025084e-20
7.808912e+02;1.025031e-20
7.809412e+02;1.024977e-20
7.809912e+02;1.024924e-20
7.810412e+02;1.024870e-20
7.810912e+02;1.024817e-20
7.811412e+02;1.024763e-20
7.811912e+02;1.024710e-20
7.812412e+02;1.024656e-20
7.812913e+02;1.024603e-20
7.813413e+02;1.024550e-20
7.813913e+02;1.024496e-20
7.814413e+02;1.024443e-20
7.814913e+02;1.024389e-20
7.815413e+02;1.024336e-20
7.815913e+02;1.024282e-20
7.816413e+02;1.024229e-20
7.816913e+02;1.024176e-20
7.817413e+02;1.024122e-20
7.817913e+02;1.024069e-20
7.818413e+02;1.024016e-20
7.818913e+02;1.023962e-20
7.819413e+02;1.023909e-20
7.819913e+02;1.023855e-20
7.820413e+02;1.023802e-20
7.820913e+02;1.023749e-20
7.821413e+02;1.023695e-20
7.821913e+02;1.023642e-20
7.822413e+02;1.023589e-20
7.822913e+02;1.023535e-20
7.823413e+02;1.023482e-20
7.823913e+02;1.023429e-20
7.824413e+02;1.023375e-20
7.824913e+02;1.023322e-20
7.825413e+02;1.023269e-20
7.825913e+02;1.023216e-20
7.826413e+02;1.023162e-20
7.826913e+02;1.023109e-20
7.827413e+02;1.023056e-20
7.827913e+02;1.023002e-20
7.828413e+02;1.022949e-20
7.828913e+02;1.022896e-20
7.829413e+02;1.022843e-20
7.829913e+02;1.022789e-20
7.830413e+02;1.022736e-20
7.830913e+02;1.022683e-20
7.831413e+02;1.022630e-20
7.831913e+02;1.022576e-20
7.832413e+02;1.022523e-20
7.832913e+02;1.022470e-20
7.833413e+02;1.022417e-20
7.833913e+02;1.022364e-20
7.834413e+02;1.022310e-20
7.834913e+02;1.022257e-20
7.835413e+02;1.022204e-20
7.835913e+02;1.022151e-20
7.836413e+02;1.022098e-20
7.836913e+02;1.022044e-20
7.837413e+02;1.021991e-20
7.837914e+02;1.021938e-20
7.838414e+02;1.021885e-20
7.838914e+02;1.021832e-20
7.839414e+02;1.021779e-20
7.839914e+02;1.021725e-20
7.840414e+02;1.021672e-20
7.840914e+02;1.021619e-20
7.841414e+02;1.021566e-20
7.841914e+02;1.021513e-20
7.842414e+02;1.021460e-20
7.842914e+02;1.021407e-20
7.843414e+02;1.021354e-20
7.843914e+02;1.021300e-20
7.844414e+02;1.021247e-20
7.844914e+02;1.021194e-20
7.845414e+02;1.021141e-20
7.845914e+02;1.021088e-20
7.846414e+02;1.021035e-20
7.846914e+02;1.020982e-20
7.847414e+02;1.020929e-20
7.847914e+02;1.020876e-20
7.848414e+02;1.020823e-20
7.848914e+02;1.020770e-20
7.849414e+02;1.020717e-20
7.849914e+02;1.020664e-20
7.850414e+02;1.020611e-20
7.850914e+02;1.020558e-20
7.851414e+02;1.020505e-20
7.851914e+02;1.020452e-20
7.852414e+02;1.020399e-20
7.852914e+02;1.020346e-20
7.853414e+02;1.020293e-20
7.853914e+02;1.020240e-20
7.854414e+02;1.020187e-20
7.854914e+02;1.020134e-20
7.855414e+02;1.020081e-20
7.855914e+02;1.020028e-20
7.856414e+02;1.019975e-20
7.856914e+02;1.019922e-20
7.857414e+02;1.019869e-20
7.857914e+02;1.019816e-20
7.858414e+02;1.019763e-20
7.858914e+02;1.019710e-20
7.859414e+02;1.019657e-20
7.859914e+02;1.019604e-20
7.860414e+02;1.019551e-20
7.860914e+02;1.019498e-20
7.861414e+02;1.019445e-20
7.861914e+02;1.019392e-20
7.862414e+02;1.019340e-20
7.862915e+02;1.019287e-20
7.863415e+02;1.019234e-20
7.863915e+02;1.019181e-20
7.864415e+02;1.019128e-20
7.864915e+02;1.019075e-20
7.865415e+02;1.019022e-20
7.865915e+02;1.018969e-20
7.866415e+02;1.018917e-20
7.866915e+02;1.018864e-20
7.867415e+02;1.018811e-20
7.867915e+02;1.018758e-20
7.868415e+02;1.018705e-20
7.868915e+02;1.018652e-20
7.869415e+02;1.018600e-20
7.869915e+02;1.018547e-20
7.870415e+02;1.018494e-20
7.870915e+02;1.018441e-20
7.871415e+02;1.018388e-20
7.871915e+02;1.018335e-20
7.872415e+02;1.018283e-20
7.872915e+02;1.018230e-20
7.873415e+02;1.018177e-20
7.873915e+02;1.018124e-20
7.874415e+02;1.018072e-20
7.874915e+02;1.018019e-20
7.875415e+02;1.017966e-20
7.875915e+02;1.017913e-20
7.876415e+02;1.017861e-20
7.876915e+02;1.017808e-20
7.877415e+02;1.017755e-20
7.877915e+02;1.017702e-20
7.878415e+02;1.017650e-20
7.878915e+02;1.017597e-20
7.879415e+02;1.017544e-20
7.879915e+02;1.017491e-20
7.880415e+02;1.017439e-20
7.880915e+02;1.017386e-20
7.881415e+02;1.017333e-20
7.881915e+02;1.017281e-20
7.882415e+02;1.017228e-20
7.882915e+02;1.017175e-20
7.883415e+02;1.017123e-20
7.883915e+02;1.017070e-20
7.884415e+02;1.017017e-20
7.884915e+02;1.016965e-20
7.885415e+02;1.016912e-20
7.885915e+02;1.016859e-20
7.886415e+02;1.016807e-20
7.886915e+02;1.016754e-20
7.887415e+02;1.016701e-20
7.887916e+02;1.016649e-20
7.888416e+02;1.016596e-20
7.888916e+02;1.016544e-20
7.889416e+02;1.016491e-20
7.889916e+02;1.016438e-20
7.890416e+02;1.016386e-20
7.890916e+02;1.016333e-20
7.891416e+02;1.016281e-20
7.891916e+02;1.016228e-20
7.892416e+02;1.016175e-20
7.892916e+02;1.016123e-20
7.893416e+02;1.016070e-20
7.893916e+02;1.016018e-20
7.894416e+02;1.015965e-20
7.894916e+02;1.015913e-20
7.895416e+02;1.015860e-20
7.895916e+02;1.015808e-20
7.896416e+02;1.015755e-20
7.896916e+02;1.015702e-20
7.897416e+02;1.015650e-20
7.897916e+02;1.015597e-20
7.898416e+02;1.015545e-20
7.898916e+02;1.015492e-20
7.899416e+02;1.015440e-20
7.899916e+02;1.015387e-20
7.900416e+02;1.015335e-20
7.900916e+02;1.015282e-20
7.901416e+02;1.015230e-20
7.901916e+02;1.015177e-20
7.902416e+02;1.015125e-20
7.902916e+02;1.015073e-20
7.903416e+02;1.015020e-20
7.903916e+02;1.014968e-20
7.904416e+02;1.014915e-20
7.904916e+02;1.014863e-20
7.905416e+02;1.014810e-20
7.905916e+02;1.014758e-20
7.906416e+02;1.014705e-20
7.906916e+02;1.014653e-20
7.907416e+02;1.014601e-20
7.907916e+02;1.014548e-20
7.908416e+02;1.014496e-20
7.908916e+02;1.014443e-20
7.909416e+02;1.014391e-20
7.909916e+02;1.014339e-20
7.910416e+02;1.014286e-20
7.910916e+02;1.014234e-20
7.911416e+02;1.014181e-20
7.911916e+02;1.014129e-20
7.912416e+02;1.014077e-20
7.912917e+02;1.014024e-20
7.913417e+02;1.013972e-20
7.913917e+02;1.013920e-20
7.914417e+02;1.013867e-20
7.914917e+02;1.013815e-20
7.915417e+02;1.013763e-20
7.915917e+02;1.013710e-20
7.916417e+02;1.013658e-20
7.916917e+02;1.013606e-20
7.917417e+02;1.013553e-20
7.917917e+02;1.013501e-20
7.918417e+02;1.013449e-20
7.918917e+02;1.013396e-20
7.919417e+02;1.013344e-20
7.919917e+02;1.013292e-20
7.920417e+02;1.013240e-20
7.920917e+02;1.013187e-20
7.921417e+02;1.013135e-20
7.921917e+02;1.013083e-20
7.922417e+02;1.013031e-20
7.922917e+02;1.012978e-20
7.923417e+02;1.012926e-20
7.923917e+02;1.012874e-20
7.924417e+02;1.012822e-20
7.924917e+02;1.012769e-20
7.925417e+02;1.012717e-20
7.925917e+02;1.012665e-20
7.926417e+02;1.012613e-20
7.926917e+02;1.012560e-20
7.927417e+02;1.012508e-20
7.927917e+02;1.012456e-20
7.928417e+02;1.012404e-20
7.928917e+02;1.012352e-20
7.929417e+02;1.012300e-20
7.929917e+02;1.012247e-20
7.930417e+02;1.012195e-20
7.930917e+02;1.012143e-20
7.931417e+02;1.012091e-20
7.931917e+02;1.012039e-20
7.932417e+02;1.011987e-20
7.932917e+02;1.011934e-20
7.933417e+02;1.011882e-20
7.933917e+02;1.011830e-20
7.934417e+02;1.011778e-20
7.934917e+02;1.011726e-20
7.935417e+02;1.011674e-20
7.935917e+02;1.011622e-20
7.936417e+02;1.011570e-20
7.936917e+02;1.011517e-20
7.937417e+02;1.011465e-20
7.937918e+02;1.011413e-20
7.938418e+02;1.011361e-20
7.938918e+02;1.011309e-20
7.939418e+02;1.011257e-20
7.939918e+02;1.011205e-20
7.940418e+02;1.011153e-20
7.940918e+02;1.011101e-20
7.941418e+02;1.011049e-20
7.941918e+02;1.010997e-20
7.942418e+02;1.010945e-20
7.942918e+02;1.010893e-20
7.943418e+02;1.010841e-20
7.943918e+02;1.010789e-20
7.944418e+02;1.010736e-20
7.944918e+02;1.010684e-20
7.945418e+02;1.010632e-20
7.945918e+02;1.010580e-20
7.946418e+02;1.010528e-20
7.946918e+02;1.010476e-20
7.947418e+02;1.010424e-20
7.947918e+02;1.010372e-20
7.948418e+02;1.010320e-20
7.948918e+02;1.010268e-20
7.949418e+02;1.010217e-20
7.949918e+02;1.010165e-20
7.950418e+02;1.010113e-20
7.950918e+02;1.010061e-20
7.951418e+02;1.010009e-20
7.951918e+02;1.009957e-20
7.952418e+02;1.009905e-20
7.952918e+02;1.009853e-20
7.953418e+02;1.009801e-20
7.953918e+02;1.009749e-20
7.954418e+02;1.009697e-20
7.954918e+02;1.009645e-20
7.955418e+02;1.009593e-20
7.955918e+02;1.009541e-20
7.956418e+02;1.009489e-20
7.956918e+02;1.009438e-20
7.957418e+02;1.009386e-20
7.957918e+02;1.009334e-20
7.958418e+02;1.009282e-20
7.958918e+02;1.009230e-20
7.959418e+02;1.009178e-20
7.959918e+02;1.009126e-20
7.960418e+02;1.009074e-20
7.960918e+02;1.009023e-20
7.961418e+02;1.008971e-20
7.961918e+02;1.008919e-20
7.962418e+02;1.008867e-20
7.962919e+02;1.008815e-20
7.963419e+02;1.008763e-20
7.963919e+02;1.008712e-20
7.964419e+02;1.008660e-20
7.964919e+02;1.008608e-20
7.965419e+02;1.008556e-20
7.965919e+02;1.008504e-20
7.966419e+02;1.008453e-20
7.966919e+02;1.008401e-20
7.967419e+02;1.008349e-20
7.967919e+02;1.008297e-20
7.968419e+02;1.008245e-20
7.968919e+02;1.008194e-20
7.969419e+02;1.008142e-20
7.969919e+02;1.008090e-20
7.970419e+02;1.008038e-20
7.970919e+02;1.007987e-20
7.971419e+02;1.007935e-20
7.971919e+02;1.007883e-20
7.972419e+02;1.007832e-20
7.972919e+02;1.007780e-20
7.973419e+02;1.007728e-20
7.973919e+02;1.007676e-20
7.974419e+02;1.007625e-20
7.974919e+02;1.007573e-20
7.975419e+02;1.007521e-20
7.975919e+02;1.007470e-20
7.976419e+02;1.007418e-20
7.976919e+02;1.007366e-20
7.977419e+02;1.007314e-20
7.977919e+02;1.007263e-20
7.978419e+02;1.007211e-20
7.978919e+02;1.007159e-20
7.979419e+02;1.007108e-20
7.979919e+02;1.007056e-20
7.980419e+02;1.007005e-20
7.980919e+02;1.006953e-20
7.981419e+02;1.006901e-20
7.981919e+02;1.006850e-20
7.982419e+02;1.006798e-20
7.982919e+02;1.006746e-20
7.983419e+02;1.006695e-20
7.983919e+02;1.006643e-20
7.984419e+02;1.006592e-20
7.984919e+02;1.006540e-20
7.985419e+02;1.006488e-20
7.985919e+02;1.006437e-20
7.986419e+02;1.006385e-20
7.986919e+02;1.006334e-20
7.987419e+02;1.006282e-20
7.987920e+02;1.006230e-20
7.988420e+02;1.006179e-20
7.988920e+02;1.006127e-20
7.989420e+02;1.006076e-20
7.989920e+02;1.006024e-20
7.990420e+02;1.005973e-20
7.990920e+02;1.005921e-20
7.991420e+02;1.005870e-20
7.991920e+02;1.005818e-20
7.992420e+02;1.005767e-20
7.992920e+02;1.005715e-20
7.993420e+02;1.005664e-20
7.993920e+02;1.005612e-20
7.994420e+02;1.005561e-20
7.994920e+02;1.005509e-20
7.995420e+02;1.005458e-20
7.995920e+02;1.005406e-20
7.996420e+02;1.005355e-20
7.996920e+02;1.005303e-20
7.997420e+02;1.005252e-20
7.997920e+02;1.005200e-20
7.998420e+02;1.005149e-20
7.998920e+02;1.005097e-20
7.999420e+02;1.005046e-20
7.999920e+02;1.004994e-20
8.000420e+02;1.004943e-20
8.000920e+02;1.004891e-20
8.001420e+02;1.004840e-20
8.001920e+02;1.004789e-20
8.002420e+02;1.004737e-20
8.002920e+02;1.004686e-20
8.003420e+02;1.004634e-20
8.003920e+02;1.004583e-20
8.004420e+02;1.004532e-20
8.004920e+02;1.004480e-20
8.005420e+02;1.004429e-20
8.005920e+02;1.004377e-20
8.006420e+02;1.004326e-20
8.006920e+02;1.004275e-20
8.007420e+02;1.004223e-20
8.007920e+02;1.004172e-20
8.008420e+02;1.004121e-20
8.008920e+02;1.004069e-20
8.009420e+02;1.004018e-20
8.009920e+02;1.003967e-20
8.010420e+02;1.003915e-20
8.010920e+02;1.003864e-20
8.011420e+02;1.003813e-20
8.011920e+02;1.003761e-20
8.012420e+02;1.003710e-20
8.012921e+02;1.003659e-20
8.013421e+02;1.003607e-20
8.013921e+02;1.003556e-20
8.014421e+02;1.003505e-20
8.014921e+02;1.003453e-20
8.015421e+02;1.003402e-20
8.015921e+02;1.003351e-20
8.016421e+02;1.003300e-20
8.016921e+02;1.003248e-20
8.017421e+02;1.003197e-20
8.017921e+02;1.003146e-20
8.018421e+02;1.003095e-20
8.018921e+02;1.003043e-20
8.019421e+02;1.002992e-20
8.019921e+02;1.002941e-20
8.020421e+02;1.002890e-20
8.020921e+02;1.002838e-20
8.021421e+02;1.002787e-20
8.021921e+02;1.002736e-20
8.022421e+02;1.002685e-20
8.022921e+02;1.002634e-20
8.023421e+02;1.002582e-20
8.023921e+02;1.002531e-20
8.024421e+02;1.002480e-20
8.024921e+02;1.002429e-20
8.025421e+02;1.002378e-20
8.025921e+02;1.002326e-20
8.026421e+02;1.002275e-20
8.026921e+02;1.002224e-20
8.027421e+02;1.002173e-20
8.027921e+02;1.002122e-20
8.028421e+02;1.002071e-20
8.028921e+02;1.002019e-20
8.029421e+02;1.001968e-20
8.029921e+02;1.001917e-20
8.030421e+02;1.001866e-20
8.030921e+02;1.001815e-20
8.031421e+02;1.001764e-20
8.031921e+02;1.001713e-20
8.032421e+02;1.001662e-20
8.032921e+02;1.001610e-20
8.033421e+02;1.001559e-20
8.033921e+02;1.001508e-20
8.034421e+02;1.001457e-20
8.034921e+02;1.001406e-20
8.035421e+02;1.001355e-20
8.035921e+02;1.001304e-20
8.036421e+02;1.001253e-20
8.036921e+02;1.001202e-20
8.037421e+02;1.001151e-20
8.037922e+02;1.001100e-20
8.038422e+02;1.001049e-20
8.038922e+02;1.000998e-20
8.039422e+02;1.000947e-20
8.039922e+02;1.000896e-20
8.040422e+02;1.000845e-20
8.040922e+02;1.000794e-20
8.041422e+02;1.000743e-20
8.041922e+02;1.000692e-20
8.042422e+02;1.000640e-20
8.042922e+02;1.000589e-20
8.043422e+02;1.000539e-20
8.043922e+02;1.000488e-20
8.044422e+02;1.000437e-20
8.044922e+02;1.000386e-20
8.045422e+02;1.000335e-20
8.045922e+02;1.000284e-20
8.046422e+02;1.000233e-20
8.046922e+02;1.000182e-20
8.047422e+02;1.000131e-20
8.047922e+02;1.000080e-20
8.048422e+02;1.000029e-20
8.048922e+02;9.999779e-21
8.049422e+02;9.999270e-21
8.049922e+02;9.998760e-21
8.050422e+02;9.998251e-21
8.050922e+02;9.997742e-21
8.051422e+02;9.997233e-21
8.051922e+02;9.996724e-21
8.052422e+02;9.996215e-21
8.052922e+02;9.995706e-21
8.053422e+02;9.995197e-21
8.053922e+02;9.994688e-21
8.054422e+02;9.994179e-21
8.054922e+02;9.993670e-21
8.055422e+02;9.993161e-21
8.055922e+02;9.992653e-21
8.056422e+02;9.992144e-21
8.056922e+02;9.991636e-21
8.057422e+02;9.991127e-21
8.057922e+02;9.990619e-21
8.058422e+02;9.990110e-21
8.058922e+02;9.989602e-21
8.059422e+02;9.989093e-21
8.059922e+02;9.988585e-21
8.060422e+02;9.988077e-21
8.060922e+02;9.987569e-21
8.061422e+02;9.987061e-21
8.061922e+02;9.986553e-21
8.062422e+02;9.986045e-21
8.062923e+02;9.985537e-21
8.063423e+02;9.985029e-21
8.063923e+02;9.984521e-21
8.064423e+02;9.984013e-21
8.064923e+02;9.983505e-21
8.065423e+02;9.982998e-21
8.065923e+02;9.982490e-21
8.066423e+02;9.981982e-21
8.066923e+02;9.981475e-21
8.067423e+02;9.980967e-21
8.067923e+02;9.980460e-21
8.068423e+02;9.979952e-21
8.068923e+02;9.979445e-21
8.069423e+02;9.978938e-21
8.069923e+02;9.978430e-21
8.070423e+02;9.977923e-21
8.070923e+02;9.977416e-21
8.071423e+02;9.976909e-21
8.071923e+02;9.976402e-21
8.072423e+02;9.975895e-21
8.072923e+02;9.975388e-21
8.073423e+02;9.974881e-21
8.073923e+02;9.974374e-21
8.074423e+02;9.973867e-21
8.074923e+02;9.973361e-21
8.075423e+02;9.972854e-21
8.075923e+02;9.972347e-21
8.076423e+02;9.971841e-21
8.076923e+02;9.971334e-21
8.077423e+02;9.970828e-21
8.077923e+02;9.970321e-21
8.078423e+02;9.969815e-21
8.078923e+02;9.969309e-21
8.079423e+02;9.968802e-21
8.079923e+02;9.968296e-21
8.080423e+02;9.967790e-21
8.080923e+02;9.967284e-21
8.081423e+02;9.966778e-21
8.081923e+02;9.966272e-21
8.082423e+02;9.965766e-21
8.082923e+02;9.965260e-21
8.083423e+02;9.964754e-21
8.083923e+02;9.964248e-21
8.084423e+02;9.963742e-21
8.084923e+02;9.963236e-21
8.085423e+02;9.962731e-21
8.085923e+02;9.962225e-21
8.086423e+02;9.961720e-21
8.086923e+02;9.961214e-21
8.087423e+02;9.960709e-21
8.087924e+02;9.960203e-21
8.088424e+02;9.959698e-21
8.088924e+02;9.959192e-21
8.089424e+02;9.958687e-21
8.089924e+02;9.958182e-21
8.090424e+02;9.957677e-21
8.090924e+02;9.957172e-21
8.091424e+02;9.956667e-21
8.091924e+02;9.956162e-21
8.092424e+02;9.955657e-21
8.092924e+02;9.955152e-21
8.093424e+02;9.954647e-21
8.093924e+02;9.954142e-21
8.094424e+02;9.953637e-21
8.094924e+02;9.953132e-21
8.095424e+02;9.952628e-21
8.095924e+02;9.952123e-21
8.096424e+02;9.951619e-21
8.096924e+02;9.951114e-21
8.097424e+02;9.950610e-21
8.097924e+02;9.950105e-21
8.098424e+02;9.949601e-21
8.098924e+02;9.949096e-21
8.099424e+02;9.948592e-21
8.099924e+02;9.948088e-21
8.100424e+02;9.947584e-21
8.100924e+02;9.947080e-21
8.101424e+02;9.946576e-21
8.101924e+02;9.946072e-21
8.102424e+02;9.945568e-21
8.102924e+02;9.945064e-21
8.103424e+02;9.944560e-21
8.103924e+02;9.944056e-21
8.104424e+02;9.943552e-21
8.104924e+02;9.943049e-21
8.105424e+02;9.942545e-21
8.105924e+02;9.942041e-21
8.106424e+02;9.941538e-21
8.106924e+02;9.941034e-21
8.107424e+02;9.940531e-21
8.107924e+02;9.940027e-21
8.108424e+02;9.939524e-21
8.108924e+02;9.939021e-21
8.109424e+02;9.938517e-21
8.109924e+02;9.938014e-21
8.110424e+02;9.937511e-21
8.110924e+02;9.937008e-21
8.111424e+02;9.936505e-21
8.111924e+02;9.936002e-21
8.112424e+02;9.935499e-21
8.112925e+02;9.934996e-21
8.113425e+02;9.934493e-21
8.113925e+02;9.933990e-21
8.114425e+02;9.933488e-21
8.114925e+02;9.932985e-21
8.115425e+02;9.932482e-21
8.115925e+02;9.931980e-21
8.116425e+02;9.931477e-21
8.116925e+02;9.930975e-21
8.117425e+02;9.930472e-21
8.117925e+02;9.929970e-21
8.118425e+02;9.929467e-21
8.118925e+02;9.928965e-21
8.119425e+02;9.928463e-21
8.119925e+02;9.927961e-21
8.120425e+02;9.927458e-21
8.120925e+02;9.926956e-21
8.121425e+02;9.926454e-21
8.121925e+02;9.925952e-21
8.122425e+02;9.925450e-21
8.122925e+02;9.924948e-21
8.123425e+02;9.924446e-21
8.123925e+02;9.923945e-21
8.124425e+02;9.923443e-21
8.124925e+02;9.922941e-21
8.125425e+02;9.922440e-21
8.125925e+02;9.921938e-21
8.126425e+02;9.921436e-21
8.126925e+02;9.920935e-21
8.127425e+02;9.920433e-21
8.127925e+02;9.919932e-21
8.128425e+02;9.919431e-21
8.128925e+02;9.918929e-21
8.129425e+02;9.918428e-21
8.129925e+02;9.917927e-21
8.130425e+02;9.917426e-21
8.130925e+02;9.916925e-21
8.131425e+02;9.916424e-21
8.131925e+02;9.915923e-21
8.132425e+02;9.915422e-21
8.132925e+02;9.914921e-21
8.133425e+02;9.914420e-21
8.133925e+02;9.913919e-21
8.134425e+02;9.913418e-21
8.134925e+02;9.912917e-21
8.135425e+02;9.912417e-21
8.135925e+02;9.911916e-21
8.136425e+02;9.911416e-21
8.136925e+02;9.910915e-21
8.137425e+02;9.910415e-21
8.137926e+02;9.909914e-21
8.138426e+02;9.909414e-21
8.138926e+02;9.908914e-21
8.139426e+02;9.908413e-21
8.139926e+02;9.907913e-21
8.140426e+02;9.907413e-21
8.140926e+02;9.906913e-21
8.141426e+02;9.906413e-21
8.141926e+02;9.905913e-21
8.142426e+02;9.905413e-21
8.142926e+02;9.904913e-21
8.143426e+02;9.904413e-21
8.143926e+02;9.903913e-21
8.144426e+02;9.903413e-21
8.144926e+02;9.902914e-21
8.145426e+02;9.902414e-21
8.145926e+02;9.901914e-21
8.146426e+02;9.901415e-21
8.146926e+02;9.900915e-21
8.147426e+02;9.900416e-21
8.147926e+02;9.899916e-21
8.148426e+02;9.899417e-21
8.148926e+02;9.898918e-21
8.149426e+02;9.898419e-21
8.149926e+02;9.897919e-21
8.150426e+02;9.897420e-21
8.150926e+02;9.896921e-21
8.151426e+02;9.896422e-21
8.151926e+02;9.895923e-21
8.152426e+02;9.895424e-21
8.152926e+02;9.894925e-21
8.153426e+02;9.894426e-21
8.153926e+02;9.893927e-21
8.154426e+02;9.893429e-21
8.154926e+02;9.892930e-21
8.155426e+02;9.892431e-21
8.155926e+02;9.891933e-21
8.156426e+02;9.891434e-21
8.156926e+02;9.890935e-21
8.157426e+02;9.890437e-21
8.157926e+02;9.889939e-21
8.158426e+02;9.889440e-21
8.158926e+02;9.888942e-21
8.159426e+02;9.888444e-21
8.159926e+02;9.887945e-21
8.160426e+02;9.887447e-21
8.160926e+02;9.886949e-21
8.161426e+02;9.886451e-21
8.161926e+02;9.885953e-21
8.162426e+02;9.885455e-21
8.162927e+02;9.884957e-21
8.163427e+02;9.884459e-21
8.163927e+02;9.883961e-21
8.164427e+02;9.883464e-21
8.164927e+02;9.882966e-21
8.165427e+02;9.882468e-21
8.165927e+02;9.881971e-21
8.166427e+02;9.881473e-21
8.166927e+02;9.880975e-21
8.167427e+02;9.880478e-21
8.167927e+02;9.879980e-21
8.168427e+02;9.879483e-21
8.168927e+02;9.878986e-21
8.169427e+02;9.878488e-21
8.169927e+02;9.877991e-21
8.170427e+02;9.877494e-21
8.170927e+02;9.876997e-21
8.171427e+02;9.876500e-21
8.171927e+02;9.876003e-21
8.172427e+02;9.875506e-21
8.172927e+02;9.875009e-21
8.173427e+02;9.874512e-21
8.173927e+02;9.874015e-21
8.174427e+02;9.873518e-21
8.174927e+02;9.873022e-21
8.175427e+02;9.872525e-21
8.175927e+02;9.872028e-21
8.176427e+02;9.871532e-21
8.176927e+02;9.871035e-21
8.177427e+02;9.870539e-21
8.177927e+02;9.870042e-21
8.178427e+02;9.869546e-21
8.178927e+02;9.869049e-21
8.179427e+02;9.868553e-21
8.179927e+02;9.868057e-21
8.180427e+02;9.867561e-21
8.180927e+02;9.867064e-21
8.181427e+02;9.866568e-21
8.181927e+02;9.866072e-21
8.182427e+02;9.865576e-21
8.182927e+02;9.865080e-21
8.183427e+02;9.864584e-21
8.183927e+02;9.864089e-21
8.184427e+02;9.863593e-21
8.184927e+02;9.863097e-21
8.185427e+02;9.862601e-21
8.185927e+02;9.862106e-21
8.186427e+02;9.861610e-21
8.186927e+02;9.861114e-21
8.187427e+02;9.860619e-21
8.187928e+02;9.860123e-21
8.188428e+02;9.859628e-21
8.188928e+02;9.859133e-21
8.189428e+02;9.858637e-21
8.189928e+02;9.858142e-21
8.190428e+02;9.857647e-21
8.190928e+02;9.857152e-21
8.191428e+02;9.856657e-21
8.191928e+02;9.856161e-21
8.192428e+02;9.855666e-21
8.192928e+02;9.855171e-21
8.193428e+02;9.854677e-21
8.193928e+02;9.854182e-21
8.194428e+02;9.853687e-21
8.194928e+02;9.853192e-21
8.195428e+02;9.852697e-21
8.195928e+02;9.852203e-21
8.196428e+02;9.851708e-21
8.196928e+02;9.851213e-21
8.197428e+02;9.850719e-21
8.197928e+02;9.850224e-21
8.198428e+02;9.849730e-21
8.198928e+02;9.849236e-21
8.199428e+02;9.848741e-21
8.199928e+02;9.848247e-21
8.200428e+02;9.847753e-21
8.200928e+02;9.847258e-21
8.201428e+02;9.846764e-21
8.201928e+02;9.846270e-21
8.202428e+02;9.845776e-21
8.202928e+02;9.845282e-21
8.203428e+02;9.844788e-21
8.203928e+02;9.844294e-21
8.204428e+02;9.843800e-21
8.204928e+02;9.843307e-21
8.205428e+02;9.842813e-21
8.205928e+02;9.842319e-21
8.206428e+02;9.841826e-21
8.206928e+02;9.841332e-21
8.207428e+02;9.840838e-21
8.207928e+02;9.840345e-21
8.208428e+02;9.839851e-21
8.208928e+02;9.839358e-21
8.209428e+02;9.838865e-21
8.209928e+02;9.838371e-21
8.210428e+02;9.837878e-21
8.210928e+02;9.837385e-21
8.211428e+02;9.836892e-21
8.211928e+02;9.836399e-21
8.212428e+02;9.835905e-21
8.212929e+02;9.835412e-21
8.213429e+02;9.834920e-21
8.213929e+02;9.834427e-21
8.214429e+02;9.833934e-21
8.214929e+02;9.833441e-21
8.215429e+02;9.832948e-21
8.215929e+02;9.832455e-21
8.216429e+02;9.831963e-21
8.216929e+02;9.831470e-21
8.217429e+02;9.830977e-21
8.217929e+02;9.830485e-21
8.218429e+02;9.829992e-21
8.218929e+02;9.829500e-21
8.219429e+02;9.829008e-21
8.219929e+02;9.828515e-21
8.220429e+02;9.828023e-21
8.220929e+02;9.827531e-21
8.221429e+02;9.827039e-21
8.221929e+02;9.826546e-21
8.222429e+02;9.826054e-21
8.222929e+02;9.825562e-21
8.223429e+02;9.825070e-21
8.223929e+02;9.824578e-21
8.224429e+02;9.824086e-21
8.224929e+02;9.823595e-21
8.225429e+02;9.823103e-21
8.225929e+02;9.822611e-21
8.226429e+02;9.822119e-21
8.226929e+02;9.821628e-21
8.227429e+02;9.821136e-21
8.227929e+02;9.820644e-21
8.228429e+02;9.820153e-21
8.228929e+02;9.819661e-21
8.229429e+02;9.819170e-21
8.229929e+02;9.818679e-21
8.230429e+02;9.818187e-21
8.230929e+02;9.817696e-21
8.231429e+02;9.817205e-21
8.231929e+02;9.816714e-21
8.232429e+02;9.816223e-21
8.232929e+02;9.815731e-21
8.233429e+02;9.815240e-21
8.233929e+02;9.814749e-21
8.234429e+02;9.814259e-21
8.234929e+02;9.813768e-21
8.235429e+02;9.813277e-21
8.235929e+02;9.812786e-21
8.236429e+02;9.812295e-21
8.236929e+02;9.811805e-21
8.237429e+02;9.811314e-21
8.237930e+02;9.810823e-21
8.238430e+02;9.810333e-21
8.238930e+02;9.809842e-21
8.239430e+02;9.809352e-21
8.239930e+02;9.808861e-21
8.240430e+02;9.808371e-21
8.240930e+02;9.807881e-21
8.241430e+02;9.807391e-21
8.241930e+02;9.806900e-21
8.242430e+02;9.806410e-21
8.242930e+02;9.805920e-21
8.243430e+02;9.805430e-21
8.243930e+02;9.804940e-21
8.244430e+02;9.804450e-21
8.244930e+02;9.803960e-21
8.245430e+02;9.803470e-21
8.245930e+02;9.802980e-21
8.246430e+02;9.802491e-21
8.246930e+02;9.802001e-21
8.247430e+02;9.801511e-21
8.247930e+02;9.801022e-21
8.248430e+02;9.800532e-21
8.248930e+02;9.800042e-21
8.249430e+02;9.799553e-21
8.249930e+02;9.799064e-21
8.250430e+02;9.798574e-21
8.250930e+02;9.798085e-21
8.251430e+02;9.797596e-21
8.251930e+02;9.797106e-21
8.252430e+02;9.796617e-21
8.252930e+02;9.796128e-21
8.253430e+02;9.795639e-21
8.253930e+02;9.795150e-21
8.254430e+02;9.794661e-21
8.254930e+02;9.794172e-21
8.255430e+02;9.793683e-21
8.255930e+02;9.793194e-21
8.256430e+02;9.792705e-21
8.256930e+02;9.792217e-21
8.257430e+02;9.791728e-21
8.257930e+02;9.791239e-21
8.258430e+02;9.790751e-21
8.258930e+02;9.790262e-21
8.259430e+02;9.789773e-21
8.259930e+02;9.789285e-21
8.260430e+02;9.788797e-21
8.260930e+02;9.788308e-21
8.261430e+02;9.787820e-21
8.261930e+02;9.787332e-21
8.262430e+02;9.786843e-21
8.262931e+02;9.786355e-21
8.263431e+02;9.785867e-21
8.263931e+02;9.785379e-21
8.264431e+02;9.784891e-21
8.264931e+02;9.784403e-21
8.265431e+02;9.783915e-21
8.265931e+02;9.783427e-21
8.266431e+02;9.782939e-21
8.266931e+02;9.782451e-21
8.267431e+02;9.781964e-21
8.267931e+02;9.781476e-21
8.268431e+02;9.780988e-21
8.268931e+02;9.780501e-21
8.269431e+02;9.780013e-21
8.269931e+02;9.779526e-21
8.270431e+02;9.779038e-21
8.270931e+02;9.778551e-21
8.271431e+02;9.778063e-21
8.271931e+02;9.777576e-21
8.272431e+02;9.777089e-21
8.272931e+02;9.776601e-21
8.273431e+02;9.776114e-21
8.273931e+02;9.775627e-21
8.274431e+02;9.775140e-21
8.274931e+02;9.774653e-21
8.275431e+02;9.774166e-21
8.275931e+02;9.773679e-21
8.276431e+02;9.773192e-21
8.276931e+02;9.772705e-21
8.277431e+02;9.772219e-21
8.277931e+02;9.771732e-21
8.278431e+02;9.771245e-21
8.278931e+02;9.770759e-21
8.279431e+02;9.770272e-21
8.279931e+02;9.769785e-21
8.280431e+02;9.769299e-21
8.280931e+02;9.768812e-21
8.281431e+02;9.768326e-21
8.281931e+02;9.767840e-21
8.282431e+02;9.767353e-21
8.282931e+02;9.766867e-21
8.283431e+02;9.766381e-21
8.283931e+02;9.765895e-21
8.284431e+02;9.765408e-21
8.284931e+02;9.764922e-21
8.285431e+02;9.764436e-21
8.285931e+02;9.763950e-21
8.286431e+02;9.763464e-21
8.286931e+02;9.762979e-21
8.287431e+02;9.762493e-21
8.287932e+02;9.762007e-21
8.288432e+02;9.761521e-21
8.288932e+02;9.761036e-21
8.289432e+02;9.760550e-21
8.289932e+02;9.760064e-21
8.290432e+02;9.759579e-21
8.290932e+02;9.759093e-21
8.291432e+02;9.758608e-21
8.291932e+02;9.758122e-21
8.292432e+02;9.757637e-21
8.292932e+02;9.757152e-21
8.293432e+02;9.756666e-21
8.293932e+02;9.756181e-21
8.294432e+02;9.755696e-21
8.294932e+02;9.755211e-21
8.295432e+02;9.754726e-21
8.295932e+02;9.754241e-21
8.296432e+02;9.753756e-21
8.296932e+02;9.753271e-21
8.297432e+02;9.752786e-21
8.297932e+02;9.752301e-21
8.298432e+02;9.751816e-21
8.298932e+02;9.751332e-21
8.299432e+02;9.750847e-21
8.299932e+02;9.750362e-21
8.300432e+02;9.749878e-21
8.300932e+02;9.749393e-21
8.301432e+02;9.748909e-21
8.301932e+02;9.748424e-21
8.302432e+02;9.747940e-21
8.302932e+02;9.747455e-21
8.303432e+02;9.746971e-21
8.303932e+02;9.746487e-21
8.304432e+02;9.746002e-21
8.304932e+02;9.745518e-21
8.305432e+02;9.745034e-21
8.305932e+02;9.744550e-21
8.306432e+02;9.744066e-21
8.306932e+02;9.743582e-21
8.307432e+02;9.743098e-21
8.307932e+02;9.742614e-21
8.308432e+02;9.742130e-21
8.308932e+02;9.741647e-21
8.309432e+02;9.741163e-21
8.309932e+02;9.740679e-21
8.310432e+02;9.740196e-21
8.310932e+02;9.739712e-21
8.311432e+02;9.739228e-21
8.311932e+02;9.738745e-21
8.312432e+02;9.738261e-21
8.312933e+02;9.737778e-21
8.313433e+02;9.737295e-21
8.313933e+02;9.736811e-21
8.314433e+02;9.736328e-21
8.314933e+02;9.735845e-21
8.315433e+02;9.735362e-21
8.315933e+02;9.734878e-21
8.316433e+02;9.734395e-21
8.316933e+02;9.733912e-21
8.317433e+02;9.733429e-21
8.317933e+02;9.732946e-21
8.318433e+02;9.732463e-21
8.318933e+02;9.731981e-21
8.319433e+02;9.731498e-21
8.319933e+02;9.731015e-21
8.320433e+02;9.730532e-21
8.320933e+02;9.730050e-21
8.321433e+02;9.729567e-21
8.321933e+02;9.729085e-21
8.322433e+02;9.728602e-21
8.322933e+02;9.728120e-21
8.323433e+02;9.727637e-21
8.323933e+02;9.727155e-21
8.324433e+02;9.726672e-21
8.324933e+02;9.726190e-21
8.325433e+02;9.725708e-21
8.325933e+02;9.725226e-21
8.326433e+02;9.724744e-21
8.326933e+02;9.724261e-21
8.327433e+02;9.723779e-21
8.327933e+02;9.723297e-21
8.328433e+02;9.722815e-21
8.328933e+02;9.722334e-21
8.329433e+02;9.721852e-21
8.329933e+02;9.721370e-21
8.330433e+02;9.720888e-21
8.330933e+02;9.720406e-21
8.331433e+02;9.719925e-21
8.331933e+02;9.719443e-21
8.332433e+02;9.718962e-21
8.332933e+02;9.718480e-21
8.333433e+02;9.717999e-21
8.333933e+02;9.717517e-21
8.334433e+02;9.717036e-21
8.334933e+02;9.716554e-21
8.335433e+02;9.716073e-21
8.335933e+02;9.715592e-21
8.336433e+02;9.715111e-21
8.336933e+02;9.714629e-21
8.337433e+02;9.714148e-21
8.337934e+02;9.713667e-21
8.338434e+02;9.713186e-21
8.338934e+02;9.712705e-21
8.339434e+02;9.712224e-21
8.339934e+02;9.711744e-21
8.340434e+02;9.711263e-21
8.340934e+02;9.710782e-21
8.341434e+02;9.710301e-21
8.341934e+02;9.709820e-21
8.342434e+02;9.709340e-21
8.342934e+02;9.708859e-21
8.343434e+02;9.708379e-21
8.343934e+02;9.707898e-21
8.344434e+02;9.707418e-21
8.344934e+02;9.706937e-21
8.345434e+02;9.706457e-21
8.345934e+02;9.705977e-21
8.346434e+02;9.705496e-21
8.346934e+02;9.705016e-21
8.347434e+02;9.704536e-21
8.347934e+02;9.704056e-21
8.348434e+02;9.703576e-21
8.348934e+02;9.703096e-21
8.349434e+02;9.702616e-21
8.349934e+02;9.702136e-21
8.350434e+02;9.701656e-21
8.350934e+02;9.701176e-21
8.351434e+02;9.700696e-21
8.351934e+02;9.700217e-21
8.352434e+02;9.699737e-21
8.352934e+02;9.699257e-21
8.353434e+02;9.698778e-21
8.353934e+02;9.698298e-21
8.354434e+02;9.697819e-21
8.354934e+02;9.697339e-21
8.355434e+02;9.696860e-21
8.355934e+02;9.696380e-21
8.356434e+02;9.695901e-21
8.356934e+02;9.695422e-21
8.357434e+02;9.694943e-21
8.357934e+02;9.694463e-21
8.358434e+02;9.693984e-21
8.358934e+02;9.693505e-21
8.359434e+02;9.693026e-21
8.359934e+02;9.692547e-21
8.360434e+02;9.692068e-21
8.360934e+02;9.691589e-21
8.361434e+02;9.691110e-21
8.361934e+02;9.690632e-21
8.362434e+02;9.690153e-21
8.362935e+02;9.689674e-21
8.363435e+02;9.689195e-21
8.363935e+02;9.688717e-21
8.364435e+02;9.688238e-21
8.364935e+02;9.687760e-21
8.365435e+02;9.687281e-21
8.365935e+02;9.686803e-21
8.366435e+02;9.686324e-21
8.366935e+02;9.685846e-21
8.367435e+02;9.685368e-21
8.367935e+02;9.684889e-21
8.368435e+02;9.684411e-21
8.368935e+02;9.683933e-21
8.369435e+02;9.683455e-21
8.369935e+02;9.682977e-21
8.370435e+02;9.682499e-21
8.370935e+02;9.682021e-21
8.371435e+02;9.681543e-21
8.371935e+02;9.681065e-21
8.372435e+02;9.680587e-21
8.372935e+02;9.680110e-21
8.373435e+02;9.679632e-21
8.373935e+02;9.679154e-21
8.374435e+02;9.678676e-21
8.374935e+02;9.678199e-21
8.375435e+02;9.677721e-21
8.375935e+02;9.677244e-21
8.376435e+02;9.676766e-21
8.376935e+02;9.676289e-21
8.377435e+02;9.675812e-21
8.377935e+02;9.675334e-21
8.378435e+02;9.674857e-21
8.378935e+02;9.674380e-21
8.379435e+02;9.673903e-21
8.379935e+02;9.673425e-21
8.380435e+02;9.672948e-21
8.380935e+02;9.672471e-21
8.381435e+02;9.671994e-21
8.381935e+02;9.671517e-21
8.382435e+02;9.671040e-21
8.382935e+02;9.670564e-21
8.383435e+02;9.670087e-21
8.383935e+02;9.669610e-21
8.384435e+02;9.669133e-21
8.384935e+02;9.668657e-21
8.385435e+02;9.668180e-21
8.385935e+02;9.667703e-21
8.386435e+02;9.667227e-21
8.386935e+02;9.666750e-21
8.387435e+02;9.666274e-21
8.387936e+02;9.665798e-21
8.388436e+02;9.665321e-21
8.388936e+02;9.664845e-21
8.389436e+02;9.664369e-21
8.389936e+02;9.663892e-21
8.390436e+02;9.663416e-21
8.390936e+02;9.662940e-21
8.391436e+02;9.662464e-21
8.391936e+02;9.661988e-21
8.392436e+02;9.661512e-21
8.392936e+02;9.661036e-21
8.393436e+02;9.660560e-21
8.393936e+02;9.660084e-21
8.394436e+02;9.659609e-21
8.394936e+02;9.659133e-21
8.395436e+02;9.658657e-21
8.395936e+02;9.658182e-21
8.396436e+02;9.657706e-21
8.396936e+02;9.657230e-21
8.397436e+02;9.656755e-21
8.397936e+02;9.656279e-21
8.398436e+02;9.655804e-21
8.398936e+02;9.655329e-21
8.399436e+02;9.654853e-21
8.399936e+02;9.654378e-21
8.400436e+02;9.653903e-21
8.400936e+02;9.653428e-21
8.401436e+02;9.652952e-21
8.401936e+02;9.652477e-21
8.402436e+02;9.652002e-21
8.402936e+02;9.651527e-21
8.403436e+02;9.651052e-21
8.403936e+02;9.650577e-21
8.404436e+02;9.650102e-21
8.404936e+02;9.649628e-21
8.405436e+02;9.649153e-21
8.405936e+02;9.648678e-21
8.406436e+02;9.648203e-21
8.406936e+02;9.647729e-21
8.407436e+02;9.647254e-21
8.407936e+02;9.646780e-21
8.408436e+02;9.646305e-21
8.408936e+02;9.645831e-21
8.409436e+02;9.645356e-21
8.409936e+02;9.644882e-21
8.410436e+02;9.644408e-21
8.410936e+02;9.643933e-21
8.411436e+02;9.643459e-21
8.411936e+02;9.642985e-21
8.412436e+02;9.642511e-21
8.412937e+02;9.642037e-21
8.413437e+02;9.641563e-21
8.413937e+02;9.641089e-21
8.414437e+02;9.640615e-21
8.414937e+02;9.640141e-21
8.415437e+02;9.639667e-21
8.415937e+02;9.639193e-21
8.416437e+02;9.638719e-21
8.416937e+02;9.638246e-21
8.417437e+02;9.637772e-21
8.417937e+02;9.637298e-21
8.418437e+02;9.636825e-21
8.418937e+02;9.636351e-21
8.419437e+02;9.635878e-21
8.419937e+02;9.635404e-21
8.420437e+02;9.634931e-21
8.420937e+02;9.634458e-21
8.421437e+02;9.633984e-21
8.421937e+02;9.633511e-21
8.422437e+02;9.633038e-21
8.422937e+02;9.632565e-21
8.423437e+02;9.632092e-21
8.423937e+02;9.631618e-21
8.424437e+02;9.631145e-21
8.424937e+02;9.630672e-21
8.425437e+02;9.630200e-21
8.425937e+02;9.629727e-21
8.426437e+02;9.629254e-21
8.426937e+02;9.628781e-21
8.427437e+02;9.628308e-21
8.427937e+02;9.627836e-21
8.428437e+02;9.627363e-21
8.428937e+02;9.626890e-21
8.429437e+02;9.626418e-21
8.429937e+02;9.625945e-21
8.430437e+02;9.625473e-21
8.430937e+02;9.625000e-21
8.431437e+02;9.624528e-21
8.431937e+02;9.624055e-21
8.432437e+02;9.623583e-21
8.432937e+02;9.623111e-21
8.433437e+02;9.622639e-21
8.433937e+02;9.622167e-21
8.434437e+02;9.621694e-21
8.434937e+02;9.621222e-21
8.435437e+02;9.620750e-21
8.435937e+02;9.620278e-21
8.436437e+02;9.619806e-21
8.436937e+02;9.619335e-21
8.437437e+02;9.618863e-21
8.437938e+02;9.618391e-21
8.438438e+02;9.617919e-21
8.438938e+02;9.617447e-21
8.439438e+02;9.616976e-21
8.439938e+02;9.616504e-21
8.440438e+02;9.616033e-21
8.440938e+02;9.615561e-21
8.441438e+02;9.615090e-21
8.441938e+02;9.614618e-21
8.442438e+02;9.614147e-21
8.442938e+02;9.613676e-21
8.443438e+02;9.613204e-21
8.443938e+02;9.612733e-21
8.444438e+02;9.612262e-21
8.444938e+02;9.611791e-21
8.445438e+02;9.611320e-21
8.445938e+02;9.610848e-21
8.446438e+02;9.610377e-21
8.446938e+02;9.609906e-21
8.447438e+02;9.609436e-21
8.447938e+02;9.608965e-21
8.448438e+02;9.608494e-21
8.448938e+02;9.608023e-21
8.449438e+02;9.607552e-21
8.449938e+02;9.607082e-21
8.450438e+02;9.606611e-21
8.450938e+02;9.606140e-21
8.451438e+02;9.605670e-21
8.451938e+02;9.605199e-21
8.452438e+02;9.604729e-21
8.452938e+02;9.604258e-21
8.453438e+02;9.603788e-21
8.453938e+02;9.603318e-21
8.454438e+02;9.602847e-21
8.454938e+02;9.602377e-21
8.455438e+02;9.601907e-21
8.455938e+02;9.601437e-21
8.456438e+02;9.600967e-21
8.456938e+02;9.600497e-21
8.457438e+02;9.600027e-21
8.457938e+02;9.599557e-21
8.458438e+02;9.599087e-21
8.458938e+02;9.598617e-21
8.459438e+02;9.598147e-21
8.459938e+02;9.597677e-21
8.460438e+02;9.597207e-21
8.460938e+02;9.596738e-21
8.461438e+02;9.596268e-21
8.461938e+02;9.595798e-21
8.462438e+02;9.595329e-21
8.462939e+02;9.594859e-21
8.463439e+02;9.594390e-21
8.463939e+02;9.593920e-21
8.464439e+02;9.593451e-21
8.464939e+02;9.592982e-21
8.465439e+02;9.592512e-21
8.465939e+02;9.592043e-21
8.466439e+02;9.591574e-21
8.466939e+02;9.591105e-21
8.467439e+02;9.590636e-21
8.467939e+02;9.590167e-21
8.468439e+02;9.589698e-21
8.468939e+02;9.589229e-21
8.469439e+02;9.588760e-21
8.469939e+02;9.588291e-21
8.470439e+02;9.587822e-21
8.470939e+02;9.587353e-21
8.471439e+02;9.586884e-21
8.471939e+02;9.586416e-21
8.472439e+02;9.585947e-21
8.472939e+02;9.585478e-21
8.473439e+02;9.585010e-21
8.473939e+02;9.584541e-21
8.474439e+02;9.584073e-21
8.474939e+02;9.583604e-21
8.475439e+02;9.583136e-21
8.475939e+02;9.582668e-21
8.476439e+02;9.582199e-21
8.476939e+02;9.581731e-21
8.477439e+02;9.581263e-21
8.477939e+02;9.580795e-21
8.478439e+02;9.580327e-21
8.478939e+02;9.579859e-21
8.479439e+02;9.579391e-21
8.479939e+02;9.578923e-21
8.480439e+02;9.578455e-21
8.480939e+02;9.577987e-21
8.481439e+02;9.577519e-21
8.481939e+02;9.577051e-21
8.482439e+02;9.576583e-21
8.482939e+02;9.576116e-21
8.483439e+02;9.575648e-21
8.483939e+02;9.575180e-21
8.484439e+02;9.574713e-21
8.484939e+02;9.574245e-21
8.485439e+02;9.573778e-21
8.485939e+02;9.573310e-21
8.486439e+02;9.572843e-21
8.486939e+02;9.572376e-21
8.487439e+02;9.571908e-21
8.487940e+02;9.571441e-21
8.488440e+02;9.570974e-21
8.488940e+02;9.570507e-21
8.489440e+02;9.570039e-21
8.489940e+02;9.569572e-21
8.490440e+02;9.569105e-21
8.490940e+02;9.568638e-21
8.491440e+02;9.568171e-21
8.491940e+02;9.567705e-21
8.492440e+02;9.567238e-21
8.492940e+02;9.566771e-21
8.493440e+02;9.566304e-21
8.493940e+02;9.565837e-21
8.494440e+02;9.565371e-21
8.494940e+02;9.564904e-21
8.495440e+02;9.564438e-21
8.495940e+02;9.563971e-21
8.496440e+02;9.563504e-21
8.496940e+02;9.563038e-21
8.497440e+02;9.562572e-21
8.497940e+02;9.562105e-21
8.498440e+02;9.561639e-21
8.498940e+02;9.561173e-21
8.499440e+02;9.560706e-21
8.499940e+02;9.560240e-21
8.500440e+02;9.559774e-21
8.500940e+02;9.559308e-21
8.501440e+02;9.558842e-21
8.501940e+02;9.558376e-21
8.502440e+02;9.557910e-21
8.502940e+02;9.557444e-21
8.503440e+02;9.556978e-21
8.503940e+02;9.556512e-21
8.504440e+02;9.556047e-21
8.504940e+02;9.555581e-21
8.505440e+02;9.555115e-21
8.505940e+02;9.554650e-21
8.506440e+02;9.554184e-21
8.506940e+02;9.553718e-21
8.507440e+02;9.553253e-21
8.507940e+02;9.552787e-21
8.508440e+02;9.552322e-21
8.508940e+02;9.551857e-21
8.509440e+02;9.551391e-21
8.509940e+02;9.550926e-21
8.510440e+02;9.550461e-21
8.510940e+02;9.549996e-21
8.511440e+02;9.549530e-21
8.511940e+02;9.549065e-21
8.512440e+02;9.548600e-21
8.512941e+02;9.548135e-21
8.513441e+02;9.547670e-21
8.513941e+02;9.547205e-21
8.514441e+02;9.546740e-21
8.514941e+02;9.546276e-21
8.515441e+02;9.545811e-21
8.515941e+02;9.545346e-21
8.516441e+02;9.544881e-21
8.516941e+02;9.544417e-21
8.517441e+02;9.543952e-21
8.517941e+02;9.543488e-21
8.518441e+02;9.543023e-21
8.518941e+02;9.542559e-21
8.519441e+02;9.542094e-21
8.519941e+02;9.541630e-21
8.520441e+02;9.541165e-21
8.520941e+02;9.540701e-21
8.521441e+02;9.540237e-21
8.521941e+02;9.539773e-21
8.522441e+02;9.539308e-21
8.522941e+02;9.538844e-21
8.523441e+02;9.538380e-21
8.523941e+02;9.537916e-21
8.524441e+02;9.537452e-21
8.524941e+02;9.536988e-21
8.525441e+02;9.536524e-21
8.525941e+02;9.536060e-21
8.526441e+02;9.535597e-21
8.526941e+02;9.535133e-21
8.527441e+02;9.534669e-21
8.527941e+02;9.534205e-21
8.528441e+02;9.533742e-21
8.528941e+02;9.533278e-21
8.529441e+02;9.532815e-21
8.529941e+02;9.532351e-21
8.530441e+02;9.531888e-21
8.530941e+02;9.531424e-21
8.531441e+02;9.530961e-21
8.531941e+02;9.530498e-21
8.532441e+02;9.530034e-21
8.532941e+02;9.529571e-21
8.533441e+02;9.529108e-21
8.533941e+02;9.528645e-21
8.534441e+02;9.528182e-21
8.534941e+02;9.527719e-21
8.535441e+02;9.527256e-21
8.535941e+02;9.526793e-21
8.536441e+02;9.526330e-21
8.536941e+02;9.525867e-21
8.537441e+02;9.525404e-21
8.537942e+02;9.524941e-21
8.538442e+02;9.524478e-21
8.538942e+02;9.524016e-21
8.539442e+02;9.523553e-21
8.539942e+02;9.523091e-21
8.540442e+02;9.522628e-21
8.540942e+02;9.522165e-21
8.541442e+02;9.521703e-21
8.541942e+02;9.521241e-21
8.542442e+02;9.520778e-21
8.542942e+02;9.520316e-21
8.543442e+02;9.519853e-21
8.543942e+02;9.519391e-21
8.544442e+02;9.518929e-21
8.544942e+02;9.518467e-21
8.545442e+02;9.518005e-21
8.545942e+02;9.517543e-21
8.546442e+02;9.517081e-21
8.546942e+02;9.516619e-21
8.547442e+02;9.516157e-21
8.547942e+02;9.515695e-21
8.548442e+02;9.515233e-21
8.548942e+02;9.514771e-21
8.549442e+02;9.514309e-21
8.549942e+02;9.513848e-21
8.550442e+02;9.513386e-21
8.550942e+02;9.512924e-21
8.551442e+02;9.512463e-21
8.551942e+02;9.512001e-21
8.552442e+02;9.511540e-21
8.552942e+02;9.511078e-21
8.553442e+02;9.510617e-21
8.553942e+02;9.510155e-21
8.554442e+02;9.509694e-21
8.554942e+02;9.509233e-21
8.555442e+02;9.508771e-21
8.555942e+02;9.508310e-21
8.556442e+02;9.507849e-21
8.556942e+02;9.507388e-21
8.557442e+02;9.506927e-21
8.557942e+02;9.506466e-21
8.558442e+02;9.506005e-21
8.558942e+02;9.505544e-21
8.559442e+02;9.505083e-21
8.559942e+02;9.504622e-21
8.560442e+02;9.504162e-21
8.560942e+02;9.503701e-21
8.561442e+02;9.503240e-21
8.561942e+02;9.502779e-21
8.562442e+02;9.502319e-21
8.562943e+02;9.501858e-21
8.563443e+02;9.501398e-21
8.563943e+02;9.500937e-21
8.564443e+02;9.500477e-21
8.564943e+02;9.500016e-21
8.565443e+02;9.499556e-21
8.565943e+02;9.499096e-21
8.566443e+02;9.498635e-21
8.566943e+02;9.498175e-21
8.567443e+02;9.497715e-21
8.567943e+02;9.497255e-21
8.568443e+02;9.496795e-21
8.568943e+02;9.496335e-21
8.569443e+02;9.495875e-21
8.569943e+02;9.495415e-21
8.570443e+02;9.494955e-21
8.570943e+02;9.494495e-21
8.571443e+02;9.494035e-21
8.571943e+02;9.493575e-21
8.572443e+02;9.493116e-21
8.572943e+02;9.492656e-21
8.573443e+02;9.492196e-21
8.573943e+02;9.491737e-21
8.574443e+02;9.491277e-21
8.574943e+02;9.490817e-21
8.575443e+02;9.490358e-21
8.575943e+02;9.489899e-21
8.576443e+02;9.489439e-21
8.576943e+02;9.488980e-21
8.577443e+02;9.488521e-21
8.577943e+02;9.488061e-21
8.578443e+02;9.487602e-21
8.578943e+02;9.487143e-21
8.579443e+02;9.486684e-21
8.579943e+02;9.486225e-21
8.580443e+02;9.485766e-21
8.580943e+02;9.485307e-21
8.581443e+02;9.484848e-21
8.581943e+02;9.484389e-21
8.582443e+02;9.483930e-21
8.582943e+02;9.483471e-21
8.583443e+02;9.483012e-21
8.583943e+02;9.482554e-21
8.584443e+02;9.482095e-21
8.584943e+02;9.481636e-21
8.585443e+02;9.481178e-21
8.585943e+02;9.480719e-21
8.586443e+02;9.480261e-21
8.586943e+02;9.479802e-21
8.587443e+02;9.479344e-21
8.587944e+02;9.478885e-21
8.588444e+02;9.478427e-21
8.588944e+02;9.477969e-21
8.589444e+02;9.477510e-21
8.589944e+02;9.477052e-21
8.590444e+02;9.476594e-21
8.590944e+02;9.476136e-21
8.591444e+02;9.475678e-21
8.591944e+02;9.475220e-21
8.592444e+02;9.474762e-21
8.592944e+02;9.474304e-21
8.593444e+02;9.473846e-21
8.593944e+02;9.473388e-21
8.594444e+02;9.472930e-21
8.594944e+02;9.472473e-21
8.595444e+02;9.472015e-21
8.595944e+02;9.471557e-21
8.596444e+02;9.471099e-21
8.596944e+02;9.470642e-21
8.597444e+02;9.470184e-21
8.597944e+02;9.469727e-21
8.598444e+02;9.469269e-21
8.598944e+02;9.468812e-21
8.599444e+02;9.468355e-21
8.599944e+02;9.467897e-21
8.600444e+02;9.467440e-21
8.600944e+02;9.466983e-21
8.601444e+02;9.466525e-21
8.601944e+02;9.466068e-21
8.602444e+02;9.465611e-21
8.602944e+02;9.465154e-21
8.603444e+02;9.464697e-21
8.603944e+02;9.464240e-21
8.604444e+02;9.463783e-21
8.604944e+02;9.463326e-21
8.605444e+02;9.462869e-21
8.605944e+02;9.462413e-21
8.606444e+02;9.461956e-21
8.606944e+02;9.461499e-21
8.607444e+02;9.461042e-21
8.607944e+02;9.460586e-21
8.608444e+02;9.460129e-21
8.608944e+02;9.459673e-21
8.609444e+02;9.459216e-21
8.609944e+02;9.458760e-21
8.610444e+02;9.458303e-21
8.610944e+02;9.457847e-21
8.611444e+02;9.457391e-21
8.611944e+02;9.456934e-21
8.612444e+02;9.456478e-21
8.612945e+02;9.456022e-21
8.613445e+02;9.455566e-21
8.613945e+02;9.455110e-21
8.614445e+02;9.454653e-21
8.614945e+02;9.454197e-21
8.615445e+02;9.453741e-21
8.615945e+02;9.453286e-21
8.616445e+02;9.452830e-21
8.616945e+02;9.452374e-21
8.617445e+02;9.451918e-21
8.617945e+02;9.451462e-21
8.618445e+02;9.451006e-21
8.618945e+02;9.450551e-21
8.619445e+02;9.450095e-21
8.619945e+02;9.449640e-21
8.620445e+02;9.449184e-21
8.620945e+02;9.448728e-21
8.621445e+02;9.448273e-21
8.621945e+02;9.447818e-21
8.622445e+02;9.447362e-21
8.622945e+02;9.446907e-21
8.623445e+02;9.446452e-21
8.623945e+02;9.445996e-21
8.624445e+02;9.445541e-21
8.624945e+02;9.445086e-21
8.625445e+02;9.444631e-21
8.625945e+02;9.444176e-21
8.626445e+02;9.443721e-21
8.626945e+02;9.443266e-21
8.627445e+02;9.442811e-21
8.627945e+02;9.442356e-21
8.628445e+02;9.441901e-21
8.628945e+02;9.441446e-21
8.629445e+02;9.440991e-21
8.629945e+02;9.440537e-21
8.630445e+02;9.440082e-21
8.630945e+02;9.439627e-21
8.631445e+02;9.439173e-21
8.631945e+02;9.438718e-21
8.632445e+02;9.438264e-21
8.632945e+02;9.437809e-21
8.633445e+02;9.437355e-21
8.633945e+02;9.436900e-21
8.634445e+02;9.436446e-21
8.634945e+02;9.435992e-21
8.635445e+02;9.435538e-21
8.635945e+02;9.435083e-21
8.636445e+02;9.434629e-21
8.636945e+02;9.434175e-21
8.637445e+02;9.433721e-21
8.637946e+02;9.433267e-21
8.638446e+02;9.432813e-21
8.638946e+02;9.432359e-21
8.639446e+02;9.431905e-21
8.639946e+02;9.431451e-21
8.640446e+02;9.430997e-21
8.640946e+02;9.430544e-21
8.641446e+02;9.430090e-21
8.641946e+02;9.429636e-21
8.642446e+02;9.429183e-21
8.642946e+02;9.428729e-21
8.643446e+02;9.428275e-21
8.643946e+02;9.427822e-21
8.644446e+02;9.427368e-21
8.644946e+02;9.426915e-21
8.645446e+02;9.426462e-21
8.645946e+02;9.426008e-21
8.646446e+02;9.425555e-21
8.646946e+02;9.425102e-21
8.647446e+02;9.424648e-21
8.647946e+02;9.424195e-21
8.648446e+02;9.423742e-21
8.648946e+02;9.423289e-21
8.649446e+02;9.422836e-21
8.649946e+02;9.422383e-21
8.650446e+02;9.421930e-21
8.650946e+02;9.421477e-21
8.651446e+02;9.421024e-21
8.651946e+02;9.420571e-21
8.652446e+02;9.420119e-21
8.652946e+02;9.419666e-21
8.653446e+02;9.419213e-21
8.653946e+02;9.418761e-21
8.654446e+02;9.418308e-21
8.654946e+02;9.417855e-21
8.655446e+02;9.417403e-21
8.655946e+02;9.416950e-21
8.656446e+02;9.416498e-21
8.656946e+02;9.416045e-21
8.657446e+02;9.415593e-21
8.657946e+02;9.415141e-21
8.658446e+02;9.414689e-21
8.658946e+02;9.414236e-21
8.659446e+02;9.413784e-21
8.659946e+02;9.413332e-21
8.660446e+02;9.412880e-21
8.660946e+02;9.412428e-21
8.661446e+02;9.411976e-21
8.661946e+02;9.411524e-21
8.662446e+02;9.411072e-21
8.662947e+02;9.410620e-21
8.663447e+02;9.410168e-21
8.663947e+02;9.409716e-21
8.664447e+02;9.409265e-21
8.664947e+02;9.408813e-21
8.665447e+02;9.408361e-21
8.665947e+02;9.407910e-21
8.666447e+02;9.407458e-21
8.666947e+02;9.407006e-21
8.667447e+02;9.406555e-21
8.667947e+02;9.406103e-21
8.668447e+02;9.405652e-21
8.668947e+02;9.405201e-21
8.669447e+02;9.404749e-21
8.669947e+02;9.404298e-21
8.670447e+02;9.403847e-21
8.670947e+02;9.403396e-21
8.671447e+02;9.402944e-21
8.671947e+02;9.402493e-21
8.672447e+02;9.402042e-21
8.672947e+02;9.401591e-21
8.673447e+02;9.401140e-21
8.673947e+02;9.400689e-21
8.674447e+02;9.400238e-21
8.674947e+02;9.399788e-21
8.675447e+02;9.399337e-21
8.675947e+02;9.398886e-21
8.676447e+02;9.398435e-21
8.676947e+02;9.397985e-21
8.677447e+02;9.397534e-21
8.677947e+02;9.397083e-21
8.678447e+02;9.396633e-21
8.678947e+02;9.396182e-21
8.679447e+02;9.395732e-21
8.679947e+02;9.395281e-21
8.680447e+02;9.394831e-21
8.680947e+02;9.394381e-21
8.681447e+02;9.393930e-21
8.681947e+02;9.393480e-21
8.682447e+02;9.393030e-21
8.682947e+02;9.392580e-21
8.683447e+02;9.392129e-21
8.683947e+02;9.391679e-21
8.684447e+02;9.391229e-21
8.684947e+02;9.390779e-21
8.685447e+02;9.390329e-21
8.685947e+02;9.389879e-21
8.686447e+02;9.389430e-21
8.686947e+02;9.388980e-21
8.687447e+02;9.388530e-21
8.687948e+02;9.388080e-21
8.688448e+02;9.387630e-21
8.688948e+02;9.387181e-21
8.689448e+02;9.386731e-21
8.689948e+02;9.386282e-21
8.690448e+02;9.385832e-21
8.690948e+02;9.385382e-21
8.691448e+02;9.384933e-21
8.691948e+02;9.384484e-21
8.692448e+02;9.384034e-21
8.692948e+02;9.383585e-21
8.693448e+02;9.383136e-21
8.693948e+02;9.382686e-21
8.694448e+02;9.382237e-21
8.694948e+02;9.381788e-21
8.695448e+02;9.381339e-21
8.695948e+02;9.380890e-21
8.696448e+02;9.380441e-21
8.696948e+02;9.379992e-21
8.697448e+02;9.379543e-21
8.697948e+02;9.379094e-21
8.698448e+02;9.378645e-21
8.698948e+02;9.378196e-21
8.699448e+02;9.377748e-21
8.699948e+02;9.377299e-21
8.700448e+02;9.376850e-21
8.700948e+02;9.376401e-21
8.701448e+02;9.375953e-21
8.701948e+02;9.375504e-21
8.702448e+02;9.375056e-21
8.702948e+02;9.374607e-21
8.703448e+02;9.374159e-21
8.703948e+02;9.373710e-21
8.704448e+02;9.373262e-21
8.704948e+02;9.372814e-21
8.705448e+02;9.372366e-21
8.705948e+02;9.371917e-21
8.706448e+02;9.371469e-21
8.706948e+02;9.371021e-21
8.707448e+02;9.370573e-21
8.707948e+02;9.370125e-21
8.708448e+02;9.369677e-21
8.708948e+02;9.369229e-21
8.709448e+02;9.368781e-21
8.709948e+02;9.368333e-21
8.710448e+02;9.367885e-21
8.710948e+02;9.367437e-21
8.711448e+02;9.366990e-21
8.711948e+02;9.366542e-21
8.712448e+02;9.366094e-21
8.712949e+02;9.365647e-21
8.713449e+02;9.365199e-21
8.713949e+02;9.364751e-21
8.714449e+02;9.364304e-21
8.714949e+02;9.363857e-21
8.715449e+02;9.363409e-21
8.715949e+02;9.362962e-21
8.716449e+02;9.362514e-21
8.716949e+02;9.362067e-21
8.717449e+02;9.361620e-21
8.717949e+02;9.361173e-21
8.718449e+02;9.360725e-21
8.718949e+02;9.360278e-21
8.719449e+02;9.359831e-21
8.719949e+02;9.359384e-21
8.720449e+02;9.358937e-21
8.720949e+02;9.358490e-21
8.721449e+02;9.358043e-21
8.721949e+02;9.357596e-21
8.722449e+02;9.357150e-21
8.722949e+02;9.356703e-21
8.723449e+02;9.356256e-21
8.723949e+02;9.355809e-21
8.724449e+02;9.355363e-21
8.724949e+02;9.354916e-21
8.725449e+02;9.354470e-21
8.725949e+02;9.354023e-21
8.726449e+02;9.353577e-21
8.726949e+02;9.353130e-21
8.727449e+02;9.352684e-21
8.727949e+02;9.352237e-21
8.728449e+02;9.351791e-21
8.728949e+02;9.351345e-21
8.729449e+02;9.350898e-21
8.729949e+02;9.350452e-21
8.730449e+02;9.350006e-21
8.730949e+02;9.349560e-21
8.731449e+02;9.349114e-21
8.731949e+02;9.348668e-21
8.732449e+02;9.348222e-21
8.732949e+02;9.347776e-21
8.733449e+02;9.347330e-21
8.733949e+02;9.346884e-21
8.734449e+02;9.346438e-21
8.734949e+02;9.345993e-21
8.735449e+02;9.345547e-21
8.735949e+02;9.345101e-21
8.736449e+02;9.344655e-21
8.736949e+02;9.344210e-21
8.737449e+02;9.343764e-21
8.737950e+02;9.343319e-21
8.738450e+02;9.342873e-21
8.738950e+02;9.342428e-21
8.739450e+02;9.341982e-21
8.739950e+02;9.341537e-21
8.740450e+02;9.341092e-21
8.740950e+02;9.340647e-21
8.741450e+02;9.340201e-21
8.741950e+02;9.339756e-21
8.742450e+02;9.339311e-21
8.742950e+02;9.338866e-21
8.743450e+02;9.338421e-21
8.743950e+02;9.337976e-21
8.744450e+02;9.337531e-21
8.744950e+02;9.337086e-21
8.745450e+02;9.336641e-21
8.745950e+02;9.336196e-21
8.746450e+02;9.335751e-21
8.746950e+02;9.335306e-21
8.747450e+02;9.334862e-21
8.747950e+02;9.334417e-21
8.748450e+02;9.333972e-21
8.748950e+02;9.333528e-21
8.749450e+02;9.333083e-21
8.749950e+02;9.332639e-21
8.750450e+02;9.332194e-21
8.750950e+02;9.331750e-21
8.751450e+02;9.331305e-21
8.751950e+02;9.330861e-21
8.752450e+02;9.330417e-21
8.752950e+02;9.329972e-21
8.753450e+02;9.329528e-21
8.753950e+02;9.329084e-21
8.754450e+02;9.328640e-21
8.754950e+02;9.328196e-21
8.755450e+02;9.327752e-21
8.755950e+02;9.327308e-21
8.756450e+02;9.326864e-21
8.756950e+02;9.326420e-21
8.757450e+02;9.325976e-21
8.757950e+02;9.325532e-21
8.758450e+02;9.325088e-21
8.758950e+02;9.324644e-21
8.759450e+02;9.324201e-21
8.759950e+02;9.323757e-21
8.760450e+02;9.323313e-21
8.760950e+02;9.322870e-21
8.761450e+02;9.322426e-21
8.761950e+02;9.321983e-21
8.762450e+02;9.321539e-21
8.762951e+02;9.321096e-21
8.763451e+02;9.320652e-21
8.763951e+02;9.320209e-21
8.764451e+02;9.319766e-21
8.764951e+02;9.319323e-21
8.765451e+02;9.318879e-21
8.765951e+02;9.318436e-21
8.766451e+02;9.317993e-21
8.766951e+02;9.317550e-21
8.767451e+02;9.317107e-21
8.767951e+02;9.316664e-21
8.768451e+02;9.316221e-21
8.768951e+02;9.315778e-21
8.769451e+02;9.315335e-21
8.769951e+02;9.314892e-21
8.770451e+02;9.314449e-21
8.770951e+02;9.314007e-21
8.771451e+02;9.313564e-21
8.771951e+02;9.313121e-21
8.772451e+02;9.312678e-21
8.772951e+02;9.312236e-21
8.773451e+02;9.311793e-21
8.773951e+02;9.311351e-21
8.774451e+02;9.310908e-21
8.774951e+02;9.310466e-21
8.775451e+02;9.310023e-21
8.775951e+02;9.309581e-21
8.776451e+02;9.309139e-21
8.776951e+02;9.308697e-21
8.777451e+02;9.308254e-21
8.777951e+02;9.307812e-21
8.778451e+02;9.307370e-21
8.778951e+02;9.306928e-21
8.779451e+02;9.306486e-21
8.779951e+02;9.306044e-21
8.780451e+02;9.305602e-21
8.780951e+02;9.305160e-21
8.781451e+02;9.304718e-21
8.781951e+02;9.304276e-21
8.782451e+02;9.303834e-21
8.782951e+02;9.303393e-21
8.783451e+02;9.302951e-21
8.783951e+02;9.302509e-21
8.784451e+02;9.302067e-21
8.784951e+02;9.301626e-21
8.785451e+02;9.301184e-21
8.785951e+02;9.300743e-21
8.786451e+02;9.300301e-21
8.786951e+02;9.299860e-21
8.787451e+02;9.299418e-21
8.787952e+02;9.298977e-21
8.788452e+02;9.298536e-21
8.788952e+02;9.298094e-21
8.789452e+02;9.297653e-21
8.789952e+02;9.297212e-21
8.790452e+02;9.296771e-21
8.790952e+02;9.296330e-21
8.791452e+02;9.295889e-21
8.791952e+02;9.295448e-21
8.792452e+02;9.295007e-21
8.792952e+02;9.294566e-21
8.793452e+02;9.294125e-21
8.793952e+02;9.293684e-21
8.794452e+02;9.293243e-21
8.794952e+02;9.292802e-21
8.795452e+02;9.292362e-21
8.795952e+02;9.291921e-21
8.796452e+02;9.291480e-21
8.796952e+02;9.291040e-21
8.797452e+02;9.290599e-21
8.797952e+02;9.290159e-21
8.798452e+02;9.289718e-21
8.798952e+02;9.289278e-21
8.799452e+02;9.288837e-21
8.799952e+02;9.288397e-21
8.800452e+02;9.287957e-21
8.800952e+02;9.287516e-21
8.801452e+02;9.287076e-21
8.801952e+02;9.286636e-21
8.802452e+02;9.286196e-21
8.802952e+02;9.285756e-21
8.803452e+02;9.285315e-21
8.803952e+02;9.284875e-21
8.804452e+02;9.284435e-21
8.804952e+02;9.283995e-21
8.805452e+02;9.283556e-21
8.805952e+02;9.283116e-21
8.806452e+02;9.282676e-21
8.806952e+02;9.282236e-21
8.807452e+02;9.281796e-21
8.807952e+02;9.281357e-21
8.808452e+02;9.280917e-21
8.808952e+02;9.280477e-21
8.809452e+02;9.280038e-21
8.809952e+02;9.279598e-21
8.810452e+02;9.279159e-21
8.810952e+02;9.278719e-21
8.811452e+02;9.278280e-21
8.811952e+02;9.277840e-21
8.812452e+02;9.277401e-21
8.812953e+02;9.276962e-21
8.813453e+02;9.276522e-21
8.813953e+02;9.276083e-21
8.814453e+02;9.275644e-21
8.814953e+02;9.275205e-21
8.815453e+02;9.274766e-21
8.815953e+02;9.274327e-21
8.816453e+02;9.273888e-21
8.816953e+02;9.273449e-21
8.817453e+02;9.273010e-21
8.817953e+02;9.272571e-21
8.818453e+02;9.272132e-21
8.818953e+02;9.271693e-21
8.819453e+02;9.271255e-21
8.819953e+02;9.270816e-21
8.820453e+02;9.270377e-21
8.820953e+02;9.269939e-21
8.821453e+02;9.269500e-21
8.821953e+02;9.269061e-21
8.822453e+02;9.268623e-21
8.822953e+02;9.268184e-21
8.823453e+02;9.267746e-21
8.823953e+02;9.267308e-21
8.824453e+02;9.266869e-21
8.824953e+02;9.266431e-21
8.825453e+02;9.265993e-21
8.825953e+02;9.265554e-21
8.826453e+02;9.265116e-21
8.826953e+02;9.264678e-21
8.827453e+02;9.264240e-21
8.827953e+02;9.263802e-21
8.828453e+02;9.263364e-21
8.828953e+02;9.262926e-21
8.829453e+02;9.262488e-21
8.829953e+02;9.262050e-21
8.830453e+02;9.261612e-21
8.830953e+02;9.261174e-21
8.831453e+02;9.260737e-21
8.831953e+02;9.260299e-21
8.832453e+02;9.259861e-21
8.832953e+02;9.259424e-21
8.833453e+02;9.258986e-21
8.833953e+02;9.258548e-21
8.834453e+02;9.258111e-21
8.834953e+02;9.257673e-21
8.835453e+02;9.257236e-21
8.835953e+02;9.256798e-21
8.836453e+02;9.256361e-21
8.836953e+02;9.255924e-21
8.837453e+02;9.255486e-21
8.837954e+02;9.255049e-21
8.838454e+02;9.254612e-21
8.838954e+02;9.254175e-21
8.839454e+02;9.253738e-21
8.839954e+02;9.253301e-21
8.840454e+02;9.252864e-21
8.840954e+02;9.252427e-21
8.841454e+02;9.251990e-21
8.841954e+02;9.251553e-21
8.842454e+02;9.251116e-21
8.842954e+02;9.250679e-21
8.843454e+02;9.250242e-21
8.843954e+02;9.249805e-21
8.844454e+02;9.249369e-21
8.844954e+02;9.248932e-21
8.845454e+02;9.248495e-21
8.845954e+02;9.248059e-21
8.846454e+02;9.247622e-21
8.846954e+02;9.247186e-21
8.847454e+02;9.246749e-21
8.847954e+02;9.246313e-21
8.848454e+02;9.245876e-21
8.848954e+02;9.245440e-21
8.849454e+02;9.245004e-21
8.849954e+02;9.244567e-21
8.850454e+02;9.244131e-21
8.850954e+02;9.243695e-21
8.851454e+02;9.243259e-21
8.851954e+02;9.242823e-21
8.852454e+02;9.242387e-21
8.852954e+02;9.241951e-21
8.853454e+02;9.241515e-21
8.853954e+02;9.241079e-21
8.854454e+02;9.240643e-21
8.854954e+02;9.240207e-21
8.855454e+02;9.239771e-21
8.855954e+02;9.239335e-21
8.856454e+02;9.238900e-21
8.856954e+02;9.238464e-21
8.857454e+02;9.238028e-21
8.857954e+02;9.237593e-21
8.858454e+02;9.237157e-21
8.858954e+02;9.236721e-21
8.859454e+02;9.236286e-21
8.859954e+02;9.235851e-21
8.860454e+02;9.235415e-21
8.860954e+02;9.234980e-21
8.861454e+02;9.234544e-21
8.861954e+02;9.234109e-21
8.862454e+02;9.233674e-21
8.862955e+02;9.233239e-21
8.863455e+02;9.232803e-21
8.863955e+02;9.232368e-21
8.864455e+02;9.231933e-21
8.864955e+02;9.231498e-21
8.865455e+02;9.231063e-21
8.865955e+02;9.230628e-21
8.866455e+02;9.230193e-21
8.866955e+02;9.229758e-21
8.867455e+02;9.229324e-21
8.867955e+02;9.228889e-21
8.868455e+02;9.228454e-21
8.868955e+02;9.228019e-21
8.869455e+02;9.227585e-21
8.869955e+02;9.227150e-21
8.870455e+02;9.226715e-21
8.870955e+02;9.226281e-21
8.871455e+02;9.225846e-21
8.871955e+02;9.225412e-21
8.872455e+02;9.224977e-21
8.872955e+02;9.224543e-21
8.873455e+02;9.224108e-21
8.873955e+02;9.223674e-21
8.874455e+02;9.223240e-21
8.874955e+02;9.222806e-21
8.875455e+02;9.222371e-21
8.875955e+02;9.221937e-21
8.876455e+02;9.221503e-21
8.876955e+02;9.221069e-21
8.877455e+02;9.220635e-21
8.877955e+02;9.220201e-21
8.878455e+02;9.219767e-21
8.878955e+02;9.219333e-21
8.879455e+02;9.218899e-21
8.879955e+02;9.218465e-21
8.880455e+02;9.218032e-21
8.880955e+02;9.217598e-21
8.881455e+02;9.217164e-21
8.881955e+02;9.216730e-21
8.882455e+02;9.216297e-21
8.882955e+02;9.215863e-21
8.883455e+02;9.215430e-21
8.883955e+02;9.214996e-21
8.884455e+02;9.214563e-21
8.884955e+02;9.214129e-21
8.885455e+02;9.213696e-21
8.885955e+02;9.213262e-21
8.886455e+02;9.212829e-21
8.886955e+02;9.212396e-21
8.887455e+02;9.211963e-21
8.887956e+02;9.211529e-21
8.888456e+02;9.211096e-21
8.888956e+02;9.210663e-21
8.889456e+02;9.210230e-21
8.889956e+02;9.209797e-21
8.890456e+02;9.209364e-21
8.890956e+02;9.208931e-21
8.891456e+02;9.208498e-21
8.891956e+02;9.208065e-21
8.892456e+02;9.207632e-21
8.892956e+02;9.207200e-21
8.893456e+02;9.206767e-21
8.893956e+02;9.206334e-21
8.894456e+02;9.205902e-21
8.894956e+02;9.205469e-21
8.895456e+02;9.205036e-21
8.895956e+02;9.204604e-21
8.896456e+02;9.204171e-21
8.896956e+02;9.203739e-21
8.897456e+02;9.203306e-21
8.897956e+02;9.202874e-21
8.898456e+02;9.202442e-21
8.898956e+02;9.202009e-21
8.899456e+02;9.201577e-21
8.899956e+02;9.201145e-21
8.900456e+02;9.200713e-21
8.900956e+02;9.200280e-21
8.901456e+02;9.199848e-21
8.901956e+02;9.199416e-21
8.902456e+02;9.198984e-21
8.902956e+02;9.198552e-21
8.903456e+02;9.198120e-21
8.903956e+02;9.197688e-21
8.904456e+02;9.197257e-21
8.904956e+02;9.196825e-21
8.905456e+02;9.196393e-21
8.905956e+02;9.195961e-21
8.906456e+02;9.195529e-21
8.906956e+02;9.195098e-21
8.907456e+02;9.194666e-21
8.907956e+02;9.194235e-21
8.908456e+02;9.193803e-21
8.908956e+02;9.193372e-21
8.909456e+02;9.192940e-21
8.909956e+02;9.192509e-21
8.910456e+02;9.192077e-21
8.910956e+02;9.191646e-21
8.911456e+02;9.191215e-21
8.911956e+02;9.190783e-21
8.912456e+02;9.190352e-21
8.912957e+02;9.189921e-21
8.913457e+02;9.189490e-21
8.913957e+02;9.189059e-21
8.914457e+02;9.188628e-21
8.914957e+02;9.188197e-21
8.915457e+02;9.187766e-21
8.915957e+02;9.187335e-21
8.916457e+02;9.186904e-21
8.916957e+02;9.186473e-21
8.917457e+02;9.186042e-21
8.917957e+02;9.185611e-21
8.918457e+02;9.185180e-21
8.918957e+02;9.184750e-21
8.919457e+02;9.184319e-21
8.919957e+02;9.183888e-21
8.920457e+02;9.183458e-21
8.920957e+02;9.183027e-21
8.921457e+02;9.182597e-21
8.921957e+02;9.182166e-21
8.922457e+02;9.181736e-21
8.922957e+02;9.181305e-21
8.923457e+02;9.180875e-21
8.923957e+02;9.180445e-21
8.924457e+02;9.180015e-21
8.924957e+02;9.179584e-21
8.925457e+02;9.179154e-21
8.925957e+02;9.178724e-21
8.926457e+02;9.178294e-21
8.926957e+02;9.177864e-21
8.927457e+02;9.177434e-21
8.927957e+02;9.177004e-21
8.928457e+02;9.176574e-21
8.928957e+02;9.176144e-21
8.929457e+02;9.175714e-21
8.929957e+02;9.175284e-21
8.930457e+02;9.174854e-21
8.930957e+02;9.174425e-21
8.931457e+02;9.173995e-21
8.931957e+02;9.173565e-21
8.932457e+02;9.173136e-21
8.932957e+02;9.172706e-21
8.933457e+02;9.172276e-21
8.933957e+02;9.171847e-21
8.934457e+02;9.171417e-21
8.934957e+02;9.170988e-21
8.935457e+02;9.170559e-21
8.935957e+02;9.170129e-21
8.936457e+02;9.169700e-21
8.936957e+02;9.169271e-21
8.937457e+02;9.168841e-21
8.937958e+02;9.168412e-21
8.938458e+02;9.167983e-21
8.938958e+02;9.167554e-21
8.939458e+02;9.167125e-21
8.939958e+02;9.166696e-21
8.940458e+02;9.166267e-21
8.940958e+02;9.165838e-21
8.941458e+02;9.165409e-21
8.941958e+02;9.164980e-21
8.942458e+02;9.164551e-21
8.942958e+02;9.164122e-21
8.943458e+02;9.163694e-21
8.943958e+02;9.163265e-21
8.944458e+02;9.162836e-21
8.944958e+02;9.162408e-21
8.945458e+02;9.161979e-21
8.945958e+02;9.161551e-21
8.946458e+02;9.161122e-21
8.946958e+02;9.160694e-21
8.947458e+02;9.160265e-21
8.947958e+02;9.159837e-21
8.948458e+02;9.159408e-21
8.948958e+02;9.158980e-21
8.949458e+02;9.158552e-21
8.949958e+02;9.158123e-21
8.950458e+02;9.157695e-21
8.950958e+02;9.157267e-21
8.951458e+02;9.156839e-21
8.951958e+02;9.156411e-21
8.952458e+02;9.155983e-21
8.952958e+02;9.155555e-21
8.953458e+02;9.155127e-21
8.953958e+02;9.154699e-21
8.954458e+02;9.154271e-21
8.954958e+02;9.153843e-21
8.955458e+02;9.153415e-21
8.955958e+02;9.152988e-21
8.956458e+02;9.152560e-21
8.956958e+02;9.152132e-21
8.957458e+02;9.151705e-21
8.957958e+02;9.151277e-21
8.958458e+02;9.150849e-21
8.958958e+02;9.150422e-21
8.959458e+02;9.149994e-21
8.959958e+02;9.149567e-21
8.960458e+02;9.149139e-21
8.960958e+02;9.148712e-21
8.961458e+02;9.148285e-21
8.961958e+02;9.147857e-21
8.962458e+02;9.147430e-21
8.962959e+02;9.147003e-21
8.963459e+02;9.146576e-21
8.963959e+02;9.146149e-21
8.964459e+02;9.145722e-21
8.964959e+02;9.145294e-21
8.965459e+02;9.144867e-21
8.965959e+02;9.144440e-21
8.966459e+02;9.144014e-21
8.966959e+02;9.143587e-21
8.967459e+02;9.143160e-21
8.967959e+02;9.142733e-21
8.968459e+02;9.142306e-21
8.968959e+02;9.141879e-21
8.969459e+02;9.141453e-21
8.969959e+02;9.141026e-21
8.970459e+02;9.140599e-21
8.970959e+02;9.140173e-21
8.971459e+02;9.139746e-21
8.971959e+02;9.139320e-21
8.972459e+02;9.138893e-21
8.972959e+02;9.138467e-21
8.973459e+02;9.138040e-21
8.973959e+02;9.137614e-21
8.974459e+02;9.137188e-21
8.974959e+02;9.136762e-21
8.975459e+02;9.136335e-21
8.975959e+02;9.135909e-21
8.976459e+02;9.135483e-21
8.976959e+02;9.135057e-21
8.977459e+02;9.134631e-21
8.977959e+02;9.134205e-21
8.978459e+02;9.133779e-21
8.978959e+02;9.133353e-21
8.979459e+02;9.132927e-21
8.979959e+02;9.132501e-21
8.980459e+02;9.132075e-21
8.980959e+02;9.131649e-21
8.981459e+02;9.131224e-21
8.981959e+02;9.130798e-21
8.982459e+02;9.130372e-21
8.982959e+02;9.129946e-21
8.983459e+02;9.129521e-21
8.983959e+02;9.129095e-21
8.984459e+02;9.128670e-21
8.984959e+02;9.128244e-21
8.985459e+02;9.127819e-21
8.985959e+02;9.127393e-21
8.986459e+02;9.126968e-21
8.986959e+02;9.126543e-21
8.987459e+02;9.126117e-21
8.987960e+02;9.125692e-21
8.988460e+02;9.125267e-21
8.988960e+02;9.124842e-21
8.989460e+02;9.124417e-21
8.989960e+02;9.123992e-21
8.990460e+02;9.123567e-21
8.990960e+02;9.123141e-21
8.991460e+02;9.122717e-21
8.991960e+02;9.122292e-21
8.992460e+02;9.121867e-21
8.992960e+02;9.121442e-21
8.993460e+02;9.121017e-21
8.993960e+02;9.120592e-21
8.994460e+02;9.120167e-21
8.994960e+02;9.119743e-21
8.995460e+02;9.119318e-21
8.995960e+02;9.118893e-21
8.996460e+02;9.118469e-21
8.996960e+02;9.118044e-21
8.997460e+02;9.117620e-21
8.997960e+02;9.117195e-21
8.998460e+02;9.116771e-21
8.998960e+02;9.116347e-21
8.999460e+02;9.115922e-21
8.999960e+02;9.115498e-21
9.000460e+02;9.115074e-21
9.000960e+02;9.114649e-21
9.001460e+02;9.114225e-21
9.001960e+02;9.113801e-21
9.002460e+02;9.113377e-21
9.002960e+02;9.112953e-21
9.003460e+02;9.112529e-21
9.003960e+02;9.112105e-21
9.004460e+02;9.111681e-21
9.004960e+02;9.111257e-21
9.005460e+02;9.110833e-21
9.005960e+02;9.110409e-21
9.006460e+02;9.109985e-21
9.006960e+02;9.109562e-21
9.007460e+02;9.109138e-21
9.007960e+02;9.108714e-21
9.008460e+02;9.108290e-21
9.008960e+02;9.107867e-21
9.009460e+02;9.107443e-21
9.009960e+02;9.107020e-21
9.010460e+02;9.106596e-21
9.010960e+02;9.106173e-21
9.011460e+02;9.105749e-21
9.011960e+02;9.105326e-21
9.012460e+02;9.104903e-21
9.012961e+02;9.104479e-21
9.013461e+02;9.104056e-21
9.013961e+02;9.103633e-21
9.014461e+02;9.103210e-21
9.014961e+02;9.102787e-21
9.015461e+02;9.102363e-21
9.015961e+02;9.101940e-21
9.016461e+02;9.101517e-21
9.016961e+02;9.101094e-21
9.017461e+02;9.100671e-21
9.017961e+02;9.100249e-21
9.018461e+02;9.099826e-21
9.018961e+02;9.099403e-21
9.019461e+02;9.098980e-21
9.019961e+02;9.098557e-21
9.020461e+02;9.098135e-21
9.020961e+02;9.097712e-21
9.021461e+02;9.097289e-21
9.021961e+02;9.096867e-21
9.022461e+02;9.096444e-21
9.022961e+02;9.096022e-21
9.023461e+02;9.095599e-21
9.023961e+02;9.095177e-21
9.024461e+02;9.094754e-21
9.024961e+02;9.094332e-21
9.025461e+02;9.093909e-21
9.025961e+02;9.093487e-21
9.026461e+02;9.093065e-21
9.026961e+02;9.092643e-21
9.027461e+02;9.092221e-21
9.027961e+02;9.091798e-21
9.028461e+02;9.091376e-21
9.028961e+02;9.090954e-21
9.029461e+02;9.090532e-21
9.029961e+02;9.090110e-21
9.030461e+02;9.089688e-21
9.030961e+02;9.089266e-21
9.031461e+02;9.088845e-21
9.031961e+02;9.088423e-21
9.032461e+02;9.088001e-21
9.032961e+02;9.087579e-21
9.033461e+02;9.087157e-21
9.033961e+02;9.086736e-21
9.034461e+02;9.086314e-21
9.034961e+02;9.085893e-21
9.035461e+02;9.085471e-21
9.035961e+02;9.085050e-21
9.036461e+02;9.084628e-21
9.036961e+02;9.084207e-21
9.037461e+02;9.083785e-21
9.037962e+02;9.083364e-21
9.038462e+02;9.082943e-21
9.038962e+02;9.082521e-21
9.039462e+02;9.082100e-21
9.039962e+02;9.081679e-21
9.040462e+02;9.081258e-21
9.040962e+02;9.080836e-21
9.041462e+02;9.080415e-21
9.041962e+02;9.079994e-21
9.042462e+02;9.079573e-21
9.042962e+02;9.079152e-21
9.043462e+02;9.078731e-21
9.043962e+02;9.078310e-21
9.044462e+02;9.077890e-21
9.044962e+02;9.077469e-21
9.045462e+02;9.077048e-21
9.045962e+02;9.076627e-21
9.046462e+02;9.076207e-21
9.046962e+02;9.075786e-21
9.047462e+02;9.075365e-21
9.047962e+02;9.074945e-21
9.048462e+02;9.074524e-21
9.048962e+02;9.074104e-21
9.049462e+02;9.073683e-21
9.049962e+02;9.073263e-21
9.050462e+02;9.072842e-21
9.050962e+02;9.072422e-21
9.051462e+02;9.072002e-21
9.051962e+02;9.071581e-21
9.052462e+02;9.071161e-21
9.052962e+02;9.070741e-21
9.053462e+02;9.070321e-21
9.053962e+02;9.069901e-21
9.054462e+02;9.069481e-21
9.054962e+02;9.069060e-21
9.055462e+02;9.068640e-21
9.055962e+02;9.068220e-21
9.056462e+02;9.067801e-21
9.056962e+02;9.067381e-21
9.057462e+02;9.066961e-21
9.057962e+02;9.066541e-21
9.058462e+02;9.066121e-21
9.058962e+02;9.065701e-21
9.059462e+02;9.065282e-21
9.059962e+02;9.064862e-21
9.060462e+02;9.064442e-21
9.060962e+02;9.064023e-21
9.061462e+02;9.063603e-21
9.061962e+02;9.063184e-21
9.062462e+02;9.062764e-21
9.062963e+02;9.062345e-21
9.063463e+02;9.061925e-21
9.063963e+02;9.061506e-21
9.064463e+02;9.061087e-21
9.064963e+02;9.060668e-21
9.065463e+02;9.060248e-21
9.065963e+02;9.059829e-21
9.066463e+02;9.059410e-21
9.066963e+02;9.058991e-21
9.067463e+02;9.058572e-21
9.067963e+02;9.058153e-21
9.068463e+02;9.057734e-21
9.068963e+02;9.057315e-21
9.069463e+02;9.056896e-21
9.069963e+02;9.056477e-21
9.070463e+02;9.056058e-21
9.070963e+02;9.055639e-21
9.071463e+02;9.055220e-21
9.071963e+02;9.054802e-21
9.072463e+02;9.054383e-21
9.072963e+02;9.053964e-21
9.073463e+02;9.053546e-21
9.073963e+02;9.053127e-21
9.074463e+02;9.052708e-21
9.074963e+02;9.052290e-21
9.075463e+02;9.051871e-21
9.075963e+02;9.051453e-21
9.076463e+02;9.051035e-21
9.076963e+02;9.050616e-21
9.077463e+02;9.050198e-21
9.077963e+02;9.049780e-21
9.078463e+02;9.049361e-21
9.078963e+02;9.048943e-21
9.079463e+02;9.048525e-21
9.079963e+02;9.048107e-21
9.080463e+02;9.047689e-21
9.080963e+02;9.047271e-21
9.081463e+02;9.046853e-21
9.081963e+02;9.046435e-21
9.082463e+02;9.046017e-21
9.082963e+02;9.045599e-21
9.083463e+02;9.045181e-21
9.083963e+02;9.044763e-21
9.084463e+02;9.044345e-21
9.084963e+02;9.043928e-21
9.085463e+02;9.043510e-21
9.085963e+02;9.043092e-21
9.086463e+02;9.042675e-21
9.086963e+02;9.042257e-21
9.087463e+02;9.041839e-21
9.087964e+02;9.041422e-21
9.088464e+02;9.041004e-21
9.088964e+02;9.040587e-21
9.089464e+02;9.040170e-21
9.089964e+02;9.039752e-21
9.090464e+02;9.039335e-21
9.090964e+02;9.038918e-21
9.091464e+02;9.038500e-21
9.091964e+02;9.038083e-21
9.092464e+02;9.037666e-21
9.092964e+02;9.037249e-21
9.093464e+02;9.036832e-21
9.093964e+02;9.036415e-21
9.094464e+02;9.035998e-21
9.094964e+02;9.035581e-21
9.095464e+02;9.035164e-21
9.095964e+02;9.034747e-21
9.096464e+02;9.034330e-21
9.096964e+02;9.033913e-21
9.097464e+02;9.033496e-21
9.097964e+02;9.033079e-21
9.098464e+02;9.032663e-21
9.098964e+02;9.032246e-21
9.099464e+02;9.031829e-21
9.099964e+02;9.031413e-21
9.100464e+02;9.030996e-21
9.100964e+02;9.030580e-21
9.101464e+02;9.030163e-21
9.101964e+02;9.029747e-21
9.102464e+02;9.029330e-21
9.102964e+02;9.028914e-21
9.103464e+02;9.028498e-21
9.103964e+02;9.028081e-21
9.104464e+02;9.027665e-21
9.104964e+02;9.027249e-21
9.105464e+02;9.026833e-21
9.105964e+02;9.026416e-21
9.106464e+02;9.026000e-21
9.106964e+02;9.025584e-21
9.107464e+02;9.025168e-21
9.107964e+02;9.024752e-21
9.108464e+02;9.024336e-21
9.108964e+02;9.023920e-21
9.109464e+02;9.023504e-21
9.109964e+02;9.023089e-21
9.110464e+02;9.022673e-21
9.110964e+02;9.022257e-21
9.111464e+02;9.021841e-21
9.111964e+02;9.021425e-21
9.112464e+02;9.021010e-21
9.112965e+02;9.020594e-21
9.113465e+02;9.020179e-21
9.113965e+02;9.019763e-21
9.114465e+02;9.019348e-21
9.114965e+02;9.018932e-21
9.115465e+02;9.018517e-21
9.115965e+02;9.018101e-21
9.116465e+02;9.017686e-21
9.116965e+02;9.017271e-21
9.117465e+02;9.016855e-21
9.117965e+02;9.016440e-21
9.118465e+02;9.016025e-21
9.118965e+02;9.015610e-21
9.119465e+02;9.015195e-21
9.119965e+02;9.014779e-21
9.120465e+02;9.014364e-21
9.120965e+02;9.013949e-21
9.121465e+02;9.013534e-21
9.121965e+02;9.013119e-21
9.122465e+02;9.012705e-21
9.122965e+02;9.012290e-21
9.123465e+02;9.011875e-21
9.123965e+02;9.011460e-21
9.124465e+02;9.011045e-21
9.124965e+02;9.010631e-21
9.125465e+02;9.010216e-21
9.125965e+02;9.009801e-21
9.126465e+02;9.009387e-21
9.126965e+02;9.008972e-21
9.127465e+02;9.008558e-21
9.127965e+02;9.008143e-21
9.128465e+02;9.007729e-21
9.128965e+02;9.007314e-21
9.129465e+02;9.006900e-21
9.129965e+02;9.006485e-21
9.130465e+02;9.006071e-21
9.130965e+02;9.005657e-21
9.131465e+02;9.005243e-21
9.131965e+02;9.004829e-21
9.132465e+02;9.004414e-21
9.132965e+02;9.004000e-21
9.133465e+02;9.003586e-21
9.133965e+02;9.003172e-21
9.134465e+02;9.002758e-21
9.134965e+02;9.002344e-21
9.135465e+02;9.001930e-21
9.135965e+02;9.001516e-21
9.136465e+02;9.001103e-21
9.136965e+02;9.000689e-21
9.137465e+02;9.000275e-21
9.137966e+02;8.999861e-21
9.138466e+02;8.999447e-21
9.138966e+02;8.999034e-21
9.139466e+02;8.998620e-21
9.139966e+02;8.998207e-21
9.140466e+02;8.997793e-21
9.140966e+02;8.997380e-21
9.141466e+02;8.996966e-21
9.141966e+02;8.996553e-21
9.142466e+02;8.996139e-21
9.142966e+02;8.995726e-21
9.143466e+02;8.995313e-21
9.143966e+02;8.994899e-21
9.144466e+02;8.994486e-21
9.144966e+02;8.994073e-21
9.145466e+02;8.993660e-21
9.145966e+02;8.993247e-21
9.146466e+02;8.992833e-21
9.146966e+02;8.992420e-21
9.147466e+02;8.992007e-21
9.147966e+02;8.991594e-21
9.148466e+02;8.991181e-21
9.148966e+02;8.990768e-21
9.149466e+02;8.990356e-21
9.149966e+02;8.989943e-21
9.150466e+02;8.989530e-21
9.150966e+02;8.989117e-21
9.151466e+02;8.988705e-21
9.151966e+02;8.988292e-21
9.152466e+02;8.987879e-21
9.152966e+02;8.987467e-21
9.153466e+02;8.987054e-21
9.153966e+02;8.986641e-21
9.154466e+02;8.986229e-21
9.154966e+02;8.985816e-21
9.155466e+02;8.985404e-21
9.155966e+02;8.984992e-21
9.156466e+02;8.984579e-21
9.156966e+02;8.984167e-21
9.157466e+02;8.983755e-21
9.157966e+02;8.983343e-21
9.158466e+02;8.982930e-21
9.158966e+02;8.982518e-21
9.159466e+02;8.982106e-21
9.159966e+02;8.981694e-21
9.160466e+02;8.981282e-21
9.160966e+02;8.980870e-21
9.161466e+02;8.980458e-21
9.161966e+02;8.980046e-21
9.162466e+02;8.979634e-21
9.162967e+02;8.979222e-21
9.163467e+02;8.978810e-21
9.163967e+02;8.978399e-21
9.164467e+02;8.977987e-21
9.164967e+02;8.977575e-21
9.165467e+02;8.977163e-21
9.165967e+02;8.976752e-21
9.166467e+02;8.976340e-21
9.166967e+02;8.975929e-21
9.167467e+02;8.975517e-21
9.167967e+02;8.975106e-21
9.168467e+02;8.974694e-21
9.168967e+02;8.974283e-21
9.169467e+02;8.973871e-21
9.169967e+02;8.973460e-21
9.170467e+02;8.973049e-21
9.170967e+02;8.972637e-21
9.171467e+02;8.972226e-21
9.171967e+02;8.971815e-21
9.172467e+02;8.971404e-21
9.172967e+02;8.970993e-21
9.173467e+02;8.970582e-21
9.173967e+02;8.970171e-21
9.174467e+02;8.969760e-21
9.174967e+02;8.969349e-21
9.175467e+02;8.968938e-21
9.175967e+02;8.968527e-21
9.176467e+02;8.968116e-21
9.176967e+02;8.967705e-21
9.177467e+02;8.967294e-21
9.177967e+02;8.966884e-21
9.178467e+02;8.966473e-21
9.178967e+02;8.966062e-21
9.179467e+02;8.965652e-21
9.179967e+02;8.965241e-21
9.180467e+02;8.964831e-21
9.180967e+02;8.964420e-21
9.181467e+02;8.964010e-21
9.181967e+02;8.963599e-21
9.182467e+02;8.963189e-21
9.182967e+02;8.962778e-21
9.183467e+02;8.962368e-21
9.183967e+02;8.961958e-21
9.184467e+02;8.961547e-21
9.184967e+02;8.961137e-21
9.185467e+02;8.960727e-21
9.185967e+02;8.960317e-21
9.186467e+02;8.959907e-21
9.186967e+02;8.959497e-21
9.187467e+02;8.959087e-21
9.187968e+02;8.958677e-21
9.188468e+02;8.958267e-21
9.188968e+02;8.957857e-21
9.189468e+02;8.957447e-21
9.189968e+02;8.957037e-21
9.190468e+02;8.956627e-21
9.190968e+02;8.956217e-21
9.191468e+02;8.955808e-21
9.191968e+02;8.955398e-21
9.192468e+02;8.954988e-21
9.192968e+02;8.954579e-21
9.193468e+02;8.954169e-21
9.193968e+02;8.953760e-21
9.194468e+02;8.953350e-21
9.194968e+02;8.952941e-21
9.195468e+02;8.952531e-21
9.195968e+02;8.952122e-21
9.196468e+02;8.951712e-21
9.196968e+02;8.951303e-21
9.197468e+02;8.950894e-21
9.197968e+02;8.950484e-21
9.198468e+02;8.950075e-21
9.198968e+02;8.949666e-21
9.199468e+02;8.949257e-21
9.199968e+02;8.948848e-21
9.200468e+02;8.948439e-21
9.200968e+02;8.948030e-21
9.201468e+02;8.947621e-21
9.201968e+02;8.947212e-21
9.202468e+02;8.946803e-21
9.202968e+02;8.946394e-21
9.203468e+02;8.945985e-21
9.203968e+02;8.945576e-21
9.204468e+02;8.945167e-21
9.204968e+02;8.944759e-21
9.205468e+02;8.944350e-21
9.205968e+02;8.943941e-21
9.206468e+02;8.943533e-21
9.206968e+02;8.943124e-21
9.207468e+02;8.942716e-21
9.207968e+02;8.942307e-21
9.208468e+02;8.941898e-21
9.208968e+02;8.941490e-21
9.209468e+02;8.941082e-21
9.209968e+02;8.940673e-21
9.210468e+02;8.940265e-21
9.210968e+02;8.939857e-21
9.211468e+02;8.939448e-21
9.211968e+02;8.939040e-21
9.212468e+02;8.938632e-21
9.212969e+02;8.938224e-21
9.213469e+02;8.937816e-21
9.213969e+02;8.937408e-21
9.214469e+02;8.937000e-21
9.214969e+02;8.936592e-21
9.215469e+02;8.936184e-21
9.215969e+02;8.935776e-21
9.216469e+02;8.935368e-21
9.216969e+02;8.934960e-21
9.217469e+02;8.934552e-21
9.217969e+02;8.934144e-21
9.218469e+02;8.933737e-21
9.218969e+02;8.933329e-21
9.219469e+02;8.932921e-21
9.219969e+02;8.932514e-21
9.220469e+02;8.932106e-21
9.220969e+02;8.931698e-21
9.221469e+02;8.931291e-21
9.221969e+02;8.930883e-21
9.222469e+02;8.930476e-21
9.222969e+02;8.930069e-21
9.223469e+02;8.929661e-21
9.223969e+02;8.929254e-21
9.224469e+02;8.928847e-21
9.224969e+02;8.928439e-21
9.225469e+02;8.928032e-21
9.225969e+02;8.927625e-21
9.226469e+02;8.927218e-21
9.226969e+02;8.926811e-21
9.227469e+02;8.926403e-21
9.227969e+02;8.925996e-21
9.228469e+02;8.925589e-21
9.228969e+02;8.925182e-21
9.229469e+02;8.924775e-21
9.229969e+02;8.924369e-21
9.230469e+02;8.923962e-21
9.230969e+02;8.923555e-21
9.231469e+02;8.923148e-21
9.231969e+02;8.922741e-21
9.232469e+02;8.922335e-21
9.232969e+02;8.921928e-21
9.233469e+02;8.921521e-21
9.233969e+02;8.921115e-21
9.234469e+02;8.920708e-21
9.234969e+02;8.920302e-21
9.235469e+02;8.919895e-21
9.235969e+02;8.919489e-21
9.236469e+02;8.919082e-21
9.236969e+02;8.918676e-21
9.237469e+02;8.918269e-21
9.237970e+02;8.917863e-21
9.238470e+02;8.917457e-21
9.238970e+02;8.917051e-21
9.239470e+02;8.916644e-21
9.239970e+02;8.916238e-21
9.240470e+02;8.915832e-21
9.240970e+02;8.915426e-21
9.241470e+02;8.915020e-21
9.241970e+02;8.914614e-21
9.242470e+02;8.914208e-21
9.242970e+02;8.913802e-21
9.243470e+02;8.913396e-21
9.243970e+02;8.912990e-21
9.244470e+02;8.912584e-21
9.244970e+02;8.912179e-21
9.245470e+02;8.911773e-21
9.245970e+02;8.911367e-21
9.246470e+02;8.910961e-21
9.246970e+02;8.910556e-21
9.247470e+02;8.910150e-21
9.247970e+02;8.909745e-21
9.248470e+02;8.909339e-21
9.248970e+02;8.908934e-21
9.249470e+02;8.908528e-21
9.249970e+02;8.908123e-21
9.250470e+02;8.907717e-21
9.250970e+02;8.907312e-21
9.251470e+02;8.906907e-21
9.251970e+02;8.906501e-21
9.252470e+02;8.906096e-21
9.252970e+02;8.905691e-21
9.253470e+02;8.905286e-21
9.253970e+02;8.904880e-21
9.254470e+02;8.904475e-21
9.254970e+02;8.904070e-21
9.255470e+02;8.903665e-21
9.255970e+02;8.903260e-21
9.256470e+02;8.902855e-21
9.256970e+02;8.902450e-21
9.257470e+02;8.902045e-21
9.257970e+02;8.901641e-21
9.258470e+02;8.901236e-21
9.258970e+02;8.900831e-21
9.259470e+02;8.900426e-21
9.259970e+02;8.900022e-21
9.260470e+02;8.899617e-21
9.260970e+02;8.899212e-21
9.261470e+02;8.898808e-21
9.261970e+02;8.898403e-21
9.262470e+02;8.897999e-21
9.262971e+02;8.897594e-21
9.263471e+02;8.897190e-21
9.263971e+02;8.896785e-21
9.264471e+02;8.896381e-21
9.264971e+02;8.895976e-21
9.265471e+02;8.895572e-21
9.265971e+02;8.895168e-21
9.266471e+02;8.894764e-21
9.266971e+02;8.894359e-21
9.267471e+02;8.893955e-21
9.267971e+02;8.893551e-21
9.268471e+02;8.893147e-21
9.268971e+02;8.892743e-21
9.269471e+02;8.892339e-21
9.269971e+02;8.891935e-21
9.270471e+02;8.891531e-21
9.270971e+02;8.891127e-21
9.271471e+02;8.890723e-21
9.271971e+02;8.890319e-21
9.272471e+02;8.889916e-21
9.272971e+02;8.889512e-21
9.273471e+02;8.889108e-21
9.273971e+02;8.888704e-21
9.274471e+02;8.888301e-21
9.274971e+02;8.887897e-21
9.275471e+02;8.887494e-21
9.275971e+02;8.887090e-21
9.276471e+02;8.886687e-21
9.276971e+02;8.886283e-21
9.277471e+02;8.885880e-21
9.277971e+02;8.885476e-21
9.278471e+02;8.885073e-21
9.278971e+02;8.884670e-21
9.279471e+02;8.884266e-21
9.279971e+02;8.883863e-21
9.280471e+02;8.883460e-21
9.280971e+02;8.883057e-21
9.281471e+02;8.882654e-21
9.281971e+02;8.882250e-21
9.282471e+02;8.881847e-21
9.282971e+02;8.881444e-21
9.283471e+02;8.881041e-21
9.283971e+02;8.880638e-21
9.284471e+02;8.880235e-21
9.284971e+02;8.879832e-21
9.285471e+02;8.879430e-21
9.285971e+02;8.879027e-21
9.286471e+02;8.878624e-21
9.286971e+02;8.878221e-21
9.287471e+02;8.877819e-21
9.287972e+02;8.877416e-21
9.288472e+02;8.877013e-21
9.288972e+02;8.876611e-21
9.289472e+02;8.876208e-21
9.289972e+02;8.875806e-21
9.290472e+02;8.875403e-21
9.290972e+02;8.875001e-21
9.291472e+02;8.874598e-21
9.291972e+02;8.874196e-21
9.292472e+02;8.873793e-21
9.292972e+02;8.873391e-21
9.293472e+02;8.872989e-21
9.293972e+02;8.872587e-21
9.294472e+02;8.872184e-21
9.294972e+02;8.871782e-21
9.295472e+02;8.871380e-21
9.295972e+02;8.870978e-21
9.296472e+02;8.870576e-21
9.296972e+02;8.870174e-21
9.297472e+02;8.869772e-21
9.297972e+02;8.869370e-21
9.298472e+02;8.868968e-21
9.298972e+02;8.868566e-21
9.299472e+02;8.868164e-21
9.299972e+02;8.867763e-21
9.300472e+02;8.867361e-21
9.300972e+02;8.866959e-21
9.301472e+02;8.866557e-21
9.301972e+02;8.866156e-21
9.302472e+02;8.865754e-21
9.302972e+02;8.865352e-21
9.303472e+02;8.864951e-21
9.303972e+02;8.864549e-21
9.304472e+02;8.864148e-21
9.304972e+02;8.863746e-21
9.305472e+02;8.863345e-21
9.305972e+02;8.862944e-21
9.306472e+02;8.862542e-21
9.306972e+02;8.862141e-21
9.307472e+02;8.861740e-21
9.307972e+02;8.861338e-21
9.308472e+02;8.860937e-21
9.308972e+02;8.860536e-21
9.309472e+02;8.860135e-21
9.309972e+02;8.859734e-21
9.310472e+02;8.859333e-21
9.310972e+02;8.858932e-21
9.311472e+02;8.858531e-21
9.311972e+02;8.858130e-21
9.312472e+02;8.857729e-21
9.312973e+02;8.857328e-21
9.313473e+02;8.856927e-21
9.313973e+02;8.856526e-21
9.314473e+02;8.856126e-21
9.314973e+02;8.855725e-21
9.315473e+02;8.855324e-21
9.315973e+02;8.854924e-21
9.316473e+02;8.854523e-21
9.316973e+02;8.854122e-21
9.317473e+02;8.853722e-21
9.317973e+02;8.853321e-21
9.318473e+02;8.852921e-21
9.318973e+02;8.852520e-21
9.319473e+02;8.852120e-21
9.319973e+02;8.851720e-21
9.320473e+02;8.851319e-21
9.320973e+02;8.850919e-21
9.321473e+02;8.850519e-21
9.321973e+02;8.850118e-21
9.322473e+02;8.849718e-21
9.322973e+02;8.849318e-21
9.323473e+02;8.848918e-21
9.323973e+02;8.848518e-21
9.324473e+02;8.848118e-21
9.324973e+02;8.847718e-21
9.325473e+02;8.847318e-21
9.325973e+02;8.846918e-21
9.326473e+02;8.846518e-21
9.326973e+02;8.846118e-21
9.327473e+02;8.845718e-21
9.327973e+02;8.845318e-21
9.328473e+02;8.844919e-21
9.328973e+02;8.844519e-21
9.329473e+02;8.844119e-21
9.329973e+02;8.843720e-21
9.330473e+02;8.843320e-21
9.330973e+02;8.842920e-21
9.331473e+02;8.842521e-21
9.331973e+02;8.842121e-21
9.332473e+02;8.841722e-21
9.332973e+02;8.841322e-21
9.333473e+02;8.840923e-21
9.333973e+02;8.840524e-21
9.334473e+02;8.840124e-21
9.334973e+02;8.839725e-21
9.335473e+02;8.839326e-21
9.335973e+02;8.838927e-21
9.336473e+02;8.838527e-21
9.336973e+02;8.838128e-21
9.337473e+02;8.837729e-21
9.337974e+02;8.837330e-21
9.338474e+02;8.836931e-21
9.338974e+02;8.836532e-21
9.339474e+02;8.836133e-21
9.339974e+02;8.835734e-21
9.340474e+02;8.835335e-21
9.340974e+02;8.834936e-21
9.341474e+02;8.834537e-21
9.341974e+02;8.834139e-21
9.342474e+02;8.833740e-21
9.342974e+02;8.833341e-21
9.343474e+02;8.832942e-21
9.343974e+02;8.832544e-21
9.344474e+02;8.832145e-21
9.344974e+02;8.831747e-21
9.345474e+02;8.831348e-21
9.345974e+02;8.830949e-21
9.346474e+02;8.830551e-21
9.346974e+02;8.830153e-21
9.347474e+02;8.829754e-21
9.347974e+02;8.829356e-21
9.348474e+02;8.828957e-21
9.348974e+02;8.828559e-21
9.349474e+02;8.828161e-21
9.349974e+02;8.827763e-21
9.350474e+02;8.827364e-21
9.350974e+02;8.826966e-21
9.351474e+02;8.826568e-21
9.351974e+02;8.826170e-21
9.352474e+02;8.825772e-21
9.352974e+02;8.825374e-21
9.353474e+02;8.824976e-21
9.353974e+02;8.824578e-21
9.354474e+02;8.824180e-21
9.354974e+02;8.823782e-21
9.355474e+02;8.823384e-21
9.355974e+02;8.822987e-21
9.356474e+02;8.822589e-21
9.356974e+02;8.822191e-21
9.357474e+02;8.821793e-21
9.357974e+02;8.821396e-21
9.358474e+02;8.820998e-21
9.358974e+02;8.820600e-21
9.359474e+02;8.820203e-21
9.359974e+02;8.819805e-21
9.360474e+02;8.819408e-21
9.360974e+02;8.819010e-21
9.361474e+02;8.818613e-21
9.361974e+02;8.818216e-21
9.362474e+02;8.817818e-21
9.362975e+02;8.817421e-21
9.363475e+02;8.817024e-21
9.363975e+02;8.816627e-21
9.364475e+02;8.816229e-21
9.364975e+02;8.815832e-21
9.365475e+02;8.815435e-21
9.365975e+02;8.815038e-21
9.366475e+02;8.814641e-21
9.366975e+02;8.814244e-21
9.367475e+02;8.813847e-21
9.367975e+02;8.813450e-21
9.368475e+02;8.813053e-21
9.368975e+02;8.812656e-21
9.369475e+02;8.812259e-21
9.369975e+02;8.811862e-21
9.370475e+02;8.811466e-21
9.370975e+02;8.811069e-21
9.371475e+02;8.810672e-21
9.371975e+02;8.810276e-21
9.372475e+02;8.809879e-21
9.372975e+02;8.809482e-21
9.373475e+02;8.809086e-21
9.373975e+02;8.808689e-21
9.374475e+02;8.808293e-21
9.374975e+02;8.807896e-21
9.375475e+02;8.807500e-21
9.375975e+02;8.807103e-21
9.376475e+02;8.806707e-21
9.376975e+02;8.806311e-21
9.377475e+02;8.805914e-21
9.377975e+02;8.805518e-21
9.378475e+02;8.805122e-21
9.378975e+02;8.804726e-21
9.379475e+02;8.804330e-21
9.379975e+02;8.803934e-21
9.380475e+02;8.803538e-21
9.380975e+02;8.803141e-21
9.381475e+02;8.802745e-21
9.381975e+02;8.802349e-21
9.382475e+02;8.801954e-21
9.382975e+02;8.801558e-21
9.383475e+02;8.801162e-21
9.383975e+02;8.800766e-21
9.384475e+02;8.800370e-21
9.384975e+02;8.799974e-21
9.385475e+02;8.799579e-21
9.385975e+02;8.799183e-21
9.386475e+02;8.798787e-21
9.386975e+02;8.798392e-21
9.387475e+02;8.797996e-21
9.387976e+02;8.797601e-21
9.388476e+02;8.797205e-21
9.388976e+02;8.796810e-21
9.389476e+02;8.796414e-21
9.389976e+02;8.796019e-21
9.390476e+02;8.795623e-21
9.390976e+02;8.795228e-21
9.391476e+02;8.794833e-21
9.391976e+02;8.794438e-21
9.392476e+02;8.794042e-21
9.392976e+02;8.793647e-21
9.393476e+02;8.793252e-21
9.393976e+02;8.792857e-21
9.394476e+02;8.792462e-21
9.394976e+02;8.792067e-21
9.395476e+02;8.791672e-21
9.395976e+02;8.791277e-21
9.396476e+02;8.790882e-21
9.396976e+02;8.790487e-21
9.397476e+02;8.790092e-21
9.397976e+02;8.789697e-21
9.398476e+02;8.789302e-21
9.398976e+02;8.788908e-21
9.399476e+02;8.788513e-21
9.399976e+02;8.788118e-21
9.400476e+02;8.787723e-21
9.400976e+02;8.787329e-21
9.401476e+02;8.786934e-21
9.401976e+02;8.786540e-21
9.402476e+02;8.786145e-21
9.402976e+02;8.785751e-21
9.403476e+02;8.785356e-21
9.403976e+02;8.784962e-21
9.404476e+02;8.784567e-21
9.404976e+02;8.784173e-21
9.405476e+02;8.783779e-21
9.405976e+02;8.783384e-21
9.406476e+02;8.782990e-21
9.406976e+02;8.782596e-21
9.407476e+02;8.782202e-21
9.407976e+02;8.781808e-21
9.408476e+02;8.781414e-21
9.408976e+02;8.781020e-21
9.409476e+02;8.780626e-21
9.409976e+02;8.780232e-21
9.410476e+02;8.779838e-21
9.410976e+02;8.779444e-21
9.411476e+02;8.779050e-21
9.411976e+02;8.778656e-21
9.412476e+02;8.778262e-21
9.412977e+02;8.777868e-21
9.413477e+02;8.777474e-21
9.413977e+02;8.777081e-21
9.414477e+02;8.776687e-21
9.414977e+02;8.776293e-21
9.415477e+02;8.775900e-21
9.415977e+02;8.775506e-21
9.416477e+02;8.775113e-21
9.416977e+02;8.774719e-21
9.417477e+02;8.774326e-21
9.417977e+02;8.773932e-21
9.418477e+02;8.773539e-21
9.418977e+02;8.773145e-21
9.419477e+02;8.772752e-21
9.419977e+02;8.772359e-21
9.420477e+02;8.771966e-21
9.420977e+02;8.771572e-21
9.421477e+02;8.771179e-21
9.421977e+02;8.770786e-21
9.422477e+02;8.770393e-21
9.422977e+02;8.770000e-21
9.423477e+02;8.769607e-21
9.423977e+02;8.769214e-21
9.424477e+02;8.768821e-21
9.424977e+02;8.768428e-21
9.425477e+02;8.768035e-21
9.425977e+02;8.767642e-21
9.426477e+02;8.767249e-21
9.426977e+02;8.766856e-21
9.427477e+02;8.766464e-21
9.427977e+02;8.766071e-21
9.428477e+02;8.765678e-21
9.428977e+02;8.765285e-21
9.429477e+02;8.764893e-21
9.429977e+02;8.764500e-21
9.430477e+02;8.764108e-21
9.430977e+02;8.763715e-21
9.431477e+02;8.763323e-21
9.431977e+02;8.762930e-21
9.432477e+02;8.762538e-21
9.432977e+02;8.762145e-21
9.433477e+02;8.761753e-21
9.433977e+02;8.761361e-21
9.434477e+02;8.760968e-21
9.434977e+02;8.760576e-21
9.435477e+02;8.760184e-21
9.435977e+02;8.759792e-21
9.436477e+02;8.759399e-21
9.436977e+02;8.759007e-21
9.437477e+02;8.758615e-21
9.437978e+02;8.758223e-21
9.438478e+02;8.757831e-21
9.438978e+02;8.757439e-21
9.439478e+02;8.757047e-21
9.439978e+02;8.756655e-21
9.440478e+02;8.756264e-21
9.440978e+02;8.755872e-21
9.441478e+02;8.755480e-21
9.441978e+02;8.755088e-21
9.442478e+02;8.754696e-21
9.442978e+02;8.754305e-21
9.443478e+02;8.753913e-21
9.443978e+02;8.753521e-21
9.444478e+02;8.753130e-21
9.444978e+02;8.752738e-21
9.445478e+02;8.752347e-21
9.445978e+02;8.751955e-21
9.446478e+02;8.751564e-21
9.446978e+02;8.751172e-21
9.447478e+02;8.750781e-21
9.447978e+02;8.750390e-21
9.448478e+02;8.749998e-21
9.448978e+02;8.749607e-21
9.449478e+02;8.749216e-21
9.449978e+02;8.748825e-21
9.450478e+02;8.748433e-21
9.450978e+02;8.748042e-21
9.451478e+02;8.747651e-21
9.451978e+02;8.747260e-21
9.452478e+02;8.746869e-21
9.452978e+02;8.746478e-21
9.453478e+02;8.746087e-21
9.453978e+02;8.745696e-21
9.454478e+02;8.745305e-21
9.454978e+02;8.744914e-21
9.455478e+02;8.744523e-21
9.455978e+02;8.744133e-21
9.456478e+02;8.743742e-21
9.456978e+02;8.743351e-21
9.457478e+02;8.742960e-21
9.457978e+02;8.742570e-21
9.458478e+02;8.742179e-21
9.458978e+02;8.741789e-21
9.459478e+02;8.741398e-21
9.459978e+02;8.741007e-21
9.460478e+02;8.740617e-21
9.460978e+02;8.740227e-21
9.461478e+02;8.739836e-21
9.461978e+02;8.739446e-21
9.462478e+02;8.739055e-21
9.462979e+02;8.738665e-21
9.463479e+02;8.738275e-21
9.463979e+02;8.737885e-21
9.464479e+02;8.737494e-21
9.464979e+02;8.737104e-21
9.465479e+02;8.736714e-21
9.465979e+02;8.736324e-21
9.466479e+02;8.735934e-21
9.466979e+02;8.735544e-21
9.467479e+02;8.735154e-21
9.467979e+02;8.734764e-21
9.468479e+02;8.734374e-21
9.468979e+02;8.733984e-21
9.469479e+02;8.733594e-21
9.469979e+02;8.733204e-21
9.470479e+02;8.732814e-21
9.470979e+02;8.732425e-21
9.471479e+02;8.732035e-21
9.471979e+02;8.731645e-21
9.472479e+02;8.731256e-21
9.472979e+02;8.730866e-21
9.473479e+02;8.730476e-21
9.473979e+02;8.730087e-21
9.474479e+02;8.729697e-21
9.474979e+02;8.729308e-21
9.475479e+02;8.728918e-21
9.475979e+02;8.728529e-21
9.476479e+02;8.728140e-21
9.476979e+02;8.727750e-21
9.477479e+02;8.727361e-21
9.477979e+02;8.726972e-21
9.478479e+02;8.726582e-21
9.478979e+02;8.726193e-21
9.479479e+02;8.725804e-21
9.479979e+02;8.725415e-21
9.480479e+02;8.725026e-21
9.480979e+02;8.724637e-21
9.481479e+02;8.724248e-21
9.481979e+02;8.723859e-21
9.482479e+02;8.723470e-21
9.482979e+02;8.723081e-21
9.483479e+02;8.722692e-21
9.483979e+02;8.722303e-21
9.484479e+02;8.721914e-21
9.484979e+02;8.721525e-21
9.485479e+02;8.721136e-21
9.485979e+02;8.720748e-21
9.486479e+02;8.720359e-21
9.486979e+02;8.719970e-21
9.487479e+02;8.719582e-21
9.487980e+02;8.719193e-21
9.488480e+02;8.718805e-21
9.488980e+02;8.718416e-21
9.489480e+02;8.718028e-21
9.489980e+02;8.717639e-21
9.490480e+02;8.717251e-21
9.490980e+02;8.716862e-21
9.491480e+02;8.716474e-21
9.491980e+02;8.716086e-21
9.492480e+02;8.715697e-21
9.492980e+02;8.715309e-21
9.493480e+02;8.714921e-21
9.493980e+02;8.714533e-21
9.494480e+02;8.714145e-21
9.494980e+02;8.713756e-21
9.495480e+02;8.713368e-21
9.495980e+02;8.712980e-21
9.496480e+02;8.712592e-21
9.496980e+02;8.712204e-21
9.497480e+02;8.711816e-21
9.497980e+02;8.711428e-21
9.498480e+02;8.711041e-21
9.498980e+02;8.710653e-21
9.499480e+02;8.710265e-21
9.499980e+02;8.709877e-21
9.500480e+02;8.709489e-21
9.500980e+02;8.709102e-21
9.501480e+02;8.708714e-21
9.501980e+02;8.708326e-21
9.502480e+02;8.707939e-21
9.502980e+02;8.707551e-21
9.503480e+02;8.707164e-21
9.503980e+02;8.706776e-21
9.504480e+02;8.706389e-21
9.504980e+02;8.706001e-21
9.505480e+02;8.705614e-21
9.505980e+02;8.705226e-21
9.506480e+02;8.704839e-21
9.506980e+02;8.704452e-21
9.507480e+02;8.704065e-21
9.507980e+02;8.703677e-21
9.508480e+02;8.703290e-21
9.508980e+02;8.702903e-21
9.509480e+02;8.702516e-21
9.509980e+02;8.702129e-21
9.510480e+02;8.701742e-21
9.510980e+02;8.701355e-21
9.511480e+02;8.700968e-21
9.511980e+02;8.700581e-21
9.512480e+02;8.700194e-21
9.512981e+02;8.699807e-21
9.513481e+02;8.699420e-21
9.513981e+02;8.699033e-21
9.514481e+02;8.698646e-21
9.514981e+02;8.698260e-21
9.515481e+02;8.697873e-21
9.515981e+02;8.697486e-21
9.516481e+02;8.697100e-21
9.516981e+02;8.696713e-21
9.517481e+02;8.696326e-21
9.517981e+02;8.695940e-21
9.518481e+02;8.695553e-21
9.518981e+02;8.695167e-21
9.519481e+02;8.694780e-21
9.519981e+02;8.694394e-21
9.520481e+02;8.694008e-21
9.520981e+02;8.693621e-21
9.521481e+02;8.693235e-21
9.521981e+02;8.692849e-21
9.522481e+02;8.692463e-21
9.522981e+02;8.692076e-21
9.523481e+02;8.691690e-21
9.523981e+02;8.691304e-21
9.524481e+02;8.690918e-21
9.524981e+02;8.690532e-21
9.525481e+02;8.690146e-21
9.525981e+02;8.689760e-21
9.526481e+02;8.689374e-21
9.526981e+02;8.688988e-21
9.527481e+02;8.688602e-21
9.527981e+02;8.688216e-21
9.528481e+02;8.687830e-21
9.528981e+02;8.687444e-21
9.529481e+02;8.687059e-21
9.529981e+02;8.686673e-21
9.530481e+02;8.686287e-21
9.530981e+02;8.685902e-21
9.531481e+02;8.685516e-21
9.531981e+02;8.685130e-21
9.532481e+02;8.684745e-21
9.532981e+02;8.684359e-21
9.533481e+02;8.683974e-21
9.533981e+02;8.683588e-21
9.534481e+02;8.683203e-21
9.534981e+02;8.682818e-21
9.535481e+02;8.682432e-21
9.535981e+02;8.682047e-21
9.536481e+02;8.681662e-21
9.536981e+02;8.681276e-21
9.537481e+02;8.680891e-21
9.537982e+02;8.680506e-21
9.538482e+02;8.680121e-21
9.538982e+02;8.679736e-21
9.539482e+02;8.679350e-21
9.539982e+02;8.678965e-21
9.540482e+02;8.678580e-21
9.540982e+02;8.678195e-21
9.541482e+02;8.677810e-21
9.541982e+02;8.677426e-21
9.542482e+02;8.677041e-21
9.542982e+02;8.676656e-21
9.543482e+02;8.676271e-21
9.543982e+02;8.675886e-21
9.544482e+02;8.675501e-21
9.544982e+02;8.675117e-21
9.545482e+02;8.674732e-21
9.545982e+02;8.674347e-21
9.546482e+02;8.673963e-21
9.546982e+02;8.673578e-21
9.547482e+02;8.673194e-21
9.547982e+02;8.672809e-21
9.548482e+02;8.672425e-21
9.548982e+02;8.672040e-21
9.549482e+02;8.671656e-21
9.549982e+02;8.671271e-21
9.550482e+02;8.670887e-21
9.550982e+02;8.670503e-21
9.551482e+02;8.670118e-21
9.551982e+02;8.669734e-21
9.552482e+02;8.669350e-21
9.552982e+02;8.668966e-21
9.553482e+02;8.668582e-21
9.553982e+02;8.668198e-21
9.554482e+02;8.667814e-21
9.554982e+02;8.667429e-21
9.555482e+02;8.667045e-21
9.555982e+02;8.666661e-21
9.556482e+02;8.666278e-21
9.556982e+02;8.665894e-21
9.557482e+02;8.665510e-21
9.557982e+02;8.665126e-21
9.558482e+02;8.664742e-21
9.558982e+02;8.664358e-21
9.559482e+02;8.663975e-21
9.559982e+02;8.663591e-21
9.560482e+02;8.663207e-21
9.560982e+02;8.662824e-21
9.561482e+02;8.662440e-21
9.561982e+02;8.662056e-21
9.562482e+02;8.661673e-21
9.562983e+02;8.661289e-21
9.563483e+02;8.660906e-21
9.563983e+02;8.660522e-21
9.564483e+02;8.660139e-21
9.564983e+02;8.659756e-21
9.565483e+02;8.659372e-21
9.565983e+02;8.658989e-21
9.566483e+02;8.658606e-21
9.566983e+02;8.658223e-21
9.567483e+02;8.657839e-21
9.567983e+02;8.657456e-21
9.568483e+02;8.657073e-21
9.568983e+02;8.656690e-21
9.569483e+02;8.656307e-21
9.569983e+02;8.655924e-21
9.570483e+02;8.655541e-21
9.570983e+02;8.655158e-21
9.571483e+02;8.654775e-21
9.571983e+02;8.654392e-21
9.572483e+02;8.654009e-21
9.572983e+02;8.653626e-21
9.573483e+02;8.653244e-21
9.573983e+02;8.652861e-21
9.574483e+02;8.652478e-21
9.574983e+02;8.652095e-21
9.575483e+02;8.651713e-21
9.575983e+02;8.651330e-21
9.576483e+02;8.650947e-21
9.576983e+02;8.650565e-21
9.577483e+02;8.650182e-21
9.577983e+02;8.649800e-21
9.578483e+02;8.649417e-21
9.578983e+02;8.649035e-21
9.579483e+02;8.648653e-21
9.579983e+02;8.648270e-21
9.580483e+02;8.647888e-21
9.580983e+02;8.647506e-21
9.581483e+02;8.647123e-21
9.581983e+02;8.646741e-21
9.582483e+02;8.646359e-21
9.582983e+02;8.645977e-21
9.583483e+02;8.645595e-21
9.583983e+02;8.645212e-21
9.584483e+02;8.644830e-21
9.584983e+02;8.644448e-21
9.585483e+02;8.644066e-21
9.585983e+02;8.643684e-21
9.586483e+02;8.643303e-21
9.586983e+02;8.642921e-21
9.587483e+02;8.642539e-21
9.587984e+02;8.642157e-21
9.588484e+02;8.641775e-21
9.588984e+02;8.641393e-21
9.589484e+02;8.641012e-21
9.589984e+02;8.640630e-21
9.590484e+02;8.640248e-21
9.590984e+02;8.639867e-21
9.591484e+02;8.639485e-21
9.591984e+02;8.639104e-21
9.592484e+02;8.638722e-21
9.592984e+02;8.638340e-21
9.593484e+02;8.637959e-21
9.593984e+02;8.637578e-21
9.594484e+02;8.637196e-21
9.594984e+02;8.636815e-21
9.595484e+02;8.636434e-21
9.595984e+02;8.636052e-21
9.596484e+02;8.635671e-21
9.596984e+02;8.635290e-21
9.597484e+02;8.634909e-21
9.597984e+02;8.634527e-21
9.598484e+02;8.634146e-21
9.598984e+02;8.633765e-21
9.599484e+02;8.633384e-21
9.599984e+02;8.633003e-21
9.600484e+02;8.632622e-21
9.600984e+02;8.632241e-21
9.601484e+02;8.631860e-21
9.601984e+02;8.631479e-21
9.602484e+02;8.631098e-21
9.602984e+02;8.630718e-21
9.603484e+02;8.630337e-21
9.603984e+02;8.629956e-21
9.604484e+02;8.629575e-21
9.604984e+02;8.629195e-21
9.605484e+02;8.628814e-21
9.605984e+02;8.628433e-21
9.606484e+02;8.628053e-21
9.606984e+02;8.627672e-21
9.607484e+02;8.627292e-21
9.607984e+02;8.626911e-21
9.608484e+02;8.626531e-21
9.608984e+02;8.626150e-21
9.609484e+02;8.625770e-21
9.609984e+02;8.625389e-21
9.610484e+02;8.625009e-21
9.610984e+02;8.624629e-21
9.611484e+02;8.624249e-21
9.611984e+02;8.623868e-21
9.612484e+02;8.623488e-21
9.612985e+02;8.623108e-21
9.613485e+02;8.622728e-21
9.613985e+02;8.622348e-21
9.614485e+02;8.621968e-21
9.614985e+02;8.621588e-21
9.615485e+02;8.621208e-21
9.615985e+02;8.620828e-21
9.616485e+02;8.620448e-21
9.616985e+02;8.620068e-21
9.617485e+02;8.619688e-21
9.617985e+02;8.619308e-21
9.618485e+02;8.618928e-21
9.618985e+02;8.618549e-21
9.619485e+02;8.618169e-21
9.619985e+02;8.617789e-21
9.620485e+02;8.617410e-21
9.620985e+02;8.617030e-21
9.621485e+02;8.616650e-21
9.621985e+02;8.616271e-21
9.622485e+02;8.615891e-21
9.622985e+02;8.615512e-21
9.623485e+02;8.615132e-21
9.623985e+02;8.614753e-21
9.624485e+02;8.614373e-21
9.624985e+02;8.613994e-21
9.625485e+02;8.613615e-21
9.625985e+02;8.613235e-21
9.626485e+02;8.612856e-21
9.626985e+02;8.612477e-21
9.627485e+02;8.612098e-21
9.627985e+02;8.611718e-21
9.628485e+02;8.611339e-21
9.628985e+02;8.610960e-21
9.629485e+02;8.610581e-21
9.629985e+02;8.610202e-21
9.630485e+02;8.609823e-21
9.630985e+02;8.609444e-21
9.631485e+02;8.609065e-21
9.631985e+02;8.608686e-21
9.632485e+02;8.608307e-21
9.632985e+02;8.607929e-21
9.633485e+02;8.607550e-21
9.633985e+02;8.607171e-21
9.634485e+02;8.606792e-21
9.634985e+02;8.606414e-21
9.635485e+02;8.606035e-21
9.635985e+02;8.605656e-21
9.636485e+02;8.605278e-21
9.636985e+02;8.604899e-21
9.637485e+02;8.604521e-21
9.637986e+02;8.604142e-21
9.638486e+02;8.603764e-21
9.638986e+02;8.603385e-21
9.639486e+02;8.603007e-21
9.639986e+02;8.602628e-21
9.640486e+02;8.602250e-21
9.640986e+02;8.601872e-21
9.641486e+02;8.601493e-21
9.641986e+02;8.601115e-21
9.642486e+02;8.600737e-21
9.642986e+02;8.600359e-21
9.643486e+02;8.599981e-21
9.643986e+02;8.599602e-21
9.644486e+02;8.599224e-21
9.644986e+02;8.598846e-21
9.645486e+02;8.598468e-21
9.645986e+02;8.598090e-21
9.646486e+02;8.597712e-21
9.646986e+02;8.597334e-21
9.647486e+02;8.596957e-21
9.647986e+02;8.596579e-21
9.648486e+02;8.596201e-21
9.648986e+02;8.595823e-21
9.649486e+02;8.595445e-21
9.649986e+02;8.595068e-21
9.650486e+02;8.594690e-21
9.650986e+02;8.594312e-21
9.651486e+02;8.593935e-21
9.651986e+02;8.593557e-21
9.652486e+02;8.593180e-21
9.652986e+02;8.592802e-21
9.653486e+02;8.592425e-21
9.653986e+02;8.592047e-21
9.654486e+02;8.591670e-21
9.654986e+02;8.591292e-21
9.655486e+02;8.590915e-21
9.655986e+02;8.590538e-21
9.656486e+02;8.590160e-21
9.656986e+02;8.589783e-21
9.657486e+02;8.589406e-21
9.657986e+02;8.589029e-21
9.658486e+02;8.588651e-21
9.658986e+02;8.588274e-21
9.659486e+02;8.587897e-21
9.659986e+02;8.587520e-21
9.660486e+02;8.587143e-21
9.660986e+02;8.586766e-21
9.661486e+02;8.586389e-21
9.661986e+02;8.586012e-21
9.662486e+02;8.585635e-21
9.662987e+02;8.585258e-21
9.663487e+02;8.584882e-21
9.663987e+02;8.584505e-21
9.664487e+02;8.584128e-21
9.664987e+02;8.583751e-21
9.665487e+02;8.583375e-21
9.665987e+02;8.582998e-21
9.666487e+02;8.582621e-21
9.666987e+02;8.582245e-21
9.667487e+02;8.581868e-21
9.667987e+02;8.581492e-21
9.668487e+02;8.581115e-21
9.668987e+02;8.580739e-21
9.669487e+02;8.580362e-21
9.669987e+02;8.579986e-21
9.670487e+02;8.579609e-21
9.670987e+02;8.579233e-21
9.671487e+02;8.578857e-21
9.671987e+02;8.578480e-21
9.672487e+02;8.578104e-21
9.672987e+02;8.577728e-21
9.673487e+02;8.577352e-21
9.673987e+02;8.576976e-21
9.674487e+02;8.576600e-21
9.674987e+02;8.576223e-21
9.675487e+02;8.575847e-21
9.675987e+02;8.575471e-21
9.676487e+02;8.575095e-21
9.676987e+02;8.574719e-21
9.677487e+02;8.574344e-21
9.677987e+02;8.573968e-21
9.678487e+02;8.573592e-21
9.678987e+02;8.573216e-21
9.679487e+02;8.572840e-21
9.679987e+02;8.572464e-21
9.680487e+02;8.572089e-21
9.680987e+02;8.571713e-21
9.681487e+02;8.571337e-21
9.681987e+02;8.570962e-21
9.682487e+02;8.570586e-21
9.682987e+02;8.570211e-21
9.683487e+02;8.569835e-21
9.683987e+02;8.569460e-21
9.684487e+02;8.569084e-21
9.684987e+02;8.568709e-21
9.685487e+02;8.568333e-21
9.685987e+02;8.567958e-21
9.686487e+02;8.567583e-21
9.686987e+02;8.567207e-21
9.687487e+02;8.566832e-21
9.687988e+02;8.566457e-21
9.688488e+02;8.566082e-21
9.688988e+02;8.565706e-21
9.689488e+02;8.565331e-21
9.689988e+02;8.564956e-21
9.690488e+02;8.564581e-21
9.690988e+02;8.564206e-21
9.691488e+02;8.563831e-21
9.691988e+02;8.563456e-21
9.692488e+02;8.563081e-21
9.692988e+02;8.562706e-21
9.693488e+02;8.562331e-21
9.693988e+02;8.561957e-21
9.694488e+02;8.561582e-21
9.694988e+02;8.561207e-21
9.695488e+02;8.560832e-21
9.695988e+02;8.560457e-21
9.696488e+02;8.560083e-21
9.696988e+02;8.559708e-21
9.697488e+02;8.559334e-21
9.697988e+02;8.558959e-21
9.698488e+02;8.558584e-21
9.698988e+02;8.558210e-21
9.699488e+02;8.557835e-21
9.699988e+02;8.557461e-21
9.700488e+02;8.557086e-21
9.700988e+02;8.556712e-21
9.701488e+02;8.556338e-21
9.701988e+02;8.555963e-21
9.702488e+02;8.555589e-21
9.702988e+02;8.555215e-21
9.703488e+02;8.554841e-21
9.703988e+02;8.554466e-21
9.704488e+02;8.554092e-21
9.704988e+02;8.553718e-21
9.705488e+02;8.553344e-21
9.705988e+02;8.552970e-21
9.706488e+02;8.552596e-21
9.706988e+02;8.552222e-21
9.707488e+02;8.551848e-21
9.707988e+02;8.551474e-21
9.708488e+02;8.551100e-21
9.708988e+02;8.550726e-21
9.709488e+02;8.550352e-21
9.709988e+02;8.549979e-21
9.710488e+02;8.549605e-21
9.710988e+02;8.549231e-21
9.711488e+02;8.548857e-21
9.711988e+02;8.548484e-21
9.712488e+02;8.548110e-21
9.712989e+02;8.547736e-21
9.713489e+02;8.547363e-21
9.713989e+02;8.546989e-21
9.714489e+02;8.546616e-21
9.714989e+02;8.546242e-21
9.715489e+02;8.545869e-21
9.715989e+02;8.545495e-21
9.716489e+02;8.545122e-21
9.716989e+02;8.544749e-21
9.717489e+02;8.544375e-21
9.717989e+02;8.544002e-21
9.718489e+02;8.543629e-21
9.718989e+02;8.543256e-21
9.719489e+02;8.542882e-21
9.719989e+02;8.542509e-21
9.720489e+02;8.542136e-21
9.720989e+02;8.541763e-21
9.721489e+02;8.541390e-21
9.721989e+02;8.541017e-21
9.722489e+02;8.540644e-21
9.722989e+02;8.540271e-21
9.723489e+02;8.539898e-21
9.723989e+02;8.539525e-21
9.724489e+02;8.539152e-21
9.724989e+02;8.538779e-21
9.725489e+02;8.538407e-21
9.725989e+02;8.538034e-21
9.726489e+02;8.537661e-21
9.726989e+02;8.537288e-21
9.727489e+02;8.536916e-21
9.727989e+02;8.536543e-21
9.728489e+02;8.536171e-21
9.728989e+02;8.535798e-21
9.729489e+02;8.535425e-21
9.729989e+02;8.535053e-21
9.730489e+02;8.534680e-21
9.730989e+02;8.534308e-21
9.731489e+02;8.533936e-21
9.731989e+02;8.533563e-21
9.732489e+02;8.533191e-21
9.732989e+02;8.532818e-21
9.733489e+02;8.532446e-21
9.733989e+02;8.532074e-21
9.734489e+02;8.531702e-21
9.734989e+02;8.531330e-21
9.735489e+02;8.530957e-21
9.735989e+02;8.530585e-21
9.736489e+02;8.530213e-21
9.736989e+02;8.529841e-21
9.737489e+02;8.529469e-21
9.737990e+02;8.529097e-21
9.738490e+02;8.528725e-21
9.738990e+02;8.528353e-21
9.739490e+02;8.527981e-21
9.739990e+02;8.527609e-21
9.740490e+02;8.527238e-21
9.740990e+02;8.526866e-21
9.741490e+02;8.526494e-21
9.741990e+02;8.526122e-21
9.742490e+02;8.525750e-21
9.742990e+02;8.525379e-21
9.743490e+02;8.525007e-21
9.743990e+02;8.524636e-21
9.744490e+02;8.524264e-21
9.744990e+02;8.523892e-21
9.745490e+02;8.523521e-21
9.745990e+02;8.523149e-21
9.746490e+02;8.522778e-21
9.746990e+02;8.522407e-21
9.747490e+02;8.522035e-21
9.747990e+02;8.521664e-21
9.748490e+02;8.521292e-21
9.748990e+02;8.520921e-21
9.749490e+02;8.520550e-21
9.749990e+02;8.520179e-21
9.750490e+02;8.519807e-21
9.750990e+02;8.519436e-21
9.751490e+02;8.519065e-21
9.751990e+02;8.518694e-21
9.752490e+02;8.518323e-21
9.752990e+02;8.517952e-21
9.753490e+02;8.517581e-21
9.753990e+02;8.517210e-21
9.754490e+02;8.516839e-21
9.754990e+02;8.516468e-21
9.755490e+02;8.516097e-21
9.755990e+02;8.515726e-21
9.756490e+02;8.515356e-21
9.756990e+02;8.514985e-21
9.757490e+02;8.514614e-21
9.757990e+02;8.514243e-21
9.758490e+02;8.513873e-21
9.758990e+02;8.513502e-21
9.759490e+02;8.513131e-21
9.759990e+02;8.512761e-21
9.760490e+02;8.512390e-21
9.760990e+02;8.512020e-21
9.761490e+02;8.511649e-21
9.761990e+02;8.511279e-21
9.762490e+02;8.510908e-21
9.762991e+02;8.510538e-21
9.763491e+02;8.510168e-21
9.763991e+02;8.509797e-21
9.764491e+02;8.509427e-21
9.764991e+02;8.509057e-21
9.765491e+02;8.508686e-21
9.765991e+02;8.508316e-21
9.766491e+02;8.507946e-21
9.766991e+02;8.507576e-21
9.767491e+02;8.507206e-21
9.767991e+02;8.506836e-21
9.768491e+02;8.506466e-21
9.768991e+02;8.506096e-21
9.769491e+02;8.505726e-21
9.769991e+02;8.505356e-21
9.770491e+02;8.504986e-21
9.770991e+02;8.504616e-21
9.771491e+02;8.504246e-21
9.771991e+02;8.503876e-21
9.772491e+02;8.503506e-21
9.772991e+02;8.503137e-21
9.773491e+02;8.502767e-21
9.773991e+02;8.502397e-21
9.774491e+02;8.502028e-21
9.774991e+02;8.501658e-21
9.775491e+02;8.501288e-21
9.775991e+02;8.500919e-21
9.776491e+02;8.500549e-21
9.776991e+02;8.500180e-21
9.777491e+02;8.499810e-21
9.777991e+02;8.499441e-21
9.778491e+02;8.499071e-21
9.778991e+02;8.498702e-21
9.779491e+02;8.498333e-21
9.779991e+02;8.497963e-21
9.780491e+02;8.497594e-21
9.780991e+02;8.497225e-21
9.781491e+02;8.496856e-21
9.781991e+02;8.496486e-21
9.782491e+02;8.496117e-21
9.782991e+02;8.495748e-21
9.783491e+02;8.495379e-21
9.783991e+02;8.495010e-21
9.784491e+02;8.494641e-21
9.784991e+02;8.494272e-21
9.785491e+02;8.493903e-21
9.785991e+02;8.493534e-21
9.786491e+02;8.493165e-21
9.786991e+02;8.492796e-21
9.787491e+02;8.492427e-21
9.787992e+02;8.492059e-21
9.788492e+02;8.491690e-21
9.788992e+02;8.491321e-21
9.789492e+02;8.490952e-21
9.789992e+02;8.490584e-21
9.790492e+02;8.490215e-21
9.790992e+02;8.489846e-21
9.791492e+02;8.489478e-21
9.791992e+02;8.489109e-21
9.792492e+02;8.488741e-21
9.792992e+02;8.488372e-21
9.793492e+02;8.488004e-21
9.793992e+02;8.487635e-21
9.794492e+02;8.487267e-21
9.794992e+02;8.486899e-21
9.795492e+02;8.486530e-21
9.795992e+02;8.486162e-21
9.796492e+02;8.485794e-21
9.796992e+02;8.485426e-21
9.797492e+02;8.485057e-21
9.797992e+02;8.484689e-21
9.798492e+02;8.484321e-21
9.798992e+02;8.483953e-21
9.799492e+02;8.483585e-21
9.799992e+02;8.483217e-21
9.800492e+02;8.482849e-21
9.800992e+02;8.482481e-21
9.801492e+02;8.482113e-21
9.801992e+02;8.481745e-21
9.802492e+02;8.481377e-21
9.802992e+02;8.481009e-21
9.803492e+02;8.480641e-21
9.803992e+02;8.480274e-21
9.804492e+02;8.479906e-21
9.804992e+02;8.479538e-21
9.805492e+02;8.479170e-21
9.805992e+02;8.478803e-21
9.806492e+02;8.478435e-21
9.806992e+02;8.478067e-21
9.807492e+02;8.477700e-21
9.807992e+02;8.477332e-21
9.808492e+02;8.476965e-21
9.808992e+02;8.476597e-21
9.809492e+02;8.476230e-21
9.809992e+02;8.475862e-21
9.810492e+02;8.475495e-21
9.810992e+02;8.475128e-21
9.811492e+02;8.474760e-21
9.811992e+02;8.474393e-21
9.812492e+02;8.474026e-21
9.812993e+02;8.473659e-21
9.813493e+02;8.473291e-21
9.813993e+02;8.472924e-21
9.814493e+02;8.472557e-21
9.814993e+02;8.472190e-21
9.815493e+02;8.471823e-21
9.815993e+02;8.471456e-21
9.816493e+02;8.471089e-21
9.816993e+02;8.470722e-21
9.817493e+02;8.470355e-21
9.817993e+02;8.469988e-21
9.818493e+02;8.469621e-21
9.818993e+02;8.469254e-21
9.819493e+02;8.468888e-21
9.819993e+02;8.468521e-21
9.820493e+02;8.468154e-21
9.820993e+02;8.467787e-21
9.821493e+02;8.467421e-21
9.821993e+02;8.467054e-21
9.822493e+02;8.466687e-21
9.822993e+02;8.466321e-21
9.823493e+02;8.465954e-21
9.823993e+02;8.465588e-21
9.824493e+02;8.465221e-21
9.824993e+02;8.464855e-21
9.825493e+02;8.464488e-21
9.825993e+02;8.464122e-21
9.826493e+02;8.463755e-21
9.826993e+02;8.463389e-21
9.827493e+02;8.463023e-21
9.827993e+02;8.462657e-21
9.828493e+02;8.462290e-21
9.828993e+02;8.461924e-21
9.829493e+02;8.461558e-21
9.829993e+02;8.461192e-21
9.830493e+02;8.460826e-21
9.830993e+02;8.460459e-21
9.831493e+02;8.460093e-21
9.831993e+02;8.459727e-21
9.832493e+02;8.459361e-21
9.832993e+02;8.458995e-21
9.833493e+02;8.458629e-21
9.833993e+02;8.458264e-21
9.834493e+02;8.457898e-21
9.834993e+02;8.457532e-21
9.835493e+02;8.457166e-21
9.835993e+02;8.456800e-21
9.836493e+02;8.456435e-21
9.836993e+02;8.456069e-21
9.837493e+02;8.455703e-21
9.837994e+02;8.455337e-21
9.838494e+02;8.454972e-21
9.838994e+02;8.454606e-21
9.839494e+02;8.454241e-21
9.839994e+02;8.453875e-21
9.840494e+02;8.453510e-21
9.840994e+02;8.453144e-21
9.841494e+02;8.452779e-21
9.841994e+02;8.452413e-21
9.842494e+02;8.452048e-21
9.842994e+02;8.451683e-21
9.843494e+02;8.451317e-21
9.843994e+02;8.450952e-21
9.844494e+02;8.450587e-21
9.844994e+02;8.450222e-21
9.845494e+02;8.449856e-21
9.845994e+02;8.449491e-21
9.846494e+02;8.449126e-21
9.846994e+02;8.448761e-21
9.847494e+02;8.448396e-21
9.847994e+02;8.448031e-21
9.848494e+02;8.447666e-21
9.848994e+02;8.447301e-21
9.849494e+02;8.446936e-21
9.849994e+02;8.446571e-21
9.850494e+02;8.446206e-21
9.850994e+02;8.445841e-21
9.851494e+02;8.445477e-21
9.851994e+02;8.445112e-21
9.852494e+02;8.444747e-21
9.852994e+02;8.444382e-21
9.853494e+02;8.444018e-21
9.853994e+02;8.443653e-21
9.854494e+02;8.443288e-21
9.854994e+02;8.442924e-21
9.855494e+02;8.442559e-21
9.855994e+02;8.442195e-21
9.856494e+02;8.441830e-21
9.856994e+02;8.441466e-21
9.857494e+02;8.441101e-21
9.857994e+02;8.440737e-21
9.858494e+02;8.440373e-21
9.858994e+02;8.440008e-21
9.859494e+02;8.439644e-21
9.859994e+02;8.439280e-21
9.860494e+02;8.438915e-21
9.860994e+02;8.438551e-21
9.861494e+02;8.438187e-21
9.861994e+02;8.437823e-21
9.862494e+02;8.437459e-21
9.862995e+02;8.437095e-21
9.863495e+02;8.436731e-21
9.863995e+02;8.436367e-21
9.864495e+02;8.436003e-21
9.864995e+02;8.435639e-21
9.865495e+02;8.435275e-21
9.865995e+02;8.434911e-21
9.866495e+02;8.434547e-21
9.866995e+02;8.434183e-21
9.867495e+02;8.433819e-21
9.867995e+02;8.433455e-21
9.868495e+02;8.433092e-21
9.868995e+02;8.432728e-21
9.869495e+02;8.432364e-21
9.869995e+02;8.432001e-21
9.870495e+02;8.431637e-21
9.870995e+02;8.431273e-21
9.871495e+02;8.430910e-21
9.871995e+02;8.430546e-21
9.872495e+02;8.430183e-21
9.872995e+02;8.429819e-21
9.873495e+02;8.429456e-21
9.873995e+02;8.429092e-21
9.874495e+02;8.428729e-21
9.874995e+02;8.428366e-21
9.875495e+02;8.428002e-21
9.875995e+02;8.427639e-21
9.876495e+02;8.427276e-21
9.876995e+02;8.426913e-21
9.877495e+02;8.426549e-21
9.877995e+02;8.426186e-21
9.878495e+02;8.425823e-21
9.878995e+02;8.425460e-21
9.879495e+02;8.425097e-21
9.879995e+02;8.424734e-21
9.880495e+02;8.424371e-21
9.880995e+02;8.424008e-21
9.881495e+02;8.423645e-21
9.881995e+02;8.423282e-21
9.882495e+02;8.422919e-21
9.882995e+02;8.422556e-21
9.883495e+02;8.422194e-21
9.883995e+02;8.421831e-21
9.884495e+02;8.421468e-21
9.884995e+02;8.421105e-21
9.885495e+02;8.420743e-21
9.885995e+02;8.420380e-21
9.886495e+02;8.420017e-21
9.886995e+02;8.419655e-21
9.887495e+02;8.419292e-21
9.887996e+02;8.418930e-21
9.888496e+02;8.418567e-21
9.888996e+02;8.418205e-21
9.889496e+02;8.417842e-21
9.889996e+02;8.417480e-21
9.890496e+02;8.417117e-21
9.890996e+02;8.416755e-21
9.891496e+02;8.416393e-21
9.891996e+02;8.416030e-21
9.892496e+02;8.415668e-21
9.892996e+02;8.415306e-21
9.893496e+02;8.414944e-21
9.893996e+02;8.414581e-21
9.894496e+02;8.414219e-21
9.894996e+02;8.413857e-21
9.895496e+02;8.413495e-21
9.895996e+02;8.413133e-21
9.896496e+02;8.412771e-21
9.896996e+02;8.412409e-21
9.897496e+02;8.412047e-21
9.897996e+02;8.411685e-21
9.898496e+02;8.411323e-21
9.898996e+02;8.410961e-21
9.899496e+02;8.410600e-21
9.899996e+02;8.410238e-21
9.900496e+02;8.409876e-21
9.900996e+02;8.409514e-21
9.901496e+02;8.409153e-21
9.901996e+02;8.408791e-21
9.902496e+02;8.408429e-21
9.902996e+02;8.408068e-21
9.903496e+02;8.407706e-21
9.903996e+02;8.407345e-21
9.904496e+02;8.406983e-21
9.904996e+02;8.406622e-21
9.905496e+02;8.406260e-21
9.905996e+02;8.405899e-21
9.906496e+02;8.405537e-21
9.906996e+02;8.405176e-21
9.907496e+02;8.404815e-21
9.907996e+02;8.404453e-21
9.908496e+02;8.404092e-21
9.908996e+02;8.403731e-21
9.909496e+02;8.403370e-21
9.909996e+02;8.403008e-21
9.910496e+02;8.402647e-21
9.910996e+02;8.402286e-21
9.911496e+02;8.401925e-21
9.911996e+02;8.401564e-21
9.912496e+02;8.401203e-21
9.912997e+02;8.400842e-21
9.913497e+02;8.400481e-21
9.913997e+02;8.400120e-21
9.914497e+02;8.399759e-21
9.914997e+02;8.399398e-21
9.915497e+02;8.399037e-21
9.915997e+02;8.398677e-21
9.916497e+02;8.398316e-21
9.916997e+02;8.397955e-21
9.917497e+02;8.397594e-21
9.917997e+02;8.397234e-21
9.918497e+02;8.396873e-21
9.918997e+02;8.396512e-21
9.919497e+02;8.396152e-21
9.919997e+02;8.395791e-21
9.920497e+02;8.395431e-21
9.920997e+02;8.395070e-21
9.921497e+02;8.394710e-21
9.921997e+02;8.394349e-21
9.922497e+02;8.393989e-21
9.922997e+02;8.393628e-21
9.923497e+02;8.393268e-21
9.923997e+02;8.392908e-21
9.924497e+02;8.392547e-21
9.924997e+02;8.392187e-21
9.925497e+02;8.391827e-21
9.925997e+02;8.391467e-21
9.926497e+02;8.391106e-21
9.926997e+02;8.390746e-21
9.927497e+02;8.390386e-21
9.927997e+02;8.390026e-21
9.928497e+02;8.389666e-21
9.928997e+02;8.389306e-21
9.929497e+02;8.388946e-21
9.929997e+02;8.388586e-21
9.930497e+02;8.388226e-21
9.930997e+02;8.387866e-21
9.931497e+02;8.387506e-21
9.931997e+02;8.387147e-21
9.932497e+02;8.386787e-21
9.932997e+02;8.386427e-21
9.933497e+02;8.386067e-21
9.933997e+02;8.385708e-21
9.934497e+02;8.385348e-21
9.934997e+02;8.384988e-21
9.935497e+02;8.384629e-21
9.935997e+02;8.384269e-21
9.936497e+02;8.383909e-21
9.936997e+02;8.383550e-21
9.937497e+02;8.383190e-21
9.937998e+02;8.382831e-21
9.938498e+02;8.382472e-21
9.938998e+02;8.382112e-21
9.939498e+02;8.381753e-21
9.939998e+02;8.381393e-21
9.940498e+02;8.381034e-21
9.940998e+02;8.380675e-21
9.941498e+02;8.380316e-21
9.941998e+02;8.379956e-21
9.942498e+02;8.379597e-21
9.942998e+02;8.379238e-21
9.943498e+02;8.378879e-21
9.943998e+02;8.378520e-21
9.944498e+02;8.378161e-21
9.944998e+02;8.377802e-21
9.945498e+02;8.377443e-21
9.945998e+02;8.377084e-21
9.946498e+02;8.376725e-21
9.946998e+02;8.376366e-21
9.947498e+02;8.376007e-21
9.947998e+02;8.375648e-21
9.948498e+02;8.375289e-21
9.948998e+02;8.374930e-21
9.949498e+02;8.374572e-21
9.949998e+02;8.374213e-21
9.950498e+02;8.373854e-21
9.950998e+02;8.373496e-21
9.951498e+02;8.373137e-21
9.951998e+02;8.372778e-21
9.952498e+02;8.372420e-21
9.952998e+02;8.372061e-21
9.953498e+02;8.371703e-21
9.953998e+02;8.371344e-21
9.954498e+02;8.370986e-21
9.954998e+02;8.370627e-21
9.955498e+02;8.370269e-21
9.955998e+02;8.369910e-21
9.956498e+02;8.369552e-21
9.956998e+02;8.369194e-21
9.957498e+02;8.368836e-21
9.957998e+02;8.368477e-21
9.958498e+02;8.368119e-21
9.958998e+02;8.367761e-21
9.959498e+02;8.367403e-21
9.959998e+02;8.367045e-21
9.960498e+02;8.366686e-21
9.960998e+02;8.366328e-21
9.961498e+02;8.365970e-21
9.961998e+02;8.365612e-21
9.962498e+02;8.365254e-21
9.962999e+02;8.364896e-21
9.963499e+02;8.364539e-21
9.963999e+02;8.364181e-21
9.964499e+02;8.363823e-21
9.964999e+02;8.363465e-21
9.965499e+02;8.363107e-21
9.965999e+02;8.362749e-21
9.966499e+02;8.362392e-21
9.966999e+02;8.362034e-21
9.967499e+02;8.361676e-21
9.967999e+02;8.361319e-21
9.968499e+02;8.360961e-21
9.968999e+02;8.360603e-21
9.969499e+02;8.360246e-21
9.969999e+02;8.359888e-21
9.970499e+02;8.359531e-21
9.970999e+02;8.359173e-21
9.971499e+02;8.358816e-21
9.971999e+02;8.358459e-21
9.972499e+02;8.358101e-21
9.972999e+02;8.357744e-21
9.973499e+02;8.357387e-21
9.973999e+02;8.357029e-21
9.974499e+02;8.356672e-21
9.974999e+02;8.356315e-21
9.975499e+02;8.355958e-21
9.975999e+02;8.355601e-21
9.976499e+02;8.355243e-21
9.976999e+02;8.354886e-21
9.977499e+02;8.354529e-21
9.977999e+02;8.354172e-21
9.978499e+02;8.353815e-21
9.978999e+02;8.353458e-21
9.979499e+02;8.353101e-21
9.979999e+02;8.352744e-21
9.980499e+02;8.352387e-21
9.980999e+02;8.352031e-21
9.981499e+02;8.351674e-21
9.981999e+02;8.351317e-21
9.982499e+02;8.350960e-21
9.982999e+02;8.350603e-21
9.983499e+02;8.350247e-21
9.983999e+02;8.349890e-21
9.984499e+02;8.349533e-21
9.984999e+02;8.349177e-21
9.985499e+02;8.348820e-21
9.985999e+02;8.348464e-21
9.986499e+02;8.348107e-21
9.986999e+02;8.347751e-21
9.987499e+02;8.347394e-21
9.988000e+02;8.347038e-21
9.988500e+02;8.346681e-21
9.989000e+02;8.346325e-21
9.989500e+02;8.345969e-21
9.990000e+02;8.345612e-21
9.990500e+02;8.345256e-21
9.991000e+02;8.344900e-21
9.991500e+02;8.344544e-21
9.992000e+02;8.344187e-21
9.992500e+02;8.343831e-21
9.993000e+02;8.343475e-21
9.993500e+02;8.343119e-21
9.994000e+02;8.342763e-21
9.994500e+02;8.342407e-21
9.995000e+02;8.342051e-21
9.995500e+02;8.341695e-21
9.996000e+02;8.341339e-21
9.996500e+02;8.340983e-21
9.997000e+02;8.340627e-21
9.997500e+02;8.340271e-21
9.998000e+02;8.339915e-21
9.998500e+02;8.339560e-21
9.999000e+02;8.339204e-21
9.999500e+02;8.338848e-21
1.000000e+03;8.338492e-21
