1.000000e-04;1.999803e-17
1.000000e-02;1.983178e-18
1.100045e-01;5.739584e-19
2.100090e-01;4.157090e-19
3.100135e-01;3.505963e-19
4.100180e-01;3.167190e-19
5.100225e-01;2.972328e-19
6.100270e-01;2.854298e-19
7.100315e-01;2.780784e-19
8.100360e-01;2.734337e-19
9.100405e-01;2.704803e-19
1.010045e+00;2.685965e-19
1.110050e+00;2.673873e-19
1.210054e+00;2.665956e-19
1.310059e+00;2.660511e-19
1.410063e+00;2.656397e-19
1.510068e+00;2.652850e-19
1.610072e+00;2.649358e-19
1.710077e+00;2.645586e-19
1.810081e+00;2.641315e-19
1.910086e+00;2.636413e-19
2.010090e+00;2.630806e-19
2.110095e+00;2.624460e-19
2.210099e+00;2.617371e-19
2.310104e+00;2.609553e-19
2.410108e+00;2.601035e-19
2.510113e+00;2.591850e-19
2.610117e+00;2.582042e-19
2.710122e+00;2.571653e-19
2.810126e+00;2.560729e-19
2.910131e+00;2.549315e-19
3.010135e+00;2.537454e-19
3.110140e+00;2.525189e-19
3.210144e+00;2.512561e-19
3.310149e+00;2.499608e-19
3.410153e+00;2.486366e-19
3.510158e+00;2.472870e-19
3.610162e+00;2.459152e-19
3.710167e+00;2.445241e-19
3.810171e+00;2.431165e-19
3.910176e+00;2.416950e-19
4.010180e+00;2.402618e-19
4.110185e+00;2.388193e-19
4.210189e+00;2.373693e-19
4.310194e+00;2.359138e-19
4.410198e+00;2.344544e-19
4.510203e+00;2.329928e-19
4.610207e+00;2.315303e-19
4.710212e+00;2.300682e-19
4.810216e+00;2.286078e-19
4.910221e+00;2.271501e-19
5.010225e+00;2.256962e-19
5.110230e+00;2.242468e-19
5.210234e+00;2.228029e-19
5.310239e+00;2.213652e-19
5.410243e+00;2.199343e-19
5.510248e+00;2.185109e-19
5.610252e+00;2.170955e-19
5.710257e+00;2.156886e-19
5.810261e+00;2.142906e-19
5.910266e+00;2.129020e-19
6.010270e+00;2.115231e-19
6.110275e+00;2.101541e-19
6.210279e+00;2.087955e-19
6.310284e+00;2.074473e-19
6.410288e+00;2.061099e-19
6.510293e+00;2.047833e-19
6.610297e+00;2.034678e-19
6.710302e+00;2.021635e-19
6.810306e+00;2.008705e-19
6.910311e+00;1.995888e-19
7.010315e+00;1.983186e-19
7.110320e+00;1.970599e-19
7.210324e+00;1.958127e-19
7.310329e+00;1.945770e-19
7.410333e+00;1.933529e-19
7.510338e+00;1.921404e-19
7.610342e+00;1.909394e-19
7.710347e+00;1.897499e-19
7.810351e+00;1.885718e-19
7.910356e+00;1.874052e-19
8.010360e+00;1.862500e-19
8.110365e+00;1.851061e-19
8.210369e+00;1.839734e-19
8.310374e+00;1.828520e-19
8.410378e+00;1.817416e-19
8.510383e+00;1.806423e-19
8.610387e+00;1.795540e-19
8.710392e+00;1.784765e-19
8.810396e+00;1.774098e-19
8.910401e+00;1.763538e-19
9.010405e+00;1.753084e-19
9.110410e+00;1.742735e-19
9.210414e+00;1.732489e-19
9.310419e+00;1.722347e-19
9.410423e+00;1.712306e-19
9.510428e+00;1.702367e-19
9.610432e+00;1.692527e-19
9.710437e+00;1.682786e-19
9.810441e+00;1.673143e-19
9.910446e+00;1.663597e-19
1.001045e+01;1.654146e-19
1.011045e+01;1.644790e-19
1.021046e+01;1.635527e-19
1.031046e+01;1.626357e-19
1.041047e+01;1.617278e-19
1.051047e+01;1.608289e-19
1.061048e+01;1.599390e-19
1.071048e+01;1.590579e-19
1.081049e+01;1.581855e-19
1.091049e+01;1.573217e-19
1.101050e+01;1.564664e-19
1.111050e+01;1.556196e-19
1.121050e+01;1.547810e-19
1.131051e+01;1.539507e-19
1.141051e+01;1.531284e-19
1.151052e+01;1.523142e-19
1.161052e+01;1.515079e-19
1.171053e+01;1.507094e-19
1.181053e+01;1.499186e-19
1.191054e+01;1.491354e-19
1.201054e+01;1.483598e-19
1.211054e+01;1.475915e-19
1.221055e+01;1.468307e-19
1.231055e+01;1.460770e-19
1.241056e+01;1.453306e-19
1.251056e+01;1.445912e-19
1.261057e+01;1.438587e-19
1.271057e+01;1.431332e-19
1.281058e+01;1.424145e-19
1.291058e+01;1.417025e-19
1.301059e+01;1.409972e-19
1.311059e+01;1.402984e-19
1.321059e+01;1.396061e-19
1.331060e+01;1.389201e-19
1.341060e+01;1.382405e-19
1.351061e+01;1.375672e-19
1.361061e+01;1.369000e-19
1.371062e+01;1.362388e-19
1.381062e+01;1.355837e-19
1.391063e+01;1.349345e-19
1.401063e+01;1.342912e-19
1.411063e+01;1.336537e-19
1.421064e+01;1.330219e-19
1.431064e+01;1.323957e-19
1.441065e+01;1.317751e-19
1.451065e+01;1.311600e-19
1.461066e+01;1.305504e-19
1.471066e+01;1.299461e-19
1.481067e+01;1.293472e-19
1.491067e+01;1.287534e-19
1.501068e+01;1.281649e-19
1.511068e+01;1.275815e-19
1.521068e+01;1.270031e-19
1.531069e+01;1.264298e-19
1.541069e+01;1.258613e-19
1.551070e+01;1.252978e-19
1.561070e+01;1.247390e-19
1.571071e+01;1.241851e-19
1.581071e+01;1.236358e-19
1.591072e+01;1.230911e-19
1.601072e+01;1.225511e-19
1.611072e+01;1.220156e-19
1.621073e+01;1.214846e-19
1.631073e+01;1.209580e-19
1.641074e+01;1.204357e-19
1.651074e+01;1.199179e-19
1.661075e+01;1.194042e-19
1.671075e+01;1.188948e-19
1.681076e+01;1.183896e-19
1.691076e+01;1.178885e-19
1.701077e+01;1.173915e-19
1.711077e+01;1.168986e-19
1.721077e+01;1.164096e-19
1.731078e+01;1.159245e-19
1.741078e+01;1.154434e-19
1.751079e+01;1.149661e-19
1.761079e+01;1.144925e-19
1.771080e+01;1.140228e-19
1.781080e+01;1.135568e-19
1.791081e+01;1.130945e-19
1.801081e+01;1.126357e-19
1.811081e+01;1.121806e-19
1.821082e+01;1.117291e-19
1.831082e+01;1.112810e-19
1.841083e+01;1.108365e-19
1.851083e+01;1.103954e-19
1.861084e+01;1.099576e-19
1.871084e+01;1.095233e-19
1.881085e+01;1.090922e-19
1.891085e+01;1.086645e-19
1.901086e+01;1.082400e-19
1.911086e+01;1.078187e-19
1.921086e+01;1.074006e-19
1.931087e+01;1.069856e-19
1.941087e+01;1.065738e-19
1.951088e+01;1.061650e-19
1.961088e+01;1.057593e-19
1.971089e+01;1.053566e-19
1.981089e+01;1.049568e-19
1.991090e+01;1.045601e-19
2.001090e+01;1.041662e-19
2.011090e+01;1.037752e-19
2.021091e+01;1.033871e-19
2.031091e+01;1.030018e-19
2.041092e+01;1.026193e-19
2.051092e+01;1.022395e-19
2.061093e+01;1.018625e-19
2.071093e+01;1.014882e-19
2.081094e+01;1.011166e-19
2.091094e+01;1.007477e-19
2.101095e+01;1.003813e-19
2.111095e+01;1.000176e-19
2.121095e+01;9.965642e-20
2.131096e+01;9.929779e-20
2.141096e+01;9.894169e-20
2.151097e+01;9.858807e-20
2.161097e+01;9.823692e-20
2.171098e+01;9.788822e-20
2.181098e+01;9.754193e-20
2.191099e+01;9.719803e-20
2.201099e+01;9.685650e-20
2.211099e+01;9.651732e-20
2.221100e+01;9.618046e-20
2.231100e+01;9.584589e-20
2.241101e+01;9.551361e-20
2.251101e+01;9.518357e-20
2.261102e+01;9.485577e-20
2.271102e+01;9.453017e-20
2.281103e+01;9.420676e-20
2.291103e+01;9.388552e-20
2.301104e+01;9.356642e-20
2.311104e+01;9.324944e-20
2.321104e+01;9.293457e-20
2.331105e+01;9.262178e-20
2.341105e+01;9.231105e-20
2.351106e+01;9.200236e-20
2.361106e+01;9.169569e-20
2.371107e+01;9.139103e-20
2.381107e+01;9.108835e-20
2.391108e+01;9.078764e-20
2.401108e+01;9.048888e-20
2.411108e+01;9.019204e-20
2.421109e+01;8.989711e-20
2.431109e+01;8.960407e-20
2.441110e+01;8.931291e-20
2.451110e+01;8.902360e-20
2.461111e+01;8.873613e-20
2.471111e+01;8.845048e-20
2.481112e+01;8.816664e-20
2.491112e+01;8.788459e-20
2.501113e+01;8.760431e-20
2.511113e+01;8.732578e-20
2.521113e+01;8.704899e-20
2.531114e+01;8.677393e-20
2.541114e+01;8.650057e-20
2.551115e+01;8.622891e-20
2.561115e+01;8.595892e-20
2.571116e+01;8.569059e-20
2.581116e+01;8.542391e-20
2.591117e+01;8.515886e-20
2.601117e+01;8.489542e-20
2.611117e+01;8.463359e-20
2.621118e+01;8.437335e-20
2.631118e+01;8.411468e-20
2.641119e+01;8.385757e-20
2.651119e+01;8.360201e-20
2.661120e+01;8.334797e-20
2.671120e+01;8.309546e-20
2.681121e+01;8.284445e-20
2.691121e+01;8.259494e-20
2.701122e+01;8.234690e-20
2.711122e+01;8.210033e-20
2.721122e+01;8.185521e-20
2.731123e+01;8.161154e-20
2.741123e+01;8.136929e-20
2.751124e+01;8.112845e-20
2.761124e+01;8.088903e-20
2.771125e+01;8.065099e-20
2.781125e+01;8.041433e-20
2.791126e+01;8.017904e-20
2.801126e+01;7.994511e-20
2.811126e+01;7.971252e-20
2.821127e+01;7.948126e-20
2.831127e+01;7.925133e-20
2.841128e+01;7.902271e-20
2.851128e+01;7.879539e-20
2.861129e+01;7.856935e-20
2.871129e+01;7.834460e-20
2.881130e+01;7.812111e-20
2.891130e+01;7.789888e-20
2.901131e+01;7.767789e-20
2.911131e+01;7.745815e-20
2.921131e+01;7.723962e-20
2.931132e+01;7.702232e-20
2.941132e+01;7.680622e-20
2.951133e+01;7.659131e-20
2.961133e+01;7.637759e-20
2.971134e+01;7.616505e-20
2.981134e+01;7.595368e-20
2.991135e+01;7.574346e-20
3.001135e+01;7.553439e-20
3.011135e+01;7.532646e-20
3.021136e+01;7.511966e-20
3.031136e+01;7.491398e-20
3.041137e+01;7.470941e-20
3.051137e+01;7.450595e-20
3.061138e+01;7.430358e-20
3.071138e+01;7.410229e-20
3.081139e+01;7.390208e-20
3.091139e+01;7.370294e-20
3.101140e+01;7.350486e-20
3.111140e+01;7.330783e-20
3.121140e+01;7.311184e-20
3.131141e+01;7.291689e-20
3.141141e+01;7.272297e-20
3.151142e+01;7.253006e-20
3.161142e+01;7.233816e-20
3.171143e+01;7.214727e-20
3.181143e+01;7.195738e-20
3.191144e+01;7.176847e-20
3.201144e+01;7.158054e-20
3.211144e+01;7.139358e-20
3.221145e+01;7.120759e-20
3.231145e+01;7.102256e-20
3.241146e+01;7.083847e-20
3.251146e+01;7.065533e-20
3.261147e+01;7.047313e-20
3.271147e+01;7.029185e-20
3.281148e+01;7.011150e-20
3.291148e+01;6.993206e-20
3.301149e+01;6.975353e-20
3.311149e+01;6.957590e-20
3.321149e+01;6.939916e-20
3.331150e+01;6.922332e-20
3.341150e+01;6.904835e-20
3.351151e+01;6.887426e-20
3.361151e+01;6.870104e-20
3.371152e+01;6.852868e-20
3.381152e+01;6.835717e-20
3.391153e+01;6.818651e-20
3.401153e+01;6.801670e-20
3.411153e+01;6.784772e-20
3.421154e+01;6.767958e-20
3.431154e+01;6.751226e-20
3.441155e+01;6.734575e-20
3.451155e+01;6.718006e-20
3.461156e+01;6.701518e-20
3.471156e+01;6.685110e-20
3.481157e+01;6.668781e-20
3.491157e+01;6.652531e-20
3.501158e+01;6.636360e-20
3.511158e+01;6.620266e-20
3.521158e+01;6.604250e-20
3.531159e+01;6.588310e-20
3.541159e+01;6.572446e-20
3.551160e+01;6.556659e-20
3.561160e+01;6.540946e-20
3.571161e+01;6.525307e-20
3.581161e+01;6.509743e-20
3.591162e+01;6.494253e-20
3.601162e+01;6.478835e-20
3.611162e+01;6.463490e-20
3.621163e+01;6.448216e-20
3.631163e+01;6.433015e-20
3.641164e+01;6.417884e-20
3.651164e+01;6.402824e-20
3.661165e+01;6.387833e-20
3.671165e+01;6.372913e-20
3.681166e+01;6.358061e-20
3.691166e+01;6.343278e-20
3.701167e+01;6.328563e-20
3.711167e+01;6.313915e-20
3.721167e+01;6.299335e-20
3.731168e+01;6.284822e-20
3.741168e+01;6.270374e-20
3.751169e+01;6.255993e-20
3.761169e+01;6.241677e-20
3.771170e+01;6.227426e-20
3.781170e+01;6.213239e-20
3.791171e+01;6.199116e-20
3.801171e+01;6.185057e-20
3.811171e+01;6.171061e-20
3.821172e+01;6.157128e-20
3.831172e+01;6.143258e-20
3.841173e+01;6.129449e-20
3.851173e+01;6.115702e-20
3.861174e+01;6.102016e-20
3.871174e+01;6.088390e-20
3.881175e+01;6.074825e-20
3.891175e+01;6.061320e-20
3.901176e+01;6.047874e-20
3.911176e+01;6.034488e-20
3.921176e+01;6.021160e-20
3.931177e+01;6.007891e-20
3.941177e+01;5.994679e-20
3.951178e+01;5.981526e-20
3.961178e+01;5.968429e-20
3.971179e+01;5.955389e-20
3.981179e+01;5.942406e-20
3.991180e+01;5.929479e-20
4.001180e+01;5.916608e-20
4.011180e+01;5.903792e-20
4.021181e+01;5.891031e-20
4.031181e+01;5.878325e-20
4.041182e+01;5.865674e-20
4.051182e+01;5.853076e-20
4.061183e+01;5.840532e-20
4.071183e+01;5.828041e-20
4.081184e+01;5.815603e-20
4.091184e+01;5.803218e-20
4.101185e+01;5.790886e-20
4.111185e+01;5.778605e-20
4.121185e+01;5.766376e-20
4.131186e+01;5.754198e-20
4.141186e+01;5.742071e-20
4.151187e+01;5.729996e-20
4.161187e+01;5.717970e-20
4.171188e+01;5.705994e-20
4.181188e+01;5.694069e-20
4.191189e+01;5.682192e-20
4.201189e+01;5.670365e-20
4.211189e+01;5.658587e-20
4.221190e+01;5.646857e-20
4.231190e+01;5.635176e-20
4.241191e+01;5.623543e-20
4.251191e+01;5.611957e-20
4.261192e+01;5.600418e-20
4.271192e+01;5.588927e-20
4.281193e+01;5.577482e-20
4.291193e+01;5.566084e-20
4.301194e+01;5.554733e-20
4.311194e+01;5.543427e-20
4.321194e+01;5.532167e-20
4.331195e+01;5.520952e-20
4.341195e+01;5.509782e-20
4.351196e+01;5.498658e-20
4.361196e+01;5.487577e-20
4.371197e+01;5.476542e-20
4.381197e+01;5.465550e-20
4.391198e+01;5.454602e-20
4.401198e+01;5.443698e-20
4.411198e+01;5.432836e-20
4.421199e+01;5.422018e-20
4.431199e+01;5.411243e-20
4.441200e+01;5.400510e-20
4.451200e+01;5.389820e-20
4.461201e+01;5.379171e-20
4.471201e+01;5.368565e-20
4.481202e+01;5.357999e-20
4.491202e+01;5.347476e-20
4.501203e+01;5.336993e-20
4.511203e+01;5.326551e-20
4.521203e+01;5.316149e-20
4.531204e+01;5.305788e-20
4.541204e+01;5.295467e-20
4.551205e+01;5.285186e-20
4.561205e+01;5.274945e-20
4.571206e+01;5.264743e-20
4.581206e+01;5.254580e-20
4.591207e+01;5.244456e-20
4.601207e+01;5.234371e-20
4.611207e+01;5.224324e-20
4.621208e+01;5.214316e-20
4.631208e+01;5.204346e-20
4.641209e+01;5.194413e-20
4.651209e+01;5.184519e-20
4.661210e+01;5.174661e-20
4.671210e+01;5.164841e-20
4.681211e+01;5.155058e-20
4.691211e+01;5.145312e-20
4.701212e+01;5.135603e-20
4.711212e+01;5.125930e-20
4.721212e+01;5.116293e-20
4.731213e+01;5.106692e-20
4.741213e+01;5.097127e-20
4.751214e+01;5.087597e-20
4.761214e+01;5.078103e-20
4.771215e+01;5.068644e-20
4.781215e+01;5.059220e-20
4.791216e+01;5.049831e-20
4.801216e+01;5.040477e-20
4.811216e+01;5.031157e-20
4.821217e+01;5.021871e-20
4.831217e+01;5.012619e-20
4.841218e+01;5.003401e-20
4.851218e+01;4.994217e-20
4.861219e+01;4.985067e-20
4.871219e+01;4.975949e-20
4.881220e+01;4.966865e-20
4.891220e+01;4.957814e-20
4.901221e+01;4.948795e-20
4.911221e+01;4.939810e-20
4.921221e+01;4.930856e-20
4.931222e+01;4.921935e-20
4.941222e+01;4.913046e-20
4.951223e+01;4.904189e-20
4.961223e+01;4.895364e-20
4.971224e+01;4.886570e-20
4.981224e+01;4.877807e-20
4.991225e+01;4.869076e-20
5.001225e+01;4.860376e-20
5.011225e+01;4.851707e-20
5.021226e+01;4.843068e-20
5.031226e+01;4.834461e-20
5.041227e+01;4.825883e-20
5.051227e+01;4.817336e-20
5.061228e+01;4.808819e-20
5.071228e+01;4.800332e-20
5.081229e+01;4.791874e-20
5.091229e+01;4.783446e-20
5.101230e+01;4.775048e-20
5.111230e+01;4.766679e-20
5.121230e+01;4.758339e-20
5.131231e+01;4.750029e-20
5.141231e+01;4.741747e-20
5.151232e+01;4.733494e-20
5.161232e+01;4.725269e-20
5.171233e+01;4.717073e-20
5.181233e+01;4.708905e-20
5.191234e+01;4.700765e-20
5.201234e+01;4.692653e-20
5.211234e+01;4.684569e-20
5.221235e+01;4.676513e-20
5.231235e+01;4.668484e-20
5.241236e+01;4.660483e-20
5.251236e+01;4.652509e-20
5.261237e+01;4.644562e-20
5.271237e+01;4.636642e-20
5.281238e+01;4.628749e-20
5.291238e+01;4.620882e-20
5.301239e+01;4.613043e-20
5.311239e+01;4.605229e-20
5.321239e+01;4.597442e-20
5.331240e+01;4.589681e-20
5.341240e+01;4.581947e-20
5.351241e+01;4.574238e-20
5.361241e+01;4.566555e-20
5.371242e+01;4.558898e-20
5.381242e+01;4.551266e-20
5.391243e+01;4.543659e-20
5.401243e+01;4.536078e-20
5.411243e+01;4.528522e-20
5.421244e+01;4.520992e-20
5.431244e+01;4.513486e-20
5.441245e+01;4.506004e-20
5.451245e+01;4.498548e-20
5.461246e+01;4.491116e-20
5.471246e+01;4.483708e-20
5.481247e+01;4.476325e-20
5.491247e+01;4.468966e-20
5.501248e+01;4.461631e-20
5.511248e+01;4.454320e-20
5.521248e+01;4.447033e-20
5.531249e+01;4.439769e-20
5.541249e+01;4.432530e-20
5.551250e+01;4.425313e-20
5.561250e+01;4.418120e-20
5.571251e+01;4.410950e-20
5.581251e+01;4.403804e-20
5.591252e+01;4.396680e-20
5.601252e+01;4.389580e-20
5.611252e+01;4.382502e-20
5.621253e+01;4.375447e-20
5.631253e+01;4.368414e-20
5.641254e+01;4.361404e-20
5.651254e+01;4.354417e-20
5.661255e+01;4.347451e-20
5.671255e+01;4.340508e-20
5.681256e+01;4.333587e-20
5.691256e+01;4.326688e-20
5.701257e+01;4.319811e-20
5.711257e+01;4.312955e-20
5.721257e+01;4.306121e-20
5.731258e+01;4.299309e-20
5.741258e+01;4.292518e-20
5.751259e+01;4.285748e-20
5.761259e+01;4.279000e-20
5.771260e+01;4.272273e-20
5.781260e+01;4.265567e-20
5.791261e+01;4.258882e-20
5.801261e+01;4.252218e-20
5.811261e+01;4.245574e-20
5.821262e+01;4.238951e-20
5.831262e+01;4.232349e-20
5.841263e+01;4.225767e-20
5.851263e+01;4.219206e-20
5.861264e+01;4.212664e-20
5.871264e+01;4.206143e-20
5.881265e+01;4.199642e-20
5.891265e+01;4.193162e-20
5.901266e+01;4.186700e-20
5.911266e+01;4.180259e-20
5.921266e+01;4.173838e-20
5.931267e+01;4.167436e-20
5.941267e+01;4.161054e-20
5.951268e+01;4.154691e-20
5.961268e+01;4.148347e-20
5.971269e+01;4.142023e-20
5.981269e+01;4.135718e-20
5.991270e+01;4.129432e-20
6.001270e+01;4.123166e-20
6.011270e+01;4.116918e-20
6.021271e+01;4.110689e-20
6.031271e+01;4.104478e-20
6.041272e+01;4.098287e-20
6.051272e+01;4.092114e-20
6.061273e+01;4.085959e-20
6.071273e+01;4.079823e-20
6.081274e+01;4.073705e-20
6.091274e+01;4.067606e-20
6.101275e+01;4.061524e-20
6.111275e+01;4.055461e-20
6.121275e+01;4.049416e-20
6.131276e+01;4.043389e-20
6.141276e+01;4.037379e-20
6.151277e+01;4.031388e-20
6.161277e+01;4.025414e-20
6.171278e+01;4.019457e-20
6.181278e+01;4.013519e-20
6.191279e+01;4.007597e-20
6.201279e+01;4.001694e-20
6.211279e+01;3.995807e-20
6.221280e+01;3.989938e-20
6.231280e+01;3.984086e-20
6.241281e+01;3.978251e-20
6.251281e+01;3.972432e-20
6.261282e+01;3.966631e-20
6.271282e+01;3.960847e-20
6.281283e+01;3.955080e-20
6.291283e+01;3.949329e-20
6.301284e+01;3.943595e-20
6.311284e+01;3.937877e-20
6.321284e+01;3.932177e-20
6.331285e+01;3.926492e-20
6.341285e+01;3.920824e-20
6.351286e+01;3.915172e-20
6.361286e+01;3.909536e-20
6.371287e+01;3.903917e-20
6.381287e+01;3.898313e-20
6.391288e+01;3.892726e-20
6.401288e+01;3.887155e-20
6.411288e+01;3.881599e-20
6.421289e+01;3.876059e-20
6.431289e+01;3.870535e-20
6.441290e+01;3.865027e-20
6.451290e+01;3.859534e-20
6.461291e+01;3.854057e-20
6.471291e+01;3.848595e-20
6.481292e+01;3.843149e-20
6.491292e+01;3.837718e-20
6.501293e+01;3.832302e-20
6.511293e+01;3.826902e-20
6.521293e+01;3.821517e-20
6.531294e+01;3.816147e-20
6.541294e+01;3.810791e-20
6.551295e+01;3.805451e-20
6.561295e+01;3.800126e-20
6.571296e+01;3.794816e-20
6.581296e+01;3.789520e-20
6.591297e+01;3.784239e-20
6.601297e+01;3.778973e-20
6.611297e+01;3.773721e-20
6.621298e+01;3.768484e-20
6.631298e+01;3.763261e-20
6.641299e+01;3.758053e-20
6.651299e+01;3.752859e-20
6.661300e+01;3.747680e-20
6.671300e+01;3.742514e-20
6.681301e+01;3.737363e-20
6.691301e+01;3.732226e-20
6.701302e+01;3.727103e-20
6.711302e+01;3.721994e-20
6.721302e+01;3.716899e-20
6.731303e+01;3.711818e-20
6.741303e+01;3.706751e-20
6.751304e+01;3.701697e-20
6.761304e+01;3.696657e-20
6.771305e+01;3.691631e-20
6.781305e+01;3.686619e-20
6.791306e+01;3.681620e-20
6.801306e+01;3.676634e-20
6.811306e+01;3.671662e-20
6.821307e+01;3.666704e-20
6.831307e+01;3.661758e-20
6.841308e+01;3.656826e-20
6.851308e+01;3.651908e-20
6.861309e+01;3.647002e-20
6.871309e+01;3.642110e-20
6.881310e+01;3.637230e-20
6.891310e+01;3.632364e-20
6.901311e+01;3.627511e-20
6.911311e+01;3.622670e-20
6.921311e+01;3.617843e-20
6.931312e+01;3.613028e-20
6.941312e+01;3.608226e-20
6.951313e+01;3.603437e-20
6.961313e+01;3.598660e-20
6.971314e+01;3.593896e-20
6.981314e+01;3.589145e-20
6.991315e+01;3.584406e-20
7.001315e+01;3.579679e-20
7.011315e+01;3.574965e-20
7.021316e+01;3.570264e-20
7.031316e+01;3.565574e-20
7.041317e+01;3.560897e-20
7.051317e+01;3.556232e-20
7.061318e+01;3.551580e-20
7.071318e+01;3.546939e-20
7.081319e+01;3.542311e-20
7.091319e+01;3.537694e-20
7.101320e+01;3.533090e-20
7.111320e+01;3.528497e-20
7.121320e+01;3.523917e-20
7.131321e+01;3.519348e-20
7.141321e+01;3.514791e-20
7.151322e+01;3.510246e-20
7.161322e+01;3.505712e-20
7.171323e+01;3.501190e-20
7.181323e+01;3.496680e-20
7.191324e+01;3.492182e-20
7.201324e+01;3.487695e-20
7.211324e+01;3.483219e-20
7.221325e+01;3.478755e-20
7.231325e+01;3.474302e-20
7.241326e+01;3.469861e-20
7.251326e+01;3.465431e-20
7.261327e+01;3.461012e-20
7.271327e+01;3.456604e-20
7.281328e+01;3.452208e-20
7.291328e+01;3.447823e-20
7.301329e+01;3.443448e-20
7.311329e+01;3.439085e-20
7.321329e+01;3.434733e-20
7.331330e+01;3.430392e-20
7.341330e+01;3.426062e-20
7.351331e+01;3.421743e-20
7.361331e+01;3.417434e-20
7.371332e+01;3.413137e-20
7.381332e+01;3.408850e-20
7.391333e+01;3.404574e-20
7.401333e+01;3.400308e-20
7.411333e+01;3.396054e-20
7.421334e+01;3.391809e-20
7.431334e+01;3.387576e-20
7.441335e+01;3.383353e-20
7.451335e+01;3.379140e-20
7.461336e+01;3.374938e-20
7.471336e+01;3.370746e-20
7.481337e+01;3.366565e-20
7.491337e+01;3.362394e-20
7.501338e+01;3.358233e-20
7.511338e+01;3.354083e-20
7.521338e+01;3.349943e-20
7.531339e+01;3.345813e-20
7.541339e+01;3.341693e-20
7.551340e+01;3.337583e-20
7.561340e+01;3.333483e-20
7.571341e+01;3.329394e-20
7.581341e+01;3.325314e-20
7.591342e+01;3.321244e-20
7.601342e+01;3.317185e-20
7.611342e+01;3.313135e-20
7.621343e+01;3.309095e-20
7.631343e+01;3.305065e-20
7.641344e+01;3.301044e-20
7.651344e+01;3.297034e-20
7.661345e+01;3.293033e-20
7.671345e+01;3.289041e-20
7.681346e+01;3.285060e-20
7.691346e+01;3.281088e-20
7.701347e+01;3.277125e-20
7.711347e+01;3.273172e-20
7.721347e+01;3.269229e-20
7.731348e+01;3.265295e-20
7.741348e+01;3.261370e-20
7.751349e+01;3.257455e-20
7.761349e+01;3.253550e-20
7.771350e+01;3.249653e-20
7.781350e+01;3.245766e-20
7.791351e+01;3.241888e-20
7.801351e+01;3.238020e-20
7.811351e+01;3.234160e-20
7.821352e+01;3.230310e-20
7.831352e+01;3.226469e-20
7.841353e+01;3.222637e-20
7.851353e+01;3.218814e-20
7.861354e+01;3.215000e-20
7.871354e+01;3.211195e-20
7.881355e+01;3.207400e-20
7.891355e+01;3.203613e-20
7.901356e+01;3.199835e-20
7.911356e+01;3.196065e-20
7.921356e+01;3.192305e-20
7.931357e+01;3.188554e-20
7.941357e+01;3.184811e-20
7.951358e+01;3.181077e-20
7.961358e+01;3.177352e-20
7.971359e+01;3.173635e-20
7.981359e+01;3.169927e-20
7.991360e+01;3.166228e-20
8.001360e+01;3.162538e-20
8.011360e+01;3.158856e-20
8.021361e+01;3.155182e-20
8.031361e+01;3.151517e-20
8.041362e+01;3.147861e-20
8.051362e+01;3.144213e-20
8.061363e+01;3.140573e-20
8.071363e+01;3.136942e-20
8.081364e+01;3.133319e-20
8.091364e+01;3.129705e-20
8.101365e+01;3.126099e-20
8.111365e+01;3.122501e-20
8.121365e+01;3.118911e-20
8.131366e+01;3.115330e-20
8.141366e+01;3.111756e-20
8.151367e+01;3.108191e-20
8.161367e+01;3.104635e-20
8.171368e+01;3.101086e-20
8.181368e+01;3.097545e-20
8.191369e+01;3.094012e-20
8.201369e+01;3.090488e-20
8.211369e+01;3.086971e-20
8.221370e+01;3.083463e-20
8.231370e+01;3.079962e-20
8.241371e+01;3.076469e-20
8.251371e+01;3.072984e-20
8.261372e+01;3.069507e-20
8.271372e+01;3.066038e-20
8.281373e+01;3.062577e-20
8.291373e+01;3.059124e-20
8.301374e+01;3.055678e-20
8.311374e+01;3.052240e-20
8.321374e+01;3.048809e-20
8.331375e+01;3.045387e-20
8.341375e+01;3.041972e-20
8.351376e+01;3.038565e-20
8.361376e+01;3.035165e-20
8.371377e+01;3.031773e-20
8.381377e+01;3.028388e-20
8.391378e+01;3.025011e-20
8.401378e+01;3.021642e-20
8.411378e+01;3.018280e-20
8.421379e+01;3.014925e-20
8.431379e+01;3.011578e-20
8.441380e+01;3.008238e-20
8.451380e+01;3.004906e-20
8.461381e+01;3.001581e-20
8.471381e+01;2.998263e-20
8.481382e+01;2.994953e-20
8.491382e+01;2.991650e-20
8.501383e+01;2.988354e-20
8.511383e+01;2.985065e-20
8.521383e+01;2.981784e-20
8.531384e+01;2.978510e-20
8.541384e+01;2.975243e-20
8.551385e+01;2.971983e-20
8.561385e+01;2.968730e-20
8.571386e+01;2.965485e-20
8.581386e+01;2.962246e-20
8.591387e+01;2.959015e-20
8.601387e+01;2.955790e-20
8.611387e+01;2.952573e-20
8.621388e+01;2.949362e-20
8.631388e+01;2.946159e-20
8.641389e+01;2.942962e-20
8.651389e+01;2.939773e-20
8.661390e+01;2.936590e-20
8.671390e+01;2.933414e-20
8.681391e+01;2.930245e-20
8.691391e+01;2.927083e-20
8.701392e+01;2.923928e-20
8.711392e+01;2.920779e-20
8.721392e+01;2.917637e-20
8.731393e+01;2.914502e-20
8.741393e+01;2.911374e-20
8.751394e+01;2.908252e-20
8.761394e+01;2.905137e-20
8.771395e+01;2.902028e-20
8.781395e+01;2.898927e-20
8.791396e+01;2.895832e-20
8.801396e+01;2.892743e-20
8.811396e+01;2.889661e-20
8.821397e+01;2.886586e-20
8.831397e+01;2.883517e-20
8.841398e+01;2.880454e-20
8.851398e+01;2.877399e-20
8.861399e+01;2.874349e-20
8.871399e+01;2.871306e-20
8.881400e+01;2.868270e-20
8.891400e+01;2.865239e-20
8.901401e+01;2.862216e-20
8.911401e+01;2.859198e-20
8.921401e+01;2.856187e-20
8.931402e+01;2.853182e-20
8.941402e+01;2.850184e-20
8.951403e+01;2.847192e-20
8.961403e+01;2.844206e-20
8.971404e+01;2.841226e-20
8.981404e+01;2.838253e-20
8.991405e+01;2.835286e-20
9.001405e+01;2.832325e-20
9.011405e+01;2.829370e-20
9.021406e+01;2.826421e-20
9.031406e+01;2.823478e-20
9.041407e+01;2.820542e-20
9.051407e+01;2.817612e-20
9.061408e+01;2.814687e-20
9.071408e+01;2.811769e-20
9.081409e+01;2.808857e-20
9.091409e+01;2.805951e-20
9.101410e+01;2.803050e-20
9.111410e+01;2.800156e-20
9.121410e+01;2.797268e-20
9.131411e+01;2.794386e-20
9.141411e+01;2.791509e-20
9.151412e+01;2.788639e-20
9.161412e+01;2.785774e-20
9.171413e+01;2.782915e-20
9.181413e+01;2.780062e-20
9.191414e+01;2.777215e-20
9.201414e+01;2.774374e-20
9.211414e+01;2.771539e-20
9.221415e+01;2.768709e-20
9.231415e+01;2.765885e-20
9.241416e+01;2.763067e-20
9.251416e+01;2.760254e-20
9.261417e+01;2.757448e-20
9.271417e+01;2.754647e-20
9.281418e+01;2.751851e-20
9.291418e+01;2.749062e-20
9.301419e+01;2.746278e-20
9.311419e+01;2.743499e-20
9.321419e+01;2.740726e-20
9.331420e+01;2.737959e-20
9.341420e+01;2.735197e-20
9.351421e+01;2.732441e-20
9.361421e+01;2.729691e-20
9.371422e+01;2.726946e-20
9.381422e+01;2.724206e-20
9.391423e+01;2.721472e-20
9.401423e+01;2.718744e-20
9.411423e+01;2.716020e-20
9.421424e+01;2.713303e-20
9.431424e+01;2.710591e-20
9.441425e+01;2.707884e-20
9.451425e+01;2.705182e-20
9.461426e+01;2.702486e-20
9.471426e+01;2.699795e-20
9.481427e+01;2.697110e-20
9.491427e+01;2.694430e-20
9.501428e+01;2.691755e-20
9.511428e+01;2.689086e-20
9.521428e+01;2.686422e-20
9.531429e+01;2.683763e-20
9.541429e+01;2.681109e-20
9.551430e+01;2.678461e-20
9.561430e+01;2.675818e-20
9.571431e+01;2.673180e-20
9.581431e+01;2.670547e-20
9.591432e+01;2.667919e-20
9.601432e+01;2.665297e-20
9.611432e+01;2.662679e-20
9.621433e+01;2.660067e-20
9.631433e+01;2.657460e-20
9.641434e+01;2.654858e-20
9.651434e+01;2.652261e-20
9.661435e+01;2.649669e-20
9.671435e+01;2.647082e-20
9.681436e+01;2.644501e-20
9.691436e+01;2.641924e-20
9.701437e+01;2.639352e-20
9.711437e+01;2.636786e-20
9.721437e+01;2.634224e-20
9.731438e+01;2.631667e-20
9.741438e+01;2.629115e-20
9.751439e+01;2.626568e-20
9.761439e+01;2.624026e-20
9.771440e+01;2.621489e-20
9.781440e+01;2.618957e-20
9.791441e+01;2.616430e-20
9.801441e+01;2.613907e-20
9.811441e+01;2.611390e-20
9.821442e+01;2.608877e-20
9.831442e+01;2.606369e-20
9.841443e+01;2.603866e-20
9.851443e+01;2.601368e-20
9.861444e+01;2.598874e-20
9.871444e+01;2.596385e-20
9.881445e+01;2.593901e-20
9.891445e+01;2.591422e-20
9.901446e+01;2.588948e-20
9.911446e+01;2.586478e-20
9.921446e+01;2.584013e-20
9.931447e+01;2.581552e-20
9.941447e+01;2.579096e-20
9.951448e+01;2.576645e-20
9.961448e+01;2.574199e-20
9.971449e+01;2.571757e-20
9.981449e+01;2.569320e-20
9.991450e+01;2.566887e-20
1.000145e+02;2.564459e-20
1.001145e+02;2.562036e-20
1.002145e+02;2.559617e-20
1.003145e+02;2.557203e-20
1.004145e+02;2.554793e-20
1.005145e+02;2.552388e-20
1.006145e+02;2.549987e-20
1.007145e+02;2.547591e-20
1.008145e+02;2.545199e-20
1.009145e+02;2.542812e-20
1.010145e+02;2.540429e-20
1.011145e+02;2.538051e-20
1.012146e+02;2.535677e-20
1.013146e+02;2.533307e-20
1.014146e+02;2.530942e-20
1.015146e+02;2.528582e-20
1.016146e+02;2.526226e-20
1.017146e+02;2.523874e-20
1.018146e+02;2.521526e-20
1.019146e+02;2.519183e-20
1.020146e+02;2.516844e-20
1.021146e+02;2.514510e-20
1.022146e+02;2.512180e-20
1.023146e+02;2.509854e-20
1.024146e+02;2.507533e-20
1.025146e+02;2.505215e-20
1.026146e+02;2.502902e-20
1.027146e+02;2.500594e-20
1.028146e+02;2.498289e-20
1.029146e+02;2.495989e-20
1.030146e+02;2.493693e-20
1.031146e+02;2.491401e-20
1.032146e+02;2.489114e-20
1.033146e+02;2.486830e-20
1.034147e+02;2.484551e-20
1.035147e+02;2.482276e-20
1.036147e+02;2.480005e-20
1.037147e+02;2.477738e-20
1.038147e+02;2.475476e-20
1.039147e+02;2.473217e-20
1.040147e+02;2.470963e-20
1.041147e+02;2.468713e-20
1.042147e+02;2.466467e-20
1.043147e+02;2.464224e-20
1.044147e+02;2.461986e-20
1.045147e+02;2.459752e-20
1.046147e+02;2.457523e-20
1.047147e+02;2.455297e-20
1.048147e+02;2.453075e-20
1.049147e+02;2.450857e-20
1.050147e+02;2.448643e-20
1.051147e+02;2.446433e-20
1.052147e+02;2.444227e-20
1.053147e+02;2.442025e-20
1.054147e+02;2.439827e-20
1.055147e+02;2.437633e-20
1.056148e+02;2.435443e-20
1.057148e+02;2.433257e-20
1.058148e+02;2.431075e-20
1.059148e+02;2.428897e-20
1.060148e+02;2.426722e-20
1.061148e+02;2.424552e-20
1.062148e+02;2.422385e-20
1.063148e+02;2.420222e-20
1.064148e+02;2.418063e-20
1.065148e+02;2.415908e-20
1.066148e+02;2.413757e-20
1.067148e+02;2.411609e-20
1.068148e+02;2.409466e-20
1.069148e+02;2.407326e-20
1.070148e+02;2.405190e-20
1.071148e+02;2.403057e-20
1.072148e+02;2.400929e-20
1.073148e+02;2.398804e-20
1.074148e+02;2.396683e-20
1.075148e+02;2.394566e-20
1.076148e+02;2.392452e-20
1.077148e+02;2.390343e-20
1.078149e+02;2.388236e-20
1.079149e+02;2.386134e-20
1.080149e+02;2.384035e-20
1.081149e+02;2.381940e-20
1.082149e+02;2.379849e-20
1.083149e+02;2.377761e-20
1.084149e+02;2.375677e-20
1.085149e+02;2.373597e-20
1.086149e+02;2.371520e-20
1.087149e+02;2.369447e-20
1.088149e+02;2.367378e-20
1.089149e+02;2.365312e-20
1.090149e+02;2.363249e-20
1.091149e+02;2.361191e-20
1.092149e+02;2.359136e-20
1.093149e+02;2.357084e-20
1.094149e+02;2.355036e-20
1.095149e+02;2.352992e-20
1.096149e+02;2.350951e-20
1.097149e+02;2.348913e-20
1.098149e+02;2.346880e-20
1.099149e+02;2.344849e-20
1.100150e+02;2.342822e-20
1.101150e+02;2.340799e-20
1.102150e+02;2.338779e-20
1.103150e+02;2.336763e-20
1.104150e+02;2.334750e-20
1.105150e+02;2.332741e-20
1.106150e+02;2.330735e-20
1.107150e+02;2.328732e-20
1.108150e+02;2.326733e-20
1.109150e+02;2.324737e-20
1.110150e+02;2.322745e-20
1.111150e+02;2.320756e-20
1.112150e+02;2.318771e-20
1.113150e+02;2.316789e-20
1.114150e+02;2.314810e-20
1.115150e+02;2.312835e-20
1.116150e+02;2.310863e-20
1.117150e+02;2.308894e-20
1.118150e+02;2.306929e-20
1.119150e+02;2.304967e-20
1.120150e+02;2.303008e-20
1.121150e+02;2.301053e-20
1.122150e+02;2.299101e-20
1.123151e+02;2.297152e-20
1.124151e+02;2.295207e-20
1.125151e+02;2.293265e-20
1.126151e+02;2.291326e-20
1.127151e+02;2.289391e-20
1.128151e+02;2.287458e-20
1.129151e+02;2.285529e-20
1.130151e+02;2.283604e-20
1.131151e+02;2.281681e-20
1.132151e+02;2.279762e-20
1.133151e+02;2.277846e-20
1.134151e+02;2.275933e-20
1.135151e+02;2.274023e-20
1.136151e+02;2.272117e-20
1.137151e+02;2.270214e-20
1.138151e+02;2.268313e-20
1.139151e+02;2.266417e-20
1.140151e+02;2.264523e-20
1.141151e+02;2.262632e-20
1.142151e+02;2.260745e-20
1.143151e+02;2.258861e-20
1.144151e+02;2.256979e-20
1.145152e+02;2.255101e-20
1.146152e+02;2.253226e-20
1.147152e+02;2.251355e-20
1.148152e+02;2.249486e-20
1.149152e+02;2.247620e-20
1.150152e+02;2.245758e-20
1.151152e+02;2.243898e-20
1.152152e+02;2.242042e-20
1.153152e+02;2.240189e-20
1.154152e+02;2.238339e-20
1.155152e+02;2.236491e-20
1.156152e+02;2.234647e-20
1.157152e+02;2.232806e-20
1.158152e+02;2.230968e-20
1.159152e+02;2.229133e-20
1.160152e+02;2.227301e-20
1.161152e+02;2.225472e-20
1.162152e+02;2.223646e-20
1.163152e+02;2.221823e-20
1.164152e+02;2.220003e-20
1.165152e+02;2.218186e-20
1.166152e+02;2.216372e-20
1.167153e+02;2.214560e-20
1.168153e+02;2.212752e-20
1.169153e+02;2.210947e-20
1.170153e+02;2.209145e-20
1.171153e+02;2.207345e-20
1.172153e+02;2.205549e-20
1.173153e+02;2.203755e-20
1.174153e+02;2.201965e-20
1.175153e+02;2.200177e-20
1.176153e+02;2.198392e-20
1.177153e+02;2.196610e-20
1.178153e+02;2.194831e-20
1.179153e+02;2.193055e-20
1.180153e+02;2.191281e-20
1.181153e+02;2.189511e-20
1.182153e+02;2.187743e-20
1.183153e+02;2.185979e-20
1.184153e+02;2.184217e-20
1.185153e+02;2.182458e-20
1.186153e+02;2.180701e-20
1.187153e+02;2.178948e-20
1.188153e+02;2.177197e-20
1.189154e+02;2.175449e-20
1.190154e+02;2.173704e-20
1.191154e+02;2.171962e-20
1.192154e+02;2.170223e-20
1.193154e+02;2.168486e-20
1.194154e+02;2.166752e-20
1.195154e+02;2.165021e-20
1.196154e+02;2.163293e-20
1.197154e+02;2.161567e-20
1.198154e+02;2.159844e-20
1.199154e+02;2.158124e-20
1.200154e+02;2.156407e-20
1.201154e+02;2.154692e-20
1.202154e+02;2.152980e-20
1.203154e+02;2.151271e-20
1.204154e+02;2.149565e-20
1.205154e+02;2.147861e-20
1.206154e+02;2.146160e-20
1.207154e+02;2.144461e-20
1.208154e+02;2.142766e-20
1.209154e+02;2.141072e-20
1.210154e+02;2.139382e-20
1.211154e+02;2.137694e-20
1.212155e+02;2.136009e-20
1.213155e+02;2.134327e-20
1.214155e+02;2.132647e-20
1.215155e+02;2.130970e-20
1.216155e+02;2.129295e-20
1.217155e+02;2.127624e-20
1.218155e+02;2.125954e-20
1.219155e+02;2.124288e-20
1.220155e+02;2.122624e-20
1.221155e+02;2.120962e-20
1.222155e+02;2.119303e-20
1.223155e+02;2.117647e-20
1.224155e+02;2.115994e-20
1.225155e+02;2.114342e-20
1.226155e+02;2.112694e-20
1.227155e+02;2.111048e-20
1.228155e+02;2.109405e-20
1.229155e+02;2.107764e-20
1.230155e+02;2.106125e-20
1.231155e+02;2.104490e-20
1.232155e+02;2.102857e-20
1.233155e+02;2.101226e-20
1.234156e+02;2.099598e-20
1.235156e+02;2.097972e-20
1.236156e+02;2.096349e-20
1.237156e+02;2.094728e-20
1.238156e+02;2.093110e-20
1.239156e+02;2.091495e-20
1.240156e+02;2.089881e-20
1.241156e+02;2.088271e-20
1.242156e+02;2.086663e-20
1.243156e+02;2.085057e-20
1.244156e+02;2.083454e-20
1.245156e+02;2.081853e-20
1.246156e+02;2.080255e-20
1.247156e+02;2.078659e-20
1.248156e+02;2.077065e-20
1.249156e+02;2.075474e-20
1.250156e+02;2.073886e-20
1.251156e+02;2.072300e-20
1.252156e+02;2.070716e-20
1.253156e+02;2.069135e-20
1.254156e+02;2.067556e-20
1.255156e+02;2.065979e-20
1.256157e+02;2.064405e-20
1.257157e+02;2.062833e-20
1.258157e+02;2.061264e-20
1.259157e+02;2.059697e-20
1.260157e+02;2.058133e-20
1.261157e+02;2.056571e-20
1.262157e+02;2.055011e-20
1.263157e+02;2.053453e-20
1.264157e+02;2.051898e-20
1.265157e+02;2.050346e-20
1.266157e+02;2.048795e-20
1.267157e+02;2.047247e-20
1.268157e+02;2.045701e-20
1.269157e+02;2.044158e-20
1.270157e+02;2.042617e-20
1.271157e+02;2.041078e-20
1.272157e+02;2.039542e-20
1.273157e+02;2.038008e-20
1.274157e+02;2.036476e-20
1.275157e+02;2.034946e-20
1.276157e+02;2.033419e-20
1.277157e+02;2.031894e-20
1.278158e+02;2.030372e-20
1.279158e+02;2.028851e-20
1.280158e+02;2.027333e-20
1.281158e+02;2.025817e-20
1.282158e+02;2.024304e-20
1.283158e+02;2.022792e-20
1.284158e+02;2.021283e-20
1.285158e+02;2.019777e-20
1.286158e+02;2.018272e-20
1.287158e+02;2.016770e-20
1.288158e+02;2.015270e-20
1.289158e+02;2.013772e-20
1.290158e+02;2.012276e-20
1.291158e+02;2.010783e-20
1.292158e+02;2.009291e-20
1.293158e+02;2.007802e-20
1.294158e+02;2.006316e-20
1.295158e+02;2.004831e-20
1.296158e+02;2.003349e-20
1.297158e+02;2.001868e-20
1.298158e+02;2.000390e-20
1.299158e+02;1.998914e-20
1.300159e+02;1.997441e-20
1.301159e+02;1.995969e-20
1.302159e+02;1.994500e-20
1.303159e+02;1.993033e-20
1.304159e+02;1.991568e-20
1.305159e+02;1.990105e-20
1.306159e+02;1.988644e-20
1.307159e+02;1.987185e-20
1.308159e+02;1.985729e-20
1.309159e+02;1.984275e-20
1.310159e+02;1.982822e-20
1.311159e+02;1.981372e-20
1.312159e+02;1.979924e-20
1.313159e+02;1.978478e-20
1.314159e+02;1.977035e-20
1.315159e+02;1.975593e-20
1.316159e+02;1.974153e-20
1.317159e+02;1.972716e-20
1.318159e+02;1.971281e-20
1.319159e+02;1.969847e-20
1.320159e+02;1.968416e-20
1.321159e+02;1.966987e-20
1.322159e+02;1.965560e-20
1.323160e+02;1.964135e-20
1.324160e+02;1.962712e-20
1.325160e+02;1.961291e-20
1.326160e+02;1.959872e-20
1.327160e+02;1.958456e-20
1.328160e+02;1.957041e-20
1.329160e+02;1.955628e-20
1.330160e+02;1.954217e-20
1.331160e+02;1.952809e-20
1.332160e+02;1.951402e-20
1.333160e+02;1.949998e-20
1.334160e+02;1.948595e-20
1.335160e+02;1.947195e-20
1.336160e+02;1.945796e-20
1.337160e+02;1.944400e-20
1.338160e+02;1.943005e-20
1.339160e+02;1.941612e-20
1.340160e+02;1.940222e-20
1.341160e+02;1.938833e-20
1.342160e+02;1.937447e-20
1.343160e+02;1.936062e-20
1.344160e+02;1.934680e-20
1.345161e+02;1.933299e-20
1.346161e+02;1.931920e-20
1.347161e+02;1.930544e-20
1.348161e+02;1.929169e-20
1.349161e+02;1.927796e-20
1.350161e+02;1.926425e-20
1.351161e+02;1.925056e-20
1.352161e+02;1.923689e-20
1.353161e+02;1.922324e-20
1.354161e+02;1.920961e-20
1.355161e+02;1.919600e-20
1.356161e+02;1.918241e-20
1.357161e+02;1.916884e-20
1.358161e+02;1.915528e-20
1.359161e+02;1.914175e-20
1.360161e+02;1.912823e-20
1.361161e+02;1.911473e-20
1.362161e+02;1.910126e-20
1.363161e+02;1.908780e-20
1.364161e+02;1.907436e-20
1.365161e+02;1.906094e-20
1.366161e+02;1.904754e-20
1.367162e+02;1.903415e-20
1.368162e+02;1.902079e-20
1.369162e+02;1.900744e-20
1.370162e+02;1.899412e-20
1.371162e+02;1.898081e-20
1.372162e+02;1.896752e-20
1.373162e+02;1.895425e-20
1.374162e+02;1.894099e-20
1.375162e+02;1.892776e-20
1.376162e+02;1.891454e-20
1.377162e+02;1.890135e-20
1.378162e+02;1.888817e-20
1.379162e+02;1.887501e-20
1.380162e+02;1.886187e-20
1.381162e+02;1.884874e-20
1.382162e+02;1.883564e-20
1.383162e+02;1.882255e-20
1.384162e+02;1.880948e-20
1.385162e+02;1.879643e-20
1.386162e+02;1.878340e-20
1.387162e+02;1.877038e-20
1.388162e+02;1.875738e-20
1.389163e+02;1.874440e-20
1.390163e+02;1.873144e-20
1.391163e+02;1.871850e-20
1.392163e+02;1.870557e-20
1.393163e+02;1.869267e-20
1.394163e+02;1.867978e-20
1.395163e+02;1.866690e-20
1.396163e+02;1.865405e-20
1.397163e+02;1.864121e-20
1.398163e+02;1.862839e-20
1.399163e+02;1.861559e-20
1.400163e+02;1.860281e-20
1.401163e+02;1.859004e-20
1.402163e+02;1.857729e-20
1.403163e+02;1.856456e-20
1.404163e+02;1.855185e-20
1.405163e+02;1.853915e-20
1.406163e+02;1.852647e-20
1.407163e+02;1.851381e-20
1.408163e+02;1.850117e-20
1.409163e+02;1.848854e-20
1.410163e+02;1.847593e-20
1.411163e+02;1.846333e-20
1.412164e+02;1.845076e-20
1.413164e+02;1.843820e-20
1.414164e+02;1.842566e-20
1.415164e+02;1.841313e-20
1.416164e+02;1.840063e-20
1.417164e+02;1.838814e-20
1.418164e+02;1.837566e-20
1.419164e+02;1.836320e-20
1.420164e+02;1.835076e-20
1.421164e+02;1.833834e-20
1.422164e+02;1.832593e-20
1.423164e+02;1.831354e-20
1.424164e+02;1.830117e-20
1.425164e+02;1.828882e-20
1.426164e+02;1.827648e-20
1.427164e+02;1.826415e-20
1.428164e+02;1.825185e-20
1.429164e+02;1.823956e-20
1.430164e+02;1.822728e-20
1.431164e+02;1.821503e-20
1.432164e+02;1.820279e-20
1.433164e+02;1.819056e-20
1.434165e+02;1.817835e-20
1.435165e+02;1.816616e-20
1.436165e+02;1.815399e-20
1.437165e+02;1.814183e-20
1.438165e+02;1.812969e-20
1.439165e+02;1.811756e-20
1.440165e+02;1.810545e-20
1.441165e+02;1.809336e-20
1.442165e+02;1.808128e-20
1.443165e+02;1.806922e-20
1.444165e+02;1.805717e-20
1.445165e+02;1.804514e-20
1.446165e+02;1.803313e-20
1.447165e+02;1.802113e-20
1.448165e+02;1.800915e-20
1.449165e+02;1.799718e-20
1.450165e+02;1.798524e-20
1.451165e+02;1.797330e-20
1.452165e+02;1.796138e-20
1.453165e+02;1.794948e-20
1.454165e+02;1.793759e-20
1.455165e+02;1.792572e-20
1.456166e+02;1.791387e-20
1.457166e+02;1.790203e-20
1.458166e+02;1.789020e-20
1.459166e+02;1.787840e-20
1.460166e+02;1.786660e-20
1.461166e+02;1.785483e-20
1.462166e+02;1.784306e-20
1.463166e+02;1.783132e-20
1.464166e+02;1.781959e-20
1.465166e+02;1.780787e-20
1.466166e+02;1.779617e-20
1.467166e+02;1.778449e-20
1.468166e+02;1.777282e-20
1.469166e+02;1.776116e-20
1.470166e+02;1.774952e-20
1.471166e+02;1.773790e-20
1.472166e+02;1.772629e-20
1.473166e+02;1.771470e-20
1.474166e+02;1.770312e-20
1.475166e+02;1.769156e-20
1.476166e+02;1.768001e-20
1.477166e+02;1.766848e-20
1.478167e+02;1.765696e-20
1.479167e+02;1.764546e-20
1.480167e+02;1.763397e-20
1.481167e+02;1.762250e-20
1.482167e+02;1.761104e-20
1.483167e+02;1.759960e-20
1.484167e+02;1.758817e-20
1.485167e+02;1.757675e-20
1.486167e+02;1.756535e-20
1.487167e+02;1.755397e-20
1.488167e+02;1.754260e-20
1.489167e+02;1.753125e-20
1.490167e+02;1.751991e-20
1.491167e+02;1.750858e-20
1.492167e+02;1.749727e-20
1.493167e+02;1.748598e-20
1.494167e+02;1.747469e-20
1.495167e+02;1.746343e-20
1.496167e+02;1.745217e-20
1.497167e+02;1.744094e-20
1.498167e+02;1.742971e-20
1.499167e+02;1.741850e-20
1.500168e+02;1.740731e-20
1.501168e+02;1.739613e-20
1.502168e+02;1.738496e-20
1.503168e+02;1.737381e-20
1.504168e+02;1.736267e-20
1.505168e+02;1.735155e-20
1.506168e+02;1.734044e-20
1.507168e+02;1.732935e-20
1.508168e+02;1.731827e-20
1.509168e+02;1.730720e-20
1.510168e+02;1.729615e-20
1.511168e+02;1.728511e-20
1.512168e+02;1.727409e-20
1.513168e+02;1.726308e-20
1.514168e+02;1.725208e-20
1.515168e+02;1.724110e-20
1.516168e+02;1.723013e-20
1.517168e+02;1.721918e-20
1.518168e+02;1.720824e-20
1.519168e+02;1.719731e-20
1.520168e+02;1.718640e-20
1.521168e+02;1.717550e-20
1.522168e+02;1.716461e-20
1.523169e+02;1.715374e-20
1.524169e+02;1.714288e-20
1.525169e+02;1.713204e-20
1.526169e+02;1.712121e-20
1.527169e+02;1.711039e-20
1.528169e+02;1.709959e-20
1.529169e+02;1.708880e-20
1.530169e+02;1.707803e-20
1.531169e+02;1.706727e-20
1.532169e+02;1.705652e-20
1.533169e+02;1.704578e-20
1.534169e+02;1.703506e-20
1.535169e+02;1.702435e-20
1.536169e+02;1.701366e-20
1.537169e+02;1.700298e-20
1.538169e+02;1.699231e-20
1.539169e+02;1.698166e-20
1.540169e+02;1.697102e-20
1.541169e+02;1.696039e-20
1.542169e+02;1.694977e-20
1.543169e+02;1.693917e-20
1.544169e+02;1.692858e-20
1.545170e+02;1.691801e-20
1.546170e+02;1.690745e-20
1.547170e+02;1.689690e-20
1.548170e+02;1.688637e-20
1.549170e+02;1.687584e-20
1.550170e+02;1.686533e-20
1.551170e+02;1.685484e-20
1.552170e+02;1.684436e-20
1.553170e+02;1.683389e-20
1.554170e+02;1.682343e-20
1.555170e+02;1.681299e-20
1.556170e+02;1.680255e-20
1.557170e+02;1.679214e-20
1.558170e+02;1.678173e-20
1.559170e+02;1.677134e-20
1.560170e+02;1.676096e-20
1.561170e+02;1.675059e-20
1.562170e+02;1.674024e-20
1.563170e+02;1.672990e-20
1.564170e+02;1.671957e-20
1.565170e+02;1.670926e-20
1.566170e+02;1.669895e-20
1.567171e+02;1.668866e-20
1.568171e+02;1.667839e-20
1.569171e+02;1.666812e-20
1.570171e+02;1.665787e-20
1.571171e+02;1.664763e-20
1.572171e+02;1.663740e-20
1.573171e+02;1.662719e-20
1.574171e+02;1.661699e-20
1.575171e+02;1.660680e-20
1.576171e+02;1.659662e-20
1.577171e+02;1.658646e-20
1.578171e+02;1.657630e-20
1.579171e+02;1.656616e-20
1.580171e+02;1.655604e-20
1.581171e+02;1.654592e-20
1.582171e+02;1.653582e-20
1.583171e+02;1.652573e-20
1.584171e+02;1.651565e-20
1.585171e+02;1.650559e-20
1.586171e+02;1.649553e-20
1.587171e+02;1.648549e-20
1.588171e+02;1.647546e-20
1.589172e+02;1.646545e-20
1.590172e+02;1.645544e-20
1.591172e+02;1.644545e-20
1.592172e+02;1.643547e-20
1.593172e+02;1.642550e-20
1.594172e+02;1.641554e-20
1.595172e+02;1.640560e-20
1.596172e+02;1.639567e-20
1.597172e+02;1.638575e-20
1.598172e+02;1.637584e-20
1.599172e+02;1.636594e-20
1.600172e+02;1.635606e-20
1.601172e+02;1.634619e-20
1.602172e+02;1.633633e-20
1.603172e+02;1.632648e-20
1.604172e+02;1.631664e-20
1.605172e+02;1.630682e-20
1.606172e+02;1.629700e-20
1.607172e+02;1.628720e-20
1.608172e+02;1.627741e-20
1.609172e+02;1.626763e-20
1.610172e+02;1.625787e-20
1.611172e+02;1.624811e-20
1.612173e+02;1.623837e-20
1.613173e+02;1.622864e-20
1.614173e+02;1.621892e-20
1.615173e+02;1.620921e-20
1.616173e+02;1.619952e-20
1.617173e+02;1.618983e-20
1.618173e+02;1.618016e-20
1.619173e+02;1.617050e-20
1.620173e+02;1.616085e-20
1.621173e+02;1.615121e-20
1.622173e+02;1.614158e-20
1.623173e+02;1.613197e-20
1.624173e+02;1.612237e-20
1.625173e+02;1.611277e-20
1.626173e+02;1.610319e-20
1.627173e+02;1.609362e-20
1.628173e+02;1.608406e-20
1.629173e+02;1.607452e-20
1.630173e+02;1.606498e-20
1.631173e+02;1.605546e-20
1.632173e+02;1.604594e-20
1.633173e+02;1.603644e-20
1.634174e+02;1.602695e-20
1.635174e+02;1.601747e-20
1.636174e+02;1.600800e-20
1.637174e+02;1.599855e-20
1.638174e+02;1.598910e-20
1.639174e+02;1.597967e-20
1.640174e+02;1.597024e-20
1.641174e+02;1.596083e-20
1.642174e+02;1.595143e-20
1.643174e+02;1.594204e-20
1.644174e+02;1.593266e-20
1.645174e+02;1.592329e-20
1.646174e+02;1.591393e-20
1.647174e+02;1.590459e-20
1.648174e+02;1.589525e-20
1.649174e+02;1.588593e-20
1.650174e+02;1.587661e-20
1.651174e+02;1.586731e-20
1.652174e+02;1.585802e-20
1.653174e+02;1.584874e-20
1.654174e+02;1.583947e-20
1.655174e+02;1.583021e-20
1.656175e+02;1.582096e-20
1.657175e+02;1.581172e-20
1.658175e+02;1.580249e-20
1.659175e+02;1.579328e-20
1.660175e+02;1.578407e-20
1.661175e+02;1.577488e-20
1.662175e+02;1.576569e-20
1.663175e+02;1.575652e-20
1.664175e+02;1.574736e-20
1.665175e+02;1.573821e-20
1.666175e+02;1.572906e-20
1.667175e+02;1.571993e-20
1.668175e+02;1.571081e-20
1.669175e+02;1.570170e-20
1.670175e+02;1.569261e-20
1.671175e+02;1.568352e-20
1.672175e+02;1.567444e-20
1.673175e+02;1.566537e-20
1.674175e+02;1.565631e-20
1.675175e+02;1.564727e-20
1.676175e+02;1.563823e-20
1.677175e+02;1.562921e-20
1.678176e+02;1.562019e-20
1.679176e+02;1.561119e-20
1.680176e+02;1.560219e-20
1.681176e+02;1.559321e-20
1.682176e+02;1.558423e-20
1.683176e+02;1.557527e-20
1.684176e+02;1.556632e-20
1.685176e+02;1.555737e-20
1.686176e+02;1.554844e-20
1.687176e+02;1.553952e-20
1.688176e+02;1.553060e-20
1.689176e+02;1.552170e-20
1.690176e+02;1.551281e-20
1.691176e+02;1.550393e-20
1.692176e+02;1.549506e-20
1.693176e+02;1.548620e-20
1.694176e+02;1.547734e-20
1.695176e+02;1.546850e-20
1.696176e+02;1.545967e-20
1.697176e+02;1.545085e-20
1.698176e+02;1.544204e-20
1.699176e+02;1.543324e-20
1.700177e+02;1.542445e-20
1.701177e+02;1.541567e-20
1.702177e+02;1.540690e-20
1.703177e+02;1.539814e-20
1.704177e+02;1.538938e-20
1.705177e+02;1.538064e-20
1.706177e+02;1.537191e-20
1.707177e+02;1.536319e-20
1.708177e+02;1.535448e-20
1.709177e+02;1.534578e-20
1.710177e+02;1.533709e-20
1.711177e+02;1.532840e-20
1.712177e+02;1.531973e-20
1.713177e+02;1.531107e-20
1.714177e+02;1.530242e-20
1.715177e+02;1.529377e-20
1.716177e+02;1.528514e-20
1.717177e+02;1.527652e-20
1.718177e+02;1.526791e-20
1.719177e+02;1.525930e-20
1.720177e+02;1.525071e-20
1.721177e+02;1.524212e-20
1.722177e+02;1.523355e-20
1.723178e+02;1.522498e-20
1.724178e+02;1.521643e-20
1.725178e+02;1.520788e-20
1.726178e+02;1.519934e-20
1.727178e+02;1.519082e-20
1.728178e+02;1.518230e-20
1.729178e+02;1.517379e-20
1.730178e+02;1.516529e-20
1.731178e+02;1.515681e-20
1.732178e+02;1.514833e-20
1.733178e+02;1.513986e-20
1.734178e+02;1.513140e-20
1.735178e+02;1.512295e-20
1.736178e+02;1.511450e-20
1.737178e+02;1.510607e-20
1.738178e+02;1.509765e-20
1.739178e+02;1.508924e-20
1.740178e+02;1.508083e-20
1.741178e+02;1.507244e-20
1.742178e+02;1.506405e-20
1.743178e+02;1.505568e-20
1.744178e+02;1.504731e-20
1.745179e+02;1.503895e-20
1.746179e+02;1.503061e-20
1.747179e+02;1.502227e-20
1.748179e+02;1.501394e-20
1.749179e+02;1.500562e-20
1.750179e+02;1.499731e-20
1.751179e+02;1.498900e-20
1.752179e+02;1.498071e-20
1.753179e+02;1.497243e-20
1.754179e+02;1.496415e-20
1.755179e+02;1.495589e-20
1.756179e+02;1.494763e-20
1.757179e+02;1.493938e-20
1.758179e+02;1.493115e-20
1.759179e+02;1.492292e-20
1.760179e+02;1.491470e-20
1.761179e+02;1.490649e-20
1.762179e+02;1.489829e-20
1.763179e+02;1.489009e-20
1.764179e+02;1.488191e-20
1.765179e+02;1.487373e-20
1.766179e+02;1.486557e-20
1.767180e+02;1.485741e-20
1.768180e+02;1.484926e-20
1.769180e+02;1.484112e-20
1.770180e+02;1.483299e-20
1.771180e+02;1.482487e-20
1.772180e+02;1.481676e-20
1.773180e+02;1.480866e-20
1.774180e+02;1.480056e-20
1.775180e+02;1.479248e-20
1.776180e+02;1.478440e-20
1.777180e+02;1.477633e-20
1.778180e+02;1.476827e-20
1.779180e+02;1.476022e-20
1.780180e+02;1.475218e-20
1.781180e+02;1.474415e-20
1.782180e+02;1.473612e-20
1.783180e+02;1.472811e-20
1.784180e+02;1.472010e-20
1.785180e+02;1.471210e-20
1.786180e+02;1.470411e-20
1.787180e+02;1.469613e-20
1.788180e+02;1.468816e-20
1.789181e+02;1.468020e-20
1.790181e+02;1.467224e-20
1.791181e+02;1.466430e-20
1.792181e+02;1.465636e-20
1.793181e+02;1.464843e-20
1.794181e+02;1.464051e-20
1.795181e+02;1.463260e-20
1.796181e+02;1.462469e-20
1.797181e+02;1.461680e-20
1.798181e+02;1.460891e-20
1.799181e+02;1.460103e-20
1.800181e+02;1.459316e-20
1.801181e+02;1.458530e-20
1.802181e+02;1.457745e-20
1.803181e+02;1.456961e-20
1.804181e+02;1.456177e-20
1.805181e+02;1.455394e-20
1.806181e+02;1.454612e-20
1.807181e+02;1.453831e-20
1.808181e+02;1.453051e-20
1.809181e+02;1.452272e-20
1.810181e+02;1.451493e-20
1.811181e+02;1.450716e-20
1.812182e+02;1.449939e-20
1.813182e+02;1.449163e-20
1.814182e+02;1.448387e-20
1.815182e+02;1.447613e-20
1.816182e+02;1.446840e-20
1.817182e+02;1.446067e-20
1.818182e+02;1.445295e-20
1.819182e+02;1.444524e-20
1.820182e+02;1.443754e-20
1.821182e+02;1.442984e-20
1.822182e+02;1.442216e-20
1.823182e+02;1.441448e-20
1.824182e+02;1.440681e-20
1.825182e+02;1.439915e-20
1.826182e+02;1.439149e-20
1.827182e+02;1.438385e-20
1.828182e+02;1.437621e-20
1.829182e+02;1.436858e-20
1.830182e+02;1.436096e-20
1.831182e+02;1.435335e-20
1.832182e+02;1.434574e-20
1.833182e+02;1.433814e-20
1.834183e+02;1.433055e-20
1.835183e+02;1.432297e-20
1.836183e+02;1.431540e-20
1.837183e+02;1.430784e-20
1.838183e+02;1.430028e-20
1.839183e+02;1.429273e-20
1.840183e+02;1.428519e-20
1.841183e+02;1.427766e-20
1.842183e+02;1.427013e-20
1.843183e+02;1.426261e-20
1.844183e+02;1.425510e-20
1.845183e+02;1.424760e-20
1.846183e+02;1.424011e-20
1.847183e+02;1.423262e-20
1.848183e+02;1.422515e-20
1.849183e+02;1.421768e-20
1.850183e+02;1.421021e-20
1.851183e+02;1.420276e-20
1.852183e+02;1.419531e-20
1.853183e+02;1.418788e-20
1.854183e+02;1.418044e-20
1.855183e+02;1.417302e-20
1.856184e+02;1.416561e-20
1.857184e+02;1.415820e-20
1.858184e+02;1.415080e-20
1.859184e+02;1.414341e-20
1.860184e+02;1.413602e-20
1.861184e+02;1.412865e-20
1.862184e+02;1.412128e-20
1.863184e+02;1.411391e-20
1.864184e+02;1.410656e-20
1.865184e+02;1.409922e-20
1.866184e+02;1.409188e-20
1.867184e+02;1.408455e-20
1.868184e+02;1.407722e-20
1.869184e+02;1.406991e-20
1.870184e+02;1.406260e-20
1.871184e+02;1.405530e-20
1.872184e+02;1.404801e-20
1.873184e+02;1.404072e-20
1.874184e+02;1.403344e-20
1.875184e+02;1.402617e-20
1.876184e+02;1.401891e-20
1.877184e+02;1.401166e-20
1.878185e+02;1.400441e-20
1.879185e+02;1.399717e-20
1.880185e+02;1.398993e-20
1.881185e+02;1.398271e-20
1.882185e+02;1.397549e-20
1.883185e+02;1.396828e-20
1.884185e+02;1.396108e-20
1.885185e+02;1.395388e-20
1.886185e+02;1.394670e-20
1.887185e+02;1.393951e-20
1.888185e+02;1.393234e-20
1.889185e+02;1.392518e-20
1.890185e+02;1.391802e-20
1.891185e+02;1.391087e-20
1.892185e+02;1.390372e-20
1.893185e+02;1.389659e-20
1.894185e+02;1.388946e-20
1.895185e+02;1.388233e-20
1.896185e+02;1.387522e-20
1.897185e+02;1.386811e-20
1.898185e+02;1.386101e-20
1.899185e+02;1.385392e-20
1.900186e+02;1.384683e-20
1.901186e+02;1.383976e-20
1.902186e+02;1.383268e-20
1.903186e+02;1.382562e-20
1.904186e+02;1.381856e-20
1.905186e+02;1.381151e-20
1.906186e+02;1.380447e-20
1.907186e+02;1.379744e-20
1.908186e+02;1.379041e-20
1.909186e+02;1.378339e-20
1.910186e+02;1.377638e-20
1.911186e+02;1.376937e-20
1.912186e+02;1.376237e-20
1.913186e+02;1.375538e-20
1.914186e+02;1.374839e-20
1.915186e+02;1.374141e-20
1.916186e+02;1.373444e-20
1.917186e+02;1.372748e-20
1.918186e+02;1.372052e-20
1.919186e+02;1.371357e-20
1.920186e+02;1.370663e-20
1.921186e+02;1.369969e-20
1.922186e+02;1.369276e-20
1.923187e+02;1.368584e-20
1.924187e+02;1.367893e-20
1.925187e+02;1.367202e-20
1.926187e+02;1.366512e-20
1.927187e+02;1.365822e-20
1.928187e+02;1.365134e-20
1.929187e+02;1.364446e-20
1.930187e+02;1.363758e-20
1.931187e+02;1.363072e-20
1.932187e+02;1.362386e-20
1.933187e+02;1.361701e-20
1.934187e+02;1.361016e-20
1.935187e+02;1.360332e-20
1.936187e+02;1.359649e-20
1.937187e+02;1.358967e-20
1.938187e+02;1.358285e-20
1.939187e+02;1.357604e-20
1.940187e+02;1.356923e-20
1.941187e+02;1.356243e-20
1.942187e+02;1.355564e-20
1.943187e+02;1.354886e-20
1.944187e+02;1.354208e-20
1.945188e+02;1.353531e-20
1.946188e+02;1.352855e-20
1.947188e+02;1.352179e-20
1.948188e+02;1.351504e-20
1.949188e+02;1.350830e-20
1.950188e+02;1.350156e-20
1.951188e+02;1.349483e-20
1.952188e+02;1.348811e-20
1.953188e+02;1.348139e-20
1.954188e+02;1.347468e-20
1.955188e+02;1.346798e-20
1.956188e+02;1.346128e-20
1.957188e+02;1.345459e-20
1.958188e+02;1.344791e-20
1.959188e+02;1.344123e-20
1.960188e+02;1.343456e-20
1.961188e+02;1.342790e-20
1.962188e+02;1.342124e-20
1.963188e+02;1.341459e-20
1.964188e+02;1.340795e-20
1.965188e+02;1.340131e-20
1.966188e+02;1.339468e-20
1.967189e+02;1.338805e-20
1.968189e+02;1.338144e-20
1.969189e+02;1.337483e-20
1.970189e+02;1.336822e-20
1.971189e+02;1.336162e-20
1.972189e+02;1.335503e-20
1.973189e+02;1.334845e-20
1.974189e+02;1.334187e-20
1.975189e+02;1.333530e-20
1.976189e+02;1.332873e-20
1.977189e+02;1.332217e-20
1.978189e+02;1.331562e-20
1.979189e+02;1.330907e-20
1.980189e+02;1.330253e-20
1.981189e+02;1.329600e-20
1.982189e+02;1.328947e-20
1.983189e+02;1.328295e-20
1.984189e+02;1.327644e-20
1.985189e+02;1.326993e-20
1.986189e+02;1.326343e-20
1.987189e+02;1.325693e-20
1.988189e+02;1.325045e-20
1.989190e+02;1.324396e-20
1.990190e+02;1.323749e-20
1.991190e+02;1.323102e-20
1.992190e+02;1.322455e-20
1.993190e+02;1.321810e-20
1.994190e+02;1.321165e-20
1.995190e+02;1.320520e-20
1.996190e+02;1.319876e-20
1.997190e+02;1.319233e-20
1.998190e+02;1.318591e-20
1.999190e+02;1.317949e-20
2.000190e+02;1.317307e-20
2.001190e+02;1.316667e-20
2.002190e+02;1.316027e-20
2.003190e+02;1.315387e-20
2.004190e+02;1.314748e-20
2.005190e+02;1.314110e-20
2.006190e+02;1.313473e-20
2.007190e+02;1.312836e-20
2.008190e+02;1.312199e-20
2.009190e+02;1.311564e-20
2.010190e+02;1.310928e-20
2.011190e+02;1.310294e-20
2.012191e+02;1.309660e-20
2.013191e+02;1.309027e-20
2.014191e+02;1.308394e-20
2.015191e+02;1.307762e-20
2.016191e+02;1.307131e-20
2.017191e+02;1.306500e-20
2.018191e+02;1.305870e-20
2.019191e+02;1.305240e-20
2.020191e+02;1.304611e-20
2.021191e+02;1.303982e-20
2.022191e+02;1.303355e-20
2.023191e+02;1.302727e-20
2.024191e+02;1.302101e-20
2.025191e+02;1.301475e-20
2.026191e+02;1.300849e-20
2.027191e+02;1.300225e-20
2.028191e+02;1.299600e-20
2.029191e+02;1.298977e-20
2.030191e+02;1.298354e-20
2.031191e+02;1.297731e-20
2.032191e+02;1.297110e-20
2.033191e+02;1.296488e-20
2.034192e+02;1.295868e-20
2.035192e+02;1.295248e-20
2.036192e+02;1.294628e-20
2.037192e+02;1.294010e-20
2.038192e+02;1.293391e-20
2.039192e+02;1.292774e-20
2.040192e+02;1.292157e-20
2.041192e+02;1.291540e-20
2.042192e+02;1.290924e-20
2.043192e+02;1.290309e-20
2.044192e+02;1.289694e-20
2.045192e+02;1.289080e-20
2.046192e+02;1.288466e-20
2.047192e+02;1.287853e-20
2.048192e+02;1.287241e-20
2.049192e+02;1.286629e-20
2.050192e+02;1.286018e-20
2.051192e+02;1.285407e-20
2.052192e+02;1.284797e-20
2.053192e+02;1.284188e-20
2.054192e+02;1.283579e-20
2.055192e+02;1.282971e-20
2.056193e+02;1.282363e-20
2.057193e+02;1.281756e-20
2.058193e+02;1.281149e-20
2.059193e+02;1.280543e-20
2.060193e+02;1.279938e-20
2.061193e+02;1.279333e-20
2.062193e+02;1.278728e-20
2.063193e+02;1.278125e-20
2.064193e+02;1.277521e-20
2.065193e+02;1.276919e-20
2.066193e+02;1.276317e-20
2.067193e+02;1.275715e-20
2.068193e+02;1.275114e-20
2.069193e+02;1.274514e-20
2.070193e+02;1.273914e-20
2.071193e+02;1.273315e-20
2.072193e+02;1.272716e-20
2.073193e+02;1.272118e-20
2.074193e+02;1.271521e-20
2.075193e+02;1.270924e-20
2.076193e+02;1.270327e-20
2.077193e+02;1.269732e-20
2.078194e+02;1.269136e-20
2.079194e+02;1.268542e-20
2.080194e+02;1.267947e-20
2.081194e+02;1.267354e-20
2.082194e+02;1.266761e-20
2.083194e+02;1.266168e-20
2.084194e+02;1.265576e-20
2.085194e+02;1.264985e-20
2.086194e+02;1.264394e-20
2.087194e+02;1.263804e-20
2.088194e+02;1.263214e-20
2.089194e+02;1.262625e-20
2.090194e+02;1.262036e-20
2.091194e+02;1.261448e-20
2.092194e+02;1.260860e-20
2.093194e+02;1.260273e-20
2.094194e+02;1.259687e-20
2.095194e+02;1.259101e-20
2.096194e+02;1.258516e-20
2.097194e+02;1.257931e-20
2.098194e+02;1.257347e-20
2.099194e+02;1.256763e-20
2.100195e+02;1.256180e-20
2.101195e+02;1.255597e-20
2.102195e+02;1.255015e-20
2.103195e+02;1.254433e-20
2.104195e+02;1.253852e-20
2.105195e+02;1.253272e-20
2.106195e+02;1.252692e-20
2.107195e+02;1.252112e-20
2.108195e+02;1.251533e-20
2.109195e+02;1.250955e-20
2.110195e+02;1.250377e-20
2.111195e+02;1.249800e-20
2.112195e+02;1.249223e-20
2.113195e+02;1.248647e-20
2.114195e+02;1.248071e-20
2.115195e+02;1.247496e-20
2.116195e+02;1.246921e-20
2.117195e+02;1.246347e-20
2.118195e+02;1.245774e-20
2.119195e+02;1.245201e-20
2.120195e+02;1.244628e-20
2.121195e+02;1.244056e-20
2.122195e+02;1.243485e-20
2.123196e+02;1.242914e-20
2.124196e+02;1.242343e-20
2.125196e+02;1.241773e-20
2.126196e+02;1.241204e-20
2.127196e+02;1.240635e-20
2.128196e+02;1.240067e-20
2.129196e+02;1.239499e-20
2.130196e+02;1.238931e-20
2.131196e+02;1.238365e-20
2.132196e+02;1.237798e-20
2.133196e+02;1.237233e-20
2.134196e+02;1.236667e-20
2.135196e+02;1.236103e-20
2.136196e+02;1.235538e-20
2.137196e+02;1.234975e-20
2.138196e+02;1.234412e-20
2.139196e+02;1.233849e-20
2.140196e+02;1.233287e-20
2.141196e+02;1.232725e-20
2.142196e+02;1.232164e-20
2.143196e+02;1.231603e-20
2.144196e+02;1.231043e-20
2.145197e+02;1.230484e-20
2.146197e+02;1.229925e-20
2.147197e+02;1.229366e-20
2.148197e+02;1.228808e-20
2.149197e+02;1.228250e-20
2.150197e+02;1.227693e-20
2.151197e+02;1.227137e-20
2.152197e+02;1.226581e-20
2.153197e+02;1.226025e-20
2.154197e+02;1.225470e-20
2.155197e+02;1.224916e-20
2.156197e+02;1.224361e-20
2.157197e+02;1.223808e-20
2.158197e+02;1.223255e-20
2.159197e+02;1.222702e-20
2.160197e+02;1.222150e-20
2.161197e+02;1.221599e-20
2.162197e+02;1.221048e-20
2.163197e+02;1.220497e-20
2.164197e+02;1.219947e-20
2.165197e+02;1.219397e-20
2.166197e+02;1.218848e-20
2.167198e+02;1.218300e-20
2.168198e+02;1.217752e-20
2.169198e+02;1.217204e-20
2.170198e+02;1.216657e-20
2.171198e+02;1.216110e-20
2.172198e+02;1.215564e-20
2.173198e+02;1.215019e-20
2.174198e+02;1.214474e-20
2.175198e+02;1.213929e-20
2.176198e+02;1.213385e-20
2.177198e+02;1.212841e-20
2.178198e+02;1.212298e-20
2.179198e+02;1.211755e-20
2.180198e+02;1.211213e-20
2.181198e+02;1.210671e-20
2.182198e+02;1.210130e-20
2.183198e+02;1.209589e-20
2.184198e+02;1.209049e-20
2.185198e+02;1.208509e-20
2.186198e+02;1.207970e-20
2.187198e+02;1.207431e-20
2.188198e+02;1.206893e-20
2.189199e+02;1.206355e-20
2.190199e+02;1.205817e-20
2.191199e+02;1.205280e-20
2.192199e+02;1.204744e-20
2.193199e+02;1.204208e-20
2.194199e+02;1.203672e-20
2.195199e+02;1.203137e-20
2.196199e+02;1.202603e-20
2.197199e+02;1.202069e-20
2.198199e+02;1.201535e-20
2.199199e+02;1.201002e-20
2.200199e+02;1.200469e-20
2.201199e+02;1.199937e-20
2.202199e+02;1.199406e-20
2.203199e+02;1.198874e-20
2.204199e+02;1.198344e-20
2.205199e+02;1.197813e-20
2.206199e+02;1.197283e-20
2.207199e+02;1.196754e-20
2.208199e+02;1.196225e-20
2.209199e+02;1.195697e-20
2.210199e+02;1.195169e-20
2.211199e+02;1.194641e-20
2.212200e+02;1.194114e-20
2.213200e+02;1.193588e-20
2.214200e+02;1.193062e-20
2.215200e+02;1.192536e-20
2.216200e+02;1.192011e-20
2.217200e+02;1.191486e-20
2.218200e+02;1.190962e-20
2.219200e+02;1.190438e-20
2.220200e+02;1.189915e-20
2.221200e+02;1.189392e-20
2.222200e+02;1.188869e-20
2.223200e+02;1.188348e-20
2.224200e+02;1.187826e-20
2.225200e+02;1.187305e-20
2.226200e+02;1.186784e-20
2.227200e+02;1.186264e-20
2.228200e+02;1.185745e-20
2.229200e+02;1.185225e-20
2.230200e+02;1.184707e-20
2.231200e+02;1.184188e-20
2.232200e+02;1.183671e-20
2.233200e+02;1.183153e-20
2.234201e+02;1.182636e-20
2.235201e+02;1.182120e-20
2.236201e+02;1.181604e-20
2.237201e+02;1.181088e-20
2.238201e+02;1.180573e-20
2.239201e+02;1.180058e-20
2.240201e+02;1.179544e-20
2.241201e+02;1.179030e-20
2.242201e+02;1.178517e-20
2.243201e+02;1.178004e-20
2.244201e+02;1.177491e-20
2.245201e+02;1.176979e-20
2.246201e+02;1.176468e-20
2.247201e+02;1.175957e-20
2.248201e+02;1.175446e-20
2.249201e+02;1.174936e-20
2.250201e+02;1.174426e-20
2.251201e+02;1.173917e-20
2.252201e+02;1.173408e-20
2.253201e+02;1.172899e-20
2.254201e+02;1.172391e-20
2.255201e+02;1.171884e-20
2.256202e+02;1.171376e-20
2.257202e+02;1.170870e-20
2.258202e+02;1.170363e-20
2.259202e+02;1.169858e-20
2.260202e+02;1.169352e-20
2.261202e+02;1.168847e-20
2.262202e+02;1.168343e-20
2.263202e+02;1.167839e-20
2.264202e+02;1.167335e-20
2.265202e+02;1.166832e-20
2.266202e+02;1.166329e-20
2.267202e+02;1.165827e-20
2.268202e+02;1.165325e-20
2.269202e+02;1.164823e-20
2.270202e+02;1.164322e-20
2.271202e+02;1.163821e-20
2.272202e+02;1.163321e-20
2.273202e+02;1.162821e-20
2.274202e+02;1.162322e-20
2.275202e+02;1.161823e-20
2.276202e+02;1.161325e-20
2.277202e+02;1.160827e-20
2.278203e+02;1.160329e-20
2.279203e+02;1.159832e-20
2.280203e+02;1.159335e-20
2.281203e+02;1.158839e-20
2.282203e+02;1.158343e-20
2.283203e+02;1.157847e-20
2.284203e+02;1.157352e-20
2.285203e+02;1.156857e-20
2.286203e+02;1.156363e-20
2.287203e+02;1.155869e-20
2.288203e+02;1.155376e-20
2.289203e+02;1.154883e-20
2.290203e+02;1.154390e-20
2.291203e+02;1.153898e-20
2.292203e+02;1.153406e-20
2.293203e+02;1.152915e-20
2.294203e+02;1.152424e-20
2.295203e+02;1.151934e-20
2.296203e+02;1.151444e-20
2.297203e+02;1.150954e-20
2.298203e+02;1.150465e-20
2.299203e+02;1.149976e-20
2.300204e+02;1.149488e-20
2.301204e+02;1.149000e-20
2.302204e+02;1.148512e-20
2.303204e+02;1.148025e-20
2.304204e+02;1.147538e-20
2.305204e+02;1.147052e-20
2.306204e+02;1.146566e-20
2.307204e+02;1.146081e-20
2.308204e+02;1.145595e-20
2.309204e+02;1.145111e-20
2.310204e+02;1.144627e-20
2.311204e+02;1.144143e-20
2.312204e+02;1.143659e-20
2.313204e+02;1.143176e-20
2.314204e+02;1.142694e-20
2.315204e+02;1.142211e-20
2.316204e+02;1.141729e-20
2.317204e+02;1.141248e-20
2.318204e+02;1.140767e-20
2.319204e+02;1.140286e-20
2.320204e+02;1.139806e-20
2.321204e+02;1.139326e-20
2.322204e+02;1.138847e-20
2.323205e+02;1.138368e-20
2.324205e+02;1.137889e-20
2.325205e+02;1.137411e-20
2.326205e+02;1.136934e-20
2.327205e+02;1.136456e-20
2.328205e+02;1.135979e-20
2.329205e+02;1.135503e-20
2.330205e+02;1.135026e-20
2.331205e+02;1.134551e-20
2.332205e+02;1.134075e-20
2.333205e+02;1.133600e-20
2.334205e+02;1.133126e-20
2.335205e+02;1.132651e-20
2.336205e+02;1.132178e-20
2.337205e+02;1.131704e-20
2.338205e+02;1.131231e-20
2.339205e+02;1.130759e-20
2.340205e+02;1.130286e-20
2.341205e+02;1.129815e-20
2.342205e+02;1.129343e-20
2.343205e+02;1.128872e-20
2.344205e+02;1.128401e-20
2.345206e+02;1.127931e-20
2.346206e+02;1.127461e-20
2.347206e+02;1.126992e-20
2.348206e+02;1.126523e-20
2.349206e+02;1.126054e-20
2.350206e+02;1.125586e-20
2.351206e+02;1.125118e-20
2.352206e+02;1.124650e-20
2.353206e+02;1.124183e-20
2.354206e+02;1.123717e-20
2.355206e+02;1.123250e-20
2.356206e+02;1.122784e-20
2.357206e+02;1.122319e-20
2.358206e+02;1.121853e-20
2.359206e+02;1.121389e-20
2.360206e+02;1.120924e-20
2.361206e+02;1.120460e-20
2.362206e+02;1.119996e-20
2.363206e+02;1.119533e-20
2.364206e+02;1.119070e-20
2.365206e+02;1.118608e-20
2.366206e+02;1.118146e-20
2.367207e+02;1.117684e-20
2.368207e+02;1.117223e-20
2.369207e+02;1.116762e-20
2.370207e+02;1.116301e-20
2.371207e+02;1.115841e-20
2.372207e+02;1.115381e-20
2.373207e+02;1.114921e-20
2.374207e+02;1.114462e-20
2.375207e+02;1.114004e-20
2.376207e+02;1.113545e-20
2.377207e+02;1.113087e-20
2.378207e+02;1.112630e-20
2.379207e+02;1.112172e-20
2.380207e+02;1.111716e-20
2.381207e+02;1.111259e-20
2.382207e+02;1.110803e-20
2.383207e+02;1.110347e-20
2.384207e+02;1.109892e-20
2.385207e+02;1.109437e-20
2.386207e+02;1.108982e-20
2.387207e+02;1.108528e-20
2.388207e+02;1.108074e-20
2.389208e+02;1.107621e-20
2.390208e+02;1.107168e-20
2.391208e+02;1.106715e-20
2.392208e+02;1.106263e-20
2.393208e+02;1.105811e-20
2.394208e+02;1.105359e-20
2.395208e+02;1.104908e-20
2.396208e+02;1.104457e-20
2.397208e+02;1.104006e-20
2.398208e+02;1.103556e-20
2.399208e+02;1.103106e-20
2.400208e+02;1.102657e-20
2.401208e+02;1.102208e-20
2.402208e+02;1.101759e-20
2.403208e+02;1.101311e-20
2.404208e+02;1.100863e-20
2.405208e+02;1.100415e-20
2.406208e+02;1.099968e-20
2.407208e+02;1.099521e-20
2.408208e+02;1.099075e-20
2.409208e+02;1.098629e-20
2.410208e+02;1.098183e-20
2.411209e+02;1.097737e-20
2.412209e+02;1.097292e-20
2.413209e+02;1.096848e-20
2.414209e+02;1.096403e-20
2.415209e+02;1.095959e-20
2.416209e+02;1.095516e-20
2.417209e+02;1.095072e-20
2.418209e+02;1.094630e-20
2.419209e+02;1.094187e-20
2.420209e+02;1.093745e-20
2.421209e+02;1.093303e-20
2.422209e+02;1.092862e-20
2.423209e+02;1.092420e-20
2.424209e+02;1.091980e-20
2.425209e+02;1.091539e-20
2.426209e+02;1.091099e-20
2.427209e+02;1.090659e-20
2.428209e+02;1.090220e-20
2.429209e+02;1.089781e-20
2.430209e+02;1.089342e-20
2.431209e+02;1.088904e-20
2.432209e+02;1.088466e-20
2.433209e+02;1.088029e-20
2.434210e+02;1.087591e-20
2.435210e+02;1.087155e-20
2.436210e+02;1.086718e-20
2.437210e+02;1.086282e-20
2.438210e+02;1.085846e-20
2.439210e+02;1.085411e-20
2.440210e+02;1.084975e-20
2.441210e+02;1.084541e-20
2.442210e+02;1.084106e-20
2.443210e+02;1.083672e-20
2.444210e+02;1.083238e-20
2.445210e+02;1.082805e-20
2.446210e+02;1.082372e-20
2.447210e+02;1.081939e-20
2.448210e+02;1.081507e-20
2.449210e+02;1.081075e-20
2.450210e+02;1.080643e-20
2.451210e+02;1.080212e-20
2.452210e+02;1.079781e-20
2.453210e+02;1.079350e-20
2.454210e+02;1.078920e-20
2.455210e+02;1.078490e-20
2.456211e+02;1.078060e-20
2.457211e+02;1.077631e-20
2.458211e+02;1.077202e-20
2.459211e+02;1.076774e-20
2.460211e+02;1.076345e-20
2.461211e+02;1.075918e-20
2.462211e+02;1.075490e-20
2.463211e+02;1.075063e-20
2.464211e+02;1.074636e-20
2.465211e+02;1.074209e-20
2.466211e+02;1.073783e-20
2.467211e+02;1.073357e-20
2.468211e+02;1.072932e-20
2.469211e+02;1.072507e-20
2.470211e+02;1.072082e-20
2.471211e+02;1.071657e-20
2.472211e+02;1.071233e-20
2.473211e+02;1.070809e-20
2.474211e+02;1.070386e-20
2.475211e+02;1.069962e-20
2.476211e+02;1.069540e-20
2.477211e+02;1.069117e-20
2.478212e+02;1.068695e-20
2.479212e+02;1.068273e-20
2.480212e+02;1.067852e-20
2.481212e+02;1.067430e-20
2.482212e+02;1.067009e-20
2.483212e+02;1.066589e-20
2.484212e+02;1.066169e-20
2.485212e+02;1.065749e-20
2.486212e+02;1.065329e-20
2.487212e+02;1.064910e-20
2.488212e+02;1.064491e-20
2.489212e+02;1.064073e-20
2.490212e+02;1.063655e-20
2.491212e+02;1.063237e-20
2.492212e+02;1.062819e-20
2.493212e+02;1.062402e-20
2.494212e+02;1.061985e-20
2.495212e+02;1.061568e-20
2.496212e+02;1.061152e-20
2.497212e+02;1.060736e-20
2.498212e+02;1.060321e-20
2.499212e+02;1.059905e-20
2.500213e+02;1.059491e-20
2.501213e+02;1.059076e-20
2.502213e+02;1.058662e-20
2.503213e+02;1.058248e-20
2.504213e+02;1.057834e-20
2.505213e+02;1.057421e-20
2.506213e+02;1.057008e-20
2.507213e+02;1.056595e-20
2.508213e+02;1.056183e-20
2.509213e+02;1.055771e-20
2.510213e+02;1.055359e-20
2.511213e+02;1.054948e-20
2.512213e+02;1.054536e-20
2.513213e+02;1.054126e-20
2.514213e+02;1.053715e-20
2.515213e+02;1.053305e-20
2.516213e+02;1.052895e-20
2.517213e+02;1.052486e-20
2.518213e+02;1.052077e-20
2.519213e+02;1.051668e-20
2.520213e+02;1.051259e-20
2.521213e+02;1.050851e-20
2.522213e+02;1.050443e-20
2.523214e+02;1.050036e-20
2.524214e+02;1.049628e-20
2.525214e+02;1.049222e-20
2.526214e+02;1.048815e-20
2.527214e+02;1.048409e-20
2.528214e+02;1.048003e-20
2.529214e+02;1.047597e-20
2.530214e+02;1.047192e-20
2.531214e+02;1.046787e-20
2.532214e+02;1.046382e-20
2.533214e+02;1.045977e-20
2.534214e+02;1.045573e-20
2.535214e+02;1.045169e-20
2.536214e+02;1.044766e-20
2.537214e+02;1.044363e-20
2.538214e+02;1.043960e-20
2.539214e+02;1.043557e-20
2.540214e+02;1.043155e-20
2.541214e+02;1.042753e-20
2.542214e+02;1.042352e-20
2.543214e+02;1.041950e-20
2.544214e+02;1.041549e-20
2.545215e+02;1.041148e-20
2.546215e+02;1.040748e-20
2.547215e+02;1.040348e-20
2.548215e+02;1.039948e-20
2.549215e+02;1.039549e-20
2.550215e+02;1.039150e-20
2.551215e+02;1.038751e-20
2.552215e+02;1.038352e-20
2.553215e+02;1.037954e-20
2.554215e+02;1.037556e-20
2.555215e+02;1.037158e-20
2.556215e+02;1.036761e-20
2.557215e+02;1.036364e-20
2.558215e+02;1.035967e-20
2.559215e+02;1.035571e-20
2.560215e+02;1.035175e-20
2.561215e+02;1.034779e-20
2.562215e+02;1.034383e-20
2.563215e+02;1.033988e-20
2.564215e+02;1.033593e-20
2.565215e+02;1.033199e-20
2.566215e+02;1.032804e-20
2.567216e+02;1.032410e-20
2.568216e+02;1.032017e-20
2.569216e+02;1.031623e-20
2.570216e+02;1.031230e-20
2.571216e+02;1.030837e-20
2.572216e+02;1.030445e-20
2.573216e+02;1.030053e-20
2.574216e+02;1.029661e-20
2.575216e+02;1.029269e-20
2.576216e+02;1.028878e-20
2.577216e+02;1.028487e-20
2.578216e+02;1.028096e-20
2.579216e+02;1.027706e-20
2.580216e+02;1.027315e-20
2.581216e+02;1.026926e-20
2.582216e+02;1.026536e-20
2.583216e+02;1.026147e-20
2.584216e+02;1.025758e-20
2.585216e+02;1.025369e-20
2.586216e+02;1.024981e-20
2.587216e+02;1.024593e-20
2.588216e+02;1.024205e-20
2.589217e+02;1.023817e-20
2.590217e+02;1.023430e-20
2.591217e+02;1.023043e-20
2.592217e+02;1.022657e-20
2.593217e+02;1.022270e-20
2.594217e+02;1.021884e-20
2.595217e+02;1.021499e-20
2.596217e+02;1.021113e-20
2.597217e+02;1.020728e-20
2.598217e+02;1.020343e-20
2.599217e+02;1.019959e-20
2.600217e+02;1.019574e-20
2.601217e+02;1.019190e-20
2.602217e+02;1.018807e-20
2.603217e+02;1.018423e-20
2.604217e+02;1.018040e-20
2.605217e+02;1.017657e-20
2.606217e+02;1.017275e-20
2.607217e+02;1.016893e-20
2.608217e+02;1.016511e-20
2.609217e+02;1.016129e-20
2.610217e+02;1.015748e-20
2.611218e+02;1.015366e-20
2.612218e+02;1.014986e-20
2.613218e+02;1.014605e-20
2.614218e+02;1.014225e-20
2.615218e+02;1.013845e-20
2.616218e+02;1.013465e-20
2.617218e+02;1.013086e-20
2.618218e+02;1.012707e-20
2.619218e+02;1.012328e-20
2.620218e+02;1.011949e-20
2.621218e+02;1.011571e-20
2.622218e+02;1.011193e-20
2.623218e+02;1.010815e-20
2.624218e+02;1.010438e-20
2.625218e+02;1.010061e-20
2.626218e+02;1.009684e-20
2.627218e+02;1.009307e-20
2.628218e+02;1.008931e-20
2.629218e+02;1.008555e-20
2.630218e+02;1.008179e-20
2.631218e+02;1.007804e-20
2.632218e+02;1.007429e-20
2.633218e+02;1.007054e-20
2.634219e+02;1.006679e-20
2.635219e+02;1.006305e-20
2.636219e+02;1.005931e-20
2.637219e+02;1.005557e-20
2.638219e+02;1.005183e-20
2.639219e+02;1.004810e-20
2.640219e+02;1.004437e-20
2.641219e+02;1.004064e-20
2.642219e+02;1.003692e-20
2.643219e+02;1.003320e-20
2.644219e+02;1.002948e-20
2.645219e+02;1.002576e-20
2.646219e+02;1.002205e-20
2.647219e+02;1.001834e-20
2.648219e+02;1.001463e-20
2.649219e+02;1.001093e-20
2.650219e+02;1.000723e-20
2.651219e+02;1.000353e-20
2.652219e+02;9.999831e-21
2.653219e+02;9.996138e-21
2.654219e+02;9.992447e-21
2.655219e+02;9.988758e-21
2.656220e+02;9.985072e-21
2.657220e+02;9.981389e-21
2.658220e+02;9.977709e-21
2.659220e+02;9.974032e-21
2.660220e+02;9.970357e-21
2.661220e+02;9.966685e-21
2.662220e+02;9.963015e-21
2.663220e+02;9.959349e-21
2.664220e+02;9.955685e-21
2.665220e+02;9.952023e-21
2.666220e+02;9.948365e-21
2.667220e+02;9.944709e-21
2.668220e+02;9.941055e-21
2.669220e+02;9.937405e-21
2.670220e+02;9.933757e-21
2.671220e+02;9.930112e-21
2.672220e+02;9.926469e-21
2.673220e+02;9.922829e-21
2.674220e+02;9.919192e-21
2.675220e+02;9.915557e-21
2.676220e+02;9.911926e-21
2.677220e+02;9.908296e-21
2.678221e+02;9.904670e-21
2.679221e+02;9.901046e-21
2.680221e+02;9.897425e-21
2.681221e+02;9.893806e-21
2.682221e+02;9.890190e-21
2.683221e+02;9.886577e-21
2.684221e+02;9.882966e-21
2.685221e+02;9.879358e-21
2.686221e+02;9.875752e-21
2.687221e+02;9.872150e-21
2.688221e+02;9.868549e-21
2.689221e+02;9.864952e-21
2.690221e+02;9.861357e-21
2.691221e+02;9.857764e-21
2.692221e+02;9.854175e-21
2.693221e+02;9.850588e-21
2.694221e+02;9.847003e-21
2.695221e+02;9.843421e-21
2.696221e+02;9.839842e-21
2.697221e+02;9.836265e-21
2.698221e+02;9.832691e-21
2.699221e+02;9.829120e-21
2.700222e+02;9.825551e-21
2.701222e+02;9.821984e-21
2.702222e+02;9.818421e-21
2.703222e+02;9.814860e-21
2.704222e+02;9.811301e-21
2.705222e+02;9.807745e-21
2.706222e+02;9.804192e-21
2.707222e+02;9.800641e-21
2.708222e+02;9.797093e-21
2.709222e+02;9.793547e-21
2.710222e+02;9.790004e-21
2.711222e+02;9.786463e-21
2.712222e+02;9.782925e-21
2.713222e+02;9.779390e-21
2.714222e+02;9.775857e-21
2.715222e+02;9.772326e-21
2.716222e+02;9.768799e-21
2.717222e+02;9.765273e-21
2.718222e+02;9.761751e-21
2.719222e+02;9.758230e-21
2.720222e+02;9.754713e-21
2.721222e+02;9.751198e-21
2.722222e+02;9.747685e-21
2.723223e+02;9.744175e-21
2.724223e+02;9.740667e-21
2.725223e+02;9.737162e-21
2.726223e+02;9.733660e-21
2.727223e+02;9.730160e-21
2.728223e+02;9.726663e-21
2.729223e+02;9.723168e-21
2.730223e+02;9.719675e-21
2.731223e+02;9.716185e-21
2.732223e+02;9.712698e-21
2.733223e+02;9.709213e-21
2.734223e+02;9.705730e-21
2.735223e+02;9.702250e-21
2.736223e+02;9.698773e-21
2.737223e+02;9.695298e-21
2.738223e+02;9.691826e-21
2.739223e+02;9.688356e-21
2.740223e+02;9.684888e-21
2.741223e+02;9.681423e-21
2.742223e+02;9.677961e-21
2.743223e+02;9.674501e-21
2.744223e+02;9.671043e-21
2.745224e+02;9.667588e-21
2.746224e+02;9.664135e-21
2.747224e+02;9.660685e-21
2.748224e+02;9.657237e-21
2.749224e+02;9.653792e-21
2.750224e+02;9.650349e-21
2.751224e+02;9.646909e-21
2.752224e+02;9.643471e-21
2.753224e+02;9.640035e-21
2.754224e+02;9.636602e-21
2.755224e+02;9.633172e-21
2.756224e+02;9.629744e-21
2.757224e+02;9.626318e-21
2.758224e+02;9.622895e-21
2.759224e+02;9.619474e-21
2.760224e+02;9.616055e-21
2.761224e+02;9.612640e-21
2.762224e+02;9.609226e-21
2.763224e+02;9.605815e-21
2.764224e+02;9.602406e-21
2.765224e+02;9.599000e-21
2.766224e+02;9.595596e-21
2.767225e+02;9.592195e-21
2.768225e+02;9.588795e-21
2.769225e+02;9.585399e-21
2.770225e+02;9.582005e-21
2.771225e+02;9.578613e-21
2.772225e+02;9.575223e-21
2.773225e+02;9.571836e-21
2.774225e+02;9.568452e-21
2.775225e+02;9.565069e-21
2.776225e+02;9.561689e-21
2.777225e+02;9.558312e-21
2.778225e+02;9.554937e-21
2.779225e+02;9.551564e-21
2.780225e+02;9.548194e-21
2.781225e+02;9.544826e-21
2.782225e+02;9.541460e-21
2.783225e+02;9.538097e-21
2.784225e+02;9.534736e-21
2.785225e+02;9.531378e-21
2.786225e+02;9.528021e-21
2.787225e+02;9.524668e-21
2.788225e+02;9.521316e-21
2.789226e+02;9.517967e-21
2.790226e+02;9.514621e-21
2.791226e+02;9.511276e-21
2.792226e+02;9.507934e-21
2.793226e+02;9.504595e-21
2.794226e+02;9.501257e-21
2.795226e+02;9.497922e-21
2.796226e+02;9.494590e-21
2.797226e+02;9.491259e-21
2.798226e+02;9.487931e-21
2.799226e+02;9.484606e-21
2.800226e+02;9.481283e-21
2.801226e+02;9.477962e-21
2.802226e+02;9.474643e-21
2.803226e+02;9.471327e-21
2.804226e+02;9.468013e-21
2.805226e+02;9.464701e-21
2.806226e+02;9.461392e-21
2.807226e+02;9.458084e-21
2.808226e+02;9.454780e-21
2.809226e+02;9.451477e-21
2.810226e+02;9.448177e-21
2.811227e+02;9.444879e-21
2.812227e+02;9.441584e-21
2.813227e+02;9.438291e-21
2.814227e+02;9.435000e-21
2.815227e+02;9.431711e-21
2.816227e+02;9.428425e-21
2.817227e+02;9.425141e-21
2.818227e+02;9.421859e-21
2.819227e+02;9.418579e-21
2.820227e+02;9.415302e-21
2.821227e+02;9.412027e-21
2.822227e+02;9.408754e-21
2.823227e+02;9.405484e-21
2.824227e+02;9.402216e-21
2.825227e+02;9.398950e-21
2.826227e+02;9.395686e-21
2.827227e+02;9.392425e-21
2.828227e+02;9.389166e-21
2.829227e+02;9.385909e-21
2.830227e+02;9.382655e-21
2.831227e+02;9.379402e-21
2.832227e+02;9.376152e-21
2.833227e+02;9.372905e-21
2.834228e+02;9.369659e-21
2.835228e+02;9.366416e-21
2.836228e+02;9.363175e-21
2.837228e+02;9.359936e-21
2.838228e+02;9.356699e-21
2.839228e+02;9.353465e-21
2.840228e+02;9.350233e-21
2.841228e+02;9.347003e-21
2.842228e+02;9.343775e-21
2.843228e+02;9.340550e-21
2.844228e+02;9.337327e-21
2.845228e+02;9.334106e-21
2.846228e+02;9.330887e-21
2.847228e+02;9.327671e-21
2.848228e+02;9.324456e-21
2.849228e+02;9.321244e-21
2.850228e+02;9.318034e-21
2.851228e+02;9.314827e-21
2.852228e+02;9.311621e-21
2.853228e+02;9.308418e-21
2.854228e+02;9.305217e-21
2.855228e+02;9.302018e-21
2.856229e+02;9.298821e-21
2.857229e+02;9.295627e-21
2.858229e+02;9.292435e-21
2.859229e+02;9.289244e-21
2.860229e+02;9.286057e-21
2.861229e+02;9.282871e-21
2.862229e+02;9.279687e-21
2.863229e+02;9.276506e-21
2.864229e+02;9.273327e-21
2.865229e+02;9.270150e-21
2.866229e+02;9.266975e-21
2.867229e+02;9.263802e-21
2.868229e+02;9.260632e-21
2.869229e+02;9.257464e-21
2.870229e+02;9.254297e-21
2.871229e+02;9.251133e-21
2.872229e+02;9.247972e-21
2.873229e+02;9.244812e-21
2.874229e+02;9.241654e-21
2.875229e+02;9.238499e-21
2.876229e+02;9.235346e-21
2.877229e+02;9.232195e-21
2.878230e+02;9.229046e-21
2.879230e+02;9.225899e-21
2.880230e+02;9.222755e-21
2.881230e+02;9.219612e-21
2.882230e+02;9.216472e-21
2.883230e+02;9.213334e-21
2.884230e+02;9.210198e-21
2.885230e+02;9.207064e-21
2.886230e+02;9.203932e-21
2.887230e+02;9.200802e-21
2.888230e+02;9.197675e-21
2.889230e+02;9.194549e-21
2.890230e+02;9.191426e-21
2.891230e+02;9.188305e-21
2.892230e+02;9.185186e-21
2.893230e+02;9.182069e-21
2.894230e+02;9.178954e-21
2.895230e+02;9.175841e-21
2.896230e+02;9.172731e-21
2.897230e+02;9.169622e-21
2.898230e+02;9.166516e-21
2.899230e+02;9.163411e-21
2.900231e+02;9.160309e-21
2.901231e+02;9.157209e-21
2.902231e+02;9.154111e-21
2.903231e+02;9.151015e-21
2.904231e+02;9.147921e-21
2.905231e+02;9.144830e-21
2.906231e+02;9.141740e-21
2.907231e+02;9.138653e-21
2.908231e+02;9.135567e-21
2.909231e+02;9.132484e-21
2.910231e+02;9.129402e-21
2.911231e+02;9.126323e-21
2.912231e+02;9.123246e-21
2.913231e+02;9.120171e-21
2.914231e+02;9.117098e-21
2.915231e+02;9.114027e-21
2.916231e+02;9.110958e-21
2.917231e+02;9.107891e-21
2.918231e+02;9.104827e-21
2.919231e+02;9.101764e-21
2.920231e+02;9.098703e-21
2.921231e+02;9.095645e-21
2.922231e+02;9.092588e-21
2.923232e+02;9.089534e-21
2.924232e+02;9.086481e-21
2.925232e+02;9.083431e-21
2.926232e+02;9.080383e-21
2.927232e+02;9.077337e-21
2.928232e+02;9.074292e-21
2.929232e+02;9.071250e-21
2.930232e+02;9.068210e-21
2.931232e+02;9.065172e-21
2.932232e+02;9.062136e-21
2.933232e+02;9.059102e-21
2.934232e+02;9.056070e-21
2.935232e+02;9.053040e-21
2.936232e+02;9.050012e-21
2.937232e+02;9.046986e-21
2.938232e+02;9.043962e-21
2.939232e+02;9.040940e-21
2.940232e+02;9.037920e-21
2.941232e+02;9.034902e-21
2.942232e+02;9.031886e-21
2.943232e+02;9.028873e-21
2.944232e+02;9.025861e-21
2.945233e+02;9.022851e-21
2.946233e+02;9.019843e-21
2.947233e+02;9.016837e-21
2.948233e+02;9.013834e-21
2.949233e+02;9.010832e-21
2.950233e+02;9.007832e-21
2.951233e+02;9.004834e-21
2.952233e+02;9.001838e-21
2.953233e+02;8.998844e-21
2.954233e+02;8.995853e-21
2.955233e+02;8.992863e-21
2.956233e+02;8.989875e-21
2.957233e+02;8.986889e-21
2.958233e+02;8.983905e-21
2.959233e+02;8.980923e-21
2.960233e+02;8.977943e-21
2.961233e+02;8.974965e-21
2.962233e+02;8.971989e-21
2.963233e+02;8.969015e-21
2.964233e+02;8.966043e-21
2.965233e+02;8.963073e-21
2.966233e+02;8.960105e-21
2.967234e+02;8.957139e-21
2.968234e+02;8.954175e-21
2.969234e+02;8.951212e-21
2.970234e+02;8.948252e-21
2.971234e+02;8.945294e-21
2.972234e+02;8.942337e-21
2.973234e+02;8.939383e-21
2.974234e+02;8.936430e-21
2.975234e+02;8.933480e-21
2.976234e+02;8.930531e-21
2.977234e+02;8.927585e-21
2.978234e+02;8.924640e-21
2.979234e+02;8.921697e-21
2.980234e+02;8.918757e-21
2.981234e+02;8.915818e-21
2.982234e+02;8.912881e-21
2.983234e+02;8.909946e-21
2.984234e+02;8.907013e-21
2.985234e+02;8.904082e-21
2.986234e+02;8.901152e-21
2.987234e+02;8.898225e-21
2.988234e+02;8.895300e-21
2.989235e+02;8.892376e-21
2.990235e+02;8.889455e-21
2.991235e+02;8.886535e-21
2.992235e+02;8.883617e-21
2.993235e+02;8.880702e-21
2.994235e+02;8.877788e-21
2.995235e+02;8.874876e-21
2.996235e+02;8.871966e-21
2.997235e+02;8.869058e-21
2.998235e+02;8.866151e-21
2.999235e+02;8.863247e-21
3.000235e+02;8.860345e-21
3.001235e+02;8.857444e-21
3.002235e+02;8.854546e-21
3.003235e+02;8.851649e-21
3.004235e+02;8.848754e-21
3.005235e+02;8.845861e-21
3.006235e+02;8.842970e-21
3.007235e+02;8.840081e-21
3.008235e+02;8.837194e-21
3.009235e+02;8.834308e-21
3.010235e+02;8.831425e-21
3.011236e+02;8.828543e-21
3.012236e+02;8.825663e-21
3.013236e+02;8.822785e-21
3.014236e+02;8.819909e-21
3.015236e+02;8.817035e-21
3.016236e+02;8.814163e-21
3.017236e+02;8.811293e-21
3.018236e+02;8.808424e-21
3.019236e+02;8.805557e-21
3.020236e+02;8.802693e-21
3.021236e+02;8.799830e-21
3.022236e+02;8.796969e-21
3.023236e+02;8.794109e-21
3.024236e+02;8.791252e-21
3.025236e+02;8.788396e-21
3.026236e+02;8.785543e-21
3.027236e+02;8.782691e-21
3.028236e+02;8.779841e-21
3.029236e+02;8.776993e-21
3.030236e+02;8.774147e-21
3.031236e+02;8.771302e-21
3.032236e+02;8.768460e-21
3.033236e+02;8.765619e-21
3.034237e+02;8.762780e-21
3.035237e+02;8.759943e-21
3.036237e+02;8.757108e-21
3.037237e+02;8.754275e-21
3.038237e+02;8.751443e-21
3.039237e+02;8.748613e-21
3.040237e+02;8.745785e-21
3.041237e+02;8.742959e-21
3.042237e+02;8.740135e-21
3.043237e+02;8.737313e-21
3.044237e+02;8.734492e-21
3.045237e+02;8.731673e-21
3.046237e+02;8.728856e-21
3.047237e+02;8.726041e-21
3.048237e+02;8.723228e-21
3.049237e+02;8.720416e-21
3.050237e+02;8.717607e-21
3.051237e+02;8.714799e-21
3.052237e+02;8.711993e-21
3.053237e+02;8.709188e-21
3.054237e+02;8.706386e-21
3.055237e+02;8.703585e-21
3.056238e+02;8.700786e-21
3.057238e+02;8.697989e-21
3.058238e+02;8.695194e-21
3.059238e+02;8.692401e-21
3.060238e+02;8.689609e-21
3.061238e+02;8.686819e-21
3.062238e+02;8.684031e-21
3.063238e+02;8.681245e-21
3.064238e+02;8.678460e-21
3.065238e+02;8.675677e-21
3.066238e+02;8.672896e-21
3.067238e+02;8.670117e-21
3.068238e+02;8.667340e-21
3.069238e+02;8.664564e-21
3.070238e+02;8.661790e-21
3.071238e+02;8.659018e-21
3.072238e+02;8.656248e-21
3.073238e+02;8.653479e-21
3.074238e+02;8.650713e-21
3.075238e+02;8.647948e-21
3.076238e+02;8.645184e-21
3.077238e+02;8.642423e-21
3.078239e+02;8.639663e-21
3.079239e+02;8.636905e-21
3.080239e+02;8.634149e-21
3.081239e+02;8.631395e-21
3.082239e+02;8.628642e-21
3.083239e+02;8.625891e-21
3.084239e+02;8.623142e-21
3.085239e+02;8.620394e-21
3.086239e+02;8.617649e-21
3.087239e+02;8.614905e-21
3.088239e+02;8.612163e-21
3.089239e+02;8.609422e-21
3.090239e+02;8.606684e-21
3.091239e+02;8.603947e-21
3.092239e+02;8.601211e-21
3.093239e+02;8.598478e-21
3.094239e+02;8.595746e-21
3.095239e+02;8.593016e-21
3.096239e+02;8.590288e-21
3.097239e+02;8.587561e-21
3.098239e+02;8.584837e-21
3.099239e+02;8.582113e-21
3.100240e+02;8.579392e-21
3.101240e+02;8.576673e-21
3.102240e+02;8.573955e-21
3.103240e+02;8.571238e-21
3.104240e+02;8.568524e-21
3.105240e+02;8.565811e-21
3.106240e+02;8.563100e-21
3.107240e+02;8.560391e-21
3.108240e+02;8.557683e-21
3.109240e+02;8.554977e-21
3.110240e+02;8.552273e-21
3.111240e+02;8.549571e-21
3.112240e+02;8.546870e-21
3.113240e+02;8.544171e-21
3.114240e+02;8.541474e-21
3.115240e+02;8.538778e-21
3.116240e+02;8.536084e-21
3.117240e+02;8.533392e-21
3.118240e+02;8.530701e-21
3.119240e+02;8.528012e-21
3.120240e+02;8.525325e-21
3.121240e+02;8.522640e-21
3.122240e+02;8.519956e-21
3.123241e+02;8.517274e-21
3.124241e+02;8.514593e-21
3.125241e+02;8.511915e-21
3.126241e+02;8.509238e-21
3.127241e+02;8.506562e-21
3.128241e+02;8.503888e-21
3.129241e+02;8.501216e-21
3.130241e+02;8.498546e-21
3.131241e+02;8.495877e-21
3.132241e+02;8.493211e-21
3.133241e+02;8.490545e-21
3.134241e+02;8.487882e-21
3.135241e+02;8.485220e-21
3.136241e+02;8.482559e-21
3.137241e+02;8.479901e-21
3.138241e+02;8.477244e-21
3.139241e+02;8.474588e-21
3.140241e+02;8.471935e-21
3.141241e+02;8.469283e-21
3.142241e+02;8.466633e-21
3.143241e+02;8.463984e-21
3.144241e+02;8.461337e-21
3.145242e+02;8.458692e-21
3.146242e+02;8.456048e-21
3.147242e+02;8.453406e-21
3.148242e+02;8.450765e-21
3.149242e+02;8.448127e-21
3.150242e+02;8.445490e-21
3.151242e+02;8.442854e-21
3.152242e+02;8.440220e-21
3.153242e+02;8.437588e-21
3.154242e+02;8.434958e-21
3.155242e+02;8.432329e-21
3.156242e+02;8.429701e-21
3.157242e+02;8.427076e-21
3.158242e+02;8.424452e-21
3.159242e+02;8.421829e-21
3.160242e+02;8.419209e-21
3.161242e+02;8.416590e-21
3.162242e+02;8.413972e-21
3.163242e+02;8.411356e-21
3.164242e+02;8.408742e-21
3.165242e+02;8.406130e-21
3.166242e+02;8.403519e-21
3.167243e+02;8.400909e-21
3.168243e+02;8.398301e-21
3.169243e+02;8.395695e-21
3.170243e+02;8.393091e-21
3.171243e+02;8.390488e-21
3.172243e+02;8.387887e-21
3.173243e+02;8.385287e-21
3.174243e+02;8.382689e-21
3.175243e+02;8.380093e-21
3.176243e+02;8.377498e-21
3.177243e+02;8.374905e-21
3.178243e+02;8.372313e-21
3.179243e+02;8.369723e-21
3.180243e+02;8.367135e-21
3.181243e+02;8.364548e-21
3.182243e+02;8.361962e-21
3.183243e+02;8.359379e-21
3.184243e+02;8.356797e-21
3.185243e+02;8.354216e-21
3.186243e+02;8.351638e-21
3.187243e+02;8.349060e-21
3.188243e+02;8.346485e-21
3.189244e+02;8.343911e-21
3.190244e+02;8.341338e-21
3.191244e+02;8.338767e-21
3.192244e+02;8.336198e-21
3.193244e+02;8.333630e-21
3.194244e+02;8.331064e-21
3.195244e+02;8.328499e-21
3.196244e+02;8.325936e-21
3.197244e+02;8.323375e-21
3.198244e+02;8.320815e-21
3.199244e+02;8.318257e-21
3.200244e+02;8.315700e-21
3.201244e+02;8.313145e-21
3.202244e+02;8.310591e-21
3.203244e+02;8.308039e-21
3.204244e+02;8.305489e-21
3.205244e+02;8.302940e-21
3.206244e+02;8.300393e-21
3.207244e+02;8.297847e-21
3.208244e+02;8.295303e-21
3.209244e+02;8.292760e-21
3.210244e+02;8.290219e-21
3.211245e+02;8.287680e-21
3.212245e+02;8.285142e-21
3.213245e+02;8.282605e-21
3.214245e+02;8.280071e-21
3.215245e+02;8.277537e-21
3.216245e+02;8.275005e-21
3.217245e+02;8.272475e-21
3.218245e+02;8.269947e-21
3.219245e+02;8.267420e-21
3.220245e+02;8.264894e-21
3.221245e+02;8.262370e-21
3.222245e+02;8.259847e-21
3.223245e+02;8.257326e-21
3.224245e+02;8.254807e-21
3.225245e+02;8.252289e-21
3.226245e+02;8.249773e-21
3.227245e+02;8.247258e-21
3.228245e+02;8.244745e-21
3.229245e+02;8.242233e-21
3.230245e+02;8.239723e-21
3.231245e+02;8.237214e-21
3.232245e+02;8.234707e-21
3.233245e+02;8.232201e-21
3.234246e+02;8.229697e-21
3.235246e+02;8.227195e-21
3.236246e+02;8.224694e-21
3.237246e+02;8.222194e-21
3.238246e+02;8.219696e-21
3.239246e+02;8.217199e-21
3.240246e+02;8.214704e-21
3.241246e+02;8.212211e-21
3.242246e+02;8.209719e-21
3.243246e+02;8.207229e-21
3.244246e+02;8.204740e-21
3.245246e+02;8.202252e-21
3.246246e+02;8.199766e-21
3.247246e+02;8.197282e-21
3.248246e+02;8.194799e-21
3.249246e+02;8.192317e-21
3.250246e+02;8.189837e-21
3.251246e+02;8.187359e-21
3.252246e+02;8.184882e-21
3.253246e+02;8.182407e-21
3.254246e+02;8.179933e-21
3.255246e+02;8.177460e-21
3.256247e+02;8.174989e-21
3.257247e+02;8.172520e-21
3.258247e+02;8.170052e-21
3.259247e+02;8.167585e-21
3.260247e+02;8.165120e-21
3.261247e+02;8.162657e-21
3.262247e+02;8.160195e-21
3.263247e+02;8.157734e-21
3.264247e+02;8.155275e-21
3.265247e+02;8.152818e-21
3.266247e+02;8.150362e-21
3.267247e+02;8.147907e-21
3.268247e+02;8.145454e-21
3.269247e+02;8.143002e-21
3.270247e+02;8.140552e-21
3.271247e+02;8.138103e-21
3.272247e+02;8.135656e-21
3.273247e+02;8.133210e-21
3.274247e+02;8.130766e-21
3.275247e+02;8.128323e-21
3.276247e+02;8.125882e-21
3.277247e+02;8.123442e-21
3.278248e+02;8.121004e-21
3.279248e+02;8.118567e-21
3.280248e+02;8.116131e-21
3.281248e+02;8.113697e-21
3.282248e+02;8.111265e-21
3.283248e+02;8.108833e-21
3.284248e+02;8.106404e-21
3.285248e+02;8.103976e-21
3.286248e+02;8.101549e-21
3.287248e+02;8.099123e-21
3.288248e+02;8.096700e-21
3.289248e+02;8.094277e-21
3.290248e+02;8.091856e-21
3.291248e+02;8.089437e-21
3.292248e+02;8.087019e-21
3.293248e+02;8.084602e-21
3.294248e+02;8.082187e-21
3.295248e+02;8.079773e-21
3.296248e+02;8.077361e-21
3.297248e+02;8.074950e-21
3.298248e+02;8.072540e-21
3.299248e+02;8.070133e-21
3.300249e+02;8.067726e-21
3.301249e+02;8.065321e-21
3.302249e+02;8.062917e-21
3.303249e+02;8.060515e-21
3.304249e+02;8.058114e-21
3.305249e+02;8.055715e-21
3.306249e+02;8.053317e-21
3.307249e+02;8.050920e-21
3.308249e+02;8.048525e-21
3.309249e+02;8.046131e-21
3.310249e+02;8.043739e-21
3.311249e+02;8.041348e-21
3.312249e+02;8.038959e-21
3.313249e+02;8.036571e-21
3.314249e+02;8.034184e-21
3.315249e+02;8.031799e-21
3.316249e+02;8.029415e-21
3.317249e+02;8.027033e-21
3.318249e+02;8.024652e-21
3.319249e+02;8.022272e-21
3.320249e+02;8.019894e-21
3.321249e+02;8.017518e-21
3.322249e+02;8.015142e-21
3.323250e+02;8.012768e-21
3.324250e+02;8.010396e-21
3.325250e+02;8.008025e-21
3.326250e+02;8.005655e-21
3.327250e+02;8.003287e-21
3.328250e+02;8.000920e-21
3.329250e+02;7.998555e-21
3.330250e+02;7.996190e-21
3.331250e+02;7.993828e-21
3.332250e+02;7.991467e-21
3.333250e+02;7.989107e-21
3.334250e+02;7.986748e-21
3.335250e+02;7.984391e-21
3.336250e+02;7.982035e-21
3.337250e+02;7.979681e-21
3.338250e+02;7.977328e-21
3.339250e+02;7.974976e-21
3.340250e+02;7.972626e-21
3.341250e+02;7.970277e-21
3.342250e+02;7.967930e-21
3.343250e+02;7.965584e-21
3.344250e+02;7.963239e-21
3.345251e+02;7.960896e-21
3.346251e+02;7.958554e-21
3.347251e+02;7.956214e-21
3.348251e+02;7.953875e-21
3.349251e+02;7.951537e-21
3.350251e+02;7.949200e-21
3.351251e+02;7.946865e-21
3.352251e+02;7.944532e-21
3.353251e+02;7.942199e-21
3.354251e+02;7.939869e-21
3.355251e+02;7.937539e-21
3.356251e+02;7.935211e-21
3.357251e+02;7.932884e-21
3.358251e+02;7.930559e-21
3.359251e+02;7.928235e-21
3.360251e+02;7.925912e-21
3.361251e+02;7.923590e-21
3.362251e+02;7.921270e-21
3.363251e+02;7.918952e-21
3.364251e+02;7.916634e-21
3.365251e+02;7.914319e-21
3.366251e+02;7.912004e-21
3.367252e+02;7.909691e-21
3.368252e+02;7.907379e-21
3.369252e+02;7.905068e-21
3.370252e+02;7.902759e-21
3.371252e+02;7.900451e-21
3.372252e+02;7.898145e-21
3.373252e+02;7.895840e-21
3.374252e+02;7.893536e-21
3.375252e+02;7.891233e-21
3.376252e+02;7.888932e-21
3.377252e+02;7.886633e-21
3.378252e+02;7.884334e-21
3.379252e+02;7.882037e-21
3.380252e+02;7.879741e-21
3.381252e+02;7.877447e-21
3.382252e+02;7.875154e-21
3.383252e+02;7.872862e-21
3.384252e+02;7.870572e-21
3.385252e+02;7.868283e-21
3.386252e+02;7.865995e-21
3.387252e+02;7.863708e-21
3.388252e+02;7.861423e-21
3.389253e+02;7.859139e-21
3.390253e+02;7.856857e-21
3.391253e+02;7.854576e-21
3.392253e+02;7.852296e-21
3.393253e+02;7.850018e-21
3.394253e+02;7.847740e-21
3.395253e+02;7.845465e-21
3.396253e+02;7.843190e-21
3.397253e+02;7.840917e-21
3.398253e+02;7.838645e-21
3.399253e+02;7.836374e-21
3.400253e+02;7.834105e-21
3.401253e+02;7.831837e-21
3.402253e+02;7.829571e-21
3.403253e+02;7.827305e-21
3.404253e+02;7.825041e-21
3.405253e+02;7.822779e-21
3.406253e+02;7.820517e-21
3.407253e+02;7.818257e-21
3.408253e+02;7.815998e-21
3.409253e+02;7.813741e-21
3.410253e+02;7.811485e-21
3.411254e+02;7.809230e-21
3.412254e+02;7.806976e-21
3.413254e+02;7.804724e-21
3.414254e+02;7.802473e-21
3.415254e+02;7.800223e-21
3.416254e+02;7.797975e-21
3.417254e+02;7.795728e-21
3.418254e+02;7.793482e-21
3.419254e+02;7.791238e-21
3.420254e+02;7.788995e-21
3.421254e+02;7.786753e-21
3.422254e+02;7.784512e-21
3.423254e+02;7.782273e-21
3.424254e+02;7.780035e-21
3.425254e+02;7.777798e-21
3.426254e+02;7.775562e-21
3.427254e+02;7.773328e-21
3.428254e+02;7.771095e-21
3.429254e+02;7.768864e-21
3.430254e+02;7.766633e-21
3.431254e+02;7.764404e-21
3.432254e+02;7.762176e-21
3.433254e+02;7.759950e-21
3.434255e+02;7.757725e-21
3.435255e+02;7.755501e-21
3.436255e+02;7.753278e-21
3.437255e+02;7.751057e-21
3.438255e+02;7.748837e-21
3.439255e+02;7.746618e-21
3.440255e+02;7.744400e-21
3.441255e+02;7.742184e-21
3.442255e+02;7.739969e-21
3.443255e+02;7.737755e-21
3.444255e+02;7.735542e-21
3.445255e+02;7.733331e-21
3.446255e+02;7.731121e-21
3.447255e+02;7.728912e-21
3.448255e+02;7.726705e-21
3.449255e+02;7.724499e-21
3.450255e+02;7.722294e-21
3.451255e+02;7.720090e-21
3.452255e+02;7.717888e-21
3.453255e+02;7.715686e-21
3.454255e+02;7.713486e-21
3.455255e+02;7.711288e-21
3.456256e+02;7.709090e-21
3.457256e+02;7.706894e-21
3.458256e+02;7.704699e-21
3.459256e+02;7.702506e-21
3.460256e+02;7.700313e-21
3.461256e+02;7.698122e-21
3.462256e+02;7.695932e-21
3.463256e+02;7.693743e-21
3.464256e+02;7.691556e-21
3.465256e+02;7.689370e-21
3.466256e+02;7.687185e-21
3.467256e+02;7.685001e-21
3.468256e+02;7.682818e-21
3.469256e+02;7.680637e-21
3.470256e+02;7.678457e-21
3.471256e+02;7.676278e-21
3.472256e+02;7.674101e-21
3.473256e+02;7.671925e-21
3.474256e+02;7.669749e-21
3.475256e+02;7.667576e-21
3.476256e+02;7.665403e-21
3.477256e+02;7.663232e-21
3.478257e+02;7.661062e-21
3.479257e+02;7.658893e-21
3.480257e+02;7.656725e-21
3.481257e+02;7.654558e-21
3.482257e+02;7.652393e-21
3.483257e+02;7.650229e-21
3.484257e+02;7.648066e-21
3.485257e+02;7.645905e-21
3.486257e+02;7.643744e-21
3.487257e+02;7.641585e-21
3.488257e+02;7.639427e-21
3.489257e+02;7.637271e-21
3.490257e+02;7.635115e-21
3.491257e+02;7.632961e-21
3.492257e+02;7.630808e-21
3.493257e+02;7.628656e-21
3.494257e+02;7.626506e-21
3.495257e+02;7.624356e-21
3.496257e+02;7.622208e-21
3.497257e+02;7.620061e-21
3.498257e+02;7.617915e-21
3.499257e+02;7.615771e-21
3.500258e+02;7.613627e-21
3.501258e+02;7.611485e-21
3.502258e+02;7.609344e-21
3.503258e+02;7.607204e-21
3.504258e+02;7.605066e-21
3.505258e+02;7.602928e-21
3.506258e+02;7.600792e-21
3.507258e+02;7.598657e-21
3.508258e+02;7.596524e-21
3.509258e+02;7.594391e-21
3.510258e+02;7.592260e-21
3.511258e+02;7.590130e-21
3.512258e+02;7.588001e-21
3.513258e+02;7.585873e-21
3.514258e+02;7.583746e-21
3.515258e+02;7.581621e-21
3.516258e+02;7.579497e-21
3.517258e+02;7.577374e-21
3.518258e+02;7.575252e-21
3.519258e+02;7.573131e-21
3.520258e+02;7.571012e-21
3.521258e+02;7.568893e-21
3.522258e+02;7.566776e-21
3.523259e+02;7.564660e-21
3.524259e+02;7.562546e-21
3.525259e+02;7.560432e-21
3.526259e+02;7.558320e-21
3.527259e+02;7.556209e-21
3.528259e+02;7.554099e-21
3.529259e+02;7.551990e-21
3.530259e+02;7.549882e-21
3.531259e+02;7.547776e-21
3.532259e+02;7.545670e-21
3.533259e+02;7.543566e-21
3.534259e+02;7.541463e-21
3.535259e+02;7.539362e-21
3.536259e+02;7.537261e-21
3.537259e+02;7.535162e-21
3.538259e+02;7.533063e-21
3.539259e+02;7.530966e-21
3.540259e+02;7.528870e-21
3.541259e+02;7.526776e-21
3.542259e+02;7.524682e-21
3.543259e+02;7.522590e-21
3.544259e+02;7.520498e-21
3.545260e+02;7.518408e-21
3.546260e+02;7.516319e-21
3.547260e+02;7.514231e-21
3.548260e+02;7.512145e-21
3.549260e+02;7.510059e-21
3.550260e+02;7.507975e-21
3.551260e+02;7.505892e-21
3.552260e+02;7.503810e-21
3.553260e+02;7.501729e-21
3.554260e+02;7.499649e-21
3.555260e+02;7.497571e-21
3.556260e+02;7.495493e-21
3.557260e+02;7.493417e-21
3.558260e+02;7.491342e-21
3.559260e+02;7.489268e-21
3.560260e+02;7.487195e-21
3.561260e+02;7.485124e-21
3.562260e+02;7.483053e-21
3.563260e+02;7.480984e-21
3.564260e+02;7.478916e-21
3.565260e+02;7.476848e-21
3.566260e+02;7.474783e-21
3.567261e+02;7.472718e-21
3.568261e+02;7.470654e-21
3.569261e+02;7.468592e-21
3.570261e+02;7.466530e-21
3.571261e+02;7.464470e-21
3.572261e+02;7.462411e-21
3.573261e+02;7.460353e-21
3.574261e+02;7.458296e-21
3.575261e+02;7.456240e-21
3.576261e+02;7.454186e-21
3.577261e+02;7.452132e-21
3.578261e+02;7.450080e-21
3.579261e+02;7.448029e-21
3.580261e+02;7.445979e-21
3.581261e+02;7.443930e-21
3.582261e+02;7.441882e-21
3.583261e+02;7.439835e-21
3.584261e+02;7.437790e-21
3.585261e+02;7.435745e-21
3.586261e+02;7.433702e-21
3.587261e+02;7.431660e-21
3.588261e+02;7.429619e-21
3.589262e+02;7.427579e-21
3.590262e+02;7.425540e-21
3.591262e+02;7.423503e-21
3.592262e+02;7.421466e-21
3.593262e+02;7.419430e-21
3.594262e+02;7.417396e-21
3.595262e+02;7.415363e-21
3.596262e+02;7.413331e-21
3.597262e+02;7.411300e-21
3.598262e+02;7.409270e-21
3.599262e+02;7.407241e-21
3.600262e+02;7.405213e-21
3.601262e+02;7.403187e-21
3.602262e+02;7.401161e-21
3.603262e+02;7.399137e-21
3.604262e+02;7.397114e-21
3.605262e+02;7.395092e-21
3.606262e+02;7.393071e-21
3.607262e+02;7.391051e-21
3.608262e+02;7.389032e-21
3.609262e+02;7.387014e-21
3.610262e+02;7.384998e-21
3.611263e+02;7.382982e-21
3.612263e+02;7.380968e-21
3.613263e+02;7.378954e-21
3.614263e+02;7.376942e-21
3.615263e+02;7.374931e-21
3.616263e+02;7.372921e-21
3.617263e+02;7.370912e-21
3.618263e+02;7.368904e-21
3.619263e+02;7.366897e-21
3.620263e+02;7.364892e-21
3.621263e+02;7.362887e-21
3.622263e+02;7.360884e-21
3.623263e+02;7.358881e-21
3.624263e+02;7.356880e-21
3.625263e+02;7.354880e-21
3.626263e+02;7.352881e-21
3.627263e+02;7.350883e-21
3.628263e+02;7.348886e-21
3.629263e+02;7.346890e-21
3.630263e+02;7.344895e-21
3.631263e+02;7.342901e-21
3.632263e+02;7.340909e-21
3.633263e+02;7.338917e-21
3.634264e+02;7.336927e-21
3.635264e+02;7.334937e-21
3.636264e+02;7.332949e-21
3.637264e+02;7.330962e-21
3.638264e+02;7.328976e-21
3.639264e+02;7.326991e-21
3.640264e+02;7.325007e-21
3.641264e+02;7.323024e-21
3.642264e+02;7.321042e-21
3.643264e+02;7.319061e-21
3.644264e+02;7.317081e-21
3.645264e+02;7.315103e-21
3.646264e+02;7.313125e-21
3.647264e+02;7.311149e-21
3.648264e+02;7.309173e-21
3.649264e+02;7.307199e-21
3.650264e+02;7.305225e-21
3.651264e+02;7.303253e-21
3.652264e+02;7.301282e-21
3.653264e+02;7.299312e-21
3.654264e+02;7.297343e-21
3.655264e+02;7.295375e-21
3.656265e+02;7.293408e-21
3.657265e+02;7.291442e-21
3.658265e+02;7.289477e-21
3.659265e+02;7.287514e-21
3.660265e+02;7.285551e-21
3.661265e+02;7.283589e-21
3.662265e+02;7.281629e-21
3.663265e+02;7.279669e-21
3.664265e+02;7.277711e-21
3.665265e+02;7.275753e-21
3.666265e+02;7.273797e-21
3.667265e+02;7.271842e-21
3.668265e+02;7.269887e-21
3.669265e+02;7.267934e-21
3.670265e+02;7.265982e-21
3.671265e+02;7.264031e-21
3.672265e+02;7.262081e-21
3.673265e+02;7.260132e-21
3.674265e+02;7.258184e-21
3.675265e+02;7.256237e-21
3.676265e+02;7.254291e-21
3.677265e+02;7.252346e-21
3.678266e+02;7.250402e-21
3.679266e+02;7.248459e-21
3.680266e+02;7.246518e-21
3.681266e+02;7.244577e-21
3.682266e+02;7.242637e-21
3.683266e+02;7.240699e-21
3.684266e+02;7.238761e-21
3.685266e+02;7.236825e-21
3.686266e+02;7.234889e-21
3.687266e+02;7.232955e-21
3.688266e+02;7.231021e-21
3.689266e+02;7.229089e-21
3.690266e+02;7.227157e-21
3.691266e+02;7.225227e-21
3.692266e+02;7.223298e-21
3.693266e+02;7.221369e-21
3.694266e+02;7.219442e-21
3.695266e+02;7.217516e-21
3.696266e+02;7.215591e-21
3.697266e+02;7.213667e-21
3.698266e+02;7.211744e-21
3.699266e+02;7.209821e-21
3.700267e+02;7.207900e-21
3.701267e+02;7.205980e-21
3.702267e+02;7.204061e-21
3.703267e+02;7.202143e-21
3.704267e+02;7.200226e-21
3.705267e+02;7.198310e-21
3.706267e+02;7.196395e-21
3.707267e+02;7.194481e-21
3.708267e+02;7.192568e-21
3.709267e+02;7.190656e-21
3.710267e+02;7.188745e-21
3.711267e+02;7.186836e-21
3.712267e+02;7.184927e-21
3.713267e+02;7.183019e-21
3.714267e+02;7.181112e-21
3.715267e+02;7.179206e-21
3.716267e+02;7.177301e-21
3.717267e+02;7.175398e-21
3.718267e+02;7.173495e-21
3.719267e+02;7.171593e-21
3.720267e+02;7.169692e-21
3.721267e+02;7.167792e-21
3.722267e+02;7.165894e-21
3.723268e+02;7.163996e-21
3.724268e+02;7.162099e-21
3.725268e+02;7.160203e-21
3.726268e+02;7.158309e-21
3.727268e+02;7.156415e-21
3.728268e+02;7.154522e-21
3.729268e+02;7.152630e-21
3.730268e+02;7.150739e-21
3.731268e+02;7.148850e-21
3.732268e+02;7.146961e-21
3.733268e+02;7.145073e-21
3.734268e+02;7.143186e-21
3.735268e+02;7.141301e-21
3.736268e+02;7.139416e-21
3.737268e+02;7.137532e-21
3.738268e+02;7.135649e-21
3.739268e+02;7.133768e-21
3.740268e+02;7.131887e-21
3.741268e+02;7.130007e-21
3.742268e+02;7.128128e-21
3.743268e+02;7.126250e-21
3.744268e+02;7.124373e-21
3.745269e+02;7.122498e-21
3.746269e+02;7.120623e-21
3.747269e+02;7.118749e-21
3.748269e+02;7.116876e-21
3.749269e+02;7.115004e-21
3.750269e+02;7.113133e-21
3.751269e+02;7.111263e-21
3.752269e+02;7.109394e-21
3.753269e+02;7.107526e-21
3.754269e+02;7.105659e-21
3.755269e+02;7.103793e-21
3.756269e+02;7.101928e-21
3.757269e+02;7.100064e-21
3.758269e+02;7.098201e-21
3.759269e+02;7.096339e-21
3.760269e+02;7.094478e-21
3.761269e+02;7.092618e-21
3.762269e+02;7.090758e-21
3.763269e+02;7.088900e-21
3.764269e+02;7.087043e-21
3.765269e+02;7.085187e-21
3.766269e+02;7.083331e-21
3.767270e+02;7.081477e-21
3.768270e+02;7.079624e-21
3.769270e+02;7.077771e-21
3.770270e+02;7.075920e-21
3.771270e+02;7.074069e-21
3.772270e+02;7.072220e-21
3.773270e+02;7.070371e-21
3.774270e+02;7.068524e-21
3.775270e+02;7.066677e-21
3.776270e+02;7.064832e-21
3.777270e+02;7.062987e-21
3.778270e+02;7.061143e-21
3.779270e+02;7.059301e-21
3.780270e+02;7.057459e-21
3.781270e+02;7.055618e-21
3.782270e+02;7.053778e-21
3.783270e+02;7.051939e-21
3.784270e+02;7.050101e-21
3.785270e+02;7.048264e-21
3.786270e+02;7.046428e-21
3.787270e+02;7.044593e-21
3.788270e+02;7.042759e-21
3.789271e+02;7.040926e-21
3.790271e+02;7.039094e-21
3.791271e+02;7.037263e-21
3.792271e+02;7.035432e-21
3.793271e+02;7.033603e-21
3.794271e+02;7.031775e-21
3.795271e+02;7.029947e-21
3.796271e+02;7.028121e-21
3.797271e+02;7.026295e-21
3.798271e+02;7.024471e-21
3.799271e+02;7.022647e-21
3.800271e+02;7.020824e-21
3.801271e+02;7.019002e-21
3.802271e+02;7.017182e-21
3.803271e+02;7.015362e-21
3.804271e+02;7.013543e-21
3.805271e+02;7.011725e-21
3.806271e+02;7.009908e-21
3.807271e+02;7.008092e-21
3.808271e+02;7.006277e-21
3.809271e+02;7.004462e-21
3.810271e+02;7.002649e-21
3.811272e+02;7.000837e-21
3.812272e+02;6.999025e-21
3.813272e+02;6.997215e-21
3.814272e+02;6.995405e-21
3.815272e+02;6.993597e-21
3.816272e+02;6.991789e-21
3.817272e+02;6.989982e-21
3.818272e+02;6.988176e-21
3.819272e+02;6.986372e-21
3.820272e+02;6.984568e-21
3.821272e+02;6.982765e-21
3.822272e+02;6.980963e-21
3.823272e+02;6.979161e-21
3.824272e+02;6.977361e-21
3.825272e+02;6.975562e-21
3.826272e+02;6.973764e-21
3.827272e+02;6.971966e-21
3.828272e+02;6.970170e-21
3.829272e+02;6.968374e-21
3.830272e+02;6.966579e-21
3.831272e+02;6.964786e-21
3.832272e+02;6.962993e-21
3.833272e+02;6.961201e-21
3.834273e+02;6.959410e-21
3.835273e+02;6.957620e-21
3.836273e+02;6.955831e-21
3.837273e+02;6.954043e-21
3.838273e+02;6.952255e-21
3.839273e+02;6.950469e-21
3.840273e+02;6.948684e-21
3.841273e+02;6.946899e-21
3.842273e+02;6.945115e-21
3.843273e+02;6.943333e-21
3.844273e+02;6.941551e-21
3.845273e+02;6.939770e-21
3.846273e+02;6.937990e-21
3.847273e+02;6.936211e-21
3.848273e+02;6.934433e-21
3.849273e+02;6.932656e-21
3.850273e+02;6.930879e-21
3.851273e+02;6.929104e-21
3.852273e+02;6.927329e-21
3.853273e+02;6.925556e-21
3.854273e+02;6.923783e-21
3.855273e+02;6.922011e-21
3.856274e+02;6.920240e-21
3.857274e+02;6.918471e-21
3.858274e+02;6.916701e-21
3.859274e+02;6.914933e-21
3.860274e+02;6.913166e-21
3.861274e+02;6.911400e-21
3.862274e+02;6.909634e-21
3.863274e+02;6.907870e-21
3.864274e+02;6.906106e-21
3.865274e+02;6.904343e-21
3.866274e+02;6.902581e-21
3.867274e+02;6.900821e-21
3.868274e+02;6.899060e-21
3.869274e+02;6.897301e-21
3.870274e+02;6.895543e-21
3.871274e+02;6.893786e-21
3.872274e+02;6.892029e-21
3.873274e+02;6.890274e-21
3.874274e+02;6.888519e-21
3.875274e+02;6.886765e-21
3.876274e+02;6.885012e-21
3.877274e+02;6.883260e-21
3.878275e+02;6.881509e-21
3.879275e+02;6.879759e-21
3.880275e+02;6.878010e-21
3.881275e+02;6.876261e-21
3.882275e+02;6.874514e-21
3.883275e+02;6.872767e-21
3.884275e+02;6.871021e-21
3.885275e+02;6.869276e-21
3.886275e+02;6.867532e-21
3.887275e+02;6.865789e-21
3.888275e+02;6.864047e-21
3.889275e+02;6.862306e-21
3.890275e+02;6.860565e-21
3.891275e+02;6.858826e-21
3.892275e+02;6.857087e-21
3.893275e+02;6.855349e-21
3.894275e+02;6.853612e-21
3.895275e+02;6.851876e-21
3.896275e+02;6.850141e-21
3.897275e+02;6.848406e-21
3.898275e+02;6.846673e-21
3.899275e+02;6.844940e-21
3.900276e+02;6.843209e-21
3.901276e+02;6.841478e-21
3.902276e+02;6.839748e-21
3.903276e+02;6.838019e-21
3.904276e+02;6.836291e-21
3.905276e+02;6.834564e-21
3.906276e+02;6.832837e-21
3.907276e+02;6.831112e-21
3.908276e+02;6.829387e-21
3.909276e+02;6.827663e-21
3.910276e+02;6.825940e-21
3.911276e+02;6.824218e-21
3.912276e+02;6.822497e-21
3.913276e+02;6.820776e-21
3.914276e+02;6.819057e-21
3.915276e+02;6.817338e-21
3.916276e+02;6.815621e-21
3.917276e+02;6.813904e-21
3.918276e+02;6.812188e-21
3.919276e+02;6.810472e-21
3.920276e+02;6.808758e-21
3.921276e+02;6.807045e-21
3.922276e+02;6.805332e-21
3.923277e+02;6.803620e-21
3.924277e+02;6.801910e-21
3.925277e+02;6.800200e-21
3.926277e+02;6.798490e-21
3.927277e+02;6.796782e-21
3.928277e+02;6.795075e-21
3.929277e+02;6.793368e-21
3.930277e+02;6.791663e-21
3.931277e+02;6.789958e-21
3.932277e+02;6.788254e-21
3.933277e+02;6.786551e-21
3.934277e+02;6.784848e-21
3.935277e+02;6.783147e-21
3.936277e+02;6.781446e-21
3.937277e+02;6.779747e-21
3.938277e+02;6.778048e-21
3.939277e+02;6.776350e-21
3.940277e+02;6.774653e-21
3.941277e+02;6.772956e-21
3.942277e+02;6.771261e-21
3.943277e+02;6.769566e-21
3.944277e+02;6.767872e-21
3.945278e+02;6.766179e-21
3.946278e+02;6.764487e-21
3.947278e+02;6.762796e-21
3.948278e+02;6.761106e-21
3.949278e+02;6.759416e-21
3.950278e+02;6.757727e-21
3.951278e+02;6.756040e-21
3.952278e+02;6.754353e-21
3.953278e+02;6.752666e-21
3.954278e+02;6.750981e-21
3.955278e+02;6.749297e-21
3.956278e+02;6.747613e-21
3.957278e+02;6.745930e-21
3.958278e+02;6.744248e-21
3.959278e+02;6.742567e-21
3.960278e+02;6.740887e-21
3.961278e+02;6.739207e-21
3.962278e+02;6.737529e-21
3.963278e+02;6.735851e-21
3.964278e+02;6.734174e-21
3.965278e+02;6.732498e-21
3.966278e+02;6.730822e-21
3.967279e+02;6.729148e-21
3.968279e+02;6.727474e-21
3.969279e+02;6.725802e-21
3.970279e+02;6.724130e-21
3.971279e+02;6.722458e-21
3.972279e+02;6.720788e-21
3.973279e+02;6.719119e-21
3.974279e+02;6.717450e-21
3.975279e+02;6.715782e-21
3.976279e+02;6.714115e-21
3.977279e+02;6.712449e-21
3.978279e+02;6.710784e-21
3.979279e+02;6.709119e-21
3.980279e+02;6.707456e-21
3.981279e+02;6.705793e-21
3.982279e+02;6.704131e-21
3.983279e+02;6.702469e-21
3.984279e+02;6.700809e-21
3.985279e+02;6.699150e-21
3.986279e+02;6.697491e-21
3.987279e+02;6.695833e-21
3.988279e+02;6.694176e-21
3.989280e+02;6.692519e-21
3.990280e+02;6.690864e-21
3.991280e+02;6.689209e-21
3.992280e+02;6.687556e-21
3.993280e+02;6.685903e-21
3.994280e+02;6.684250e-21
3.995280e+02;6.682599e-21
3.996280e+02;6.680948e-21
3.997280e+02;6.679299e-21
3.998280e+02;6.677650e-21
3.999280e+02;6.676002e-21
4.000280e+02;6.674354e-21
4.001280e+02;6.672708e-21
4.002280e+02;6.671062e-21
4.003280e+02;6.669417e-21
4.004280e+02;6.667773e-21
4.005280e+02;6.666130e-21
4.006280e+02;6.664487e-21
4.007280e+02;6.662846e-21
4.008280e+02;6.661205e-21
4.009280e+02;6.659565e-21
4.010280e+02;6.657926e-21
4.011281e+02;6.656287e-21
4.012281e+02;6.654650e-21
4.013281e+02;6.653013e-21
4.014281e+02;6.651377e-21
4.015281e+02;6.649742e-21
4.016281e+02;6.648107e-21
4.017281e+02;6.646474e-21
4.018281e+02;6.644841e-21
4.019281e+02;6.643209e-21
4.020281e+02;6.641578e-21
4.021281e+02;6.639948e-21
4.022281e+02;6.638318e-21
4.023281e+02;6.636689e-21
4.024281e+02;6.635061e-21
4.025281e+02;6.633434e-21
4.026281e+02;6.631808e-21
4.027281e+02;6.630182e-21
4.028281e+02;6.628557e-21
4.029281e+02;6.626933e-21
4.030281e+02;6.625310e-21
4.031281e+02;6.623688e-21
4.032281e+02;6.622066e-21
4.033281e+02;6.620445e-21
4.034282e+02;6.618825e-21
4.035282e+02;6.617206e-21
4.036282e+02;6.615588e-21
4.037282e+02;6.613970e-21
4.038282e+02;6.612353e-21
4.039282e+02;6.610737e-21
4.040282e+02;6.609122e-21
4.041282e+02;6.607507e-21
4.042282e+02;6.605894e-21
4.043282e+02;6.604281e-21
4.044282e+02;6.602669e-21
4.045282e+02;6.601057e-21
4.046282e+02;6.599447e-21
4.047282e+02;6.597837e-21
4.048282e+02;6.596228e-21
4.049282e+02;6.594620e-21
4.050282e+02;6.593012e-21
4.051282e+02;6.591406e-21
4.052282e+02;6.589800e-21
4.053282e+02;6.588195e-21
4.054282e+02;6.586590e-21
4.055282e+02;6.584987e-21
4.056283e+02;6.583384e-21
4.057283e+02;6.581782e-21
4.058283e+02;6.580181e-21
4.059283e+02;6.578581e-21
4.060283e+02;6.576981e-21
4.061283e+02;6.575382e-21
4.062283e+02;6.573784e-21
4.063283e+02;6.572187e-21
4.064283e+02;6.570590e-21
4.065283e+02;6.568995e-21
4.066283e+02;6.567400e-21
4.067283e+02;6.565806e-21
4.068283e+02;6.564212e-21
4.069283e+02;6.562620e-21
4.070283e+02;6.561028e-21
4.071283e+02;6.559437e-21
4.072283e+02;6.557846e-21
4.073283e+02;6.556257e-21
4.074283e+02;6.554668e-21
4.075283e+02;6.553080e-21
4.076283e+02;6.551493e-21
4.077283e+02;6.549906e-21
4.078284e+02;6.548321e-21
4.079284e+02;6.546736e-21
4.080284e+02;6.545151e-21
4.081284e+02;6.543568e-21
4.082284e+02;6.541985e-21
4.083284e+02;6.540404e-21
4.084284e+02;6.538822e-21
4.085284e+02;6.537242e-21
4.086284e+02;6.535663e-21
4.087284e+02;6.534084e-21
4.088284e+02;6.532506e-21
4.089284e+02;6.530928e-21
4.090284e+02;6.529352e-21
4.091284e+02;6.527776e-21
4.092284e+02;6.526201e-21
4.093284e+02;6.524627e-21
4.094284e+02;6.523053e-21
4.095284e+02;6.521481e-21
4.096284e+02;6.519909e-21
4.097284e+02;6.518337e-21
4.098284e+02;6.516767e-21
4.099284e+02;6.515197e-21
4.100285e+02;6.513628e-21
4.101285e+02;6.512060e-21
4.102285e+02;6.510493e-21
4.103285e+02;6.508926e-21
4.104285e+02;6.507360e-21
4.105285e+02;6.505795e-21
4.106285e+02;6.504230e-21
4.107285e+02;6.502667e-21
4.108285e+02;6.501104e-21
4.109285e+02;6.499542e-21
4.110285e+02;6.497980e-21
4.111285e+02;6.496419e-21
4.112285e+02;6.494860e-21
4.113285e+02;6.493300e-21
4.114285e+02;6.491742e-21
4.115285e+02;6.490184e-21
4.116285e+02;6.488627e-21
4.117285e+02;6.487071e-21
4.118285e+02;6.485516e-21
4.119285e+02;6.483961e-21
4.120285e+02;6.482407e-21
4.121285e+02;6.480854e-21
4.122285e+02;6.479301e-21
4.123286e+02;6.477750e-21
4.124286e+02;6.476199e-21
4.125286e+02;6.474648e-21
4.126286e+02;6.473099e-21
4.127286e+02;6.471550e-21
4.128286e+02;6.470002e-21
4.129286e+02;6.468455e-21
4.130286e+02;6.466908e-21
4.131286e+02;6.465363e-21
4.132286e+02;6.463818e-21
4.133286e+02;6.462273e-21
4.134286e+02;6.460730e-21
4.135286e+02;6.459187e-21
4.136286e+02;6.457645e-21
4.137286e+02;6.456103e-21
4.138286e+02;6.454563e-21
4.139286e+02;6.453023e-21
4.140286e+02;6.451484e-21
4.141286e+02;6.449945e-21
4.142286e+02;6.448407e-21
4.143286e+02;6.446870e-21
4.144286e+02;6.445334e-21
4.145287e+02;6.443799e-21
4.146287e+02;6.442264e-21
4.147287e+02;6.440730e-21
4.148287e+02;6.439197e-21
4.149287e+02;6.437664e-21
4.150287e+02;6.436132e-21
4.151287e+02;6.434601e-21
4.152287e+02;6.433071e-21
4.153287e+02;6.431541e-21
4.154287e+02;6.430012e-21
4.155287e+02;6.428484e-21
4.156287e+02;6.426956e-21
4.157287e+02;6.425430e-21
4.158287e+02;6.423904e-21
4.159287e+02;6.422378e-21
4.160287e+02;6.420854e-21
4.161287e+02;6.419330e-21
4.162287e+02;6.417807e-21
4.163287e+02;6.416284e-21
4.164287e+02;6.414762e-21
4.165287e+02;6.413241e-21
4.166287e+02;6.411721e-21
4.167288e+02;6.410202e-21
4.168288e+02;6.408683e-21
4.169288e+02;6.407165e-21
4.170288e+02;6.405647e-21
4.171288e+02;6.404131e-21
4.172288e+02;6.402615e-21
4.173288e+02;6.401100e-21
4.174288e+02;6.399585e-21
4.175288e+02;6.398071e-21
4.176288e+02;6.396558e-21
4.177288e+02;6.395046e-21
4.178288e+02;6.393534e-21
4.179288e+02;6.392023e-21
4.180288e+02;6.390513e-21
4.181288e+02;6.389003e-21
4.182288e+02;6.387495e-21
4.183288e+02;6.385987e-21
4.184288e+02;6.384479e-21
4.185288e+02;6.382973e-21
4.186288e+02;6.381467e-21
4.187288e+02;6.379961e-21
4.188288e+02;6.378457e-21
4.189289e+02;6.376953e-21
4.190289e+02;6.375450e-21
4.191289e+02;6.373947e-21
4.192289e+02;6.372446e-21
4.193289e+02;6.370945e-21
4.194289e+02;6.369445e-21
4.195289e+02;6.367945e-21
4.196289e+02;6.366446e-21
4.197289e+02;6.364948e-21
4.198289e+02;6.363450e-21
4.199289e+02;6.361954e-21
4.200289e+02;6.360458e-21
4.201289e+02;6.358962e-21
4.202289e+02;6.357468e-21
4.203289e+02;6.355974e-21
4.204289e+02;6.354480e-21
4.205289e+02;6.352988e-21
4.206289e+02;6.351496e-21
4.207289e+02;6.350005e-21
4.208289e+02;6.348514e-21
4.209289e+02;6.347025e-21
4.210289e+02;6.345536e-21
4.211290e+02;6.344047e-21
4.212290e+02;6.342560e-21
4.213290e+02;6.341073e-21
4.214290e+02;6.339586e-21
4.215290e+02;6.338101e-21
4.216290e+02;6.336616e-21
4.217290e+02;6.335132e-21
4.218290e+02;6.333648e-21
4.219290e+02;6.332166e-21
4.220290e+02;6.330683e-21
4.221290e+02;6.329202e-21
4.222290e+02;6.327721e-21
4.223290e+02;6.326241e-21
4.224290e+02;6.324762e-21
4.225290e+02;6.323283e-21
4.226290e+02;6.321806e-21
4.227290e+02;6.320328e-21
4.228290e+02;6.318852e-21
4.229290e+02;6.317376e-21
4.230290e+02;6.315901e-21
4.231290e+02;6.314426e-21
4.232290e+02;6.312952e-21
4.233290e+02;6.311479e-21
4.234291e+02;6.310007e-21
4.235291e+02;6.308535e-21
4.236291e+02;6.307064e-21
4.237291e+02;6.305594e-21
4.238291e+02;6.304124e-21
4.239291e+02;6.302655e-21
4.240291e+02;6.301187e-21
4.241291e+02;6.299719e-21
4.242291e+02;6.298252e-21
4.243291e+02;6.296786e-21
4.244291e+02;6.295320e-21
4.245291e+02;6.293855e-21
4.246291e+02;6.292391e-21
4.247291e+02;6.290928e-21
4.248291e+02;6.289465e-21
4.249291e+02;6.288003e-21
4.250291e+02;6.286541e-21
4.251291e+02;6.285080e-21
4.252291e+02;6.283620e-21
4.253291e+02;6.282161e-21
4.254291e+02;6.280702e-21
4.255291e+02;6.279244e-21
4.256292e+02;6.277786e-21
4.257292e+02;6.276330e-21
4.258292e+02;6.274874e-21
4.259292e+02;6.273418e-21
4.260292e+02;6.271963e-21
4.261292e+02;6.270509e-21
4.262292e+02;6.269056e-21
4.263292e+02;6.267603e-21
4.264292e+02;6.266151e-21
4.265292e+02;6.264700e-21
4.266292e+02;6.263249e-21
4.267292e+02;6.261799e-21
4.268292e+02;6.260350e-21
4.269292e+02;6.258901e-21
4.270292e+02;6.257453e-21
4.271292e+02;6.256006e-21
4.272292e+02;6.254559e-21
4.273292e+02;6.253113e-21
4.274292e+02;6.251668e-21
4.275292e+02;6.250223e-21
4.276292e+02;6.248779e-21
4.277292e+02;6.247336e-21
4.278293e+02;6.245893e-21
4.279293e+02;6.244451e-21
4.280293e+02;6.243010e-21
4.281293e+02;6.241569e-21
4.282293e+02;6.240129e-21
4.283293e+02;6.238690e-21
4.284293e+02;6.237251e-21
4.285293e+02;6.235813e-21
4.286293e+02;6.234376e-21
4.287293e+02;6.232939e-21
4.288293e+02;6.231503e-21
4.289293e+02;6.230068e-21
4.290293e+02;6.228633e-21
4.291293e+02;6.227199e-21
4.292293e+02;6.225765e-21
4.293293e+02;6.224333e-21
4.294293e+02;6.222901e-21
4.295293e+02;6.221469e-21
4.296293e+02;6.220038e-21
4.297293e+02;6.218608e-21
4.298293e+02;6.217179e-21
4.299293e+02;6.215750e-21
4.300294e+02;6.214322e-21
4.301294e+02;6.212895e-21
4.302294e+02;6.211468e-21
4.303294e+02;6.210042e-21
4.304294e+02;6.208616e-21
4.305294e+02;6.207191e-21
4.306294e+02;6.205767e-21
4.307294e+02;6.204344e-21
4.308294e+02;6.202921e-21
4.309294e+02;6.201498e-21
4.310294e+02;6.200077e-21
4.311294e+02;6.198656e-21
4.312294e+02;6.197236e-21
4.313294e+02;6.195816e-21
4.314294e+02;6.194397e-21
4.315294e+02;6.192979e-21
4.316294e+02;6.191561e-21
4.317294e+02;6.190144e-21
4.318294e+02;6.188728e-21
4.319294e+02;6.187312e-21
4.320294e+02;6.185897e-21
4.321294e+02;6.184482e-21
4.322294e+02;6.183068e-21
4.323295e+02;6.181655e-21
4.324295e+02;6.180243e-21
4.325295e+02;6.178831e-21
4.326295e+02;6.177420e-21
4.327295e+02;6.176009e-21
4.328295e+02;6.174599e-21
4.329295e+02;6.173190e-21
4.330295e+02;6.171781e-21
4.331295e+02;6.170373e-21
4.332295e+02;6.168966e-21
4.333295e+02;6.167559e-21
4.334295e+02;6.166153e-21
4.335295e+02;6.164748e-21
4.336295e+02;6.163343e-21
4.337295e+02;6.161939e-21
4.338295e+02;6.160535e-21
4.339295e+02;6.159132e-21
4.340295e+02;6.157730e-21
4.341295e+02;6.156329e-21
4.342295e+02;6.154928e-21
4.343295e+02;6.153527e-21
4.344295e+02;6.152128e-21
4.345296e+02;6.150728e-21
4.346296e+02;6.149330e-21
4.347296e+02;6.147932e-21
4.348296e+02;6.146535e-21
4.349296e+02;6.145139e-21
4.350296e+02;6.143743e-21
4.351296e+02;6.142347e-21
4.352296e+02;6.140953e-21
4.353296e+02;6.139559e-21
4.354296e+02;6.138166e-21
4.355296e+02;6.136773e-21
4.356296e+02;6.135381e-21
4.357296e+02;6.133989e-21
4.358296e+02;6.132598e-21
4.359296e+02;6.131208e-21
4.360296e+02;6.129819e-21
4.361296e+02;6.128430e-21
4.362296e+02;6.127041e-21
4.363296e+02;6.125654e-21
4.364296e+02;6.124267e-21
4.365296e+02;6.122880e-21
4.366296e+02;6.121495e-21
4.367297e+02;6.120109e-21
4.368297e+02;6.118725e-21
4.369297e+02;6.117341e-21
4.370297e+02;6.115958e-21
4.371297e+02;6.114575e-21
4.372297e+02;6.113193e-21
4.373297e+02;6.111812e-21
4.374297e+02;6.110431e-21
4.375297e+02;6.109051e-21
4.376297e+02;6.107671e-21
4.377297e+02;6.106292e-21
4.378297e+02;6.104914e-21
4.379297e+02;6.103536e-21
4.380297e+02;6.102159e-21
4.381297e+02;6.100783e-21
4.382297e+02;6.099407e-21
4.383297e+02;6.098032e-21
4.384297e+02;6.096657e-21
4.385297e+02;6.095283e-21
4.386297e+02;6.093910e-21
4.387297e+02;6.092537e-21
4.388297e+02;6.091165e-21
4.389298e+02;6.089794e-21
4.390298e+02;6.088423e-21
4.391298e+02;6.087052e-21
4.392298e+02;6.085683e-21
4.393298e+02;6.084314e-21
4.394298e+02;6.082945e-21
4.395298e+02;6.081578e-21
4.396298e+02;6.080210e-21
4.397298e+02;6.078844e-21
4.398298e+02;6.077478e-21
4.399298e+02;6.076113e-21
4.400298e+02;6.074748e-21
4.401298e+02;6.073384e-21
4.402298e+02;6.072020e-21
4.403298e+02;6.070657e-21
4.404298e+02;6.069295e-21
4.405298e+02;6.067933e-21
4.406298e+02;6.066572e-21
4.407298e+02;6.065212e-21
4.408298e+02;6.063852e-21
4.409298e+02;6.062493e-21
4.410298e+02;6.061134e-21
4.411299e+02;6.059776e-21
4.412299e+02;6.058419e-21
4.413299e+02;6.057062e-21
4.414299e+02;6.055706e-21
4.415299e+02;6.054350e-21
4.416299e+02;6.052995e-21
4.417299e+02;6.051641e-21
4.418299e+02;6.050287e-21
4.419299e+02;6.048934e-21
4.420299e+02;6.047582e-21
4.421299e+02;6.046230e-21
4.422299e+02;6.044878e-21
4.423299e+02;6.043528e-21
4.424299e+02;6.042178e-21
4.425299e+02;6.040828e-21
4.426299e+02;6.039479e-21
4.427299e+02;6.038131e-21
4.428299e+02;6.036783e-21
4.429299e+02;6.035436e-21
4.430299e+02;6.034089e-21
4.431299e+02;6.032744e-21
4.432299e+02;6.031398e-21
4.433299e+02;6.030054e-21
4.434300e+02;6.028709e-21
4.435300e+02;6.027366e-21
4.436300e+02;6.026023e-21
4.437300e+02;6.024681e-21
4.438300e+02;6.023339e-21
4.439300e+02;6.021998e-21
4.440300e+02;6.020657e-21
4.441300e+02;6.019317e-21
4.442300e+02;6.017978e-21
4.443300e+02;6.016639e-21
4.444300e+02;6.015301e-21
4.445300e+02;6.013964e-21
4.446300e+02;6.012627e-21
4.447300e+02;6.011290e-21
4.448300e+02;6.009955e-21
4.449300e+02;6.008619e-21
4.450300e+02;6.007285e-21
4.451300e+02;6.005951e-21
4.452300e+02;6.004617e-21
4.453300e+02;6.003285e-21
4.454300e+02;6.001952e-21
4.455300e+02;6.000621e-21
4.456301e+02;5.999290e-21
4.457301e+02;5.997959e-21
4.458301e+02;5.996629e-21
4.459301e+02;5.995300e-21
4.460301e+02;5.993971e-21
4.461301e+02;5.992643e-21
4.462301e+02;5.991316e-21
4.463301e+02;5.989989e-21
4.464301e+02;5.988663e-21
4.465301e+02;5.987337e-21
4.466301e+02;5.986012e-21
4.467301e+02;5.984687e-21
4.468301e+02;5.983363e-21
4.469301e+02;5.982040e-21
4.470301e+02;5.980717e-21
4.471301e+02;5.979395e-21
4.472301e+02;5.978073e-21
4.473301e+02;5.976752e-21
4.474301e+02;5.975432e-21
4.475301e+02;5.974112e-21
4.476301e+02;5.972792e-21
4.477301e+02;5.971474e-21
4.478302e+02;5.970156e-21
4.479302e+02;5.968838e-21
4.480302e+02;5.967521e-21
4.481302e+02;5.966205e-21
4.482302e+02;5.964889e-21
4.483302e+02;5.963574e-21
4.484302e+02;5.962259e-21
4.485302e+02;5.960945e-21
4.486302e+02;5.959631e-21
4.487302e+02;5.958318e-21
4.488302e+02;5.957006e-21
4.489302e+02;5.955694e-21
4.490302e+02;5.954383e-21
4.491302e+02;5.953073e-21
4.492302e+02;5.951763e-21
4.493302e+02;5.950453e-21
4.494302e+02;5.949144e-21
4.495302e+02;5.947836e-21
4.496302e+02;5.946528e-21
4.497302e+02;5.945221e-21
4.498302e+02;5.943914e-21
4.499302e+02;5.942608e-21
4.500303e+02;5.941303e-21
4.501303e+02;5.939998e-21
4.502303e+02;5.938694e-21
4.503303e+02;5.937390e-21
4.504303e+02;5.936087e-21
4.505303e+02;5.934784e-21
4.506303e+02;5.933482e-21
4.507303e+02;5.932181e-21
4.508303e+02;5.930880e-21
4.509303e+02;5.929580e-21
4.510303e+02;5.928280e-21
4.511303e+02;5.926981e-21
4.512303e+02;5.925682e-21
4.513303e+02;5.924384e-21
4.514303e+02;5.923087e-21
4.515303e+02;5.921790e-21
4.516303e+02;5.920494e-21
4.517303e+02;5.919198e-21
4.518303e+02;5.917903e-21
4.519303e+02;5.916608e-21
4.520303e+02;5.915314e-21
4.521303e+02;5.914021e-21
4.522304e+02;5.912728e-21
4.523304e+02;5.911435e-21
4.524304e+02;5.910144e-21
4.525304e+02;5.908852e-21
4.526304e+02;5.907562e-21
4.527304e+02;5.906272e-21
4.528304e+02;5.904982e-21
4.529304e+02;5.903693e-21
4.530304e+02;5.902405e-21
4.531304e+02;5.901117e-21
4.532304e+02;5.899830e-21
4.533304e+02;5.898543e-21
4.534304e+02;5.897257e-21
4.535304e+02;5.895971e-21
4.536304e+02;5.894686e-21
4.537304e+02;5.893402e-21
4.538304e+02;5.892118e-21
4.539304e+02;5.890834e-21
4.540304e+02;5.889552e-21
4.541304e+02;5.888269e-21
4.542304e+02;5.886988e-21
4.543304e+02;5.885707e-21
4.544304e+02;5.884426e-21
4.545305e+02;5.883146e-21
4.546305e+02;5.881866e-21
4.547305e+02;5.880588e-21
4.548305e+02;5.879309e-21
4.549305e+02;5.878031e-21
4.550305e+02;5.876754e-21
4.551305e+02;5.875478e-21
4.552305e+02;5.874201e-21
4.553305e+02;5.872926e-21
4.554305e+02;5.871651e-21
4.555305e+02;5.870376e-21
4.556305e+02;5.869102e-21
4.557305e+02;5.867829e-21
4.558305e+02;5.866556e-21
4.559305e+02;5.865284e-21
4.560305e+02;5.864012e-21
4.561305e+02;5.862741e-21
4.562305e+02;5.861471e-21
4.563305e+02;5.860201e-21
4.564305e+02;5.858931e-21
4.565305e+02;5.857662e-21
4.566305e+02;5.856394e-21
4.567306e+02;5.855126e-21
4.568306e+02;5.853859e-21
4.569306e+02;5.852592e-21
4.570306e+02;5.851326e-21
4.571306e+02;5.850060e-21
4.572306e+02;5.848795e-21
4.573306e+02;5.847530e-21
4.574306e+02;5.846266e-21
4.575306e+02;5.845003e-21
4.576306e+02;5.843740e-21
4.577306e+02;5.842477e-21
4.578306e+02;5.841216e-21
4.579306e+02;5.839954e-21
4.580306e+02;5.838694e-21
4.581306e+02;5.837433e-21
4.582306e+02;5.836174e-21
4.583306e+02;5.834915e-21
4.584306e+02;5.833656e-21
4.585306e+02;5.832398e-21
4.586306e+02;5.831140e-21
4.587306e+02;5.829884e-21
4.588306e+02;5.828627e-21
4.589307e+02;5.827371e-21
4.590307e+02;5.826116e-21
4.591307e+02;5.824861e-21
4.592307e+02;5.823607e-21
4.593307e+02;5.822353e-21
4.594307e+02;5.821100e-21
4.595307e+02;5.819847e-21
4.596307e+02;5.818595e-21
4.597307e+02;5.817344e-21
4.598307e+02;5.816093e-21
4.599307e+02;5.814842e-21
4.600307e+02;5.813592e-21
4.601307e+02;5.812343e-21
4.602307e+02;5.811094e-21
4.603307e+02;5.809846e-21
4.604307e+02;5.808598e-21
4.605307e+02;5.807351e-21
4.606307e+02;5.806104e-21
4.607307e+02;5.804858e-21
4.608307e+02;5.803612e-21
4.609307e+02;5.802367e-21
4.610307e+02;5.801122e-21
4.611308e+02;5.799878e-21
4.612308e+02;5.798635e-21
4.613308e+02;5.797392e-21
4.614308e+02;5.796150e-21
4.615308e+02;5.794908e-21
4.616308e+02;5.793666e-21
4.617308e+02;5.792425e-21
4.618308e+02;5.791185e-21
4.619308e+02;5.789945e-21
4.620308e+02;5.788706e-21
4.621308e+02;5.787467e-21
4.622308e+02;5.786229e-21
4.623308e+02;5.784991e-21
4.624308e+02;5.783754e-21
4.625308e+02;5.782518e-21
4.626308e+02;5.781282e-21
4.627308e+02;5.780046e-21
4.628308e+02;5.778811e-21
4.629308e+02;5.777576e-21
4.630308e+02;5.776342e-21
4.631308e+02;5.775109e-21
4.632308e+02;5.773876e-21
4.633308e+02;5.772644e-21
4.634309e+02;5.771412e-21
4.635309e+02;5.770181e-21
4.636309e+02;5.768950e-21
4.637309e+02;5.767719e-21
4.638309e+02;5.766490e-21
4.639309e+02;5.765260e-21
4.640309e+02;5.764032e-21
4.641309e+02;5.762803e-21
4.642309e+02;5.761576e-21
4.643309e+02;5.760349e-21
4.644309e+02;5.759122e-21
4.645309e+02;5.757896e-21
4.646309e+02;5.756670e-21
4.647309e+02;5.755445e-21
4.648309e+02;5.754221e-21
4.649309e+02;5.752997e-21
4.650309e+02;5.751773e-21
4.651309e+02;5.750550e-21
4.652309e+02;5.749328e-21
4.653309e+02;5.748106e-21
4.654309e+02;5.746884e-21
4.655309e+02;5.745663e-21
4.656310e+02;5.744443e-21
4.657310e+02;5.743223e-21
4.658310e+02;5.742004e-21
4.659310e+02;5.740785e-21
4.660310e+02;5.739567e-21
4.661310e+02;5.738349e-21
4.662310e+02;5.737132e-21
4.663310e+02;5.735915e-21
4.664310e+02;5.734699e-21
4.665310e+02;5.733483e-21
4.666310e+02;5.732268e-21
4.667310e+02;5.731053e-21
4.668310e+02;5.729839e-21
4.669310e+02;5.728625e-21
4.670310e+02;5.727412e-21
4.671310e+02;5.726199e-21
4.672310e+02;5.724987e-21
4.673310e+02;5.723775e-21
4.674310e+02;5.722564e-21
4.675310e+02;5.721354e-21
4.676310e+02;5.720144e-21
4.677310e+02;5.718934e-21
4.678311e+02;5.717725e-21
4.679311e+02;5.716516e-21
4.680311e+02;5.715308e-21
4.681311e+02;5.714101e-21
4.682311e+02;5.712894e-21
4.683311e+02;5.711687e-21
4.684311e+02;5.710481e-21
4.685311e+02;5.709276e-21
4.686311e+02;5.708071e-21
4.687311e+02;5.706866e-21
4.688311e+02;5.705662e-21
4.689311e+02;5.704459e-21
4.690311e+02;5.703256e-21
4.691311e+02;5.702054e-21
4.692311e+02;5.700852e-21
4.693311e+02;5.699650e-21
4.694311e+02;5.698449e-21
4.695311e+02;5.697249e-21
4.696311e+02;5.696049e-21
4.697311e+02;5.694850e-21
4.698311e+02;5.693651e-21
4.699311e+02;5.692452e-21
4.700312e+02;5.691254e-21
4.701312e+02;5.690057e-21
4.702312e+02;5.688860e-21
4.703312e+02;5.687664e-21
4.704312e+02;5.686468e-21
4.705312e+02;5.685272e-21
4.706312e+02;5.684077e-21
4.707312e+02;5.682883e-21
4.708312e+02;5.681689e-21
4.709312e+02;5.680496e-21
4.710312e+02;5.679303e-21
4.711312e+02;5.678111e-21
4.712312e+02;5.676919e-21
4.713312e+02;5.675727e-21
4.714312e+02;5.674536e-21
4.715312e+02;5.673346e-21
4.716312e+02;5.672156e-21
4.717312e+02;5.670967e-21
4.718312e+02;5.669778e-21
4.719312e+02;5.668590e-21
4.720312e+02;5.667402e-21
4.721312e+02;5.666214e-21
4.722313e+02;5.665027e-21
4.723313e+02;5.663841e-21
4.724313e+02;5.662655e-21
4.725313e+02;5.661470e-21
4.726313e+02;5.660285e-21
4.727313e+02;5.659100e-21
4.728313e+02;5.657916e-21
4.729313e+02;5.656733e-21
4.730313e+02;5.655550e-21
4.731313e+02;5.654368e-21
4.732313e+02;5.653186e-21
4.733313e+02;5.652004e-21
4.734313e+02;5.650823e-21
4.735313e+02;5.649643e-21
4.736313e+02;5.648463e-21
4.737313e+02;5.647284e-21
4.738313e+02;5.646105e-21
4.739313e+02;5.644926e-21
4.740313e+02;5.643748e-21
4.741313e+02;5.642571e-21
4.742313e+02;5.641394e-21
4.743313e+02;5.640217e-21
4.744313e+02;5.639041e-21
4.745314e+02;5.637865e-21
4.746314e+02;5.636690e-21
4.747314e+02;5.635516e-21
4.748314e+02;5.634342e-21
4.749314e+02;5.633168e-21
4.750314e+02;5.631995e-21
4.751314e+02;5.630823e-21
4.752314e+02;5.629650e-21
4.753314e+02;5.628479e-21
4.754314e+02;5.627308e-21
4.755314e+02;5.626137e-21
4.756314e+02;5.624967e-21
4.757314e+02;5.623797e-21
4.758314e+02;5.622628e-21
4.759314e+02;5.621459e-21
4.760314e+02;5.620291e-21
4.761314e+02;5.619123e-21
4.762314e+02;5.617956e-21
4.763314e+02;5.616789e-21
4.764314e+02;5.615623e-21
4.765314e+02;5.614457e-21
4.766314e+02;5.613292e-21
4.767315e+02;5.612127e-21
4.768315e+02;5.610963e-21
4.769315e+02;5.609799e-21
4.770315e+02;5.608635e-21
4.771315e+02;5.607473e-21
4.772315e+02;5.606310e-21
4.773315e+02;5.605148e-21
4.774315e+02;5.603987e-21
4.775315e+02;5.602826e-21
4.776315e+02;5.601665e-21
4.777315e+02;5.600505e-21
4.778315e+02;5.599346e-21
4.779315e+02;5.598187e-21
4.780315e+02;5.597028e-21
4.781315e+02;5.595870e-21
4.782315e+02;5.594712e-21
4.783315e+02;5.593555e-21
4.784315e+02;5.592399e-21
4.785315e+02;5.591242e-21
4.786315e+02;5.590087e-21
4.787315e+02;5.588931e-21
4.788315e+02;5.587777e-21
4.789316e+02;5.586622e-21
4.790316e+02;5.585469e-21
4.791316e+02;5.584315e-21
4.792316e+02;5.583162e-21
4.793316e+02;5.582010e-21
4.794316e+02;5.580858e-21
4.795316e+02;5.579707e-21
4.796316e+02;5.578556e-21
4.797316e+02;5.577405e-21
4.798316e+02;5.576255e-21
4.799316e+02;5.575106e-21
4.800316e+02;5.573957e-21
4.801316e+02;5.572808e-21
4.802316e+02;5.571660e-21
4.803316e+02;5.570512e-21
4.804316e+02;5.569365e-21
4.805316e+02;5.568219e-21
4.806316e+02;5.567072e-21
4.807316e+02;5.565927e-21
4.808316e+02;5.564781e-21
4.809316e+02;5.563637e-21
4.810316e+02;5.562492e-21
4.811317e+02;5.561348e-21
4.812317e+02;5.560205e-21
4.813317e+02;5.559062e-21
4.814317e+02;5.557920e-21
4.815317e+02;5.556778e-21
4.816317e+02;5.555636e-21
4.817317e+02;5.554495e-21
4.818317e+02;5.553355e-21
4.819317e+02;5.552215e-21
4.820317e+02;5.551075e-21
4.821317e+02;5.549936e-21
4.822317e+02;5.548797e-21
4.823317e+02;5.547659e-21
4.824317e+02;5.546521e-21
4.825317e+02;5.545384e-21
4.826317e+02;5.544247e-21
4.827317e+02;5.543110e-21
4.828317e+02;5.541975e-21
4.829317e+02;5.540839e-21
4.830317e+02;5.539704e-21
4.831317e+02;5.538570e-21
4.832317e+02;5.537436e-21
4.833317e+02;5.536302e-21
4.834318e+02;5.535169e-21
4.835318e+02;5.534036e-21
4.836318e+02;5.532904e-21
4.837318e+02;5.531772e-21
4.838318e+02;5.530641e-21
4.839318e+02;5.529510e-21
4.840318e+02;5.528380e-21
4.841318e+02;5.527250e-21
4.842318e+02;5.526121e-21
4.843318e+02;5.524992e-21
4.844318e+02;5.523863e-21
4.845318e+02;5.522735e-21
4.846318e+02;5.521608e-21
4.847318e+02;5.520480e-21
4.848318e+02;5.519354e-21
4.849318e+02;5.518228e-21
4.850318e+02;5.517102e-21
4.851318e+02;5.515977e-21
4.852318e+02;5.514852e-21
4.853318e+02;5.513727e-21
4.854318e+02;5.512604e-21
4.855318e+02;5.511480e-21
4.856319e+02;5.510357e-21
4.857319e+02;5.509235e-21
4.858319e+02;5.508113e-21
4.859319e+02;5.506991e-21
4.860319e+02;5.505870e-21
4.861319e+02;5.504749e-21
4.862319e+02;5.503629e-21
4.863319e+02;5.502509e-21
4.864319e+02;5.501390e-21
4.865319e+02;5.500271e-21
4.866319e+02;5.499152e-21
4.867319e+02;5.498034e-21
4.868319e+02;5.496917e-21
4.869319e+02;5.495800e-21
4.870319e+02;5.494683e-21
4.871319e+02;5.493567e-21
4.872319e+02;5.492451e-21
4.873319e+02;5.491336e-21
4.874319e+02;5.490221e-21
4.875319e+02;5.489107e-21
4.876319e+02;5.487993e-21
4.877319e+02;5.486880e-21
4.878320e+02;5.485767e-21
4.879320e+02;5.484654e-21
4.880320e+02;5.483542e-21
4.881320e+02;5.482430e-21
4.882320e+02;5.481319e-21
4.883320e+02;5.480209e-21
4.884320e+02;5.479098e-21
4.885320e+02;5.477988e-21
4.886320e+02;5.476879e-21
4.887320e+02;5.475770e-21
4.888320e+02;5.474662e-21
4.889320e+02;5.473554e-21
4.890320e+02;5.472446e-21
4.891320e+02;5.471339e-21
4.892320e+02;5.470232e-21
4.893320e+02;5.469126e-21
4.894320e+02;5.468020e-21
4.895320e+02;5.466915e-21
4.896320e+02;5.465810e-21
4.897320e+02;5.464705e-21
4.898320e+02;5.463601e-21
4.899320e+02;5.462498e-21
4.900321e+02;5.461395e-21
4.901321e+02;5.460292e-21
4.902321e+02;5.459190e-21
4.903321e+02;5.458088e-21
4.904321e+02;5.456987e-21
4.905321e+02;5.455886e-21
4.906321e+02;5.454785e-21
4.907321e+02;5.453685e-21
4.908321e+02;5.452586e-21
4.909321e+02;5.451487e-21
4.910321e+02;5.450388e-21
4.911321e+02;5.449290e-21
4.912321e+02;5.448192e-21
4.913321e+02;5.447095e-21
4.914321e+02;5.445998e-21
4.915321e+02;5.444901e-21
4.916321e+02;5.443805e-21
4.917321e+02;5.442710e-21
4.918321e+02;5.441614e-21
4.919321e+02;5.440520e-21
4.920321e+02;5.439425e-21
4.921321e+02;5.438332e-21
4.922322e+02;5.437238e-21
4.923322e+02;5.436145e-21
4.924322e+02;5.435053e-21
4.925322e+02;5.433961e-21
4.926322e+02;5.432869e-21
4.927322e+02;5.431778e-21
4.928322e+02;5.430687e-21
4.929322e+02;5.429597e-21
4.930322e+02;5.428507e-21
4.931322e+02;5.427417e-21
4.932322e+02;5.426328e-21
4.933322e+02;5.425240e-21
4.934322e+02;5.424152e-21
4.935322e+02;5.423064e-21
4.936322e+02;5.421977e-21
4.937322e+02;5.420890e-21
4.938322e+02;5.419804e-21
4.939322e+02;5.418718e-21
4.940322e+02;5.417632e-21
4.941322e+02;5.416547e-21
4.942322e+02;5.415462e-21
4.943322e+02;5.414378e-21
4.944322e+02;5.413294e-21
4.945323e+02;5.412211e-21
4.946323e+02;5.411128e-21
4.947323e+02;5.410046e-21
4.948323e+02;5.408964e-21
4.949323e+02;5.407882e-21
4.950323e+02;5.406801e-21
4.951323e+02;5.405720e-21
4.952323e+02;5.404640e-21
4.953323e+02;5.403560e-21
4.954323e+02;5.402480e-21
4.955323e+02;5.401401e-21
4.956323e+02;5.400323e-21
4.957323e+02;5.399245e-21
4.958323e+02;5.398167e-21
4.959323e+02;5.397089e-21
4.960323e+02;5.396013e-21
4.961323e+02;5.394936e-21
4.962323e+02;5.393860e-21
4.963323e+02;5.392785e-21
4.964323e+02;5.391709e-21
4.965323e+02;5.390635e-21
4.966323e+02;5.389560e-21
4.967324e+02;5.388486e-21
4.968324e+02;5.387413e-21
4.969324e+02;5.386340e-21
4.970324e+02;5.385267e-21
4.971324e+02;5.384195e-21
4.972324e+02;5.383124e-21
4.973324e+02;5.382052e-21
4.974324e+02;5.380981e-21
4.975324e+02;5.379911e-21
4.976324e+02;5.378841e-21
4.977324e+02;5.377771e-21
4.978324e+02;5.376702e-21
4.979324e+02;5.375633e-21
4.980324e+02;5.374565e-21
4.981324e+02;5.373497e-21
4.982324e+02;5.372430e-21
4.983324e+02;5.371362e-21
4.984324e+02;5.370296e-21
4.985324e+02;5.369230e-21
4.986324e+02;5.368164e-21
4.987324e+02;5.367098e-21
4.988324e+02;5.366033e-21
4.989325e+02;5.364969e-21
4.990325e+02;5.363905e-21
4.991325e+02;5.362841e-21
4.992325e+02;5.361778e-21
4.993325e+02;5.360715e-21
4.994325e+02;5.359653e-21
4.995325e+02;5.358591e-21
4.996325e+02;5.357529e-21
4.997325e+02;5.356468e-21
4.998325e+02;5.355407e-21
4.999325e+02;5.354347e-21
5.000325e+02;5.353287e-21
5.001325e+02;5.352228e-21
5.002325e+02;5.351168e-21
5.003325e+02;5.350110e-21
5.004325e+02;5.349052e-21
5.005325e+02;5.347994e-21
5.006325e+02;5.346936e-21
5.007325e+02;5.345879e-21
5.008325e+02;5.344823e-21
5.009325e+02;5.343767e-21
5.010325e+02;5.342711e-21
5.011326e+02;5.341656e-21
5.012326e+02;5.340601e-21
5.013326e+02;5.339546e-21
5.014326e+02;5.338492e-21
5.015326e+02;5.337439e-21
5.016326e+02;5.336386e-21
5.017326e+02;5.335333e-21
5.018326e+02;5.334280e-21
5.019326e+02;5.333228e-21
5.020326e+02;5.332177e-21
5.021326e+02;5.331126e-21
5.022326e+02;5.330075e-21
5.023326e+02;5.329025e-21
5.024326e+02;5.327975e-21
5.025326e+02;5.326925e-21
5.026326e+02;5.325876e-21
5.027326e+02;5.324828e-21
5.028326e+02;5.323779e-21
5.029326e+02;5.322731e-21
5.030326e+02;5.321684e-21
5.031326e+02;5.320637e-21
5.032326e+02;5.319590e-21
5.033326e+02;5.318544e-21
5.034327e+02;5.317498e-21
5.035327e+02;5.316453e-21
5.036327e+02;5.315408e-21
5.037327e+02;5.314364e-21
5.038327e+02;5.313319e-21
5.039327e+02;5.312276e-21
5.040327e+02;5.311232e-21
5.041327e+02;5.310189e-21
5.042327e+02;5.309147e-21
5.043327e+02;5.308105e-21
5.044327e+02;5.307063e-21
5.045327e+02;5.306022e-21
5.046327e+02;5.304981e-21
5.047327e+02;5.303941e-21
5.048327e+02;5.302901e-21
5.049327e+02;5.301861e-21
5.050327e+02;5.300822e-21
5.051327e+02;5.299783e-21
5.052327e+02;5.298744e-21
5.053327e+02;5.297706e-21
5.054327e+02;5.296669e-21
5.055327e+02;5.295632e-21
5.056328e+02;5.294595e-21
5.057328e+02;5.293559e-21
5.058328e+02;5.292523e-21
5.059328e+02;5.291487e-21
5.060328e+02;5.290452e-21
5.061328e+02;5.289417e-21
5.062328e+02;5.288383e-21
5.063328e+02;5.287349e-21
5.064328e+02;5.286315e-21
5.065328e+02;5.285282e-21
5.066328e+02;5.284249e-21
5.067328e+02;5.283217e-21
5.068328e+02;5.282185e-21
5.069328e+02;5.281153e-21
5.070328e+02;5.280122e-21
5.071328e+02;5.279092e-21
5.072328e+02;5.278061e-21
5.073328e+02;5.277031e-21
5.074328e+02;5.276002e-21
5.075328e+02;5.274973e-21
5.076328e+02;5.273944e-21
5.077328e+02;5.272916e-21
5.078329e+02;5.271888e-21
5.079329e+02;5.270860e-21
5.080329e+02;5.269833e-21
5.081329e+02;5.268806e-21
5.082329e+02;5.267780e-21
5.083329e+02;5.266754e-21
5.084329e+02;5.265729e-21
5.085329e+02;5.264704e-21
5.086329e+02;5.263679e-21
5.087329e+02;5.262654e-21
5.088329e+02;5.261631e-21
5.089329e+02;5.260607e-21
5.090329e+02;5.259584e-21
5.091329e+02;5.258561e-21
5.092329e+02;5.257539e-21
5.093329e+02;5.256517e-21
5.094329e+02;5.255495e-21
5.095329e+02;5.254474e-21
5.096329e+02;5.253453e-21
5.097329e+02;5.252433e-21
5.098329e+02;5.251413e-21
5.099329e+02;5.250394e-21
5.100330e+02;5.249374e-21
5.101330e+02;5.248356e-21
5.102330e+02;5.247337e-21
5.103330e+02;5.246319e-21
5.104330e+02;5.245302e-21
5.105330e+02;5.244285e-21
5.106330e+02;5.243268e-21
5.107330e+02;5.242251e-21
5.108330e+02;5.241235e-21
5.109330e+02;5.240220e-21
5.110330e+02;5.239205e-21
5.111330e+02;5.238190e-21
5.112330e+02;5.237175e-21
5.113330e+02;5.236161e-21
5.114330e+02;5.235148e-21
5.115330e+02;5.234134e-21
5.116330e+02;5.233121e-21
5.117330e+02;5.232109e-21
5.118330e+02;5.231097e-21
5.119330e+02;5.230085e-21
5.120330e+02;5.229074e-21
5.121330e+02;5.228063e-21
5.122331e+02;5.227053e-21
5.123331e+02;5.226042e-21
5.124331e+02;5.225033e-21
5.125331e+02;5.224023e-21
5.126331e+02;5.223014e-21
5.127331e+02;5.222006e-21
5.128331e+02;5.220998e-21
5.129331e+02;5.219990e-21
5.130331e+02;5.218982e-21
5.131331e+02;5.217975e-21
5.132331e+02;5.216969e-21
5.133331e+02;5.215963e-21
5.134331e+02;5.214957e-21
5.135331e+02;5.213951e-21
5.136331e+02;5.212946e-21
5.137331e+02;5.211942e-21
5.138331e+02;5.210937e-21
5.139331e+02;5.209933e-21
5.140331e+02;5.208930e-21
5.141331e+02;5.207927e-21
5.142331e+02;5.206924e-21
5.143331e+02;5.205922e-21
5.144331e+02;5.204920e-21
5.145332e+02;5.203918e-21
5.146332e+02;5.202917e-21
5.147332e+02;5.201916e-21
5.148332e+02;5.200916e-21
5.149332e+02;5.199915e-21
5.150332e+02;5.198916e-21
5.151332e+02;5.197917e-21
5.152332e+02;5.196918e-21
5.153332e+02;5.195919e-21
5.154332e+02;5.194921e-21
5.155332e+02;5.193923e-21
5.156332e+02;5.192926e-21
5.157332e+02;5.191929e-21
5.158332e+02;5.190932e-21
5.159332e+02;5.189936e-21
5.160332e+02;5.188940e-21
5.161332e+02;5.187945e-21
5.162332e+02;5.186950e-21
5.163332e+02;5.185955e-21
5.164332e+02;5.184961e-21
5.165332e+02;5.183967e-21
5.166332e+02;5.182973e-21
5.167333e+02;5.181980e-21
5.168333e+02;5.180987e-21
5.169333e+02;5.179995e-21
5.170333e+02;5.179003e-21
5.171333e+02;5.178011e-21
5.172333e+02;5.177020e-21
5.173333e+02;5.176029e-21
5.174333e+02;5.175038e-21
5.175333e+02;5.174048e-21
5.176333e+02;5.173059e-21
5.177333e+02;5.172069e-21
5.178333e+02;5.171080e-21
5.179333e+02;5.170092e-21
5.180333e+02;5.169103e-21
5.181333e+02;5.168116e-21
5.182333e+02;5.167128e-21
5.183333e+02;5.166141e-21
5.184333e+02;5.165154e-21
5.185333e+02;5.164168e-21
5.186333e+02;5.163182e-21
5.187333e+02;5.162196e-21
5.188333e+02;5.161211e-21
5.189334e+02;5.160226e-21
5.190334e+02;5.159242e-21
5.191334e+02;5.158258e-21
5.192334e+02;5.157274e-21
5.193334e+02;5.156291e-21
5.194334e+02;5.155308e-21
5.195334e+02;5.154325e-21
5.196334e+02;5.153343e-21
5.197334e+02;5.152361e-21
5.198334e+02;5.151379e-21
5.199334e+02;5.150398e-21
5.200334e+02;5.149418e-21
5.201334e+02;5.148437e-21
5.202334e+02;5.147457e-21
5.203334e+02;5.146478e-21
5.204334e+02;5.145498e-21
5.205334e+02;5.144520e-21
5.206334e+02;5.143541e-21
5.207334e+02;5.142563e-21
5.208334e+02;5.141585e-21
5.209334e+02;5.140608e-21
5.210334e+02;5.139631e-21
5.211335e+02;5.138654e-21
5.212335e+02;5.137678e-21
5.213335e+02;5.136702e-21
5.214335e+02;5.135726e-21
5.215335e+02;5.134751e-21
5.216335e+02;5.133777e-21
5.217335e+02;5.132802e-21
5.218335e+02;5.131828e-21
5.219335e+02;5.130854e-21
5.220335e+02;5.129881e-21
5.221335e+02;5.128908e-21
5.222335e+02;5.127936e-21
5.223335e+02;5.126963e-21
5.224335e+02;5.125992e-21
5.225335e+02;5.125020e-21
5.226335e+02;5.124049e-21
5.227335e+02;5.123078e-21
5.228335e+02;5.122108e-21
5.229335e+02;5.121138e-21
5.230335e+02;5.120168e-21
5.231335e+02;5.119199e-21
5.232335e+02;5.118230e-21
5.233335e+02;5.117262e-21
5.234336e+02;5.116293e-21
5.235336e+02;5.115326e-21
5.236336e+02;5.114358e-21
5.237336e+02;5.113391e-21
5.238336e+02;5.112424e-21
5.239336e+02;5.111458e-21
5.240336e+02;5.110492e-21
5.241336e+02;5.109527e-21
5.242336e+02;5.108561e-21
5.243336e+02;5.107596e-21
5.244336e+02;5.106632e-21
5.245336e+02;5.105668e-21
5.246336e+02;5.104704e-21
5.247336e+02;5.103741e-21
5.248336e+02;5.102778e-21
5.249336e+02;5.101815e-21
5.250336e+02;5.100853e-21
5.251336e+02;5.099891e-21
5.252336e+02;5.098929e-21
5.253336e+02;5.097968e-21
5.254336e+02;5.097007e-21
5.255336e+02;5.096046e-21
5.256337e+02;5.095086e-21
5.257337e+02;5.094126e-21
5.258337e+02;5.093167e-21
5.259337e+02;5.092208e-21
5.260337e+02;5.091249e-21
5.261337e+02;5.090291e-21
5.262337e+02;5.089333e-21
5.263337e+02;5.088375e-21
5.264337e+02;5.087418e-21
5.265337e+02;5.086461e-21
5.266337e+02;5.085505e-21
5.267337e+02;5.084548e-21
5.268337e+02;5.083593e-21
5.269337e+02;5.082637e-21
5.270337e+02;5.081682e-21
5.271337e+02;5.080727e-21
5.272337e+02;5.079773e-21
5.273337e+02;5.078819e-21
5.274337e+02;5.077865e-21
5.275337e+02;5.076912e-21
5.276337e+02;5.075959e-21
5.277337e+02;5.075006e-21
5.278338e+02;5.074054e-21
5.279338e+02;5.073102e-21
5.280338e+02;5.072151e-21
5.281338e+02;5.071199e-21
5.282338e+02;5.070249e-21
5.283338e+02;5.069298e-21
5.284338e+02;5.068348e-21
5.285338e+02;5.067398e-21
5.286338e+02;5.066449e-21
5.287338e+02;5.065500e-21
5.288338e+02;5.064551e-21
5.289338e+02;5.063603e-21
5.290338e+02;5.062655e-21
5.291338e+02;5.061707e-21
5.292338e+02;5.060760e-21
5.293338e+02;5.059813e-21
5.294338e+02;5.058867e-21
5.295338e+02;5.057920e-21
5.296338e+02;5.056975e-21
5.297338e+02;5.056029e-21
5.298338e+02;5.055084e-21
5.299338e+02;5.054139e-21
5.300339e+02;5.053195e-21
5.301339e+02;5.052251e-21
5.302339e+02;5.051307e-21
5.303339e+02;5.050364e-21
5.304339e+02;5.049421e-21
5.305339e+02;5.048478e-21
5.306339e+02;5.047536e-21
5.307339e+02;5.046594e-21
5.308339e+02;5.045652e-21
5.309339e+02;5.044711e-21
5.310339e+02;5.043770e-21
5.311339e+02;5.042829e-21
5.312339e+02;5.041889e-21
5.313339e+02;5.040949e-21
5.314339e+02;5.040010e-21
5.315339e+02;5.039070e-21
5.316339e+02;5.038132e-21
5.317339e+02;5.037193e-21
5.318339e+02;5.036255e-21
5.319339e+02;5.035317e-21
5.320339e+02;5.034380e-21
5.321339e+02;5.033443e-21
5.322340e+02;5.032506e-21
5.323340e+02;5.031570e-21
5.324340e+02;5.030634e-21
5.325340e+02;5.029698e-21
5.326340e+02;5.028763e-21
5.327340e+02;5.027828e-21
5.328340e+02;5.026893e-21
5.329340e+02;5.025959e-21
5.330340e+02;5.025025e-21
5.331340e+02;5.024091e-21
5.332340e+02;5.023158e-21
5.333340e+02;5.022225e-21
5.334340e+02;5.021293e-21
5.335340e+02;5.020360e-21
5.336340e+02;5.019429e-21
5.337340e+02;5.018497e-21
5.338340e+02;5.017566e-21
5.339340e+02;5.016635e-21
5.340340e+02;5.015705e-21
5.341340e+02;5.014775e-21
5.342340e+02;5.013845e-21
5.343340e+02;5.012915e-21
5.344340e+02;5.011986e-21
5.345341e+02;5.011057e-21
5.346341e+02;5.010129e-21
5.347341e+02;5.009201e-21
5.348341e+02;5.008273e-21
5.349341e+02;5.007346e-21
5.350341e+02;5.006419e-21
5.351341e+02;5.005492e-21
5.352341e+02;5.004566e-21
5.353341e+02;5.003640e-21
5.354341e+02;5.002714e-21
5.355341e+02;5.001789e-21
5.356341e+02;5.000864e-21
5.357341e+02;4.999939e-21
5.358341e+02;4.999015e-21
5.359341e+02;4.998091e-21
5.360341e+02;4.997167e-21
5.361341e+02;4.996244e-21
5.362341e+02;4.995321e-21
5.363341e+02;4.994399e-21
5.364341e+02;4.993476e-21
5.365341e+02;4.992554e-21
5.366341e+02;4.991633e-21
5.367342e+02;4.990712e-21
5.368342e+02;4.989791e-21
5.369342e+02;4.988870e-21
5.370342e+02;4.987950e-21
5.371342e+02;4.987030e-21
5.372342e+02;4.986111e-21
5.373342e+02;4.985191e-21
5.374342e+02;4.984273e-21
5.375342e+02;4.983354e-21
5.376342e+02;4.982436e-21
5.377342e+02;4.981518e-21
5.378342e+02;4.980600e-21
5.379342e+02;4.979683e-21
5.380342e+02;4.978766e-21
5.381342e+02;4.977850e-21
5.382342e+02;4.976934e-21
5.383342e+02;4.976018e-21
5.384342e+02;4.975103e-21
5.385342e+02;4.974187e-21
5.386342e+02;4.973273e-21
5.387342e+02;4.972358e-21
5.388342e+02;4.971444e-21
5.389343e+02;4.970530e-21
5.390343e+02;4.969617e-21
5.391343e+02;4.968704e-21
5.392343e+02;4.967791e-21
5.393343e+02;4.966878e-21
5.394343e+02;4.965966e-21
5.395343e+02;4.965055e-21
5.396343e+02;4.964143e-21
5.397343e+02;4.963232e-21
5.398343e+02;4.962321e-21
5.399343e+02;4.961411e-21
5.400343e+02;4.960501e-21
5.401343e+02;4.959591e-21
5.402343e+02;4.958681e-21
5.403343e+02;4.957772e-21
5.404343e+02;4.956864e-21
5.405343e+02;4.955955e-21
5.406343e+02;4.955047e-21
5.407343e+02;4.954139e-21
5.408343e+02;4.953232e-21
5.409343e+02;4.952325e-21
5.410343e+02;4.951418e-21
5.411344e+02;4.950511e-21
5.412344e+02;4.949605e-21
5.413344e+02;4.948699e-21
5.414344e+02;4.947794e-21
5.415344e+02;4.946889e-21
5.416344e+02;4.945984e-21
5.417344e+02;4.945080e-21
5.418344e+02;4.944175e-21
5.419344e+02;4.943272e-21
5.420344e+02;4.942368e-21
5.421344e+02;4.941465e-21
5.422344e+02;4.940562e-21
5.423344e+02;4.939660e-21
5.424344e+02;4.938758e-21
5.425344e+02;4.937856e-21
5.426344e+02;4.936954e-21
5.427344e+02;4.936053e-21
5.428344e+02;4.935152e-21
5.429344e+02;4.934252e-21
5.430344e+02;4.933352e-21
5.431344e+02;4.932452e-21
5.432344e+02;4.931552e-21
5.433344e+02;4.930653e-21
5.434345e+02;4.929754e-21
5.435345e+02;4.928856e-21
5.436345e+02;4.927957e-21
5.437345e+02;4.927060e-21
5.438345e+02;4.926162e-21
5.439345e+02;4.925265e-21
5.440345e+02;4.924368e-21
5.441345e+02;4.923471e-21
5.442345e+02;4.922575e-21
5.443345e+02;4.921679e-21
5.444345e+02;4.920783e-21
5.445345e+02;4.919888e-21
5.446345e+02;4.918993e-21
5.447345e+02;4.918099e-21
5.448345e+02;4.917204e-21
5.449345e+02;4.916310e-21
5.450345e+02;4.915417e-21
5.451345e+02;4.914523e-21
5.452345e+02;4.913630e-21
5.453345e+02;4.912738e-21
5.454345e+02;4.911845e-21
5.455345e+02;4.910953e-21
5.456346e+02;4.910062e-21
5.457346e+02;4.909170e-21
5.458346e+02;4.908279e-21
5.459346e+02;4.907388e-21
5.460346e+02;4.906498e-21
5.461346e+02;4.905608e-21
5.462346e+02;4.904718e-21
5.463346e+02;4.903829e-21
5.464346e+02;4.902940e-21
5.465346e+02;4.902051e-21
5.466346e+02;4.901162e-21
5.467346e+02;4.900274e-21
5.468346e+02;4.899386e-21
5.469346e+02;4.898499e-21
5.470346e+02;4.897612e-21
5.471346e+02;4.896725e-21
5.472346e+02;4.895838e-21
5.473346e+02;4.894952e-21
5.474346e+02;4.894066e-21
5.475346e+02;4.893181e-21
5.476346e+02;4.892295e-21
5.477346e+02;4.891410e-21
5.478347e+02;4.890526e-21
5.479347e+02;4.889641e-21
5.480347e+02;4.888757e-21
5.481347e+02;4.887874e-21
5.482347e+02;4.886990e-21
5.483347e+02;4.886107e-21
5.484347e+02;4.885225e-21
5.485347e+02;4.884342e-21
5.486347e+02;4.883460e-21
5.487347e+02;4.882578e-21
5.488347e+02;4.881697e-21
5.489347e+02;4.880816e-21
5.490347e+02;4.879935e-21
5.491347e+02;4.879055e-21
5.492347e+02;4.878175e-21
5.493347e+02;4.877295e-21
5.494347e+02;4.876415e-21
5.495347e+02;4.875536e-21
5.496347e+02;4.874657e-21
5.497347e+02;4.873778e-21
5.498347e+02;4.872900e-21
5.499347e+02;4.872022e-21
5.500348e+02;4.871145e-21
5.501348e+02;4.870267e-21
5.502348e+02;4.869390e-21
5.503348e+02;4.868514e-21
5.504348e+02;4.867637e-21
5.505348e+02;4.866761e-21
5.506348e+02;4.865885e-21
5.507348e+02;4.865010e-21
5.508348e+02;4.864135e-21
5.509348e+02;4.863260e-21
5.510348e+02;4.862386e-21
5.511348e+02;4.861512e-21
5.512348e+02;4.860638e-21
5.513348e+02;4.859764e-21
5.514348e+02;4.858891e-21
5.515348e+02;4.858018e-21
5.516348e+02;4.857145e-21
5.517348e+02;4.856273e-21
5.518348e+02;4.855401e-21
5.519348e+02;4.854530e-21
5.520348e+02;4.853658e-21
5.521348e+02;4.852787e-21
5.522349e+02;4.851916e-21
5.523349e+02;4.851046e-21
5.524349e+02;4.850176e-21
5.525349e+02;4.849306e-21
5.526349e+02;4.848437e-21
5.527349e+02;4.847568e-21
5.528349e+02;4.846699e-21
5.529349e+02;4.845830e-21
5.530349e+02;4.844962e-21
5.531349e+02;4.844094e-21
5.532349e+02;4.843226e-21
5.533349e+02;4.842359e-21
5.534349e+02;4.841492e-21
5.535349e+02;4.840625e-21
5.536349e+02;4.839759e-21
5.537349e+02;4.838893e-21
5.538349e+02;4.838027e-21
5.539349e+02;4.837162e-21
5.540349e+02;4.836297e-21
5.541349e+02;4.835432e-21
5.542349e+02;4.834567e-21
5.543349e+02;4.833703e-21
5.544349e+02;4.832839e-21
5.545350e+02;4.831976e-21
5.546350e+02;4.831113e-21
5.547350e+02;4.830250e-21
5.548350e+02;4.829387e-21
5.549350e+02;4.828525e-21
5.550350e+02;4.827663e-21
5.551350e+02;4.826801e-21
5.552350e+02;4.825939e-21
5.553350e+02;4.825078e-21
5.554350e+02;4.824218e-21
5.555350e+02;4.823357e-21
5.556350e+02;4.822497e-21
5.557350e+02;4.821637e-21
5.558350e+02;4.820777e-21
5.559350e+02;4.819918e-21
5.560350e+02;4.819059e-21
5.561350e+02;4.818200e-21
5.562350e+02;4.817342e-21
5.563350e+02;4.816484e-21
5.564350e+02;4.815626e-21
5.565350e+02;4.814769e-21
5.566350e+02;4.813912e-21
5.567351e+02;4.813055e-21
5.568351e+02;4.812198e-21
5.569351e+02;4.811342e-21
5.570351e+02;4.810486e-21
5.571351e+02;4.809631e-21
5.572351e+02;4.808775e-21
5.573351e+02;4.807920e-21
5.574351e+02;4.807066e-21
5.575351e+02;4.806211e-21
5.576351e+02;4.805357e-21
5.577351e+02;4.804503e-21
5.578351e+02;4.803650e-21
5.579351e+02;4.802797e-21
5.580351e+02;4.801944e-21
5.581351e+02;4.801091e-21
5.582351e+02;4.800239e-21
5.583351e+02;4.799387e-21
5.584351e+02;4.798535e-21
5.585351e+02;4.797684e-21
5.586351e+02;4.796833e-21
5.587351e+02;4.795982e-21
5.588351e+02;4.795132e-21
5.589352e+02;4.794282e-21
5.590352e+02;4.793432e-21
5.591352e+02;4.792582e-21
5.592352e+02;4.791733e-21
5.593352e+02;4.790884e-21
5.594352e+02;4.790035e-21
5.595352e+02;4.789187e-21
5.596352e+02;4.788339e-21
5.597352e+02;4.787491e-21
5.598352e+02;4.786644e-21
5.599352e+02;4.785797e-21
5.600352e+02;4.784950e-21
5.601352e+02;4.784103e-21
5.602352e+02;4.783257e-21
5.603352e+02;4.782411e-21
5.604352e+02;4.781565e-21
5.605352e+02;4.780720e-21
5.606352e+02;4.779875e-21
5.607352e+02;4.779030e-21
5.608352e+02;4.778186e-21
5.609352e+02;4.777341e-21
5.610352e+02;4.776498e-21
5.611353e+02;4.775654e-21
5.612353e+02;4.774811e-21
5.613353e+02;4.773968e-21
5.614353e+02;4.773125e-21
5.615353e+02;4.772283e-21
5.616353e+02;4.771441e-21
5.617353e+02;4.770599e-21
5.618353e+02;4.769757e-21
5.619353e+02;4.768916e-21
5.620353e+02;4.768075e-21
5.621353e+02;4.767235e-21
5.622353e+02;4.766394e-21
5.623353e+02;4.765554e-21
5.624353e+02;4.764715e-21
5.625353e+02;4.763875e-21
5.626353e+02;4.763036e-21
5.627353e+02;4.762197e-21
5.628353e+02;4.761359e-21
5.629353e+02;4.760521e-21
5.630353e+02;4.759683e-21
5.631353e+02;4.758845e-21
5.632353e+02;4.758008e-21
5.633353e+02;4.757171e-21
5.634354e+02;4.756334e-21
5.635354e+02;4.755497e-21
5.636354e+02;4.754661e-21
5.637354e+02;4.753825e-21
5.638354e+02;4.752990e-21
5.639354e+02;4.752154e-21
5.640354e+02;4.751319e-21
5.641354e+02;4.750485e-21
5.642354e+02;4.749650e-21
5.643354e+02;4.748816e-21
5.644354e+02;4.747982e-21
5.645354e+02;4.747149e-21
5.646354e+02;4.746316e-21
5.647354e+02;4.745483e-21
5.648354e+02;4.744650e-21
5.649354e+02;4.743818e-21
5.650354e+02;4.742986e-21
5.651354e+02;4.742154e-21
5.652354e+02;4.741322e-21
5.653354e+02;4.740491e-21
5.654354e+02;4.739660e-21
5.655354e+02;4.738830e-21
5.656355e+02;4.737999e-21
5.657355e+02;4.737169e-21
5.658355e+02;4.736340e-21
5.659355e+02;4.735510e-21
5.660355e+02;4.734681e-21
5.661355e+02;4.733852e-21
5.662355e+02;4.733023e-21
5.663355e+02;4.732195e-21
5.664355e+02;4.731367e-21
5.665355e+02;4.730539e-21
5.666355e+02;4.729712e-21
5.667355e+02;4.728885e-21
5.668355e+02;4.728058e-21
5.669355e+02;4.727232e-21
5.670355e+02;4.726405e-21
5.671355e+02;4.725579e-21
5.672355e+02;4.724754e-21
5.673355e+02;4.723928e-21
5.674355e+02;4.723103e-21
5.675355e+02;4.722278e-21
5.676355e+02;4.721454e-21
5.677355e+02;4.720630e-21
5.678356e+02;4.719806e-21
5.679356e+02;4.718982e-21
5.680356e+02;4.718159e-21
5.681356e+02;4.717335e-21
5.682356e+02;4.716513e-21
5.683356e+02;4.715690e-21
5.684356e+02;4.714868e-21
5.685356e+02;4.714046e-21
5.686356e+02;4.713224e-21
5.687356e+02;4.712403e-21
5.688356e+02;4.711582e-21
5.689356e+02;4.710761e-21
5.690356e+02;4.709940e-21
5.691356e+02;4.709120e-21
5.692356e+02;4.708300e-21
5.693356e+02;4.707481e-21
5.694356e+02;4.706661e-21
5.695356e+02;4.705842e-21
5.696356e+02;4.705023e-21
5.697356e+02;4.704205e-21
5.698356e+02;4.703387e-21
5.699356e+02;4.702569e-21
5.700357e+02;4.701751e-21
5.701357e+02;4.700934e-21
5.702357e+02;4.700116e-21
5.703357e+02;4.699300e-21
5.704357e+02;4.698483e-21
5.705357e+02;4.697667e-21
5.706357e+02;4.696851e-21
5.707357e+02;4.696035e-21
5.708357e+02;4.695220e-21
5.709357e+02;4.694405e-21
5.710357e+02;4.693590e-21
5.711357e+02;4.692775e-21
5.712357e+02;4.691961e-21
5.713357e+02;4.691147e-21
5.714357e+02;4.690333e-21
5.715357e+02;4.689520e-21
5.716357e+02;4.688707e-21
5.717357e+02;4.687894e-21
5.718357e+02;4.687081e-21
5.719357e+02;4.686269e-21
5.720357e+02;4.685457e-21
5.721357e+02;4.684645e-21
5.722358e+02;4.683834e-21
5.723358e+02;4.683023e-21
5.724358e+02;4.682212e-21
5.725358e+02;4.681401e-21
5.726358e+02;4.680591e-21
5.727358e+02;4.679781e-21
5.728358e+02;4.678971e-21
5.729358e+02;4.678162e-21
5.730358e+02;4.677352e-21
5.731358e+02;4.676543e-21
5.732358e+02;4.675735e-21
5.733358e+02;4.674926e-21
5.734358e+02;4.674118e-21
5.735358e+02;4.673311e-21
5.736358e+02;4.672503e-21
5.737358e+02;4.671696e-21
5.738358e+02;4.670889e-21
5.739358e+02;4.670082e-21
5.740358e+02;4.669276e-21
5.741358e+02;4.668470e-21
5.742358e+02;4.667664e-21
5.743358e+02;4.666858e-21
5.744358e+02;4.666053e-21
5.745359e+02;4.665248e-21
5.746359e+02;4.664443e-21
5.747359e+02;4.663639e-21
5.748359e+02;4.662834e-21
5.749359e+02;4.662030e-21
5.750359e+02;4.661227e-21
5.751359e+02;4.660423e-21
5.752359e+02;4.659620e-21
5.753359e+02;4.658818e-21
5.754359e+02;4.658015e-21
5.755359e+02;4.657213e-21
5.756359e+02;4.656411e-21
5.757359e+02;4.655609e-21
5.758359e+02;4.654808e-21
5.759359e+02;4.654006e-21
5.760359e+02;4.653206e-21
5.761359e+02;4.652405e-21
5.762359e+02;4.651605e-21
5.763359e+02;4.650805e-21
5.764359e+02;4.650005e-21
5.765359e+02;4.649205e-21
5.766359e+02;4.648406e-21
5.767360e+02;4.647607e-21
5.768360e+02;4.646808e-21
5.769360e+02;4.646010e-21
5.770360e+02;4.645212e-21
5.771360e+02;4.644414e-21
5.772360e+02;4.643617e-21
5.773360e+02;4.642819e-21
5.774360e+02;4.642022e-21
5.775360e+02;4.641225e-21
5.776360e+02;4.640429e-21
5.777360e+02;4.639633e-21
5.778360e+02;4.638837e-21
5.779360e+02;4.638041e-21
5.780360e+02;4.637246e-21
5.781360e+02;4.636451e-21
5.782360e+02;4.635656e-21
5.783360e+02;4.634861e-21
5.784360e+02;4.634067e-21
5.785360e+02;4.633273e-21
5.786360e+02;4.632479e-21
5.787360e+02;4.631686e-21
5.788360e+02;4.630892e-21
5.789361e+02;4.630099e-21
5.790361e+02;4.629307e-21
5.791361e+02;4.628514e-21
5.792361e+02;4.627722e-21
5.793361e+02;4.626930e-21
5.794361e+02;4.626139e-21
5.795361e+02;4.625347e-21
5.796361e+02;4.624556e-21
5.797361e+02;4.623766e-21
5.798361e+02;4.622975e-21
5.799361e+02;4.622185e-21
5.800361e+02;4.621395e-21
5.801361e+02;4.620605e-21
5.802361e+02;4.619816e-21
5.803361e+02;4.619027e-21
5.804361e+02;4.618238e-21
5.805361e+02;4.617449e-21
5.806361e+02;4.616661e-21
5.807361e+02;4.615873e-21
5.808361e+02;4.615085e-21
5.809361e+02;4.614297e-21
5.810361e+02;4.613510e-21
5.811362e+02;4.612723e-21
5.812362e+02;4.611936e-21
5.813362e+02;4.611150e-21
5.814362e+02;4.610364e-21
5.815362e+02;4.609578e-21
5.816362e+02;4.608792e-21
5.817362e+02;4.608007e-21
5.818362e+02;4.607222e-21
5.819362e+02;4.606437e-21
5.820362e+02;4.605652e-21
5.821362e+02;4.604868e-21
5.822362e+02;4.604084e-21
5.823362e+02;4.603300e-21
5.824362e+02;4.602516e-21
5.825362e+02;4.601733e-21
5.826362e+02;4.600950e-21
5.827362e+02;4.600167e-21
5.828362e+02;4.599385e-21
5.829362e+02;4.598603e-21
5.830362e+02;4.597821e-21
5.831362e+02;4.597039e-21
5.832362e+02;4.596258e-21
5.833362e+02;4.595477e-21
5.834363e+02;4.594696e-21
5.835363e+02;4.593915e-21
5.836363e+02;4.593135e-21
5.837363e+02;4.592355e-21
5.838363e+02;4.591575e-21
5.839363e+02;4.590795e-21
5.840363e+02;4.590016e-21
5.841363e+02;4.589237e-21
5.842363e+02;4.588458e-21
5.843363e+02;4.587680e-21
5.844363e+02;4.586902e-21
5.845363e+02;4.586124e-21
5.846363e+02;4.585346e-21
5.847363e+02;4.584569e-21
5.848363e+02;4.583791e-21
5.849363e+02;4.583014e-21
5.850363e+02;4.582238e-21
5.851363e+02;4.581461e-21
5.852363e+02;4.580685e-21
5.853363e+02;4.579909e-21
5.854363e+02;4.579134e-21
5.855363e+02;4.578359e-21
5.856364e+02;4.577583e-21
5.857364e+02;4.576809e-21
5.858364e+02;4.576034e-21
5.859364e+02;4.575260e-21
5.860364e+02;4.574486e-21
5.861364e+02;4.573712e-21
5.862364e+02;4.572939e-21
5.863364e+02;4.572165e-21
5.864364e+02;4.571392e-21
5.865364e+02;4.570620e-21
5.866364e+02;4.569847e-21
5.867364e+02;4.569075e-21
5.868364e+02;4.568303e-21
5.869364e+02;4.567531e-21
5.870364e+02;4.566760e-21
5.871364e+02;4.565989e-21
5.872364e+02;4.565218e-21
5.873364e+02;4.564447e-21
5.874364e+02;4.563677e-21
5.875364e+02;4.562907e-21
5.876364e+02;4.562137e-21
5.877364e+02;4.561368e-21
5.878365e+02;4.560598e-21
5.879365e+02;4.559829e-21
5.880365e+02;4.559060e-21
5.881365e+02;4.558292e-21
5.882365e+02;4.557523e-21
5.883365e+02;4.556755e-21
5.884365e+02;4.555988e-21
5.885365e+02;4.555220e-21
5.886365e+02;4.554453e-21
5.887365e+02;4.553686e-21
5.888365e+02;4.552919e-21
5.889365e+02;4.552153e-21
5.890365e+02;4.551386e-21
5.891365e+02;4.550621e-21
5.892365e+02;4.549855e-21
5.893365e+02;4.549089e-21
5.894365e+02;4.548324e-21
5.895365e+02;4.547559e-21
5.896365e+02;4.546795e-21
5.897365e+02;4.546030e-21
5.898365e+02;4.545266e-21
5.899365e+02;4.544502e-21
5.900366e+02;4.543738e-21
5.901366e+02;4.542975e-21
5.902366e+02;4.542212e-21
5.903366e+02;4.541449e-21
5.904366e+02;4.540686e-21
5.905366e+02;4.539924e-21
5.906366e+02;4.539162e-21
5.907366e+02;4.538400e-21
5.908366e+02;4.537638e-21
5.909366e+02;4.536877e-21
5.910366e+02;4.536116e-21
5.911366e+02;4.535355e-21
5.912366e+02;4.534595e-21
5.913366e+02;4.533834e-21
5.914366e+02;4.533074e-21
5.915366e+02;4.532314e-21
5.916366e+02;4.531555e-21
5.917366e+02;4.530796e-21
5.918366e+02;4.530036e-21
5.919366e+02;4.529278e-21
5.920366e+02;4.528519e-21
5.921366e+02;4.527761e-21
5.922367e+02;4.527003e-21
5.923367e+02;4.526245e-21
5.924367e+02;4.525487e-21
5.925367e+02;4.524730e-21
5.926367e+02;4.523973e-21
5.927367e+02;4.523216e-21
5.928367e+02;4.522460e-21
5.929367e+02;4.521704e-21
5.930367e+02;4.520948e-21
5.931367e+02;4.520192e-21
5.932367e+02;4.519436e-21
5.933367e+02;4.518681e-21
5.934367e+02;4.517926e-21
5.935367e+02;4.517171e-21
5.936367e+02;4.516417e-21
5.937367e+02;4.515663e-21
5.938367e+02;4.514909e-21
5.939367e+02;4.514155e-21
5.940367e+02;4.513401e-21
5.941367e+02;4.512648e-21
5.942367e+02;4.511895e-21
5.943367e+02;4.511142e-21
5.944367e+02;4.510390e-21
5.945368e+02;4.509638e-21
5.946368e+02;4.508886e-21
5.947368e+02;4.508134e-21
5.948368e+02;4.507383e-21
5.949368e+02;4.506631e-21
5.950368e+02;4.505880e-21
5.951368e+02;4.505130e-21
5.952368e+02;4.504379e-21
5.953368e+02;4.503629e-21
5.954368e+02;4.502879e-21
5.955368e+02;4.502129e-21
5.956368e+02;4.501380e-21
5.957368e+02;4.500630e-21
5.958368e+02;4.499881e-21
5.959368e+02;4.499133e-21
5.960368e+02;4.498384e-21
5.961368e+02;4.497636e-21
5.962368e+02;4.496888e-21
5.963368e+02;4.496140e-21
5.964368e+02;4.495393e-21
5.965368e+02;4.494646e-21
5.966368e+02;4.493899e-21
5.967369e+02;4.493152e-21
5.968369e+02;4.492405e-21
5.969369e+02;4.491659e-21
5.970369e+02;4.490913e-21
5.971369e+02;4.490167e-21
5.972369e+02;4.489422e-21
5.973369e+02;4.488677e-21
5.974369e+02;4.487932e-21
5.975369e+02;4.487187e-21
5.976369e+02;4.486442e-21
5.977369e+02;4.485698e-21
5.978369e+02;4.484954e-21
5.979369e+02;4.484210e-21
5.980369e+02;4.483467e-21
5.981369e+02;4.482723e-21
5.982369e+02;4.481980e-21
5.983369e+02;4.481238e-21
5.984369e+02;4.480495e-21
5.985369e+02;4.479753e-21
5.986369e+02;4.479011e-21
5.987369e+02;4.478269e-21
5.988369e+02;4.477527e-21
5.989370e+02;4.476786e-21
5.990370e+02;4.476045e-21
5.991370e+02;4.475304e-21
5.992370e+02;4.474563e-21
5.993370e+02;4.473823e-21
5.994370e+02;4.473083e-21
5.995370e+02;4.472343e-21
5.996370e+02;4.471604e-21
5.997370e+02;4.470864e-21
5.998370e+02;4.470125e-21
5.999370e+02;4.469386e-21
6.000370e+02;4.468648e-21
6.001370e+02;4.467909e-21
6.002370e+02;4.467171e-21
6.003370e+02;4.466433e-21
6.004370e+02;4.465696e-21
6.005370e+02;4.464958e-21
6.006370e+02;4.464221e-21
6.007370e+02;4.463484e-21
6.008370e+02;4.462747e-21
6.009370e+02;4.462011e-21
6.010370e+02;4.461275e-21
6.011371e+02;4.460539e-21
6.012371e+02;4.459803e-21
6.013371e+02;4.459068e-21
6.014371e+02;4.458332e-21
6.015371e+02;4.457597e-21
6.016371e+02;4.456863e-21
6.017371e+02;4.456128e-21
6.018371e+02;4.455394e-21
6.019371e+02;4.454660e-21
6.020371e+02;4.453926e-21
6.021371e+02;4.453193e-21
6.022371e+02;4.452459e-21
6.023371e+02;4.451726e-21
6.024371e+02;4.450994e-21
6.025371e+02;4.450261e-21
6.026371e+02;4.449529e-21
6.027371e+02;4.448797e-21
6.028371e+02;4.448065e-21
6.029371e+02;4.447333e-21
6.030371e+02;4.446602e-21
6.031371e+02;4.445871e-21
6.032371e+02;4.445140e-21
6.033371e+02;4.444409e-21
6.034372e+02;4.443679e-21
6.035372e+02;4.442949e-21
6.036372e+02;4.442219e-21
6.037372e+02;4.441489e-21
6.038372e+02;4.440760e-21
6.039372e+02;4.440030e-21
6.040372e+02;4.439301e-21
6.041372e+02;4.438573e-21
6.042372e+02;4.437844e-21
6.043372e+02;4.437116e-21
6.044372e+02;4.436388e-21
6.045372e+02;4.435660e-21
6.046372e+02;4.434933e-21
6.047372e+02;4.434205e-21
6.048372e+02;4.433478e-21
6.049372e+02;4.432752e-21
6.050372e+02;4.432025e-21
6.051372e+02;4.431299e-21
6.052372e+02;4.430573e-21
6.053372e+02;4.429847e-21
6.054372e+02;4.429121e-21
6.055372e+02;4.428396e-21
6.056373e+02;4.427671e-21
6.057373e+02;4.426946e-21
6.058373e+02;4.426221e-21
6.059373e+02;4.425497e-21
6.060373e+02;4.424772e-21
6.061373e+02;4.424048e-21
6.062373e+02;4.423325e-21
6.063373e+02;4.422601e-21
6.064373e+02;4.421878e-21
6.065373e+02;4.421155e-21
6.066373e+02;4.420432e-21
6.067373e+02;4.419710e-21
6.068373e+02;4.418987e-21
6.069373e+02;4.418265e-21
6.070373e+02;4.417543e-21
6.071373e+02;4.416822e-21
6.072373e+02;4.416100e-21
6.073373e+02;4.415379e-21
6.074373e+02;4.414658e-21
6.075373e+02;4.413938e-21
6.076373e+02;4.413217e-21
6.077373e+02;4.412497e-21
6.078374e+02;4.411777e-21
6.079374e+02;4.411058e-21
6.080374e+02;4.410338e-21
6.081374e+02;4.409619e-21
6.082374e+02;4.408900e-21
6.083374e+02;4.408181e-21
6.084374e+02;4.407462e-21
6.085374e+02;4.406744e-21
6.086374e+02;4.406026e-21
6.087374e+02;4.405308e-21
6.088374e+02;4.404591e-21
6.089374e+02;4.403873e-21
6.090374e+02;4.403156e-21
6.091374e+02;4.402439e-21
6.092374e+02;4.401723e-21
6.093374e+02;4.401006e-21
6.094374e+02;4.400290e-21
6.095374e+02;4.399574e-21
6.096374e+02;4.398858e-21
6.097374e+02;4.398143e-21
6.098374e+02;4.397427e-21
6.099374e+02;4.396712e-21
6.100375e+02;4.395998e-21
6.101375e+02;4.395283e-21
6.102375e+02;4.394569e-21
6.103375e+02;4.393854e-21
6.104375e+02;4.393141e-21
6.105375e+02;4.392427e-21
6.106375e+02;4.391714e-21
6.107375e+02;4.391000e-21
6.108375e+02;4.390287e-21
6.109375e+02;4.389575e-21
6.110375e+02;4.388862e-21
6.111375e+02;4.388150e-21
6.112375e+02;4.387438e-21
6.113375e+02;4.386726e-21
6.114375e+02;4.386015e-21
6.115375e+02;4.385303e-21
6.116375e+02;4.384592e-21
6.117375e+02;4.383881e-21
6.118375e+02;4.383171e-21
6.119375e+02;4.382460e-21
6.120375e+02;4.381750e-21
6.121375e+02;4.381040e-21
6.122376e+02;4.380330e-21
6.123376e+02;4.379621e-21
6.124376e+02;4.378912e-21
6.125376e+02;4.378202e-21
6.126376e+02;4.377494e-21
6.127376e+02;4.376785e-21
6.128376e+02;4.376077e-21
6.129376e+02;4.375369e-21
6.130376e+02;4.374661e-21
6.131376e+02;4.373953e-21
6.132376e+02;4.373246e-21
6.133376e+02;4.372538e-21
6.134376e+02;4.371831e-21
6.135376e+02;4.371125e-21
6.136376e+02;4.370418e-21
6.137376e+02;4.369712e-21
6.138376e+02;4.369006e-21
6.139376e+02;4.368300e-21
6.140376e+02;4.367594e-21
6.141376e+02;4.366889e-21
6.142376e+02;4.366184e-21
6.143376e+02;4.365479e-21
6.144376e+02;4.364774e-21
6.145377e+02;4.364070e-21
6.146377e+02;4.363366e-21
6.147377e+02;4.362662e-21
6.148377e+02;4.361958e-21
6.149377e+02;4.361254e-21
6.150377e+02;4.360551e-21
6.151377e+02;4.359848e-21
6.152377e+02;4.359145e-21
6.153377e+02;4.358442e-21
6.154377e+02;4.357740e-21
6.155377e+02;4.357038e-21
6.156377e+02;4.356336e-21
6.157377e+02;4.355634e-21
6.158377e+02;4.354932e-21
6.159377e+02;4.354231e-21
6.160377e+02;4.353530e-21
6.161377e+02;4.352829e-21
6.162377e+02;4.352129e-21
6.163377e+02;4.351428e-21
6.164377e+02;4.350728e-21
6.165377e+02;4.350028e-21
6.166377e+02;4.349328e-21
6.167378e+02;4.348629e-21
6.168378e+02;4.347930e-21
6.169378e+02;4.347230e-21
6.170378e+02;4.346532e-21
6.171378e+02;4.345833e-21
6.172378e+02;4.345135e-21
6.173378e+02;4.344437e-21
6.174378e+02;4.343739e-21
6.175378e+02;4.343041e-21
6.176378e+02;4.342343e-21
6.177378e+02;4.341646e-21
6.178378e+02;4.340949e-21
6.179378e+02;4.340252e-21
6.180378e+02;4.339556e-21
6.181378e+02;4.338859e-21
6.182378e+02;4.338163e-21
6.183378e+02;4.337467e-21
6.184378e+02;4.336772e-21
6.185378e+02;4.336076e-21
6.186378e+02;4.335381e-21
6.187378e+02;4.334686e-21
6.188378e+02;4.333991e-21
6.189379e+02;4.333297e-21
6.190379e+02;4.332602e-21
6.191379e+02;4.331908e-21
6.192379e+02;4.331214e-21
6.193379e+02;4.330521e-21
6.194379e+02;4.329827e-21
6.195379e+02;4.329134e-21
6.196379e+02;4.328441e-21
6.197379e+02;4.327748e-21
6.198379e+02;4.327056e-21
6.199379e+02;4.326363e-21
6.200379e+02;4.325671e-21
6.201379e+02;4.324979e-21
6.202379e+02;4.324287e-21
6.203379e+02;4.323596e-21
6.204379e+02;4.322905e-21
6.205379e+02;4.322214e-21
6.206379e+02;4.321523e-21
6.207379e+02;4.320832e-21
6.208379e+02;4.320142e-21
6.209379e+02;4.319452e-21
6.210379e+02;4.318762e-21
6.211380e+02;4.318072e-21
6.212380e+02;4.317383e-21
6.213380e+02;4.316693e-21
6.214380e+02;4.316004e-21
6.215380e+02;4.315316e-21
6.216380e+02;4.314627e-21
6.217380e+02;4.313939e-21
6.218380e+02;4.313250e-21
6.219380e+02;4.312563e-21
6.220380e+02;4.311875e-21
6.221380e+02;4.311187e-21
6.222380e+02;4.310500e-21
6.223380e+02;4.309813e-21
6.224380e+02;4.309126e-21
6.225380e+02;4.308439e-21
6.226380e+02;4.307753e-21
6.227380e+02;4.307067e-21
6.228380e+02;4.306381e-21
6.229380e+02;4.305695e-21
6.230380e+02;4.305010e-21
6.231380e+02;4.304324e-21
6.232380e+02;4.303639e-21
6.233380e+02;4.302954e-21
6.234381e+02;4.302270e-21
6.235381e+02;4.301585e-21
6.236381e+02;4.300901e-21
6.237381e+02;4.300217e-21
6.238381e+02;4.299533e-21
6.239381e+02;4.298850e-21
6.240381e+02;4.298166e-21
6.241381e+02;4.297483e-21
6.242381e+02;4.296800e-21
6.243381e+02;4.296117e-21
6.244381e+02;4.295435e-21
6.245381e+02;4.294753e-21
6.246381e+02;4.294071e-21
6.247381e+02;4.293389e-21
6.248381e+02;4.292707e-21
6.249381e+02;4.292026e-21
6.250381e+02;4.291345e-21
6.251381e+02;4.290664e-21
6.252381e+02;4.289983e-21
6.253381e+02;4.289302e-21
6.254381e+02;4.288622e-21
6.255381e+02;4.287942e-21
6.256382e+02;4.287262e-21
6.257382e+02;4.286582e-21
6.258382e+02;4.285903e-21
6.259382e+02;4.285224e-21
6.260382e+02;4.284545e-21
6.261382e+02;4.283866e-21
6.262382e+02;4.283187e-21
6.263382e+02;4.282509e-21
6.264382e+02;4.281831e-21
6.265382e+02;4.281153e-21
6.266382e+02;4.280475e-21
6.267382e+02;4.279797e-21
6.268382e+02;4.279120e-21
6.269382e+02;4.278443e-21
6.270382e+02;4.277766e-21
6.271382e+02;4.277089e-21
6.272382e+02;4.276413e-21
6.273382e+02;4.275737e-21
6.274382e+02;4.275061e-21
6.275382e+02;4.274385e-21
6.276382e+02;4.273709e-21
6.277382e+02;4.273034e-21
6.278383e+02;4.272359e-21
6.279383e+02;4.271684e-21
6.280383e+02;4.271009e-21
6.281383e+02;4.270334e-21
6.282383e+02;4.269660e-21
6.283383e+02;4.268986e-21
6.284383e+02;4.268312e-21
6.285383e+02;4.267638e-21
6.286383e+02;4.266965e-21
6.287383e+02;4.266292e-21
6.288383e+02;4.265619e-21
6.289383e+02;4.264946e-21
6.290383e+02;4.264273e-21
6.291383e+02;4.263601e-21
6.292383e+02;4.262928e-21
6.293383e+02;4.262256e-21
6.294383e+02;4.261585e-21
6.295383e+02;4.260913e-21
6.296383e+02;4.260242e-21
6.297383e+02;4.259571e-21
6.298383e+02;4.258900e-21
6.299383e+02;4.258229e-21
6.300384e+02;4.257558e-21
6.301384e+02;4.256888e-21
6.302384e+02;4.256218e-21
6.303384e+02;4.255548e-21
6.304384e+02;4.254878e-21
6.305384e+02;4.254209e-21
6.306384e+02;4.253540e-21
6.307384e+02;4.252871e-21
6.308384e+02;4.252202e-21
6.309384e+02;4.251533e-21
6.310384e+02;4.250865e-21
6.311384e+02;4.250197e-21
6.312384e+02;4.249529e-21
6.313384e+02;4.248861e-21
6.314384e+02;4.248193e-21
6.315384e+02;4.247526e-21
6.316384e+02;4.246859e-21
6.317384e+02;4.246192e-21
6.318384e+02;4.245525e-21
6.319384e+02;4.244859e-21
6.320384e+02;4.244192e-21
6.321384e+02;4.243526e-21
6.322385e+02;4.242860e-21
6.323385e+02;4.242195e-21
6.324385e+02;4.241529e-21
6.325385e+02;4.240864e-21
6.326385e+02;4.240199e-21
6.327385e+02;4.239534e-21
6.328385e+02;4.238869e-21
6.329385e+02;4.238205e-21
6.330385e+02;4.237541e-21
6.331385e+02;4.236877e-21
6.332385e+02;4.236213e-21
6.333385e+02;4.235549e-21
6.334385e+02;4.234886e-21
6.335385e+02;4.234223e-21
6.336385e+02;4.233560e-21
6.337385e+02;4.232897e-21
6.338385e+02;4.232235e-21
6.339385e+02;4.231572e-21
6.340385e+02;4.230910e-21
6.341385e+02;4.230248e-21
6.342385e+02;4.229586e-21
6.343385e+02;4.228925e-21
6.344385e+02;4.228264e-21
6.345386e+02;4.227602e-21
6.346386e+02;4.226941e-21
6.347386e+02;4.226281e-21
6.348386e+02;4.225620e-21
6.349386e+02;4.224960e-21
6.350386e+02;4.224300e-21
6.351386e+02;4.223640e-21
6.352386e+02;4.222980e-21
6.353386e+02;4.222321e-21
6.354386e+02;4.221662e-21
6.355386e+02;4.221003e-21
6.356386e+02;4.220344e-21
6.357386e+02;4.219685e-21
6.358386e+02;4.219027e-21
6.359386e+02;4.218368e-21
6.360386e+02;4.217710e-21
6.361386e+02;4.217053e-21
6.362386e+02;4.216395e-21
6.363386e+02;4.215738e-21
6.364386e+02;4.215080e-21
6.365386e+02;4.214423e-21
6.366386e+02;4.213767e-21
6.367387e+02;4.213110e-21
6.368387e+02;4.212454e-21
6.369387e+02;4.211797e-21
6.370387e+02;4.211142e-21
6.371387e+02;4.210486e-21
6.372387e+02;4.209830e-21
6.373387e+02;4.209175e-21
6.374387e+02;4.208520e-21
6.375387e+02;4.207865e-21
6.376387e+02;4.207210e-21
6.377387e+02;4.206555e-21
6.378387e+02;4.205901e-21
6.379387e+02;4.205247e-21
6.380387e+02;4.204593e-21
6.381387e+02;4.203939e-21
6.382387e+02;4.203286e-21
6.383387e+02;4.202632e-21
6.384387e+02;4.201979e-21
6.385387e+02;4.201326e-21
6.386387e+02;4.200674e-21
6.387387e+02;4.200021e-21
6.388387e+02;4.199369e-21
6.389388e+02;4.198717e-21
6.390388e+02;4.198065e-21
6.391388e+02;4.197413e-21
6.392388e+02;4.196762e-21
6.393388e+02;4.196110e-21
6.394388e+02;4.195459e-21
6.395388e+02;4.194808e-21
6.396388e+02;4.194158e-21
6.397388e+02;4.193507e-21
6.398388e+02;4.192857e-21
6.399388e+02;4.192207e-21
6.400388e+02;4.191557e-21
6.401388e+02;4.190907e-21
6.402388e+02;4.190258e-21
6.403388e+02;4.189608e-21
6.404388e+02;4.188959e-21
6.405388e+02;4.188310e-21
6.406388e+02;4.187662e-21
6.407388e+02;4.187013e-21
6.408388e+02;4.186365e-21
6.409388e+02;4.185717e-21
6.410388e+02;4.185069e-21
6.411389e+02;4.184421e-21
6.412389e+02;4.183774e-21
6.413389e+02;4.183127e-21
6.414389e+02;4.182479e-21
6.415389e+02;4.181833e-21
6.416389e+02;4.181186e-21
6.417389e+02;4.180539e-21
6.418389e+02;4.179893e-21
6.419389e+02;4.179247e-21
6.420389e+02;4.178601e-21
6.421389e+02;4.177956e-21
6.422389e+02;4.177310e-21
6.423389e+02;4.176665e-21
6.424389e+02;4.176020e-21
6.425389e+02;4.175375e-21
6.426389e+02;4.174730e-21
6.427389e+02;4.174086e-21
6.428389e+02;4.173441e-21
6.429389e+02;4.172797e-21
6.430389e+02;4.172153e-21
6.431389e+02;4.171510e-21
6.432389e+02;4.170866e-21
6.433389e+02;4.170223e-21
6.434390e+02;4.169580e-21
6.435390e+02;4.168937e-21
6.436390e+02;4.168294e-21
6.437390e+02;4.167652e-21
6.438390e+02;4.167009e-21
6.439390e+02;4.166367e-21
6.440390e+02;4.165725e-21
6.441390e+02;4.165084e-21
6.442390e+02;4.164442e-21
6.443390e+02;4.163801e-21
6.444390e+02;4.163160e-21
6.445390e+02;4.162519e-21
6.446390e+02;4.161878e-21
6.447390e+02;4.161238e-21
6.448390e+02;4.160597e-21
6.449390e+02;4.159957e-21
6.450390e+02;4.159317e-21
6.451390e+02;4.158677e-21
6.452390e+02;4.158038e-21
6.453390e+02;4.157399e-21
6.454390e+02;4.156759e-21
6.455390e+02;4.156121e-21
6.456391e+02;4.155482e-21
6.457391e+02;4.154843e-21
6.458391e+02;4.154205e-21
6.459391e+02;4.153567e-21
6.460391e+02;4.152929e-21
6.461391e+02;4.152291e-21
6.462391e+02;4.151653e-21
6.463391e+02;4.151016e-21
6.464391e+02;4.150379e-21
6.465391e+02;4.149742e-21
6.466391e+02;4.149105e-21
6.467391e+02;4.148468e-21
6.468391e+02;4.147832e-21
6.469391e+02;4.147196e-21
6.470391e+02;4.146560e-21
6.471391e+02;4.145924e-21
6.472391e+02;4.145288e-21
6.473391e+02;4.144653e-21
6.474391e+02;4.144018e-21
6.475391e+02;4.143383e-21
6.476391e+02;4.142748e-21
6.477391e+02;4.142113e-21
6.478392e+02;4.141479e-21
6.479392e+02;4.140844e-21
6.480392e+02;4.140210e-21
6.481392e+02;4.139576e-21
6.482392e+02;4.138943e-21
6.483392e+02;4.138309e-21
6.484392e+02;4.137676e-21
6.485392e+02;4.137043e-21
6.486392e+02;4.136410e-21
6.487392e+02;4.135777e-21
6.488392e+02;4.135145e-21
6.489392e+02;4.134512e-21
6.490392e+02;4.133880e-21
6.491392e+02;4.133248e-21
6.492392e+02;4.132617e-21
6.493392e+02;4.131985e-21
6.494392e+02;4.131354e-21
6.495392e+02;4.130723e-21
6.496392e+02;4.130092e-21
6.497392e+02;4.129461e-21
6.498392e+02;4.128830e-21
6.499392e+02;4.128200e-21
6.500393e+02;4.127570e-21
6.501393e+02;4.126940e-21
6.502393e+02;4.126310e-21
6.503393e+02;4.125680e-21
6.504393e+02;4.125051e-21
6.505393e+02;4.124421e-21
6.506393e+02;4.123792e-21
6.507393e+02;4.123164e-21
6.508393e+02;4.122535e-21
6.509393e+02;4.121906e-21
6.510393e+02;4.121278e-21
6.511393e+02;4.120650e-21
6.512393e+02;4.120022e-21
6.513393e+02;4.119394e-21
6.514393e+02;4.118767e-21
6.515393e+02;4.118140e-21
6.516393e+02;4.117512e-21
6.517393e+02;4.116885e-21
6.518393e+02;4.116259e-21
6.519393e+02;4.115632e-21
6.520393e+02;4.115006e-21
6.521393e+02;4.114380e-21
6.522394e+02;4.113754e-21
6.523394e+02;4.113128e-21
6.524394e+02;4.112502e-21
6.525394e+02;4.111877e-21
6.526394e+02;4.111252e-21
6.527394e+02;4.110627e-21
6.528394e+02;4.110002e-21
6.529394e+02;4.109377e-21
6.530394e+02;4.108753e-21
6.531394e+02;4.108128e-21
6.532394e+02;4.107504e-21
6.533394e+02;4.106880e-21
6.534394e+02;4.106257e-21
6.535394e+02;4.105633e-21
6.536394e+02;4.105010e-21
6.537394e+02;4.104387e-21
6.538394e+02;4.103764e-21
6.539394e+02;4.103141e-21
6.540394e+02;4.102518e-21
6.541394e+02;4.101896e-21
6.542394e+02;4.101274e-21
6.543394e+02;4.100652e-21
6.544394e+02;4.100030e-21
6.545395e+02;4.099408e-21
6.546395e+02;4.098787e-21
6.547395e+02;4.098165e-21
6.548395e+02;4.097544e-21
6.549395e+02;4.096923e-21
6.550395e+02;4.096303e-21
6.551395e+02;4.095682e-21
6.552395e+02;4.095062e-21
6.553395e+02;4.094442e-21
6.554395e+02;4.093822e-21
6.555395e+02;4.093202e-21
6.556395e+02;4.092583e-21
6.557395e+02;4.091963e-21
6.558395e+02;4.091344e-21
6.559395e+02;4.090725e-21
6.560395e+02;4.090106e-21
6.561395e+02;4.089488e-21
6.562395e+02;4.088869e-21
6.563395e+02;4.088251e-21
6.564395e+02;4.087633e-21
6.565395e+02;4.087015e-21
6.566395e+02;4.086397e-21
6.567396e+02;4.085780e-21
6.568396e+02;4.085162e-21
6.569396e+02;4.084545e-21
6.570396e+02;4.083928e-21
6.571396e+02;4.083311e-21
6.572396e+02;4.082695e-21
6.573396e+02;4.082079e-21
6.574396e+02;4.081462e-21
6.575396e+02;4.080846e-21
6.576396e+02;4.080230e-21
6.577396e+02;4.079615e-21
6.578396e+02;4.078999e-21
6.579396e+02;4.078384e-21
6.580396e+02;4.077769e-21
6.581396e+02;4.077154e-21
6.582396e+02;4.076539e-21
6.583396e+02;4.075925e-21
6.584396e+02;4.075310e-21
6.585396e+02;4.074696e-21
6.586396e+02;4.074082e-21
6.587396e+02;4.073469e-21
6.588396e+02;4.072855e-21
6.589397e+02;4.072241e-21
6.590397e+02;4.071628e-21
6.591397e+02;4.071015e-21
6.592397e+02;4.070402e-21
6.593397e+02;4.069790e-21
6.594397e+02;4.069177e-21
6.595397e+02;4.068565e-21
6.596397e+02;4.067953e-21
6.597397e+02;4.067341e-21
6.598397e+02;4.066729e-21
6.599397e+02;4.066117e-21
6.600397e+02;4.065506e-21
6.601397e+02;4.064895e-21
6.602397e+02;4.064284e-21
6.603397e+02;4.063673e-21
6.604397e+02;4.063062e-21
6.605397e+02;4.062452e-21
6.606397e+02;4.061841e-21
6.607397e+02;4.061231e-21
6.608397e+02;4.060621e-21
6.609397e+02;4.060012e-21
6.610397e+02;4.059402e-21
6.611398e+02;4.058793e-21
6.612398e+02;4.058183e-21
6.613398e+02;4.057574e-21
6.614398e+02;4.056966e-21
6.615398e+02;4.056357e-21
6.616398e+02;4.055748e-21
6.617398e+02;4.055140e-21
6.618398e+02;4.054532e-21
6.619398e+02;4.053924e-21
6.620398e+02;4.053316e-21
6.621398e+02;4.052709e-21
6.622398e+02;4.052101e-21
6.623398e+02;4.051494e-21
6.624398e+02;4.050887e-21
6.625398e+02;4.050280e-21
6.626398e+02;4.049674e-21
6.627398e+02;4.049067e-21
6.628398e+02;4.048461e-21
6.629398e+02;4.047855e-21
6.630398e+02;4.047249e-21
6.631398e+02;4.046643e-21
6.632398e+02;4.046038e-21
6.633398e+02;4.045432e-21
6.634399e+02;4.044827e-21
6.635399e+02;4.044222e-21
6.636399e+02;4.043617e-21
6.637399e+02;4.043013e-21
6.638399e+02;4.042408e-21
6.639399e+02;4.041804e-21
6.640399e+02;4.041200e-21
6.641399e+02;4.040596e-21
6.642399e+02;4.039992e-21
6.643399e+02;4.039389e-21
6.644399e+02;4.038785e-21
6.645399e+02;4.038182e-21
6.646399e+02;4.037579e-21
6.647399e+02;4.036976e-21
6.648399e+02;4.036373e-21
6.649399e+02;4.035771e-21
6.650399e+02;4.035169e-21
6.651399e+02;4.034566e-21
6.652399e+02;4.033964e-21
6.653399e+02;4.033363e-21
6.654399e+02;4.032761e-21
6.655399e+02;4.032160e-21
6.656400e+02;4.031558e-21
6.657400e+02;4.030957e-21
6.658400e+02;4.030357e-21
6.659400e+02;4.029756e-21
6.660400e+02;4.029155e-21
6.661400e+02;4.028555e-21
6.662400e+02;4.027955e-21
6.663400e+02;4.027355e-21
6.664400e+02;4.026755e-21
6.665400e+02;4.026155e-21
6.666400e+02;4.025556e-21
6.667400e+02;4.024957e-21
6.668400e+02;4.024358e-21
6.669400e+02;4.023759e-21
6.670400e+02;4.023160e-21
6.671400e+02;4.022561e-21
6.672400e+02;4.021963e-21
6.673400e+02;4.021365e-21
6.674400e+02;4.020767e-21
6.675400e+02;4.020169e-21
6.676400e+02;4.019571e-21
6.677400e+02;4.018974e-21
6.678401e+02;4.018376e-21
6.679401e+02;4.017779e-21
6.680401e+02;4.017182e-21
6.681401e+02;4.016586e-21
6.682401e+02;4.015989e-21
6.683401e+02;4.015393e-21
6.684401e+02;4.014796e-21
6.685401e+02;4.014200e-21
6.686401e+02;4.013604e-21
6.687401e+02;4.013009e-21
6.688401e+02;4.012413e-21
6.689401e+02;4.011818e-21
6.690401e+02;4.011223e-21
6.691401e+02;4.010628e-21
6.692401e+02;4.010033e-21
6.693401e+02;4.009438e-21
6.694401e+02;4.008844e-21
6.695401e+02;4.008249e-21
6.696401e+02;4.007655e-21
6.697401e+02;4.007061e-21
6.698401e+02;4.006467e-21
6.699401e+02;4.005874e-21
6.700402e+02;4.005280e-21
6.701402e+02;4.004687e-21
6.702402e+02;4.004094e-21
6.703402e+02;4.003501e-21
6.704402e+02;4.002908e-21
6.705402e+02;4.002316e-21
6.706402e+02;4.001724e-21
6.707402e+02;4.001131e-21
6.708402e+02;4.000539e-21
6.709402e+02;3.999947e-21
6.710402e+02;3.999356e-21
6.711402e+02;3.998764e-21
6.712402e+02;3.998173e-21
6.713402e+02;3.997582e-21
6.714402e+02;3.996991e-21
6.715402e+02;3.996400e-21
6.716402e+02;3.995809e-21
6.717402e+02;3.995219e-21
6.718402e+02;3.994629e-21
6.719402e+02;3.994039e-21
6.720402e+02;3.993449e-21
6.721402e+02;3.992859e-21
6.722403e+02;3.992269e-21
6.723403e+02;3.991680e-21
6.724403e+02;3.991091e-21
6.725403e+02;3.990502e-21
6.726403e+02;3.989913e-21
6.727403e+02;3.989324e-21
6.728403e+02;3.988736e-21
6.729403e+02;3.988147e-21
6.730403e+02;3.987559e-21
6.731403e+02;3.986971e-21
6.732403e+02;3.986383e-21
6.733403e+02;3.985796e-21
6.734403e+02;3.985208e-21
6.735403e+02;3.984621e-21
6.736403e+02;3.984034e-21
6.737403e+02;3.983447e-21
6.738403e+02;3.982860e-21
6.739403e+02;3.982273e-21
6.740403e+02;3.981687e-21
6.741403e+02;3.981100e-21
6.742403e+02;3.980514e-21
6.743403e+02;3.979928e-21
6.744403e+02;3.979343e-21
6.745404e+02;3.978757e-21
6.746404e+02;3.978172e-21
6.747404e+02;3.977586e-21
6.748404e+02;3.977001e-21
6.749404e+02;3.976416e-21
6.750404e+02;3.975832e-21
6.751404e+02;3.975247e-21
6.752404e+02;3.974663e-21
6.753404e+02;3.974078e-21
6.754404e+02;3.973494e-21
6.755404e+02;3.972911e-21
6.756404e+02;3.972327e-21
6.757404e+02;3.971743e-21
6.758404e+02;3.971160e-21
6.759404e+02;3.970577e-21
6.760404e+02;3.969994e-21
6.761404e+02;3.969411e-21
6.762404e+02;3.968828e-21
6.763404e+02;3.968246e-21
6.764404e+02;3.967663e-21
6.765404e+02;3.967081e-21
6.766404e+02;3.966499e-21
6.767405e+02;3.965917e-21
6.768405e+02;3.965336e-21
6.769405e+02;3.964754e-21
6.770405e+02;3.964173e-21
6.771405e+02;3.963592e-21
6.772405e+02;3.963011e-21
6.773405e+02;3.962430e-21
6.774405e+02;3.961849e-21
6.775405e+02;3.961269e-21
6.776405e+02;3.960689e-21
6.777405e+02;3.960109e-21
6.778405e+02;3.959529e-21
6.779405e+02;3.958949e-21
6.780405e+02;3.958369e-21
6.781405e+02;3.957790e-21
6.782405e+02;3.957210e-21
6.783405e+02;3.956631e-21
6.784405e+02;3.956052e-21
6.785405e+02;3.955474e-21
6.786405e+02;3.954895e-21
6.787405e+02;3.954317e-21
6.788405e+02;3.953738e-21
6.789406e+02;3.953160e-21
6.790406e+02;3.952582e-21
6.791406e+02;3.952005e-21
6.792406e+02;3.951427e-21
6.793406e+02;3.950850e-21
6.794406e+02;3.950272e-21
6.795406e+02;3.949695e-21
6.796406e+02;3.949118e-21
6.797406e+02;3.948542e-21
6.798406e+02;3.947965e-21
6.799406e+02;3.947389e-21
6.800406e+02;3.946813e-21
6.801406e+02;3.946236e-21
6.802406e+02;3.945661e-21
6.803406e+02;3.945085e-21
6.804406e+02;3.944509e-21
6.805406e+02;3.943934e-21
6.806406e+02;3.943359e-21
6.807406e+02;3.942784e-21
6.808406e+02;3.942209e-21
6.809406e+02;3.941634e-21
6.810406e+02;3.941059e-21
6.811407e+02;3.940485e-21
6.812407e+02;3.939911e-21
6.813407e+02;3.939337e-21
6.814407e+02;3.938763e-21
6.815407e+02;3.938189e-21
6.816407e+02;3.937616e-21
6.817407e+02;3.937042e-21
6.818407e+02;3.936469e-21
6.819407e+02;3.935896e-21
6.820407e+02;3.935323e-21
6.821407e+02;3.934750e-21
6.822407e+02;3.934178e-21
6.823407e+02;3.933605e-21
6.824407e+02;3.933033e-21
6.825407e+02;3.932461e-21
6.826407e+02;3.931889e-21
6.827407e+02;3.931318e-21
6.828407e+02;3.930746e-21
6.829407e+02;3.930175e-21
6.830407e+02;3.929603e-21
6.831407e+02;3.929032e-21
6.832407e+02;3.928462e-21
6.833408e+02;3.927891e-21
6.834408e+02;3.927320e-21
6.835408e+02;3.926750e-21
6.836408e+02;3.926180e-21
6.837408e+02;3.925610e-21
6.838408e+02;3.925040e-21
6.839408e+02;3.924470e-21
6.840408e+02;3.923900e-21
6.841408e+02;3.923331e-21
6.842408e+02;3.922762e-21
6.843408e+02;3.922193e-21
6.844408e+02;3.921624e-21
6.845408e+02;3.921055e-21
6.846408e+02;3.920486e-21
6.847408e+02;3.919918e-21
6.848408e+02;3.919350e-21
6.849408e+02;3.918782e-21
6.850408e+02;3.918214e-21
6.851408e+02;3.917646e-21
6.852408e+02;3.917079e-21
6.853408e+02;3.916511e-21
6.854408e+02;3.915944e-21
6.855408e+02;3.915377e-21
6.856409e+02;3.914810e-21
6.857409e+02;3.914243e-21
6.858409e+02;3.913676e-21
6.859409e+02;3.913110e-21
6.860409e+02;3.912544e-21
6.861409e+02;3.911978e-21
6.862409e+02;3.911412e-21
6.863409e+02;3.910846e-21
6.864409e+02;3.910280e-21
6.865409e+02;3.909715e-21
6.866409e+02;3.909150e-21
6.867409e+02;3.908584e-21
6.868409e+02;3.908019e-21
6.869409e+02;3.907455e-21
6.870409e+02;3.906890e-21
6.871409e+02;3.906326e-21
6.872409e+02;3.905761e-21
6.873409e+02;3.905197e-21
6.874409e+02;3.904633e-21
6.875409e+02;3.904069e-21
6.876409e+02;3.903506e-21
6.877409e+02;3.902942e-21
6.878410e+02;3.902379e-21
6.879410e+02;3.901816e-21
6.880410e+02;3.901253e-21
6.881410e+02;3.900690e-21
6.882410e+02;3.900127e-21
6.883410e+02;3.899565e-21
6.884410e+02;3.899002e-21
6.885410e+02;3.898440e-21
6.886410e+02;3.897878e-21
6.887410e+02;3.897316e-21
6.888410e+02;3.896754e-21
6.889410e+02;3.896193e-21
6.890410e+02;3.895631e-21
6.891410e+02;3.895070e-21
6.892410e+02;3.894509e-21
6.893410e+02;3.893948e-21
6.894410e+02;3.893388e-21
6.895410e+02;3.892827e-21
6.896410e+02;3.892267e-21
6.897410e+02;3.891706e-21
6.898410e+02;3.891146e-21
6.899410e+02;3.890586e-21
6.900411e+02;3.890027e-21
6.901411e+02;3.889467e-21
6.902411e+02;3.888907e-21
6.903411e+02;3.888348e-21
6.904411e+02;3.887789e-21
6.905411e+02;3.887230e-21
6.906411e+02;3.886671e-21
6.907411e+02;3.886113e-21
6.908411e+02;3.885554e-21
6.909411e+02;3.884996e-21
6.910411e+02;3.884438e-21
6.911411e+02;3.883880e-21
6.912411e+02;3.883322e-21
6.913411e+02;3.882764e-21
6.914411e+02;3.882207e-21
6.915411e+02;3.881649e-21
6.916411e+02;3.881092e-21
6.917411e+02;3.880535e-21
6.918411e+02;3.879978e-21
6.919411e+02;3.879421e-21
6.920411e+02;3.878865e-21
6.921411e+02;3.878308e-21
6.922412e+02;3.877752e-21
6.923412e+02;3.877196e-21
6.924412e+02;3.876640e-21
6.925412e+02;3.876084e-21
6.926412e+02;3.875529e-21
6.927412e+02;3.874973e-21
6.928412e+02;3.874418e-21
6.929412e+02;3.873863e-21
6.930412e+02;3.873308e-21
6.931412e+02;3.872753e-21
6.932412e+02;3.872198e-21
6.933412e+02;3.871644e-21
6.934412e+02;3.871090e-21
6.935412e+02;3.870535e-21
6.936412e+02;3.869981e-21
6.937412e+02;3.869427e-21
6.938412e+02;3.868874e-21
6.939412e+02;3.868320e-21
6.940412e+02;3.867767e-21
6.941412e+02;3.867214e-21
6.942412e+02;3.866661e-21
6.943412e+02;3.866108e-21
6.944412e+02;3.865555e-21
6.945413e+02;3.865002e-21
6.946413e+02;3.864450e-21
6.947413e+02;3.863898e-21
6.948413e+02;3.863345e-21
6.949413e+02;3.862793e-21
6.950413e+02;3.862242e-21
6.951413e+02;3.861690e-21
6.952413e+02;3.861139e-21
6.953413e+02;3.860587e-21
6.954413e+02;3.860036e-21
6.955413e+02;3.859485e-21
6.956413e+02;3.858934e-21
6.957413e+02;3.858383e-21
6.958413e+02;3.857833e-21
6.959413e+02;3.857282e-21
6.960413e+02;3.856732e-21
6.961413e+02;3.856182e-21
6.962413e+02;3.855632e-21
6.963413e+02;3.855082e-21
6.964413e+02;3.854533e-21
6.965413e+02;3.853983e-21
6.966413e+02;3.853434e-21
6.967414e+02;3.852885e-21
6.968414e+02;3.852336e-21
6.969414e+02;3.851787e-21
6.970414e+02;3.851239e-21
6.971414e+02;3.850690e-21
6.972414e+02;3.850142e-21
6.973414e+02;3.849593e-21
6.974414e+02;3.849045e-21
6.975414e+02;3.848498e-21
6.976414e+02;3.847950e-21
6.977414e+02;3.847402e-21
6.978414e+02;3.846855e-21
6.979414e+02;3.846308e-21
6.980414e+02;3.845760e-21
6.981414e+02;3.845213e-21
6.982414e+02;3.844667e-21
6.983414e+02;3.844120e-21
6.984414e+02;3.843574e-21
6.985414e+02;3.843027e-21
6.986414e+02;3.842481e-21
6.987414e+02;3.841935e-21
6.988414e+02;3.841389e-21
6.989415e+02;3.840843e-21
6.990415e+02;3.840298e-21
6.991415e+02;3.839752e-21
6.992415e+02;3.839207e-21
6.993415e+02;3.838662e-21
6.994415e+02;3.838117e-21
6.995415e+02;3.837572e-21
6.996415e+02;3.837028e-21
6.997415e+02;3.836483e-21
6.998415e+02;3.835939e-21
6.999415e+02;3.835395e-21
7.000415e+02;3.834851e-21
7.001415e+02;3.834307e-21
7.002415e+02;3.833763e-21
7.003415e+02;3.833220e-21
7.004415e+02;3.832676e-21
7.005415e+02;3.832133e-21
7.006415e+02;3.831590e-21
7.007415e+02;3.831047e-21
7.008415e+02;3.830504e-21
7.009415e+02;3.829962e-21
7.010415e+02;3.829419e-21
7.011416e+02;3.828877e-21
7.012416e+02;3.828335e-21
7.013416e+02;3.827793e-21
7.014416e+02;3.827251e-21
7.015416e+02;3.826709e-21
7.016416e+02;3.826168e-21
7.017416e+02;3.825626e-21
7.018416e+02;3.825085e-21
7.019416e+02;3.824544e-21
7.020416e+02;3.824003e-21
7.021416e+02;3.823462e-21
7.022416e+02;3.822921e-21
7.023416e+02;3.822381e-21
7.024416e+02;3.821841e-21
7.025416e+02;3.821300e-21
7.026416e+02;3.820760e-21
7.027416e+02;3.820221e-21
7.028416e+02;3.819681e-21
7.029416e+02;3.819141e-21
7.030416e+02;3.818602e-21
7.031416e+02;3.818063e-21
7.032416e+02;3.817524e-21
7.033417e+02;3.816985e-21
7.034417e+02;3.816446e-21
7.035417e+02;3.815907e-21
7.036417e+02;3.815369e-21
7.037417e+02;3.814830e-21
7.038417e+02;3.814292e-21
7.039417e+02;3.813754e-21
7.040417e+02;3.813216e-21
7.041417e+02;3.812678e-21
7.042417e+02;3.812141e-21
7.043417e+02;3.811603e-21
7.044417e+02;3.811066e-21
7.045417e+02;3.810529e-21
7.046417e+02;3.809992e-21
7.047417e+02;3.809455e-21
7.048417e+02;3.808918e-21
7.049417e+02;3.808382e-21
7.050417e+02;3.807846e-21
7.051417e+02;3.807309e-21
7.052417e+02;3.806773e-21
7.053417e+02;3.806237e-21
7.054417e+02;3.805702e-21
7.055417e+02;3.805166e-21
7.056418e+02;3.804630e-21
7.057418e+02;3.804095e-21
7.058418e+02;3.803560e-21
7.059418e+02;3.803025e-21
7.060418e+02;3.802490e-21
7.061418e+02;3.801955e-21
7.062418e+02;3.801421e-21
7.063418e+02;3.800886e-21
7.064418e+02;3.800352e-21
7.065418e+02;3.799818e-21
7.066418e+02;3.799284e-21
7.067418e+02;3.798750e-21
7.068418e+02;3.798217e-21
7.069418e+02;3.797683e-21
7.070418e+02;3.797150e-21
7.071418e+02;3.796616e-21
7.072418e+02;3.796083e-21
7.073418e+02;3.795550e-21
7.074418e+02;3.795018e-21
7.075418e+02;3.794485e-21
7.076418e+02;3.793953e-21
7.077418e+02;3.793420e-21
7.078419e+02;3.792888e-21
7.079419e+02;3.792356e-21
7.080419e+02;3.791824e-21
7.081419e+02;3.791292e-21
7.082419e+02;3.790761e-21
7.083419e+02;3.790229e-21
7.084419e+02;3.789698e-21
7.085419e+02;3.789167e-21
7.086419e+02;3.788636e-21
7.087419e+02;3.788105e-21
7.088419e+02;3.787575e-21
7.089419e+02;3.787044e-21
7.090419e+02;3.786514e-21
7.091419e+02;3.785983e-21
7.092419e+02;3.785453e-21
7.093419e+02;3.784923e-21
7.094419e+02;3.784394e-21
7.095419e+02;3.783864e-21
7.096419e+02;3.783334e-21
7.097419e+02;3.782805e-21
7.098419e+02;3.782276e-21
7.099419e+02;3.781747e-21
7.100420e+02;3.781218e-21
7.101420e+02;3.780689e-21
7.102420e+02;3.780161e-21
7.103420e+02;3.779632e-21
7.104420e+02;3.779104e-21
7.105420e+02;3.778576e-21
7.106420e+02;3.778048e-21
7.107420e+02;3.777520e-21
7.108420e+02;3.776992e-21
7.109420e+02;3.776464e-21
7.110420e+02;3.775937e-21
7.111420e+02;3.775410e-21
7.112420e+02;3.774883e-21
7.113420e+02;3.774356e-21
7.114420e+02;3.773829e-21
7.115420e+02;3.773302e-21
7.116420e+02;3.772775e-21
7.117420e+02;3.772249e-21
7.118420e+02;3.771723e-21
7.119420e+02;3.771197e-21
7.120420e+02;3.770671e-21
7.121420e+02;3.770145e-21
7.122421e+02;3.769619e-21
7.123421e+02;3.769094e-21
7.124421e+02;3.768568e-21
7.125421e+02;3.768043e-21
7.126421e+02;3.767518e-21
7.127421e+02;3.766993e-21
7.128421e+02;3.766468e-21
7.129421e+02;3.765944e-21
7.130421e+02;3.765419e-21
7.131421e+02;3.764895e-21
7.132421e+02;3.764371e-21
7.133421e+02;3.763847e-21
7.134421e+02;3.763323e-21
7.135421e+02;3.762799e-21
7.136421e+02;3.762275e-21
7.137421e+02;3.761752e-21
7.138421e+02;3.761229e-21
7.139421e+02;3.760705e-21
7.140421e+02;3.760182e-21
7.141421e+02;3.759659e-21
7.142421e+02;3.759137e-21
7.143421e+02;3.758614e-21
7.144421e+02;3.758092e-21
7.145422e+02;3.757569e-21
7.146422e+02;3.757047e-21
7.147422e+02;3.756525e-21
7.148422e+02;3.756003e-21
7.149422e+02;3.755481e-21
7.150422e+02;3.754960e-21
7.151422e+02;3.754438e-21
7.152422e+02;3.753917e-21
7.153422e+02;3.753396e-21
7.154422e+02;3.752875e-21
7.155422e+02;3.752354e-21
7.156422e+02;3.751833e-21
7.157422e+02;3.751313e-21
7.158422e+02;3.750792e-21
7.159422e+02;3.750272e-21
7.160422e+02;3.749752e-21
7.161422e+02;3.749232e-21
7.162422e+02;3.748712e-21
7.163422e+02;3.748192e-21
7.164422e+02;3.747673e-21
7.165422e+02;3.747153e-21
7.166422e+02;3.746634e-21
7.167423e+02;3.746115e-21
7.168423e+02;3.745596e-21
7.169423e+02;3.745077e-21
7.170423e+02;3.744558e-21
7.171423e+02;3.744040e-21
7.172423e+02;3.743522e-21
7.173423e+02;3.743003e-21
7.174423e+02;3.742485e-21
7.175423e+02;3.741967e-21
7.176423e+02;3.741449e-21
7.177423e+02;3.740932e-21
7.178423e+02;3.740414e-21
7.179423e+02;3.739897e-21
7.180423e+02;3.739379e-21
7.181423e+02;3.738862e-21
7.182423e+02;3.738345e-21
7.183423e+02;3.737828e-21
7.184423e+02;3.737312e-21
7.185423e+02;3.736795e-21
7.186423e+02;3.736279e-21
7.187423e+02;3.735762e-21
7.188423e+02;3.735246e-21
7.189424e+02;3.734730e-21
7.190424e+02;3.734215e-21
7.191424e+02;3.733699e-21
7.192424e+02;3.733183e-21
7.193424e+02;3.732668e-21
7.194424e+02;3.732153e-21
7.195424e+02;3.731637e-21
7.196424e+02;3.731122e-21
7.197424e+02;3.730608e-21
7.198424e+02;3.730093e-21
7.199424e+02;3.729578e-21
7.200424e+02;3.729064e-21
7.201424e+02;3.728550e-21
7.202424e+02;3.728036e-21
7.203424e+02;3.727522e-21
7.204424e+02;3.727008e-21
7.205424e+02;3.726494e-21
7.206424e+02;3.725980e-21
7.207424e+02;3.725467e-21
7.208424e+02;3.724954e-21
7.209424e+02;3.724441e-21
7.210424e+02;3.723928e-21
7.211425e+02;3.723415e-21
7.212425e+02;3.722902e-21
7.213425e+02;3.722389e-21
7.214425e+02;3.721877e-21
7.215425e+02;3.721365e-21
7.216425e+02;3.720852e-21
7.217425e+02;3.720340e-21
7.218425e+02;3.719829e-21
7.219425e+02;3.719317e-21
7.220425e+02;3.718805e-21
7.221425e+02;3.718294e-21
7.222425e+02;3.717783e-21
7.223425e+02;3.717271e-21
7.224425e+02;3.716760e-21
7.225425e+02;3.716249e-21
7.226425e+02;3.715739e-21
7.227425e+02;3.715228e-21
7.228425e+02;3.714718e-21
7.229425e+02;3.714207e-21
7.230425e+02;3.713697e-21
7.231425e+02;3.713187e-21
7.232425e+02;3.712677e-21
7.233426e+02;3.712167e-21
7.234426e+02;3.711658e-21
7.235426e+02;3.711148e-21
7.236426e+02;3.710639e-21
7.237426e+02;3.710130e-21
7.238426e+02;3.709621e-21
7.239426e+02;3.709112e-21
7.240426e+02;3.708603e-21
7.241426e+02;3.708094e-21
7.242426e+02;3.707586e-21
7.243426e+02;3.707077e-21
7.244426e+02;3.706569e-21
7.245426e+02;3.706061e-21
7.246426e+02;3.705553e-21
7.247426e+02;3.705045e-21
7.248426e+02;3.704538e-21
7.249426e+02;3.704030e-21
7.250426e+02;3.703523e-21
7.251426e+02;3.703015e-21
7.252426e+02;3.702508e-21
7.253426e+02;3.702001e-21
7.254426e+02;3.701494e-21
7.255426e+02;3.700988e-21
7.256427e+02;3.700481e-21
7.257427e+02;3.699975e-21
7.258427e+02;3.699468e-21
7.259427e+02;3.698962e-21
7.260427e+02;3.698456e-21
7.261427e+02;3.697950e-21
7.262427e+02;3.697445e-21
7.263427e+02;3.696939e-21
7.264427e+02;3.696434e-21
7.265427e+02;3.695928e-21
7.266427e+02;3.695423e-21
7.267427e+02;3.694918e-21
7.268427e+02;3.694413e-21
7.269427e+02;3.693908e-21
7.270427e+02;3.693404e-21
7.271427e+02;3.692899e-21
7.272427e+02;3.692395e-21
7.273427e+02;3.691891e-21
7.274427e+02;3.691387e-21
7.275427e+02;3.690883e-21
7.276427e+02;3.690379e-21
7.277427e+02;3.689875e-21
7.278428e+02;3.689372e-21
7.279428e+02;3.688868e-21
7.280428e+02;3.688365e-21
7.281428e+02;3.687862e-21
7.282428e+02;3.687359e-21
7.283428e+02;3.686856e-21
7.284428e+02;3.686353e-21
7.285428e+02;3.685851e-21
7.286428e+02;3.685348e-21
7.287428e+02;3.684846e-21
7.288428e+02;3.684344e-21
7.289428e+02;3.683842e-21
7.290428e+02;3.683340e-21
7.291428e+02;3.682838e-21
7.292428e+02;3.682337e-21
7.293428e+02;3.681835e-21
7.294428e+02;3.681334e-21
7.295428e+02;3.680833e-21
7.296428e+02;3.680332e-21
7.297428e+02;3.679831e-21
7.298428e+02;3.679330e-21
7.299428e+02;3.678829e-21
7.300429e+02;3.678329e-21
7.301429e+02;3.677828e-21
7.302429e+02;3.677328e-21
7.303429e+02;3.676828e-21
7.304429e+02;3.676328e-21
7.305429e+02;3.675828e-21
7.306429e+02;3.675328e-21
7.307429e+02;3.674829e-21
7.308429e+02;3.674329e-21
7.309429e+02;3.673830e-21
7.310429e+02;3.673331e-21
7.311429e+02;3.672832e-21
7.312429e+02;3.672333e-21
7.313429e+02;3.671834e-21
7.314429e+02;3.671336e-21
7.315429e+02;3.670837e-21
7.316429e+02;3.670339e-21
7.317429e+02;3.669841e-21
7.318429e+02;3.669343e-21
7.319429e+02;3.668845e-21
7.320429e+02;3.668347e-21
7.321429e+02;3.667849e-21
7.322430e+02;3.667352e-21
7.323430e+02;3.666854e-21
7.324430e+02;3.666357e-21
7.325430e+02;3.665860e-21
7.326430e+02;3.665363e-21
7.327430e+02;3.664866e-21
7.328430e+02;3.664369e-21
7.329430e+02;3.663873e-21
7.330430e+02;3.663376e-21
7.331430e+02;3.662880e-21
7.332430e+02;3.662384e-21
7.333430e+02;3.661888e-21
7.334430e+02;3.661392e-21
7.335430e+02;3.660896e-21
7.336430e+02;3.660400e-21
7.337430e+02;3.659905e-21
7.338430e+02;3.659409e-21
7.339430e+02;3.658914e-21
7.340430e+02;3.658419e-21
7.341430e+02;3.657924e-21
7.342430e+02;3.657429e-21
7.343430e+02;3.656934e-21
7.344430e+02;3.656440e-21
7.345431e+02;3.655945e-21
7.346431e+02;3.655451e-21
7.347431e+02;3.654957e-21
7.348431e+02;3.654463e-21
7.349431e+02;3.653969e-21
7.350431e+02;3.653475e-21
7.351431e+02;3.652981e-21
7.352431e+02;3.652488e-21
7.353431e+02;3.651995e-21
7.354431e+02;3.651501e-21
7.355431e+02;3.651008e-21
7.356431e+02;3.650515e-21
7.357431e+02;3.650022e-21
7.358431e+02;3.649530e-21
7.359431e+02;3.649037e-21
7.360431e+02;3.648545e-21
7.361431e+02;3.648052e-21
7.362431e+02;3.647560e-21
7.363431e+02;3.647068e-21
7.364431e+02;3.646576e-21
7.365431e+02;3.646084e-21
7.366431e+02;3.645593e-21
7.367432e+02;3.645101e-21
7.368432e+02;3.644610e-21
7.369432e+02;3.644118e-21
7.370432e+02;3.643627e-21
7.371432e+02;3.643136e-21
7.372432e+02;3.642646e-21
7.373432e+02;3.642155e-21
7.374432e+02;3.641664e-21
7.375432e+02;3.641174e-21
7.376432e+02;3.640683e-21
7.377432e+02;3.640193e-21
7.378432e+02;3.639703e-21
7.379432e+02;3.639213e-21
7.380432e+02;3.638723e-21
7.381432e+02;3.638234e-21
7.382432e+02;3.637744e-21
7.383432e+02;3.637255e-21
7.384432e+02;3.636766e-21
7.385432e+02;3.636276e-21
7.386432e+02;3.635787e-21
7.387432e+02;3.635298e-21
7.388432e+02;3.634810e-21
7.389433e+02;3.634321e-21
7.390433e+02;3.633833e-21
7.391433e+02;3.633344e-21
7.392433e+02;3.632856e-21
7.393433e+02;3.632368e-21
7.394433e+02;3.631880e-21
7.395433e+02;3.631392e-21
7.396433e+02;3.630904e-21
7.397433e+02;3.630417e-21
7.398433e+02;3.629929e-21
7.399433e+02;3.629442e-21
7.400433e+02;3.628955e-21
7.401433e+02;3.628468e-21
7.402433e+02;3.627981e-21
7.403433e+02;3.627494e-21
7.404433e+02;3.627008e-21
7.405433e+02;3.626521e-21
7.406433e+02;3.626035e-21
7.407433e+02;3.625548e-21
7.408433e+02;3.625062e-21
7.409433e+02;3.624576e-21
7.410433e+02;3.624090e-21
7.411434e+02;3.623605e-21
7.412434e+02;3.623119e-21
7.413434e+02;3.622634e-21
7.414434e+02;3.622148e-21
7.415434e+02;3.621663e-21
7.416434e+02;3.621178e-21
7.417434e+02;3.620693e-21
7.418434e+02;3.620208e-21
7.419434e+02;3.619723e-21
7.420434e+02;3.619239e-21
7.421434e+02;3.618754e-21
7.422434e+02;3.618270e-21
7.423434e+02;3.617786e-21
7.424434e+02;3.617302e-21
7.425434e+02;3.616818e-21
7.426434e+02;3.616334e-21
7.427434e+02;3.615850e-21
7.428434e+02;3.615367e-21
7.429434e+02;3.614883e-21
7.430434e+02;3.614400e-21
7.431434e+02;3.613917e-21
7.432434e+02;3.613434e-21
7.433435e+02;3.612951e-21
7.434435e+02;3.612468e-21
7.435435e+02;3.611986e-21
7.436435e+02;3.611503e-21
7.437435e+02;3.611021e-21
7.438435e+02;3.610539e-21
7.439435e+02;3.610056e-21
7.440435e+02;3.609574e-21
7.441435e+02;3.609093e-21
7.442435e+02;3.608611e-21
7.443435e+02;3.608129e-21
7.444435e+02;3.607648e-21
7.445435e+02;3.607166e-21
7.446435e+02;3.606685e-21
7.447435e+02;3.606204e-21
7.448435e+02;3.605723e-21
7.449435e+02;3.605242e-21
7.450435e+02;3.604762e-21
7.451435e+02;3.604281e-21
7.452435e+02;3.603801e-21
7.453435e+02;3.603320e-21
7.454435e+02;3.602840e-21
7.455435e+02;3.602360e-21
7.456436e+02;3.601880e-21
7.457436e+02;3.601400e-21
7.458436e+02;3.600921e-21
7.459436e+02;3.600441e-21
7.460436e+02;3.599962e-21
7.461436e+02;3.599482e-21
7.462436e+02;3.599003e-21
7.463436e+02;3.598524e-21
7.464436e+02;3.598045e-21
7.465436e+02;3.597566e-21
7.466436e+02;3.597088e-21
7.467436e+02;3.596609e-21
7.468436e+02;3.596131e-21
7.469436e+02;3.595653e-21
7.470436e+02;3.595174e-21
7.471436e+02;3.594696e-21
7.472436e+02;3.594218e-21
7.473436e+02;3.593741e-21
7.474436e+02;3.593263e-21
7.475436e+02;3.592786e-21
7.476436e+02;3.592308e-21
7.477436e+02;3.591831e-21
7.478437e+02;3.591354e-21
7.479437e+02;3.590877e-21
7.480437e+02;3.590400e-21
7.481437e+02;3.589923e-21
7.482437e+02;3.589446e-21
7.483437e+02;3.588970e-21
7.484437e+02;3.588494e-21
7.485437e+02;3.588017e-21
7.486437e+02;3.587541e-21
7.487437e+02;3.587065e-21
7.488437e+02;3.586589e-21
7.489437e+02;3.586114e-21
7.490437e+02;3.585638e-21
7.491437e+02;3.585162e-21
7.492437e+02;3.584687e-21
7.493437e+02;3.584212e-21
7.494437e+02;3.583737e-21
7.495437e+02;3.583262e-21
7.496437e+02;3.582787e-21
7.497437e+02;3.582312e-21
7.498437e+02;3.581838e-21
7.499437e+02;3.581363e-21
7.500438e+02;3.580889e-21
7.501438e+02;3.580414e-21
7.502438e+02;3.579940e-21
7.503438e+02;3.579466e-21
7.504438e+02;3.578993e-21
7.505438e+02;3.578519e-21
7.506438e+02;3.578045e-21
7.507438e+02;3.577572e-21
7.508438e+02;3.577098e-21
7.509438e+02;3.576625e-21
7.510438e+02;3.576152e-21
7.511438e+02;3.575679e-21
7.512438e+02;3.575206e-21
7.513438e+02;3.574733e-21
7.514438e+02;3.574261e-21
7.515438e+02;3.573788e-21
7.516438e+02;3.573316e-21
7.517438e+02;3.572844e-21
7.518438e+02;3.572372e-21
7.519438e+02;3.571900e-21
7.520438e+02;3.571428e-21
7.521438e+02;3.570956e-21
7.522439e+02;3.570484e-21
7.523439e+02;3.570013e-21
7.524439e+02;3.569542e-21
7.525439e+02;3.569070e-21
7.526439e+02;3.568599e-21
7.527439e+02;3.568128e-21
7.528439e+02;3.567657e-21
7.529439e+02;3.567187e-21
7.530439e+02;3.566716e-21
7.531439e+02;3.566246e-21
7.532439e+02;3.565775e-21
7.533439e+02;3.565305e-21
7.534439e+02;3.564835e-21
7.535439e+02;3.564365e-21
7.536439e+02;3.563895e-21
7.537439e+02;3.563425e-21
7.538439e+02;3.562956e-21
7.539439e+02;3.562486e-21
7.540439e+02;3.562017e-21
7.541439e+02;3.561547e-21
7.542439e+02;3.561078e-21
7.543439e+02;3.560609e-21
7.544439e+02;3.560140e-21
7.545440e+02;3.559672e-21
7.546440e+02;3.559203e-21
7.547440e+02;3.558735e-21
7.548440e+02;3.558266e-21
7.549440e+02;3.557798e-21
7.550440e+02;3.557330e-21
7.551440e+02;3.556862e-21
7.552440e+02;3.556394e-21
7.553440e+02;3.555926e-21
7.554440e+02;3.555458e-21
7.555440e+02;3.554991e-21
7.556440e+02;3.554523e-21
7.557440e+02;3.554056e-21
7.558440e+02;3.553589e-21
7.559440e+02;3.553122e-21
7.560440e+02;3.552655e-21
7.561440e+02;3.552188e-21
7.562440e+02;3.551722e-21
7.563440e+02;3.551255e-21
7.564440e+02;3.550789e-21
7.565440e+02;3.550322e-21
7.566440e+02;3.549856e-21
7.567441e+02;3.549390e-21
7.568441e+02;3.548924e-21
7.569441e+02;3.548458e-21
7.570441e+02;3.547993e-21
7.571441e+02;3.547527e-21
7.572441e+02;3.547062e-21
7.573441e+02;3.546596e-21
7.574441e+02;3.546131e-21
7.575441e+02;3.545666e-21
7.576441e+02;3.545201e-21
7.577441e+02;3.544736e-21
7.578441e+02;3.544272e-21
7.579441e+02;3.543807e-21
7.580441e+02;3.543343e-21
7.581441e+02;3.542878e-21
7.582441e+02;3.542414e-21
7.583441e+02;3.541950e-21
7.584441e+02;3.541486e-21
7.585441e+02;3.541022e-21
7.586441e+02;3.540558e-21
7.587441e+02;3.540095e-21
7.588441e+02;3.539631e-21
7.589442e+02;3.539168e-21
7.590442e+02;3.538705e-21
7.591442e+02;3.538241e-21
7.592442e+02;3.537778e-21
7.593442e+02;3.537316e-21
7.594442e+02;3.536853e-21
7.595442e+02;3.536390e-21
7.596442e+02;3.535928e-21
7.597442e+02;3.535465e-21
7.598442e+02;3.535003e-21
7.599442e+02;3.534541e-21
7.600442e+02;3.534079e-21
7.601442e+02;3.533617e-21
7.602442e+02;3.533155e-21
7.603442e+02;3.532693e-21
7.604442e+02;3.532232e-21
7.605442e+02;3.531770e-21
7.606442e+02;3.531309e-21
7.607442e+02;3.530848e-21
7.608442e+02;3.530387e-21
7.609442e+02;3.529926e-21
7.610442e+02;3.529465e-21
7.611443e+02;3.529004e-21
7.612443e+02;3.528544e-21
7.613443e+02;3.528083e-21
7.614443e+02;3.527623e-21
7.615443e+02;3.527162e-21
7.616443e+02;3.526702e-21
7.617443e+02;3.526242e-21
7.618443e+02;3.525782e-21
7.619443e+02;3.525323e-21
7.620443e+02;3.524863e-21
7.621443e+02;3.524404e-21
7.622443e+02;3.523944e-21
7.623443e+02;3.523485e-21
7.624443e+02;3.523026e-21
7.625443e+02;3.522567e-21
7.626443e+02;3.522108e-21
7.627443e+02;3.521649e-21
7.628443e+02;3.521190e-21
7.629443e+02;3.520732e-21
7.630443e+02;3.520273e-21
7.631443e+02;3.519815e-21
7.632443e+02;3.519357e-21
7.633444e+02;3.518899e-21
7.634444e+02;3.518441e-21
7.635444e+02;3.517983e-21
7.636444e+02;3.517525e-21
7.637444e+02;3.517068e-21
7.638444e+02;3.516610e-21
7.639444e+02;3.516153e-21
7.640444e+02;3.515695e-21
7.641444e+02;3.515238e-21
7.642444e+02;3.514781e-21
7.643444e+02;3.514324e-21
7.644444e+02;3.513868e-21
7.645444e+02;3.513411e-21
7.646444e+02;3.512954e-21
7.647444e+02;3.512498e-21
7.648444e+02;3.512042e-21
7.649444e+02;3.511586e-21
7.650444e+02;3.511129e-21
7.651444e+02;3.510674e-21
7.652444e+02;3.510218e-21
7.653444e+02;3.509762e-21
7.654444e+02;3.509306e-21
7.655444e+02;3.508851e-21
7.656445e+02;3.508396e-21
7.657445e+02;3.507940e-21
7.658445e+02;3.507485e-21
7.659445e+02;3.507030e-21
7.660445e+02;3.506575e-21
7.661445e+02;3.506121e-21
7.662445e+02;3.505666e-21
7.663445e+02;3.505211e-21
7.664445e+02;3.504757e-21
7.665445e+02;3.504303e-21
7.666445e+02;3.503849e-21
7.667445e+02;3.503394e-21
7.668445e+02;3.502941e-21
7.669445e+02;3.502487e-21
7.670445e+02;3.502033e-21
7.671445e+02;3.501579e-21
7.672445e+02;3.501126e-21
7.673445e+02;3.500673e-21
7.674445e+02;3.500219e-21
7.675445e+02;3.499766e-21
7.676445e+02;3.499313e-21
7.677445e+02;3.498860e-21
7.678446e+02;3.498408e-21
7.679446e+02;3.497955e-21
7.680446e+02;3.497502e-21
7.681446e+02;3.497050e-21
7.682446e+02;3.496598e-21
7.683446e+02;3.496146e-21
7.684446e+02;3.495693e-21
7.685446e+02;3.495241e-21
7.686446e+02;3.494790e-21
7.687446e+02;3.494338e-21
7.688446e+02;3.493886e-21
7.689446e+02;3.493435e-21
7.690446e+02;3.492984e-21
7.691446e+02;3.492532e-21
7.692446e+02;3.492081e-21
7.693446e+02;3.491630e-21
7.694446e+02;3.491179e-21
7.695446e+02;3.490728e-21
7.696446e+02;3.490278e-21
7.697446e+02;3.489827e-21
7.698446e+02;3.489377e-21
7.699446e+02;3.488926e-21
7.700447e+02;3.488476e-21
7.701447e+02;3.488026e-21
7.702447e+02;3.487576e-21
7.703447e+02;3.487126e-21
7.704447e+02;3.486677e-21
7.705447e+02;3.486227e-21
7.706447e+02;3.485778e-21
7.707447e+02;3.485328e-21
7.708447e+02;3.484879e-21
7.709447e+02;3.484430e-21
7.710447e+02;3.483981e-21
7.711447e+02;3.483532e-21
7.712447e+02;3.483083e-21
7.713447e+02;3.482634e-21
7.714447e+02;3.482186e-21
7.715447e+02;3.481737e-21
7.716447e+02;3.481289e-21
7.717447e+02;3.480841e-21
7.718447e+02;3.480393e-21
7.719447e+02;3.479945e-21
7.720447e+02;3.479497e-21
7.721447e+02;3.479049e-21
7.722448e+02;3.478601e-21
7.723448e+02;3.478154e-21
7.724448e+02;3.477706e-21
7.725448e+02;3.477259e-21
7.726448e+02;3.476812e-21
7.727448e+02;3.476365e-21
7.728448e+02;3.475918e-21
7.729448e+02;3.475471e-21
7.730448e+02;3.475024e-21
7.731448e+02;3.474577e-21
7.732448e+02;3.474131e-21
7.733448e+02;3.473685e-21
7.734448e+02;3.473238e-21
7.735448e+02;3.472792e-21
7.736448e+02;3.472346e-21
7.737448e+02;3.471900e-21
7.738448e+02;3.471454e-21
7.739448e+02;3.471009e-21
7.740448e+02;3.470563e-21
7.741448e+02;3.470118e-21
7.742448e+02;3.469672e-21
7.743448e+02;3.469227e-21
7.744448e+02;3.468782e-21
7.745449e+02;3.468337e-21
7.746449e+02;3.467892e-21
7.747449e+02;3.467447e-21
7.748449e+02;3.467002e-21
7.749449e+02;3.466558e-21
7.750449e+02;3.466113e-21
7.751449e+02;3.465669e-21
7.752449e+02;3.465225e-21
7.753449e+02;3.464781e-21
7.754449e+02;3.464337e-21
7.755449e+02;3.463893e-21
7.756449e+02;3.463449e-21
7.757449e+02;3.463005e-21
7.758449e+02;3.462562e-21
7.759449e+02;3.462119e-21
7.760449e+02;3.461675e-21
7.761449e+02;3.461232e-21
7.762449e+02;3.460789e-21
7.763449e+02;3.460346e-21
7.764449e+02;3.459903e-21
7.765449e+02;3.459460e-21
7.766449e+02;3.459018e-21
7.767450e+02;3.458575e-21
7.768450e+02;3.458133e-21
7.769450e+02;3.457691e-21
7.770450e+02;3.457248e-21
7.771450e+02;3.456806e-21
7.772450e+02;3.456364e-21
7.773450e+02;3.455923e-21
7.774450e+02;3.455481e-21
7.775450e+02;3.455039e-21
7.776450e+02;3.454598e-21
7.777450e+02;3.454156e-21
7.778450e+02;3.453715e-21
7.779450e+02;3.453274e-21
7.780450e+02;3.452833e-21
7.781450e+02;3.452392e-21
7.782450e+02;3.451951e-21
7.783450e+02;3.451510e-21
7.784450e+02;3.451070e-21
7.785450e+02;3.450629e-21
7.786450e+02;3.450189e-21
7.787450e+02;3.449749e-21
7.788450e+02;3.449308e-21
7.789451e+02;3.448868e-21
7.790451e+02;3.448428e-21
7.791451e+02;3.447989e-21
7.792451e+02;3.447549e-21
7.793451e+02;3.447109e-21
7.794451e+02;3.446670e-21
7.795451e+02;3.446231e-21
7.796451e+02;3.445791e-21
7.797451e+02;3.445352e-21
7.798451e+02;3.444913e-21
7.799451e+02;3.444474e-21
7.800451e+02;3.444035e-21
7.801451e+02;3.443597e-21
7.802451e+02;3.443158e-21
7.803451e+02;3.442720e-21
7.804451e+02;3.442281e-21
7.805451e+02;3.441843e-21
7.806451e+02;3.441405e-21
7.807451e+02;3.440967e-21
7.808451e+02;3.440529e-21
7.809451e+02;3.440091e-21
7.810451e+02;3.439653e-21
7.811452e+02;3.439216e-21
7.812452e+02;3.438778e-21
7.813452e+02;3.438341e-21
7.814452e+02;3.437904e-21
7.815452e+02;3.437467e-21
7.816452e+02;3.437030e-21
7.817452e+02;3.436593e-21
7.818452e+02;3.436156e-21
7.819452e+02;3.435719e-21
7.820452e+02;3.435283e-21
7.821452e+02;3.434846e-21
7.822452e+02;3.434410e-21
7.823452e+02;3.433974e-21
7.824452e+02;3.433537e-21
7.825452e+02;3.433101e-21
7.826452e+02;3.432666e-21
7.827452e+02;3.432230e-21
7.828452e+02;3.431794e-21
7.829452e+02;3.431358e-21
7.830452e+02;3.430923e-21
7.831452e+02;3.430488e-21
7.832452e+02;3.430052e-21
7.833453e+02;3.429617e-21
7.834453e+02;3.429182e-21
7.835453e+02;3.428747e-21
7.836453e+02;3.428313e-21
7.837453e+02;3.427878e-21
7.838453e+02;3.427443e-21
7.839453e+02;3.427009e-21
7.840453e+02;3.426574e-21
7.841453e+02;3.426140e-21
7.842453e+02;3.425706e-21
7.843453e+02;3.425272e-21
7.844453e+02;3.424838e-21
7.845453e+02;3.424404e-21
7.846453e+02;3.423970e-21
7.847453e+02;3.423537e-21
7.848453e+02;3.423103e-21
7.849453e+02;3.422670e-21
7.850453e+02;3.422237e-21
7.851453e+02;3.421804e-21
7.852453e+02;3.421371e-21
7.853453e+02;3.420938e-21
7.854453e+02;3.420505e-21
7.855453e+02;3.420072e-21
7.856454e+02;3.419639e-21
7.857454e+02;3.419207e-21
7.858454e+02;3.418775e-21
7.859454e+02;3.418342e-21
7.860454e+02;3.417910e-21
7.861454e+02;3.417478e-21
7.862454e+02;3.417046e-21
7.863454e+02;3.416614e-21
7.864454e+02;3.416182e-21
7.865454e+02;3.415751e-21
7.866454e+02;3.415319e-21
7.867454e+02;3.414888e-21
7.868454e+02;3.414457e-21
7.869454e+02;3.414025e-21
7.870454e+02;3.413594e-21
7.871454e+02;3.413163e-21
7.872454e+02;3.412732e-21
7.873454e+02;3.412302e-21
7.874454e+02;3.411871e-21
7.875454e+02;3.411441e-21
7.876454e+02;3.411010e-21
7.877454e+02;3.410580e-21
7.878455e+02;3.410150e-21
7.879455e+02;3.409719e-21
7.880455e+02;3.409289e-21
7.881455e+02;3.408860e-21
7.882455e+02;3.408430e-21
7.883455e+02;3.408000e-21
7.884455e+02;3.407571e-21
7.885455e+02;3.407141e-21
7.886455e+02;3.406712e-21
7.887455e+02;3.406282e-21
7.888455e+02;3.405853e-21
7.889455e+02;3.405424e-21
7.890455e+02;3.404995e-21
7.891455e+02;3.404567e-21
7.892455e+02;3.404138e-21
7.893455e+02;3.403709e-21
7.894455e+02;3.403281e-21
7.895455e+02;3.402852e-21
7.896455e+02;3.402424e-21
7.897455e+02;3.401996e-21
7.898455e+02;3.401568e-21
7.899455e+02;3.401140e-21
7.900456e+02;3.400712e-21
7.901456e+02;3.400284e-21
7.902456e+02;3.399857e-21
7.903456e+02;3.399429e-21
7.904456e+02;3.399002e-21
7.905456e+02;3.398575e-21
7.906456e+02;3.398147e-21
7.907456e+02;3.397720e-21
7.908456e+02;3.397293e-21
7.909456e+02;3.396866e-21
7.910456e+02;3.396440e-21
7.911456e+02;3.396013e-21
7.912456e+02;3.395587e-21
7.913456e+02;3.395160e-21
7.914456e+02;3.394734e-21
7.915456e+02;3.394308e-21
7.916456e+02;3.393881e-21
7.917456e+02;3.393455e-21
7.918456e+02;3.393029e-21
7.919456e+02;3.392604e-21
7.920456e+02;3.392178e-21
7.921456e+02;3.391752e-21
7.922457e+02;3.391327e-21
7.923457e+02;3.390902e-21
7.924457e+02;3.390476e-21
7.925457e+02;3.390051e-21
7.926457e+02;3.389626e-21
7.927457e+02;3.389201e-21
7.928457e+02;3.388776e-21
7.929457e+02;3.388352e-21
7.930457e+02;3.387927e-21
7.931457e+02;3.387502e-21
7.932457e+02;3.387078e-21
7.933457e+02;3.386654e-21
7.934457e+02;3.386229e-21
7.935457e+02;3.385805e-21
7.936457e+02;3.385381e-21
7.937457e+02;3.384957e-21
7.938457e+02;3.384534e-21
7.939457e+02;3.384110e-21
7.940457e+02;3.383686e-21
7.941457e+02;3.383263e-21
7.942457e+02;3.382840e-21
7.943457e+02;3.382416e-21
7.944457e+02;3.381993e-21
7.945458e+02;3.381570e-21
7.946458e+02;3.381147e-21
7.947458e+02;3.380724e-21
7.948458e+02;3.380302e-21
7.949458e+02;3.379879e-21
7.950458e+02;3.379457e-21
7.951458e+02;3.379034e-21
7.952458e+02;3.378612e-21
7.953458e+02;3.378190e-21
7.954458e+02;3.377768e-21
7.955458e+02;3.377346e-21
7.956458e+02;3.376924e-21
7.957458e+02;3.376502e-21
7.958458e+02;3.376080e-21
7.959458e+02;3.375659e-21
7.960458e+02;3.375237e-21
7.961458e+02;3.374816e-21
7.962458e+02;3.374395e-21
7.963458e+02;3.373974e-21
7.964458e+02;3.373553e-21
7.965458e+02;3.373132e-21
7.966458e+02;3.372711e-21
7.967459e+02;3.372290e-21
7.968459e+02;3.371870e-21
7.969459e+02;3.371449e-21
7.970459e+02;3.371029e-21
7.971459e+02;3.370608e-21
7.972459e+02;3.370188e-21
7.973459e+02;3.369768e-21
7.974459e+02;3.369348e-21
7.975459e+02;3.368928e-21
7.976459e+02;3.368508e-21
7.977459e+02;3.368089e-21
7.978459e+02;3.367669e-21
7.979459e+02;3.367250e-21
7.980459e+02;3.366830e-21
7.981459e+02;3.366411e-21
7.982459e+02;3.365992e-21
7.983459e+02;3.365573e-21
7.984459e+02;3.365154e-21
7.985459e+02;3.364735e-21
7.986459e+02;3.364316e-21
7.987459e+02;3.363898e-21
7.988459e+02;3.363479e-21
7.989460e+02;3.363061e-21
7.990460e+02;3.362642e-21
7.991460e+02;3.362224e-21
7.992460e+02;3.361806e-21
7.993460e+02;3.361388e-21
7.994460e+02;3.360970e-21
7.995460e+02;3.360552e-21
7.996460e+02;3.360135e-21
7.997460e+02;3.359717e-21
7.998460e+02;3.359300e-21
7.999460e+02;3.358882e-21
8.000460e+02;3.358465e-21
8.001460e+02;3.358048e-21
8.002460e+02;3.357631e-21
8.003460e+02;3.357214e-21
8.004460e+02;3.356797e-21
8.005460e+02;3.356380e-21
8.006460e+02;3.355964e-21
8.007460e+02;3.355547e-21
8.008460e+02;3.355131e-21
8.009460e+02;3.354714e-21
8.010460e+02;3.354298e-21
8.011461e+02;3.353882e-21
8.012461e+02;3.353466e-21
8.013461e+02;3.353050e-21
8.014461e+02;3.352634e-21
8.015461e+02;3.352218e-21
8.016461e+02;3.351803e-21
8.017461e+02;3.351387e-21
8.018461e+02;3.350972e-21
8.019461e+02;3.350556e-21
8.020461e+02;3.350141e-21
8.021461e+02;3.349726e-21
8.022461e+02;3.349311e-21
8.023461e+02;3.348896e-21
8.024461e+02;3.348481e-21
8.025461e+02;3.348067e-21
8.026461e+02;3.347652e-21
8.027461e+02;3.347238e-21
8.028461e+02;3.346823e-21
8.029461e+02;3.346409e-21
8.030461e+02;3.345995e-21
8.031461e+02;3.345581e-21
8.032461e+02;3.345167e-21
8.033462e+02;3.344753e-21
8.034462e+02;3.344339e-21
8.035462e+02;3.343925e-21
8.036462e+02;3.343512e-21
8.037462e+02;3.343098e-21
8.038462e+02;3.342685e-21
8.039462e+02;3.342272e-21
8.040462e+02;3.341859e-21
8.041462e+02;3.341445e-21
8.042462e+02;3.341033e-21
8.043462e+02;3.340620e-21
8.044462e+02;3.340207e-21
8.045462e+02;3.339794e-21
8.046462e+02;3.339382e-21
8.047462e+02;3.338969e-21
8.048462e+02;3.338557e-21
8.049462e+02;3.338145e-21
8.050462e+02;3.337733e-21
8.051462e+02;3.337320e-21
8.052462e+02;3.336909e-21
8.053462e+02;3.336497e-21
8.054462e+02;3.336085e-21
8.055462e+02;3.335673e-21
8.056463e+02;3.335262e-21
8.057463e+02;3.334850e-21
8.058463e+02;3.334439e-21
8.059463e+02;3.334028e-21
8.060463e+02;3.333617e-21
8.061463e+02;3.333206e-21
8.062463e+02;3.332795e-21
8.063463e+02;3.332384e-21
8.064463e+02;3.331973e-21
8.065463e+02;3.331563e-21
8.066463e+02;3.331152e-21
8.067463e+02;3.330742e-21
8.068463e+02;3.330331e-21
8.069463e+02;3.329921e-21
8.070463e+02;3.329511e-21
8.071463e+02;3.329101e-21
8.072463e+02;3.328691e-21
8.073463e+02;3.328281e-21
8.074463e+02;3.327872e-21
8.075463e+02;3.327462e-21
8.076463e+02;3.327052e-21
8.077463e+02;3.326643e-21
8.078464e+02;3.326234e-21
8.079464e+02;3.325825e-21
8.080464e+02;3.325415e-21
8.081464e+02;3.325006e-21
8.082464e+02;3.324597e-21
8.083464e+02;3.324189e-21
8.084464e+02;3.323780e-21
8.085464e+02;3.323371e-21
8.086464e+02;3.322963e-21
8.087464e+02;3.322554e-21
8.088464e+02;3.322146e-21
8.089464e+02;3.321738e-21
8.090464e+02;3.321330e-21
8.091464e+02;3.320922e-21
8.092464e+02;3.320514e-21
8.093464e+02;3.320106e-21
8.094464e+02;3.319698e-21
8.095464e+02;3.319291e-21
8.096464e+02;3.318883e-21
8.097464e+02;3.318476e-21
8.098464e+02;3.318069e-21
8.099464e+02;3.317661e-21
8.100465e+02;3.317254e-21
8.101465e+02;3.316847e-21
8.102465e+02;3.316440e-21
8.103465e+02;3.316034e-21
8.104465e+02;3.315627e-21
8.105465e+02;3.315220e-21
8.106465e+02;3.314814e-21
8.107465e+02;3.314407e-21
8.108465e+02;3.314001e-21
8.109465e+02;3.313595e-21
8.110465e+02;3.313189e-21
8.111465e+02;3.312783e-21
8.112465e+02;3.312377e-21
8.113465e+02;3.311971e-21
8.114465e+02;3.311565e-21
8.115465e+02;3.311160e-21
8.116465e+02;3.310754e-21
8.117465e+02;3.310349e-21
8.118465e+02;3.309944e-21
8.119465e+02;3.309538e-21
8.120465e+02;3.309133e-21
8.121465e+02;3.308728e-21
8.122466e+02;3.308323e-21
8.123466e+02;3.307919e-21
8.124466e+02;3.307514e-21
8.125466e+02;3.307109e-21
8.126466e+02;3.306705e-21
8.127466e+02;3.306300e-21
8.128466e+02;3.305896e-21
8.129466e+02;3.305492e-21
8.130466e+02;3.305088e-21
8.131466e+02;3.304684e-21
8.132466e+02;3.304280e-21
8.133466e+02;3.303876e-21
8.134466e+02;3.303472e-21
8.135466e+02;3.303068e-21
8.136466e+02;3.302665e-21
8.137466e+02;3.302261e-21
8.138466e+02;3.301858e-21
8.139466e+02;3.301455e-21
8.140466e+02;3.301052e-21
8.141466e+02;3.300649e-21
8.142466e+02;3.300246e-21
8.143466e+02;3.299843e-21
8.144466e+02;3.299440e-21
8.145467e+02;3.299038e-21
8.146467e+02;3.298635e-21
8.147467e+02;3.298233e-21
8.148467e+02;3.297830e-21
8.149467e+02;3.297428e-21
8.150467e+02;3.297026e-21
8.151467e+02;3.296624e-21
8.152467e+02;3.296222e-21
8.153467e+02;3.295820e-21
8.154467e+02;3.295418e-21
8.155467e+02;3.295017e-21
8.156467e+02;3.294615e-21
8.157467e+02;3.294214e-21
8.158467e+02;3.293812e-21
8.159467e+02;3.293411e-21
8.160467e+02;3.293010e-21
8.161467e+02;3.292609e-21
8.162467e+02;3.292208e-21
8.163467e+02;3.291807e-21
8.164467e+02;3.291406e-21
8.165467e+02;3.291005e-21
8.166467e+02;3.290605e-21
8.167468e+02;3.290204e-21
8.168468e+02;3.289804e-21
8.169468e+02;3.289404e-21
8.170468e+02;3.289003e-21
8.171468e+02;3.288603e-21
8.172468e+02;3.288203e-21
8.173468e+02;3.287803e-21
8.174468e+02;3.287403e-21
8.175468e+02;3.287004e-21
8.176468e+02;3.286604e-21
8.177468e+02;3.286205e-21
8.178468e+02;3.285805e-21
8.179468e+02;3.285406e-21
8.180468e+02;3.285007e-21
8.181468e+02;3.284608e-21
8.182468e+02;3.284209e-21
8.183468e+02;3.283810e-21
8.184468e+02;3.283411e-21
8.185468e+02;3.283012e-21
8.186468e+02;3.282613e-21
8.187468e+02;3.282215e-21
8.188468e+02;3.281816e-21
8.189469e+02;3.281418e-21
8.190469e+02;3.281020e-21
8.191469e+02;3.280622e-21
8.192469e+02;3.280224e-21
8.193469e+02;3.279826e-21
8.194469e+02;3.279428e-21
8.195469e+02;3.279030e-21
8.196469e+02;3.278632e-21
8.197469e+02;3.278235e-21
8.198469e+02;3.277837e-21
8.199469e+02;3.277440e-21
8.200469e+02;3.277042e-21
8.201469e+02;3.276645e-21
8.202469e+02;3.276248e-21
8.203469e+02;3.275851e-21
8.204469e+02;3.275454e-21
8.205469e+02;3.275057e-21
8.206469e+02;3.274661e-21
8.207469e+02;3.274264e-21
8.208469e+02;3.273868e-21
8.209469e+02;3.273471e-21
8.210469e+02;3.273075e-21
8.211470e+02;3.272679e-21
8.212470e+02;3.272282e-21
8.213470e+02;3.271886e-21
8.214470e+02;3.271490e-21
8.215470e+02;3.271095e-21
8.216470e+02;3.270699e-21
8.217470e+02;3.270303e-21
8.218470e+02;3.269908e-21
8.219470e+02;3.269512e-21
8.220470e+02;3.269117e-21
8.221470e+02;3.268721e-21
8.222470e+02;3.268326e-21
8.223470e+02;3.267931e-21
8.224470e+02;3.267536e-21
8.225470e+02;3.267141e-21
8.226470e+02;3.266746e-21
8.227470e+02;3.266352e-21
8.228470e+02;3.265957e-21
8.229470e+02;3.265563e-21
8.230470e+02;3.265168e-21
8.231470e+02;3.264774e-21
8.232470e+02;3.264380e-21
8.233471e+02;3.263986e-21
8.234471e+02;3.263592e-21
8.235471e+02;3.263198e-21
8.236471e+02;3.262804e-21
8.237471e+02;3.262410e-21
8.238471e+02;3.262016e-21
8.239471e+02;3.261623e-21
8.240471e+02;3.261229e-21
8.241471e+02;3.260836e-21
8.242471e+02;3.260443e-21
8.243471e+02;3.260049e-21
8.244471e+02;3.259656e-21
8.245471e+02;3.259263e-21
8.246471e+02;3.258870e-21
8.247471e+02;3.258478e-21
8.248471e+02;3.258085e-21
8.249471e+02;3.257692e-21
8.250471e+02;3.257300e-21
8.251471e+02;3.256907e-21
8.252471e+02;3.256515e-21
8.253471e+02;3.256123e-21
8.254471e+02;3.255731e-21
8.255471e+02;3.255339e-21
8.256472e+02;3.254947e-21
8.257472e+02;3.254555e-21
8.258472e+02;3.254163e-21
8.259472e+02;3.253771e-21
8.260472e+02;3.253380e-21
8.261472e+02;3.252988e-21
8.262472e+02;3.252597e-21
8.263472e+02;3.252206e-21
8.264472e+02;3.251814e-21
8.265472e+02;3.251423e-21
8.266472e+02;3.251032e-21
8.267472e+02;3.250641e-21
8.268472e+02;3.250250e-21
8.269472e+02;3.249860e-21
8.270472e+02;3.249469e-21
8.271472e+02;3.249079e-21
8.272472e+02;3.248688e-21
8.273472e+02;3.248298e-21
8.274472e+02;3.247908e-21
8.275472e+02;3.247517e-21
8.276472e+02;3.247127e-21
8.277472e+02;3.246737e-21
8.278473e+02;3.246347e-21
8.279473e+02;3.245958e-21
8.280473e+02;3.245568e-21
8.281473e+02;3.245178e-21
8.282473e+02;3.244789e-21
8.283473e+02;3.244399e-21
8.284473e+02;3.244010e-21
8.285473e+02;3.243621e-21
8.286473e+02;3.243232e-21
8.287473e+02;3.242843e-21
8.288473e+02;3.242454e-21
8.289473e+02;3.242065e-21
8.290473e+02;3.241676e-21
8.291473e+02;3.241287e-21
8.292473e+02;3.240899e-21
8.293473e+02;3.240510e-21
8.294473e+02;3.240122e-21
8.295473e+02;3.239734e-21
8.296473e+02;3.239345e-21
8.297473e+02;3.238957e-21
8.298473e+02;3.238569e-21
8.299473e+02;3.238181e-21
8.300474e+02;3.237793e-21
8.301474e+02;3.237406e-21
8.302474e+02;3.237018e-21
8.303474e+02;3.236631e-21
8.304474e+02;3.236243e-21
8.305474e+02;3.235856e-21
8.306474e+02;3.235468e-21
8.307474e+02;3.235081e-21
8.308474e+02;3.234694e-21
8.309474e+02;3.234307e-21
8.310474e+02;3.233920e-21
8.311474e+02;3.233533e-21
8.312474e+02;3.233147e-21
8.313474e+02;3.232760e-21
8.314474e+02;3.232373e-21
8.315474e+02;3.231987e-21
8.316474e+02;3.231601e-21
8.317474e+02;3.231214e-21
8.318474e+02;3.230828e-21
8.319474e+02;3.230442e-21
8.320474e+02;3.230056e-21
8.321474e+02;3.229670e-21
8.322475e+02;3.229284e-21
8.323475e+02;3.228899e-21
8.324475e+02;3.228513e-21
8.325475e+02;3.228128e-21
8.326475e+02;3.227742e-21
8.327475e+02;3.227357e-21
8.328475e+02;3.226972e-21
8.329475e+02;3.226586e-21
8.330475e+02;3.226201e-21
8.331475e+02;3.225816e-21
8.332475e+02;3.225432e-21
8.333475e+02;3.225047e-21
8.334475e+02;3.224662e-21
8.335475e+02;3.224277e-21
8.336475e+02;3.223893e-21
8.337475e+02;3.223509e-21
8.338475e+02;3.223124e-21
8.339475e+02;3.222740e-21
8.340475e+02;3.222356e-21
8.341475e+02;3.221972e-21
8.342475e+02;3.221588e-21
8.343475e+02;3.221204e-21
8.344475e+02;3.220820e-21
8.345476e+02;3.220436e-21
8.346476e+02;3.220053e-21
8.347476e+02;3.219669e-21
8.348476e+02;3.219286e-21
8.349476e+02;3.218903e-21
8.350476e+02;3.218519e-21
8.351476e+02;3.218136e-21
8.352476e+02;3.217753e-21
8.353476e+02;3.217370e-21
8.354476e+02;3.216987e-21
8.355476e+02;3.216605e-21
8.356476e+02;3.216222e-21
8.357476e+02;3.215839e-21
8.358476e+02;3.215457e-21
8.359476e+02;3.215074e-21
8.360476e+02;3.214692e-21
8.361476e+02;3.214310e-21
8.362476e+02;3.213928e-21
8.363476e+02;3.213546e-21
8.364476e+02;3.213164e-21
8.365476e+02;3.212782e-21
8.366476e+02;3.212400e-21
8.367477e+02;3.212018e-21
8.368477e+02;3.211637e-21
8.369477e+02;3.211255e-21
8.370477e+02;3.210874e-21
8.371477e+02;3.210492e-21
8.372477e+02;3.210111e-21
8.373477e+02;3.209730e-21
8.374477e+02;3.209349e-21
8.375477e+02;3.208968e-21
8.376477e+02;3.208587e-21
8.377477e+02;3.208206e-21
8.378477e+02;3.207826e-21
8.379477e+02;3.207445e-21
8.380477e+02;3.207065e-21
8.381477e+02;3.206684e-21
8.382477e+02;3.206304e-21
8.383477e+02;3.205924e-21
8.384477e+02;3.205543e-21
8.385477e+02;3.205163e-21
8.386477e+02;3.204783e-21
8.387477e+02;3.204404e-21
8.388477e+02;3.204024e-21
8.389478e+02;3.203644e-21
8.390478e+02;3.203264e-21
8.391478e+02;3.202885e-21
8.392478e+02;3.202505e-21
8.393478e+02;3.202126e-21
8.394478e+02;3.201747e-21
8.395478e+02;3.201368e-21
8.396478e+02;3.200989e-21
8.397478e+02;3.200610e-21
8.398478e+02;3.200231e-21
8.399478e+02;3.199852e-21
8.400478e+02;3.199473e-21
8.401478e+02;3.199095e-21
8.402478e+02;3.198716e-21
8.403478e+02;3.198338e-21
8.404478e+02;3.197959e-21
8.405478e+02;3.197581e-21
8.406478e+02;3.197203e-21
8.407478e+02;3.196825e-21
8.408478e+02;3.196447e-21
8.409478e+02;3.196069e-21
8.410478e+02;3.195691e-21
8.411479e+02;3.195313e-21
8.412479e+02;3.194936e-21
8.413479e+02;3.194558e-21
8.414479e+02;3.194181e-21
8.415479e+02;3.193803e-21
8.416479e+02;3.193426e-21
8.417479e+02;3.193049e-21
8.418479e+02;3.192672e-21
8.419479e+02;3.192295e-21
8.420479e+02;3.191918e-21
8.421479e+02;3.191541e-21
8.422479e+02;3.191164e-21
8.423479e+02;3.190787e-21
8.424479e+02;3.190411e-21
8.425479e+02;3.190034e-21
8.426479e+02;3.189658e-21
8.427479e+02;3.189282e-21
8.428479e+02;3.188906e-21
8.429479e+02;3.188529e-21
8.430479e+02;3.188153e-21
8.431479e+02;3.187777e-21
8.432479e+02;3.187402e-21
8.433480e+02;3.187026e-21
8.434480e+02;3.186650e-21
8.435480e+02;3.186274e-21
8.436480e+02;3.185899e-21
8.437480e+02;3.185524e-21
8.438480e+02;3.185148e-21
8.439480e+02;3.184773e-21
8.440480e+02;3.184398e-21
8.441480e+02;3.184023e-21
8.442480e+02;3.183648e-21
8.443480e+02;3.183273e-21
8.444480e+02;3.182898e-21
8.445480e+02;3.182523e-21
8.446480e+02;3.182149e-21
8.447480e+02;3.181774e-21
8.448480e+02;3.181400e-21
8.449480e+02;3.181025e-21
8.450480e+02;3.180651e-21
8.451480e+02;3.180277e-21
8.452480e+02;3.179903e-21
8.453480e+02;3.179529e-21
8.454480e+02;3.179155e-21
8.455480e+02;3.178781e-21
8.456481e+02;3.178407e-21
8.457481e+02;3.178034e-21
8.458481e+02;3.177660e-21
8.459481e+02;3.177287e-21
8.460481e+02;3.176913e-21
8.461481e+02;3.176540e-21
8.462481e+02;3.176167e-21
8.463481e+02;3.175794e-21
8.464481e+02;3.175421e-21
8.465481e+02;3.175048e-21
8.466481e+02;3.174675e-21
8.467481e+02;3.174302e-21
8.468481e+02;3.173929e-21
8.469481e+02;3.173557e-21
8.470481e+02;3.173184e-21
8.471481e+02;3.172812e-21
8.472481e+02;3.172439e-21
8.473481e+02;3.172067e-21
8.474481e+02;3.171695e-21
8.475481e+02;3.171323e-21
8.476481e+02;3.170951e-21
8.477481e+02;3.170579e-21
8.478482e+02;3.170207e-21
8.479482e+02;3.169835e-21
8.480482e+02;3.169464e-21
8.481482e+02;3.169092e-21
8.482482e+02;3.168721e-21
8.483482e+02;3.168349e-21
8.484482e+02;3.167978e-21
8.485482e+02;3.167607e-21
8.486482e+02;3.167236e-21
8.487482e+02;3.166865e-21
8.488482e+02;3.166494e-21
8.489482e+02;3.166123e-21
8.490482e+02;3.165752e-21
8.491482e+02;3.165381e-21
8.492482e+02;3.165011e-21
8.493482e+02;3.164640e-21
8.494482e+02;3.164270e-21
8.495482e+02;3.163900e-21
8.496482e+02;3.163529e-21
8.497482e+02;3.163159e-21
8.498482e+02;3.162789e-21
8.499482e+02;3.162419e-21
8.500483e+02;3.162049e-21
8.501483e+02;3.161679e-21
8.502483e+02;3.161310e-21
8.503483e+02;3.160940e-21
8.504483e+02;3.160570e-21
8.505483e+02;3.160201e-21
8.506483e+02;3.159832e-21
8.507483e+02;3.159462e-21
8.508483e+02;3.159093e-21
8.509483e+02;3.158724e-21
8.510483e+02;3.158355e-21
8.511483e+02;3.157986e-21
8.512483e+02;3.157617e-21
8.513483e+02;3.157248e-21
8.514483e+02;3.156880e-21
8.515483e+02;3.156511e-21
8.516483e+02;3.156142e-21
8.517483e+02;3.155774e-21
8.518483e+02;3.155406e-21
8.519483e+02;3.155037e-21
8.520483e+02;3.154669e-21
8.521483e+02;3.154301e-21
8.522484e+02;3.153933e-21
8.523484e+02;3.153565e-21
8.524484e+02;3.153197e-21
8.525484e+02;3.152829e-21
8.526484e+02;3.152462e-21
8.527484e+02;3.152094e-21
8.528484e+02;3.151727e-21
8.529484e+02;3.151359e-21
8.530484e+02;3.150992e-21
8.531484e+02;3.150625e-21
8.532484e+02;3.150258e-21
8.533484e+02;3.149891e-21
8.534484e+02;3.149524e-21
8.535484e+02;3.149157e-21
8.536484e+02;3.148790e-21
8.537484e+02;3.148423e-21
8.538484e+02;3.148056e-21
8.539484e+02;3.147690e-21
8.540484e+02;3.147323e-21
8.541484e+02;3.146957e-21
8.542484e+02;3.146591e-21
8.543484e+02;3.146225e-21
8.544484e+02;3.145858e-21
8.545485e+02;3.145492e-21
8.546485e+02;3.145126e-21
8.547485e+02;3.144761e-21
8.548485e+02;3.144395e-21
8.549485e+02;3.144029e-21
8.550485e+02;3.143663e-21
8.551485e+02;3.143298e-21
8.552485e+02;3.142932e-21
8.553485e+02;3.142567e-21
8.554485e+02;3.142202e-21
8.555485e+02;3.141837e-21
8.556485e+02;3.141471e-21
8.557485e+02;3.141106e-21
8.558485e+02;3.140742e-21
8.559485e+02;3.140377e-21
8.560485e+02;3.140012e-21
8.561485e+02;3.139647e-21
8.562485e+02;3.139283e-21
8.563485e+02;3.138918e-21
8.564485e+02;3.138554e-21
8.565485e+02;3.138189e-21
8.566485e+02;3.137825e-21
8.567486e+02;3.137461e-21
8.568486e+02;3.137097e-21
8.569486e+02;3.136733e-21
8.570486e+02;3.136369e-21
8.571486e+02;3.136005e-21
8.572486e+02;3.135641e-21
8.573486e+02;3.135278e-21
8.574486e+02;3.134914e-21
8.575486e+02;3.134550e-21
8.576486e+02;3.134187e-21
8.577486e+02;3.133824e-21
8.578486e+02;3.133460e-21
8.579486e+02;3.133097e-21
8.580486e+02;3.132734e-21
8.581486e+02;3.132371e-21
8.582486e+02;3.132008e-21
8.583486e+02;3.131645e-21
8.584486e+02;3.131283e-21
8.585486e+02;3.130920e-21
8.586486e+02;3.130557e-21
8.587486e+02;3.130195e-21
8.588486e+02;3.129833e-21
8.589487e+02;3.129470e-21
8.590487e+02;3.129108e-21
8.591487e+02;3.128746e-21
8.592487e+02;3.128384e-21
8.593487e+02;3.128022e-21
8.594487e+02;3.127660e-21
8.595487e+02;3.127298e-21
8.596487e+02;3.126936e-21
8.597487e+02;3.126575e-21
8.598487e+02;3.126213e-21
8.599487e+02;3.125852e-21
8.600487e+02;3.125490e-21
8.601487e+02;3.125129e-21
8.602487e+02;3.124768e-21
8.603487e+02;3.124406e-21
8.604487e+02;3.124045e-21
8.605487e+02;3.123684e-21
8.606487e+02;3.123324e-21
8.607487e+02;3.122963e-21
8.608487e+02;3.122602e-21
8.609487e+02;3.122241e-21
8.610487e+02;3.121881e-21
8.611488e+02;3.121520e-21
8.612488e+02;3.121160e-21
8.613488e+02;3.120800e-21
8.614488e+02;3.120439e-21
8.615488e+02;3.120079e-21
8.616488e+02;3.119719e-21
8.617488e+02;3.119359e-21
8.618488e+02;3.118999e-21
8.619488e+02;3.118639e-21
8.620488e+02;3.118280e-21
8.621488e+02;3.117920e-21
8.622488e+02;3.117560e-21
8.623488e+02;3.117201e-21
8.624488e+02;3.116841e-21
8.625488e+02;3.116482e-21
8.626488e+02;3.116123e-21
8.627488e+02;3.115764e-21
8.628488e+02;3.115405e-21
8.629488e+02;3.115046e-21
8.630488e+02;3.114687e-21
8.631488e+02;3.114328e-21
8.632488e+02;3.113969e-21
8.633489e+02;3.113610e-21
8.634489e+02;3.113252e-21
8.635489e+02;3.112893e-21
8.636489e+02;3.112535e-21
8.637489e+02;3.112177e-21
8.638489e+02;3.111818e-21
8.639489e+02;3.111460e-21
8.640489e+02;3.111102e-21
8.641489e+02;3.110744e-21
8.642489e+02;3.110386e-21
8.643489e+02;3.110028e-21
8.644489e+02;3.109671e-21
8.645489e+02;3.109313e-21
8.646489e+02;3.108955e-21
8.647489e+02;3.108598e-21
8.648489e+02;3.108240e-21
8.649489e+02;3.107883e-21
8.650489e+02;3.107526e-21
8.651489e+02;3.107169e-21
8.652489e+02;3.106812e-21
8.653489e+02;3.106455e-21
8.654489e+02;3.106098e-21
8.655489e+02;3.105741e-21
8.656490e+02;3.105384e-21
8.657490e+02;3.105027e-21
8.658490e+02;3.104671e-21
8.659490e+02;3.104314e-21
8.660490e+02;3.103958e-21
8.661490e+02;3.103601e-21
8.662490e+02;3.103245e-21
8.663490e+02;3.102889e-21
8.664490e+02;3.102533e-21
8.665490e+02;3.102177e-21
8.666490e+02;3.101821e-21
8.667490e+02;3.101465e-21
8.668490e+02;3.101109e-21
8.669490e+02;3.100753e-21
8.670490e+02;3.100398e-21
8.671490e+02;3.100042e-21
8.672490e+02;3.099687e-21
8.673490e+02;3.099331e-21
8.674490e+02;3.098976e-21
8.675490e+02;3.098621e-21
8.676490e+02;3.098266e-21
8.677490e+02;3.097911e-21
8.678491e+02;3.097556e-21
8.679491e+02;3.097201e-21
8.680491e+02;3.096846e-21
8.681491e+02;3.096491e-21
8.682491e+02;3.096137e-21
8.683491e+02;3.095782e-21
8.684491e+02;3.095427e-21
8.685491e+02;3.095073e-21
8.686491e+02;3.094719e-21
8.687491e+02;3.094365e-21
8.688491e+02;3.094010e-21
8.689491e+02;3.093656e-21
8.690491e+02;3.093302e-21
8.691491e+02;3.092948e-21
8.692491e+02;3.092594e-21
8.693491e+02;3.092241e-21
8.694491e+02;3.091887e-21
8.695491e+02;3.091533e-21
8.696491e+02;3.091180e-21
8.697491e+02;3.090827e-21
8.698491e+02;3.090473e-21
8.699491e+02;3.090120e-21
8.700492e+02;3.089767e-21
8.701492e+02;3.089414e-21
8.702492e+02;3.089061e-21
8.703492e+02;3.088708e-21
8.704492e+02;3.088355e-21
8.705492e+02;3.088002e-21
8.706492e+02;3.087649e-21
8.707492e+02;3.087297e-21
8.708492e+02;3.086944e-21
8.709492e+02;3.086592e-21
8.710492e+02;3.086239e-21
8.711492e+02;3.085887e-21
8.712492e+02;3.085535e-21
8.713492e+02;3.085183e-21
8.714492e+02;3.084830e-21
8.715492e+02;3.084478e-21
8.716492e+02;3.084127e-21
8.717492e+02;3.083775e-21
8.718492e+02;3.083423e-21
8.719492e+02;3.083071e-21
8.720492e+02;3.082720e-21
8.721492e+02;3.082368e-21
8.722493e+02;3.082017e-21
8.723493e+02;3.081665e-21
8.724493e+02;3.081314e-21
8.725493e+02;3.080963e-21
8.726493e+02;3.080612e-21
8.727493e+02;3.080261e-21
8.728493e+02;3.079910e-21
8.729493e+02;3.079559e-21
8.730493e+02;3.079208e-21
8.731493e+02;3.078858e-21
8.732493e+02;3.078507e-21
8.733493e+02;3.078156e-21
8.734493e+02;3.077806e-21
8.735493e+02;3.077456e-21
8.736493e+02;3.077105e-21
8.737493e+02;3.076755e-21
8.738493e+02;3.076405e-21
8.739493e+02;3.076055e-21
8.740493e+02;3.075705e-21
8.741493e+02;3.075355e-21
8.742493e+02;3.075005e-21
8.743493e+02;3.074655e-21
8.744493e+02;3.074306e-21
8.745494e+02;3.073956e-21
8.746494e+02;3.073607e-21
8.747494e+02;3.073257e-21
8.748494e+02;3.072908e-21
8.749494e+02;3.072559e-21
8.750494e+02;3.072209e-21
8.751494e+02;3.071860e-21
8.752494e+02;3.071511e-21
8.753494e+02;3.071162e-21
8.754494e+02;3.070813e-21
8.755494e+02;3.070465e-21
8.756494e+02;3.070116e-21
8.757494e+02;3.069767e-21
8.758494e+02;3.069419e-21
8.759494e+02;3.069070e-21
8.760494e+02;3.068722e-21
8.761494e+02;3.068373e-21
8.762494e+02;3.068025e-21
8.763494e+02;3.067677e-21
8.764494e+02;3.067329e-21
8.765494e+02;3.066981e-21
8.766494e+02;3.066633e-21
8.767495e+02;3.066285e-21
8.768495e+02;3.065937e-21
8.769495e+02;3.065590e-21
8.770495e+02;3.065242e-21
8.771495e+02;3.064895e-21
8.772495e+02;3.064547e-21
8.773495e+02;3.064200e-21
8.774495e+02;3.063852e-21
8.775495e+02;3.063505e-21
8.776495e+02;3.063158e-21
8.777495e+02;3.062811e-21
8.778495e+02;3.062464e-21
8.779495e+02;3.062117e-21
8.780495e+02;3.061770e-21
8.781495e+02;3.061424e-21
8.782495e+02;3.061077e-21
8.783495e+02;3.060730e-21
8.784495e+02;3.060384e-21
8.785495e+02;3.060037e-21
8.786495e+02;3.059691e-21
8.787495e+02;3.059345e-21
8.788495e+02;3.058999e-21
8.789496e+02;3.058652e-21
8.790496e+02;3.058306e-21
8.791496e+02;3.057960e-21
8.792496e+02;3.057615e-21
8.793496e+02;3.057269e-21
8.794496e+02;3.056923e-21
8.795496e+02;3.056577e-21
8.796496e+02;3.056232e-21
8.797496e+02;3.055886e-21
8.798496e+02;3.055541e-21
8.799496e+02;3.055196e-21
8.800496e+02;3.054850e-21
8.801496e+02;3.054505e-21
8.802496e+02;3.054160e-21
8.803496e+02;3.053815e-21
8.804496e+02;3.053470e-21
8.805496e+02;3.053125e-21
8.806496e+02;3.052780e-21
8.807496e+02;3.052436e-21
8.808496e+02;3.052091e-21
8.809496e+02;3.051746e-21
8.810496e+02;3.051402e-21
8.811497e+02;3.051058e-21
8.812497e+02;3.050713e-21
8.813497e+02;3.050369e-21
8.814497e+02;3.050025e-21
8.815497e+02;3.049681e-21
8.816497e+02;3.049337e-21
8.817497e+02;3.048993e-21
8.818497e+02;3.048649e-21
8.819497e+02;3.048305e-21
8.820497e+02;3.047961e-21
8.821497e+02;3.047618e-21
8.822497e+02;3.047274e-21
8.823497e+02;3.046931e-21
8.824497e+02;3.046587e-21
8.825497e+02;3.046244e-21
8.826497e+02;3.045901e-21
8.827497e+02;3.045558e-21
8.828497e+02;3.045215e-21
8.829497e+02;3.044872e-21
8.830497e+02;3.044529e-21
8.831497e+02;3.044186e-21
8.832497e+02;3.043843e-21
8.833498e+02;3.043500e-21
8.834498e+02;3.043158e-21
8.835498e+02;3.042815e-21
8.836498e+02;3.042473e-21
8.837498e+02;3.042130e-21
8.838498e+02;3.041788e-21
8.839498e+02;3.041446e-21
8.840498e+02;3.041104e-21
8.841498e+02;3.040762e-21
8.842498e+02;3.040420e-21
8.843498e+02;3.040078e-21
8.844498e+02;3.039736e-21
8.845498e+02;3.039394e-21
8.846498e+02;3.039052e-21
8.847498e+02;3.038711e-21
8.848498e+02;3.038369e-21
8.849498e+02;3.038028e-21
8.850498e+02;3.037686e-21
8.851498e+02;3.037345e-21
8.852498e+02;3.037004e-21
8.853498e+02;3.036663e-21
8.854498e+02;3.036322e-21
8.855498e+02;3.035981e-21
8.856499e+02;3.035640e-21
8.857499e+02;3.035299e-21
8.858499e+02;3.034958e-21
8.859499e+02;3.034617e-21
8.860499e+02;3.034277e-21
8.861499e+02;3.033936e-21
8.862499e+02;3.033596e-21
8.863499e+02;3.033255e-21
8.864499e+02;3.032915e-21
8.865499e+02;3.032575e-21
8.866499e+02;3.032234e-21
8.867499e+02;3.031894e-21
8.868499e+02;3.031554e-21
8.869499e+02;3.031214e-21
8.870499e+02;3.030875e-21
8.871499e+02;3.030535e-21
8.872499e+02;3.030195e-21
8.873499e+02;3.029855e-21
8.874499e+02;3.029516e-21
8.875499e+02;3.029176e-21
8.876499e+02;3.028837e-21
8.877499e+02;3.028498e-21
8.878500e+02;3.028158e-21
8.879500e+02;3.027819e-21
8.880500e+02;3.027480e-21
8.881500e+02;3.027141e-21
8.882500e+02;3.026802e-21
8.883500e+02;3.026463e-21
8.884500e+02;3.026125e-21
8.885500e+02;3.025786e-21
8.886500e+02;3.025447e-21
8.887500e+02;3.025109e-21
8.888500e+02;3.024770e-21
8.889500e+02;3.024432e-21
8.890500e+02;3.024093e-21
8.891500e+02;3.023755e-21
8.892500e+02;3.023417e-21
8.893500e+02;3.023079e-21
8.894500e+02;3.022741e-21
8.895500e+02;3.022403e-21
8.896500e+02;3.022065e-21
8.897500e+02;3.021727e-21
8.898500e+02;3.021389e-21
8.899500e+02;3.021052e-21
8.900501e+02;3.020714e-21
8.901501e+02;3.020377e-21
8.902501e+02;3.020039e-21
8.903501e+02;3.019702e-21
8.904501e+02;3.019364e-21
8.905501e+02;3.019027e-21
8.906501e+02;3.018690e-21
8.907501e+02;3.018353e-21
8.908501e+02;3.018016e-21
8.909501e+02;3.017679e-21
8.910501e+02;3.017342e-21
8.911501e+02;3.017006e-21
8.912501e+02;3.016669e-21
8.913501e+02;3.016332e-21
8.914501e+02;3.015996e-21
8.915501e+02;3.015659e-21
8.916501e+02;3.015323e-21
8.917501e+02;3.014987e-21
8.918501e+02;3.014650e-21
8.919501e+02;3.014314e-21
8.920501e+02;3.013978e-21
8.921501e+02;3.013642e-21
8.922502e+02;3.013306e-21
8.923502e+02;3.012970e-21
8.924502e+02;3.012635e-21
8.925502e+02;3.012299e-21
8.926502e+02;3.011963e-21
8.927502e+02;3.011628e-21
8.928502e+02;3.011292e-21
8.929502e+02;3.010957e-21
8.930502e+02;3.010621e-21
8.931502e+02;3.010286e-21
8.932502e+02;3.009951e-21
8.933502e+02;3.009616e-21
8.934502e+02;3.009281e-21
8.935502e+02;3.008946e-21
8.936502e+02;3.008611e-21
8.937502e+02;3.008276e-21
8.938502e+02;3.007941e-21
8.939502e+02;3.007607e-21
8.940502e+02;3.007272e-21
8.941502e+02;3.006938e-21
8.942502e+02;3.006603e-21
8.943502e+02;3.006269e-21
8.944503e+02;3.005935e-21
8.945503e+02;3.005600e-21
8.946503e+02;3.005266e-21
8.947503e+02;3.004932e-21
8.948503e+02;3.004598e-21
8.949503e+02;3.004264e-21
8.950503e+02;3.003930e-21
8.951503e+02;3.003597e-21
8.952503e+02;3.003263e-21
8.953503e+02;3.002929e-21
8.954503e+02;3.002596e-21
8.955503e+02;3.002262e-21
8.956503e+02;3.001929e-21
8.957503e+02;3.001595e-21
8.958503e+02;3.001262e-21
8.959503e+02;3.000929e-21
8.960503e+02;3.000596e-21
8.961503e+02;3.000263e-21
8.962503e+02;2.999930e-21
8.963503e+02;2.999597e-21
8.964503e+02;2.999264e-21
8.965503e+02;2.998932e-21
8.966503e+02;2.998599e-21
8.967504e+02;2.998266e-21
8.968504e+02;2.997934e-21
8.969504e+02;2.997601e-21
8.970504e+02;2.997269e-21
8.971504e+02;2.996937e-21
8.972504e+02;2.996604e-21
8.973504e+02;2.996272e-21
8.974504e+02;2.995940e-21
8.975504e+02;2.995608e-21
8.976504e+02;2.995276e-21
8.977504e+02;2.994944e-21
8.978504e+02;2.994613e-21
8.979504e+02;2.994281e-21
8.980504e+02;2.993949e-21
8.981504e+02;2.993618e-21
8.982504e+02;2.993286e-21
8.983504e+02;2.992955e-21
8.984504e+02;2.992623e-21
8.985504e+02;2.992292e-21
8.986504e+02;2.991961e-21
8.987504e+02;2.991630e-21
8.988504e+02;2.991299e-21
8.989505e+02;2.990968e-21
8.990505e+02;2.990637e-21
8.991505e+02;2.990306e-21
8.992505e+02;2.989975e-21
8.993505e+02;2.989645e-21
8.994505e+02;2.989314e-21
8.995505e+02;2.988984e-21
8.996505e+02;2.988653e-21
8.997505e+02;2.988323e-21
8.998505e+02;2.987992e-21
8.999505e+02;2.987662e-21
9.000505e+02;2.987332e-21
9.001505e+02;2.987002e-21
9.002505e+02;2.986672e-21
9.003505e+02;2.986342e-21
9.004505e+02;2.986012e-21
9.005505e+02;2.985682e-21
9.006505e+02;2.985353e-21
9.007505e+02;2.985023e-21
9.008505e+02;2.984693e-21
9.009505e+02;2.984364e-21
9.010505e+02;2.984034e-21
9.011506e+02;2.983705e-21
9.012506e+02;2.983376e-21
9.013506e+02;2.983046e-21
9.014506e+02;2.982717e-21
9.015506e+02;2.982388e-21
9.016506e+02;2.982059e-21
9.017506e+02;2.981730e-21
9.018506e+02;2.981401e-21
9.019506e+02;2.981073e-21
9.020506e+02;2.980744e-21
9.021506e+02;2.980415e-21
9.022506e+02;2.980087e-21
9.023506e+02;2.979758e-21
9.024506e+02;2.979430e-21
9.025506e+02;2.979101e-21
9.026506e+02;2.978773e-21
9.027506e+02;2.978445e-21
9.028506e+02;2.978117e-21
9.029506e+02;2.977789e-21
9.030506e+02;2.977461e-21
9.031506e+02;2.977133e-21
9.032506e+02;2.976805e-21
9.033507e+02;2.976477e-21
9.034507e+02;2.976150e-21
9.035507e+02;2.975822e-21
9.036507e+02;2.975494e-21
9.037507e+02;2.975167e-21
9.038507e+02;2.974839e-21
9.039507e+02;2.974512e-21
9.040507e+02;2.974185e-21
9.041507e+02;2.973858e-21
9.042507e+02;2.973530e-21
9.043507e+02;2.973203e-21
9.044507e+02;2.972876e-21
9.045507e+02;2.972550e-21
9.046507e+02;2.972223e-21
9.047507e+02;2.971896e-21
9.048507e+02;2.971569e-21
9.049507e+02;2.971243e-21
9.050507e+02;2.970916e-21
9.051507e+02;2.970590e-21
9.052507e+02;2.970263e-21
9.053507e+02;2.969937e-21
9.054507e+02;2.969611e-21
9.055507e+02;2.969284e-21
9.056508e+02;2.968958e-21
9.057508e+02;2.968632e-21
9.058508e+02;2.968306e-21
9.059508e+02;2.967980e-21
9.060508e+02;2.967655e-21
9.061508e+02;2.967329e-21
9.062508e+02;2.967003e-21
9.063508e+02;2.966677e-21
9.064508e+02;2.966352e-21
9.065508e+02;2.966026e-21
9.066508e+02;2.965701e-21
9.067508e+02;2.965376e-21
9.068508e+02;2.965050e-21
9.069508e+02;2.964725e-21
9.070508e+02;2.964400e-21
9.071508e+02;2.964075e-21
9.072508e+02;2.963750e-21
9.073508e+02;2.963425e-21
9.074508e+02;2.963100e-21
9.075508e+02;2.962776e-21
9.076508e+02;2.962451e-21
9.077508e+02;2.962126e-21
9.078509e+02;2.961802e-21
9.079509e+02;2.961477e-21
9.080509e+02;2.961153e-21
9.081509e+02;2.960828e-21
9.082509e+02;2.960504e-21
9.083509e+02;2.960180e-21
9.084509e+02;2.959856e-21
9.085509e+02;2.959532e-21
9.086509e+02;2.959208e-21
9.087509e+02;2.958884e-21
9.088509e+02;2.958560e-21
9.089509e+02;2.958236e-21
9.090509e+02;2.957913e-21
9.091509e+02;2.957589e-21
9.092509e+02;2.957265e-21
9.093509e+02;2.956942e-21
9.094509e+02;2.956619e-21
9.095509e+02;2.956295e-21
9.096509e+02;2.955972e-21
9.097509e+02;2.955649e-21
9.098509e+02;2.955326e-21
9.099509e+02;2.955003e-21
9.100510e+02;2.954680e-21
9.101510e+02;2.954357e-21
9.102510e+02;2.954034e-21
9.103510e+02;2.953711e-21
9.104510e+02;2.953388e-21
9.105510e+02;2.953066e-21
9.106510e+02;2.952743e-21
9.107510e+02;2.952421e-21
9.108510e+02;2.952098e-21
9.109510e+02;2.951776e-21
9.110510e+02;2.951453e-21
9.111510e+02;2.951131e-21
9.112510e+02;2.950809e-21
9.113510e+02;2.950487e-21
9.114510e+02;2.950165e-21
9.115510e+02;2.949843e-21
9.116510e+02;2.949521e-21
9.117510e+02;2.949199e-21
9.118510e+02;2.948878e-21
9.119510e+02;2.948556e-21
9.120510e+02;2.948234e-21
9.121510e+02;2.947913e-21
9.122511e+02;2.947592e-21
9.123511e+02;2.947270e-21
9.124511e+02;2.946949e-21
9.125511e+02;2.946628e-21
9.126511e+02;2.946306e-21
9.127511e+02;2.945985e-21
9.128511e+02;2.945664e-21
9.129511e+02;2.945343e-21
9.130511e+02;2.945022e-21
9.131511e+02;2.944702e-21
9.132511e+02;2.944381e-21
9.133511e+02;2.944060e-21
9.134511e+02;2.943740e-21
9.135511e+02;2.943419e-21
9.136511e+02;2.943099e-21
9.137511e+02;2.942778e-21
9.138511e+02;2.942458e-21
9.139511e+02;2.942138e-21
9.140511e+02;2.941817e-21
9.141511e+02;2.941497e-21
9.142511e+02;2.941177e-21
9.143511e+02;2.940857e-21
9.144512e+02;2.940537e-21
9.145512e+02;2.940218e-21
9.146512e+02;2.939898e-21
9.147512e+02;2.939578e-21
9.148512e+02;2.939258e-21
9.149512e+02;2.938939e-21
9.150512e+02;2.938619e-21
9.151512e+02;2.938300e-21
9.152512e+02;2.937981e-21
9.153512e+02;2.937661e-21
9.154512e+02;2.937342e-21
9.155512e+02;2.937023e-21
9.156512e+02;2.936704e-21
9.157512e+02;2.936385e-21
9.158512e+02;2.936066e-21
9.159512e+02;2.935747e-21
9.160512e+02;2.935428e-21
9.161512e+02;2.935110e-21
9.162512e+02;2.934791e-21
9.163512e+02;2.934472e-21
9.164512e+02;2.934154e-21
9.165512e+02;2.933835e-21
9.166512e+02;2.933517e-21
9.167513e+02;2.933199e-21
9.168513e+02;2.932880e-21
9.169513e+02;2.932562e-21
9.170513e+02;2.932244e-21
9.171513e+02;2.931926e-21
9.172513e+02;2.931608e-21
9.173513e+02;2.931290e-21
9.174513e+02;2.930972e-21
9.175513e+02;2.930655e-21
9.176513e+02;2.930337e-21
9.177513e+02;2.930019e-21
9.178513e+02;2.929702e-21
9.179513e+02;2.929384e-21
9.180513e+02;2.929067e-21
9.181513e+02;2.928750e-21
9.182513e+02;2.928432e-21
9.183513e+02;2.928115e-21
9.184513e+02;2.927798e-21
9.185513e+02;2.927481e-21
9.186513e+02;2.927164e-21
9.187513e+02;2.926847e-21
9.188513e+02;2.926530e-21
9.189514e+02;2.926213e-21
9.190514e+02;2.925896e-21
9.191514e+02;2.925580e-21
9.192514e+02;2.925263e-21
9.193514e+02;2.924947e-21
9.194514e+02;2.924630e-21
9.195514e+02;2.924314e-21
9.196514e+02;2.923997e-21
9.197514e+02;2.923681e-21
9.198514e+02;2.923365e-21
9.199514e+02;2.923049e-21
9.200514e+02;2.922733e-21
9.201514e+02;2.922417e-21
9.202514e+02;2.922101e-21
9.203514e+02;2.921785e-21
9.204514e+02;2.921469e-21
9.205514e+02;2.921154e-21
9.206514e+02;2.920838e-21
9.207514e+02;2.920522e-21
9.208514e+02;2.920207e-21
9.209514e+02;2.919892e-21
9.210514e+02;2.919576e-21
9.211515e+02;2.919261e-21
9.212515e+02;2.918946e-21
9.213515e+02;2.918630e-21
9.214515e+02;2.918315e-21
9.215515e+02;2.918000e-21
9.216515e+02;2.917685e-21
9.217515e+02;2.917371e-21
9.218515e+02;2.917056e-21
9.219515e+02;2.916741e-21
9.220515e+02;2.916426e-21
9.221515e+02;2.916112e-21
9.222515e+02;2.915797e-21
9.223515e+02;2.915483e-21
9.224515e+02;2.915168e-21
9.225515e+02;2.914854e-21
9.226515e+02;2.914540e-21
9.227515e+02;2.914225e-21
9.228515e+02;2.913911e-21
9.229515e+02;2.913597e-21
9.230515e+02;2.913283e-21
9.231515e+02;2.912969e-21
9.232515e+02;2.912655e-21
9.233516e+02;2.912342e-21
9.234516e+02;2.912028e-21
9.235516e+02;2.911714e-21
9.236516e+02;2.911401e-21
9.237516e+02;2.911087e-21
9.238516e+02;2.910774e-21
9.239516e+02;2.910460e-21
9.240516e+02;2.910147e-21
9.241516e+02;2.909834e-21
9.242516e+02;2.909520e-21
9.243516e+02;2.909207e-21
9.244516e+02;2.908894e-21
9.245516e+02;2.908581e-21
9.246516e+02;2.908268e-21
9.247516e+02;2.907955e-21
9.248516e+02;2.907643e-21
9.249516e+02;2.907330e-21
9.250516e+02;2.907017e-21
9.251516e+02;2.906705e-21
9.252516e+02;2.906392e-21
9.253516e+02;2.906080e-21
9.254516e+02;2.905767e-21
9.255516e+02;2.905455e-21
9.256517e+02;2.905143e-21
9.257517e+02;2.904830e-21
9.258517e+02;2.904518e-21
9.259517e+02;2.904206e-21
9.260517e+02;2.903894e-21
9.261517e+02;2.903582e-21
9.262517e+02;2.903271e-21
9.263517e+02;2.902959e-21
9.264517e+02;2.902647e-21
9.265517e+02;2.902335e-21
9.266517e+02;2.902024e-21
9.267517e+02;2.901712e-21
9.268517e+02;2.901401e-21
9.269517e+02;2.901089e-21
9.270517e+02;2.900778e-21
9.271517e+02;2.900467e-21
9.272517e+02;2.900156e-21
9.273517e+02;2.899845e-21
9.274517e+02;2.899533e-21
9.275517e+02;2.899222e-21
9.276517e+02;2.898912e-21
9.277517e+02;2.898601e-21
9.278518e+02;2.898290e-21
9.279518e+02;2.897979e-21
9.280518e+02;2.897669e-21
9.281518e+02;2.897358e-21
9.282518e+02;2.897047e-21
9.283518e+02;2.896737e-21
9.284518e+02;2.896427e-21
9.285518e+02;2.896116e-21
9.286518e+02;2.895806e-21
9.287518e+02;2.895496e-21
9.288518e+02;2.895186e-21
9.289518e+02;2.894876e-21
9.290518e+02;2.894566e-21
9.291518e+02;2.894256e-21
9.292518e+02;2.893946e-21
9.293518e+02;2.893636e-21
9.294518e+02;2.893326e-21
9.295518e+02;2.893017e-21
9.296518e+02;2.892707e-21
9.297518e+02;2.892398e-21
9.298518e+02;2.892088e-21
9.299518e+02;2.891779e-21
9.300519e+02;2.891470e-21
9.301519e+02;2.891160e-21
9.302519e+02;2.890851e-21
9.303519e+02;2.890542e-21
9.304519e+02;2.890233e-21
9.305519e+02;2.889924e-21
9.306519e+02;2.889615e-21
9.307519e+02;2.889306e-21
9.308519e+02;2.888997e-21
9.309519e+02;2.888689e-21
9.310519e+02;2.888380e-21
9.311519e+02;2.888071e-21
9.312519e+02;2.887763e-21
9.313519e+02;2.887454e-21
9.314519e+02;2.887146e-21
9.315519e+02;2.886838e-21
9.316519e+02;2.886529e-21
9.317519e+02;2.886221e-21
9.318519e+02;2.885913e-21
9.319519e+02;2.885605e-21
9.320519e+02;2.885297e-21
9.321519e+02;2.884989e-21
9.322520e+02;2.884681e-21
9.323520e+02;2.884373e-21
9.324520e+02;2.884066e-21
9.325520e+02;2.883758e-21
9.326520e+02;2.883450e-21
9.327520e+02;2.883143e-21
9.328520e+02;2.882835e-21
9.329520e+02;2.882528e-21
9.330520e+02;2.882220e-21
9.331520e+02;2.881913e-21
9.332520e+02;2.881606e-21
9.333520e+02;2.881299e-21
9.334520e+02;2.880992e-21
9.335520e+02;2.880685e-21
9.336520e+02;2.880378e-21
9.337520e+02;2.880071e-21
9.338520e+02;2.879764e-21
9.339520e+02;2.879457e-21
9.340520e+02;2.879151e-21
9.341520e+02;2.878844e-21
9.342520e+02;2.878537e-21
9.343520e+02;2.878231e-21
9.344521e+02;2.877924e-21
9.345521e+02;2.877618e-21
9.346521e+02;2.877312e-21
9.347521e+02;2.877006e-21
9.348521e+02;2.876699e-21
9.349521e+02;2.876393e-21
9.350521e+02;2.876087e-21
9.351521e+02;2.875781e-21
9.352521e+02;2.875475e-21
9.353521e+02;2.875169e-21
9.354521e+02;2.874864e-21
9.355521e+02;2.874558e-21
9.356521e+02;2.874252e-21
9.357521e+02;2.873947e-21
9.358521e+02;2.873641e-21
9.359521e+02;2.873336e-21
9.360521e+02;2.873030e-21
9.361521e+02;2.872725e-21
9.362521e+02;2.872420e-21
9.363521e+02;2.872115e-21
9.364521e+02;2.871809e-21
9.365521e+02;2.871504e-21
9.366521e+02;2.871199e-21
9.367522e+02;2.870894e-21
9.368522e+02;2.870590e-21
9.369522e+02;2.870285e-21
9.370522e+02;2.869980e-21
9.371522e+02;2.869675e-21
9.372522e+02;2.869371e-21
9.373522e+02;2.869066e-21
9.374522e+02;2.868762e-21
9.375522e+02;2.868457e-21
9.376522e+02;2.868153e-21
9.377522e+02;2.867849e-21
9.378522e+02;2.867544e-21
9.379522e+02;2.867240e-21
9.380522e+02;2.866936e-21
9.381522e+02;2.866632e-21
9.382522e+02;2.866328e-21
9.383522e+02;2.866024e-21
9.384522e+02;2.865720e-21
9.385522e+02;2.865417e-21
9.386522e+02;2.865113e-21
9.387522e+02;2.864809e-21
9.388522e+02;2.864506e-21
9.389523e+02;2.864202e-21
9.390523e+02;2.863899e-21
9.391523e+02;2.863595e-21
9.392523e+02;2.863292e-21
9.393523e+02;2.862989e-21
9.394523e+02;2.862685e-21
9.395523e+02;2.862382e-21
9.396523e+02;2.862079e-21
9.397523e+02;2.861776e-21
9.398523e+02;2.861473e-21
9.399523e+02;2.861170e-21
9.400523e+02;2.860868e-21
9.401523e+02;2.860565e-21
9.402523e+02;2.860262e-21
9.403523e+02;2.859960e-21
9.404523e+02;2.859657e-21
9.405523e+02;2.859355e-21
9.406523e+02;2.859052e-21
9.407523e+02;2.858750e-21
9.408523e+02;2.858447e-21
9.409523e+02;2.858145e-21
9.410523e+02;2.857843e-21
9.411524e+02;2.857541e-21
9.412524e+02;2.857239e-21
9.413524e+02;2.856937e-21
9.414524e+02;2.856635e-21
9.415524e+02;2.856333e-21
9.416524e+02;2.856031e-21
9.417524e+02;2.855730e-21
9.418524e+02;2.855428e-21
9.419524e+02;2.855126e-21
9.420524e+02;2.854825e-21
9.421524e+02;2.854523e-21
9.422524e+02;2.854222e-21
9.423524e+02;2.853921e-21
9.424524e+02;2.853619e-21
9.425524e+02;2.853318e-21
9.426524e+02;2.853017e-21
9.427524e+02;2.852716e-21
9.428524e+02;2.852415e-21
9.429524e+02;2.852114e-21
9.430524e+02;2.851813e-21
9.431524e+02;2.851512e-21
9.432524e+02;2.851211e-21
9.433525e+02;2.850911e-21
9.434525e+02;2.850610e-21
9.435525e+02;2.850309e-21
9.436525e+02;2.850009e-21
9.437525e+02;2.849708e-21
9.438525e+02;2.849408e-21
9.439525e+02;2.849108e-21
9.440525e+02;2.848807e-21
9.441525e+02;2.848507e-21
9.442525e+02;2.848207e-21
9.443525e+02;2.847907e-21
9.444525e+02;2.847607e-21
9.445525e+02;2.847307e-21
9.446525e+02;2.847007e-21
9.447525e+02;2.846707e-21
9.448525e+02;2.846408e-21
9.449525e+02;2.846108e-21
9.450525e+02;2.845808e-21
9.451525e+02;2.845509e-21
9.452525e+02;2.845209e-21
9.453525e+02;2.844910e-21
9.454525e+02;2.844610e-21
9.455525e+02;2.844311e-21
9.456526e+02;2.844012e-21
9.457526e+02;2.843713e-21
9.458526e+02;2.843413e-21
9.459526e+02;2.843114e-21
9.460526e+02;2.842815e-21
9.461526e+02;2.842516e-21
9.462526e+02;2.842218e-21
9.463526e+02;2.841919e-21
9.464526e+02;2.841620e-21
9.465526e+02;2.841321e-21
9.466526e+02;2.841023e-21
9.467526e+02;2.840724e-21
9.468526e+02;2.840426e-21
9.469526e+02;2.840127e-21
9.470526e+02;2.839829e-21
9.471526e+02;2.839531e-21
9.472526e+02;2.839232e-21
9.473526e+02;2.838934e-21
9.474526e+02;2.838636e-21
9.475526e+02;2.838338e-21
9.476526e+02;2.838040e-21
9.477526e+02;2.837742e-21
9.478527e+02;2.837444e-21
9.479527e+02;2.837146e-21
9.480527e+02;2.836849e-21
9.481527e+02;2.836551e-21
9.482527e+02;2.836253e-21
9.483527e+02;2.835956e-21
9.484527e+02;2.835658e-21
9.485527e+02;2.835361e-21
9.486527e+02;2.835063e-21
9.487527e+02;2.834766e-21
9.488527e+02;2.834469e-21
9.489527e+02;2.834172e-21
9.490527e+02;2.833874e-21
9.491527e+02;2.833577e-21
9.492527e+02;2.833280e-21
9.493527e+02;2.832983e-21
9.494527e+02;2.832687e-21
9.495527e+02;2.832390e-21
9.496527e+02;2.832093e-21
9.497527e+02;2.831796e-21
9.498527e+02;2.831500e-21
9.499527e+02;2.831203e-21
9.500528e+02;2.830907e-21
9.501528e+02;2.830610e-21
9.502528e+02;2.830314e-21
9.503528e+02;2.830017e-21
9.504528e+02;2.829721e-21
9.505528e+02;2.829425e-21
9.506528e+02;2.829129e-21
9.507528e+02;2.828833e-21
9.508528e+02;2.828537e-21
9.509528e+02;2.828241e-21
9.510528e+02;2.827945e-21
9.511528e+02;2.827649e-21
9.512528e+02;2.827353e-21
9.513528e+02;2.827058e-21
9.514528e+02;2.826762e-21
9.515528e+02;2.826466e-21
9.516528e+02;2.826171e-21
9.517528e+02;2.825875e-21
9.518528e+02;2.825580e-21
9.519528e+02;2.825285e-21
9.520528e+02;2.824990e-21
9.521528e+02;2.824694e-21
9.522529e+02;2.824399e-21
9.523529e+02;2.824104e-21
9.524529e+02;2.823809e-21
9.525529e+02;2.823514e-21
9.526529e+02;2.823219e-21
9.527529e+02;2.822924e-21
9.528529e+02;2.822630e-21
9.529529e+02;2.822335e-21
9.530529e+02;2.822040e-21
9.531529e+02;2.821746e-21
9.532529e+02;2.821451e-21
9.533529e+02;2.821157e-21
9.534529e+02;2.820862e-21
9.535529e+02;2.820568e-21
9.536529e+02;2.820274e-21
9.537529e+02;2.819979e-21
9.538529e+02;2.819685e-21
9.539529e+02;2.819391e-21
9.540529e+02;2.819097e-21
9.541529e+02;2.818803e-21
9.542529e+02;2.818509e-21
9.543529e+02;2.818215e-21
9.544530e+02;2.817922e-21
9.545530e+02;2.817628e-21
9.546530e+02;2.817334e-21
9.547530e+02;2.817041e-21
9.548530e+02;2.816747e-21
9.549530e+02;2.816454e-21
9.550530e+02;2.816160e-21
9.551530e+02;2.815867e-21
9.552530e+02;2.815573e-21
9.553530e+02;2.815280e-21
9.554530e+02;2.814987e-21
9.555530e+02;2.814694e-21
9.556530e+02;2.814401e-21
9.557530e+02;2.814108e-21
9.558530e+02;2.813815e-21
9.559530e+02;2.813522e-21
9.560530e+02;2.813229e-21
9.561530e+02;2.812936e-21
9.562530e+02;2.812644e-21
9.563530e+02;2.812351e-21
9.564530e+02;2.812059e-21
9.565530e+02;2.811766e-21
9.566530e+02;2.811474e-21
9.567531e+02;2.811181e-21
9.568531e+02;2.810889e-21
9.569531e+02;2.810597e-21
9.570531e+02;2.810304e-21
9.571531e+02;2.810012e-21
9.572531e+02;2.809720e-21
9.573531e+02;2.809428e-21
9.574531e+02;2.809136e-21
9.575531e+02;2.808844e-21
9.576531e+02;2.808552e-21
9.577531e+02;2.808261e-21
9.578531e+02;2.807969e-21
9.579531e+02;2.807677e-21
9.580531e+02;2.807386e-21
9.581531e+02;2.807094e-21
9.582531e+02;2.806803e-21
9.583531e+02;2.806511e-21
9.584531e+02;2.806220e-21
9.585531e+02;2.805929e-21
9.586531e+02;2.805637e-21
9.587531e+02;2.805346e-21
9.588531e+02;2.805055e-21
9.589532e+02;2.804764e-21
9.590532e+02;2.804473e-21
9.591532e+02;2.804182e-21
9.592532e+02;2.803891e-21
9.593532e+02;2.803600e-21
9.594532e+02;2.803310e-21
9.595532e+02;2.803019e-21
9.596532e+02;2.802728e-21
9.597532e+02;2.802438e-21
9.598532e+02;2.802147e-21
9.599532e+02;2.801857e-21
9.600532e+02;2.801566e-21
9.601532e+02;2.801276e-21
9.602532e+02;2.800986e-21
9.603532e+02;2.800696e-21
9.604532e+02;2.800405e-21
9.605532e+02;2.800115e-21
9.606532e+02;2.799825e-21
9.607532e+02;2.799535e-21
9.608532e+02;2.799245e-21
9.609532e+02;2.798956e-21
9.610532e+02;2.798666e-21
9.611533e+02;2.798376e-21
9.612533e+02;2.798086e-21
9.613533e+02;2.797797e-21
9.614533e+02;2.797507e-21
9.615533e+02;2.797218e-21
9.616533e+02;2.796928e-21
9.617533e+02;2.796639e-21
9.618533e+02;2.796350e-21
9.619533e+02;2.796060e-21
9.620533e+02;2.795771e-21
9.621533e+02;2.795482e-21
9.622533e+02;2.795193e-21
9.623533e+02;2.794904e-21
9.624533e+02;2.794615e-21
9.625533e+02;2.794326e-21
9.626533e+02;2.794037e-21
9.627533e+02;2.793748e-21
9.628533e+02;2.793460e-21
9.629533e+02;2.793171e-21
9.630533e+02;2.792883e-21
9.631533e+02;2.792594e-21
9.632533e+02;2.792306e-21
9.633534e+02;2.792017e-21
9.634534e+02;2.791729e-21
9.635534e+02;2.791440e-21
9.636534e+02;2.791152e-21
9.637534e+02;2.790864e-21
9.638534e+02;2.790576e-21
9.639534e+02;2.790288e-21
9.640534e+02;2.790000e-21
9.641534e+02;2.789712e-21
9.642534e+02;2.789424e-21
9.643534e+02;2.789136e-21
9.644534e+02;2.788848e-21
9.645534e+02;2.788561e-21
9.646534e+02;2.788273e-21
9.647534e+02;2.787985e-21
9.648534e+02;2.787698e-21
9.649534e+02;2.787411e-21
9.650534e+02;2.787123e-21
9.651534e+02;2.786836e-21
9.652534e+02;2.786548e-21
9.653534e+02;2.786261e-21
9.654534e+02;2.785974e-21
9.655534e+02;2.785687e-21
9.656535e+02;2.785400e-21
9.657535e+02;2.785113e-21
9.658535e+02;2.784826e-21
9.659535e+02;2.784539e-21
9.660535e+02;2.784252e-21
9.661535e+02;2.783966e-21
9.662535e+02;2.783679e-21
9.663535e+02;2.783392e-21
9.664535e+02;2.783106e-21
9.665535e+02;2.782819e-21
9.666535e+02;2.782533e-21
9.667535e+02;2.782246e-21
9.668535e+02;2.781960e-21
9.669535e+02;2.781674e-21
9.670535e+02;2.781387e-21
9.671535e+02;2.781101e-21
9.672535e+02;2.780815e-21
9.673535e+02;2.780529e-21
9.674535e+02;2.780243e-21
9.675535e+02;2.779957e-21
9.676535e+02;2.779671e-21
9.677535e+02;2.779385e-21
9.678536e+02;2.779100e-21
9.679536e+02;2.778814e-21
9.680536e+02;2.778528e-21
9.681536e+02;2.778243e-21
9.682536e+02;2.777957e-21
9.683536e+02;2.777672e-21
9.684536e+02;2.777386e-21
9.685536e+02;2.777101e-21
9.686536e+02;2.776816e-21
9.687536e+02;2.776531e-21
9.688536e+02;2.776245e-21
9.689536e+02;2.775960e-21
9.690536e+02;2.775675e-21
9.691536e+02;2.775390e-21
9.692536e+02;2.775105e-21
9.693536e+02;2.774820e-21
9.694536e+02;2.774536e-21
9.695536e+02;2.774251e-21
9.696536e+02;2.773966e-21
9.697536e+02;2.773682e-21
9.698536e+02;2.773397e-21
9.699536e+02;2.773112e-21
9.700537e+02;2.772828e-21
9.701537e+02;2.772544e-21
9.702537e+02;2.772259e-21
9.703537e+02;2.771975e-21
9.704537e+02;2.771691e-21
9.705537e+02;2.771406e-21
9.706537e+02;2.771122e-21
9.707537e+02;2.770838e-21
9.708537e+02;2.770554e-21
9.709537e+02;2.770270e-21
9.710537e+02;2.769986e-21
9.711537e+02;2.769703e-21
9.712537e+02;2.769419e-21
9.713537e+02;2.769135e-21
9.714537e+02;2.768852e-21
9.715537e+02;2.768568e-21
9.716537e+02;2.768284e-21
9.717537e+02;2.768001e-21
9.718537e+02;2.767717e-21
9.719537e+02;2.767434e-21
9.720537e+02;2.767151e-21
9.721537e+02;2.766868e-21
9.722538e+02;2.766584e-21
9.723538e+02;2.766301e-21
9.724538e+02;2.766018e-21
9.725538e+02;2.765735e-21
9.726538e+02;2.765452e-21
9.727538e+02;2.765169e-21
9.728538e+02;2.764886e-21
9.729538e+02;2.764604e-21
9.730538e+02;2.764321e-21
9.731538e+02;2.764038e-21
9.732538e+02;2.763756e-21
9.733538e+02;2.763473e-21
9.734538e+02;2.763191e-21
9.735538e+02;2.762908e-21
9.736538e+02;2.762626e-21
9.737538e+02;2.762344e-21
9.738538e+02;2.762061e-21
9.739538e+02;2.761779e-21
9.740538e+02;2.761497e-21
9.741538e+02;2.761215e-21
9.742538e+02;2.760933e-21
9.743538e+02;2.760651e-21
9.744539e+02;2.760369e-21
9.745539e+02;2.760087e-21
9.746539e+02;2.759805e-21
9.747539e+02;2.759524e-21
9.748539e+02;2.759242e-21
9.749539e+02;2.758960e-21
9.750539e+02;2.758679e-21
9.751539e+02;2.758397e-21
9.752539e+02;2.758116e-21
9.753539e+02;2.757834e-21
9.754539e+02;2.757553e-21
9.755539e+02;2.757272e-21
9.756539e+02;2.756990e-21
9.757539e+02;2.756709e-21
9.758539e+02;2.756428e-21
9.759539e+02;2.756147e-21
9.760539e+02;2.755866e-21
9.761539e+02;2.755585e-21
9.762539e+02;2.755304e-21
9.763539e+02;2.755023e-21
9.764539e+02;2.754743e-21
9.765539e+02;2.754462e-21
9.766539e+02;2.754181e-21
9.767540e+02;2.753901e-21
9.768540e+02;2.753620e-21
9.769540e+02;2.753340e-21
9.770540e+02;2.753059e-21
9.771540e+02;2.752779e-21
9.772540e+02;2.752499e-21
9.773540e+02;2.752218e-21
9.774540e+02;2.751938e-21
9.775540e+02;2.751658e-21
9.776540e+02;2.751378e-21
9.777540e+02;2.751098e-21
9.778540e+02;2.750818e-21
9.779540e+02;2.750538e-21
9.780540e+02;2.750258e-21
9.781540e+02;2.749978e-21
9.782540e+02;2.749699e-21
9.783540e+02;2.749419e-21
9.784540e+02;2.749139e-21
9.785540e+02;2.748860e-21
9.786540e+02;2.748580e-21
9.787540e+02;2.748301e-21
9.788540e+02;2.748021e-21
9.789541e+02;2.747742e-21
9.790541e+02;2.747463e-21
9.791541e+02;2.747183e-21
9.792541e+02;2.746904e-21
9.793541e+02;2.746625e-21
9.794541e+02;2.746346e-21
9.795541e+02;2.746067e-21
9.796541e+02;2.745788e-21
9.797541e+02;2.745509e-21
9.798541e+02;2.745230e-21
9.799541e+02;2.744952e-21
9.800541e+02;2.744673e-21
9.801541e+02;2.744394e-21
9.802541e+02;2.744116e-21
9.803541e+02;2.743837e-21
9.804541e+02;2.743559e-21
9.805541e+02;2.743280e-21
9.806541e+02;2.743002e-21
9.807541e+02;2.742723e-21
9.808541e+02;2.742445e-21
9.809541e+02;2.742167e-21
9.810541e+02;2.741889e-21
9.811542e+02;2.741611e-21
9.812542e+02;2.741333e-21
9.813542e+02;2.741055e-21
9.814542e+02;2.740777e-21
9.815542e+02;2.740499e-21
9.816542e+02;2.740221e-21
9.817542e+02;2.739943e-21
9.818542e+02;2.739666e-21
9.819542e+02;2.739388e-21
9.820542e+02;2.739110e-21
9.821542e+02;2.738833e-21
9.822542e+02;2.738555e-21
9.823542e+02;2.738278e-21
9.824542e+02;2.738001e-21
9.825542e+02;2.737723e-21
9.826542e+02;2.737446e-21
9.827542e+02;2.737169e-21
9.828542e+02;2.736892e-21
9.829542e+02;2.736615e-21
9.830542e+02;2.736338e-21
9.831542e+02;2.736061e-21
9.832542e+02;2.735784e-21
9.833543e+02;2.735507e-21
9.834543e+02;2.735230e-21
9.835543e+02;2.734953e-21
9.836543e+02;2.734677e-21
9.837543e+02;2.734400e-21
9.838543e+02;2.734123e-21
9.839543e+02;2.733847e-21
9.840543e+02;2.733570e-21
9.841543e+02;2.733294e-21
9.842543e+02;2.733018e-21
9.843543e+02;2.732741e-21
9.844543e+02;2.732465e-21
9.845543e+02;2.732189e-21
9.846543e+02;2.731913e-21
9.847543e+02;2.731637e-21
9.848543e+02;2.731361e-21
9.849543e+02;2.731085e-21
9.850543e+02;2.730809e-21
9.851543e+02;2.730533e-21
9.852543e+02;2.730257e-21
9.853543e+02;2.729981e-21
9.854543e+02;2.729706e-21
9.855543e+02;2.729430e-21
9.856544e+02;2.729154e-21
9.857544e+02;2.728879e-21
9.858544e+02;2.728603e-21
9.859544e+02;2.728328e-21
9.860544e+02;2.728053e-21
9.861544e+02;2.727777e-21
9.862544e+02;2.727502e-21
9.863544e+02;2.727227e-21
9.864544e+02;2.726952e-21
9.865544e+02;2.726677e-21
9.866544e+02;2.726402e-21
9.867544e+02;2.726127e-21
9.868544e+02;2.725852e-21
9.869544e+02;2.725577e-21
9.870544e+02;2.725302e-21
9.871544e+02;2.725027e-21
9.872544e+02;2.724753e-21
9.873544e+02;2.724478e-21
9.874544e+02;2.724203e-21
9.875544e+02;2.723929e-21
9.876544e+02;2.723654e-21
9.877544e+02;2.723380e-21
9.878545e+02;2.723106e-21
9.879545e+02;2.722831e-21
9.880545e+02;2.722557e-21
9.881545e+02;2.722283e-21
9.882545e+02;2.722009e-21
9.883545e+02;2.721735e-21
9.884545e+02;2.721461e-21
9.885545e+02;2.721187e-21
9.886545e+02;2.720913e-21
9.887545e+02;2.720639e-21
9.888545e+02;2.720365e-21
9.889545e+02;2.720091e-21
9.890545e+02;2.719818e-21
9.891545e+02;2.719544e-21
9.892545e+02;2.719270e-21
9.893545e+02;2.718997e-21
9.894545e+02;2.718723e-21
9.895545e+02;2.718450e-21
9.896545e+02;2.718177e-21
9.897545e+02;2.717903e-21
9.898545e+02;2.717630e-21
9.899545e+02;2.717357e-21
9.900546e+02;2.717084e-21
9.901546e+02;2.716811e-21
9.902546e+02;2.716538e-21
9.903546e+02;2.716265e-21
9.904546e+02;2.715992e-21
9.905546e+02;2.715719e-21
9.906546e+02;2.715446e-21
9.907546e+02;2.715173e-21
9.908546e+02;2.714901e-21
9.909546e+02;2.714628e-21
9.910546e+02;2.714355e-21
9.911546e+02;2.714083e-21
9.912546e+02;2.713810e-21
9.913546e+02;2.713538e-21
9.914546e+02;2.713265e-21
9.915546e+02;2.712993e-21
9.916546e+02;2.712721e-21
9.917546e+02;2.712449e-21
9.918546e+02;2.712177e-21
9.919546e+02;2.711904e-21
9.920546e+02;2.711632e-21
9.921546e+02;2.711360e-21
9.922547e+02;2.711088e-21
9.923547e+02;2.710817e-21
9.924547e+02;2.710545e-21
9.925547e+02;2.710273e-21
9.926547e+02;2.710001e-21
9.927547e+02;2.709730e-21
9.928547e+02;2.709458e-21
9.929547e+02;2.709186e-21
9.930547e+02;2.708915e-21
9.931547e+02;2.708643e-21
9.932547e+02;2.708372e-21
9.933547e+02;2.708101e-21
9.934547e+02;2.707829e-21
9.935547e+02;2.707558e-21
9.936547e+02;2.707287e-21
9.937547e+02;2.707016e-21
9.938547e+02;2.706745e-21
9.939547e+02;2.706474e-21
9.940547e+02;2.706203e-21
9.941547e+02;2.705932e-21
9.942547e+02;2.705661e-21
9.943547e+02;2.705390e-21
9.944548e+02;2.705119e-21
9.945548e+02;2.704849e-21
9.946548e+02;2.704578e-21
9.947548e+02;2.704308e-21
9.948548e+02;2.704037e-21
9.949548e+02;2.703767e-21
9.950548e+02;2.703496e-21
9.951548e+02;2.703226e-21
9.952548e+02;2.702955e-21
9.953548e+02;2.702685e-21
9.954548e+02;2.702415e-21
9.955548e+02;2.702145e-21
9.956548e+02;2.701875e-21
9.957548e+02;2.701605e-21
9.958548e+02;2.701335e-21
9.959548e+02;2.701065e-21
9.960548e+02;2.700795e-21
9.961548e+02;2.700525e-21
9.962548e+02;2.700255e-21
9.963548e+02;2.699986e-21
9.964548e+02;2.699716e-21
9.965548e+02;2.699446e-21
9.966548e+02;2.699177e-21
9.967549e+02;2.698907e-21
9.968549e+02;2.698638e-21
9.969549e+02;2.698368e-21
9.970549e+02;2.698099e-21
9.971549e+02;2.697830e-21
9.972549e+02;2.697560e-21
9.973549e+02;2.697291e-21
9.974549e+02;2.697022e-21
9.975549e+02;2.696753e-21
9.976549e+02;2.696484e-21
9.977549e+02;2.696215e-21
9.978549e+02;2.695946e-21
9.979549e+02;2.695677e-21
9.980549e+02;2.695409e-21
9.981549e+02;2.695140e-21
9.982549e+02;2.694871e-21
9.983549e+02;2.694602e-21
9.984549e+02;2.694334e-21
9.985549e+02;2.694065e-21
9.986549e+02;2.693797e-21
9.987549e+02;2.693528e-21
9.988549e+02;2.693260e-21
9.989550e+02;2.692992e-21
9.990550e+02;2.692723e-21
9.991550e+02;2.692455e-21
9.992550e+02;2.692187e-21
9.993550e+02;2.691919e-21
9.994550e+02;2.691651e-21
9.995550e+02;2.691383e-21
9.996550e+02;2.691115e-21
9.997550e+02;2.690847e-21
9.998550e+02;2.690579e-21
9.999550e+02;2.690311e-21
1.000055e+03;2.690044e-21
1.000155e+03;2.689776e-21
1.000255e+03;2.689508e-21
1.000355e+03;2.689241e-21
1.000455e+03;2.688973e-21
1.000555e+03;2.688706e-21
1.000655e+03;2.688438e-21
1.000755e+03;2.688171e-21
1.000855e+03;2.687904e-21
1.000955e+03;2.687636e-21
1.001055e+03;2.687369e-21
1.001155e+03;2.687102e-21
1.001255e+03;2.686835e-21
1.001355e+03;2.686568e-21
1.001455e+03;2.686301e-21
1.001555e+03;2.686034e-21
1.001655e+03;2.685767e-21
1.001755e+03;2.685500e-21
1.001855e+03;2.685233e-21
1.001955e+03;2.684967e-21
1.002055e+03;2.684700e-21
1.002155e+03;2.684433e-21
1.002255e+03;2.684167e-21
1.002355e+03;2.683900e-21
1.002455e+03;2.683634e-21
1.002555e+03;2.683367e-21
1.002655e+03;2.683101e-21
1.002755e+03;2.682835e-21
1.002855e+03;2.682568e-21
1.002955e+03;2.682302e-21
1.003055e+03;2.682036e-21
1.003155e+03;2.681770e-21
1.003255e+03;2.681504e-21
1.003355e+03;2.681238e-21
1.003455e+03;2.680972e-21
1.003555e+03;2.680706e-21
1.003655e+03;2.680440e-21
1.003755e+03;2.680175e-21
1.003855e+03;2.679909e-21
1.003955e+03;2.679643e-21
1.004055e+03;2.679378e-21
1.004155e+03;2.679112e-21
1.004255e+03;2.678846e-21
1.004355e+03;2.678581e-21
1.004455e+03;2.678316e-21
1.004555e+03;2.678050e-21
1.004655e+03;2.677785e-21
1.004755e+03;2.677520e-21
1.004855e+03;2.677255e-21
1.004955e+03;2.676989e-21
1.005055e+03;2.676724e-21
1.005155e+03;2.676459e-21
1.005255e+03;2.676194e-21
1.005355e+03;2.675929e-21
1.005455e+03;2.675664e-21
1.005555e+03;2.675400e-21
1.005655e+03;2.675135e-21
1.005755e+03;2.674870e-21
1.005855e+03;2.674605e-21
1.005955e+03;2.674341e-21
1.006055e+03;2.674076e-21
1.006155e+03;2.673812e-21
1.006255e+03;2.673547e-21
1.006355e+03;2.673283e-21
1.006455e+03;2.673018e-21
1.006555e+03;2.672754e-21
1.006655e+03;2.672490e-21
1.006755e+03;2.672226e-21
1.006855e+03;2.671962e-21
1.006955e+03;2.671697e-21
1.007055e+03;2.671433e-21
1.007155e+03;2.671169e-21
1.007255e+03;2.670905e-21
1.007355e+03;2.670642e-21
1.007455e+03;2.670378e-21
1.007555e+03;2.670114e-21
1.007655e+03;2.669850e-21
1.007755e+03;2.669587e-21
1.007855e+03;2.669323e-21
1.007955e+03;2.669059e-21
1.008055e+03;2.668796e-21
1.008155e+03;2.668532e-21
1.008255e+03;2.668269e-21
1.008355e+03;2.668006e-21
1.008455e+03;2.667742e-21
1.008555e+03;2.667479e-21
1.008655e+03;2.667216e-21
1.008755e+03;2.666953e-21
1.008855e+03;2.666689e-21
1.008955e+03;2.666426e-21
1.009055e+03;2.666163e-21
1.009155e+03;2.665900e-21
1.009255e+03;2.665638e-21
1.009355e+03;2.665375e-21
1.009455e+03;2.665112e-21
1.009555e+03;2.664849e-21
1.009655e+03;2.664586e-21
1.009755e+03;2.664324e-21
1.009855e+03;2.664061e-21
1.009955e+03;2.663799e-21
1.010055e+03;2.663536e-21
1.010155e+03;2.663274e-21
1.010255e+03;2.663011e-21
1.010355e+03;2.662749e-21
1.010455e+03;2.662487e-21
1.010555e+03;2.662224e-21
1.010655e+03;2.661962e-21
1.010755e+03;2.661700e-21
1.010855e+03;2.661438e-21
1.010955e+03;2.661176e-21
1.011055e+03;2.660914e-21
1.011156e+03;2.660652e-21
1.011256e+03;2.660390e-21
1.011356e+03;2.660129e-21
1.011456e+03;2.659867e-21
1.011556e+03;2.659605e-21
1.011656e+03;2.659343e-21
1.011756e+03;2.659082e-21
1.011856e+03;2.658820e-21
1.011956e+03;2.658559e-21
1.012056e+03;2.658297e-21
1.012156e+03;2.658036e-21
1.012256e+03;2.657774e-21
1.012356e+03;2.657513e-21
1.012456e+03;2.657252e-21
1.012556e+03;2.656991e-21
1.012656e+03;2.656730e-21
1.012756e+03;2.656468e-21
1.012856e+03;2.656207e-21
1.012956e+03;2.655946e-21
1.013056e+03;2.655685e-21
1.013156e+03;2.655425e-21
1.013256e+03;2.655164e-21
1.013356e+03;2.654903e-21
1.013456e+03;2.654642e-21
1.013556e+03;2.654382e-21
1.013656e+03;2.654121e-21
1.013756e+03;2.653860e-21
1.013856e+03;2.653600e-21
1.013956e+03;2.653339e-21
1.014056e+03;2.653079e-21
1.014156e+03;2.652818e-21
1.014256e+03;2.652558e-21
1.014356e+03;2.652298e-21
1.014456e+03;2.652038e-21
1.014556e+03;2.651777e-21
1.014656e+03;2.651517e-21
1.014756e+03;2.651257e-21
1.014856e+03;2.650997e-21
1.014956e+03;2.650737e-21
1.015056e+03;2.650477e-21
1.015156e+03;2.650217e-21
1.015256e+03;2.649958e-21
1.015356e+03;2.649698e-21
1.015456e+03;2.649438e-21
1.015556e+03;2.649178e-21
1.015656e+03;2.648919e-21
1.015756e+03;2.648659e-21
1.015856e+03;2.648400e-21
1.015956e+03;2.648140e-21
1.016056e+03;2.647881e-21
1.016156e+03;2.647622e-21
1.016256e+03;2.647362e-21
1.016356e+03;2.647103e-21
1.016456e+03;2.646844e-21
1.016556e+03;2.646585e-21
1.016656e+03;2.646325e-21
1.016756e+03;2.646066e-21
1.016856e+03;2.645807e-21
1.016956e+03;2.645548e-21
1.017056e+03;2.645290e-21
1.017156e+03;2.645031e-21
1.017256e+03;2.644772e-21
1.017356e+03;2.644513e-21
1.017456e+03;2.644254e-21
1.017556e+03;2.643996e-21
1.017656e+03;2.643737e-21
1.017756e+03;2.643479e-21
1.017856e+03;2.643220e-21
1.017956e+03;2.642962e-21
1.018056e+03;2.642703e-21
1.018156e+03;2.642445e-21
1.018256e+03;2.642187e-21
1.018356e+03;2.641928e-21
1.018456e+03;2.641670e-21
1.018556e+03;2.641412e-21
1.018656e+03;2.641154e-21
1.018756e+03;2.640896e-21
1.018856e+03;2.640638e-21
1.018956e+03;2.640380e-21
1.019056e+03;2.640122e-21
1.019156e+03;2.639864e-21
1.019256e+03;2.639606e-21
1.019356e+03;2.639349e-21
1.019456e+03;2.639091e-21
1.019556e+03;2.638833e-21
1.019656e+03;2.638576e-21
1.019756e+03;2.638318e-21
1.019856e+03;2.638061e-21
1.019956e+03;2.637803e-21
1.020056e+03;2.637546e-21
1.020156e+03;2.637289e-21
1.020256e+03;2.637031e-21
1.020356e+03;2.636774e-21
1.020456e+03;2.636517e-21
1.020556e+03;2.636260e-21
1.020656e+03;2.636003e-21
1.020756e+03;2.635746e-21
1.020856e+03;2.635489e-21
1.020956e+03;2.635232e-21
1.021056e+03;2.634975e-21
1.021156e+03;2.634718e-21
1.021256e+03;2.634461e-21
1.021356e+03;2.634204e-21
1.021456e+03;2.633948e-21
1.021556e+03;2.633691e-21
1.021656e+03;2.633434e-21
1.021756e+03;2.633178e-21
1.021856e+03;2.632921e-21
1.021956e+03;2.632665e-21
1.022056e+03;2.632409e-21
1.022156e+03;2.632152e-21
1.022256e+03;2.631896e-21
1.022356e+03;2.631640e-21
1.022456e+03;2.631383e-21
1.022556e+03;2.631127e-21
1.022656e+03;2.630871e-21
1.022756e+03;2.630615e-21
1.022856e+03;2.630359e-21
1.022956e+03;2.630103e-21
1.023056e+03;2.629847e-21
1.023156e+03;2.629592e-21
1.023256e+03;2.629336e-21
1.023356e+03;2.629080e-21
1.023456e+03;2.628824e-21
1.023556e+03;2.628569e-21
1.023656e+03;2.628313e-21
1.023756e+03;2.628058e-21
1.023856e+03;2.627802e-21
1.023956e+03;2.627547e-21
1.024056e+03;2.627291e-21
1.024156e+03;2.627036e-21
1.024256e+03;2.626781e-21
1.024356e+03;2.626525e-21
1.024456e+03;2.626270e-21
1.024556e+03;2.626015e-21
1.024656e+03;2.625760e-21
1.024756e+03;2.625505e-21
1.024856e+03;2.625250e-21
1.024956e+03;2.624995e-21
1.025056e+03;2.624740e-21
1.025156e+03;2.624485e-21
1.025256e+03;2.624230e-21
1.025356e+03;2.623976e-21
1.025456e+03;2.623721e-21
1.025556e+03;2.623466e-21
1.025656e+03;2.623212e-21
1.025756e+03;2.622957e-21
1.025856e+03;2.622703e-21
1.025956e+03;2.622448e-21
1.026056e+03;2.622194e-21
1.026156e+03;2.621939e-21
1.026256e+03;2.621685e-21
1.026356e+03;2.621431e-21
1.026456e+03;2.621177e-21
1.026556e+03;2.620922e-21
1.026656e+03;2.620668e-21
1.026756e+03;2.620414e-21
1.026856e+03;2.620160e-21
1.026956e+03;2.619906e-21
1.027056e+03;2.619652e-21
1.027156e+03;2.619398e-21
1.027256e+03;2.619145e-21
1.027356e+03;2.618891e-21
1.027456e+03;2.618637e-21
1.027556e+03;2.618384e-21
1.027656e+03;2.618130e-21
1.027756e+03;2.617876e-21
1.027856e+03;2.617623e-21
1.027956e+03;2.617369e-21
1.028056e+03;2.617116e-21
1.028156e+03;2.616863e-21
1.028256e+03;2.616609e-21
1.028356e+03;2.616356e-21
1.028456e+03;2.616103e-21
1.028556e+03;2.615850e-21
1.028656e+03;2.615596e-21
1.028756e+03;2.615343e-21
1.028856e+03;2.615090e-21
1.028956e+03;2.614837e-21
1.029056e+03;2.614584e-21
1.029156e+03;2.614332e-21
1.029256e+03;2.614079e-21
1.029356e+03;2.613826e-21
1.029456e+03;2.613573e-21
1.029556e+03;2.613320e-21
1.029656e+03;2.613068e-21
1.029756e+03;2.612815e-21
1.029856e+03;2.612563e-21
1.029956e+03;2.612310e-21
1.030056e+03;2.612058e-21
1.030156e+03;2.611805e-21
1.030256e+03;2.611553e-21
1.030356e+03;2.611301e-21
1.030456e+03;2.611048e-21
1.030556e+03;2.610796e-21
1.030656e+03;2.610544e-21
1.030756e+03;2.610292e-21
1.030856e+03;2.610040e-21
1.030956e+03;2.609788e-21
1.031056e+03;2.609536e-21
1.031156e+03;2.609284e-21
1.031256e+03;2.609032e-21
1.031356e+03;2.608780e-21
1.031456e+03;2.608529e-21
1.031556e+03;2.608277e-21
1.031656e+03;2.608025e-21
1.031756e+03;2.607774e-21
1.031856e+03;2.607522e-21
1.031956e+03;2.607271e-21
1.032056e+03;2.607019e-21
1.032156e+03;2.606768e-21
1.032256e+03;2.606516e-21
1.032356e+03;2.606265e-21
1.032456e+03;2.606014e-21
1.032556e+03;2.605763e-21
1.032656e+03;2.605511e-21
1.032756e+03;2.605260e-21
1.032856e+03;2.605009e-21
1.032956e+03;2.604758e-21
1.033056e+03;2.604507e-21
1.033156e+03;2.604256e-21
1.033256e+03;2.604005e-21
1.033357e+03;2.603754e-21
1.033457e+03;2.603504e-21
1.033557e+03;2.603253e-21
1.033657e+03;2.603002e-21
1.033757e+03;2.602752e-21
1.033857e+03;2.602501e-21
1.033957e+03;2.602250e-21
1.034057e+03;2.602000e-21
1.034157e+03;2.601749e-21
1.034257e+03;2.601499e-21
1.034357e+03;2.601249e-21
1.034457e+03;2.600998e-21
1.034557e+03;2.600748e-21
1.034657e+03;2.600498e-21
1.034757e+03;2.600248e-21
1.034857e+03;2.599998e-21
1.034957e+03;2.599748e-21
1.035057e+03;2.599498e-21
1.035157e+03;2.599248e-21
1.035257e+03;2.598998e-21
1.035357e+03;2.598748e-21
1.035457e+03;2.598498e-21
1.035557e+03;2.598248e-21
1.035657e+03;2.597998e-21
1.035757e+03;2.597749e-21
1.035857e+03;2.597499e-21
1.035957e+03;2.597249e-21
1.036057e+03;2.597000e-21
1.036157e+03;2.596750e-21
1.036257e+03;2.596501e-21
1.036357e+03;2.596252e-21
1.036457e+03;2.596002e-21
1.036557e+03;2.595753e-21
1.036657e+03;2.595504e-21
1.036757e+03;2.595254e-21
1.036857e+03;2.595005e-21
1.036957e+03;2.594756e-21
1.037057e+03;2.594507e-21
1.037157e+03;2.594258e-21
1.037257e+03;2.594009e-21
1.037357e+03;2.593760e-21
1.037457e+03;2.593511e-21
1.037557e+03;2.593263e-21
1.037657e+03;2.593014e-21
1.037757e+03;2.592765e-21
1.037857e+03;2.592516e-21
1.037957e+03;2.592268e-21
1.038057e+03;2.592019e-21
1.038157e+03;2.591771e-21
1.038257e+03;2.591522e-21
1.038357e+03;2.591274e-21
1.038457e+03;2.591025e-21
1.038557e+03;2.590777e-21
1.038657e+03;2.590529e-21
1.038757e+03;2.590280e-21
1.038857e+03;2.590032e-21
1.038957e+03;2.589784e-21
1.039057e+03;2.589536e-21
1.039157e+03;2.589288e-21
1.039257e+03;2.589040e-21
1.039357e+03;2.588792e-21
1.039457e+03;2.588544e-21
1.039557e+03;2.588296e-21
1.039657e+03;2.588048e-21
1.039757e+03;2.587800e-21
1.039857e+03;2.587553e-21
1.039957e+03;2.587305e-21
1.040057e+03;2.587057e-21
1.040157e+03;2.586810e-21
1.040257e+03;2.586562e-21
1.040357e+03;2.586315e-21
1.040457e+03;2.586067e-21
1.040557e+03;2.585820e-21
1.040657e+03;2.585573e-21
1.040757e+03;2.585325e-21
1.040857e+03;2.585078e-21
1.040957e+03;2.584831e-21
1.041057e+03;2.584584e-21
1.041157e+03;2.584337e-21
1.041257e+03;2.584089e-21
1.041357e+03;2.583842e-21
1.041457e+03;2.583596e-21
1.041557e+03;2.583349e-21
1.041657e+03;2.583102e-21
1.041757e+03;2.582855e-21
1.041857e+03;2.582608e-21
1.041957e+03;2.582361e-21
1.042057e+03;2.582115e-21
1.042157e+03;2.581868e-21
1.042257e+03;2.581621e-21
1.042357e+03;2.581375e-21
1.042457e+03;2.581128e-21
1.042557e+03;2.580882e-21
1.042657e+03;2.580636e-21
1.042757e+03;2.580389e-21
1.042857e+03;2.580143e-21
1.042957e+03;2.579897e-21
1.043057e+03;2.579650e-21
1.043157e+03;2.579404e-21
1.043257e+03;2.579158e-21
1.043357e+03;2.578912e-21
1.043457e+03;2.578666e-21
1.043557e+03;2.578420e-21
1.043657e+03;2.578174e-21
1.043757e+03;2.577928e-21
1.043857e+03;2.577682e-21
1.043957e+03;2.577436e-21
1.044057e+03;2.577191e-21
1.044157e+03;2.576945e-21
1.044257e+03;2.576699e-21
1.044357e+03;2.576454e-21
1.044457e+03;2.576208e-21
1.044557e+03;2.575963e-21
1.044657e+03;2.575717e-21
1.044757e+03;2.575472e-21
1.044857e+03;2.575226e-21
1.044957e+03;2.574981e-21
1.045057e+03;2.574736e-21
1.045157e+03;2.574491e-21
1.045257e+03;2.574245e-21
1.045357e+03;2.574000e-21
1.045457e+03;2.573755e-21
1.045557e+03;2.573510e-21
1.045657e+03;2.573265e-21
1.045757e+03;2.573020e-21
1.045857e+03;2.572775e-21
1.045957e+03;2.572530e-21
1.046057e+03;2.572286e-21
1.046157e+03;2.572041e-21
1.046257e+03;2.571796e-21
1.046357e+03;2.571551e-21
1.046457e+03;2.571307e-21
1.046557e+03;2.571062e-21
1.046657e+03;2.570818e-21
1.046757e+03;2.570573e-21
1.046857e+03;2.570329e-21
1.046957e+03;2.570084e-21
1.047057e+03;2.569840e-21
1.047157e+03;2.569596e-21
1.047257e+03;2.569351e-21
1.047357e+03;2.569107e-21
1.047457e+03;2.568863e-21
1.047557e+03;2.568619e-21
1.047657e+03;2.568375e-21
1.047757e+03;2.568131e-21
1.047857e+03;2.567887e-21
1.047957e+03;2.567643e-21
1.048057e+03;2.567399e-21
1.048157e+03;2.567155e-21
1.048257e+03;2.566911e-21
1.048357e+03;2.566668e-21
1.048457e+03;2.566424e-21
1.048557e+03;2.566180e-21
1.048657e+03;2.565937e-21
1.048757e+03;2.565693e-21
1.048857e+03;2.565450e-21
1.048957e+03;2.565206e-21
1.049057e+03;2.564963e-21
1.049157e+03;2.564719e-21
1.049257e+03;2.564476e-21
1.049357e+03;2.564233e-21
1.049457e+03;2.563989e-21
1.049557e+03;2.563746e-21
1.049657e+03;2.563503e-21
1.049757e+03;2.563260e-21
1.049857e+03;2.563017e-21
1.049957e+03;2.562774e-21
1.050057e+03;2.562531e-21
1.050157e+03;2.562288e-21
1.050257e+03;2.562045e-21
1.050357e+03;2.561802e-21
1.050457e+03;2.561560e-21
1.050557e+03;2.561317e-21
1.050657e+03;2.561074e-21
1.050757e+03;2.560832e-21
1.050857e+03;2.560589e-21
1.050957e+03;2.560346e-21
1.051057e+03;2.560104e-21
1.051157e+03;2.559861e-21
1.051257e+03;2.559619e-21
1.051357e+03;2.559377e-21
1.051457e+03;2.559134e-21
1.051557e+03;2.558892e-21
1.051657e+03;2.558650e-21
1.051757e+03;2.558408e-21
1.051857e+03;2.558165e-21
1.051957e+03;2.557923e-21
1.052057e+03;2.557681e-21
1.052157e+03;2.557439e-21
1.052257e+03;2.557197e-21
1.052357e+03;2.556956e-21
1.052457e+03;2.556714e-21
1.052557e+03;2.556472e-21
1.052657e+03;2.556230e-21
1.052757e+03;2.555988e-21
1.052857e+03;2.555747e-21
1.052957e+03;2.555505e-21
1.053057e+03;2.555263e-21
1.053157e+03;2.555022e-21
1.053257e+03;2.554780e-21
1.053357e+03;2.554539e-21
1.053457e+03;2.554298e-21
1.053557e+03;2.554056e-21
1.053657e+03;2.553815e-21
1.053757e+03;2.553574e-21
1.053857e+03;2.553332e-21
1.053957e+03;2.553091e-21
1.054057e+03;2.552850e-21
1.054157e+03;2.552609e-21
1.054257e+03;2.552368e-21
1.054357e+03;2.552127e-21
1.054457e+03;2.551886e-21
1.054557e+03;2.551645e-21
1.054657e+03;2.551404e-21
1.054757e+03;2.551163e-21
1.054857e+03;2.550923e-21
1.054957e+03;2.550682e-21
1.055057e+03;2.550441e-21
1.055157e+03;2.550201e-21
1.055257e+03;2.549960e-21
1.055357e+03;2.549720e-21
1.055457e+03;2.549479e-21
1.055557e+03;2.549239e-21
1.055658e+03;2.548998e-21
1.055758e+03;2.548758e-21
1.055858e+03;2.548517e-21
1.055958e+03;2.548277e-21
1.056058e+03;2.548037e-21
1.056158e+03;2.547797e-21
1.056258e+03;2.547557e-21
1.056358e+03;2.547317e-21
1.056458e+03;2.547077e-21
1.056558e+03;2.546837e-21
1.056658e+03;2.546597e-21
1.056758e+03;2.546357e-21
1.056858e+03;2.546117e-21
1.056958e+03;2.545877e-21
1.057058e+03;2.545637e-21
1.057158e+03;2.545398e-21
1.057258e+03;2.545158e-21
1.057358e+03;2.544918e-21
1.057458e+03;2.544679e-21
1.057558e+03;2.544439e-21
1.057658e+03;2.544200e-21
1.057758e+03;2.543960e-21
1.057858e+03;2.543721e-21
1.057958e+03;2.543481e-21
1.058058e+03;2.543242e-21
1.058158e+03;2.543003e-21
1.058258e+03;2.542764e-21
1.058358e+03;2.542524e-21
1.058458e+03;2.542285e-21
1.058558e+03;2.542046e-21
1.058658e+03;2.541807e-21
1.058758e+03;2.541568e-21
1.058858e+03;2.541329e-21
1.058958e+03;2.541090e-21
1.059058e+03;2.540851e-21
1.059158e+03;2.540612e-21
1.059258e+03;2.540374e-21
1.059358e+03;2.540135e-21
1.059458e+03;2.539896e-21
1.059558e+03;2.539658e-21
1.059658e+03;2.539419e-21
1.059758e+03;2.539180e-21
1.059858e+03;2.538942e-21
1.059958e+03;2.538703e-21
1.060058e+03;2.538465e-21
1.060158e+03;2.538227e-21
1.060258e+03;2.537988e-21
1.060358e+03;2.537750e-21
1.060458e+03;2.537512e-21
1.060558e+03;2.537274e-21
1.060658e+03;2.537035e-21
1.060758e+03;2.536797e-21
1.060858e+03;2.536559e-21
1.060958e+03;2.536321e-21
1.061058e+03;2.536083e-21
1.061158e+03;2.535845e-21
1.061258e+03;2.535607e-21
1.061358e+03;2.535370e-21
1.061458e+03;2.535132e-21
1.061558e+03;2.534894e-21
1.061658e+03;2.534656e-21
1.061758e+03;2.534419e-21
1.061858e+03;2.534181e-21
1.061958e+03;2.533944e-21
1.062058e+03;2.533706e-21
1.062158e+03;2.533469e-21
1.062258e+03;2.533231e-21
1.062358e+03;2.532994e-21
1.062458e+03;2.532756e-21
1.062558e+03;2.532519e-21
1.062658e+03;2.532282e-21
1.062758e+03;2.532045e-21
1.062858e+03;2.531807e-21
1.062958e+03;2.531570e-21
1.063058e+03;2.531333e-21
1.063158e+03;2.531096e-21
1.063258e+03;2.530859e-21
1.063358e+03;2.530622e-21
1.063458e+03;2.530385e-21
1.063558e+03;2.530148e-21
1.063658e+03;2.529912e-21
1.063758e+03;2.529675e-21
1.063858e+03;2.529438e-21
1.063958e+03;2.529201e-21
1.064058e+03;2.528965e-21
1.064158e+03;2.528728e-21
1.064258e+03;2.528492e-21
1.064358e+03;2.528255e-21
1.064458e+03;2.528019e-21
1.064558e+03;2.527782e-21
1.064658e+03;2.527546e-21
1.064758e+03;2.527310e-21
1.064858e+03;2.527073e-21
1.064958e+03;2.526837e-21
1.065058e+03;2.526601e-21
1.065158e+03;2.526365e-21
1.065258e+03;2.526129e-21
1.065358e+03;2.525892e-21
1.065458e+03;2.525656e-21
1.065558e+03;2.525420e-21
1.065658e+03;2.525185e-21
1.065758e+03;2.524949e-21
1.065858e+03;2.524713e-21
1.065958e+03;2.524477e-21
1.066058e+03;2.524241e-21
1.066158e+03;2.524005e-21
1.066258e+03;2.523770e-21
1.066358e+03;2.523534e-21
1.066458e+03;2.523299e-21
1.066558e+03;2.523063e-21
1.066658e+03;2.522828e-21
1.066758e+03;2.522592e-21
1.066858e+03;2.522357e-21
1.066958e+03;2.522121e-21
1.067058e+03;2.521886e-21
1.067158e+03;2.521651e-21
1.067258e+03;2.521416e-21
1.067358e+03;2.521180e-21
1.067458e+03;2.520945e-21
1.067558e+03;2.520710e-21
1.067658e+03;2.520475e-21
1.067758e+03;2.520240e-21
1.067858e+03;2.520005e-21
1.067958e+03;2.519770e-21
1.068058e+03;2.519535e-21
1.068158e+03;2.519300e-21
1.068258e+03;2.519066e-21
1.068358e+03;2.518831e-21
1.068458e+03;2.518596e-21
1.068558e+03;2.518362e-21
1.068658e+03;2.518127e-21
1.068758e+03;2.517892e-21
1.068858e+03;2.517658e-21
1.068958e+03;2.517423e-21
1.069058e+03;2.517189e-21
1.069158e+03;2.516954e-21
1.069258e+03;2.516720e-21
1.069358e+03;2.516486e-21
1.069458e+03;2.516252e-21
1.069558e+03;2.516017e-21
1.069658e+03;2.515783e-21
1.069758e+03;2.515549e-21
1.069858e+03;2.515315e-21
1.069958e+03;2.515081e-21
1.070058e+03;2.514847e-21
1.070158e+03;2.514613e-21
1.070258e+03;2.514379e-21
1.070358e+03;2.514145e-21
1.070458e+03;2.513911e-21
1.070558e+03;2.513677e-21
1.070658e+03;2.513444e-21
1.070758e+03;2.513210e-21
1.070858e+03;2.512976e-21
1.070958e+03;2.512743e-21
1.071058e+03;2.512509e-21
1.071158e+03;2.512276e-21
1.071258e+03;2.512042e-21
1.071358e+03;2.511809e-21
1.071458e+03;2.511575e-21
1.071558e+03;2.511342e-21
1.071658e+03;2.511109e-21
1.071758e+03;2.510875e-21
1.071858e+03;2.510642e-21
1.071958e+03;2.510409e-21
1.072058e+03;2.510176e-21
1.072158e+03;2.509943e-21
1.072258e+03;2.509710e-21
1.072358e+03;2.509477e-21
1.072458e+03;2.509244e-21
1.072558e+03;2.509011e-21
1.072658e+03;2.508778e-21
1.072758e+03;2.508545e-21
1.072858e+03;2.508312e-21
1.072958e+03;2.508080e-21
1.073058e+03;2.507847e-21
1.073158e+03;2.507614e-21
1.073258e+03;2.507382e-21
1.073358e+03;2.507149e-21
1.073458e+03;2.506916e-21
1.073558e+03;2.506684e-21
1.073658e+03;2.506451e-21
1.073758e+03;2.506219e-21
1.073858e+03;2.505987e-21
1.073958e+03;2.505754e-21
1.074058e+03;2.505522e-21
1.074158e+03;2.505290e-21
1.074258e+03;2.505058e-21
1.074358e+03;2.504826e-21
1.074458e+03;2.504593e-21
1.074558e+03;2.504361e-21
1.074658e+03;2.504129e-21
1.074758e+03;2.503897e-21
1.074858e+03;2.503665e-21
1.074958e+03;2.503434e-21
1.075058e+03;2.503202e-21
1.075158e+03;2.502970e-21
1.075258e+03;2.502738e-21
1.075358e+03;2.502506e-21
1.075458e+03;2.502275e-21
1.075558e+03;2.502043e-21
1.075658e+03;2.501812e-21
1.075758e+03;2.501580e-21
1.075858e+03;2.501349e-21
1.075958e+03;2.501117e-21
1.076058e+03;2.500886e-21
1.076158e+03;2.500654e-21
1.076258e+03;2.500423e-21
1.076358e+03;2.500192e-21
1.076458e+03;2.499960e-21
1.076558e+03;2.499729e-21
1.076658e+03;2.499498e-21
1.076758e+03;2.499267e-21
1.076858e+03;2.499036e-21
1.076958e+03;2.498805e-21
1.077058e+03;2.498574e-21
1.077158e+03;2.498343e-21
1.077258e+03;2.498112e-21
1.077358e+03;2.497881e-21
1.077458e+03;2.497650e-21
1.077558e+03;2.497420e-21
1.077658e+03;2.497189e-21
1.077758e+03;2.496958e-21
1.077859e+03;2.496727e-21
1.077959e+03;2.496497e-21
1.078059e+03;2.496266e-21
1.078159e+03;2.496036e-21
1.078259e+03;2.495805e-21
1.078359e+03;2.495575e-21
1.078459e+03;2.495344e-21
1.078559e+03;2.495114e-21
1.078659e+03;2.494884e-21
1.078759e+03;2.494654e-21
1.078859e+03;2.494423e-21
1.078959e+03;2.494193e-21
1.079059e+03;2.493963e-21
1.079159e+03;2.493733e-21
1.079259e+03;2.493503e-21
1.079359e+03;2.493273e-21
1.079459e+03;2.493043e-21
1.079559e+03;2.492813e-21
1.079659e+03;2.492583e-21
1.079759e+03;2.492353e-21
1.079859e+03;2.492123e-21
1.079959e+03;2.491894e-21
1.080059e+03;2.491664e-21
1.080159e+03;2.491434e-21
1.080259e+03;2.491205e-21
1.080359e+03;2.490975e-21
1.080459e+03;2.490746e-21
1.080559e+03;2.490516e-21
1.080659e+03;2.490287e-21
1.080759e+03;2.490057e-21
1.080859e+03;2.489828e-21
1.080959e+03;2.489598e-21
1.081059e+03;2.489369e-21
1.081159e+03;2.489140e-21
1.081259e+03;2.488911e-21
1.081359e+03;2.488682e-21
1.081459e+03;2.488452e-21
1.081559e+03;2.488223e-21
1.081659e+03;2.487994e-21
1.081759e+03;2.487765e-21
1.081859e+03;2.487536e-21
1.081959e+03;2.487307e-21
1.082059e+03;2.487079e-21
1.082159e+03;2.486850e-21
1.082259e+03;2.486621e-21
1.082359e+03;2.486392e-21
1.082459e+03;2.486164e-21
1.082559e+03;2.485935e-21
1.082659e+03;2.485706e-21
1.082759e+03;2.485478e-21
1.082859e+03;2.485249e-21
1.082959e+03;2.485021e-21
1.083059e+03;2.484792e-21
1.083159e+03;2.484564e-21
1.083259e+03;2.484335e-21
1.083359e+03;2.484107e-21
1.083459e+03;2.483879e-21
1.083559e+03;2.483651e-21
1.083659e+03;2.483422e-21
1.083759e+03;2.483194e-21
1.083859e+03;2.482966e-21
1.083959e+03;2.482738e-21
1.084059e+03;2.482510e-21
1.084159e+03;2.482282e-21
1.084259e+03;2.482054e-21
1.084359e+03;2.481826e-21
1.084459e+03;2.481598e-21
1.084559e+03;2.481370e-21
1.084659e+03;2.481143e-21
1.084759e+03;2.480915e-21
1.084859e+03;2.480687e-21
1.084959e+03;2.480460e-21
1.085059e+03;2.480232e-21
1.085159e+03;2.480004e-21
1.085259e+03;2.479777e-21
1.085359e+03;2.479549e-21
1.085459e+03;2.479322e-21
1.085559e+03;2.479095e-21
1.085659e+03;2.478867e-21
1.085759e+03;2.478640e-21
1.085859e+03;2.478413e-21
1.085959e+03;2.478185e-21
1.086059e+03;2.477958e-21
1.086159e+03;2.477731e-21
1.086259e+03;2.477504e-21
1.086359e+03;2.477277e-21
1.086459e+03;2.477050e-21
1.086559e+03;2.476823e-21
1.086659e+03;2.476596e-21
1.086759e+03;2.476369e-21
1.086859e+03;2.476142e-21
1.086959e+03;2.475915e-21
1.087059e+03;2.475689e-21
1.087159e+03;2.475462e-21
1.087259e+03;2.475235e-21
1.087359e+03;2.475008e-21
1.087459e+03;2.474782e-21
1.087559e+03;2.474555e-21
1.087659e+03;2.474329e-21
1.087759e+03;2.474102e-21
1.087859e+03;2.473876e-21
1.087959e+03;2.473649e-21
1.088059e+03;2.473423e-21
1.088159e+03;2.473197e-21
1.088259e+03;2.472970e-21
1.088359e+03;2.472744e-21
1.088459e+03;2.472518e-21
1.088559e+03;2.472292e-21
1.088659e+03;2.472066e-21
1.088759e+03;2.471840e-21
1.088859e+03;2.471614e-21
1.088959e+03;2.471388e-21
1.089059e+03;2.471162e-21
1.089159e+03;2.470936e-21
1.089259e+03;2.470710e-21
1.089359e+03;2.470484e-21
1.089459e+03;2.470258e-21
1.089559e+03;2.470033e-21
1.089659e+03;2.469807e-21
1.089759e+03;2.469581e-21
1.089859e+03;2.469356e-21
1.089959e+03;2.469130e-21
1.090059e+03;2.468904e-21
1.090159e+03;2.468679e-21
1.090259e+03;2.468454e-21
1.090359e+03;2.468228e-21
1.090459e+03;2.468003e-21
1.090559e+03;2.467777e-21
1.090659e+03;2.467552e-21
1.090759e+03;2.467327e-21
1.090859e+03;2.467102e-21
1.090959e+03;2.466876e-21
1.091059e+03;2.466651e-21
1.091159e+03;2.466426e-21
1.091259e+03;2.466201e-21
1.091359e+03;2.465976e-21
1.091459e+03;2.465751e-21
1.091559e+03;2.465526e-21
1.091659e+03;2.465301e-21
1.091759e+03;2.465077e-21
1.091859e+03;2.464852e-21
1.091959e+03;2.464627e-21
1.092059e+03;2.464402e-21
1.092159e+03;2.464178e-21
1.092259e+03;2.463953e-21
1.092359e+03;2.463728e-21
1.092459e+03;2.463504e-21
1.092559e+03;2.463279e-21
1.092659e+03;2.463055e-21
1.092759e+03;2.462830e-21
1.092859e+03;2.462606e-21
1.092959e+03;2.462382e-21
1.093059e+03;2.462157e-21
1.093159e+03;2.461933e-21
1.093259e+03;2.461709e-21
1.093359e+03;2.461485e-21
1.093459e+03;2.461261e-21
1.093559e+03;2.461037e-21
1.093659e+03;2.460812e-21
1.093759e+03;2.460588e-21
1.093859e+03;2.460364e-21
1.093959e+03;2.460141e-21
1.094059e+03;2.459917e-21
1.094159e+03;2.459693e-21
1.094259e+03;2.459469e-21
1.094359e+03;2.459245e-21
1.094459e+03;2.459021e-21
1.094559e+03;2.458798e-21
1.094659e+03;2.458574e-21
1.094759e+03;2.458350e-21
1.094859e+03;2.458127e-21
1.094959e+03;2.457903e-21
1.095059e+03;2.457680e-21
1.095159e+03;2.457456e-21
1.095259e+03;2.457233e-21
1.095359e+03;2.457010e-21
1.095459e+03;2.456786e-21
1.095559e+03;2.456563e-21
1.095659e+03;2.456340e-21
1.095759e+03;2.456117e-21
1.095859e+03;2.455893e-21
1.095959e+03;2.455670e-21
1.096059e+03;2.455447e-21
1.096159e+03;2.455224e-21
1.096259e+03;2.455001e-21
1.096359e+03;2.454778e-21
1.096459e+03;2.454555e-21
1.096559e+03;2.454332e-21
1.096659e+03;2.454110e-21
1.096759e+03;2.453887e-21
1.096859e+03;2.453664e-21
1.096959e+03;2.453441e-21
1.097059e+03;2.453219e-21
1.097159e+03;2.452996e-21
1.097259e+03;2.452773e-21
1.097359e+03;2.452551e-21
1.097459e+03;2.452328e-21
1.097559e+03;2.452106e-21
1.097659e+03;2.451883e-21
1.097759e+03;2.451661e-21
1.097859e+03;2.451439e-21
1.097959e+03;2.451216e-21
1.098059e+03;2.450994e-21
1.098159e+03;2.450772e-21
1.098259e+03;2.450550e-21
1.098359e+03;2.450327e-21
1.098459e+03;2.450105e-21
1.098559e+03;2.449883e-21
1.098659e+03;2.449661e-21
1.098759e+03;2.449439e-21
1.098859e+03;2.449217e-21
1.098959e+03;2.448995e-21
1.099059e+03;2.448773e-21
1.099159e+03;2.448552e-21
1.099259e+03;2.448330e-21
1.099359e+03;2.448108e-21
1.099459e+03;2.447886e-21
1.099559e+03;2.447665e-21
1.099659e+03;2.447443e-21
1.099759e+03;2.447221e-21
1.099859e+03;2.447000e-21
1.099959e+03;2.446778e-21
1.100060e+03;2.446557e-21
1.100160e+03;2.446335e-21
1.100260e+03;2.446114e-21
1.100360e+03;2.445893e-21
1.100460e+03;2.445671e-21
1.100560e+03;2.445450e-21
1.100660e+03;2.445229e-21
1.100760e+03;2.445008e-21
1.100860e+03;2.444787e-21
1.100960e+03;2.444565e-21
1.101060e+03;2.444344e-21
1.101160e+03;2.444123e-21
1.101260e+03;2.443902e-21
1.101360e+03;2.443681e-21
1.101460e+03;2.443460e-21
1.101560e+03;2.443240e-21
1.101660e+03;2.443019e-21
1.101760e+03;2.442798e-21
1.101860e+03;2.442577e-21
1.101960e+03;2.442356e-21
1.102060e+03;2.442136e-21
1.102160e+03;2.441915e-21
1.102260e+03;2.441695e-21
1.102360e+03;2.441474e-21
1.102460e+03;2.441254e-21
1.102560e+03;2.441033e-21
1.102660e+03;2.440813e-21
1.102760e+03;2.440592e-21
1.102860e+03;2.440372e-21
1.102960e+03;2.440152e-21
1.103060e+03;2.439931e-21
1.103160e+03;2.439711e-21
1.103260e+03;2.439491e-21
1.103360e+03;2.439271e-21
1.103460e+03;2.439051e-21
1.103560e+03;2.438830e-21
1.103660e+03;2.438610e-21
1.103760e+03;2.438390e-21
1.103860e+03;2.438170e-21
1.103960e+03;2.437951e-21
1.104060e+03;2.437731e-21
1.104160e+03;2.437511e-21
1.104260e+03;2.437291e-21
1.104360e+03;2.437071e-21
1.104460e+03;2.436852e-21
1.104560e+03;2.436632e-21
1.104660e+03;2.436412e-21
1.104760e+03;2.436193e-21
1.104860e+03;2.435973e-21
1.104960e+03;2.435754e-21
1.105060e+03;2.435534e-21
1.105160e+03;2.435315e-21
1.105260e+03;2.435095e-21
1.105360e+03;2.434876e-21
1.105460e+03;2.434657e-21
1.105560e+03;2.434437e-21
1.105660e+03;2.434218e-21
1.105760e+03;2.433999e-21
1.105860e+03;2.433780e-21
1.105960e+03;2.433560e-21
1.106060e+03;2.433341e-21
1.106160e+03;2.433122e-21
1.106260e+03;2.432903e-21
1.106360e+03;2.432684e-21
1.106460e+03;2.432465e-21
1.106560e+03;2.432247e-21
1.106660e+03;2.432028e-21
1.106760e+03;2.431809e-21
1.106860e+03;2.431590e-21
1.106960e+03;2.431371e-21
1.107060e+03;2.431153e-21
1.107160e+03;2.430934e-21
1.107260e+03;2.430715e-21
1.107360e+03;2.430497e-21
1.107460e+03;2.430278e-21
1.107560e+03;2.430060e-21
1.107660e+03;2.429841e-21
1.107760e+03;2.429623e-21
1.107860e+03;2.429405e-21
1.107960e+03;2.429186e-21
1.108060e+03;2.428968e-21
1.108160e+03;2.428750e-21
1.108260e+03;2.428531e-21
1.108360e+03;2.428313e-21
1.108460e+03;2.428095e-21
1.108560e+03;2.427877e-21
1.108660e+03;2.427659e-21
1.108760e+03;2.427441e-21
1.108860e+03;2.427223e-21
1.108960e+03;2.427005e-21
1.109060e+03;2.426787e-21
1.109160e+03;2.426569e-21
1.109260e+03;2.426351e-21
1.109360e+03;2.426134e-21
1.109460e+03;2.425916e-21
1.109560e+03;2.425698e-21
1.109660e+03;2.425480e-21
1.109760e+03;2.425263e-21
1.109860e+03;2.425045e-21
1.109960e+03;2.424828e-21
1.110060e+03;2.424610e-21
1.110160e+03;2.424393e-21
1.110260e+03;2.424175e-21
1.110360e+03;2.423958e-21
1.110460e+03;2.423740e-21
1.110560e+03;2.423523e-21
1.110660e+03;2.423306e-21
1.110760e+03;2.423089e-21
1.110860e+03;2.422871e-21
1.110960e+03;2.422654e-21
1.111060e+03;2.422437e-21
1.111160e+03;2.422220e-21
1.111260e+03;2.422003e-21
1.111360e+03;2.421786e-21
1.111460e+03;2.421569e-21
1.111560e+03;2.421352e-21
1.111660e+03;2.421135e-21
1.111760e+03;2.420918e-21
1.111860e+03;2.420701e-21
1.111960e+03;2.420485e-21
1.112060e+03;2.420268e-21
1.112160e+03;2.420051e-21
1.112260e+03;2.419835e-21
1.112360e+03;2.419618e-21
1.112460e+03;2.419401e-21
1.112560e+03;2.419185e-21
1.112660e+03;2.418968e-21
1.112760e+03;2.418752e-21
1.112860e+03;2.418535e-21
1.112960e+03;2.418319e-21
1.113060e+03;2.418103e-21
1.113160e+03;2.417886e-21
1.113260e+03;2.417670e-21
1.113360e+03;2.417454e-21
1.113460e+03;2.417238e-21
1.113560e+03;2.417021e-21
1.113660e+03;2.416805e-21
1.113760e+03;2.416589e-21
1.113860e+03;2.416373e-21
1.113960e+03;2.416157e-21
1.114060e+03;2.415941e-21
1.114160e+03;2.415725e-21
1.114260e+03;2.415509e-21
1.114360e+03;2.415294e-21
1.114460e+03;2.415078e-21
1.114560e+03;2.414862e-21
1.114660e+03;2.414646e-21
1.114760e+03;2.414431e-21
1.114860e+03;2.414215e-21
1.114960e+03;2.413999e-21
1.115060e+03;2.413784e-21
1.115160e+03;2.413568e-21
1.115260e+03;2.413353e-21
1.115360e+03;2.413137e-21
1.115460e+03;2.412922e-21
1.115560e+03;2.412706e-21
1.115660e+03;2.412491e-21
1.115760e+03;2.412276e-21
1.115860e+03;2.412060e-21
1.115960e+03;2.411845e-21
1.116060e+03;2.411630e-21
1.116160e+03;2.411415e-21
1.116260e+03;2.411200e-21
1.116360e+03;2.410985e-21
1.116460e+03;2.410770e-21
1.116560e+03;2.410555e-21
1.116660e+03;2.410340e-21
1.116760e+03;2.410125e-21
1.116860e+03;2.409910e-21
1.116960e+03;2.409695e-21
1.117060e+03;2.409480e-21
1.117160e+03;2.409265e-21
1.117260e+03;2.409051e-21
1.117360e+03;2.408836e-21
1.117460e+03;2.408621e-21
1.117560e+03;2.408407e-21
1.117660e+03;2.408192e-21
1.117760e+03;2.407978e-21
1.117860e+03;2.407763e-21
1.117960e+03;2.407549e-21
1.118060e+03;2.407334e-21
1.118160e+03;2.407120e-21
1.118260e+03;2.406905e-21
1.118360e+03;2.406691e-21
1.118460e+03;2.406477e-21
1.118560e+03;2.406263e-21
1.118660e+03;2.406048e-21
1.118760e+03;2.405834e-21
1.118860e+03;2.405620e-21
1.118960e+03;2.405406e-21
1.119060e+03;2.405192e-21
1.119160e+03;2.404978e-21
1.119260e+03;2.404764e-21
1.119360e+03;2.404550e-21
1.119460e+03;2.404336e-21
1.119560e+03;2.404122e-21
1.119660e+03;2.403908e-21
1.119760e+03;2.403695e-21
1.119860e+03;2.403481e-21
1.119960e+03;2.403267e-21
1.120060e+03;2.403053e-21
1.120160e+03;2.402840e-21
1.120260e+03;2.402626e-21
1.120360e+03;2.402413e-21
1.120460e+03;2.402199e-21
1.120560e+03;2.401986e-21
1.120660e+03;2.401772e-21
1.120760e+03;2.401559e-21
1.120860e+03;2.401345e-21
1.120960e+03;2.401132e-21
1.121060e+03;2.400919e-21
1.121160e+03;2.400706e-21
1.121260e+03;2.400492e-21
1.121360e+03;2.400279e-21
1.121460e+03;2.400066e-21
1.121560e+03;2.399853e-21
1.121660e+03;2.399640e-21
1.121760e+03;2.399427e-21
1.121860e+03;2.399214e-21
1.121960e+03;2.399001e-21
1.122060e+03;2.398788e-21
1.122160e+03;2.398575e-21
1.122261e+03;2.398362e-21
1.122361e+03;2.398150e-21
1.122461e+03;2.397937e-21
1.122561e+03;2.397724e-21
1.122661e+03;2.397511e-21
1.122761e+03;2.397299e-21
1.122861e+03;2.397086e-21
1.122961e+03;2.396874e-21
1.123061e+03;2.396661e-21
1.123161e+03;2.396449e-21
1.123261e+03;2.396236e-21
1.123361e+03;2.396024e-21
1.123461e+03;2.395811e-21
1.123561e+03;2.395599e-21
1.123661e+03;2.395387e-21
1.123761e+03;2.395174e-21
1.123861e+03;2.394962e-21
1.123961e+03;2.394750e-21
1.124061e+03;2.394538e-21
1.124161e+03;2.394326e-21
1.124261e+03;2.394114e-21
1.124361e+03;2.393901e-21
1.124461e+03;2.393689e-21
1.124561e+03;2.393478e-21
1.124661e+03;2.393266e-21
1.124761e+03;2.393054e-21
1.124861e+03;2.392842e-21
1.124961e+03;2.392630e-21
1.125061e+03;2.392418e-21
1.125161e+03;2.392206e-21
1.125261e+03;2.391995e-21
1.125361e+03;2.391783e-21
1.125461e+03;2.391571e-21
1.125561e+03;2.391360e-21
1.125661e+03;2.391148e-21
1.125761e+03;2.390937e-21
1.125861e+03;2.390725e-21
1.125961e+03;2.390514e-21
1.126061e+03;2.390302e-21
1.126161e+03;2.390091e-21
1.126261e+03;2.389880e-21
1.126361e+03;2.389668e-21
1.126461e+03;2.389457e-21
1.126561e+03;2.389246e-21
1.126661e+03;2.389035e-21
1.126761e+03;2.388824e-21
1.126861e+03;2.388613e-21
1.126961e+03;2.388401e-21
1.127061e+03;2.388190e-21
1.127161e+03;2.387979e-21
1.127261e+03;2.387768e-21
1.127361e+03;2.387558e-21
1.127461e+03;2.387347e-21
1.127561e+03;2.387136e-21
1.127661e+03;2.386925e-21
1.127761e+03;2.386714e-21
1.127861e+03;2.386503e-21
1.127961e+03;2.386293e-21
1.128061e+03;2.386082e-21
1.128161e+03;2.385872e-21
1.128261e+03;2.385661e-21
1.128361e+03;2.385450e-21
1.128461e+03;2.385240e-21
1.128561e+03;2.385029e-21
1.128661e+03;2.384819e-21
1.128761e+03;2.384609e-21
1.128861e+03;2.384398e-21
1.128961e+03;2.384188e-21
1.129061e+03;2.383978e-21
1.129161e+03;2.383767e-21
1.129261e+03;2.383557e-21
1.129361e+03;2.383347e-21
1.129461e+03;2.383137e-21
1.129561e+03;2.382927e-21
1.129661e+03;2.382717e-21
1.129761e+03;2.382507e-21
1.129861e+03;2.382297e-21
1.129961e+03;2.382087e-21
1.130061e+03;2.381877e-21
1.130161e+03;2.381667e-21
1.130261e+03;2.381457e-21
1.130361e+03;2.381247e-21
1.130461e+03;2.381037e-21
1.130561e+03;2.380828e-21
1.130661e+03;2.380618e-21
1.130761e+03;2.380408e-21
1.130861e+03;2.380199e-21
1.130961e+03;2.379989e-21
1.131061e+03;2.379780e-21
1.131161e+03;2.379570e-21
1.131261e+03;2.379361e-21
1.131361e+03;2.379151e-21
1.131461e+03;2.378942e-21
1.131561e+03;2.378732e-21
1.131661e+03;2.378523e-21
1.131761e+03;2.378314e-21
1.131861e+03;2.378104e-21
1.131961e+03;2.377895e-21
1.132061e+03;2.377686e-21
1.132161e+03;2.377477e-21
1.132261e+03;2.377268e-21
1.132361e+03;2.377059e-21
1.132461e+03;2.376850e-21
1.132561e+03;2.376641e-21
1.132661e+03;2.376432e-21
1.132761e+03;2.376223e-21
1.132861e+03;2.376014e-21
1.132961e+03;2.375805e-21
1.133061e+03;2.375596e-21
1.133161e+03;2.375387e-21
1.133261e+03;2.375179e-21
1.133361e+03;2.374970e-21
1.133461e+03;2.374761e-21
1.133561e+03;2.374553e-21
1.133661e+03;2.374344e-21
1.133761e+03;2.374136e-21
1.133861e+03;2.373927e-21
1.133961e+03;2.373719e-21
1.134061e+03;2.373510e-21
1.134161e+03;2.373302e-21
1.134261e+03;2.373093e-21
1.134361e+03;2.372885e-21
1.134461e+03;2.372677e-21
1.134561e+03;2.372468e-21
1.134661e+03;2.372260e-21
1.134761e+03;2.372052e-21
1.134861e+03;2.371844e-21
1.134961e+03;2.371636e-21
1.135061e+03;2.371428e-21
1.135161e+03;2.371220e-21
1.135261e+03;2.371012e-21
1.135361e+03;2.370804e-21
1.135461e+03;2.370596e-21
1.135561e+03;2.370388e-21
1.135661e+03;2.370180e-21
1.135761e+03;2.369972e-21
1.135861e+03;2.369764e-21
1.135961e+03;2.369556e-21
1.136061e+03;2.369349e-21
1.136161e+03;2.369141e-21
1.136261e+03;2.368933e-21
1.136361e+03;2.368726e-21
1.136461e+03;2.368518e-21
1.136561e+03;2.368311e-21
1.136661e+03;2.368103e-21
1.136761e+03;2.367896e-21
1.136861e+03;2.367688e-21
1.136961e+03;2.367481e-21
1.137061e+03;2.367274e-21
1.137161e+03;2.367066e-21
1.137261e+03;2.366859e-21
1.137361e+03;2.366652e-21
1.137461e+03;2.366445e-21
1.137561e+03;2.366237e-21
1.137661e+03;2.366030e-21
1.137761e+03;2.365823e-21
1.137861e+03;2.365616e-21
1.137961e+03;2.365409e-21
1.138061e+03;2.365202e-21
1.138161e+03;2.364995e-21
1.138261e+03;2.364788e-21
1.138361e+03;2.364581e-21
1.138461e+03;2.364374e-21
1.138561e+03;2.364168e-21
1.138661e+03;2.363961e-21
1.138761e+03;2.363754e-21
1.138861e+03;2.363547e-21
1.138961e+03;2.363341e-21
1.139061e+03;2.363134e-21
1.139161e+03;2.362927e-21
1.139261e+03;2.362721e-21
1.139361e+03;2.362514e-21
1.139461e+03;2.362308e-21
1.139561e+03;2.362101e-21
1.139661e+03;2.361895e-21
1.139761e+03;2.361689e-21
1.139861e+03;2.361482e-21
1.139961e+03;2.361276e-21
1.140061e+03;2.361070e-21
1.140161e+03;2.360864e-21
1.140261e+03;2.360657e-21
1.140361e+03;2.360451e-21
1.140461e+03;2.360245e-21
1.140561e+03;2.360039e-21
1.140661e+03;2.359833e-21
1.140761e+03;2.359627e-21
1.140861e+03;2.359421e-21
1.140961e+03;2.359215e-21
1.141061e+03;2.359009e-21
1.141161e+03;2.358803e-21
1.141261e+03;2.358597e-21
1.141361e+03;2.358392e-21
1.141461e+03;2.358186e-21
1.141561e+03;2.357980e-21
1.141661e+03;2.357774e-21
1.141761e+03;2.357569e-21
1.141861e+03;2.357363e-21
1.141961e+03;2.357157e-21
1.142061e+03;2.356952e-21
1.142161e+03;2.356746e-21
1.142261e+03;2.356541e-21
1.142361e+03;2.356335e-21
1.142461e+03;2.356130e-21
1.142561e+03;2.355925e-21
1.142661e+03;2.355719e-21
1.142761e+03;2.355514e-21
1.142861e+03;2.355309e-21
1.142961e+03;2.355104e-21
1.143061e+03;2.354898e-21
1.143161e+03;2.354693e-21
1.143261e+03;2.354488e-21
1.143361e+03;2.354283e-21
1.143461e+03;2.354078e-21
1.143561e+03;2.353873e-21
1.143661e+03;2.353668e-21
1.143761e+03;2.353463e-21
1.143861e+03;2.353258e-21
1.143961e+03;2.353053e-21
1.144061e+03;2.352848e-21
1.144161e+03;2.352644e-21
1.144261e+03;2.352439e-21
1.144361e+03;2.352234e-21
1.144462e+03;2.352029e-21
1.144562e+03;2.351825e-21
1.144662e+03;2.351620e-21
1.144762e+03;2.351416e-21
1.144862e+03;2.351211e-21
1.144962e+03;2.351006e-21
1.145062e+03;2.350802e-21
1.145162e+03;2.350598e-21
1.145262e+03;2.350393e-21
1.145362e+03;2.350189e-21
1.145462e+03;2.349984e-21
1.145562e+03;2.349780e-21
1.145662e+03;2.349576e-21
1.145762e+03;2.349372e-21
1.145862e+03;2.349167e-21
1.145962e+03;2.348963e-21
1.146062e+03;2.348759e-21
1.146162e+03;2.348555e-21
1.146262e+03;2.348351e-21
1.146362e+03;2.348147e-21
1.146462e+03;2.347943e-21
1.146562e+03;2.347739e-21
1.146662e+03;2.347535e-21
1.146762e+03;2.347331e-21
1.146862e+03;2.347127e-21
1.146962e+03;2.346924e-21
1.147062e+03;2.346720e-21
1.147162e+03;2.346516e-21
1.147262e+03;2.346312e-21
1.147362e+03;2.346109e-21
1.147462e+03;2.345905e-21
1.147562e+03;2.345702e-21
1.147662e+03;2.345498e-21
1.147762e+03;2.345294e-21
1.147862e+03;2.345091e-21
1.147962e+03;2.344887e-21
1.148062e+03;2.344684e-21
1.148162e+03;2.344481e-21
1.148262e+03;2.344277e-21
1.148362e+03;2.344074e-21
1.148462e+03;2.343871e-21
1.148562e+03;2.343668e-21
1.148662e+03;2.343464e-21
1.148762e+03;2.343261e-21
1.148862e+03;2.343058e-21
1.148962e+03;2.342855e-21
1.149062e+03;2.342652e-21
1.149162e+03;2.342449e-21
1.149262e+03;2.342246e-21
1.149362e+03;2.342043e-21
1.149462e+03;2.341840e-21
1.149562e+03;2.341637e-21
1.149662e+03;2.341434e-21
1.149762e+03;2.341231e-21
1.149862e+03;2.341029e-21
1.149962e+03;2.340826e-21
1.150062e+03;2.340623e-21
1.150162e+03;2.340420e-21
1.150262e+03;2.340218e-21
1.150362e+03;2.340015e-21
1.150462e+03;2.339813e-21
1.150562e+03;2.339610e-21
1.150662e+03;2.339408e-21
1.150762e+03;2.339205e-21
1.150862e+03;2.339003e-21
1.150962e+03;2.338800e-21
1.151062e+03;2.338598e-21
1.151162e+03;2.338396e-21
1.151262e+03;2.338193e-21
1.151362e+03;2.337991e-21
1.151462e+03;2.337789e-21
1.151562e+03;2.337587e-21
1.151662e+03;2.337384e-21
1.151762e+03;2.337182e-21
1.151862e+03;2.336980e-21
1.151962e+03;2.336778e-21
1.152062e+03;2.336576e-21
1.152162e+03;2.336374e-21
1.152262e+03;2.336172e-21
1.152362e+03;2.335970e-21
1.152462e+03;2.335768e-21
1.152562e+03;2.335567e-21
1.152662e+03;2.335365e-21
1.152762e+03;2.335163e-21
1.152862e+03;2.334961e-21
1.152962e+03;2.334760e-21
1.153062e+03;2.334558e-21
1.153162e+03;2.334356e-21
1.153262e+03;2.334155e-21
1.153362e+03;2.333953e-21
1.153462e+03;2.333752e-21
1.153562e+03;2.333550e-21
1.153662e+03;2.333349e-21
1.153762e+03;2.333147e-21
1.153862e+03;2.332946e-21
1.153962e+03;2.332745e-21
1.154062e+03;2.332543e-21
1.154162e+03;2.332342e-21
1.154262e+03;2.332141e-21
1.154362e+03;2.331940e-21
1.154462e+03;2.331738e-21
1.154562e+03;2.331537e-21
1.154662e+03;2.331336e-21
1.154762e+03;2.331135e-21
1.154862e+03;2.330934e-21
1.154962e+03;2.330733e-21
1.155062e+03;2.330532e-21
1.155162e+03;2.330331e-21
1.155262e+03;2.330130e-21
1.155362e+03;2.329929e-21
1.155462e+03;2.329728e-21
1.155562e+03;2.329528e-21
1.155662e+03;2.329327e-21
1.155762e+03;2.329126e-21
1.155862e+03;2.328925e-21
1.155962e+03;2.328725e-21
1.156062e+03;2.328524e-21
1.156162e+03;2.328324e-21
1.156262e+03;2.328123e-21
1.156362e+03;2.327923e-21
1.156462e+03;2.327722e-21
1.156562e+03;2.327522e-21
1.156662e+03;2.327321e-21
1.156762e+03;2.327121e-21
1.156862e+03;2.326920e-21
1.156962e+03;2.326720e-21
1.157062e+03;2.326520e-21
1.157162e+03;2.326320e-21
1.157262e+03;2.326119e-21
1.157362e+03;2.325919e-21
1.157462e+03;2.325719e-21
1.157562e+03;2.325519e-21
1.157662e+03;2.325319e-21
1.157762e+03;2.325119e-21
1.157862e+03;2.324919e-21
1.157962e+03;2.324719e-21
1.158062e+03;2.324519e-21
1.158162e+03;2.324319e-21
1.158262e+03;2.324119e-21
1.158362e+03;2.323919e-21
1.158462e+03;2.323720e-21
1.158562e+03;2.323520e-21
1.158662e+03;2.323320e-21
1.158762e+03;2.323120e-21
1.158862e+03;2.322921e-21
1.158962e+03;2.322721e-21
1.159062e+03;2.322521e-21
1.159162e+03;2.322322e-21
1.159262e+03;2.322122e-21
1.159362e+03;2.321923e-21
1.159462e+03;2.321723e-21
1.159562e+03;2.321524e-21
1.159662e+03;2.321325e-21
1.159762e+03;2.321125e-21
1.159862e+03;2.320926e-21
1.159962e+03;2.320727e-21
1.160062e+03;2.320527e-21
1.160162e+03;2.320328e-21
1.160262e+03;2.320129e-21
1.160362e+03;2.319930e-21
1.160462e+03;2.319731e-21
1.160562e+03;2.319532e-21
1.160662e+03;2.319333e-21
1.160762e+03;2.319134e-21
1.160862e+03;2.318935e-21
1.160962e+03;2.318736e-21
1.161062e+03;2.318537e-21
1.161162e+03;2.318338e-21
1.161262e+03;2.318139e-21
1.161362e+03;2.317940e-21
1.161462e+03;2.317742e-21
1.161562e+03;2.317543e-21
1.161662e+03;2.317344e-21
1.161762e+03;2.317145e-21
1.161862e+03;2.316947e-21
1.161962e+03;2.316748e-21
1.162062e+03;2.316550e-21
1.162162e+03;2.316351e-21
1.162262e+03;2.316153e-21
1.162362e+03;2.315954e-21
1.162462e+03;2.315756e-21
1.162562e+03;2.315557e-21
1.162662e+03;2.315359e-21
1.162762e+03;2.315161e-21
1.162862e+03;2.314962e-21
1.162962e+03;2.314764e-21
1.163062e+03;2.314566e-21
1.163162e+03;2.314368e-21
1.163262e+03;2.314170e-21
1.163362e+03;2.313971e-21
1.163462e+03;2.313773e-21
1.163562e+03;2.313575e-21
1.163662e+03;2.313377e-21
1.163762e+03;2.313179e-21
1.163862e+03;2.312981e-21
1.163962e+03;2.312783e-21
1.164062e+03;2.312585e-21
1.164162e+03;2.312388e-21
1.164262e+03;2.312190e-21
1.164362e+03;2.311992e-21
1.164462e+03;2.311794e-21
1.164562e+03;2.311597e-21
1.164662e+03;2.311399e-21
1.164762e+03;2.311201e-21
1.164862e+03;2.311004e-21
1.164962e+03;2.310806e-21
1.165062e+03;2.310608e-21
1.165162e+03;2.310411e-21
1.165262e+03;2.310213e-21
1.165362e+03;2.310016e-21
1.165462e+03;2.309819e-21
1.165562e+03;2.309621e-21
1.165662e+03;2.309424e-21
1.165762e+03;2.309227e-21
1.165862e+03;2.309029e-21
1.165962e+03;2.308832e-21
1.166062e+03;2.308635e-21
1.166162e+03;2.308438e-21
1.166262e+03;2.308240e-21
1.166362e+03;2.308043e-21
1.166462e+03;2.307846e-21
1.166562e+03;2.307649e-21
1.166662e+03;2.307452e-21
1.166763e+03;2.307255e-21
1.166863e+03;2.307058e-21
1.166963e+03;2.306861e-21
1.167063e+03;2.306665e-21
1.167163e+03;2.306468e-21
1.167263e+03;2.306271e-21
1.167363e+03;2.306074e-21
1.167463e+03;2.305877e-21
1.167563e+03;2.305681e-21
1.167663e+03;2.305484e-21
1.167763e+03;2.305287e-21
1.167863e+03;2.305091e-21
1.167963e+03;2.304894e-21
1.168063e+03;2.304698e-21
1.168163e+03;2.304501e-21
1.168263e+03;2.304305e-21
1.168363e+03;2.304108e-21
1.168463e+03;2.303912e-21
1.168563e+03;2.303715e-21
1.168663e+03;2.303519e-21
1.168763e+03;2.303323e-21
1.168863e+03;2.303127e-21
1.168963e+03;2.302930e-21
1.169063e+03;2.302734e-21
1.169163e+03;2.302538e-21
1.169263e+03;2.302342e-21
1.169363e+03;2.302146e-21
1.169463e+03;2.301950e-21
1.169563e+03;2.301754e-21
1.169663e+03;2.301558e-21
1.169763e+03;2.301362e-21
1.169863e+03;2.301166e-21
1.169963e+03;2.300970e-21
1.170063e+03;2.300774e-21
1.170163e+03;2.300578e-21
1.170263e+03;2.300382e-21
1.170363e+03;2.300186e-21
1.170463e+03;2.299991e-21
1.170563e+03;2.299795e-21
1.170663e+03;2.299599e-21
1.170763e+03;2.299404e-21
1.170863e+03;2.299208e-21
1.170963e+03;2.299013e-21
1.171063e+03;2.298817e-21
1.171163e+03;2.298621e-21
1.171263e+03;2.298426e-21
1.171363e+03;2.298231e-21
1.171463e+03;2.298035e-21
1.171563e+03;2.297840e-21
1.171663e+03;2.297644e-21
1.171763e+03;2.297449e-21
1.171863e+03;2.297254e-21
1.171963e+03;2.297059e-21
1.172063e+03;2.296863e-21
1.172163e+03;2.296668e-21
1.172263e+03;2.296473e-21
1.172363e+03;2.296278e-21
1.172463e+03;2.296083e-21
1.172563e+03;2.295888e-21
1.172663e+03;2.295693e-21
1.172763e+03;2.295498e-21
1.172863e+03;2.295303e-21
1.172963e+03;2.295108e-21
1.173063e+03;2.294913e-21
1.173163e+03;2.294718e-21
1.173263e+03;2.294524e-21
1.173363e+03;2.294329e-21
1.173463e+03;2.294134e-21
1.173563e+03;2.293939e-21
1.173663e+03;2.293745e-21
1.173763e+03;2.293550e-21
1.173863e+03;2.293355e-21
1.173963e+03;2.293161e-21
1.174063e+03;2.292966e-21
1.174163e+03;2.292772e-21
1.174263e+03;2.292577e-21
1.174363e+03;2.292383e-21
1.174463e+03;2.292188e-21
1.174563e+03;2.291994e-21
1.174663e+03;2.291800e-21
1.174763e+03;2.291605e-21
1.174863e+03;2.291411e-21
1.174963e+03;2.291217e-21
1.175063e+03;2.291023e-21
1.175163e+03;2.290828e-21
1.175263e+03;2.290634e-21
1.175363e+03;2.290440e-21
1.175463e+03;2.290246e-21
1.175563e+03;2.290052e-21
1.175663e+03;2.289858e-21
1.175763e+03;2.289664e-21
1.175863e+03;2.289470e-21
1.175963e+03;2.289276e-21
1.176063e+03;2.289082e-21
1.176163e+03;2.288888e-21
1.176263e+03;2.288695e-21
1.176363e+03;2.288501e-21
1.176463e+03;2.288307e-21
1.176563e+03;2.288113e-21
1.176663e+03;2.287920e-21
1.176763e+03;2.287726e-21
1.176863e+03;2.287532e-21
1.176963e+03;2.287339e-21
1.177063e+03;2.287145e-21
1.177163e+03;2.286952e-21
1.177263e+03;2.286758e-21
1.177363e+03;2.286565e-21
1.177463e+03;2.286371e-21
1.177563e+03;2.286178e-21
1.177663e+03;2.285985e-21
1.177763e+03;2.285791e-21
1.177863e+03;2.285598e-21
1.177963e+03;2.285405e-21
1.178063e+03;2.285211e-21
1.178163e+03;2.285018e-21
1.178263e+03;2.284825e-21
1.178363e+03;2.284632e-21
1.178463e+03;2.284439e-21
1.178563e+03;2.284246e-21
1.178663e+03;2.284053e-21
1.178763e+03;2.283860e-21
1.178863e+03;2.283667e-21
1.178963e+03;2.283474e-21
1.179063e+03;2.283281e-21
1.179163e+03;2.283088e-21
1.179263e+03;2.282895e-21
1.179363e+03;2.282702e-21
1.179463e+03;2.282510e-21
1.179563e+03;2.282317e-21
1.179663e+03;2.282124e-21
1.179763e+03;2.281931e-21
1.179863e+03;2.281739e-21
1.179963e+03;2.281546e-21
1.180063e+03;2.281354e-21
1.180163e+03;2.281161e-21
1.180263e+03;2.280969e-21
1.180363e+03;2.280776e-21
1.180463e+03;2.280584e-21
1.180563e+03;2.280391e-21
1.180663e+03;2.280199e-21
1.180763e+03;2.280006e-21
1.180863e+03;2.279814e-21
1.180963e+03;2.279622e-21
1.181063e+03;2.279430e-21
1.181163e+03;2.279237e-21
1.181263e+03;2.279045e-21
1.181363e+03;2.278853e-21
1.181463e+03;2.278661e-21
1.181563e+03;2.278469e-21
1.181663e+03;2.278277e-21
1.181763e+03;2.278085e-21
1.181863e+03;2.277893e-21
1.181963e+03;2.277701e-21
1.182063e+03;2.277509e-21
1.182163e+03;2.277317e-21
1.182263e+03;2.277125e-21
1.182363e+03;2.276933e-21
1.182463e+03;2.276741e-21
1.182563e+03;2.276550e-21
1.182663e+03;2.276358e-21
1.182763e+03;2.276166e-21
1.182863e+03;2.275975e-21
1.182963e+03;2.275783e-21
1.183063e+03;2.275591e-21
1.183163e+03;2.275400e-21
1.183263e+03;2.275208e-21
1.183363e+03;2.275017e-21
1.183463e+03;2.274825e-21
1.183563e+03;2.274634e-21
1.183663e+03;2.274442e-21
1.183763e+03;2.274251e-21
1.183863e+03;2.274060e-21
1.183963e+03;2.273868e-21
1.184063e+03;2.273677e-21
1.184163e+03;2.273486e-21
1.184263e+03;2.273295e-21
1.184363e+03;2.273103e-21
1.184463e+03;2.272912e-21
1.184563e+03;2.272721e-21
1.184663e+03;2.272530e-21
1.184763e+03;2.272339e-21
1.184863e+03;2.272148e-21
1.184963e+03;2.271957e-21
1.185063e+03;2.271766e-21
1.185163e+03;2.271575e-21
1.185263e+03;2.271384e-21
1.185363e+03;2.271193e-21
1.185463e+03;2.271002e-21
1.185563e+03;2.270812e-21
1.185663e+03;2.270621e-21
1.185763e+03;2.270430e-21
1.185863e+03;2.270239e-21
1.185963e+03;2.270049e-21
1.186063e+03;2.269858e-21
1.186163e+03;2.269667e-21
1.186263e+03;2.269477e-21
1.186363e+03;2.269286e-21
1.186463e+03;2.269096e-21
1.186563e+03;2.268905e-21
1.186663e+03;2.268715e-21
1.186763e+03;2.268524e-21
1.186863e+03;2.268334e-21
1.186963e+03;2.268144e-21
1.187063e+03;2.267953e-21
1.187163e+03;2.267763e-21
1.187263e+03;2.267573e-21
1.187363e+03;2.267383e-21
1.187463e+03;2.267192e-21
1.187563e+03;2.267002e-21
1.187663e+03;2.266812e-21
1.187763e+03;2.266622e-21
1.187863e+03;2.266432e-21
1.187963e+03;2.266242e-21
1.188063e+03;2.266052e-21
1.188163e+03;2.265862e-21
1.188263e+03;2.265672e-21
1.188363e+03;2.265482e-21
1.188463e+03;2.265292e-21
1.188563e+03;2.265102e-21
1.188663e+03;2.264912e-21
1.188763e+03;2.264723e-21
1.188863e+03;2.264533e-21
1.188964e+03;2.264343e-21
1.189064e+03;2.264154e-21
1.189164e+03;2.263964e-21
1.189264e+03;2.263774e-21
1.189364e+03;2.263585e-21
1.189464e+03;2.263395e-21
1.189564e+03;2.263206e-21
1.189664e+03;2.263016e-21
1.189764e+03;2.262827e-21
1.189864e+03;2.262637e-21
1.189964e+03;2.262448e-21
1.190064e+03;2.262258e-21
1.190164e+03;2.262069e-21
1.190264e+03;2.261880e-21
1.190364e+03;2.261690e-21
1.190464e+03;2.261501e-21
1.190564e+03;2.261312e-21
1.190664e+03;2.261123e-21
1.190764e+03;2.260934e-21
1.190864e+03;2.260745e-21
1.190964e+03;2.260555e-21
1.191064e+03;2.260366e-21
1.191164e+03;2.260177e-21
1.191264e+03;2.259988e-21
1.191364e+03;2.259799e-21
1.191464e+03;2.259611e-21
1.191564e+03;2.259422e-21
1.191664e+03;2.259233e-21
1.191764e+03;2.259044e-21
1.191864e+03;2.258855e-21
1.191964e+03;2.258666e-21
1.192064e+03;2.258478e-21
1.192164e+03;2.258289e-21
1.192264e+03;2.258100e-21
1.192364e+03;2.257912e-21
1.192464e+03;2.257723e-21
1.192564e+03;2.257534e-21
1.192664e+03;2.257346e-21
1.192764e+03;2.257157e-21
1.192864e+03;2.256969e-21
1.192964e+03;2.256780e-21
1.193064e+03;2.256592e-21
1.193164e+03;2.256404e-21
1.193264e+03;2.256215e-21
1.193364e+03;2.256027e-21
1.193464e+03;2.255839e-21
1.193564e+03;2.255650e-21
1.193664e+03;2.255462e-21
1.193764e+03;2.255274e-21
1.193864e+03;2.255086e-21
1.193964e+03;2.254898e-21
1.194064e+03;2.254709e-21
1.194164e+03;2.254521e-21
1.194264e+03;2.254333e-21
1.194364e+03;2.254145e-21
1.194464e+03;2.253957e-21
1.194564e+03;2.253769e-21
1.194664e+03;2.253582e-21
1.194764e+03;2.253394e-21
1.194864e+03;2.253206e-21
1.194964e+03;2.253018e-21
1.195064e+03;2.252830e-21
1.195164e+03;2.252642e-21
1.195264e+03;2.252455e-21
1.195364e+03;2.252267e-21
1.195464e+03;2.252079e-21
1.195564e+03;2.251892e-21
1.195664e+03;2.251704e-21
1.195764e+03;2.251516e-21
1.195864e+03;2.251329e-21
1.195964e+03;2.251141e-21
1.196064e+03;2.250954e-21
1.196164e+03;2.250766e-21
1.196264e+03;2.250579e-21
1.196364e+03;2.250392e-21
1.196464e+03;2.250204e-21
1.196564e+03;2.250017e-21
1.196664e+03;2.249830e-21
1.196764e+03;2.249642e-21
1.196864e+03;2.249455e-21
1.196964e+03;2.249268e-21
1.197064e+03;2.249081e-21
1.197164e+03;2.248894e-21
1.197264e+03;2.248707e-21
1.197364e+03;2.248519e-21
1.197464e+03;2.248332e-21
1.197564e+03;2.248145e-21
1.197664e+03;2.247958e-21
1.197764e+03;2.247771e-21
1.197864e+03;2.247585e-21
1.197964e+03;2.247398e-21
1.198064e+03;2.247211e-21
1.198164e+03;2.247024e-21
1.198264e+03;2.246837e-21
1.198364e+03;2.246650e-21
1.198464e+03;2.246464e-21
1.198564e+03;2.246277e-21
1.198664e+03;2.246090e-21
1.198764e+03;2.245904e-21
1.198864e+03;2.245717e-21
1.198964e+03;2.245530e-21
1.199064e+03;2.245344e-21
1.199164e+03;2.245157e-21
1.199264e+03;2.244971e-21
1.199364e+03;2.244784e-21
1.199464e+03;2.244598e-21
1.199564e+03;2.244412e-21
1.199664e+03;2.244225e-21
1.199764e+03;2.244039e-21
1.199864e+03;2.243853e-21
1.199964e+03;2.243666e-21
1.200064e+03;2.243480e-21
1.200164e+03;2.243294e-21
1.200264e+03;2.243108e-21
1.200364e+03;2.242922e-21
1.200464e+03;2.242735e-21
1.200564e+03;2.242549e-21
1.200664e+03;2.242363e-21
1.200764e+03;2.242177e-21
1.200864e+03;2.241991e-21
1.200964e+03;2.241805e-21
1.201064e+03;2.241619e-21
1.201164e+03;2.241434e-21
1.201264e+03;2.241248e-21
1.201364e+03;2.241062e-21
1.201464e+03;2.240876e-21
1.201564e+03;2.240690e-21
1.201664e+03;2.240504e-21
1.201764e+03;2.240319e-21
1.201864e+03;2.240133e-21
1.201964e+03;2.239947e-21
1.202064e+03;2.239762e-21
1.202164e+03;2.239576e-21
1.202264e+03;2.239391e-21
1.202364e+03;2.239205e-21
1.202464e+03;2.239020e-21
1.202564e+03;2.238834e-21
1.202664e+03;2.238649e-21
1.202764e+03;2.238463e-21
1.202864e+03;2.238278e-21
1.202964e+03;2.238093e-21
1.203064e+03;2.237907e-21
1.203164e+03;2.237722e-21
1.203264e+03;2.237537e-21
1.203364e+03;2.237351e-21
1.203464e+03;2.237166e-21
1.203564e+03;2.236981e-21
1.203664e+03;2.236796e-21
1.203764e+03;2.236611e-21
1.203864e+03;2.236426e-21
1.203964e+03;2.236241e-21
1.204064e+03;2.236056e-21
1.204164e+03;2.235871e-21
1.204264e+03;2.235686e-21
1.204364e+03;2.235501e-21
1.204464e+03;2.235316e-21
1.204564e+03;2.235131e-21
1.204664e+03;2.234946e-21
1.204764e+03;2.234762e-21
1.204864e+03;2.234577e-21
1.204964e+03;2.234392e-21
1.205064e+03;2.234207e-21
1.205164e+03;2.234023e-21
1.205264e+03;2.233838e-21
1.205364e+03;2.233653e-21
1.205464e+03;2.233469e-21
1.205564e+03;2.233284e-21
1.205664e+03;2.233100e-21
1.205764e+03;2.232915e-21
1.205864e+03;2.232731e-21
1.205964e+03;2.232546e-21
1.206064e+03;2.232362e-21
1.206164e+03;2.232178e-21
1.206264e+03;2.231993e-21
1.206364e+03;2.231809e-21
1.206464e+03;2.231625e-21
1.206564e+03;2.231440e-21
1.206664e+03;2.231256e-21
1.206764e+03;2.231072e-21
1.206864e+03;2.230888e-21
1.206964e+03;2.230704e-21
1.207064e+03;2.230520e-21
1.207164e+03;2.230336e-21
1.207264e+03;2.230152e-21
1.207364e+03;2.229968e-21
1.207464e+03;2.229784e-21
1.207564e+03;2.229600e-21
1.207664e+03;2.229416e-21
1.207764e+03;2.229232e-21
1.207864e+03;2.229048e-21
1.207964e+03;2.228864e-21
1.208064e+03;2.228680e-21
1.208164e+03;2.228497e-21
1.208264e+03;2.228313e-21
1.208364e+03;2.228129e-21
1.208464e+03;2.227946e-21
1.208564e+03;2.227762e-21
1.208664e+03;2.227578e-21
1.208764e+03;2.227395e-21
1.208864e+03;2.227211e-21
1.208964e+03;2.227028e-21
1.209064e+03;2.226844e-21
1.209164e+03;2.226661e-21
1.209264e+03;2.226477e-21
1.209364e+03;2.226294e-21
1.209464e+03;2.226110e-21
1.209564e+03;2.225927e-21
1.209664e+03;2.225744e-21
1.209764e+03;2.225561e-21
1.209864e+03;2.225377e-21
1.209964e+03;2.225194e-21
1.210064e+03;2.225011e-21
1.210164e+03;2.224828e-21
1.210264e+03;2.224645e-21
1.210364e+03;2.224462e-21
1.210464e+03;2.224278e-21
1.210564e+03;2.224095e-21
1.210664e+03;2.223912e-21
1.210764e+03;2.223729e-21
1.210864e+03;2.223546e-21
1.210964e+03;2.223364e-21
1.211064e+03;2.223181e-21
1.211165e+03;2.222998e-21
1.211265e+03;2.222815e-21
1.211365e+03;2.222632e-21
1.211465e+03;2.222449e-21
1.211565e+03;2.222267e-21
1.211665e+03;2.222084e-21
1.211765e+03;2.221901e-21
1.211865e+03;2.221719e-21
1.211965e+03;2.221536e-21
1.212065e+03;2.221353e-21
1.212165e+03;2.221171e-21
1.212265e+03;2.220988e-21
1.212365e+03;2.220806e-21
1.212465e+03;2.220623e-21
1.212565e+03;2.220441e-21
1.212665e+03;2.220259e-21
1.212765e+03;2.220076e-21
1.212865e+03;2.219894e-21
1.212965e+03;2.219712e-21
1.213065e+03;2.219529e-21
1.213165e+03;2.219347e-21
1.213265e+03;2.219165e-21
1.213365e+03;2.218983e-21
1.213465e+03;2.218800e-21
1.213565e+03;2.218618e-21
1.213665e+03;2.218436e-21
1.213765e+03;2.218254e-21
1.213865e+03;2.218072e-21
1.213965e+03;2.217890e-21
1.214065e+03;2.217708e-21
1.214165e+03;2.217526e-21
1.214265e+03;2.217344e-21
1.214365e+03;2.217162e-21
1.214465e+03;2.216980e-21
1.214565e+03;2.216799e-21
1.214665e+03;2.216617e-21
1.214765e+03;2.216435e-21
1.214865e+03;2.216253e-21
1.214965e+03;2.216072e-21
1.215065e+03;2.215890e-21
1.215165e+03;2.215708e-21
1.215265e+03;2.215527e-21
1.215365e+03;2.215345e-21
1.215465e+03;2.215163e-21
1.215565e+03;2.214982e-21
1.215665e+03;2.214800e-21
1.215765e+03;2.214619e-21
1.215865e+03;2.214437e-21
1.215965e+03;2.214256e-21
1.216065e+03;2.214075e-21
1.216165e+03;2.213893e-21
1.216265e+03;2.213712e-21
1.216365e+03;2.213531e-21
1.216465e+03;2.213349e-21
1.216565e+03;2.213168e-21
1.216665e+03;2.212987e-21
1.216765e+03;2.212806e-21
1.216865e+03;2.212625e-21
1.216965e+03;2.212443e-21
1.217065e+03;2.212262e-21
1.217165e+03;2.212081e-21
1.217265e+03;2.211900e-21
1.217365e+03;2.211719e-21
1.217465e+03;2.211538e-21
1.217565e+03;2.211357e-21
1.217665e+03;2.211176e-21
1.217765e+03;2.210995e-21
1.217865e+03;2.210815e-21
1.217965e+03;2.210634e-21
1.218065e+03;2.210453e-21
1.218165e+03;2.210272e-21
1.218265e+03;2.210091e-21
1.218365e+03;2.209911e-21
1.218465e+03;2.209730e-21
1.218565e+03;2.209549e-21
1.218665e+03;2.209369e-21
1.218765e+03;2.209188e-21
1.218865e+03;2.209008e-21
1.218965e+03;2.208827e-21
1.219065e+03;2.208647e-21
1.219165e+03;2.208466e-21
1.219265e+03;2.208286e-21
1.219365e+03;2.208105e-21
1.219465e+03;2.207925e-21
1.219565e+03;2.207745e-21
1.219665e+03;2.207564e-21
1.219765e+03;2.207384e-21
1.219865e+03;2.207204e-21
1.219965e+03;2.207023e-21
1.220065e+03;2.206843e-21
1.220165e+03;2.206663e-21
1.220265e+03;2.206483e-21
1.220365e+03;2.206303e-21
1.220465e+03;2.206123e-21
1.220565e+03;2.205943e-21
1.220665e+03;2.205763e-21
1.220765e+03;2.205583e-21
1.220865e+03;2.205403e-21
1.220965e+03;2.205223e-21
1.221065e+03;2.205043e-21
1.221165e+03;2.204863e-21
1.221265e+03;2.204683e-21
1.221365e+03;2.204503e-21
1.221465e+03;2.204323e-21
1.221565e+03;2.204144e-21
1.221665e+03;2.203964e-21
1.221765e+03;2.203784e-21
1.221865e+03;2.203605e-21
1.221965e+03;2.203425e-21
1.222065e+03;2.203245e-21
1.222165e+03;2.203066e-21
1.222265e+03;2.202886e-21
1.222365e+03;2.202707e-21
1.222465e+03;2.202527e-21
1.222565e+03;2.202348e-21
1.222665e+03;2.202168e-21
1.222765e+03;2.201989e-21
1.222865e+03;2.201809e-21
1.222965e+03;2.201630e-21
1.223065e+03;2.201451e-21
1.223165e+03;2.201271e-21
1.223265e+03;2.201092e-21
1.223365e+03;2.200913e-21
1.223465e+03;2.200734e-21
1.223565e+03;2.200554e-21
1.223665e+03;2.200375e-21
1.223765e+03;2.200196e-21
1.223865e+03;2.200017e-21
1.223965e+03;2.199838e-21
1.224065e+03;2.199659e-21
1.224165e+03;2.199480e-21
1.224265e+03;2.199301e-21
1.224365e+03;2.199122e-21
1.224465e+03;2.198943e-21
1.224565e+03;2.198764e-21
1.224665e+03;2.198585e-21
1.224765e+03;2.198406e-21
1.224865e+03;2.198228e-21
1.224965e+03;2.198049e-21
1.225065e+03;2.197870e-21
1.225165e+03;2.197691e-21
1.225265e+03;2.197513e-21
1.225365e+03;2.197334e-21
1.225465e+03;2.197155e-21
1.225565e+03;2.196977e-21
1.225665e+03;2.196798e-21
1.225765e+03;2.196620e-21
1.225865e+03;2.196441e-21
1.225965e+03;2.196263e-21
1.226065e+03;2.196084e-21
1.226165e+03;2.195906e-21
1.226265e+03;2.195727e-21
1.226365e+03;2.195549e-21
1.226465e+03;2.195371e-21
1.226565e+03;2.195192e-21
1.226665e+03;2.195014e-21
1.226765e+03;2.194836e-21
1.226865e+03;2.194658e-21
1.226965e+03;2.194480e-21
1.227065e+03;2.194301e-21
1.227165e+03;2.194123e-21
1.227265e+03;2.193945e-21
1.227365e+03;2.193767e-21
1.227465e+03;2.193589e-21
1.227565e+03;2.193411e-21
1.227665e+03;2.193233e-21
1.227765e+03;2.193055e-21
1.227865e+03;2.192877e-21
1.227965e+03;2.192699e-21
1.228065e+03;2.192521e-21
1.228165e+03;2.192343e-21
1.228265e+03;2.192166e-21
1.228365e+03;2.191988e-21
1.228465e+03;2.191810e-21
1.228565e+03;2.191632e-21
1.228665e+03;2.191455e-21
1.228765e+03;2.191277e-21
1.228865e+03;2.191099e-21
1.228965e+03;2.190922e-21
1.229065e+03;2.190744e-21
1.229165e+03;2.190567e-21
1.229265e+03;2.190389e-21
1.229365e+03;2.190211e-21
1.229465e+03;2.190034e-21
1.229565e+03;2.189857e-21
1.229665e+03;2.189679e-21
1.229765e+03;2.189502e-21
1.229865e+03;2.189324e-21
1.229965e+03;2.189147e-21
1.230065e+03;2.188970e-21
1.230165e+03;2.188792e-21
1.230265e+03;2.188615e-21
1.230365e+03;2.188438e-21
1.230465e+03;2.188261e-21
1.230565e+03;2.188084e-21
1.230665e+03;2.187907e-21
1.230765e+03;2.187729e-21
1.230865e+03;2.187552e-21
1.230965e+03;2.187375e-21
1.231065e+03;2.187198e-21
1.231165e+03;2.187021e-21
1.231265e+03;2.186844e-21
1.231365e+03;2.186667e-21
1.231465e+03;2.186491e-21
1.231565e+03;2.186314e-21
1.231665e+03;2.186137e-21
1.231765e+03;2.185960e-21
1.231865e+03;2.185783e-21
1.231965e+03;2.185606e-21
1.232065e+03;2.185430e-21
1.232165e+03;2.185253e-21
1.232265e+03;2.185076e-21
1.232365e+03;2.184900e-21
1.232465e+03;2.184723e-21
1.232565e+03;2.184547e-21
1.232665e+03;2.184370e-21
1.232765e+03;2.184193e-21
1.232865e+03;2.184017e-21
1.232965e+03;2.183840e-21
1.233065e+03;2.183664e-21
1.233165e+03;2.183488e-21
1.233265e+03;2.183311e-21
1.233366e+03;2.183135e-21
1.233466e+03;2.182959e-21
1.233566e+03;2.182782e-21
1.233666e+03;2.182606e-21
1.233766e+03;2.182430e-21
1.233866e+03;2.182254e-21
1.233966e+03;2.182077e-21
1.234066e+03;2.181901e-21
1.234166e+03;2.181725e-21
1.234266e+03;2.181549e-21
1.234366e+03;2.181373e-21
1.234466e+03;2.181197e-21
1.234566e+03;2.181021e-21
1.234666e+03;2.180845e-21
1.234766e+03;2.180669e-21
1.234866e+03;2.180493e-21
1.234966e+03;2.180317e-21
1.235066e+03;2.180141e-21
1.235166e+03;2.179965e-21
1.235266e+03;2.179789e-21
1.235366e+03;2.179614e-21
1.235466e+03;2.179438e-21
1.235566e+03;2.179262e-21
1.235666e+03;2.179086e-21
1.235766e+03;2.178911e-21
1.235866e+03;2.178735e-21
1.235966e+03;2.178560e-21
1.236066e+03;2.178384e-21
1.236166e+03;2.178208e-21
1.236266e+03;2.178033e-21
1.236366e+03;2.177857e-21
1.236466e+03;2.177682e-21
1.236566e+03;2.177506e-21
1.236666e+03;2.177331e-21
1.236766e+03;2.177156e-21
1.236866e+03;2.176980e-21
1.236966e+03;2.176805e-21
1.237066e+03;2.176630e-21
1.237166e+03;2.176454e-21
1.237266e+03;2.176279e-21
1.237366e+03;2.176104e-21
1.237466e+03;2.175929e-21
1.237566e+03;2.175753e-21
1.237666e+03;2.175578e-21
1.237766e+03;2.175403e-21
1.237866e+03;2.175228e-21
1.237966e+03;2.175053e-21
1.238066e+03;2.174878e-21
1.238166e+03;2.174703e-21
1.238266e+03;2.174528e-21
1.238366e+03;2.174353e-21
1.238466e+03;2.174178e-21
1.238566e+03;2.174003e-21
1.238666e+03;2.173828e-21
1.238766e+03;2.173654e-21
1.238866e+03;2.173479e-21
1.238966e+03;2.173304e-21
1.239066e+03;2.173129e-21
1.239166e+03;2.172955e-21
1.239266e+03;2.172780e-21
1.239366e+03;2.172605e-21
1.239466e+03;2.172431e-21
1.239566e+03;2.172256e-21
1.239666e+03;2.172081e-21
1.239766e+03;2.171907e-21
1.239866e+03;2.171732e-21
1.239966e+03;2.171558e-21
1.240066e+03;2.171383e-21
1.240166e+03;2.171209e-21
1.240266e+03;2.171035e-21
1.240366e+03;2.170860e-21
1.240466e+03;2.170686e-21
1.240566e+03;2.170512e-21
1.240666e+03;2.170337e-21
1.240766e+03;2.170163e-21
1.240866e+03;2.169989e-21
1.240966e+03;2.169814e-21
1.241066e+03;2.169640e-21
1.241166e+03;2.169466e-21
1.241266e+03;2.169292e-21
1.241366e+03;2.169118e-21
1.241466e+03;2.168944e-21
1.241566e+03;2.168770e-21
1.241666e+03;2.168596e-21
1.241766e+03;2.168422e-21
1.241866e+03;2.168248e-21
1.241966e+03;2.168074e-21
1.242066e+03;2.167900e-21
1.242166e+03;2.167726e-21
1.242266e+03;2.167552e-21
1.242366e+03;2.167378e-21
1.242466e+03;2.167205e-21
1.242566e+03;2.167031e-21
1.242666e+03;2.166857e-21
1.242766e+03;2.166683e-21
1.242866e+03;2.166510e-21
1.242966e+03;2.166336e-21
1.243066e+03;2.166162e-21
1.243166e+03;2.165989e-21
1.243266e+03;2.165815e-21
1.243366e+03;2.165642e-21
1.243466e+03;2.165468e-21
1.243566e+03;2.165295e-21
1.243666e+03;2.165121e-21
1.243766e+03;2.164948e-21
1.243866e+03;2.164774e-21
1.243966e+03;2.164601e-21
1.244066e+03;2.164428e-21
1.244166e+03;2.164254e-21
1.244266e+03;2.164081e-21
1.244366e+03;2.163908e-21
1.244466e+03;2.163735e-21
1.244566e+03;2.163561e-21
1.244666e+03;2.163388e-21
1.244766e+03;2.163215e-21
1.244866e+03;2.163042e-21
1.244966e+03;2.162869e-21
1.245066e+03;2.162696e-21
1.245166e+03;2.162523e-21
1.245266e+03;2.162350e-21
1.245366e+03;2.162177e-21
1.245466e+03;2.162004e-21
1.245566e+03;2.161831e-21
1.245666e+03;2.161658e-21
1.245766e+03;2.161485e-21
1.245866e+03;2.161312e-21
1.245966e+03;2.161139e-21
1.246066e+03;2.160967e-21
1.246166e+03;2.160794e-21
1.246266e+03;2.160621e-21
1.246366e+03;2.160448e-21
1.246466e+03;2.160276e-21
1.246566e+03;2.160103e-21
1.246666e+03;2.159930e-21
1.246766e+03;2.159758e-21
1.246866e+03;2.159585e-21
1.246966e+03;2.159413e-21
1.247066e+03;2.159240e-21
1.247166e+03;2.159068e-21
1.247266e+03;2.158895e-21
1.247366e+03;2.158723e-21
1.247466e+03;2.158550e-21
1.247566e+03;2.158378e-21
1.247666e+03;2.158206e-21
1.247766e+03;2.158033e-21
1.247866e+03;2.157861e-21
1.247966e+03;2.157689e-21
1.248066e+03;2.157516e-21
1.248166e+03;2.157344e-21
1.248266e+03;2.157172e-21
1.248366e+03;2.157000e-21
1.248466e+03;2.156828e-21
1.248566e+03;2.156656e-21
1.248666e+03;2.156484e-21
1.248766e+03;2.156312e-21
1.248866e+03;2.156139e-21
1.248966e+03;2.155967e-21
1.249066e+03;2.155796e-21
1.249166e+03;2.155624e-21
1.249266e+03;2.155452e-21
1.249366e+03;2.155280e-21
1.249466e+03;2.155108e-21
1.249566e+03;2.154936e-21
1.249666e+03;2.154764e-21
1.249766e+03;2.154592e-21
1.249866e+03;2.154421e-21
1.249966e+03;2.154249e-21
1.250066e+03;2.154077e-21
1.250166e+03;2.153906e-21
1.250266e+03;2.153734e-21
1.250366e+03;2.153562e-21
1.250466e+03;2.153391e-21
1.250566e+03;2.153219e-21
1.250666e+03;2.153048e-21
1.250766e+03;2.152876e-21
1.250866e+03;2.152705e-21
1.250966e+03;2.152533e-21
1.251066e+03;2.152362e-21
1.251166e+03;2.152190e-21
1.251266e+03;2.152019e-21
1.251366e+03;2.151848e-21
1.251466e+03;2.151676e-21
1.251566e+03;2.151505e-21
1.251666e+03;2.151334e-21
1.251766e+03;2.151163e-21
1.251866e+03;2.150991e-21
1.251966e+03;2.150820e-21
1.252066e+03;2.150649e-21
1.252166e+03;2.150478e-21
1.252266e+03;2.150307e-21
1.252366e+03;2.150136e-21
1.252466e+03;2.149965e-21
1.252566e+03;2.149794e-21
1.252666e+03;2.149623e-21
1.252766e+03;2.149452e-21
1.252866e+03;2.149281e-21
1.252966e+03;2.149110e-21
1.253066e+03;2.148939e-21
1.253166e+03;2.148768e-21
1.253266e+03;2.148597e-21
1.253366e+03;2.148427e-21
1.253466e+03;2.148256e-21
1.253566e+03;2.148085e-21
1.253666e+03;2.147914e-21
1.253766e+03;2.147744e-21
1.253866e+03;2.147573e-21
1.253966e+03;2.147402e-21
1.254066e+03;2.147232e-21
1.254166e+03;2.147061e-21
1.254266e+03;2.146891e-21
1.254366e+03;2.146720e-21
1.254466e+03;2.146550e-21
1.254566e+03;2.146379e-21
1.254666e+03;2.146209e-21
1.254766e+03;2.146038e-21
1.254866e+03;2.145868e-21
1.254966e+03;2.145698e-21
1.255066e+03;2.145527e-21
1.255166e+03;2.145357e-21
1.255266e+03;2.145187e-21
1.255366e+03;2.145016e-21
1.255466e+03;2.144846e-21
1.255567e+03;2.144676e-21
1.255667e+03;2.144506e-21
1.255767e+03;2.144336e-21
1.255867e+03;2.144166e-21
1.255967e+03;2.143995e-21
1.256067e+03;2.143825e-21
1.256167e+03;2.143655e-21
1.256267e+03;2.143485e-21
1.256367e+03;2.143315e-21
1.256467e+03;2.143145e-21
1.256567e+03;2.142975e-21
1.256667e+03;2.142806e-21
1.256767e+03;2.142636e-21
1.256867e+03;2.142466e-21
1.256967e+03;2.142296e-21
1.257067e+03;2.142126e-21
1.257167e+03;2.141956e-21
1.257267e+03;2.141787e-21
1.257367e+03;2.141617e-21
1.257467e+03;2.141447e-21
1.257567e+03;2.141278e-21
1.257667e+03;2.141108e-21
1.257767e+03;2.140938e-21
1.257867e+03;2.140769e-21
1.257967e+03;2.140599e-21
1.258067e+03;2.140430e-21
1.258167e+03;2.140260e-21
1.258267e+03;2.140091e-21
1.258367e+03;2.139921e-21
1.258467e+03;2.139752e-21
1.258567e+03;2.139583e-21
1.258667e+03;2.139413e-21
1.258767e+03;2.139244e-21
1.258867e+03;2.139075e-21
1.258967e+03;2.138905e-21
1.259067e+03;2.138736e-21
1.259167e+03;2.138567e-21
1.259267e+03;2.138398e-21
1.259367e+03;2.138228e-21
1.259467e+03;2.138059e-21
1.259567e+03;2.137890e-21
1.259667e+03;2.137721e-21
1.259767e+03;2.137552e-21
1.259867e+03;2.137383e-21
1.259967e+03;2.137214e-21
1.260067e+03;2.137045e-21
1.260167e+03;2.136876e-21
1.260267e+03;2.136707e-21
1.260367e+03;2.136538e-21
1.260467e+03;2.136369e-21
1.260567e+03;2.136200e-21
1.260667e+03;2.136031e-21
1.260767e+03;2.135863e-21
1.260867e+03;2.135694e-21
1.260967e+03;2.135525e-21
1.261067e+03;2.135356e-21
1.261167e+03;2.135188e-21
1.261267e+03;2.135019e-21
1.261367e+03;2.134850e-21
1.261467e+03;2.134682e-21
1.261567e+03;2.134513e-21
1.261667e+03;2.134345e-21
1.261767e+03;2.134176e-21
1.261867e+03;2.134008e-21
1.261967e+03;2.133839e-21
1.262067e+03;2.133671e-21
1.262167e+03;2.133502e-21
1.262267e+03;2.133334e-21
1.262367e+03;2.133165e-21
1.262467e+03;2.132997e-21
1.262567e+03;2.132829e-21
1.262667e+03;2.132660e-21
1.262767e+03;2.132492e-21
1.262867e+03;2.132324e-21
1.262967e+03;2.132156e-21
1.263067e+03;2.131987e-21
1.263167e+03;2.131819e-21
1.263267e+03;2.131651e-21
1.263367e+03;2.131483e-21
1.263467e+03;2.131315e-21
1.263567e+03;2.131147e-21
1.263667e+03;2.130979e-21
1.263767e+03;2.130811e-21
1.263867e+03;2.130643e-21
1.263967e+03;2.130475e-21
1.264067e+03;2.130307e-21
1.264167e+03;2.130139e-21
1.264267e+03;2.129971e-21
1.264367e+03;2.129803e-21
1.264467e+03;2.129636e-21
1.264567e+03;2.129468e-21
1.264667e+03;2.129300e-21
1.264767e+03;2.129132e-21
1.264867e+03;2.128965e-21
1.264967e+03;2.128797e-21
1.265067e+03;2.128629e-21
1.265167e+03;2.128462e-21
1.265267e+03;2.128294e-21
1.265367e+03;2.128126e-21
1.265467e+03;2.127959e-21
1.265567e+03;2.127791e-21
1.265667e+03;2.127624e-21
1.265767e+03;2.127456e-21
1.265867e+03;2.127289e-21
1.265967e+03;2.127121e-21
1.266067e+03;2.126954e-21
1.266167e+03;2.126787e-21
1.266267e+03;2.126619e-21
1.266367e+03;2.126452e-21
1.266467e+03;2.126285e-21
1.266567e+03;2.126117e-21
1.266667e+03;2.125950e-21
1.266767e+03;2.125783e-21
1.266867e+03;2.125616e-21
1.266967e+03;2.125449e-21
1.267067e+03;2.125281e-21
1.267167e+03;2.125114e-21
1.267267e+03;2.124947e-21
1.267367e+03;2.124780e-21
1.267467e+03;2.124613e-21
1.267567e+03;2.124446e-21
1.267667e+03;2.124279e-21
1.267767e+03;2.124112e-21
1.267867e+03;2.123945e-21
1.267967e+03;2.123778e-21
1.268067e+03;2.123612e-21
1.268167e+03;2.123445e-21
1.268267e+03;2.123278e-21
1.268367e+03;2.123111e-21
1.268467e+03;2.122944e-21
1.268567e+03;2.122778e-21
1.268667e+03;2.122611e-21
1.268767e+03;2.122444e-21
1.268867e+03;2.122277e-21
1.268967e+03;2.122111e-21
1.269067e+03;2.121944e-21
1.269167e+03;2.121778e-21
1.269267e+03;2.121611e-21
1.269367e+03;2.121445e-21
1.269467e+03;2.121278e-21
1.269567e+03;2.121112e-21
1.269667e+03;2.120945e-21
1.269767e+03;2.120779e-21
1.269867e+03;2.120612e-21
1.269967e+03;2.120446e-21
1.270067e+03;2.120280e-21
1.270167e+03;2.120113e-21
1.270267e+03;2.119947e-21
1.270367e+03;2.119781e-21
1.270467e+03;2.119614e-21
1.270567e+03;2.119448e-21
1.270667e+03;2.119282e-21
1.270767e+03;2.119116e-21
1.270867e+03;2.118950e-21
1.270967e+03;2.118784e-21
1.271067e+03;2.118617e-21
1.271167e+03;2.118451e-21
1.271267e+03;2.118285e-21
1.271367e+03;2.118119e-21
1.271467e+03;2.117953e-21
1.271567e+03;2.117787e-21
1.271667e+03;2.117621e-21
1.271767e+03;2.117456e-21
1.271867e+03;2.117290e-21
1.271967e+03;2.117124e-21
1.272067e+03;2.116958e-21
1.272167e+03;2.116792e-21
1.272267e+03;2.116626e-21
1.272367e+03;2.116461e-21
1.272467e+03;2.116295e-21
1.272567e+03;2.116129e-21
1.272667e+03;2.115964e-21
1.272767e+03;2.115798e-21
1.272867e+03;2.115632e-21
1.272967e+03;2.115467e-21
1.273067e+03;2.115301e-21
1.273167e+03;2.115136e-21
1.273267e+03;2.114970e-21
1.273367e+03;2.114805e-21
1.273467e+03;2.114639e-21
1.273567e+03;2.114474e-21
1.273667e+03;2.114308e-21
1.273767e+03;2.114143e-21
1.273867e+03;2.113977e-21
1.273967e+03;2.113812e-21
1.274067e+03;2.113647e-21
1.274167e+03;2.113482e-21
1.274267e+03;2.113316e-21
1.274367e+03;2.113151e-21
1.274467e+03;2.112986e-21
1.274567e+03;2.112821e-21
1.274667e+03;2.112655e-21
1.274767e+03;2.112490e-21
1.274867e+03;2.112325e-21
1.274967e+03;2.112160e-21
1.275067e+03;2.111995e-21
1.275167e+03;2.111830e-21
1.275267e+03;2.111665e-21
1.275367e+03;2.111500e-21
1.275467e+03;2.111335e-21
1.275567e+03;2.111170e-21
1.275667e+03;2.111005e-21
1.275767e+03;2.110840e-21
1.275867e+03;2.110676e-21
1.275967e+03;2.110511e-21
1.276067e+03;2.110346e-21
1.276167e+03;2.110181e-21
1.276267e+03;2.110016e-21
1.276367e+03;2.109852e-21
1.276467e+03;2.109687e-21
1.276567e+03;2.109522e-21
1.276667e+03;2.109358e-21
1.276767e+03;2.109193e-21
1.276867e+03;2.109029e-21
1.276967e+03;2.108864e-21
1.277067e+03;2.108699e-21
1.277167e+03;2.108535e-21
1.277267e+03;2.108370e-21
1.277367e+03;2.108206e-21
1.277467e+03;2.108042e-21
1.277567e+03;2.107877e-21
1.277667e+03;2.107713e-21
1.277767e+03;2.107548e-21
1.277868e+03;2.107384e-21
1.277968e+03;2.107220e-21
1.278068e+03;2.107055e-21
1.278168e+03;2.106891e-21
1.278268e+03;2.106727e-21
1.278368e+03;2.106563e-21
1.278468e+03;2.106399e-21
1.278568e+03;2.106234e-21
1.278668e+03;2.106070e-21
1.278768e+03;2.105906e-21
1.278868e+03;2.105742e-21
1.278968e+03;2.105578e-21
1.279068e+03;2.105414e-21
1.279168e+03;2.105250e-21
1.279268e+03;2.105086e-21
1.279368e+03;2.104922e-21
1.279468e+03;2.104758e-21
1.279568e+03;2.104594e-21
1.279668e+03;2.104430e-21
1.279768e+03;2.104267e-21
1.279868e+03;2.104103e-21
1.279968e+03;2.103939e-21
1.280068e+03;2.103775e-21
1.280168e+03;2.103611e-21
1.280268e+03;2.103448e-21
1.280368e+03;2.103284e-21
1.280468e+03;2.103120e-21
1.280568e+03;2.102957e-21
1.280668e+03;2.102793e-21
1.280768e+03;2.102629e-21
1.280868e+03;2.102466e-21
1.280968e+03;2.102302e-21
1.281068e+03;2.102139e-21
1.281168e+03;2.101975e-21
1.281268e+03;2.101812e-21
1.281368e+03;2.101648e-21
1.281468e+03;2.101485e-21
1.281568e+03;2.101322e-21
1.281668e+03;2.101158e-21
1.281768e+03;2.100995e-21
1.281868e+03;2.100832e-21
1.281968e+03;2.100668e-21
1.282068e+03;2.100505e-21
1.282168e+03;2.100342e-21
1.282268e+03;2.100179e-21
1.282368e+03;2.100015e-21
1.282468e+03;2.099852e-21
1.282568e+03;2.099689e-21
1.282668e+03;2.099526e-21
1.282768e+03;2.099363e-21
1.282868e+03;2.099200e-21
1.282968e+03;2.099037e-21
1.283068e+03;2.098874e-21
1.283168e+03;2.098711e-21
1.283268e+03;2.098548e-21
1.283368e+03;2.098385e-21
1.283468e+03;2.098222e-21
1.283568e+03;2.098059e-21
1.283668e+03;2.097896e-21
1.283768e+03;2.097733e-21
1.283868e+03;2.097571e-21
1.283968e+03;2.097408e-21
1.284068e+03;2.097245e-21
1.284168e+03;2.097082e-21
1.284268e+03;2.096920e-21
1.284368e+03;2.096757e-21
1.284468e+03;2.096594e-21
1.284568e+03;2.096432e-21
1.284668e+03;2.096269e-21
1.284768e+03;2.096107e-21
1.284868e+03;2.095944e-21
1.284968e+03;2.095781e-21
1.285068e+03;2.095619e-21
1.285168e+03;2.095456e-21
1.285268e+03;2.095294e-21
1.285368e+03;2.095132e-21
1.285468e+03;2.094969e-21
1.285568e+03;2.094807e-21
1.285668e+03;2.094644e-21
1.285768e+03;2.094482e-21
1.285868e+03;2.094320e-21
1.285968e+03;2.094158e-21
1.286068e+03;2.093995e-21
1.286168e+03;2.093833e-21
1.286268e+03;2.093671e-21
1.286368e+03;2.093509e-21
1.286468e+03;2.093347e-21
1.286568e+03;2.093184e-21
1.286668e+03;2.093022e-21
1.286768e+03;2.092860e-21
1.286868e+03;2.092698e-21
1.286968e+03;2.092536e-21
1.287068e+03;2.092374e-21
1.287168e+03;2.092212e-21
1.287268e+03;2.092050e-21
1.287368e+03;2.091888e-21
1.287468e+03;2.091726e-21
1.287568e+03;2.091564e-21
1.287668e+03;2.091403e-21
1.287768e+03;2.091241e-21
1.287868e+03;2.091079e-21
1.287968e+03;2.090917e-21
1.288068e+03;2.090755e-21
1.288168e+03;2.090594e-21
1.288268e+03;2.090432e-21
1.288368e+03;2.090270e-21
1.288468e+03;2.090109e-21
1.288568e+03;2.089947e-21
1.288668e+03;2.089785e-21
1.288768e+03;2.089624e-21
1.288868e+03;2.089462e-21
1.288968e+03;2.089301e-21
1.289068e+03;2.089139e-21
1.289168e+03;2.088978e-21
1.289268e+03;2.088816e-21
1.289368e+03;2.088655e-21
1.289468e+03;2.088494e-21
1.289568e+03;2.088332e-21
1.289668e+03;2.088171e-21
1.289768e+03;2.088010e-21
1.289868e+03;2.087848e-21
1.289968e+03;2.087687e-21
1.290068e+03;2.087526e-21
1.290168e+03;2.087364e-21
1.290268e+03;2.087203e-21
1.290368e+03;2.087042e-21
1.290468e+03;2.086881e-21
1.290568e+03;2.086720e-21
1.290668e+03;2.086559e-21
1.290768e+03;2.086398e-21
1.290868e+03;2.086237e-21
1.290968e+03;2.086076e-21
1.291068e+03;2.085915e-21
1.291168e+03;2.085754e-21
1.291268e+03;2.085593e-21
1.291368e+03;2.085432e-21
1.291468e+03;2.085271e-21
1.291568e+03;2.085110e-21
1.291668e+03;2.084949e-21
1.291768e+03;2.084788e-21
1.291868e+03;2.084627e-21
1.291968e+03;2.084467e-21
1.292068e+03;2.084306e-21
1.292168e+03;2.084145e-21
1.292268e+03;2.083984e-21
1.292368e+03;2.083824e-21
1.292468e+03;2.083663e-21
1.292568e+03;2.083502e-21
1.292668e+03;2.083342e-21
1.292768e+03;2.083181e-21
1.292868e+03;2.083021e-21
1.292968e+03;2.082860e-21
1.293068e+03;2.082700e-21
1.293168e+03;2.082539e-21
1.293268e+03;2.082379e-21
1.293368e+03;2.082218e-21
1.293468e+03;2.082058e-21
1.293568e+03;2.081897e-21
1.293668e+03;2.081737e-21
1.293768e+03;2.081577e-21
1.293868e+03;2.081416e-21
1.293968e+03;2.081256e-21
1.294068e+03;2.081096e-21
1.294168e+03;2.080936e-21
1.294268e+03;2.080775e-21
1.294368e+03;2.080615e-21
1.294468e+03;2.080455e-21
1.294568e+03;2.080295e-21
1.294668e+03;2.080135e-21
1.294768e+03;2.079975e-21
1.294868e+03;2.079815e-21
1.294968e+03;2.079655e-21
1.295068e+03;2.079495e-21
1.295168e+03;2.079335e-21
1.295268e+03;2.079175e-21
1.295368e+03;2.079015e-21
1.295468e+03;2.078855e-21
1.295568e+03;2.078695e-21
1.295668e+03;2.078535e-21
1.295768e+03;2.078375e-21
1.295868e+03;2.078215e-21
1.295968e+03;2.078056e-21
1.296068e+03;2.077896e-21
1.296168e+03;2.077736e-21
1.296268e+03;2.077576e-21
1.296368e+03;2.077417e-21
1.296468e+03;2.077257e-21
1.296568e+03;2.077097e-21
1.296668e+03;2.076938e-21
1.296768e+03;2.076778e-21
1.296868e+03;2.076619e-21
1.296968e+03;2.076459e-21
1.297068e+03;2.076300e-21
1.297168e+03;2.076140e-21
1.297268e+03;2.075981e-21
1.297368e+03;2.075821e-21
1.297468e+03;2.075662e-21
1.297568e+03;2.075502e-21
1.297668e+03;2.075343e-21
1.297768e+03;2.075184e-21
1.297868e+03;2.075024e-21
1.297968e+03;2.074865e-21
1.298068e+03;2.074706e-21
1.298168e+03;2.074546e-21
1.298268e+03;2.074387e-21
1.298368e+03;2.074228e-21
1.298468e+03;2.074069e-21
1.298568e+03;2.073910e-21
1.298668e+03;2.073751e-21
1.298768e+03;2.073591e-21
1.298868e+03;2.073432e-21
1.298968e+03;2.073273e-21
1.299068e+03;2.073114e-21
1.299168e+03;2.072955e-21
1.299268e+03;2.072796e-21
1.299368e+03;2.072637e-21
1.299468e+03;2.072478e-21
1.299568e+03;2.072319e-21
1.299668e+03;2.072161e-21
1.299768e+03;2.072002e-21
1.299868e+03;2.071843e-21
1.299968e+03;2.071684e-21
1.300069e+03;2.071525e-21
1.300169e+03;2.071366e-21
1.300269e+03;2.071208e-21
1.300369e+03;2.071049e-21
1.300469e+03;2.070890e-21
1.300569e+03;2.070732e-21
1.300669e+03;2.070573e-21
1.300769e+03;2.070414e-21
1.300869e+03;2.070256e-21
1.300969e+03;2.070097e-21
1.301069e+03;2.069939e-21
1.301169e+03;2.069780e-21
1.301269e+03;2.069622e-21
1.301369e+03;2.069463e-21
1.301469e+03;2.069305e-21
1.301569e+03;2.069146e-21
1.301669e+03;2.068988e-21
1.301769e+03;2.068830e-21
1.301869e+03;2.068671e-21
1.301969e+03;2.068513e-21
1.302069e+03;2.068355e-21
1.302169e+03;2.068196e-21
1.302269e+03;2.068038e-21
1.302369e+03;2.067880e-21
1.302469e+03;2.067722e-21
1.302569e+03;2.067563e-21
1.302669e+03;2.067405e-21
1.302769e+03;2.067247e-21
1.302869e+03;2.067089e-21
1.302969e+03;2.066931e-21
1.303069e+03;2.066773e-21
1.303169e+03;2.066615e-21
1.303269e+03;2.066457e-21
1.303369e+03;2.066299e-21
1.303469e+03;2.066141e-21
1.303569e+03;2.065983e-21
1.303669e+03;2.065825e-21
1.303769e+03;2.065667e-21
1.303869e+03;2.065509e-21
1.303969e+03;2.065351e-21
1.304069e+03;2.065194e-21
1.304169e+03;2.065036e-21
1.304269e+03;2.064878e-21
1.304369e+03;2.064720e-21
1.304469e+03;2.064562e-21
1.304569e+03;2.064405e-21
1.304669e+03;2.064247e-21
1.304769e+03;2.064089e-21
1.304869e+03;2.063932e-21
1.304969e+03;2.063774e-21
1.305069e+03;2.063617e-21
1.305169e+03;2.063459e-21
1.305269e+03;2.063302e-21
1.305369e+03;2.063144e-21
1.305469e+03;2.062987e-21
1.305569e+03;2.062829e-21
1.305669e+03;2.062672e-21
1.305769e+03;2.062514e-21
1.305869e+03;2.062357e-21
1.305969e+03;2.062199e-21
1.306069e+03;2.062042e-21
1.306169e+03;2.061885e-21
1.306269e+03;2.061728e-21
1.306369e+03;2.061570e-21
1.306469e+03;2.061413e-21
1.306569e+03;2.061256e-21
1.306669e+03;2.061099e-21
1.306769e+03;2.060941e-21
1.306869e+03;2.060784e-21
1.306969e+03;2.060627e-21
1.307069e+03;2.060470e-21
1.307169e+03;2.060313e-21
1.307269e+03;2.060156e-21
1.307369e+03;2.059999e-21
1.307469e+03;2.059842e-21
1.307569e+03;2.059685e-21
1.307669e+03;2.059528e-21
1.307769e+03;2.059371e-21
1.307869e+03;2.059214e-21
1.307969e+03;2.059057e-21
1.308069e+03;2.058900e-21
1.308169e+03;2.058744e-21
1.308269e+03;2.058587e-21
1.308369e+03;2.058430e-21
1.308469e+03;2.058273e-21
1.308569e+03;2.058116e-21
1.308669e+03;2.057960e-21
1.308769e+03;2.057803e-21
1.308869e+03;2.057646e-21
1.308969e+03;2.057490e-21
1.309069e+03;2.057333e-21
1.309169e+03;2.057176e-21
1.309269e+03;2.057020e-21
1.309369e+03;2.056863e-21
1.309469e+03;2.056707e-21
1.309569e+03;2.056550e-21
1.309669e+03;2.056394e-21
1.309769e+03;2.056237e-21
1.309869e+03;2.056081e-21
1.309969e+03;2.055925e-21
1.310069e+03;2.055768e-21
1.310169e+03;2.055612e-21
1.310269e+03;2.055455e-21
1.310369e+03;2.055299e-21
1.310469e+03;2.055143e-21
1.310569e+03;2.054987e-21
1.310669e+03;2.054830e-21
1.310769e+03;2.054674e-21
1.310869e+03;2.054518e-21
1.310969e+03;2.054362e-21
1.311069e+03;2.054206e-21
1.311169e+03;2.054049e-21
1.311269e+03;2.053893e-21
1.311369e+03;2.053737e-21
1.311469e+03;2.053581e-21
1.311569e+03;2.053425e-21
1.311669e+03;2.053269e-21
1.311769e+03;2.053113e-21
1.311869e+03;2.052957e-21
1.311969e+03;2.052801e-21
1.312069e+03;2.052645e-21
1.312169e+03;2.052490e-21
1.312269e+03;2.052334e-21
1.312369e+03;2.052178e-21
1.312469e+03;2.052022e-21
1.312569e+03;2.051866e-21
1.312669e+03;2.051710e-21
1.312769e+03;2.051555e-21
1.312869e+03;2.051399e-21
1.312969e+03;2.051243e-21
1.313069e+03;2.051088e-21
1.313169e+03;2.050932e-21
1.313269e+03;2.050776e-21
1.313369e+03;2.050621e-21
1.313469e+03;2.050465e-21
1.313569e+03;2.050310e-21
1.313669e+03;2.050154e-21
1.313769e+03;2.049999e-21
1.313869e+03;2.049843e-21
1.313969e+03;2.049688e-21
1.314069e+03;2.049532e-21
1.314169e+03;2.049377e-21
1.314269e+03;2.049221e-21
1.314369e+03;2.049066e-21
1.314469e+03;2.048911e-21
1.314569e+03;2.048755e-21
1.314669e+03;2.048600e-21
1.314769e+03;2.048445e-21
1.314869e+03;2.048290e-21
1.314969e+03;2.048134e-21
1.315069e+03;2.047979e-21
1.315169e+03;2.047824e-21
1.315269e+03;2.047669e-21
1.315369e+03;2.047514e-21
1.315469e+03;2.047359e-21
1.315569e+03;2.047203e-21
1.315669e+03;2.047048e-21
1.315769e+03;2.046893e-21
1.315869e+03;2.046738e-21
1.315969e+03;2.046583e-21
1.316069e+03;2.046428e-21
1.316169e+03;2.046273e-21
1.316269e+03;2.046119e-21
1.316369e+03;2.045964e-21
1.316469e+03;2.045809e-21
1.316569e+03;2.045654e-21
1.316669e+03;2.045499e-21
1.316769e+03;2.045344e-21
1.316869e+03;2.045190e-21
1.316969e+03;2.045035e-21
1.317069e+03;2.044880e-21
1.317169e+03;2.044725e-21
1.317269e+03;2.044571e-21
1.317369e+03;2.044416e-21
1.317469e+03;2.044261e-21
1.317569e+03;2.044107e-21
1.317669e+03;2.043952e-21
1.317769e+03;2.043798e-21
1.317869e+03;2.043643e-21
1.317969e+03;2.043488e-21
1.318069e+03;2.043334e-21
1.318169e+03;2.043179e-21
1.318269e+03;2.043025e-21
1.318369e+03;2.042871e-21
1.318469e+03;2.042716e-21
1.318569e+03;2.042562e-21
1.318669e+03;2.042407e-21
1.318769e+03;2.042253e-21
1.318869e+03;2.042099e-21
1.318969e+03;2.041945e-21
1.319069e+03;2.041790e-21
1.319169e+03;2.041636e-21
1.319269e+03;2.041482e-21
1.319369e+03;2.041328e-21
1.319469e+03;2.041173e-21
1.319569e+03;2.041019e-21
1.319669e+03;2.040865e-21
1.319769e+03;2.040711e-21
1.319869e+03;2.040557e-21
1.319969e+03;2.040403e-21
1.320069e+03;2.040249e-21
1.320169e+03;2.040095e-21
1.320269e+03;2.039941e-21
1.320369e+03;2.039787e-21
1.320469e+03;2.039633e-21
1.320569e+03;2.039479e-21
1.320669e+03;2.039325e-21
1.320769e+03;2.039171e-21
1.320869e+03;2.039017e-21
1.320969e+03;2.038864e-21
1.321069e+03;2.038710e-21
1.321169e+03;2.038556e-21
1.321269e+03;2.038402e-21
1.321369e+03;2.038249e-21
1.321469e+03;2.038095e-21
1.321569e+03;2.037941e-21
1.321669e+03;2.037788e-21
1.321769e+03;2.037634e-21
1.321869e+03;2.037480e-21
1.321969e+03;2.037327e-21
1.322069e+03;2.037173e-21
1.322169e+03;2.037020e-21
1.322270e+03;2.036866e-21
1.322370e+03;2.036713e-21
1.322470e+03;2.036559e-21
1.322570e+03;2.036406e-21
1.322670e+03;2.036252e-21
1.322770e+03;2.036099e-21
1.322870e+03;2.035945e-21
1.322970e+03;2.035792e-21
1.323070e+03;2.035639e-21
1.323170e+03;2.035485e-21
1.323270e+03;2.035332e-21
1.323370e+03;2.035179e-21
1.323470e+03;2.035026e-21
1.323570e+03;2.034872e-21
1.323670e+03;2.034719e-21
1.323770e+03;2.034566e-21
1.323870e+03;2.034413e-21
1.323970e+03;2.034260e-21
1.324070e+03;2.034107e-21
1.324170e+03;2.033953e-21
1.324270e+03;2.033800e-21
1.324370e+03;2.033647e-21
1.324470e+03;2.033494e-21
1.324570e+03;2.033341e-21
1.324670e+03;2.033188e-21
1.324770e+03;2.033035e-21
1.324870e+03;2.032883e-21
1.324970e+03;2.032730e-21
1.325070e+03;2.032577e-21
1.325170e+03;2.032424e-21
1.325270e+03;2.032271e-21
1.325370e+03;2.032118e-21
1.325470e+03;2.031966e-21
1.325570e+03;2.031813e-21
1.325670e+03;2.031660e-21
1.325770e+03;2.031507e-21
1.325870e+03;2.031355e-21
1.325970e+03;2.031202e-21
1.326070e+03;2.031049e-21
1.326170e+03;2.030897e-21
1.326270e+03;2.030744e-21
1.326370e+03;2.030591e-21
1.326470e+03;2.030439e-21
1.326570e+03;2.030286e-21
1.326670e+03;2.030134e-21
1.326770e+03;2.029981e-21
1.326870e+03;2.029829e-21
1.326970e+03;2.029676e-21
1.327070e+03;2.029524e-21
1.327170e+03;2.029372e-21
1.327270e+03;2.029219e-21
1.327370e+03;2.029067e-21
1.327470e+03;2.028915e-21
1.327570e+03;2.028762e-21
1.327670e+03;2.028610e-21
1.327770e+03;2.028458e-21
1.327870e+03;2.028306e-21
1.327970e+03;2.028153e-21
1.328070e+03;2.028001e-21
1.328170e+03;2.027849e-21
1.328270e+03;2.027697e-21
1.328370e+03;2.027545e-21
1.328470e+03;2.027393e-21
1.328570e+03;2.027241e-21
1.328670e+03;2.027088e-21
1.328770e+03;2.026936e-21
1.328870e+03;2.026784e-21
1.328970e+03;2.026632e-21
1.329070e+03;2.026481e-21
1.329170e+03;2.026329e-21
1.329270e+03;2.026177e-21
1.329370e+03;2.026025e-21
1.329470e+03;2.025873e-21
1.329570e+03;2.025721e-21
1.329670e+03;2.025569e-21
1.329770e+03;2.025417e-21
1.329870e+03;2.025266e-21
1.329970e+03;2.025114e-21
1.330070e+03;2.024962e-21
1.330170e+03;2.024810e-21
1.330270e+03;2.024659e-21
1.330370e+03;2.024507e-21
1.330470e+03;2.024355e-21
1.330570e+03;2.024204e-21
1.330670e+03;2.024052e-21
1.330770e+03;2.023901e-21
1.330870e+03;2.023749e-21
1.330970e+03;2.023598e-21
1.331070e+03;2.023446e-21
1.331170e+03;2.023295e-21
1.331270e+03;2.023143e-21
1.331370e+03;2.022992e-21
1.331470e+03;2.022840e-21
1.331570e+03;2.022689e-21
1.331670e+03;2.022537e-21
1.331770e+03;2.022386e-21
1.331870e+03;2.022235e-21
1.331970e+03;2.022084e-21
1.332070e+03;2.021932e-21
1.332170e+03;2.021781e-21
1.332270e+03;2.021630e-21
1.332370e+03;2.021479e-21
1.332470e+03;2.021327e-21
1.332570e+03;2.021176e-21
1.332670e+03;2.021025e-21
1.332770e+03;2.020874e-21
1.332870e+03;2.020723e-21
1.332970e+03;2.020572e-21
1.333070e+03;2.020421e-21
1.333170e+03;2.020270e-21
1.333270e+03;2.020119e-21
1.333370e+03;2.019968e-21
1.333470e+03;2.019817e-21
1.333570e+03;2.019666e-21
1.333670e+03;2.019515e-21
1.333770e+03;2.019364e-21
1.333870e+03;2.019213e-21
1.333970e+03;2.019062e-21
1.334070e+03;2.018911e-21
1.334170e+03;2.018761e-21
1.334270e+03;2.018610e-21
1.334370e+03;2.018459e-21
1.334470e+03;2.018308e-21
1.334570e+03;2.018158e-21
1.334670e+03;2.018007e-21
1.334770e+03;2.017856e-21
1.334870e+03;2.017706e-21
1.334970e+03;2.017555e-21
1.335070e+03;2.017404e-21
1.335170e+03;2.017254e-21
1.335270e+03;2.017103e-21
1.335370e+03;2.016953e-21
1.335470e+03;2.016802e-21
1.335570e+03;2.016652e-21
1.335670e+03;2.016501e-21
1.335770e+03;2.016351e-21
1.335870e+03;2.016200e-21
1.335970e+03;2.016050e-21
1.336070e+03;2.015900e-21
1.336170e+03;2.015749e-21
1.336270e+03;2.015599e-21
1.336370e+03;2.015449e-21
1.336470e+03;2.015298e-21
1.336570e+03;2.015148e-21
1.336670e+03;2.014998e-21
1.336770e+03;2.014847e-21
1.336870e+03;2.014697e-21
1.336970e+03;2.014547e-21
1.337070e+03;2.014397e-21
1.337170e+03;2.014247e-21
1.337270e+03;2.014097e-21
1.337370e+03;2.013947e-21
1.337470e+03;2.013797e-21
1.337570e+03;2.013647e-21
1.337670e+03;2.013497e-21
1.337770e+03;2.013347e-21
1.337870e+03;2.013197e-21
1.337970e+03;2.013047e-21
1.338070e+03;2.012897e-21
1.338170e+03;2.012747e-21
1.338270e+03;2.012597e-21
1.338370e+03;2.012447e-21
1.338470e+03;2.012297e-21
1.338570e+03;2.012147e-21
1.338670e+03;2.011998e-21
1.338770e+03;2.011848e-21
1.338870e+03;2.011698e-21
1.338970e+03;2.011548e-21
1.339070e+03;2.011399e-21
1.339170e+03;2.011249e-21
1.339270e+03;2.011099e-21
1.339370e+03;2.010950e-21
1.339470e+03;2.010800e-21
1.339570e+03;2.010650e-21
1.339670e+03;2.010501e-21
1.339770e+03;2.010351e-21
1.339870e+03;2.010202e-21
1.339970e+03;2.010052e-21
1.340070e+03;2.009903e-21
1.340170e+03;2.009753e-21
1.340270e+03;2.009604e-21
1.340370e+03;2.009454e-21
1.340470e+03;2.009305e-21
1.340570e+03;2.009156e-21
1.340670e+03;2.009006e-21
1.340770e+03;2.008857e-21
1.340870e+03;2.008708e-21
1.340970e+03;2.008558e-21
1.341070e+03;2.008409e-21
1.341170e+03;2.008260e-21
1.341270e+03;2.008111e-21
1.341370e+03;2.007961e-21
1.341470e+03;2.007812e-21
1.341570e+03;2.007663e-21
1.341670e+03;2.007514e-21
1.341770e+03;2.007365e-21
1.341870e+03;2.007216e-21
1.341970e+03;2.007067e-21
1.342070e+03;2.006918e-21
1.342170e+03;2.006769e-21
1.342270e+03;2.006620e-21
1.342370e+03;2.006471e-21
1.342470e+03;2.006322e-21
1.342570e+03;2.006173e-21
1.342670e+03;2.006024e-21
1.342770e+03;2.005875e-21
1.342870e+03;2.005726e-21
1.342970e+03;2.005577e-21
1.343070e+03;2.005428e-21
1.343170e+03;2.005280e-21
1.343270e+03;2.005131e-21
1.343370e+03;2.004982e-21
1.343470e+03;2.004833e-21
1.343570e+03;2.004685e-21
1.343670e+03;2.004536e-21
1.343770e+03;2.004387e-21
1.343870e+03;2.004239e-21
1.343970e+03;2.004090e-21
1.344070e+03;2.003941e-21
1.344170e+03;2.003793e-21
1.344270e+03;2.003644e-21
1.344370e+03;2.003496e-21
1.344471e+03;2.003347e-21
1.344571e+03;2.003199e-21
1.344671e+03;2.003050e-21
1.344771e+03;2.002902e-21
1.344871e+03;2.002753e-21
1.344971e+03;2.002605e-21
1.345071e+03;2.002457e-21
1.345171e+03;2.002308e-21
1.345271e+03;2.002160e-21
1.345371e+03;2.002012e-21
1.345471e+03;2.001863e-21
1.345571e+03;2.001715e-21
1.345671e+03;2.001567e-21
1.345771e+03;2.001419e-21
1.345871e+03;2.001270e-21
1.345971e+03;2.001122e-21
1.346071e+03;2.000974e-21
1.346171e+03;2.000826e-21
1.346271e+03;2.000678e-21
1.346371e+03;2.000530e-21
1.346471e+03;2.000382e-21
1.346571e+03;2.000234e-21
1.346671e+03;2.000086e-21
1.346771e+03;1.999938e-21
1.346871e+03;1.999790e-21
1.346971e+03;1.999642e-21
1.347071e+03;1.999494e-21
1.347171e+03;1.999346e-21
1.347271e+03;1.999198e-21
1.347371e+03;1.999050e-21
1.347471e+03;1.998902e-21
1.347571e+03;1.998754e-21
1.347671e+03;1.998606e-21
1.347771e+03;1.998459e-21
1.347871e+03;1.998311e-21
1.347971e+03;1.998163e-21
1.348071e+03;1.998015e-21
1.348171e+03;1.997868e-21
1.348271e+03;1.997720e-21
1.348371e+03;1.997572e-21
1.348471e+03;1.997425e-21
1.348571e+03;1.997277e-21
1.348671e+03;1.997130e-21
1.348771e+03;1.996982e-21
1.348871e+03;1.996834e-21
1.348971e+03;1.996687e-21
1.349071e+03;1.996539e-21
1.349171e+03;1.996392e-21
1.349271e+03;1.996244e-21
1.349371e+03;1.996097e-21
1.349471e+03;1.995950e-21
1.349571e+03;1.995802e-21
1.349671e+03;1.995655e-21
1.349771e+03;1.995507e-21
1.349871e+03;1.995360e-21
1.349971e+03;1.995213e-21
1.350071e+03;1.995066e-21
1.350171e+03;1.994918e-21
1.350271e+03;1.994771e-21
1.350371e+03;1.994624e-21
1.350471e+03;1.994477e-21
1.350571e+03;1.994329e-21
1.350671e+03;1.994182e-21
1.350771e+03;1.994035e-21
1.350871e+03;1.993888e-21
1.350971e+03;1.993741e-21
1.351071e+03;1.993594e-21
1.351171e+03;1.993447e-21
1.351271e+03;1.993300e-21
1.351371e+03;1.993153e-21
1.351471e+03;1.993006e-21
1.351571e+03;1.992859e-21
1.351671e+03;1.992712e-21
1.351771e+03;1.992565e-21
1.351871e+03;1.992418e-21
1.351971e+03;1.992271e-21
1.352071e+03;1.992124e-21
1.352171e+03;1.991978e-21
1.352271e+03;1.991831e-21
1.352371e+03;1.991684e-21
1.352471e+03;1.991537e-21
1.352571e+03;1.991390e-21
1.352671e+03;1.991244e-21
1.352771e+03;1.991097e-21
1.352871e+03;1.990950e-21
1.352971e+03;1.990804e-21
1.353071e+03;1.990657e-21
1.353171e+03;1.990510e-21
1.353271e+03;1.990364e-21
1.353371e+03;1.990217e-21
1.353471e+03;1.990071e-21
1.353571e+03;1.989924e-21
1.353671e+03;1.989778e-21
1.353771e+03;1.989631e-21
1.353871e+03;1.989485e-21
1.353971e+03;1.989338e-21
1.354071e+03;1.989192e-21
1.354171e+03;1.989045e-21
1.354271e+03;1.988899e-21
1.354371e+03;1.988753e-21
1.354471e+03;1.988606e-21
1.354571e+03;1.988460e-21
1.354671e+03;1.988314e-21
1.354771e+03;1.988167e-21
1.354871e+03;1.988021e-21
1.354971e+03;1.987875e-21
1.355071e+03;1.987729e-21
1.355171e+03;1.987583e-21
1.355271e+03;1.987436e-21
1.355371e+03;1.987290e-21
1.355471e+03;1.987144e-21
1.355571e+03;1.986998e-21
1.355671e+03;1.986852e-21
1.355771e+03;1.986706e-21
1.355871e+03;1.986560e-21
1.355971e+03;1.986414e-21
1.356071e+03;1.986268e-21
1.356171e+03;1.986122e-21
1.356271e+03;1.985976e-21
1.356371e+03;1.985830e-21
1.356471e+03;1.985684e-21
1.356571e+03;1.985538e-21
1.356671e+03;1.985392e-21
1.356771e+03;1.985247e-21
1.356871e+03;1.985101e-21
1.356971e+03;1.984955e-21
1.357071e+03;1.984809e-21
1.357171e+03;1.984663e-21
1.357271e+03;1.984518e-21
1.357371e+03;1.984372e-21
1.357471e+03;1.984226e-21
1.357571e+03;1.984081e-21
1.357671e+03;1.983935e-21
1.357771e+03;1.983789e-21
1.357871e+03;1.983644e-21
1.357971e+03;1.983498e-21
1.358071e+03;1.983353e-21
1.358171e+03;1.983207e-21
1.358271e+03;1.983062e-21
1.358371e+03;1.982916e-21
1.358471e+03;1.982771e-21
1.358571e+03;1.982625e-21
1.358671e+03;1.982480e-21
1.358771e+03;1.982334e-21
1.358871e+03;1.982189e-21
1.358971e+03;1.982043e-21
1.359071e+03;1.981898e-21
1.359171e+03;1.981753e-21
1.359271e+03;1.981607e-21
1.359371e+03;1.981462e-21
1.359471e+03;1.981317e-21
1.359571e+03;1.981172e-21
1.359671e+03;1.981026e-21
1.359771e+03;1.980881e-21
1.359871e+03;1.980736e-21
1.359971e+03;1.980591e-21
1.360071e+03;1.980446e-21
1.360171e+03;1.980301e-21
1.360271e+03;1.980156e-21
1.360371e+03;1.980011e-21
1.360471e+03;1.979865e-21
1.360571e+03;1.979720e-21
1.360671e+03;1.979575e-21
1.360771e+03;1.979430e-21
1.360871e+03;1.979285e-21
1.360971e+03;1.979141e-21
1.361071e+03;1.978996e-21
1.361171e+03;1.978851e-21
1.361271e+03;1.978706e-21
1.361371e+03;1.978561e-21
1.361471e+03;1.978416e-21
1.361571e+03;1.978271e-21
1.361671e+03;1.978126e-21
1.361771e+03;1.977982e-21
1.361871e+03;1.977837e-21
1.361971e+03;1.977692e-21
1.362071e+03;1.977548e-21
1.362171e+03;1.977403e-21
1.362271e+03;1.977258e-21
1.362371e+03;1.977113e-21
1.362471e+03;1.976969e-21
1.362571e+03;1.976824e-21
1.362671e+03;1.976680e-21
1.362771e+03;1.976535e-21
1.362871e+03;1.976391e-21
1.362971e+03;1.976246e-21
1.363071e+03;1.976102e-21
1.363171e+03;1.975957e-21
1.363271e+03;1.975813e-21
1.363371e+03;1.975668e-21
1.363471e+03;1.975524e-21
1.363571e+03;1.975379e-21
1.363671e+03;1.975235e-21
1.363771e+03;1.975091e-21
1.363871e+03;1.974946e-21
1.363971e+03;1.974802e-21
1.364071e+03;1.974658e-21
1.364171e+03;1.974513e-21
1.364271e+03;1.974369e-21
1.364371e+03;1.974225e-21
1.364471e+03;1.974081e-21
1.364571e+03;1.973937e-21
1.364671e+03;1.973792e-21
1.364771e+03;1.973648e-21
1.364871e+03;1.973504e-21
1.364971e+03;1.973360e-21
1.365071e+03;1.973216e-21
1.365171e+03;1.973072e-21
1.365271e+03;1.972928e-21
1.365371e+03;1.972784e-21
1.365471e+03;1.972640e-21
1.365571e+03;1.972496e-21
1.365671e+03;1.972352e-21
1.365771e+03;1.972208e-21
1.365871e+03;1.972064e-21
1.365971e+03;1.971920e-21
1.366071e+03;1.971776e-21
1.366171e+03;1.971632e-21
1.366271e+03;1.971489e-21
1.366371e+03;1.971345e-21
1.366471e+03;1.971201e-21
1.366571e+03;1.971057e-21
1.366672e+03;1.970914e-21
1.366772e+03;1.970770e-21
1.366872e+03;1.970626e-21
1.366972e+03;1.970482e-21
1.367072e+03;1.970339e-21
1.367172e+03;1.970195e-21
1.367272e+03;1.970052e-21
1.367372e+03;1.969908e-21
1.367472e+03;1.969764e-21
1.367572e+03;1.969621e-21
1.367672e+03;1.969477e-21
1.367772e+03;1.969334e-21
1.367872e+03;1.969190e-21
1.367972e+03;1.969047e-21
1.368072e+03;1.968903e-21
1.368172e+03;1.968760e-21
1.368272e+03;1.968616e-21
1.368372e+03;1.968473e-21
1.368472e+03;1.968330e-21
1.368572e+03;1.968186e-21
1.368672e+03;1.968043e-21
1.368772e+03;1.967900e-21
1.368872e+03;1.967756e-21
1.368972e+03;1.967613e-21
1.369072e+03;1.967470e-21
1.369172e+03;1.967327e-21
1.369272e+03;1.967184e-21
1.369372e+03;1.967040e-21
1.369472e+03;1.966897e-21
1.369572e+03;1.966754e-21
1.369672e+03;1.966611e-21
1.369772e+03;1.966468e-21
1.369872e+03;1.966325e-21
1.369972e+03;1.966182e-21
1.370072e+03;1.966039e-21
1.370172e+03;1.965896e-21
1.370272e+03;1.965753e-21
1.370372e+03;1.965610e-21
1.370472e+03;1.965467e-21
1.370572e+03;1.965324e-21
1.370672e+03;1.965181e-21
1.370772e+03;1.965038e-21
1.370872e+03;1.964895e-21
1.370972e+03;1.964752e-21
1.371072e+03;1.964609e-21
1.371172e+03;1.964467e-21
1.371272e+03;1.964324e-21
1.371372e+03;1.964181e-21
1.371472e+03;1.964038e-21
1.371572e+03;1.963896e-21
1.371672e+03;1.963753e-21
1.371772e+03;1.963610e-21
1.371872e+03;1.963468e-21
1.371972e+03;1.963325e-21
1.372072e+03;1.963182e-21
1.372172e+03;1.963040e-21
1.372272e+03;1.962897e-21
1.372372e+03;1.962755e-21
1.372472e+03;1.962612e-21
1.372572e+03;1.962470e-21
1.372672e+03;1.962327e-21
1.372772e+03;1.962185e-21
1.372872e+03;1.962042e-21
1.372972e+03;1.961900e-21
1.373072e+03;1.961757e-21
1.373172e+03;1.961615e-21
1.373272e+03;1.961473e-21
1.373372e+03;1.961330e-21
1.373472e+03;1.961188e-21
1.373572e+03;1.961046e-21
1.373672e+03;1.960903e-21
1.373772e+03;1.960761e-21
1.373872e+03;1.960619e-21
1.373972e+03;1.960477e-21
1.374072e+03;1.960334e-21
1.374172e+03;1.960192e-21
1.374272e+03;1.960050e-21
1.374372e+03;1.959908e-21
1.374472e+03;1.959766e-21
1.374572e+03;1.959624e-21
1.374672e+03;1.959482e-21
1.374772e+03;1.959339e-21
1.374872e+03;1.959197e-21
1.374972e+03;1.959055e-21
1.375072e+03;1.958913e-21
1.375172e+03;1.958771e-21
1.375272e+03;1.958630e-21
1.375372e+03;1.958488e-21
1.375472e+03;1.958346e-21
1.375572e+03;1.958204e-21
1.375672e+03;1.958062e-21
1.375772e+03;1.957920e-21
1.375872e+03;1.957778e-21
1.375972e+03;1.957636e-21
1.376072e+03;1.957495e-21
1.376172e+03;1.957353e-21
1.376272e+03;1.957211e-21
1.376372e+03;1.957069e-21
1.376472e+03;1.956928e-21
1.376572e+03;1.956786e-21
1.376672e+03;1.956644e-21
1.376772e+03;1.956503e-21
1.376872e+03;1.956361e-21
1.376972e+03;1.956219e-21
1.377072e+03;1.956078e-21
1.377172e+03;1.955936e-21
1.377272e+03;1.955795e-21
1.377372e+03;1.955653e-21
1.377472e+03;1.955512e-21
1.377572e+03;1.955370e-21
1.377672e+03;1.955229e-21
1.377772e+03;1.955087e-21
1.377872e+03;1.954946e-21
1.377972e+03;1.954804e-21
1.378072e+03;1.954663e-21
1.378172e+03;1.954522e-21
1.378272e+03;1.954380e-21
1.378372e+03;1.954239e-21
1.378472e+03;1.954098e-21
1.378572e+03;1.953956e-21
1.378672e+03;1.953815e-21
1.378772e+03;1.953674e-21
1.378872e+03;1.953533e-21
1.378972e+03;1.953391e-21
1.379072e+03;1.953250e-21
1.379172e+03;1.953109e-21
1.379272e+03;1.952968e-21
1.379372e+03;1.952827e-21
1.379472e+03;1.952686e-21
1.379572e+03;1.952545e-21
1.379672e+03;1.952404e-21
1.379772e+03;1.952263e-21
1.379872e+03;1.952122e-21
1.379972e+03;1.951981e-21
1.380072e+03;1.951840e-21
1.380172e+03;1.951699e-21
1.380272e+03;1.951558e-21
1.380372e+03;1.951417e-21
1.380472e+03;1.951276e-21
1.380572e+03;1.951135e-21
1.380672e+03;1.950994e-21
1.380772e+03;1.950853e-21
1.380872e+03;1.950713e-21
1.380972e+03;1.950572e-21
1.381072e+03;1.950431e-21
1.381172e+03;1.950290e-21
1.381272e+03;1.950150e-21
1.381372e+03;1.950009e-21
1.381472e+03;1.949868e-21
1.381572e+03;1.949727e-21
1.381672e+03;1.949587e-21
1.381772e+03;1.949446e-21
1.381872e+03;1.949306e-21
1.381972e+03;1.949165e-21
1.382072e+03;1.949024e-21
1.382172e+03;1.948884e-21
1.382272e+03;1.948743e-21
1.382372e+03;1.948603e-21
1.382472e+03;1.948462e-21
1.382572e+03;1.948322e-21
1.382672e+03;1.948181e-21
1.382772e+03;1.948041e-21
1.382872e+03;1.947901e-21
1.382972e+03;1.947760e-21
1.383072e+03;1.947620e-21
1.383172e+03;1.947479e-21
1.383272e+03;1.947339e-21
1.383372e+03;1.947199e-21
1.383472e+03;1.947059e-21
1.383572e+03;1.946918e-21
1.383672e+03;1.946778e-21
1.383772e+03;1.946638e-21
1.383872e+03;1.946498e-21
1.383972e+03;1.946357e-21
1.384072e+03;1.946217e-21
1.384172e+03;1.946077e-21
1.384272e+03;1.945937e-21
1.384372e+03;1.945797e-21
1.384472e+03;1.945657e-21
1.384572e+03;1.945517e-21
1.384672e+03;1.945377e-21
1.384772e+03;1.945237e-21
1.384872e+03;1.945097e-21
1.384972e+03;1.944957e-21
1.385072e+03;1.944817e-21
1.385172e+03;1.944677e-21
1.385272e+03;1.944537e-21
1.385372e+03;1.944397e-21
1.385472e+03;1.944257e-21
1.385572e+03;1.944117e-21
1.385672e+03;1.943977e-21
1.385772e+03;1.943838e-21
1.385872e+03;1.943698e-21
1.385972e+03;1.943558e-21
1.386072e+03;1.943418e-21
1.386172e+03;1.943278e-21
1.386272e+03;1.943139e-21
1.386372e+03;1.942999e-21
1.386472e+03;1.942859e-21
1.386572e+03;1.942720e-21
1.386672e+03;1.942580e-21
1.386772e+03;1.942440e-21
1.386872e+03;1.942301e-21
1.386972e+03;1.942161e-21
1.387072e+03;1.942022e-21
1.387172e+03;1.941882e-21
1.387272e+03;1.941743e-21
1.387372e+03;1.941603e-21
1.387472e+03;1.941464e-21
1.387572e+03;1.941324e-21
1.387672e+03;1.941185e-21
1.387772e+03;1.941045e-21
1.387872e+03;1.940906e-21
1.387972e+03;1.940767e-21
1.388072e+03;1.940627e-21
1.388172e+03;1.940488e-21
1.388272e+03;1.940349e-21
1.388372e+03;1.940209e-21
1.388472e+03;1.940070e-21
1.388572e+03;1.939931e-21
1.388672e+03;1.939791e-21
1.388772e+03;1.939652e-21
1.388872e+03;1.939513e-21
1.388973e+03;1.939374e-21
1.389073e+03;1.939235e-21
1.389173e+03;1.939096e-21
1.389273e+03;1.938956e-21
1.389373e+03;1.938817e-21
1.389473e+03;1.938678e-21
1.389573e+03;1.938539e-21
1.389673e+03;1.938400e-21
1.389773e+03;1.938261e-21
1.389873e+03;1.938122e-21
1.389973e+03;1.937983e-21
1.390073e+03;1.937844e-21
1.390173e+03;1.937705e-21
1.390273e+03;1.937566e-21
1.390373e+03;1.937427e-21
1.390473e+03;1.937289e-21
1.390573e+03;1.937150e-21
1.390673e+03;1.937011e-21
1.390773e+03;1.936872e-21
1.390873e+03;1.936733e-21
1.390973e+03;1.936594e-21
1.391073e+03;1.936456e-21
1.391173e+03;1.936317e-21
1.391273e+03;1.936178e-21
1.391373e+03;1.936039e-21
1.391473e+03;1.935901e-21
1.391573e+03;1.935762e-21
1.391673e+03;1.935623e-21
1.391773e+03;1.935485e-21
1.391873e+03;1.935346e-21
1.391973e+03;1.935208e-21
1.392073e+03;1.935069e-21
1.392173e+03;1.934931e-21
1.392273e+03;1.934792e-21
1.392373e+03;1.934654e-21
1.392473e+03;1.934515e-21
1.392573e+03;1.934377e-21
1.392673e+03;1.934238e-21
1.392773e+03;1.934100e-21
1.392873e+03;1.933961e-21
1.392973e+03;1.933823e-21
1.393073e+03;1.933685e-21
1.393173e+03;1.933546e-21
1.393273e+03;1.933408e-21
1.393373e+03;1.933270e-21
1.393473e+03;1.933131e-21
1.393573e+03;1.932993e-21
1.393673e+03;1.932855e-21
1.393773e+03;1.932717e-21
1.393873e+03;1.932578e-21
1.393973e+03;1.932440e-21
1.394073e+03;1.932302e-21
1.394173e+03;1.932164e-21
1.394273e+03;1.932026e-21
1.394373e+03;1.931888e-21
1.394473e+03;1.931750e-21
1.394573e+03;1.931611e-21
1.394673e+03;1.931473e-21
1.394773e+03;1.931335e-21
1.394873e+03;1.931197e-21
1.394973e+03;1.931059e-21
1.395073e+03;1.930921e-21
1.395173e+03;1.930783e-21
1.395273e+03;1.930646e-21
1.395373e+03;1.930508e-21
1.395473e+03;1.930370e-21
1.395573e+03;1.930232e-21
1.395673e+03;1.930094e-21
1.395773e+03;1.929956e-21
1.395873e+03;1.929818e-21
1.395973e+03;1.929681e-21
1.396073e+03;1.929543e-21
1.396173e+03;1.929405e-21
1.396273e+03;1.929267e-21
1.396373e+03;1.929130e-21
1.396473e+03;1.928992e-21
1.396573e+03;1.928854e-21
1.396673e+03;1.928717e-21
1.396773e+03;1.928579e-21
1.396873e+03;1.928441e-21
1.396973e+03;1.928304e-21
1.397073e+03;1.928166e-21
1.397173e+03;1.928029e-21
1.397273e+03;1.927891e-21
1.397373e+03;1.927754e-21
1.397473e+03;1.927616e-21
1.397573e+03;1.927479e-21
1.397673e+03;1.927341e-21
1.397773e+03;1.927204e-21
1.397873e+03;1.927066e-21
1.397973e+03;1.926929e-21
1.398073e+03;1.926791e-21
1.398173e+03;1.926654e-21
1.398273e+03;1.926517e-21
1.398373e+03;1.926379e-21
1.398473e+03;1.926242e-21
1.398573e+03;1.926105e-21
1.398673e+03;1.925968e-21
1.398773e+03;1.925830e-21
1.398873e+03;1.925693e-21
1.398973e+03;1.925556e-21
1.399073e+03;1.925419e-21
1.399173e+03;1.925282e-21
1.399273e+03;1.925144e-21
1.399373e+03;1.925007e-21
1.399473e+03;1.924870e-21
1.399573e+03;1.924733e-21
1.399673e+03;1.924596e-21
1.399773e+03;1.924459e-21
1.399873e+03;1.924322e-21
1.399973e+03;1.924185e-21
1.400073e+03;1.924048e-21
1.400173e+03;1.923911e-21
1.400273e+03;1.923774e-21
1.400373e+03;1.923637e-21
1.400473e+03;1.923500e-21
1.400573e+03;1.923363e-21
1.400673e+03;1.923226e-21
1.400773e+03;1.923090e-21
1.400873e+03;1.922953e-21
1.400973e+03;1.922816e-21
1.401073e+03;1.922679e-21
1.401173e+03;1.922542e-21
1.401273e+03;1.922406e-21
1.401373e+03;1.922269e-21
1.401473e+03;1.922132e-21
1.401573e+03;1.921995e-21
1.401673e+03;1.921859e-21
1.401773e+03;1.921722e-21
1.401873e+03;1.921585e-21
1.401973e+03;1.921449e-21
1.402073e+03;1.921312e-21
1.402173e+03;1.921176e-21
1.402273e+03;1.921039e-21
1.402373e+03;1.920903e-21
1.402473e+03;1.920766e-21
1.402573e+03;1.920629e-21
1.402673e+03;1.920493e-21
1.402773e+03;1.920357e-21
1.402873e+03;1.920220e-21
1.402973e+03;1.920084e-21
1.403073e+03;1.919947e-21
1.403173e+03;1.919811e-21
1.403273e+03;1.919674e-21
1.403373e+03;1.919538e-21
1.403473e+03;1.919402e-21
1.403573e+03;1.919266e-21
1.403673e+03;1.919129e-21
1.403773e+03;1.918993e-21
1.403873e+03;1.918857e-21
1.403973e+03;1.918720e-21
1.404073e+03;1.918584e-21
1.404173e+03;1.918448e-21
1.404273e+03;1.918312e-21
1.404373e+03;1.918176e-21
1.404473e+03;1.918040e-21
1.404573e+03;1.917903e-21
1.404673e+03;1.917767e-21
1.404773e+03;1.917631e-21
1.404873e+03;1.917495e-21
1.404973e+03;1.917359e-21
1.405073e+03;1.917223e-21
1.405173e+03;1.917087e-21
1.405273e+03;1.916951e-21
1.405373e+03;1.916815e-21
1.405473e+03;1.916679e-21
1.405573e+03;1.916543e-21
1.405673e+03;1.916407e-21
1.405773e+03;1.916272e-21
1.405873e+03;1.916136e-21
1.405973e+03;1.916000e-21
1.406073e+03;1.915864e-21
1.406173e+03;1.915728e-21
1.406273e+03;1.915592e-21
1.406373e+03;1.915457e-21
1.406473e+03;1.915321e-21
1.406573e+03;1.915185e-21
1.406673e+03;1.915049e-21
1.406773e+03;1.914914e-21
1.406873e+03;1.914778e-21
1.406973e+03;1.914642e-21
1.407073e+03;1.914507e-21
1.407173e+03;1.914371e-21
1.407273e+03;1.914236e-21
1.407373e+03;1.914100e-21
1.407473e+03;1.913964e-21
1.407573e+03;1.913829e-21
1.407673e+03;1.913693e-21
1.407773e+03;1.913558e-21
1.407873e+03;1.913422e-21
1.407973e+03;1.913287e-21
1.408073e+03;1.913152e-21
1.408173e+03;1.913016e-21
1.408273e+03;1.912881e-21
1.408373e+03;1.912745e-21
1.408473e+03;1.912610e-21
1.408573e+03;1.912475e-21
1.408673e+03;1.912339e-21
1.408773e+03;1.912204e-21
1.408873e+03;1.912069e-21
1.408973e+03;1.911933e-21
1.409073e+03;1.911798e-21
1.409173e+03;1.911663e-21
1.409273e+03;1.911528e-21
1.409373e+03;1.911392e-21
1.409473e+03;1.911257e-21
1.409573e+03;1.911122e-21
1.409673e+03;1.910987e-21
1.409773e+03;1.910852e-21
1.409873e+03;1.910717e-21
1.409973e+03;1.910582e-21
1.410073e+03;1.910447e-21
1.410173e+03;1.910312e-21
1.410273e+03;1.910177e-21
1.410373e+03;1.910042e-21
1.410473e+03;1.909907e-21
1.410573e+03;1.909772e-21
1.410673e+03;1.909637e-21
1.410773e+03;1.909502e-21
1.410873e+03;1.909367e-21
1.410973e+03;1.909232e-21
1.411073e+03;1.909097e-21
1.411174e+03;1.908962e-21
1.411274e+03;1.908827e-21
1.411374e+03;1.908693e-21
1.411474e+03;1.908558e-21
1.411574e+03;1.908423e-21
1.411674e+03;1.908288e-21
1.411774e+03;1.908154e-21
1.411874e+03;1.908019e-21
1.411974e+03;1.907884e-21
1.412074e+03;1.907749e-21
1.412174e+03;1.907615e-21
1.412274e+03;1.907480e-21
1.412374e+03;1.907346e-21
1.412474e+03;1.907211e-21
1.412574e+03;1.907076e-21
1.412674e+03;1.906942e-21
1.412774e+03;1.906807e-21
1.412874e+03;1.906673e-21
1.412974e+03;1.906538e-21
1.413074e+03;1.906404e-21
1.413174e+03;1.906269e-21
1.413274e+03;1.906135e-21
1.413374e+03;1.906000e-21
1.413474e+03;1.905866e-21
1.413574e+03;1.905732e-21
1.413674e+03;1.905597e-21
1.413774e+03;1.905463e-21
1.413874e+03;1.905328e-21
1.413974e+03;1.905194e-21
1.414074e+03;1.905060e-21
1.414174e+03;1.904926e-21
1.414274e+03;1.904791e-21
1.414374e+03;1.904657e-21
1.414474e+03;1.904523e-21
1.414574e+03;1.904389e-21
1.414674e+03;1.904254e-21
1.414774e+03;1.904120e-21
1.414874e+03;1.903986e-21
1.414974e+03;1.903852e-21
1.415074e+03;1.903718e-21
1.415174e+03;1.903584e-21
1.415274e+03;1.903450e-21
1.415374e+03;1.903316e-21
1.415474e+03;1.903182e-21
1.415574e+03;1.903048e-21
1.415674e+03;1.902914e-21
1.415774e+03;1.902780e-21
1.415874e+03;1.902646e-21
1.415974e+03;1.902512e-21
1.416074e+03;1.902378e-21
1.416174e+03;1.902244e-21
1.416274e+03;1.902110e-21
1.416374e+03;1.901976e-21
1.416474e+03;1.901842e-21
1.416574e+03;1.901708e-21
1.416674e+03;1.901575e-21
1.416774e+03;1.901441e-21
1.416874e+03;1.901307e-21
1.416974e+03;1.901173e-21
1.417074e+03;1.901040e-21
1.417174e+03;1.900906e-21
1.417274e+03;1.900772e-21
1.417374e+03;1.900639e-21
1.417474e+03;1.900505e-21
1.417574e+03;1.900371e-21
1.417674e+03;1.900238e-21
1.417774e+03;1.900104e-21
1.417874e+03;1.899970e-21
1.417974e+03;1.899837e-21
1.418074e+03;1.899703e-21
1.418174e+03;1.899570e-21
1.418274e+03;1.899436e-21
1.418374e+03;1.899303e-21
1.418474e+03;1.899169e-21
1.418574e+03;1.899036e-21
1.418674e+03;1.898902e-21
1.418774e+03;1.898769e-21
1.418874e+03;1.898636e-21
1.418974e+03;1.898502e-21
1.419074e+03;1.898369e-21
1.419174e+03;1.898236e-21
1.419274e+03;1.898102e-21
1.419374e+03;1.897969e-21
1.419474e+03;1.897836e-21
1.419574e+03;1.897702e-21
1.419674e+03;1.897569e-21
1.419774e+03;1.897436e-21
1.419874e+03;1.897303e-21
1.419974e+03;1.897169e-21
1.420074e+03;1.897036e-21
1.420174e+03;1.896903e-21
1.420274e+03;1.896770e-21
1.420374e+03;1.896637e-21
1.420474e+03;1.896504e-21
1.420574e+03;1.896371e-21
1.420674e+03;1.896238e-21
1.420774e+03;1.896105e-21
1.420874e+03;1.895972e-21
1.420974e+03;1.895839e-21
1.421074e+03;1.895706e-21
1.421174e+03;1.895573e-21
1.421274e+03;1.895440e-21
1.421374e+03;1.895307e-21
1.421474e+03;1.895174e-21
1.421574e+03;1.895041e-21
1.421674e+03;1.894908e-21
1.421774e+03;1.894775e-21
1.421874e+03;1.894642e-21
1.421974e+03;1.894510e-21
1.422074e+03;1.894377e-21
1.422174e+03;1.894244e-21
1.422274e+03;1.894111e-21
1.422374e+03;1.893979e-21
1.422474e+03;1.893846e-21
1.422574e+03;1.893713e-21
1.422674e+03;1.893580e-21
1.422774e+03;1.893448e-21
1.422874e+03;1.893315e-21
1.422974e+03;1.893182e-21
1.423074e+03;1.893050e-21
1.423174e+03;1.892917e-21
1.423274e+03;1.892785e-21
1.423374e+03;1.892652e-21
1.423474e+03;1.892520e-21
1.423574e+03;1.892387e-21
1.423674e+03;1.892255e-21
1.423774e+03;1.892122e-21
1.423874e+03;1.891990e-21
1.423974e+03;1.891857e-21
1.424074e+03;1.891725e-21
1.424174e+03;1.891592e-21
1.424274e+03;1.891460e-21
1.424374e+03;1.891328e-21
1.424474e+03;1.891195e-21
1.424574e+03;1.891063e-21
1.424674e+03;1.890931e-21
1.424774e+03;1.890798e-21
1.424874e+03;1.890666e-21
1.424974e+03;1.890534e-21
1.425074e+03;1.890401e-21
1.425174e+03;1.890269e-21
1.425274e+03;1.890137e-21
1.425374e+03;1.890005e-21
1.425474e+03;1.889873e-21
1.425574e+03;1.889741e-21
1.425674e+03;1.889608e-21
1.425774e+03;1.889476e-21
1.425874e+03;1.889344e-21
1.425974e+03;1.889212e-21
1.426074e+03;1.889080e-21
1.426174e+03;1.888948e-21
1.426274e+03;1.888816e-21
1.426374e+03;1.888684e-21
1.426474e+03;1.888552e-21
1.426574e+03;1.888420e-21
1.426674e+03;1.888288e-21
1.426774e+03;1.888156e-21
1.426874e+03;1.888024e-21
1.426974e+03;1.887892e-21
1.427074e+03;1.887761e-21
1.427174e+03;1.887629e-21
1.427274e+03;1.887497e-21
1.427374e+03;1.887365e-21
1.427474e+03;1.887233e-21
1.427574e+03;1.887101e-21
1.427674e+03;1.886970e-21
1.427774e+03;1.886838e-21
1.427874e+03;1.886706e-21
1.427974e+03;1.886574e-21
1.428074e+03;1.886443e-21
1.428174e+03;1.886311e-21
1.428274e+03;1.886179e-21
1.428374e+03;1.886048e-21
1.428474e+03;1.885916e-21
1.428574e+03;1.885785e-21
1.428674e+03;1.885653e-21
1.428774e+03;1.885521e-21
1.428874e+03;1.885390e-21
1.428974e+03;1.885258e-21
1.429074e+03;1.885127e-21
1.429174e+03;1.884995e-21
1.429274e+03;1.884864e-21
1.429374e+03;1.884733e-21
1.429474e+03;1.884601e-21
1.429574e+03;1.884470e-21
1.429674e+03;1.884338e-21
1.429774e+03;1.884207e-21
1.429874e+03;1.884076e-21
1.429974e+03;1.883944e-21
1.430074e+03;1.883813e-21
1.430174e+03;1.883682e-21
1.430274e+03;1.883550e-21
1.430374e+03;1.883419e-21
1.430474e+03;1.883288e-21
1.430574e+03;1.883157e-21
1.430674e+03;1.883025e-21
1.430774e+03;1.882894e-21
1.430874e+03;1.882763e-21
1.430974e+03;1.882632e-21
1.431074e+03;1.882501e-21
1.431174e+03;1.882370e-21
1.431274e+03;1.882238e-21
1.431374e+03;1.882107e-21
1.431474e+03;1.881976e-21
1.431574e+03;1.881845e-21
1.431674e+03;1.881714e-21
1.431774e+03;1.881583e-21
1.431874e+03;1.881452e-21
1.431974e+03;1.881321e-21
1.432074e+03;1.881190e-21
1.432174e+03;1.881059e-21
1.432274e+03;1.880928e-21
1.432374e+03;1.880798e-21
1.432474e+03;1.880667e-21
1.432574e+03;1.880536e-21
1.432674e+03;1.880405e-21
1.432774e+03;1.880274e-21
1.432874e+03;1.880143e-21
1.432974e+03;1.880012e-21
1.433074e+03;1.879882e-21
1.433174e+03;1.879751e-21
1.433274e+03;1.879620e-21
1.433375e+03;1.879490e-21
1.433475e+03;1.879359e-21
1.433575e+03;1.879228e-21
1.433675e+03;1.879097e-21
1.433775e+03;1.878967e-21
1.433875e+03;1.878836e-21
1.433975e+03;1.878706e-21
1.434075e+03;1.878575e-21
1.434175e+03;1.878444e-21
1.434275e+03;1.878314e-21
1.434375e+03;1.878183e-21
1.434475e+03;1.878053e-21
1.434575e+03;1.877922e-21
1.434675e+03;1.877792e-21
1.434775e+03;1.877661e-21
1.434875e+03;1.877531e-21
1.434975e+03;1.877400e-21
1.435075e+03;1.877270e-21
1.435175e+03;1.877140e-21
1.435275e+03;1.877009e-21
1.435375e+03;1.876879e-21
1.435475e+03;1.876749e-21
1.435575e+03;1.876618e-21
1.435675e+03;1.876488e-21
1.435775e+03;1.876358e-21
1.435875e+03;1.876227e-21
1.435975e+03;1.876097e-21
1.436075e+03;1.875967e-21
1.436175e+03;1.875837e-21
1.436275e+03;1.875707e-21
1.436375e+03;1.875576e-21
1.436475e+03;1.875446e-21
1.436575e+03;1.875316e-21
1.436675e+03;1.875186e-21
1.436775e+03;1.875056e-21
1.436875e+03;1.874926e-21
1.436975e+03;1.874796e-21
1.437075e+03;1.874666e-21
1.437175e+03;1.874536e-21
1.437275e+03;1.874406e-21
1.437375e+03;1.874276e-21
1.437475e+03;1.874146e-21
1.437575e+03;1.874016e-21
1.437675e+03;1.873886e-21
1.437775e+03;1.873756e-21
1.437875e+03;1.873626e-21
1.437975e+03;1.873496e-21
1.438075e+03;1.873366e-21
1.438175e+03;1.873236e-21
1.438275e+03;1.873106e-21
1.438375e+03;1.872977e-21
1.438475e+03;1.872847e-21
1.438575e+03;1.872717e-21
1.438675e+03;1.872587e-21
1.438775e+03;1.872458e-21
1.438875e+03;1.872328e-21
1.438975e+03;1.872198e-21
1.439075e+03;1.872068e-21
1.439175e+03;1.871939e-21
1.439275e+03;1.871809e-21
1.439375e+03;1.871679e-21
1.439475e+03;1.871550e-21
1.439575e+03;1.871420e-21
1.439675e+03;1.871291e-21
1.439775e+03;1.871161e-21
1.439875e+03;1.871032e-21
1.439975e+03;1.870902e-21
1.440075e+03;1.870772e-21
1.440175e+03;1.870643e-21
1.440275e+03;1.870514e-21
1.440375e+03;1.870384e-21
1.440475e+03;1.870255e-21
1.440575e+03;1.870125e-21
1.440675e+03;1.869996e-21
1.440775e+03;1.869866e-21
1.440875e+03;1.869737e-21
1.440975e+03;1.869608e-21
1.441075e+03;1.869478e-21
1.441175e+03;1.869349e-21
1.441275e+03;1.869220e-21
1.441375e+03;1.869090e-21
1.441475e+03;1.868961e-21
1.441575e+03;1.868832e-21
1.441675e+03;1.868703e-21
1.441775e+03;1.868574e-21
1.441875e+03;1.868444e-21
1.441975e+03;1.868315e-21
1.442075e+03;1.868186e-21
1.442175e+03;1.868057e-21
1.442275e+03;1.867928e-21
1.442375e+03;1.867799e-21
1.442475e+03;1.867670e-21
1.442575e+03;1.867541e-21
1.442675e+03;1.867411e-21
1.442775e+03;1.867282e-21
1.442875e+03;1.867153e-21
1.442975e+03;1.867024e-21
1.443075e+03;1.866895e-21
1.443175e+03;1.866767e-21
1.443275e+03;1.866638e-21
1.443375e+03;1.866509e-21
1.443475e+03;1.866380e-21
1.443575e+03;1.866251e-21
1.443675e+03;1.866122e-21
1.443775e+03;1.865993e-21
1.443875e+03;1.865864e-21
1.443975e+03;1.865736e-21
1.444075e+03;1.865607e-21
1.444175e+03;1.865478e-21
1.444275e+03;1.865349e-21
1.444375e+03;1.865220e-21
1.444475e+03;1.865092e-21
1.444575e+03;1.864963e-21
1.444675e+03;1.864834e-21
1.444775e+03;1.864706e-21
1.444875e+03;1.864577e-21
1.444975e+03;1.864448e-21
1.445075e+03;1.864320e-21
1.445175e+03;1.864191e-21
1.445275e+03;1.864063e-21
1.445375e+03;1.863934e-21
1.445475e+03;1.863805e-21
1.445575e+03;1.863677e-21
1.445675e+03;1.863548e-21
1.445775e+03;1.863420e-21
1.445875e+03;1.863291e-21
1.445975e+03;1.863163e-21
1.446075e+03;1.863035e-21
1.446175e+03;1.862906e-21
1.446275e+03;1.862778e-21
1.446375e+03;1.862649e-21
1.446475e+03;1.862521e-21
1.446575e+03;1.862393e-21
1.446675e+03;1.862264e-21
1.446775e+03;1.862136e-21
1.446875e+03;1.862008e-21
1.446975e+03;1.861879e-21
1.447075e+03;1.861751e-21
1.447175e+03;1.861623e-21
1.447275e+03;1.861495e-21
1.447375e+03;1.861366e-21
1.447475e+03;1.861238e-21
1.447575e+03;1.861110e-21
1.447675e+03;1.860982e-21
1.447775e+03;1.860854e-21
1.447875e+03;1.860726e-21
1.447975e+03;1.860597e-21
1.448075e+03;1.860469e-21
1.448175e+03;1.860341e-21
1.448275e+03;1.860213e-21
1.448375e+03;1.860085e-21
1.448475e+03;1.859957e-21
1.448575e+03;1.859829e-21
1.448675e+03;1.859701e-21
1.448775e+03;1.859573e-21
1.448875e+03;1.859445e-21
1.448975e+03;1.859317e-21
1.449075e+03;1.859189e-21
1.449175e+03;1.859062e-21
1.449275e+03;1.858934e-21
1.449375e+03;1.858806e-21
1.449475e+03;1.858678e-21
1.449575e+03;1.858550e-21
1.449675e+03;1.858422e-21
1.449775e+03;1.858295e-21
1.449875e+03;1.858167e-21
1.449975e+03;1.858039e-21
1.450075e+03;1.857911e-21
1.450175e+03;1.857784e-21
1.450275e+03;1.857656e-21
1.450375e+03;1.857528e-21
1.450475e+03;1.857401e-21
1.450575e+03;1.857273e-21
1.450675e+03;1.857145e-21
1.450775e+03;1.857018e-21
1.450875e+03;1.856890e-21
1.450975e+03;1.856762e-21
1.451075e+03;1.856635e-21
1.451175e+03;1.856507e-21
1.451275e+03;1.856380e-21
1.451375e+03;1.856252e-21
1.451475e+03;1.856125e-21
1.451575e+03;1.855997e-21
1.451675e+03;1.855870e-21
1.451775e+03;1.855742e-21
1.451875e+03;1.855615e-21
1.451975e+03;1.855488e-21
1.452075e+03;1.855360e-21
1.452175e+03;1.855233e-21
1.452275e+03;1.855106e-21
1.452375e+03;1.854978e-21
1.452475e+03;1.854851e-21
1.452575e+03;1.854724e-21
1.452675e+03;1.854596e-21
1.452775e+03;1.854469e-21
1.452875e+03;1.854342e-21
1.452975e+03;1.854215e-21
1.453075e+03;1.854087e-21
1.453175e+03;1.853960e-21
1.453275e+03;1.853833e-21
1.453375e+03;1.853706e-21
1.453475e+03;1.853579e-21
1.453575e+03;1.853452e-21
1.453675e+03;1.853324e-21
1.453775e+03;1.853197e-21
1.453875e+03;1.853070e-21
1.453975e+03;1.852943e-21
1.454075e+03;1.852816e-21
1.454175e+03;1.852689e-21
1.454275e+03;1.852562e-21
1.454375e+03;1.852435e-21
1.454475e+03;1.852308e-21
1.454575e+03;1.852181e-21
1.454675e+03;1.852054e-21
1.454775e+03;1.851927e-21
1.454875e+03;1.851801e-21
1.454975e+03;1.851674e-21
1.455075e+03;1.851547e-21
1.455175e+03;1.851420e-21
1.455275e+03;1.851293e-21
1.455375e+03;1.851166e-21
1.455475e+03;1.851040e-21
1.455576e+03;1.850913e-21
1.455676e+03;1.850786e-21
1.455776e+03;1.850659e-21
1.455876e+03;1.850533e-21
1.455976e+03;1.850406e-21
1.456076e+03;1.850279e-21
1.456176e+03;1.850152e-21
1.456276e+03;1.850026e-21
1.456376e+03;1.849899e-21
1.456476e+03;1.849773e-21
1.456576e+03;1.849646e-21
1.456676e+03;1.849519e-21
1.456776e+03;1.849393e-21
1.456876e+03;1.849266e-21
1.456976e+03;1.849140e-21
1.457076e+03;1.849013e-21
1.457176e+03;1.848887e-21
1.457276e+03;1.848760e-21
1.457376e+03;1.848634e-21
1.457476e+03;1.848507e-21
1.457576e+03;1.848381e-21
1.457676e+03;1.848254e-21
1.457776e+03;1.848128e-21
1.457876e+03;1.848002e-21
1.457976e+03;1.847875e-21
1.458076e+03;1.847749e-21
1.458176e+03;1.847623e-21
1.458276e+03;1.847496e-21
1.458376e+03;1.847370e-21
1.458476e+03;1.847244e-21
1.458576e+03;1.847118e-21
1.458676e+03;1.846991e-21
1.458776e+03;1.846865e-21
1.458876e+03;1.846739e-21
1.458976e+03;1.846613e-21
1.459076e+03;1.846487e-21
1.459176e+03;1.846360e-21
1.459276e+03;1.846234e-21
1.459376e+03;1.846108e-21
1.459476e+03;1.845982e-21
1.459576e+03;1.845856e-21
1.459676e+03;1.845730e-21
1.459776e+03;1.845604e-21
1.459876e+03;1.845478e-21
1.459976e+03;1.845352e-21
1.460076e+03;1.845226e-21
1.460176e+03;1.845100e-21
1.460276e+03;1.844974e-21
1.460376e+03;1.844848e-21
1.460476e+03;1.844722e-21
1.460576e+03;1.844596e-21
1.460676e+03;1.844470e-21
1.460776e+03;1.844344e-21
1.460876e+03;1.844218e-21
1.460976e+03;1.844093e-21
1.461076e+03;1.843967e-21
1.461176e+03;1.843841e-21
1.461276e+03;1.843715e-21
1.461376e+03;1.843589e-21
1.461476e+03;1.843464e-21
1.461576e+03;1.843338e-21
1.461676e+03;1.843212e-21
1.461776e+03;1.843086e-21
1.461876e+03;1.842961e-21
1.461976e+03;1.842835e-21
1.462076e+03;1.842709e-21
1.462176e+03;1.842584e-21
1.462276e+03;1.842458e-21
1.462376e+03;1.842333e-21
1.462476e+03;1.842207e-21
1.462576e+03;1.842081e-21
1.462676e+03;1.841956e-21
1.462776e+03;1.841830e-21
1.462876e+03;1.841705e-21
1.462976e+03;1.841579e-21
1.463076e+03;1.841454e-21
1.463176e+03;1.841328e-21
1.463276e+03;1.841203e-21
1.463376e+03;1.841077e-21
1.463476e+03;1.840952e-21
1.463576e+03;1.840827e-21
1.463676e+03;1.840701e-21
1.463776e+03;1.840576e-21
1.463876e+03;1.840451e-21
1.463976e+03;1.840325e-21
1.464076e+03;1.840200e-21
1.464176e+03;1.840075e-21
1.464276e+03;1.839949e-21
1.464376e+03;1.839824e-21
1.464476e+03;1.839699e-21
1.464576e+03;1.839574e-21
1.464676e+03;1.839448e-21
1.464776e+03;1.839323e-21
1.464876e+03;1.839198e-21
1.464976e+03;1.839073e-21
1.465076e+03;1.838948e-21
1.465176e+03;1.838823e-21
1.465276e+03;1.838697e-21
1.465376e+03;1.838572e-21
1.465476e+03;1.838447e-21
1.465576e+03;1.838322e-21
1.465676e+03;1.838197e-21
1.465776e+03;1.838072e-21
1.465876e+03;1.837947e-21
1.465976e+03;1.837822e-21
1.466076e+03;1.837697e-21
1.466176e+03;1.837572e-21
1.466276e+03;1.837447e-21
1.466376e+03;1.837322e-21
1.466476e+03;1.837198e-21
1.466576e+03;1.837073e-21
1.466676e+03;1.836948e-21
1.466776e+03;1.836823e-21
1.466876e+03;1.836698e-21
1.466976e+03;1.836573e-21
1.467076e+03;1.836448e-21
1.467176e+03;1.836324e-21
1.467276e+03;1.836199e-21
1.467376e+03;1.836074e-21
1.467476e+03;1.835949e-21
1.467576e+03;1.835825e-21
1.467676e+03;1.835700e-21
1.467776e+03;1.835575e-21
1.467876e+03;1.835451e-21
1.467976e+03;1.835326e-21
1.468076e+03;1.835201e-21
1.468176e+03;1.835077e-21
1.468276e+03;1.834952e-21
1.468376e+03;1.834828e-21
1.468476e+03;1.834703e-21
1.468576e+03;1.834578e-21
1.468676e+03;1.834454e-21
1.468776e+03;1.834329e-21
1.468876e+03;1.834205e-21
1.468976e+03;1.834080e-21
1.469076e+03;1.833956e-21
1.469176e+03;1.833831e-21
1.469276e+03;1.833707e-21
1.469376e+03;1.833583e-21
1.469476e+03;1.833458e-21
1.469576e+03;1.833334e-21
1.469676e+03;1.833210e-21
1.469776e+03;1.833085e-21
1.469876e+03;1.832961e-21
1.469976e+03;1.832837e-21
1.470076e+03;1.832712e-21
1.470176e+03;1.832588e-21
1.470276e+03;1.832464e-21
1.470376e+03;1.832339e-21
1.470476e+03;1.832215e-21
1.470576e+03;1.832091e-21
1.470676e+03;1.831967e-21
1.470776e+03;1.831843e-21
1.470876e+03;1.831718e-21
1.470976e+03;1.831594e-21
1.471076e+03;1.831470e-21
1.471176e+03;1.831346e-21
1.471276e+03;1.831222e-21
1.471376e+03;1.831098e-21
1.471476e+03;1.830974e-21
1.471576e+03;1.830850e-21
1.471676e+03;1.830726e-21
1.471776e+03;1.830602e-21
1.471876e+03;1.830478e-21
1.471976e+03;1.830354e-21
1.472076e+03;1.830230e-21
1.472176e+03;1.830106e-21
1.472276e+03;1.829982e-21
1.472376e+03;1.829858e-21
1.472476e+03;1.829734e-21
1.472576e+03;1.829610e-21
1.472676e+03;1.829486e-21
1.472776e+03;1.829363e-21
1.472876e+03;1.829239e-21
1.472976e+03;1.829115e-21
1.473076e+03;1.828991e-21
1.473176e+03;1.828867e-21
1.473276e+03;1.828744e-21
1.473376e+03;1.828620e-21
1.473476e+03;1.828496e-21
1.473576e+03;1.828372e-21
1.473676e+03;1.828249e-21
1.473776e+03;1.828125e-21
1.473876e+03;1.828001e-21
1.473976e+03;1.827878e-21
1.474076e+03;1.827754e-21
1.474176e+03;1.827631e-21
1.474276e+03;1.827507e-21
1.474376e+03;1.827383e-21
1.474476e+03;1.827260e-21
1.474576e+03;1.827136e-21
1.474676e+03;1.827013e-21
1.474776e+03;1.826889e-21
1.474876e+03;1.826766e-21
1.474976e+03;1.826642e-21
1.475076e+03;1.826519e-21
1.475176e+03;1.826395e-21
1.475276e+03;1.826272e-21
1.475376e+03;1.826149e-21
1.475476e+03;1.826025e-21
1.475576e+03;1.825902e-21
1.475676e+03;1.825778e-21
1.475776e+03;1.825655e-21
1.475876e+03;1.825532e-21
1.475976e+03;1.825408e-21
1.476076e+03;1.825285e-21
1.476176e+03;1.825162e-21
1.476276e+03;1.825039e-21
1.476376e+03;1.824915e-21
1.476476e+03;1.824792e-21
1.476576e+03;1.824669e-21
1.476676e+03;1.824546e-21
1.476776e+03;1.824423e-21
1.476876e+03;1.824299e-21
1.476976e+03;1.824176e-21
1.477076e+03;1.824053e-21
1.477176e+03;1.823930e-21
1.477276e+03;1.823807e-21
1.477376e+03;1.823684e-21
1.477476e+03;1.823561e-21
1.477576e+03;1.823438e-21
1.477676e+03;1.823315e-21
1.477776e+03;1.823192e-21
1.477877e+03;1.823069e-21
1.477977e+03;1.822946e-21
1.478077e+03;1.822823e-21
1.478177e+03;1.822700e-21
1.478277e+03;1.822577e-21
1.478377e+03;1.822454e-21
1.478477e+03;1.822331e-21
1.478577e+03;1.822208e-21
1.478677e+03;1.822085e-21
1.478777e+03;1.821963e-21
1.478877e+03;1.821840e-21
1.478977e+03;1.821717e-21
1.479077e+03;1.821594e-21
1.479177e+03;1.821471e-21
1.479277e+03;1.821349e-21
1.479377e+03;1.821226e-21
1.479477e+03;1.821103e-21
1.479577e+03;1.820981e-21
1.479677e+03;1.820858e-21
1.479777e+03;1.820735e-21
1.479877e+03;1.820612e-21
1.479977e+03;1.820490e-21
1.480077e+03;1.820367e-21
1.480177e+03;1.820245e-21
1.480277e+03;1.820122e-21
1.480377e+03;1.819999e-21
1.480477e+03;1.819877e-21
1.480577e+03;1.819754e-21
1.480677e+03;1.819632e-21
1.480777e+03;1.819509e-21
1.480877e+03;1.819387e-21
1.480977e+03;1.819264e-21
1.481077e+03;1.819142e-21
1.481177e+03;1.819019e-21
1.481277e+03;1.818897e-21
1.481377e+03;1.818775e-21
1.481477e+03;1.818652e-21
1.481577e+03;1.818530e-21
1.481677e+03;1.818407e-21
1.481777e+03;1.818285e-21
1.481877e+03;1.818163e-21
1.481977e+03;1.818040e-21
1.482077e+03;1.817918e-21
1.482177e+03;1.817796e-21
1.482277e+03;1.817674e-21
1.482377e+03;1.817551e-21
1.482477e+03;1.817429e-21
1.482577e+03;1.817307e-21
1.482677e+03;1.817185e-21
1.482777e+03;1.817063e-21
1.482877e+03;1.816940e-21
1.482977e+03;1.816818e-21
1.483077e+03;1.816696e-21
1.483177e+03;1.816574e-21
1.483277e+03;1.816452e-21
1.483377e+03;1.816330e-21
1.483477e+03;1.816208e-21
1.483577e+03;1.816086e-21
1.483677e+03;1.815964e-21
1.483777e+03;1.815842e-21
1.483877e+03;1.815720e-21
1.483977e+03;1.815598e-21
1.484077e+03;1.815476e-21
1.484177e+03;1.815354e-21
1.484277e+03;1.815232e-21
1.484377e+03;1.815110e-21
1.484477e+03;1.814988e-21
1.484577e+03;1.814866e-21
1.484677e+03;1.814744e-21
1.484777e+03;1.814622e-21
1.484877e+03;1.814500e-21
1.484977e+03;1.814379e-21
1.485077e+03;1.814257e-21
1.485177e+03;1.814135e-21
1.485277e+03;1.814013e-21
1.485377e+03;1.813892e-21
1.485477e+03;1.813770e-21
1.485577e+03;1.813648e-21
1.485677e+03;1.813526e-21
1.485777e+03;1.813405e-21
1.485877e+03;1.813283e-21
1.485977e+03;1.813161e-21
1.486077e+03;1.813040e-21
1.486177e+03;1.812918e-21
1.486277e+03;1.812796e-21
1.486377e+03;1.812675e-21
1.486477e+03;1.812553e-21
1.486577e+03;1.812432e-21
1.486677e+03;1.812310e-21
1.486777e+03;1.812189e-21
1.486877e+03;1.812067e-21
1.486977e+03;1.811946e-21
1.487077e+03;1.811824e-21
1.487177e+03;1.811703e-21
1.487277e+03;1.811581e-21
1.487377e+03;1.811460e-21
1.487477e+03;1.811338e-21
1.487577e+03;1.811217e-21
1.487677e+03;1.811096e-21
1.487777e+03;1.810974e-21
1.487877e+03;1.810853e-21
1.487977e+03;1.810732e-21
1.488077e+03;1.810610e-21
1.488177e+03;1.810489e-21
1.488277e+03;1.810368e-21
1.488377e+03;1.810246e-21
1.488477e+03;1.810125e-21
1.488577e+03;1.810004e-21
1.488677e+03;1.809883e-21
1.488777e+03;1.809762e-21
1.488877e+03;1.809640e-21
1.488977e+03;1.809519e-21
1.489077e+03;1.809398e-21
1.489177e+03;1.809277e-21
1.489277e+03;1.809156e-21
1.489377e+03;1.809035e-21
1.489477e+03;1.808914e-21
1.489577e+03;1.808792e-21
1.489677e+03;1.808671e-21
1.489777e+03;1.808550e-21
1.489877e+03;1.808429e-21
1.489977e+03;1.808308e-21
1.490077e+03;1.808187e-21
1.490177e+03;1.808066e-21
1.490277e+03;1.807945e-21
1.490377e+03;1.807824e-21
1.490477e+03;1.807704e-21
1.490577e+03;1.807583e-21
1.490677e+03;1.807462e-21
1.490777e+03;1.807341e-21
1.490877e+03;1.807220e-21
1.490977e+03;1.807099e-21
1.491077e+03;1.806978e-21
1.491177e+03;1.806858e-21
1.491277e+03;1.806737e-21
1.491377e+03;1.806616e-21
1.491477e+03;1.806495e-21
1.491577e+03;1.806374e-21
1.491677e+03;1.806254e-21
1.491777e+03;1.806133e-21
1.491877e+03;1.806012e-21
1.491977e+03;1.805892e-21
1.492077e+03;1.805771e-21
1.492177e+03;1.805650e-21
1.492277e+03;1.805530e-21
1.492377e+03;1.805409e-21
1.492477e+03;1.805288e-21
1.492577e+03;1.805168e-21
1.492677e+03;1.805047e-21
1.492777e+03;1.804927e-21
1.492877e+03;1.804806e-21
1.492977e+03;1.804686e-21
1.493077e+03;1.804565e-21
1.493177e+03;1.804445e-21
1.493277e+03;1.804324e-21
1.493377e+03;1.804204e-21
1.493477e+03;1.804083e-21
1.493577e+03;1.803963e-21
1.493677e+03;1.803842e-21
1.493777e+03;1.803722e-21
1.493877e+03;1.803602e-21
1.493977e+03;1.803481e-21
1.494077e+03;1.803361e-21
1.494177e+03;1.803241e-21
1.494277e+03;1.803120e-21
1.494377e+03;1.803000e-21
1.494477e+03;1.802880e-21
1.494577e+03;1.802759e-21
1.494677e+03;1.802639e-21
1.494777e+03;1.802519e-21
1.494877e+03;1.802399e-21
1.494977e+03;1.802279e-21
1.495077e+03;1.802158e-21
1.495177e+03;1.802038e-21
1.495277e+03;1.801918e-21
1.495377e+03;1.801798e-21
1.495477e+03;1.801678e-21
1.495577e+03;1.801558e-21
1.495677e+03;1.801438e-21
1.495777e+03;1.801317e-21
1.495877e+03;1.801197e-21
1.495977e+03;1.801077e-21
1.496077e+03;1.800957e-21
1.496177e+03;1.800837e-21
1.496277e+03;1.800717e-21
1.496377e+03;1.800597e-21
1.496477e+03;1.800477e-21
1.496577e+03;1.800357e-21
1.496677e+03;1.800238e-21
1.496777e+03;1.800118e-21
1.496877e+03;1.799998e-21
1.496977e+03;1.799878e-21
1.497077e+03;1.799758e-21
1.497177e+03;1.799638e-21
1.497277e+03;1.799518e-21
1.497377e+03;1.799398e-21
1.497477e+03;1.799279e-21
1.497577e+03;1.799159e-21
1.497677e+03;1.799039e-21
1.497777e+03;1.798919e-21
1.497877e+03;1.798800e-21
1.497977e+03;1.798680e-21
1.498077e+03;1.798560e-21
1.498177e+03;1.798440e-21
1.498277e+03;1.798321e-21
1.498377e+03;1.798201e-21
1.498477e+03;1.798082e-21
1.498577e+03;1.797962e-21
1.498677e+03;1.797842e-21
1.498777e+03;1.797723e-21
1.498877e+03;1.797603e-21
1.498977e+03;1.797484e-21
1.499077e+03;1.797364e-21
1.499177e+03;1.797244e-21
1.499277e+03;1.797125e-21
1.499377e+03;1.797005e-21
1.499477e+03;1.796886e-21
1.499577e+03;1.796766e-21
1.499677e+03;1.796647e-21
1.499777e+03;1.796528e-21
1.499877e+03;1.796408e-21
1.499977e+03;1.796289e-21
1.500078e+03;1.796169e-21
1.500178e+03;1.796050e-21
1.500278e+03;1.795931e-21
1.500378e+03;1.795811e-21
1.500478e+03;1.795692e-21
1.500578e+03;1.795573e-21
1.500678e+03;1.795453e-21
1.500778e+03;1.795334e-21
1.500878e+03;1.795215e-21
1.500978e+03;1.795096e-21
1.501078e+03;1.794976e-21
1.501178e+03;1.794857e-21
1.501278e+03;1.794738e-21
1.501378e+03;1.794619e-21
1.501478e+03;1.794500e-21
1.501578e+03;1.794380e-21
1.501678e+03;1.794261e-21
1.501778e+03;1.794142e-21
1.501878e+03;1.794023e-21
1.501978e+03;1.793904e-21
1.502078e+03;1.793785e-21
1.502178e+03;1.793666e-21
1.502278e+03;1.793547e-21
1.502378e+03;1.793428e-21
1.502478e+03;1.793309e-21
1.502578e+03;1.793190e-21
1.502678e+03;1.793071e-21
1.502778e+03;1.792952e-21
1.502878e+03;1.792833e-21
1.502978e+03;1.792714e-21
1.503078e+03;1.792595e-21
1.503178e+03;1.792476e-21
1.503278e+03;1.792357e-21
1.503378e+03;1.792238e-21
1.503478e+03;1.792120e-21
1.503578e+03;1.792001e-21
1.503678e+03;1.791882e-21
1.503778e+03;1.791763e-21
1.503878e+03;1.791644e-21
1.503978e+03;1.791526e-21
1.504078e+03;1.791407e-21
1.504178e+03;1.791288e-21
1.504278e+03;1.791169e-21
1.504378e+03;1.791051e-21
1.504478e+03;1.790932e-21
1.504578e+03;1.790813e-21
1.504678e+03;1.790695e-21
1.504778e+03;1.790576e-21
1.504878e+03;1.790457e-21
1.504978e+03;1.790339e-21
1.505078e+03;1.790220e-21
1.505178e+03;1.790101e-21
1.505278e+03;1.789983e-21
1.505378e+03;1.789864e-21
1.505478e+03;1.789746e-21
1.505578e+03;1.789627e-21
1.505678e+03;1.789509e-21
1.505778e+03;1.789390e-21
1.505878e+03;1.789272e-21
1.505978e+03;1.789153e-21
1.506078e+03;1.789035e-21
1.506178e+03;1.788917e-21
1.506278e+03;1.788798e-21
1.506378e+03;1.788680e-21
1.506478e+03;1.788561e-21
1.506578e+03;1.788443e-21
1.506678e+03;1.788325e-21
1.506778e+03;1.788206e-21
1.506878e+03;1.788088e-21
1.506978e+03;1.787970e-21
1.507078e+03;1.787851e-21
1.507178e+03;1.787733e-21
1.507278e+03;1.787615e-21
1.507378e+03;1.787497e-21
1.507478e+03;1.787378e-21
1.507578e+03;1.787260e-21
1.507678e+03;1.787142e-21
1.507778e+03;1.787024e-21
1.507878e+03;1.786906e-21
1.507978e+03;1.786788e-21
1.508078e+03;1.786669e-21
1.508178e+03;1.786551e-21
1.508278e+03;1.786433e-21
1.508378e+03;1.786315e-21
1.508478e+03;1.786197e-21
1.508578e+03;1.786079e-21
1.508678e+03;1.785961e-21
1.508778e+03;1.785843e-21
1.508878e+03;1.785725e-21
1.508978e+03;1.785607e-21
1.509078e+03;1.785489e-21
1.509178e+03;1.785371e-21
1.509278e+03;1.785253e-21
1.509378e+03;1.785135e-21
1.509478e+03;1.785017e-21
1.509578e+03;1.784899e-21
1.509678e+03;1.784781e-21
1.509778e+03;1.784664e-21
1.509878e+03;1.784546e-21
1.509978e+03;1.784428e-21
1.510078e+03;1.784310e-21
1.510178e+03;1.784192e-21
1.510278e+03;1.784074e-21
1.510378e+03;1.783957e-21
1.510478e+03;1.783839e-21
1.510578e+03;1.783721e-21
1.510678e+03;1.783603e-21
1.510778e+03;1.783486e-21
1.510878e+03;1.783368e-21
1.510978e+03;1.783250e-21
1.511078e+03;1.783133e-21
1.511178e+03;1.783015e-21
1.511278e+03;1.782897e-21
1.511378e+03;1.782780e-21
1.511478e+03;1.782662e-21
1.511578e+03;1.782545e-21
1.511678e+03;1.782427e-21
1.511778e+03;1.782310e-21
1.511878e+03;1.782192e-21
1.511978e+03;1.782074e-21
1.512078e+03;1.781957e-21
1.512178e+03;1.781839e-21
1.512278e+03;1.781722e-21
1.512378e+03;1.781605e-21
1.512478e+03;1.781487e-21
1.512578e+03;1.781370e-21
1.512678e+03;1.781252e-21
1.512778e+03;1.781135e-21
1.512878e+03;1.781017e-21
1.512978e+03;1.780900e-21
1.513078e+03;1.780783e-21
1.513178e+03;1.780665e-21
1.513278e+03;1.780548e-21
1.513378e+03;1.780431e-21
1.513478e+03;1.780313e-21
1.513578e+03;1.780196e-21
1.513678e+03;1.780079e-21
1.513778e+03;1.779962e-21
1.513878e+03;1.779844e-21
1.513978e+03;1.779727e-21
1.514078e+03;1.779610e-21
1.514178e+03;1.779493e-21
1.514278e+03;1.779376e-21
1.514378e+03;1.779259e-21
1.514478e+03;1.779141e-21
1.514578e+03;1.779024e-21
1.514678e+03;1.778907e-21
1.514778e+03;1.778790e-21
1.514878e+03;1.778673e-21
1.514978e+03;1.778556e-21
1.515078e+03;1.778439e-21
1.515178e+03;1.778322e-21
1.515278e+03;1.778205e-21
1.515378e+03;1.778088e-21
1.515478e+03;1.777971e-21
1.515578e+03;1.777854e-21
1.515678e+03;1.777737e-21
1.515778e+03;1.777620e-21
1.515878e+03;1.777503e-21
1.515978e+03;1.777386e-21
1.516078e+03;1.777269e-21
1.516178e+03;1.777152e-21
1.516278e+03;1.777036e-21
1.516378e+03;1.776919e-21
1.516478e+03;1.776802e-21
1.516578e+03;1.776685e-21
1.516678e+03;1.776568e-21
1.516778e+03;1.776452e-21
1.516878e+03;1.776335e-21
1.516978e+03;1.776218e-21
1.517078e+03;1.776101e-21
1.517178e+03;1.775985e-21
1.517278e+03;1.775868e-21
1.517378e+03;1.775751e-21
1.517478e+03;1.775634e-21
1.517578e+03;1.775518e-21
1.517678e+03;1.775401e-21
1.517778e+03;1.775285e-21
1.517878e+03;1.775168e-21
1.517978e+03;1.775051e-21
1.518078e+03;1.774935e-21
1.518178e+03;1.774818e-21
1.518278e+03;1.774702e-21
1.518378e+03;1.774585e-21
1.518478e+03;1.774469e-21
1.518578e+03;1.774352e-21
1.518678e+03;1.774236e-21
1.518778e+03;1.774119e-21
1.518878e+03;1.774003e-21
1.518978e+03;1.773886e-21
1.519078e+03;1.773770e-21
1.519178e+03;1.773653e-21
1.519278e+03;1.773537e-21
1.519378e+03;1.773421e-21
1.519478e+03;1.773304e-21
1.519578e+03;1.773188e-21
1.519678e+03;1.773071e-21
1.519778e+03;1.772955e-21
1.519878e+03;1.772839e-21
1.519978e+03;1.772723e-21
1.520078e+03;1.772606e-21
1.520178e+03;1.772490e-21
1.520278e+03;1.772374e-21
1.520378e+03;1.772258e-21
1.520478e+03;1.772141e-21
1.520578e+03;1.772025e-21
1.520678e+03;1.771909e-21
1.520778e+03;1.771793e-21
1.520878e+03;1.771677e-21
1.520978e+03;1.771560e-21
1.521078e+03;1.771444e-21
1.521178e+03;1.771328e-21
1.521278e+03;1.771212e-21
1.521378e+03;1.771096e-21
1.521478e+03;1.770980e-21
1.521578e+03;1.770864e-21
1.521678e+03;1.770748e-21
1.521778e+03;1.770632e-21
1.521878e+03;1.770516e-21
1.521978e+03;1.770400e-21
1.522078e+03;1.770284e-21
1.522178e+03;1.770168e-21
1.522279e+03;1.770052e-21
1.522379e+03;1.769936e-21
1.522479e+03;1.769820e-21
1.522579e+03;1.769704e-21
1.522679e+03;1.769588e-21
1.522779e+03;1.769473e-21
1.522879e+03;1.769357e-21
1.522979e+03;1.769241e-21
1.523079e+03;1.769125e-21
1.523179e+03;1.769009e-21
1.523279e+03;1.768893e-21
1.523379e+03;1.768778e-21
1.523479e+03;1.768662e-21
1.523579e+03;1.768546e-21
1.523679e+03;1.768430e-21
1.523779e+03;1.768315e-21
1.523879e+03;1.768199e-21
1.523979e+03;1.768083e-21
1.524079e+03;1.767968e-21
1.524179e+03;1.767852e-21
1.524279e+03;1.767736e-21
1.524379e+03;1.767621e-21
1.524479e+03;1.767505e-21
1.524579e+03;1.767390e-21
1.524679e+03;1.767274e-21
1.524779e+03;1.767158e-21
1.524879e+03;1.767043e-21
1.524979e+03;1.766927e-21
1.525079e+03;1.766812e-21
1.525179e+03;1.766696e-21
1.525279e+03;1.766581e-21
1.525379e+03;1.766465e-21
1.525479e+03;1.766350e-21
1.525579e+03;1.766234e-21
1.525679e+03;1.766119e-21
1.525779e+03;1.766004e-21
1.525879e+03;1.765888e-21
1.525979e+03;1.765773e-21
1.526079e+03;1.765657e-21
1.526179e+03;1.765542e-21
1.526279e+03;1.765427e-21
1.526379e+03;1.765311e-21
1.526479e+03;1.765196e-21
1.526579e+03;1.765081e-21
1.526679e+03;1.764965e-21
1.526779e+03;1.764850e-21
1.526879e+03;1.764735e-21
1.526979e+03;1.764620e-21
1.527079e+03;1.764505e-21
1.527179e+03;1.764389e-21
1.527279e+03;1.764274e-21
1.527379e+03;1.764159e-21
1.527479e+03;1.764044e-21
1.527579e+03;1.763929e-21
1.527679e+03;1.763814e-21
1.527779e+03;1.763698e-21
1.527879e+03;1.763583e-21
1.527979e+03;1.763468e-21
1.528079e+03;1.763353e-21
1.528179e+03;1.763238e-21
1.528279e+03;1.763123e-21
1.528379e+03;1.763008e-21
1.528479e+03;1.762893e-21
1.528579e+03;1.762778e-21
1.528679e+03;1.762663e-21
1.528779e+03;1.762548e-21
1.528879e+03;1.762433e-21
1.528979e+03;1.762318e-21
1.529079e+03;1.762203e-21
1.529179e+03;1.762088e-21
1.529279e+03;1.761974e-21
1.529379e+03;1.761859e-21
1.529479e+03;1.761744e-21
1.529579e+03;1.761629e-21
1.529679e+03;1.761514e-21
1.529779e+03;1.761399e-21
1.529879e+03;1.761285e-21
1.529979e+03;1.761170e-21
1.530079e+03;1.761055e-21
1.530179e+03;1.760940e-21
1.530279e+03;1.760825e-21
1.530379e+03;1.760711e-21
1.530479e+03;1.760596e-21
1.530579e+03;1.760481e-21
1.530679e+03;1.760367e-21
1.530779e+03;1.760252e-21
1.530879e+03;1.760137e-21
1.530979e+03;1.760023e-21
1.531079e+03;1.759908e-21
1.531179e+03;1.759794e-21
1.531279e+03;1.759679e-21
1.531379e+03;1.759564e-21
1.531479e+03;1.759450e-21
1.531579e+03;1.759335e-21
1.531679e+03;1.759221e-21
1.531779e+03;1.759106e-21
1.531879e+03;1.758992e-21
1.531979e+03;1.758877e-21
1.532079e+03;1.758763e-21
1.532179e+03;1.758648e-21
1.532279e+03;1.758534e-21
1.532379e+03;1.758419e-21
1.532479e+03;1.758305e-21
1.532579e+03;1.758191e-21
1.532679e+03;1.758076e-21
1.532779e+03;1.757962e-21
1.532879e+03;1.757848e-21
1.532979e+03;1.757733e-21
1.533079e+03;1.757619e-21
1.533179e+03;1.757505e-21
1.533279e+03;1.757390e-21
1.533379e+03;1.757276e-21
1.533479e+03;1.757162e-21
1.533579e+03;1.757048e-21
1.533679e+03;1.756933e-21
1.533779e+03;1.756819e-21
1.533879e+03;1.756705e-21
1.533979e+03;1.756591e-21
1.534079e+03;1.756477e-21
1.534179e+03;1.756362e-21
1.534279e+03;1.756248e-21
1.534379e+03;1.756134e-21
1.534479e+03;1.756020e-21
1.534579e+03;1.755906e-21
1.534679e+03;1.755792e-21
1.534779e+03;1.755678e-21
1.534879e+03;1.755564e-21
1.534979e+03;1.755450e-21
1.535079e+03;1.755336e-21
1.535179e+03;1.755222e-21
1.535279e+03;1.755108e-21
1.535379e+03;1.754994e-21
1.535479e+03;1.754880e-21
1.535579e+03;1.754766e-21
1.535679e+03;1.754652e-21
1.535779e+03;1.754538e-21
1.535879e+03;1.754424e-21
1.535979e+03;1.754310e-21
1.536079e+03;1.754196e-21
1.536179e+03;1.754082e-21
1.536279e+03;1.753968e-21
1.536379e+03;1.753855e-21
1.536479e+03;1.753741e-21
1.536579e+03;1.753627e-21
1.536679e+03;1.753513e-21
1.536779e+03;1.753399e-21
1.536879e+03;1.753286e-21
1.536979e+03;1.753172e-21
1.537079e+03;1.753058e-21
1.537179e+03;1.752945e-21
1.537279e+03;1.752831e-21
1.537379e+03;1.752717e-21
1.537479e+03;1.752603e-21
1.537579e+03;1.752490e-21
1.537679e+03;1.752376e-21
1.537779e+03;1.752263e-21
1.537879e+03;1.752149e-21
1.537979e+03;1.752035e-21
1.538079e+03;1.751922e-21
1.538179e+03;1.751808e-21
1.538279e+03;1.751695e-21
1.538379e+03;1.751581e-21
1.538479e+03;1.751468e-21
1.538579e+03;1.751354e-21
1.538679e+03;1.751241e-21
1.538779e+03;1.751127e-21
1.538879e+03;1.751014e-21
1.538979e+03;1.750900e-21
1.539079e+03;1.750787e-21
1.539179e+03;1.750673e-21
1.539279e+03;1.750560e-21
1.539379e+03;1.750447e-21
1.539479e+03;1.750333e-21
1.539579e+03;1.750220e-21
1.539679e+03;1.750106e-21
1.539779e+03;1.749993e-21
1.539879e+03;1.749880e-21
1.539979e+03;1.749767e-21
1.540079e+03;1.749653e-21
1.540179e+03;1.749540e-21
1.540279e+03;1.749427e-21
1.540379e+03;1.749313e-21
1.540479e+03;1.749200e-21
1.540579e+03;1.749087e-21
1.540679e+03;1.748974e-21
1.540779e+03;1.748861e-21
1.540879e+03;1.748747e-21
1.540979e+03;1.748634e-21
1.541079e+03;1.748521e-21
1.541179e+03;1.748408e-21
1.541279e+03;1.748295e-21
1.541379e+03;1.748182e-21
1.541479e+03;1.748069e-21
1.541579e+03;1.747956e-21
1.541679e+03;1.747843e-21
1.541779e+03;1.747730e-21
1.541879e+03;1.747617e-21
1.541979e+03;1.747504e-21
1.542079e+03;1.747391e-21
1.542179e+03;1.747278e-21
1.542279e+03;1.747165e-21
1.542379e+03;1.747052e-21
1.542479e+03;1.746939e-21
1.542579e+03;1.746826e-21
1.542679e+03;1.746713e-21
1.542779e+03;1.746600e-21
1.542879e+03;1.746487e-21
1.542979e+03;1.746374e-21
1.543079e+03;1.746261e-21
1.543179e+03;1.746149e-21
1.543279e+03;1.746036e-21
1.543379e+03;1.745923e-21
1.543479e+03;1.745810e-21
1.543579e+03;1.745697e-21
1.543679e+03;1.745585e-21
1.543779e+03;1.745472e-21
1.543879e+03;1.745359e-21
1.543979e+03;1.745246e-21
1.544079e+03;1.745134e-21
1.544179e+03;1.745021e-21
1.544279e+03;1.744908e-21
1.544379e+03;1.744796e-21
1.544480e+03;1.744683e-21
1.544580e+03;1.744570e-21
1.544680e+03;1.744458e-21
1.544780e+03;1.744345e-21
1.544880e+03;1.744233e-21
1.544980e+03;1.744120e-21
1.545080e+03;1.744008e-21
1.545180e+03;1.743895e-21
1.545280e+03;1.743782e-21
1.545380e+03;1.743670e-21
1.545480e+03;1.743557e-21
1.545580e+03;1.743445e-21
1.545680e+03;1.743333e-21
1.545780e+03;1.743220e-21
1.545880e+03;1.743108e-21
1.545980e+03;1.742995e-21
1.546080e+03;1.742883e-21
1.546180e+03;1.742770e-21
1.546280e+03;1.742658e-21
1.546380e+03;1.742546e-21
1.546480e+03;1.742433e-21
1.546580e+03;1.742321e-21
1.546680e+03;1.742209e-21
1.546780e+03;1.742096e-21
1.546880e+03;1.741984e-21
1.546980e+03;1.741872e-21
1.547080e+03;1.741759e-21
1.547180e+03;1.741647e-21
1.547280e+03;1.741535e-21
1.547380e+03;1.741423e-21
1.547480e+03;1.741311e-21
1.547580e+03;1.741198e-21
1.547680e+03;1.741086e-21
1.547780e+03;1.740974e-21
1.547880e+03;1.740862e-21
1.547980e+03;1.740750e-21
1.548080e+03;1.740638e-21
1.548180e+03;1.740525e-21
1.548280e+03;1.740413e-21
1.548380e+03;1.740301e-21
1.548480e+03;1.740189e-21
1.548580e+03;1.740077e-21
1.548680e+03;1.739965e-21
1.548780e+03;1.739853e-21
1.548880e+03;1.739741e-21
1.548980e+03;1.739629e-21
1.549080e+03;1.739517e-21
1.549180e+03;1.739405e-21
1.549280e+03;1.739293e-21
1.549380e+03;1.739181e-21
1.549480e+03;1.739069e-21
1.549580e+03;1.738957e-21
1.549680e+03;1.738846e-21
1.549780e+03;1.738734e-21
1.549880e+03;1.738622e-21
1.549980e+03;1.738510e-21
1.550080e+03;1.738398e-21
1.550180e+03;1.738286e-21
1.550280e+03;1.738175e-21
1.550380e+03;1.738063e-21
1.550480e+03;1.737951e-21
1.550580e+03;1.737839e-21
1.550680e+03;1.737727e-21
1.550780e+03;1.737616e-21
1.550880e+03;1.737504e-21
1.550980e+03;1.737392e-21
1.551080e+03;1.737281e-21
1.551180e+03;1.737169e-21
1.551280e+03;1.737057e-21
1.551380e+03;1.736946e-21
1.551480e+03;1.736834e-21
1.551580e+03;1.736722e-21
1.551680e+03;1.736611e-21
1.551780e+03;1.736499e-21
1.551880e+03;1.736388e-21
1.551980e+03;1.736276e-21
1.552080e+03;1.736164e-21
1.552180e+03;1.736053e-21
1.552280e+03;1.735941e-21
1.552380e+03;1.735830e-21
1.552480e+03;1.735718e-21
1.552580e+03;1.735607e-21
1.552680e+03;1.735496e-21
1.552780e+03;1.735384e-21
1.552880e+03;1.735273e-21
1.552980e+03;1.735161e-21
1.553080e+03;1.735050e-21
1.553180e+03;1.734938e-21
1.553280e+03;1.734827e-21
1.553380e+03;1.734716e-21
1.553480e+03;1.734604e-21
1.553580e+03;1.734493e-21
1.553680e+03;1.734382e-21
1.553780e+03;1.734270e-21
1.553880e+03;1.734159e-21
1.553980e+03;1.734048e-21
1.554080e+03;1.733937e-21
1.554180e+03;1.733825e-21
1.554280e+03;1.733714e-21
1.554380e+03;1.733603e-21
1.554480e+03;1.733492e-21
1.554580e+03;1.733380e-21
1.554680e+03;1.733269e-21
1.554780e+03;1.733158e-21
1.554880e+03;1.733047e-21
1.554980e+03;1.732936e-21
1.555080e+03;1.732825e-21
1.555180e+03;1.732714e-21
1.555280e+03;1.732603e-21
1.555380e+03;1.732491e-21
1.555480e+03;1.732380e-21
1.555580e+03;1.732269e-21
1.555680e+03;1.732158e-21
1.555780e+03;1.732047e-21
1.555880e+03;1.731936e-21
1.555980e+03;1.731825e-21
1.556080e+03;1.731714e-21
1.556180e+03;1.731603e-21
1.556280e+03;1.731492e-21
1.556380e+03;1.731381e-21
1.556480e+03;1.731271e-21
1.556580e+03;1.731160e-21
1.556680e+03;1.731049e-21
1.556780e+03;1.730938e-21
1.556880e+03;1.730827e-21
1.556980e+03;1.730716e-21
1.557080e+03;1.730605e-21
1.557180e+03;1.730495e-21
1.557280e+03;1.730384e-21
1.557380e+03;1.730273e-21
1.557480e+03;1.730162e-21
1.557580e+03;1.730051e-21
1.557680e+03;1.729941e-21
1.557780e+03;1.729830e-21
1.557880e+03;1.729719e-21
1.557980e+03;1.729608e-21
1.558080e+03;1.729498e-21
1.558180e+03;1.729387e-21
1.558280e+03;1.729276e-21
1.558380e+03;1.729166e-21
1.558480e+03;1.729055e-21
1.558580e+03;1.728945e-21
1.558680e+03;1.728834e-21
1.558780e+03;1.728723e-21
1.558880e+03;1.728613e-21
1.558980e+03;1.728502e-21
1.559080e+03;1.728392e-21
1.559180e+03;1.728281e-21
1.559280e+03;1.728171e-21
1.559380e+03;1.728060e-21
1.559480e+03;1.727950e-21
1.559580e+03;1.727839e-21
1.559680e+03;1.727729e-21
1.559780e+03;1.727618e-21
1.559880e+03;1.727508e-21
1.559980e+03;1.727397e-21
1.560080e+03;1.727287e-21
1.560180e+03;1.727177e-21
1.560280e+03;1.727066e-21
1.560380e+03;1.726956e-21
1.560480e+03;1.726845e-21
1.560580e+03;1.726735e-21
1.560680e+03;1.726625e-21
1.560780e+03;1.726514e-21
1.560880e+03;1.726404e-21
1.560980e+03;1.726294e-21
1.561080e+03;1.726184e-21
1.561180e+03;1.726073e-21
1.561280e+03;1.725963e-21
1.561380e+03;1.725853e-21
1.561480e+03;1.725743e-21
1.561580e+03;1.725632e-21
1.561680e+03;1.725522e-21
1.561780e+03;1.725412e-21
1.561880e+03;1.725302e-21
1.561980e+03;1.725192e-21
1.562080e+03;1.725082e-21
1.562180e+03;1.724972e-21
1.562280e+03;1.724861e-21
1.562380e+03;1.724751e-21
1.562480e+03;1.724641e-21
1.562580e+03;1.724531e-21
1.562680e+03;1.724421e-21
1.562780e+03;1.724311e-21
1.562880e+03;1.724201e-21
1.562980e+03;1.724091e-21
1.563080e+03;1.723981e-21
1.563180e+03;1.723871e-21
1.563280e+03;1.723761e-21
1.563380e+03;1.723651e-21
1.563480e+03;1.723541e-21
1.563580e+03;1.723431e-21
1.563680e+03;1.723322e-21
1.563780e+03;1.723212e-21
1.563880e+03;1.723102e-21
1.563980e+03;1.722992e-21
1.564080e+03;1.722882e-21
1.564180e+03;1.722772e-21
1.564280e+03;1.722662e-21
1.564380e+03;1.722553e-21
1.564480e+03;1.722443e-21
1.564580e+03;1.722333e-21
1.564680e+03;1.722223e-21
1.564780e+03;1.722114e-21
1.564880e+03;1.722004e-21
1.564980e+03;1.721894e-21
1.565080e+03;1.721784e-21
1.565180e+03;1.721675e-21
1.565280e+03;1.721565e-21
1.565380e+03;1.721455e-21
1.565480e+03;1.721346e-21
1.565580e+03;1.721236e-21
1.565680e+03;1.721126e-21
1.565780e+03;1.721017e-21
1.565880e+03;1.720907e-21
1.565980e+03;1.720798e-21
1.566080e+03;1.720688e-21
1.566180e+03;1.720579e-21
1.566280e+03;1.720469e-21
1.566380e+03;1.720359e-21
1.566480e+03;1.720250e-21
1.566580e+03;1.720140e-21
1.566681e+03;1.720031e-21
1.566781e+03;1.719921e-21
1.566881e+03;1.719812e-21
1.566981e+03;1.719703e-21
1.567081e+03;1.719593e-21
1.567181e+03;1.719484e-21
1.567281e+03;1.719374e-21
1.567381e+03;1.719265e-21
1.567481e+03;1.719156e-21
1.567581e+03;1.719046e-21
1.567681e+03;1.718937e-21
1.567781e+03;1.718828e-21
1.567881e+03;1.718718e-21
1.567981e+03;1.718609e-21
1.568081e+03;1.718500e-21
1.568181e+03;1.718390e-21
1.568281e+03;1.718281e-21
1.568381e+03;1.718172e-21
1.568481e+03;1.718063e-21
1.568581e+03;1.717953e-21
1.568681e+03;1.717844e-21
1.568781e+03;1.717735e-21
1.568881e+03;1.717626e-21
1.568981e+03;1.717517e-21
1.569081e+03;1.717408e-21
1.569181e+03;1.717298e-21
1.569281e+03;1.717189e-21
1.569381e+03;1.717080e-21
1.569481e+03;1.716971e-21
1.569581e+03;1.716862e-21
1.569681e+03;1.716753e-21
1.569781e+03;1.716644e-21
1.569881e+03;1.716535e-21
1.569981e+03;1.716426e-21
1.570081e+03;1.716317e-21
1.570181e+03;1.716208e-21
1.570281e+03;1.716099e-21
1.570381e+03;1.715990e-21
1.570481e+03;1.715881e-21
1.570581e+03;1.715772e-21
1.570681e+03;1.715663e-21
1.570781e+03;1.715554e-21
1.570881e+03;1.715445e-21
1.570981e+03;1.715336e-21
1.571081e+03;1.715227e-21
1.571181e+03;1.715119e-21
1.571281e+03;1.715010e-21
1.571381e+03;1.714901e-21
1.571481e+03;1.714792e-21
1.571581e+03;1.714683e-21
1.571681e+03;1.714574e-21
1.571781e+03;1.714466e-21
1.571881e+03;1.714357e-21
1.571981e+03;1.714248e-21
1.572081e+03;1.714139e-21
1.572181e+03;1.714031e-21
1.572281e+03;1.713922e-21
1.572381e+03;1.713813e-21
1.572481e+03;1.713705e-21
1.572581e+03;1.713596e-21
1.572681e+03;1.713487e-21
1.572781e+03;1.713379e-21
1.572881e+03;1.713270e-21
1.572981e+03;1.713161e-21
1.573081e+03;1.713053e-21
1.573181e+03;1.712944e-21
1.573281e+03;1.712836e-21
1.573381e+03;1.712727e-21
1.573481e+03;1.712619e-21
1.573581e+03;1.712510e-21
1.573681e+03;1.712402e-21
1.573781e+03;1.712293e-21
1.573881e+03;1.712185e-21
1.573981e+03;1.712076e-21
1.574081e+03;1.711968e-21
1.574181e+03;1.711859e-21
1.574281e+03;1.711751e-21
1.574381e+03;1.711642e-21
1.574481e+03;1.711534e-21
1.574581e+03;1.711426e-21
1.574681e+03;1.711317e-21
1.574781e+03;1.711209e-21
1.574881e+03;1.711100e-21
1.574981e+03;1.710992e-21
1.575081e+03;1.710884e-21
1.575181e+03;1.710775e-21
1.575281e+03;1.710667e-21
1.575381e+03;1.710559e-21
1.575481e+03;1.710451e-21
1.575581e+03;1.710342e-21
1.575681e+03;1.710234e-21
1.575781e+03;1.710126e-21
1.575881e+03;1.710018e-21
1.575981e+03;1.709909e-21
1.576081e+03;1.709801e-21
1.576181e+03;1.709693e-21
1.576281e+03;1.709585e-21
1.576381e+03;1.709477e-21
1.576481e+03;1.709369e-21
1.576581e+03;1.709261e-21
1.576681e+03;1.709152e-21
1.576781e+03;1.709044e-21
1.576881e+03;1.708936e-21
1.576981e+03;1.708828e-21
1.577081e+03;1.708720e-21
1.577181e+03;1.708612e-21
1.577281e+03;1.708504e-21
1.577381e+03;1.708396e-21
1.577481e+03;1.708288e-21
1.577581e+03;1.708180e-21
1.577681e+03;1.708072e-21
1.577781e+03;1.707964e-21
1.577881e+03;1.707856e-21
1.577981e+03;1.707748e-21
1.578081e+03;1.707640e-21
1.578181e+03;1.707533e-21
1.578281e+03;1.707425e-21
1.578381e+03;1.707317e-21
1.578481e+03;1.707209e-21
1.578581e+03;1.707101e-21
1.578681e+03;1.706993e-21
1.578781e+03;1.706885e-21
1.578881e+03;1.706778e-21
1.578981e+03;1.706670e-21
1.579081e+03;1.706562e-21
1.579181e+03;1.706454e-21
1.579281e+03;1.706347e-21
1.579381e+03;1.706239e-21
1.579481e+03;1.706131e-21
1.579581e+03;1.706023e-21
1.579681e+03;1.705916e-21
1.579781e+03;1.705808e-21
1.579881e+03;1.705700e-21
1.579981e+03;1.705593e-21
1.580081e+03;1.705485e-21
1.580181e+03;1.705377e-21
1.580281e+03;1.705270e-21
1.580381e+03;1.705162e-21
1.580481e+03;1.705055e-21
1.580581e+03;1.704947e-21
1.580681e+03;1.704840e-21
1.580781e+03;1.704732e-21
1.580881e+03;1.704624e-21
1.580981e+03;1.704517e-21
1.581081e+03;1.704409e-21
1.581181e+03;1.704302e-21
1.581281e+03;1.704194e-21
1.581381e+03;1.704087e-21
1.581481e+03;1.703980e-21
1.581581e+03;1.703872e-21
1.581681e+03;1.703765e-21
1.581781e+03;1.703657e-21
1.581881e+03;1.703550e-21
1.581981e+03;1.703442e-21
1.582081e+03;1.703335e-21
1.582181e+03;1.703228e-21
1.582281e+03;1.703120e-21
1.582381e+03;1.703013e-21
1.582481e+03;1.702906e-21
1.582581e+03;1.702798e-21
1.582681e+03;1.702691e-21
1.582781e+03;1.702584e-21
1.582881e+03;1.702477e-21
1.582981e+03;1.702369e-21
1.583081e+03;1.702262e-21
1.583181e+03;1.702155e-21
1.583281e+03;1.702048e-21
1.583381e+03;1.701941e-21
1.583481e+03;1.701833e-21
1.583581e+03;1.701726e-21
1.583681e+03;1.701619e-21
1.583781e+03;1.701512e-21
1.583881e+03;1.701405e-21
1.583981e+03;1.701298e-21
1.584081e+03;1.701191e-21
1.584181e+03;1.701083e-21
1.584281e+03;1.700976e-21
1.584381e+03;1.700869e-21
1.584481e+03;1.700762e-21
1.584581e+03;1.700655e-21
1.584681e+03;1.700548e-21
1.584781e+03;1.700441e-21
1.584881e+03;1.700334e-21
1.584981e+03;1.700227e-21
1.585081e+03;1.700120e-21
1.585181e+03;1.700013e-21
1.585281e+03;1.699906e-21
1.585381e+03;1.699799e-21
1.585481e+03;1.699693e-21
1.585581e+03;1.699586e-21
1.585681e+03;1.699479e-21
1.585781e+03;1.699372e-21
1.585881e+03;1.699265e-21
1.585981e+03;1.699158e-21
1.586081e+03;1.699051e-21
1.586181e+03;1.698945e-21
1.586281e+03;1.698838e-21
1.586381e+03;1.698731e-21
1.586481e+03;1.698624e-21
1.586581e+03;1.698517e-21
1.586681e+03;1.698411e-21
1.586781e+03;1.698304e-21
1.586881e+03;1.698197e-21
1.586981e+03;1.698091e-21
1.587081e+03;1.697984e-21
1.587181e+03;1.697877e-21
1.587281e+03;1.697770e-21
1.587381e+03;1.697664e-21
1.587481e+03;1.697557e-21
1.587581e+03;1.697451e-21
1.587681e+03;1.697344e-21
1.587781e+03;1.697237e-21
1.587881e+03;1.697131e-21
1.587981e+03;1.697024e-21
1.588081e+03;1.696918e-21
1.588181e+03;1.696811e-21
1.588281e+03;1.696705e-21
1.588381e+03;1.696598e-21
1.588481e+03;1.696492e-21
1.588581e+03;1.696385e-21
1.588681e+03;1.696279e-21
1.588781e+03;1.696172e-21
1.588881e+03;1.696066e-21
1.588982e+03;1.695959e-21
1.589082e+03;1.695853e-21
1.589182e+03;1.695746e-21
1.589282e+03;1.695640e-21
1.589382e+03;1.695534e-21
1.589482e+03;1.695427e-21
1.589582e+03;1.695321e-21
1.589682e+03;1.695214e-21
1.589782e+03;1.695108e-21
1.589882e+03;1.695002e-21
1.589982e+03;1.694895e-21
1.590082e+03;1.694789e-21
1.590182e+03;1.694683e-21
1.590282e+03;1.694577e-21
1.590382e+03;1.694470e-21
1.590482e+03;1.694364e-21
1.590582e+03;1.694258e-21
1.590682e+03;1.694152e-21
1.590782e+03;1.694045e-21
1.590882e+03;1.693939e-21
1.590982e+03;1.693833e-21
1.591082e+03;1.693727e-21
1.591182e+03;1.693621e-21
1.591282e+03;1.693515e-21
1.591382e+03;1.693409e-21
1.591482e+03;1.693302e-21
1.591582e+03;1.693196e-21
1.591682e+03;1.693090e-21
1.591782e+03;1.692984e-21
1.591882e+03;1.692878e-21
1.591982e+03;1.692772e-21
1.592082e+03;1.692666e-21
1.592182e+03;1.692560e-21
1.592282e+03;1.692454e-21
1.592382e+03;1.692348e-21
1.592482e+03;1.692242e-21
1.592582e+03;1.692136e-21
1.592682e+03;1.692030e-21
1.592782e+03;1.691924e-21
1.592882e+03;1.691818e-21
1.592982e+03;1.691712e-21
1.593082e+03;1.691607e-21
1.593182e+03;1.691501e-21
1.593282e+03;1.691395e-21
1.593382e+03;1.691289e-21
1.593482e+03;1.691183e-21
1.593582e+03;1.691077e-21
1.593682e+03;1.690971e-21
1.593782e+03;1.690866e-21
1.593882e+03;1.690760e-21
1.593982e+03;1.690654e-21
1.594082e+03;1.690548e-21
1.594182e+03;1.690443e-21
1.594282e+03;1.690337e-21
1.594382e+03;1.690231e-21
1.594482e+03;1.690125e-21
1.594582e+03;1.690020e-21
1.594682e+03;1.689914e-21
1.594782e+03;1.689808e-21
1.594882e+03;1.689703e-21
1.594982e+03;1.689597e-21
1.595082e+03;1.689491e-21
1.595182e+03;1.689386e-21
1.595282e+03;1.689280e-21
1.595382e+03;1.689175e-21
1.595482e+03;1.689069e-21
1.595582e+03;1.688963e-21
1.595682e+03;1.688858e-21
1.595782e+03;1.688752e-21
1.595882e+03;1.688647e-21
1.595982e+03;1.688541e-21
1.596082e+03;1.688436e-21
1.596182e+03;1.688330e-21
1.596282e+03;1.688225e-21
1.596382e+03;1.688119e-21
1.596482e+03;1.688014e-21
1.596582e+03;1.687908e-21
1.596682e+03;1.687803e-21
1.596782e+03;1.687698e-21
1.596882e+03;1.687592e-21
1.596982e+03;1.687487e-21
1.597082e+03;1.687382e-21
1.597182e+03;1.687276e-21
1.597282e+03;1.687171e-21
1.597382e+03;1.687066e-21
1.597482e+03;1.686960e-21
1.597582e+03;1.686855e-21
1.597682e+03;1.686750e-21
1.597782e+03;1.686644e-21
1.597882e+03;1.686539e-21
1.597982e+03;1.686434e-21
1.598082e+03;1.686329e-21
1.598182e+03;1.686223e-21
1.598282e+03;1.686118e-21
1.598382e+03;1.686013e-21
1.598482e+03;1.685908e-21
1.598582e+03;1.685803e-21
1.598682e+03;1.685697e-21
1.598782e+03;1.685592e-21
1.598882e+03;1.685487e-21
1.598982e+03;1.685382e-21
1.599082e+03;1.685277e-21
1.599182e+03;1.685172e-21
1.599282e+03;1.685067e-21
1.599382e+03;1.684962e-21
1.599482e+03;1.684857e-21
1.599582e+03;1.684752e-21
1.599682e+03;1.684647e-21
1.599782e+03;1.684542e-21
1.599882e+03;1.684437e-21
1.599982e+03;1.684332e-21
1.600082e+03;1.684227e-21
1.600182e+03;1.684122e-21
1.600282e+03;1.684017e-21
1.600382e+03;1.683912e-21
1.600482e+03;1.683807e-21
1.600582e+03;1.683702e-21
1.600682e+03;1.683597e-21
1.600782e+03;1.683492e-21
1.600882e+03;1.683387e-21
1.600982e+03;1.683282e-21
1.601082e+03;1.683178e-21
1.601182e+03;1.683073e-21
1.601282e+03;1.682968e-21
1.601382e+03;1.682863e-21
1.601482e+03;1.682758e-21
1.601582e+03;1.682654e-21
1.601682e+03;1.682549e-21
1.601782e+03;1.682444e-21
1.601882e+03;1.682339e-21
1.601982e+03;1.682235e-21
1.602082e+03;1.682130e-21
1.602182e+03;1.682025e-21
1.602282e+03;1.681920e-21
1.602382e+03;1.681816e-21
1.602482e+03;1.681711e-21
1.602582e+03;1.681606e-21
1.602682e+03;1.681502e-21
1.602782e+03;1.681397e-21
1.602882e+03;1.681293e-21
1.602982e+03;1.681188e-21
1.603082e+03;1.681083e-21
1.603182e+03;1.680979e-21
1.603282e+03;1.680874e-21
1.603382e+03;1.680770e-21
1.603482e+03;1.680665e-21
1.603582e+03;1.680561e-21
1.603682e+03;1.680456e-21
1.603782e+03;1.680352e-21
1.603882e+03;1.680247e-21
1.603982e+03;1.680143e-21
1.604082e+03;1.680038e-21
1.604182e+03;1.679934e-21
1.604282e+03;1.679829e-21
1.604382e+03;1.679725e-21
1.604482e+03;1.679621e-21
1.604582e+03;1.679516e-21
1.604682e+03;1.679412e-21
1.604782e+03;1.679308e-21
1.604882e+03;1.679203e-21
1.604982e+03;1.679099e-21
1.605082e+03;1.678995e-21
1.605182e+03;1.678890e-21
1.605282e+03;1.678786e-21
1.605382e+03;1.678682e-21
1.605482e+03;1.678577e-21
1.605582e+03;1.678473e-21
1.605682e+03;1.678369e-21
1.605782e+03;1.678265e-21
1.605882e+03;1.678160e-21
1.605982e+03;1.678056e-21
1.606082e+03;1.677952e-21
1.606182e+03;1.677848e-21
1.606282e+03;1.677744e-21
1.606382e+03;1.677639e-21
1.606482e+03;1.677535e-21
1.606582e+03;1.677431e-21
1.606682e+03;1.677327e-21
1.606782e+03;1.677223e-21
1.606882e+03;1.677119e-21
1.606982e+03;1.677015e-21
1.607082e+03;1.676911e-21
1.607182e+03;1.676807e-21
1.607282e+03;1.676703e-21
1.607382e+03;1.676599e-21
1.607482e+03;1.676495e-21
1.607582e+03;1.676391e-21
1.607682e+03;1.676287e-21
1.607782e+03;1.676183e-21
1.607882e+03;1.676079e-21
1.607982e+03;1.675975e-21
1.608082e+03;1.675871e-21
1.608182e+03;1.675767e-21
1.608282e+03;1.675663e-21
1.608382e+03;1.675559e-21
1.608482e+03;1.675455e-21
1.608582e+03;1.675351e-21
1.608682e+03;1.675247e-21
1.608782e+03;1.675144e-21
1.608882e+03;1.675040e-21
1.608982e+03;1.674936e-21
1.609082e+03;1.674832e-21
1.609182e+03;1.674728e-21
1.609282e+03;1.674625e-21
1.609382e+03;1.674521e-21
1.609482e+03;1.674417e-21
1.609582e+03;1.674313e-21
1.609682e+03;1.674210e-21
1.609782e+03;1.674106e-21
1.609882e+03;1.674002e-21
1.609982e+03;1.673899e-21
1.610082e+03;1.673795e-21
1.610182e+03;1.673691e-21
1.610282e+03;1.673588e-21
1.610382e+03;1.673484e-21
1.610482e+03;1.673380e-21
1.610582e+03;1.673277e-21
1.610682e+03;1.673173e-21
1.610782e+03;1.673069e-21
1.610882e+03;1.672966e-21
1.610982e+03;1.672862e-21
1.611082e+03;1.672759e-21
1.611183e+03;1.672655e-21
1.611283e+03;1.672552e-21
1.611383e+03;1.672448e-21
1.611483e+03;1.672345e-21
1.611583e+03;1.672241e-21
1.611683e+03;1.672138e-21
1.611783e+03;1.672034e-21
1.611883e+03;1.671931e-21
1.611983e+03;1.671827e-21
1.612083e+03;1.671724e-21
1.612183e+03;1.671621e-21
1.612283e+03;1.671517e-21
1.612383e+03;1.671414e-21
1.612483e+03;1.671310e-21
1.612583e+03;1.671207e-21
1.612683e+03;1.671104e-21
1.612783e+03;1.671000e-21
1.612883e+03;1.670897e-21
1.612983e+03;1.670794e-21
1.613083e+03;1.670690e-21
1.613183e+03;1.670587e-21
1.613283e+03;1.670484e-21
1.613383e+03;1.670381e-21
1.613483e+03;1.670277e-21
1.613583e+03;1.670174e-21
1.613683e+03;1.670071e-21
1.613783e+03;1.669968e-21
1.613883e+03;1.669865e-21
1.613983e+03;1.669761e-21
1.614083e+03;1.669658e-21
1.614183e+03;1.669555e-21
1.614283e+03;1.669452e-21
1.614383e+03;1.669349e-21
1.614483e+03;1.669246e-21
1.614583e+03;1.669143e-21
1.614683e+03;1.669039e-21
1.614783e+03;1.668936e-21
1.614883e+03;1.668833e-21
1.614983e+03;1.668730e-21
1.615083e+03;1.668627e-21
1.615183e+03;1.668524e-21
1.615283e+03;1.668421e-21
1.615383e+03;1.668318e-21
1.615483e+03;1.668215e-21
1.615583e+03;1.668112e-21
1.615683e+03;1.668009e-21
1.615783e+03;1.667906e-21
1.615883e+03;1.667803e-21
1.615983e+03;1.667700e-21
1.616083e+03;1.667598e-21
1.616183e+03;1.667495e-21
1.616283e+03;1.667392e-21
1.616383e+03;1.667289e-21
1.616483e+03;1.667186e-21
1.616583e+03;1.667083e-21
1.616683e+03;1.666980e-21
1.616783e+03;1.666878e-21
1.616883e+03;1.666775e-21
1.616983e+03;1.666672e-21
1.617083e+03;1.666569e-21
1.617183e+03;1.666466e-21
1.617283e+03;1.666364e-21
1.617383e+03;1.666261e-21
1.617483e+03;1.666158e-21
1.617583e+03;1.666055e-21
1.617683e+03;1.665953e-21
1.617783e+03;1.665850e-21
1.617883e+03;1.665747e-21
1.617983e+03;1.665645e-21
1.618083e+03;1.665542e-21
1.618183e+03;1.665439e-21
1.618283e+03;1.665337e-21
1.618383e+03;1.665234e-21
1.618483e+03;1.665131e-21
1.618583e+03;1.665029e-21
1.618683e+03;1.664926e-21
1.618783e+03;1.664824e-21
1.618883e+03;1.664721e-21
1.618983e+03;1.664619e-21
1.619083e+03;1.664516e-21
1.619183e+03;1.664414e-21
1.619283e+03;1.664311e-21
1.619383e+03;1.664209e-21
1.619483e+03;1.664106e-21
1.619583e+03;1.664004e-21
1.619683e+03;1.663901e-21
1.619783e+03;1.663799e-21
1.619883e+03;1.663696e-21
1.619983e+03;1.663594e-21
1.620083e+03;1.663491e-21
1.620183e+03;1.663389e-21
1.620283e+03;1.663287e-21
1.620383e+03;1.663184e-21
1.620483e+03;1.663082e-21
1.620583e+03;1.662980e-21
1.620683e+03;1.662877e-21
1.620783e+03;1.662775e-21
1.620883e+03;1.662673e-21
1.620983e+03;1.662570e-21
1.621083e+03;1.662468e-21
1.621183e+03;1.662366e-21
1.621283e+03;1.662264e-21
1.621383e+03;1.662161e-21
1.621483e+03;1.662059e-21
1.621583e+03;1.661957e-21
1.621683e+03;1.661855e-21
1.621783e+03;1.661752e-21
1.621883e+03;1.661650e-21
1.621983e+03;1.661548e-21
1.622083e+03;1.661446e-21
1.622183e+03;1.661344e-21
1.622283e+03;1.661242e-21
1.622383e+03;1.661140e-21
1.622483e+03;1.661037e-21
1.622583e+03;1.660935e-21
1.622683e+03;1.660833e-21
1.622783e+03;1.660731e-21
1.622883e+03;1.660629e-21
1.622983e+03;1.660527e-21
1.623083e+03;1.660425e-21
1.623183e+03;1.660323e-21
1.623283e+03;1.660221e-21
1.623383e+03;1.660119e-21
1.623483e+03;1.660017e-21
1.623583e+03;1.659915e-21
1.623683e+03;1.659813e-21
1.623783e+03;1.659711e-21
1.623883e+03;1.659609e-21
1.623983e+03;1.659507e-21
1.624083e+03;1.659406e-21
1.624183e+03;1.659304e-21
1.624283e+03;1.659202e-21
1.624383e+03;1.659100e-21
1.624483e+03;1.658998e-21
1.624583e+03;1.658896e-21
1.624683e+03;1.658794e-21
1.624783e+03;1.658693e-21
1.624883e+03;1.658591e-21
1.624983e+03;1.658489e-21
1.625083e+03;1.658387e-21
1.625183e+03;1.658285e-21
1.625283e+03;1.658184e-21
1.625383e+03;1.658082e-21
1.625483e+03;1.657980e-21
1.625583e+03;1.657878e-21
1.625683e+03;1.657777e-21
1.625783e+03;1.657675e-21
1.625883e+03;1.657573e-21
1.625983e+03;1.657472e-21
1.626083e+03;1.657370e-21
1.626183e+03;1.657268e-21
1.626283e+03;1.657167e-21
1.626383e+03;1.657065e-21
1.626483e+03;1.656964e-21
1.626583e+03;1.656862e-21
1.626683e+03;1.656760e-21
1.626783e+03;1.656659e-21
1.626883e+03;1.656557e-21
1.626983e+03;1.656456e-21
1.627083e+03;1.656354e-21
1.627183e+03;1.656253e-21
1.627283e+03;1.656151e-21
1.627383e+03;1.656050e-21
1.627483e+03;1.655948e-21
1.627583e+03;1.655847e-21
1.627683e+03;1.655745e-21
1.627783e+03;1.655644e-21
1.627883e+03;1.655542e-21
1.627983e+03;1.655441e-21
1.628083e+03;1.655340e-21
1.628183e+03;1.655238e-21
1.628283e+03;1.655137e-21
1.628383e+03;1.655035e-21
1.628483e+03;1.654934e-21
1.628583e+03;1.654833e-21
1.628683e+03;1.654731e-21
1.628783e+03;1.654630e-21
1.628883e+03;1.654529e-21
1.628983e+03;1.654428e-21
1.629083e+03;1.654326e-21
1.629183e+03;1.654225e-21
1.629283e+03;1.654124e-21
1.629383e+03;1.654022e-21
1.629483e+03;1.653921e-21
1.629583e+03;1.653820e-21
1.629683e+03;1.653719e-21
1.629783e+03;1.653618e-21
1.629883e+03;1.653516e-21
1.629983e+03;1.653415e-21
1.630083e+03;1.653314e-21
1.630183e+03;1.653213e-21
1.630283e+03;1.653112e-21
1.630383e+03;1.653011e-21
1.630483e+03;1.652910e-21
1.630583e+03;1.652809e-21
1.630683e+03;1.652707e-21
1.630783e+03;1.652606e-21
1.630883e+03;1.652505e-21
1.630983e+03;1.652404e-21
1.631083e+03;1.652303e-21
1.631183e+03;1.652202e-21
1.631283e+03;1.652101e-21
1.631383e+03;1.652000e-21
1.631483e+03;1.651899e-21
1.631583e+03;1.651798e-21
1.631683e+03;1.651697e-21
1.631783e+03;1.651596e-21
1.631883e+03;1.651495e-21
1.631983e+03;1.651394e-21
1.632083e+03;1.651294e-21
1.632183e+03;1.651193e-21
1.632283e+03;1.651092e-21
1.632383e+03;1.650991e-21
1.632483e+03;1.650890e-21
1.632583e+03;1.650789e-21
1.632683e+03;1.650688e-21
1.632783e+03;1.650588e-21
1.632883e+03;1.650487e-21
1.632983e+03;1.650386e-21
1.633083e+03;1.650285e-21
1.633183e+03;1.650184e-21
1.633283e+03;1.650084e-21
1.633384e+03;1.649983e-21
1.633484e+03;1.649882e-21
1.633584e+03;1.649781e-21
1.633684e+03;1.649681e-21
1.633784e+03;1.649580e-21
1.633884e+03;1.649479e-21
1.633984e+03;1.649379e-21
1.634084e+03;1.649278e-21
1.634184e+03;1.649177e-21
1.634284e+03;1.649077e-21
1.634384e+03;1.648976e-21
1.634484e+03;1.648875e-21
1.634584e+03;1.648775e-21
1.634684e+03;1.648674e-21
1.634784e+03;1.648574e-21
1.634884e+03;1.648473e-21
1.634984e+03;1.648373e-21
1.635084e+03;1.648272e-21
1.635184e+03;1.648171e-21
1.635284e+03;1.648071e-21
1.635384e+03;1.647970e-21
1.635484e+03;1.647870e-21
1.635584e+03;1.647769e-21
1.635684e+03;1.647669e-21
1.635784e+03;1.647569e-21
1.635884e+03;1.647468e-21
1.635984e+03;1.647368e-21
1.636084e+03;1.647267e-21
1.636184e+03;1.647167e-21
1.636284e+03;1.647066e-21
1.636384e+03;1.646966e-21
1.636484e+03;1.646866e-21
1.636584e+03;1.646765e-21
1.636684e+03;1.646665e-21
1.636784e+03;1.646565e-21
1.636884e+03;1.646464e-21
1.636984e+03;1.646364e-21
1.637084e+03;1.646264e-21
1.637184e+03;1.646163e-21
1.637284e+03;1.646063e-21
1.637384e+03;1.645963e-21
1.637484e+03;1.645863e-21
1.637584e+03;1.645762e-21
1.637684e+03;1.645662e-21
1.637784e+03;1.645562e-21
1.637884e+03;1.645462e-21
1.637984e+03;1.645362e-21
1.638084e+03;1.645261e-21
1.638184e+03;1.645161e-21
1.638284e+03;1.645061e-21
1.638384e+03;1.644961e-21
1.638484e+03;1.644861e-21
1.638584e+03;1.644761e-21
1.638684e+03;1.644661e-21
1.638784e+03;1.644561e-21
1.638884e+03;1.644461e-21
1.638984e+03;1.644360e-21
1.639084e+03;1.644260e-21
1.639184e+03;1.644160e-21
1.639284e+03;1.644060e-21
1.639384e+03;1.643960e-21
1.639484e+03;1.643860e-21
1.639584e+03;1.643760e-21
1.639684e+03;1.643660e-21
1.639784e+03;1.643560e-21
1.639884e+03;1.643460e-21
1.639984e+03;1.643360e-21
1.640084e+03;1.643261e-21
1.640184e+03;1.643161e-21
1.640284e+03;1.643061e-21
1.640384e+03;1.642961e-21
1.640484e+03;1.642861e-21
1.640584e+03;1.642761e-21
1.640684e+03;1.642661e-21
1.640784e+03;1.642561e-21
1.640884e+03;1.642462e-21
1.640984e+03;1.642362e-21
1.641084e+03;1.642262e-21
1.641184e+03;1.642162e-21
1.641284e+03;1.642062e-21
1.641384e+03;1.641963e-21
1.641484e+03;1.641863e-21
1.641584e+03;1.641763e-21
1.641684e+03;1.641663e-21
1.641784e+03;1.641564e-21
1.641884e+03;1.641464e-21
1.641984e+03;1.641364e-21
1.642084e+03;1.641264e-21
1.642184e+03;1.641165e-21
1.642284e+03;1.641065e-21
1.642384e+03;1.640965e-21
1.642484e+03;1.640866e-21
1.642584e+03;1.640766e-21
1.642684e+03;1.640667e-21
1.642784e+03;1.640567e-21
1.642884e+03;1.640467e-21
1.642984e+03;1.640368e-21
1.643084e+03;1.640268e-21
1.643184e+03;1.640169e-21
1.643284e+03;1.640069e-21
1.643384e+03;1.639970e-21
1.643484e+03;1.639870e-21
1.643584e+03;1.639771e-21
1.643684e+03;1.639671e-21
1.643784e+03;1.639572e-21
1.643884e+03;1.639472e-21
1.643984e+03;1.639373e-21
1.644084e+03;1.639273e-21
1.644184e+03;1.639174e-21
1.644284e+03;1.639074e-21
1.644384e+03;1.638975e-21
1.644484e+03;1.638876e-21
1.644584e+03;1.638776e-21
1.644684e+03;1.638677e-21
1.644784e+03;1.638577e-21
1.644884e+03;1.638478e-21
1.644984e+03;1.638379e-21
1.645084e+03;1.638279e-21
1.645184e+03;1.638180e-21
1.645284e+03;1.638081e-21
1.645384e+03;1.637982e-21
1.645484e+03;1.637882e-21
1.645584e+03;1.637783e-21
1.645684e+03;1.637684e-21
1.645784e+03;1.637585e-21
1.645884e+03;1.637485e-21
1.645984e+03;1.637386e-21
1.646084e+03;1.637287e-21
1.646184e+03;1.637188e-21
1.646284e+03;1.637088e-21
1.646384e+03;1.636989e-21
1.646484e+03;1.636890e-21
1.646584e+03;1.636791e-21
1.646684e+03;1.636692e-21
1.646784e+03;1.636593e-21
1.646884e+03;1.636494e-21
1.646984e+03;1.636395e-21
1.647084e+03;1.636295e-21
1.647184e+03;1.636196e-21
1.647284e+03;1.636097e-21
1.647384e+03;1.635998e-21
1.647484e+03;1.635899e-21
1.647584e+03;1.635800e-21
1.647684e+03;1.635701e-21
1.647784e+03;1.635602e-21
1.647884e+03;1.635503e-21
1.647984e+03;1.635404e-21
1.648084e+03;1.635305e-21
1.648184e+03;1.635206e-21
1.648284e+03;1.635107e-21
1.648384e+03;1.635008e-21
1.648484e+03;1.634910e-21
1.648584e+03;1.634811e-21
1.648684e+03;1.634712e-21
1.648784e+03;1.634613e-21
1.648884e+03;1.634514e-21
1.648984e+03;1.634415e-21
1.649084e+03;1.634316e-21
1.649184e+03;1.634217e-21
1.649284e+03;1.634119e-21
1.649384e+03;1.634020e-21
1.649484e+03;1.633921e-21
1.649584e+03;1.633822e-21
1.649684e+03;1.633723e-21
1.649784e+03;1.633625e-21
1.649884e+03;1.633526e-21
1.649984e+03;1.633427e-21
1.650084e+03;1.633328e-21
1.650184e+03;1.633230e-21
1.650284e+03;1.633131e-21
1.650384e+03;1.633032e-21
1.650484e+03;1.632934e-21
1.650584e+03;1.632835e-21
1.650684e+03;1.632736e-21
1.650784e+03;1.632638e-21
1.650884e+03;1.632539e-21
1.650984e+03;1.632440e-21
1.651084e+03;1.632342e-21
1.651184e+03;1.632243e-21
1.651284e+03;1.632145e-21
1.651384e+03;1.632046e-21
1.651484e+03;1.631948e-21
1.651584e+03;1.631849e-21
1.651684e+03;1.631750e-21
1.651784e+03;1.631652e-21
1.651884e+03;1.631553e-21
1.651984e+03;1.631455e-21
1.652084e+03;1.631356e-21
1.652184e+03;1.631258e-21
1.652284e+03;1.631159e-21
1.652384e+03;1.631061e-21
1.652484e+03;1.630963e-21
1.652584e+03;1.630864e-21
1.652684e+03;1.630766e-21
1.652784e+03;1.630667e-21
1.652884e+03;1.630569e-21
1.652984e+03;1.630471e-21
1.653084e+03;1.630372e-21
1.653184e+03;1.630274e-21
1.653284e+03;1.630176e-21
1.653384e+03;1.630077e-21
1.653484e+03;1.629979e-21
1.653584e+03;1.629881e-21
1.653684e+03;1.629782e-21
1.653784e+03;1.629684e-21
1.653884e+03;1.629586e-21
1.653984e+03;1.629487e-21
1.654084e+03;1.629389e-21
1.654184e+03;1.629291e-21
1.654284e+03;1.629193e-21
1.654384e+03;1.629094e-21
1.654484e+03;1.628996e-21
1.654584e+03;1.628898e-21
1.654684e+03;1.628800e-21
1.654784e+03;1.628702e-21
1.654884e+03;1.628604e-21
1.654984e+03;1.628505e-21
1.655084e+03;1.628407e-21
1.655184e+03;1.628309e-21
1.655284e+03;1.628211e-21
1.655384e+03;1.628113e-21
1.655484e+03;1.628015e-21
1.655585e+03;1.627917e-21
1.655685e+03;1.627819e-21
1.655785e+03;1.627721e-21
1.655885e+03;1.627623e-21
1.655985e+03;1.627525e-21
1.656085e+03;1.627427e-21
1.656185e+03;1.627329e-21
1.656285e+03;1.627231e-21
1.656385e+03;1.627133e-21
1.656485e+03;1.627035e-21
1.656585e+03;1.626937e-21
1.656685e+03;1.626839e-21
1.656785e+03;1.626741e-21
1.656885e+03;1.626643e-21
1.656985e+03;1.626545e-21
1.657085e+03;1.626447e-21
1.657185e+03;1.626349e-21
1.657285e+03;1.626251e-21
1.657385e+03;1.626154e-21
1.657485e+03;1.626056e-21
1.657585e+03;1.625958e-21
1.657685e+03;1.625860e-21
1.657785e+03;1.625762e-21
1.657885e+03;1.625664e-21
1.657985e+03;1.625567e-21
1.658085e+03;1.625469e-21
1.658185e+03;1.625371e-21
1.658285e+03;1.625273e-21
1.658385e+03;1.625176e-21
1.658485e+03;1.625078e-21
1.658585e+03;1.624980e-21
1.658685e+03;1.624882e-21
1.658785e+03;1.624785e-21
1.658885e+03;1.624687e-21
1.658985e+03;1.624589e-21
1.659085e+03;1.624492e-21
1.659185e+03;1.624394e-21
1.659285e+03;1.624296e-21
1.659385e+03;1.624199e-21
1.659485e+03;1.624101e-21
1.659585e+03;1.624004e-21
1.659685e+03;1.623906e-21
1.659785e+03;1.623808e-21
1.659885e+03;1.623711e-21
1.659985e+03;1.623613e-21
1.660085e+03;1.623516e-21
1.660185e+03;1.623418e-21
1.660285e+03;1.623321e-21
1.660385e+03;1.623223e-21
1.660485e+03;1.623126e-21
1.660585e+03;1.623028e-21
1.660685e+03;1.622931e-21
1.660785e+03;1.622833e-21
1.660885e+03;1.622736e-21
1.660985e+03;1.622638e-21
1.661085e+03;1.622541e-21
1.661185e+03;1.622443e-21
1.661285e+03;1.622346e-21
1.661385e+03;1.622249e-21
1.661485e+03;1.622151e-21
1.661585e+03;1.622054e-21
1.661685e+03;1.621957e-21
1.661785e+03;1.621859e-21
1.661885e+03;1.621762e-21
1.661985e+03;1.621665e-21
1.662085e+03;1.621567e-21
1.662185e+03;1.621470e-21
1.662285e+03;1.621373e-21
1.662385e+03;1.621275e-21
1.662485e+03;1.621178e-21
1.662585e+03;1.621081e-21
1.662685e+03;1.620984e-21
1.662785e+03;1.620886e-21
1.662885e+03;1.620789e-21
1.662985e+03;1.620692e-21
1.663085e+03;1.620595e-21
1.663185e+03;1.620498e-21
1.663285e+03;1.620400e-21
1.663385e+03;1.620303e-21
1.663485e+03;1.620206e-21
1.663585e+03;1.620109e-21
1.663685e+03;1.620012e-21
1.663785e+03;1.619915e-21
1.663885e+03;1.619818e-21
1.663985e+03;1.619721e-21
1.664085e+03;1.619624e-21
1.664185e+03;1.619526e-21
1.664285e+03;1.619429e-21
1.664385e+03;1.619332e-21
1.664485e+03;1.619235e-21
1.664585e+03;1.619138e-21
1.664685e+03;1.619041e-21
1.664785e+03;1.618944e-21
1.664885e+03;1.618847e-21
1.664985e+03;1.618750e-21
1.665085e+03;1.618653e-21
1.665185e+03;1.618556e-21
1.665285e+03;1.618460e-21
1.665385e+03;1.618363e-21
1.665485e+03;1.618266e-21
1.665585e+03;1.618169e-21
1.665685e+03;1.618072e-21
1.665785e+03;1.617975e-21
1.665885e+03;1.617878e-21
1.665985e+03;1.617781e-21
1.666085e+03;1.617684e-21
1.666185e+03;1.617588e-21
1.666285e+03;1.617491e-21
1.666385e+03;1.617394e-21
1.666485e+03;1.617297e-21
1.666585e+03;1.617200e-21
1.666685e+03;1.617104e-21
1.666785e+03;1.617007e-21
1.666885e+03;1.616910e-21
1.666985e+03;1.616813e-21
1.667085e+03;1.616717e-21
1.667185e+03;1.616620e-21
1.667285e+03;1.616523e-21
1.667385e+03;1.616426e-21
1.667485e+03;1.616330e-21
1.667585e+03;1.616233e-21
1.667685e+03;1.616136e-21
1.667785e+03;1.616040e-21
1.667885e+03;1.615943e-21
1.667985e+03;1.615847e-21
1.668085e+03;1.615750e-21
1.668185e+03;1.615653e-21
1.668285e+03;1.615557e-21
1.668385e+03;1.615460e-21
1.668485e+03;1.615364e-21
1.668585e+03;1.615267e-21
1.668685e+03;1.615171e-21
1.668785e+03;1.615074e-21
1.668885e+03;1.614977e-21
1.668985e+03;1.614881e-21
1.669085e+03;1.614784e-21
1.669185e+03;1.614688e-21
1.669285e+03;1.614591e-21
1.669385e+03;1.614495e-21
1.669485e+03;1.614399e-21
1.669585e+03;1.614302e-21
1.669685e+03;1.614206e-21
1.669785e+03;1.614109e-21
1.669885e+03;1.614013e-21
1.669985e+03;1.613916e-21
1.670085e+03;1.613820e-21
1.670185e+03;1.613724e-21
1.670285e+03;1.613627e-21
1.670385e+03;1.613531e-21
1.670485e+03;1.613435e-21
1.670585e+03;1.613338e-21
1.670685e+03;1.613242e-21
1.670785e+03;1.613146e-21
1.670885e+03;1.613049e-21
1.670985e+03;1.612953e-21
1.671085e+03;1.612857e-21
1.671185e+03;1.612761e-21
1.671285e+03;1.612664e-21
1.671385e+03;1.612568e-21
1.671485e+03;1.612472e-21
1.671585e+03;1.612376e-21
1.671685e+03;1.612280e-21
1.671785e+03;1.612183e-21
1.671885e+03;1.612087e-21
1.671985e+03;1.611991e-21
1.672085e+03;1.611895e-21
1.672185e+03;1.611799e-21
1.672285e+03;1.611703e-21
1.672385e+03;1.611606e-21
1.672485e+03;1.611510e-21
1.672585e+03;1.611414e-21
1.672685e+03;1.611318e-21
1.672785e+03;1.611222e-21
1.672885e+03;1.611126e-21
1.672985e+03;1.611030e-21
1.673085e+03;1.610934e-21
1.673185e+03;1.610838e-21
1.673285e+03;1.610742e-21
1.673385e+03;1.610646e-21
1.673485e+03;1.610550e-21
1.673585e+03;1.610454e-21
1.673685e+03;1.610358e-21
1.673785e+03;1.610262e-21
1.673885e+03;1.610166e-21
1.673985e+03;1.610070e-21
1.674085e+03;1.609974e-21
1.674185e+03;1.609878e-21
1.674285e+03;1.609782e-21
1.674385e+03;1.609687e-21
1.674485e+03;1.609591e-21
1.674585e+03;1.609495e-21
1.674685e+03;1.609399e-21
1.674785e+03;1.609303e-21
1.674885e+03;1.609207e-21
1.674985e+03;1.609111e-21
1.675085e+03;1.609016e-21
1.675185e+03;1.608920e-21
1.675285e+03;1.608824e-21
1.675385e+03;1.608728e-21
1.675485e+03;1.608632e-21
1.675585e+03;1.608537e-21
1.675685e+03;1.608441e-21
1.675785e+03;1.608345e-21
1.675885e+03;1.608250e-21
1.675985e+03;1.608154e-21
1.676085e+03;1.608058e-21
1.676185e+03;1.607962e-21
1.676285e+03;1.607867e-21
1.676385e+03;1.607771e-21
1.676485e+03;1.607675e-21
1.676585e+03;1.607580e-21
1.676685e+03;1.607484e-21
1.676785e+03;1.607389e-21
1.676885e+03;1.607293e-21
1.676985e+03;1.607197e-21
1.677085e+03;1.607102e-21
1.677185e+03;1.607006e-21
1.677285e+03;1.606911e-21
1.677385e+03;1.606815e-21
1.677485e+03;1.606720e-21
1.677585e+03;1.606624e-21
1.677685e+03;1.606529e-21
1.677786e+03;1.606433e-21
1.677886e+03;1.606338e-21
1.677986e+03;1.606242e-21
1.678086e+03;1.606147e-21
1.678186e+03;1.606051e-21
1.678286e+03;1.605956e-21
1.678386e+03;1.605860e-21
1.678486e+03;1.605765e-21
1.678586e+03;1.605669e-21
1.678686e+03;1.605574e-21
1.678786e+03;1.605479e-21
1.678886e+03;1.605383e-21
1.678986e+03;1.605288e-21
1.679086e+03;1.605193e-21
1.679186e+03;1.605097e-21
1.679286e+03;1.605002e-21
1.679386e+03;1.604907e-21
1.679486e+03;1.604811e-21
1.679586e+03;1.604716e-21
1.679686e+03;1.604621e-21
1.679786e+03;1.604525e-21
1.679886e+03;1.604430e-21
1.679986e+03;1.604335e-21
1.680086e+03;1.604240e-21
1.680186e+03;1.604144e-21
1.680286e+03;1.604049e-21
1.680386e+03;1.603954e-21
1.680486e+03;1.603859e-21
1.680586e+03;1.603764e-21
1.680686e+03;1.603668e-21
1.680786e+03;1.603573e-21
1.680886e+03;1.603478e-21
1.680986e+03;1.603383e-21
1.681086e+03;1.603288e-21
1.681186e+03;1.603193e-21
1.681286e+03;1.603098e-21
1.681386e+03;1.603002e-21
1.681486e+03;1.602907e-21
1.681586e+03;1.602812e-21
1.681686e+03;1.602717e-21
1.681786e+03;1.602622e-21
1.681886e+03;1.602527e-21
1.681986e+03;1.602432e-21
1.682086e+03;1.602337e-21
1.682186e+03;1.602242e-21
1.682286e+03;1.602147e-21
1.682386e+03;1.602052e-21
1.682486e+03;1.601957e-21
1.682586e+03;1.601862e-21
1.682686e+03;1.601767e-21
1.682786e+03;1.601672e-21
1.682886e+03;1.601577e-21
1.682986e+03;1.601483e-21
1.683086e+03;1.601388e-21
1.683186e+03;1.601293e-21
1.683286e+03;1.601198e-21
1.683386e+03;1.601103e-21
1.683486e+03;1.601008e-21
1.683586e+03;1.600913e-21
1.683686e+03;1.600818e-21
1.683786e+03;1.600724e-21
1.683886e+03;1.600629e-21
1.683986e+03;1.600534e-21
1.684086e+03;1.600439e-21
1.684186e+03;1.600344e-21
1.684286e+03;1.600250e-21
1.684386e+03;1.600155e-21
1.684486e+03;1.600060e-21
1.684586e+03;1.599965e-21
1.684686e+03;1.599871e-21
1.684786e+03;1.599776e-21
1.684886e+03;1.599681e-21
1.684986e+03;1.599587e-21
1.685086e+03;1.599492e-21
1.685186e+03;1.599397e-21
1.685286e+03;1.599303e-21
1.685386e+03;1.599208e-21
1.685486e+03;1.599113e-21
1.685586e+03;1.599019e-21
1.685686e+03;1.598924e-21
1.685786e+03;1.598829e-21
1.685886e+03;1.598735e-21
1.685986e+03;1.598640e-21
1.686086e+03;1.598546e-21
1.686186e+03;1.598451e-21
1.686286e+03;1.598357e-21
1.686386e+03;1.598262e-21
1.686486e+03;1.598168e-21
1.686586e+03;1.598073e-21
1.686686e+03;1.597979e-21
1.686786e+03;1.597884e-21
1.686886e+03;1.597790e-21
1.686986e+03;1.597695e-21
1.687086e+03;1.597601e-21
1.687186e+03;1.597506e-21
1.687286e+03;1.597412e-21
1.687386e+03;1.597317e-21
1.687486e+03;1.597223e-21
1.687586e+03;1.597129e-21
1.687686e+03;1.597034e-21
1.687786e+03;1.596940e-21
1.687886e+03;1.596845e-21
1.687986e+03;1.596751e-21
1.688086e+03;1.596657e-21
1.688186e+03;1.596562e-21
1.688286e+03;1.596468e-21
1.688386e+03;1.596374e-21
1.688486e+03;1.596279e-21
1.688586e+03;1.596185e-21
1.688686e+03;1.596091e-21
1.688786e+03;1.595997e-21
1.688886e+03;1.595902e-21
1.688986e+03;1.595808e-21
1.689086e+03;1.595714e-21
1.689186e+03;1.595620e-21
1.689286e+03;1.595525e-21
1.689386e+03;1.595431e-21
1.689486e+03;1.595337e-21
1.689586e+03;1.595243e-21
1.689686e+03;1.595149e-21
1.689786e+03;1.595055e-21
1.689886e+03;1.594960e-21
1.689986e+03;1.594866e-21
1.690086e+03;1.594772e-21
1.690186e+03;1.594678e-21
1.690286e+03;1.594584e-21
1.690386e+03;1.594490e-21
1.690486e+03;1.594396e-21
1.690586e+03;1.594302e-21
1.690686e+03;1.594208e-21
1.690786e+03;1.594114e-21
1.690886e+03;1.594020e-21
1.690986e+03;1.593926e-21
1.691086e+03;1.593832e-21
1.691186e+03;1.593738e-21
1.691286e+03;1.593644e-21
1.691386e+03;1.593550e-21
1.691486e+03;1.593456e-21
1.691586e+03;1.593362e-21
1.691686e+03;1.593268e-21
1.691786e+03;1.593174e-21
1.691886e+03;1.593080e-21
1.691986e+03;1.592986e-21
1.692086e+03;1.592892e-21
1.692186e+03;1.592798e-21
1.692286e+03;1.592704e-21
1.692386e+03;1.592610e-21
1.692486e+03;1.592517e-21
1.692586e+03;1.592423e-21
1.692686e+03;1.592329e-21
1.692786e+03;1.592235e-21
1.692886e+03;1.592141e-21
1.692986e+03;1.592047e-21
1.693086e+03;1.591954e-21
1.693186e+03;1.591860e-21
1.693286e+03;1.591766e-21
1.693386e+03;1.591672e-21
1.693486e+03;1.591579e-21
1.693586e+03;1.591485e-21
1.693686e+03;1.591391e-21
1.693786e+03;1.591297e-21
1.693886e+03;1.591204e-21
1.693986e+03;1.591110e-21
1.694086e+03;1.591016e-21
1.694186e+03;1.590923e-21
1.694286e+03;1.590829e-21
1.694386e+03;1.590735e-21
1.694486e+03;1.590642e-21
1.694586e+03;1.590548e-21
1.694686e+03;1.590455e-21
1.694786e+03;1.590361e-21
1.694886e+03;1.590267e-21
1.694986e+03;1.590174e-21
1.695086e+03;1.590080e-21
1.695186e+03;1.589987e-21
1.695286e+03;1.589893e-21
1.695386e+03;1.589800e-21
1.695486e+03;1.589706e-21
1.695586e+03;1.589613e-21
1.695686e+03;1.589519e-21
1.695786e+03;1.589426e-21
1.695886e+03;1.589332e-21
1.695986e+03;1.589239e-21
1.696086e+03;1.589145e-21
1.696186e+03;1.589052e-21
1.696286e+03;1.588958e-21
1.696386e+03;1.588865e-21
1.696486e+03;1.588771e-21
1.696586e+03;1.588678e-21
1.696686e+03;1.588585e-21
1.696786e+03;1.588491e-21
1.696886e+03;1.588398e-21
1.696986e+03;1.588304e-21
1.697086e+03;1.588211e-21
1.697186e+03;1.588118e-21
1.697286e+03;1.588024e-21
1.697386e+03;1.587931e-21
1.697486e+03;1.587838e-21
1.697586e+03;1.587745e-21
1.697686e+03;1.587651e-21
1.697786e+03;1.587558e-21
1.697886e+03;1.587465e-21
1.697986e+03;1.587372e-21
1.698086e+03;1.587278e-21
1.698186e+03;1.587185e-21
1.698286e+03;1.587092e-21
1.698386e+03;1.586999e-21
1.698486e+03;1.586905e-21
1.698586e+03;1.586812e-21
1.698686e+03;1.586719e-21
1.698786e+03;1.586626e-21
1.698886e+03;1.586533e-21
1.698986e+03;1.586440e-21
1.699086e+03;1.586346e-21
1.699186e+03;1.586253e-21
1.699286e+03;1.586160e-21
1.699386e+03;1.586067e-21
1.699486e+03;1.585974e-21
1.699586e+03;1.585881e-21
1.699686e+03;1.585788e-21
1.699786e+03;1.585695e-21
1.699886e+03;1.585602e-21
1.699986e+03;1.585509e-21
1.700087e+03;1.585416e-21
1.700187e+03;1.585323e-21
1.700287e+03;1.585230e-21
1.700387e+03;1.585137e-21
1.700487e+03;1.585044e-21
1.700587e+03;1.584951e-21
1.700687e+03;1.584858e-21
1.700787e+03;1.584765e-21
1.700887e+03;1.584672e-21
1.700987e+03;1.584579e-21
1.701087e+03;1.584486e-21
1.701187e+03;1.584393e-21
1.701287e+03;1.584300e-21
1.701387e+03;1.584208e-21
1.701487e+03;1.584115e-21
1.701587e+03;1.584022e-21
1.701687e+03;1.583929e-21
1.701787e+03;1.583836e-21
1.701887e+03;1.583743e-21
1.701987e+03;1.583650e-21
1.702087e+03;1.583558e-21
1.702187e+03;1.583465e-21
1.702287e+03;1.583372e-21
1.702387e+03;1.583279e-21
1.702487e+03;1.583187e-21
1.702587e+03;1.583094e-21
1.702687e+03;1.583001e-21
1.702787e+03;1.582908e-21
1.702887e+03;1.582816e-21
1.702987e+03;1.582723e-21
1.703087e+03;1.582630e-21
1.703187e+03;1.582538e-21
1.703287e+03;1.582445e-21
1.703387e+03;1.582352e-21
1.703487e+03;1.582260e-21
1.703587e+03;1.582167e-21
1.703687e+03;1.582074e-21
1.703787e+03;1.581982e-21
1.703887e+03;1.581889e-21
1.703987e+03;1.581796e-21
1.704087e+03;1.581704e-21
1.704187e+03;1.581611e-21
1.704287e+03;1.581519e-21
1.704387e+03;1.581426e-21
1.704487e+03;1.581334e-21
1.704587e+03;1.581241e-21
1.704687e+03;1.581149e-21
1.704787e+03;1.581056e-21
1.704887e+03;1.580964e-21
1.704987e+03;1.580871e-21
1.705087e+03;1.580779e-21
1.705187e+03;1.580686e-21
1.705287e+03;1.580594e-21
1.705387e+03;1.580501e-21
1.705487e+03;1.580409e-21
1.705587e+03;1.580316e-21
1.705687e+03;1.580224e-21
1.705787e+03;1.580132e-21
1.705887e+03;1.580039e-21
1.705987e+03;1.579947e-21
1.706087e+03;1.579854e-21
1.706187e+03;1.579762e-21
1.706287e+03;1.579670e-21
1.706387e+03;1.579577e-21
1.706487e+03;1.579485e-21
1.706587e+03;1.579393e-21
1.706687e+03;1.579300e-21
1.706787e+03;1.579208e-21
1.706887e+03;1.579116e-21
1.706987e+03;1.579024e-21
1.707087e+03;1.578931e-21
1.707187e+03;1.578839e-21
1.707287e+03;1.578747e-21
1.707387e+03;1.578655e-21
1.707487e+03;1.578562e-21
1.707587e+03;1.578470e-21
1.707687e+03;1.578378e-21
1.707787e+03;1.578286e-21
1.707887e+03;1.578194e-21
1.707987e+03;1.578101e-21
1.708087e+03;1.578009e-21
1.708187e+03;1.577917e-21
1.708287e+03;1.577825e-21
1.708387e+03;1.577733e-21
1.708487e+03;1.577641e-21
1.708587e+03;1.577549e-21
1.708687e+03;1.577457e-21
1.708787e+03;1.577365e-21
1.708887e+03;1.577272e-21
1.708987e+03;1.577180e-21
1.709087e+03;1.577088e-21
1.709187e+03;1.576996e-21
1.709287e+03;1.576904e-21
1.709387e+03;1.576812e-21
1.709487e+03;1.576720e-21
1.709587e+03;1.576628e-21
1.709687e+03;1.576536e-21
1.709787e+03;1.576444e-21
1.709887e+03;1.576352e-21
1.709987e+03;1.576260e-21
1.710087e+03;1.576169e-21
1.710187e+03;1.576077e-21
1.710287e+03;1.575985e-21
1.710387e+03;1.575893e-21
1.710487e+03;1.575801e-21
1.710587e+03;1.575709e-21
1.710687e+03;1.575617e-21
1.710787e+03;1.575525e-21
1.710887e+03;1.575433e-21
1.710987e+03;1.575342e-21
1.711087e+03;1.575250e-21
1.711187e+03;1.575158e-21
1.711287e+03;1.575066e-21
1.711387e+03;1.574974e-21
1.711487e+03;1.574883e-21
1.711587e+03;1.574791e-21
1.711687e+03;1.574699e-21
1.711787e+03;1.574607e-21
1.711887e+03;1.574515e-21
1.711987e+03;1.574424e-21
1.712087e+03;1.574332e-21
1.712187e+03;1.574240e-21
1.712287e+03;1.574149e-21
1.712387e+03;1.574057e-21
1.712487e+03;1.573965e-21
1.712587e+03;1.573874e-21
1.712687e+03;1.573782e-21
1.712787e+03;1.573690e-21
1.712887e+03;1.573599e-21
1.712987e+03;1.573507e-21
1.713087e+03;1.573415e-21
1.713187e+03;1.573324e-21
1.713287e+03;1.573232e-21
1.713387e+03;1.573141e-21
1.713487e+03;1.573049e-21
1.713587e+03;1.572957e-21
1.713687e+03;1.572866e-21
1.713787e+03;1.572774e-21
1.713887e+03;1.572683e-21
1.713987e+03;1.572591e-21
1.714087e+03;1.572500e-21
1.714187e+03;1.572408e-21
1.714287e+03;1.572317e-21
1.714387e+03;1.572225e-21
1.714487e+03;1.572134e-21
1.714587e+03;1.572042e-21
1.714687e+03;1.571951e-21
1.714787e+03;1.571859e-21
1.714887e+03;1.571768e-21
1.714987e+03;1.571677e-21
1.715087e+03;1.571585e-21
1.715187e+03;1.571494e-21
1.715287e+03;1.571402e-21
1.715387e+03;1.571311e-21
1.715487e+03;1.571220e-21
1.715587e+03;1.571128e-21
1.715687e+03;1.571037e-21
1.715787e+03;1.570946e-21
1.715887e+03;1.570854e-21
1.715987e+03;1.570763e-21
1.716087e+03;1.570672e-21
1.716187e+03;1.570580e-21
1.716287e+03;1.570489e-21
1.716387e+03;1.570398e-21
1.716487e+03;1.570307e-21
1.716587e+03;1.570215e-21
1.716687e+03;1.570124e-21
1.716787e+03;1.570033e-21
1.716887e+03;1.569942e-21
1.716987e+03;1.569851e-21
1.717087e+03;1.569759e-21
1.717187e+03;1.569668e-21
1.717287e+03;1.569577e-21
1.717387e+03;1.569486e-21
1.717487e+03;1.569395e-21
1.717587e+03;1.569304e-21
1.717687e+03;1.569212e-21
1.717787e+03;1.569121e-21
1.717887e+03;1.569030e-21
1.717987e+03;1.568939e-21
1.718087e+03;1.568848e-21
1.718187e+03;1.568757e-21
1.718287e+03;1.568666e-21
1.718387e+03;1.568575e-21
1.718487e+03;1.568484e-21
1.718587e+03;1.568393e-21
1.718687e+03;1.568302e-21
1.718787e+03;1.568211e-21
1.718887e+03;1.568120e-21
1.718987e+03;1.568029e-21
1.719087e+03;1.567938e-21
1.719187e+03;1.567847e-21
1.719287e+03;1.567756e-21
1.719387e+03;1.567665e-21
1.719487e+03;1.567574e-21
1.719587e+03;1.567483e-21
1.719687e+03;1.567392e-21
1.719787e+03;1.567301e-21
1.719887e+03;1.567210e-21
1.719987e+03;1.567119e-21
1.720087e+03;1.567028e-21
1.720187e+03;1.566938e-21
1.720287e+03;1.566847e-21
1.720387e+03;1.566756e-21
1.720487e+03;1.566665e-21
1.720587e+03;1.566574e-21
1.720687e+03;1.566483e-21
1.720787e+03;1.566393e-21
1.720887e+03;1.566302e-21
1.720987e+03;1.566211e-21
1.721087e+03;1.566120e-21
1.721187e+03;1.566030e-21
1.721287e+03;1.565939e-21
1.721387e+03;1.565848e-21
1.721487e+03;1.565757e-21
1.721587e+03;1.565667e-21
1.721687e+03;1.565576e-21
1.721787e+03;1.565485e-21
1.721887e+03;1.565395e-21
1.721987e+03;1.565304e-21
1.722087e+03;1.565213e-21
1.722187e+03;1.565123e-21
1.722288e+03;1.565032e-21
1.722388e+03;1.564941e-21
1.722488e+03;1.564851e-21
1.722588e+03;1.564760e-21
1.722688e+03;1.564669e-21
1.722788e+03;1.564579e-21
1.722888e+03;1.564488e-21
1.722988e+03;1.564398e-21
1.723088e+03;1.564307e-21
1.723188e+03;1.564217e-21
1.723288e+03;1.564126e-21
1.723388e+03;1.564035e-21
1.723488e+03;1.563945e-21
1.723588e+03;1.563854e-21
1.723688e+03;1.563764e-21
1.723788e+03;1.563673e-21
1.723888e+03;1.563583e-21
1.723988e+03;1.563493e-21
1.724088e+03;1.563402e-21
1.724188e+03;1.563312e-21
1.724288e+03;1.563221e-21
1.724388e+03;1.563131e-21
1.724488e+03;1.563040e-21
1.724588e+03;1.562950e-21
1.724688e+03;1.562860e-21
1.724788e+03;1.562769e-21
1.724888e+03;1.562679e-21
1.724988e+03;1.562588e-21
1.725088e+03;1.562498e-21
1.725188e+03;1.562408e-21
1.725288e+03;1.562317e-21
1.725388e+03;1.562227e-21
1.725488e+03;1.562137e-21
1.725588e+03;1.562046e-21
1.725688e+03;1.561956e-21
1.725788e+03;1.561866e-21
1.725888e+03;1.561776e-21
1.725988e+03;1.561685e-21
1.726088e+03;1.561595e-21
1.726188e+03;1.561505e-21
1.726288e+03;1.561415e-21
1.726388e+03;1.561324e-21
1.726488e+03;1.561234e-21
1.726588e+03;1.561144e-21
1.726688e+03;1.561054e-21
1.726788e+03;1.560964e-21
1.726888e+03;1.560874e-21
1.726988e+03;1.560783e-21
1.727088e+03;1.560693e-21
1.727188e+03;1.560603e-21
1.727288e+03;1.560513e-21
1.727388e+03;1.560423e-21
1.727488e+03;1.560333e-21
1.727588e+03;1.560243e-21
1.727688e+03;1.560153e-21
1.727788e+03;1.560063e-21
1.727888e+03;1.559972e-21
1.727988e+03;1.559882e-21
1.728088e+03;1.559792e-21
1.728188e+03;1.559702e-21
1.728288e+03;1.559612e-21
1.728388e+03;1.559522e-21
1.728488e+03;1.559432e-21
1.728588e+03;1.559342e-21
1.728688e+03;1.559252e-21
1.728788e+03;1.559162e-21
1.728888e+03;1.559072e-21
1.728988e+03;1.558983e-21
1.729088e+03;1.558893e-21
1.729188e+03;1.558803e-21
1.729288e+03;1.558713e-21
1.729388e+03;1.558623e-21
1.729488e+03;1.558533e-21
1.729588e+03;1.558443e-21
1.729688e+03;1.558353e-21
1.729788e+03;1.558263e-21
1.729888e+03;1.558173e-21
1.729988e+03;1.558084e-21
1.730088e+03;1.557994e-21
1.730188e+03;1.557904e-21
1.730288e+03;1.557814e-21
1.730388e+03;1.557724e-21
1.730488e+03;1.557635e-21
1.730588e+03;1.557545e-21
1.730688e+03;1.557455e-21
1.730788e+03;1.557365e-21
1.730888e+03;1.557276e-21
1.730988e+03;1.557186e-21
1.731088e+03;1.557096e-21
1.731188e+03;1.557006e-21
1.731288e+03;1.556917e-21
1.731388e+03;1.556827e-21
1.731488e+03;1.556737e-21
1.731588e+03;1.556648e-21
1.731688e+03;1.556558e-21
1.731788e+03;1.556468e-21
1.731888e+03;1.556379e-21
1.731988e+03;1.556289e-21
1.732088e+03;1.556199e-21
1.732188e+03;1.556110e-21
1.732288e+03;1.556020e-21
1.732388e+03;1.555931e-21
1.732488e+03;1.555841e-21
1.732588e+03;1.555751e-21
1.732688e+03;1.555662e-21
1.732788e+03;1.555572e-21
1.732888e+03;1.555483e-21
1.732988e+03;1.555393e-21
1.733088e+03;1.555304e-21
1.733188e+03;1.555214e-21
1.733288e+03;1.555125e-21
1.733388e+03;1.555035e-21
1.733488e+03;1.554946e-21
1.733588e+03;1.554856e-21
1.733688e+03;1.554767e-21
1.733788e+03;1.554677e-21
1.733888e+03;1.554588e-21
1.733988e+03;1.554498e-21
1.734088e+03;1.554409e-21
1.734188e+03;1.554320e-21
1.734288e+03;1.554230e-21
1.734388e+03;1.554141e-21
1.734488e+03;1.554051e-21
1.734588e+03;1.553962e-21
1.734688e+03;1.553873e-21
1.734788e+03;1.553783e-21
1.734888e+03;1.553694e-21
1.734988e+03;1.553605e-21
1.735088e+03;1.553515e-21
1.735188e+03;1.553426e-21
1.735288e+03;1.553337e-21
1.735388e+03;1.553248e-21
1.735488e+03;1.553158e-21
1.735588e+03;1.553069e-21
1.735688e+03;1.552980e-21
1.735788e+03;1.552891e-21
1.735888e+03;1.552801e-21
1.735988e+03;1.552712e-21
1.736088e+03;1.552623e-21
1.736188e+03;1.552534e-21
1.736288e+03;1.552444e-21
1.736388e+03;1.552355e-21
1.736488e+03;1.552266e-21
1.736588e+03;1.552177e-21
1.736688e+03;1.552088e-21
1.736788e+03;1.551999e-21
1.736888e+03;1.551910e-21
1.736988e+03;1.551820e-21
1.737088e+03;1.551731e-21
1.737188e+03;1.551642e-21
1.737288e+03;1.551553e-21
1.737388e+03;1.551464e-21
1.737488e+03;1.551375e-21
1.737588e+03;1.551286e-21
1.737688e+03;1.551197e-21
1.737788e+03;1.551108e-21
1.737888e+03;1.551019e-21
1.737988e+03;1.550930e-21
1.738088e+03;1.550841e-21
1.738188e+03;1.550752e-21
1.738288e+03;1.550663e-21
1.738388e+03;1.550574e-21
1.738488e+03;1.550485e-21
1.738588e+03;1.550396e-21
1.738688e+03;1.550307e-21
1.738788e+03;1.550218e-21
1.738888e+03;1.550129e-21
1.738988e+03;1.550040e-21
1.739088e+03;1.549951e-21
1.739188e+03;1.549862e-21
1.739288e+03;1.549773e-21
1.739388e+03;1.549685e-21
1.739488e+03;1.549596e-21
1.739588e+03;1.549507e-21
1.739688e+03;1.549418e-21
1.739788e+03;1.549329e-21
1.739888e+03;1.549240e-21
1.739988e+03;1.549152e-21
1.740088e+03;1.549063e-21
1.740188e+03;1.548974e-21
1.740288e+03;1.548885e-21
1.740388e+03;1.548796e-21
1.740488e+03;1.548708e-21
1.740588e+03;1.548619e-21
1.740688e+03;1.548530e-21
1.740788e+03;1.548441e-21
1.740888e+03;1.548353e-21
1.740988e+03;1.548264e-21
1.741088e+03;1.548175e-21
1.741188e+03;1.548087e-21
1.741288e+03;1.547998e-21
1.741388e+03;1.547909e-21
1.741488e+03;1.547821e-21
1.741588e+03;1.547732e-21
1.741688e+03;1.547643e-21
1.741788e+03;1.547555e-21
1.741888e+03;1.547466e-21
1.741988e+03;1.547377e-21
1.742088e+03;1.547289e-21
1.742188e+03;1.547200e-21
1.742288e+03;1.547112e-21
1.742388e+03;1.547023e-21
1.742488e+03;1.546934e-21
1.742588e+03;1.546846e-21
1.742688e+03;1.546757e-21
1.742788e+03;1.546669e-21
1.742888e+03;1.546580e-21
1.742988e+03;1.546492e-21
1.743088e+03;1.546403e-21
1.743188e+03;1.546315e-21
1.743288e+03;1.546226e-21
1.743388e+03;1.546138e-21
1.743488e+03;1.546049e-21
1.743588e+03;1.545961e-21
1.743688e+03;1.545873e-21
1.743788e+03;1.545784e-21
1.743888e+03;1.545696e-21
1.743988e+03;1.545607e-21
1.744088e+03;1.545519e-21
1.744188e+03;1.545430e-21
1.744288e+03;1.545342e-21
1.744388e+03;1.545254e-21
1.744489e+03;1.545165e-21
1.744589e+03;1.545077e-21
1.744689e+03;1.544989e-21
1.744789e+03;1.544900e-21
1.744889e+03;1.544812e-21
1.744989e+03;1.544724e-21
1.745089e+03;1.544635e-21
1.745189e+03;1.544547e-21
1.745289e+03;1.544459e-21
1.745389e+03;1.544371e-21
1.745489e+03;1.544282e-21
1.745589e+03;1.544194e-21
1.745689e+03;1.544106e-21
1.745789e+03;1.544018e-21
1.745889e+03;1.543929e-21
1.745989e+03;1.543841e-21
1.746089e+03;1.543753e-21
1.746189e+03;1.543665e-21
1.746289e+03;1.543577e-21
1.746389e+03;1.543488e-21
1.746489e+03;1.543400e-21
1.746589e+03;1.543312e-21
1.746689e+03;1.543224e-21
1.746789e+03;1.543136e-21
1.746889e+03;1.543048e-21
1.746989e+03;1.542960e-21
1.747089e+03;1.542872e-21
1.747189e+03;1.542784e-21
1.747289e+03;1.542695e-21
1.747389e+03;1.542607e-21
1.747489e+03;1.542519e-21
1.747589e+03;1.542431e-21
1.747689e+03;1.542343e-21
1.747789e+03;1.542255e-21
1.747889e+03;1.542167e-21
1.747989e+03;1.542079e-21
1.748089e+03;1.541991e-21
1.748189e+03;1.541903e-21
1.748289e+03;1.541815e-21
1.748389e+03;1.541727e-21
1.748489e+03;1.541639e-21
1.748589e+03;1.541551e-21
1.748689e+03;1.541463e-21
1.748789e+03;1.541376e-21
1.748889e+03;1.541288e-21
1.748989e+03;1.541200e-21
1.749089e+03;1.541112e-21
1.749189e+03;1.541024e-21
1.749289e+03;1.540936e-21
1.749389e+03;1.540848e-21
1.749489e+03;1.540760e-21
1.749589e+03;1.540672e-21
1.749689e+03;1.540585e-21
1.749789e+03;1.540497e-21
1.749889e+03;1.540409e-21
1.749989e+03;1.540321e-21
1.750089e+03;1.540233e-21
1.750189e+03;1.540146e-21
1.750289e+03;1.540058e-21
1.750389e+03;1.539970e-21
1.750489e+03;1.539882e-21
1.750589e+03;1.539795e-21
1.750689e+03;1.539707e-21
1.750789e+03;1.539619e-21
1.750889e+03;1.539531e-21
1.750989e+03;1.539444e-21
1.751089e+03;1.539356e-21
1.751189e+03;1.539268e-21
1.751289e+03;1.539181e-21
1.751389e+03;1.539093e-21
1.751489e+03;1.539005e-21
1.751589e+03;1.538918e-21
1.751689e+03;1.538830e-21
1.751789e+03;1.538742e-21
1.751889e+03;1.538655e-21
1.751989e+03;1.538567e-21
1.752089e+03;1.538480e-21
1.752189e+03;1.538392e-21
1.752289e+03;1.538304e-21
1.752389e+03;1.538217e-21
1.752489e+03;1.538129e-21
1.752589e+03;1.538042e-21
1.752689e+03;1.537954e-21
1.752789e+03;1.537867e-21
1.752889e+03;1.537779e-21
1.752989e+03;1.537692e-21
1.753089e+03;1.537604e-21
1.753189e+03;1.537517e-21
1.753289e+03;1.537429e-21
1.753389e+03;1.537342e-21
1.753489e+03;1.537254e-21
1.753589e+03;1.537167e-21
1.753689e+03;1.537079e-21
1.753789e+03;1.536992e-21
1.753889e+03;1.536905e-21
1.753989e+03;1.536817e-21
1.754089e+03;1.536730e-21
1.754189e+03;1.536642e-21
1.754289e+03;1.536555e-21
1.754389e+03;1.536468e-21
1.754489e+03;1.536380e-21
1.754589e+03;1.536293e-21
1.754689e+03;1.536206e-21
1.754789e+03;1.536118e-21
1.754889e+03;1.536031e-21
1.754989e+03;1.535944e-21
1.755089e+03;1.535856e-21
1.755189e+03;1.535769e-21
1.755289e+03;1.535682e-21
1.755389e+03;1.535595e-21
1.755489e+03;1.535507e-21
1.755589e+03;1.535420e-21
1.755689e+03;1.535333e-21
1.755789e+03;1.535246e-21
1.755889e+03;1.535158e-21
1.755989e+03;1.535071e-21
1.756089e+03;1.534984e-21
1.756189e+03;1.534897e-21
1.756289e+03;1.534810e-21
1.756389e+03;1.534722e-21
1.756489e+03;1.534635e-21
1.756589e+03;1.534548e-21
1.756689e+03;1.534461e-21
1.756789e+03;1.534374e-21
1.756889e+03;1.534287e-21
1.756989e+03;1.534200e-21
1.757089e+03;1.534113e-21
1.757189e+03;1.534025e-21
1.757289e+03;1.533938e-21
1.757389e+03;1.533851e-21
1.757489e+03;1.533764e-21
1.757589e+03;1.533677e-21
1.757689e+03;1.533590e-21
1.757789e+03;1.533503e-21
1.757889e+03;1.533416e-21
1.757989e+03;1.533329e-21
1.758089e+03;1.533242e-21
1.758189e+03;1.533155e-21
1.758289e+03;1.533068e-21
1.758389e+03;1.532981e-21
1.758489e+03;1.532894e-21
1.758589e+03;1.532807e-21
1.758689e+03;1.532720e-21
1.758789e+03;1.532633e-21
1.758889e+03;1.532546e-21
1.758989e+03;1.532460e-21
1.759089e+03;1.532373e-21
1.759189e+03;1.532286e-21
1.759289e+03;1.532199e-21
1.759389e+03;1.532112e-21
1.759489e+03;1.532025e-21
1.759589e+03;1.531938e-21
1.759689e+03;1.531851e-21
1.759789e+03;1.531765e-21
1.759889e+03;1.531678e-21
1.759989e+03;1.531591e-21
1.760089e+03;1.531504e-21
1.760189e+03;1.531417e-21
1.760289e+03;1.531331e-21
1.760389e+03;1.531244e-21
1.760489e+03;1.531157e-21
1.760589e+03;1.531070e-21
1.760689e+03;1.530984e-21
1.760789e+03;1.530897e-21
1.760889e+03;1.530810e-21
1.760989e+03;1.530723e-21
1.761089e+03;1.530637e-21
1.761189e+03;1.530550e-21
1.761289e+03;1.530463e-21
1.761389e+03;1.530377e-21
1.761489e+03;1.530290e-21
1.761589e+03;1.530203e-21
1.761689e+03;1.530117e-21
1.761789e+03;1.530030e-21
1.761889e+03;1.529943e-21
1.761989e+03;1.529857e-21
1.762089e+03;1.529770e-21
1.762189e+03;1.529684e-21
1.762289e+03;1.529597e-21
1.762389e+03;1.529510e-21
1.762489e+03;1.529424e-21
1.762589e+03;1.529337e-21
1.762689e+03;1.529251e-21
1.762789e+03;1.529164e-21
1.762889e+03;1.529078e-21
1.762989e+03;1.528991e-21
1.763089e+03;1.528905e-21
1.763189e+03;1.528818e-21
1.763289e+03;1.528732e-21
1.763389e+03;1.528645e-21
1.763489e+03;1.528559e-21
1.763589e+03;1.528472e-21
1.763689e+03;1.528386e-21
1.763789e+03;1.528299e-21
1.763889e+03;1.528213e-21
1.763989e+03;1.528126e-21
1.764089e+03;1.528040e-21
1.764189e+03;1.527954e-21
1.764289e+03;1.527867e-21
1.764389e+03;1.527781e-21
1.764489e+03;1.527695e-21
1.764589e+03;1.527608e-21
1.764689e+03;1.527522e-21
1.764789e+03;1.527435e-21
1.764889e+03;1.527349e-21
1.764989e+03;1.527263e-21
1.765089e+03;1.527176e-21
1.765189e+03;1.527090e-21
1.765289e+03;1.527004e-21
1.765389e+03;1.526918e-21
1.765489e+03;1.526831e-21
1.765589e+03;1.526745e-21
1.765689e+03;1.526659e-21
1.765789e+03;1.526573e-21
1.765889e+03;1.526486e-21
1.765989e+03;1.526400e-21
1.766089e+03;1.526314e-21
1.766189e+03;1.526228e-21
1.766289e+03;1.526141e-21
1.766389e+03;1.526055e-21
1.766489e+03;1.525969e-21
1.766589e+03;1.525883e-21
1.766690e+03;1.525797e-21
1.766790e+03;1.525711e-21
1.766890e+03;1.525625e-21
1.766990e+03;1.525538e-21
1.767090e+03;1.525452e-21
1.767190e+03;1.525366e-21
1.767290e+03;1.525280e-21
1.767390e+03;1.525194e-21
1.767490e+03;1.525108e-21
1.767590e+03;1.525022e-21
1.767690e+03;1.524936e-21
1.767790e+03;1.524850e-21
1.767890e+03;1.524764e-21
1.767990e+03;1.524678e-21
1.768090e+03;1.524592e-21
1.768190e+03;1.524506e-21
1.768290e+03;1.524420e-21
1.768390e+03;1.524334e-21
1.768490e+03;1.524248e-21
1.768590e+03;1.524162e-21
1.768690e+03;1.524076e-21
1.768790e+03;1.523990e-21
1.768890e+03;1.523904e-21
1.768990e+03;1.523818e-21
1.769090e+03;1.523732e-21
1.769190e+03;1.523646e-21
1.769290e+03;1.523560e-21
1.769390e+03;1.523474e-21
1.769490e+03;1.523388e-21
1.769590e+03;1.523302e-21
1.769690e+03;1.523217e-21
1.769790e+03;1.523131e-21
1.769890e+03;1.523045e-21
1.769990e+03;1.522959e-21
1.770090e+03;1.522873e-21
1.770190e+03;1.522787e-21
1.770290e+03;1.522702e-21
1.770390e+03;1.522616e-21
1.770490e+03;1.522530e-21
1.770590e+03;1.522444e-21
1.770690e+03;1.522358e-21
1.770790e+03;1.522273e-21
1.770890e+03;1.522187e-21
1.770990e+03;1.522101e-21
1.771090e+03;1.522015e-21
1.771190e+03;1.521930e-21
1.771290e+03;1.521844e-21
1.771390e+03;1.521758e-21
1.771490e+03;1.521673e-21
1.771590e+03;1.521587e-21
1.771690e+03;1.521501e-21
1.771790e+03;1.521416e-21
1.771890e+03;1.521330e-21
1.771990e+03;1.521244e-21
1.772090e+03;1.521159e-21
1.772190e+03;1.521073e-21
1.772290e+03;1.520987e-21
1.772390e+03;1.520902e-21
1.772490e+03;1.520816e-21
1.772590e+03;1.520731e-21
1.772690e+03;1.520645e-21
1.772790e+03;1.520560e-21
1.772890e+03;1.520474e-21
1.772990e+03;1.520388e-21
1.773090e+03;1.520303e-21
1.773190e+03;1.520217e-21
1.773290e+03;1.520132e-21
1.773390e+03;1.520046e-21
1.773490e+03;1.519961e-21
1.773590e+03;1.519875e-21
1.773690e+03;1.519790e-21
1.773790e+03;1.519704e-21
1.773890e+03;1.519619e-21
1.773990e+03;1.519533e-21
1.774090e+03;1.519448e-21
1.774190e+03;1.519363e-21
1.774290e+03;1.519277e-21
1.774390e+03;1.519192e-21
1.774490e+03;1.519106e-21
1.774590e+03;1.519021e-21
1.774690e+03;1.518936e-21
1.774790e+03;1.518850e-21
1.774890e+03;1.518765e-21
1.774990e+03;1.518680e-21
1.775090e+03;1.518594e-21
1.775190e+03;1.518509e-21
1.775290e+03;1.518423e-21
1.775390e+03;1.518338e-21
1.775490e+03;1.518253e-21
1.775590e+03;1.518168e-21
1.775690e+03;1.518082e-21
1.775790e+03;1.517997e-21
1.775890e+03;1.517912e-21
1.775990e+03;1.517826e-21
1.776090e+03;1.517741e-21
1.776190e+03;1.517656e-21
1.776290e+03;1.517571e-21
1.776390e+03;1.517486e-21
1.776490e+03;1.517400e-21
1.776590e+03;1.517315e-21
1.776690e+03;1.517230e-21
1.776790e+03;1.517145e-21
1.776890e+03;1.517060e-21
1.776990e+03;1.516974e-21
1.777090e+03;1.516889e-21
1.777190e+03;1.516804e-21
1.777290e+03;1.516719e-21
1.777390e+03;1.516634e-21
1.777490e+03;1.516549e-21
1.777590e+03;1.516464e-21
1.777690e+03;1.516379e-21
1.777790e+03;1.516293e-21
1.777890e+03;1.516208e-21
1.777990e+03;1.516123e-21
1.778090e+03;1.516038e-21
1.778190e+03;1.515953e-21
1.778290e+03;1.515868e-21
1.778390e+03;1.515783e-21
1.778490e+03;1.515698e-21
1.778590e+03;1.515613e-21
1.778690e+03;1.515528e-21
1.778790e+03;1.515443e-21
1.778890e+03;1.515358e-21
1.778990e+03;1.515273e-21
1.779090e+03;1.515188e-21
1.779190e+03;1.515103e-21
1.779290e+03;1.515018e-21
1.779390e+03;1.514933e-21
1.779490e+03;1.514848e-21
1.779590e+03;1.514763e-21
1.779690e+03;1.514679e-21
1.779790e+03;1.514594e-21
1.779890e+03;1.514509e-21
1.779990e+03;1.514424e-21
1.780090e+03;1.514339e-21
1.780190e+03;1.514254e-21
1.780290e+03;1.514169e-21
1.780390e+03;1.514085e-21
1.780490e+03;1.514000e-21
1.780590e+03;1.513915e-21
1.780690e+03;1.513830e-21
1.780790e+03;1.513745e-21
1.780890e+03;1.513660e-21
1.780990e+03;1.513576e-21
1.781090e+03;1.513491e-21
1.781190e+03;1.513406e-21
1.781290e+03;1.513321e-21
1.781390e+03;1.513237e-21
1.781490e+03;1.513152e-21
1.781590e+03;1.513067e-21
1.781690e+03;1.512982e-21
1.781790e+03;1.512898e-21
1.781890e+03;1.512813e-21
1.781990e+03;1.512728e-21
1.782090e+03;1.512644e-21
1.782190e+03;1.512559e-21
1.782290e+03;1.512474e-21
1.782390e+03;1.512390e-21
1.782490e+03;1.512305e-21
1.782590e+03;1.512220e-21
1.782690e+03;1.512136e-21
1.782790e+03;1.512051e-21
1.782890e+03;1.511967e-21
1.782990e+03;1.511882e-21
1.783090e+03;1.511797e-21
1.783190e+03;1.511713e-21
1.783290e+03;1.511628e-21
1.783390e+03;1.511544e-21
1.783490e+03;1.511459e-21
1.783590e+03;1.511375e-21
1.783690e+03;1.511290e-21
1.783790e+03;1.511206e-21
1.783890e+03;1.511121e-21
1.783990e+03;1.511037e-21
1.784090e+03;1.510952e-21
1.784190e+03;1.510868e-21
1.784290e+03;1.510783e-21
1.784390e+03;1.510699e-21
1.784490e+03;1.510614e-21
1.784590e+03;1.510530e-21
1.784690e+03;1.510445e-21
1.784790e+03;1.510361e-21
1.784890e+03;1.510277e-21
1.784990e+03;1.510192e-21
1.785090e+03;1.510108e-21
1.785190e+03;1.510023e-21
1.785290e+03;1.509939e-21
1.785390e+03;1.509855e-21
1.785490e+03;1.509770e-21
1.785590e+03;1.509686e-21
1.785690e+03;1.509602e-21
1.785790e+03;1.509517e-21
1.785890e+03;1.509433e-21
1.785990e+03;1.509349e-21
1.786090e+03;1.509264e-21
1.786190e+03;1.509180e-21
1.786290e+03;1.509096e-21
1.786390e+03;1.509011e-21
1.786490e+03;1.508927e-21
1.786590e+03;1.508843e-21
1.786690e+03;1.508759e-21
1.786790e+03;1.508674e-21
1.786890e+03;1.508590e-21
1.786990e+03;1.508506e-21
1.787090e+03;1.508422e-21
1.787190e+03;1.508338e-21
1.787290e+03;1.508253e-21
1.787390e+03;1.508169e-21
1.787490e+03;1.508085e-21
1.787590e+03;1.508001e-21
1.787690e+03;1.507917e-21
1.787790e+03;1.507833e-21
1.787890e+03;1.507748e-21
1.787990e+03;1.507664e-21
1.788090e+03;1.507580e-21
1.788190e+03;1.507496e-21
1.788290e+03;1.507412e-21
1.788390e+03;1.507328e-21
1.788490e+03;1.507244e-21
1.788590e+03;1.507160e-21
1.788690e+03;1.507076e-21
1.788790e+03;1.506992e-21
1.788891e+03;1.506908e-21
1.788991e+03;1.506824e-21
1.789091e+03;1.506740e-21
1.789191e+03;1.506656e-21
1.789291e+03;1.506572e-21
1.789391e+03;1.506488e-21
1.789491e+03;1.506404e-21
1.789591e+03;1.506320e-21
1.789691e+03;1.506236e-21
1.789791e+03;1.506152e-21
1.789891e+03;1.506068e-21
1.789991e+03;1.505984e-21
1.790091e+03;1.505900e-21
1.790191e+03;1.505816e-21
1.790291e+03;1.505732e-21
1.790391e+03;1.505648e-21
1.790491e+03;1.505564e-21
1.790591e+03;1.505480e-21
1.790691e+03;1.505397e-21
1.790791e+03;1.505313e-21
1.790891e+03;1.505229e-21
1.790991e+03;1.505145e-21
1.791091e+03;1.505061e-21
1.791191e+03;1.504977e-21
1.791291e+03;1.504894e-21
1.791391e+03;1.504810e-21
1.791491e+03;1.504726e-21
1.791591e+03;1.504642e-21
1.791691e+03;1.504558e-21
1.791791e+03;1.504475e-21
1.791891e+03;1.504391e-21
1.791991e+03;1.504307e-21
1.792091e+03;1.504223e-21
1.792191e+03;1.504140e-21
1.792291e+03;1.504056e-21
1.792391e+03;1.503972e-21
1.792491e+03;1.503889e-21
1.792591e+03;1.503805e-21
1.792691e+03;1.503721e-21
1.792791e+03;1.503638e-21
1.792891e+03;1.503554e-21
1.792991e+03;1.503470e-21
1.793091e+03;1.503387e-21
1.793191e+03;1.503303e-21
1.793291e+03;1.503219e-21
1.793391e+03;1.503136e-21
1.793491e+03;1.503052e-21
1.793591e+03;1.502968e-21
1.793691e+03;1.502885e-21
1.793791e+03;1.502801e-21
1.793891e+03;1.502718e-21
1.793991e+03;1.502634e-21
1.794091e+03;1.502551e-21
1.794191e+03;1.502467e-21
1.794291e+03;1.502384e-21
1.794391e+03;1.502300e-21
1.794491e+03;1.502216e-21
1.794591e+03;1.502133e-21
1.794691e+03;1.502049e-21
1.794791e+03;1.501966e-21
1.794891e+03;1.501883e-21
1.794991e+03;1.501799e-21
1.795091e+03;1.501716e-21
1.795191e+03;1.501632e-21
1.795291e+03;1.501549e-21
1.795391e+03;1.501465e-21
1.795491e+03;1.501382e-21
1.795591e+03;1.501298e-21
1.795691e+03;1.501215e-21
1.795791e+03;1.501132e-21
1.795891e+03;1.501048e-21
1.795991e+03;1.500965e-21
1.796091e+03;1.500882e-21
1.796191e+03;1.500798e-21
1.796291e+03;1.500715e-21
1.796391e+03;1.500631e-21
1.796491e+03;1.500548e-21
1.796591e+03;1.500465e-21
1.796691e+03;1.500382e-21
1.796791e+03;1.500298e-21
1.796891e+03;1.500215e-21
1.796991e+03;1.500132e-21
1.797091e+03;1.500048e-21
1.797191e+03;1.499965e-21
1.797291e+03;1.499882e-21
1.797391e+03;1.499799e-21
1.797491e+03;1.499715e-21
1.797591e+03;1.499632e-21
1.797691e+03;1.499549e-21
1.797791e+03;1.499466e-21
1.797891e+03;1.499382e-21
1.797991e+03;1.499299e-21
1.798091e+03;1.499216e-21
1.798191e+03;1.499133e-21
1.798291e+03;1.499050e-21
1.798391e+03;1.498967e-21
1.798491e+03;1.498883e-21
1.798591e+03;1.498800e-21
1.798691e+03;1.498717e-21
1.798791e+03;1.498634e-21
1.798891e+03;1.498551e-21
1.798991e+03;1.498468e-21
1.799091e+03;1.498385e-21
1.799191e+03;1.498302e-21
1.799291e+03;1.498219e-21
1.799391e+03;1.498136e-21
1.799491e+03;1.498053e-21
1.799591e+03;1.497969e-21
1.799691e+03;1.497886e-21
1.799791e+03;1.497803e-21
1.799891e+03;1.497720e-21
1.799991e+03;1.497637e-21
1.800091e+03;1.497554e-21
1.800191e+03;1.497471e-21
1.800291e+03;1.497388e-21
1.800391e+03;1.497305e-21
1.800491e+03;1.497223e-21
1.800591e+03;1.497140e-21
1.800691e+03;1.497057e-21
1.800791e+03;1.496974e-21
1.800891e+03;1.496891e-21
1.800991e+03;1.496808e-21
1.801091e+03;1.496725e-21
1.801191e+03;1.496642e-21
1.801291e+03;1.496559e-21
1.801391e+03;1.496476e-21
1.801491e+03;1.496393e-21
1.801591e+03;1.496311e-21
1.801691e+03;1.496228e-21
1.801791e+03;1.496145e-21
1.801891e+03;1.496062e-21
1.801991e+03;1.495979e-21
1.802091e+03;1.495896e-21
1.802191e+03;1.495814e-21
1.802291e+03;1.495731e-21
1.802391e+03;1.495648e-21
1.802491e+03;1.495565e-21
1.802591e+03;1.495482e-21
1.802691e+03;1.495400e-21
1.802791e+03;1.495317e-21
1.802891e+03;1.495234e-21
1.802991e+03;1.495151e-21
1.803091e+03;1.495069e-21
1.803191e+03;1.494986e-21
1.803291e+03;1.494903e-21
1.803391e+03;1.494821e-21
1.803491e+03;1.494738e-21
1.803591e+03;1.494655e-21
1.803691e+03;1.494573e-21
1.803791e+03;1.494490e-21
1.803891e+03;1.494407e-21
1.803991e+03;1.494325e-21
1.804091e+03;1.494242e-21
1.804191e+03;1.494159e-21
1.804291e+03;1.494077e-21
1.804391e+03;1.493994e-21
1.804491e+03;1.493912e-21
1.804591e+03;1.493829e-21
1.804691e+03;1.493746e-21
1.804791e+03;1.493664e-21
1.804891e+03;1.493581e-21
1.804991e+03;1.493499e-21
1.805091e+03;1.493416e-21
1.805191e+03;1.493334e-21
1.805291e+03;1.493251e-21
1.805391e+03;1.493169e-21
1.805491e+03;1.493086e-21
1.805591e+03;1.493004e-21
1.805691e+03;1.492921e-21
1.805791e+03;1.492839e-21
1.805891e+03;1.492756e-21
1.805991e+03;1.492674e-21
1.806091e+03;1.492591e-21
1.806191e+03;1.492509e-21
1.806291e+03;1.492426e-21
1.806391e+03;1.492344e-21
1.806491e+03;1.492262e-21
1.806591e+03;1.492179e-21
1.806691e+03;1.492097e-21
1.806791e+03;1.492014e-21
1.806891e+03;1.491932e-21
1.806991e+03;1.491850e-21
1.807091e+03;1.491767e-21
1.807191e+03;1.491685e-21
1.807291e+03;1.491603e-21
1.807391e+03;1.491520e-21
1.807491e+03;1.491438e-21
1.807591e+03;1.491356e-21
1.807691e+03;1.491273e-21
1.807791e+03;1.491191e-21
1.807891e+03;1.491109e-21
1.807991e+03;1.491027e-21
1.808091e+03;1.490944e-21
1.808191e+03;1.490862e-21
1.808291e+03;1.490780e-21
1.808391e+03;1.490697e-21
1.808491e+03;1.490615e-21
1.808591e+03;1.490533e-21
1.808691e+03;1.490451e-21
1.808791e+03;1.490369e-21
1.808891e+03;1.490286e-21
1.808991e+03;1.490204e-21
1.809091e+03;1.490122e-21
1.809191e+03;1.490040e-21
1.809291e+03;1.489958e-21
1.809391e+03;1.489876e-21
1.809491e+03;1.489793e-21
1.809591e+03;1.489711e-21
1.809691e+03;1.489629e-21
1.809791e+03;1.489547e-21
1.809891e+03;1.489465e-21
1.809991e+03;1.489383e-21
1.810091e+03;1.489301e-21
1.810191e+03;1.489219e-21
1.810291e+03;1.489137e-21
1.810391e+03;1.489055e-21
1.810491e+03;1.488973e-21
1.810591e+03;1.488891e-21
1.810691e+03;1.488808e-21
1.810791e+03;1.488726e-21
1.810891e+03;1.488644e-21
1.810991e+03;1.488562e-21
1.811091e+03;1.488480e-21
1.811192e+03;1.488398e-21
1.811292e+03;1.488316e-21
1.811392e+03;1.488235e-21
1.811492e+03;1.488153e-21
1.811592e+03;1.488071e-21
1.811692e+03;1.487989e-21
1.811792e+03;1.487907e-21
1.811892e+03;1.487825e-21
1.811992e+03;1.487743e-21
1.812092e+03;1.487661e-21
1.812192e+03;1.487579e-21
1.812292e+03;1.487497e-21
1.812392e+03;1.487415e-21
1.812492e+03;1.487333e-21
1.812592e+03;1.487252e-21
1.812692e+03;1.487170e-21
1.812792e+03;1.487088e-21
1.812892e+03;1.487006e-21
1.812992e+03;1.486924e-21
1.813092e+03;1.486842e-21
1.813192e+03;1.486761e-21
1.813292e+03;1.486679e-21
1.813392e+03;1.486597e-21
1.813492e+03;1.486515e-21
1.813592e+03;1.486433e-21
1.813692e+03;1.486352e-21
1.813792e+03;1.486270e-21
1.813892e+03;1.486188e-21
1.813992e+03;1.486107e-21
1.814092e+03;1.486025e-21
1.814192e+03;1.485943e-21
1.814292e+03;1.485861e-21
1.814392e+03;1.485780e-21
1.814492e+03;1.485698e-21
1.814592e+03;1.485616e-21
1.814692e+03;1.485535e-21
1.814792e+03;1.485453e-21
1.814892e+03;1.485371e-21
1.814992e+03;1.485290e-21
1.815092e+03;1.485208e-21
1.815192e+03;1.485126e-21
1.815292e+03;1.485045e-21
1.815392e+03;1.484963e-21
1.815492e+03;1.484882e-21
1.815592e+03;1.484800e-21
1.815692e+03;1.484718e-21
1.815792e+03;1.484637e-21
1.815892e+03;1.484555e-21
1.815992e+03;1.484474e-21
1.816092e+03;1.484392e-21
1.816192e+03;1.484311e-21
1.816292e+03;1.484229e-21
1.816392e+03;1.484148e-21
1.816492e+03;1.484066e-21
1.816592e+03;1.483985e-21
1.816692e+03;1.483903e-21
1.816792e+03;1.483822e-21
1.816892e+03;1.483740e-21
1.816992e+03;1.483659e-21
1.817092e+03;1.483577e-21
1.817192e+03;1.483496e-21
1.817292e+03;1.483414e-21
1.817392e+03;1.483333e-21
1.817492e+03;1.483251e-21
1.817592e+03;1.483170e-21
1.817692e+03;1.483089e-21
1.817792e+03;1.483007e-21
1.817892e+03;1.482926e-21
1.817992e+03;1.482845e-21
1.818092e+03;1.482763e-21
1.818192e+03;1.482682e-21
1.818292e+03;1.482600e-21
1.818392e+03;1.482519e-21
1.818492e+03;1.482438e-21
1.818592e+03;1.482356e-21
1.818692e+03;1.482275e-21
1.818792e+03;1.482194e-21
1.818892e+03;1.482113e-21
1.818992e+03;1.482031e-21
1.819092e+03;1.481950e-21
1.819192e+03;1.481869e-21
1.819292e+03;1.481787e-21
1.819392e+03;1.481706e-21
1.819492e+03;1.481625e-21
1.819592e+03;1.481544e-21
1.819692e+03;1.481462e-21
1.819792e+03;1.481381e-21
1.819892e+03;1.481300e-21
1.819992e+03;1.481219e-21
1.820092e+03;1.481138e-21
1.820192e+03;1.481056e-21
1.820292e+03;1.480975e-21
1.820392e+03;1.480894e-21
1.820492e+03;1.480813e-21
1.820592e+03;1.480732e-21
1.820692e+03;1.480651e-21
1.820792e+03;1.480570e-21
1.820892e+03;1.480488e-21
1.820992e+03;1.480407e-21
1.821092e+03;1.480326e-21
1.821192e+03;1.480245e-21
1.821292e+03;1.480164e-21
1.821392e+03;1.480083e-21
1.821492e+03;1.480002e-21
1.821592e+03;1.479921e-21
1.821692e+03;1.479840e-21
1.821792e+03;1.479759e-21
1.821892e+03;1.479678e-21
1.821992e+03;1.479597e-21
1.822092e+03;1.479516e-21
1.822192e+03;1.479435e-21
1.822292e+03;1.479354e-21
1.822392e+03;1.479273e-21
1.822492e+03;1.479192e-21
1.822592e+03;1.479111e-21
1.822692e+03;1.479030e-21
1.822792e+03;1.478949e-21
1.822892e+03;1.478868e-21
1.822992e+03;1.478787e-21
1.823092e+03;1.478706e-21
1.823192e+03;1.478625e-21
1.823292e+03;1.478544e-21
1.823392e+03;1.478463e-21
1.823492e+03;1.478383e-21
1.823592e+03;1.478302e-21
1.823692e+03;1.478221e-21
1.823792e+03;1.478140e-21
1.823892e+03;1.478059e-21
1.823992e+03;1.477978e-21
1.824092e+03;1.477897e-21
1.824192e+03;1.477817e-21
1.824292e+03;1.477736e-21
1.824392e+03;1.477655e-21
1.824492e+03;1.477574e-21
1.824592e+03;1.477493e-21
1.824692e+03;1.477413e-21
1.824792e+03;1.477332e-21
1.824892e+03;1.477251e-21
1.824992e+03;1.477170e-21
1.825092e+03;1.477090e-21
1.825192e+03;1.477009e-21
1.825292e+03;1.476928e-21
1.825392e+03;1.476847e-21
1.825492e+03;1.476767e-21
1.825592e+03;1.476686e-21
1.825692e+03;1.476605e-21
1.825792e+03;1.476525e-21
1.825892e+03;1.476444e-21
1.825992e+03;1.476363e-21
1.826092e+03;1.476283e-21
1.826192e+03;1.476202e-21
1.826292e+03;1.476121e-21
1.826392e+03;1.476041e-21
1.826492e+03;1.475960e-21
1.826592e+03;1.475879e-21
1.826692e+03;1.475799e-21
1.826792e+03;1.475718e-21
1.826892e+03;1.475638e-21
1.826992e+03;1.475557e-21
1.827092e+03;1.475477e-21
1.827192e+03;1.475396e-21
1.827292e+03;1.475315e-21
1.827392e+03;1.475235e-21
1.827492e+03;1.475154e-21
1.827592e+03;1.475074e-21
1.827692e+03;1.474993e-21
1.827792e+03;1.474913e-21
1.827892e+03;1.474832e-21
1.827992e+03;1.474752e-21
1.828092e+03;1.474671e-21
1.828192e+03;1.474591e-21
1.828292e+03;1.474510e-21
1.828392e+03;1.474430e-21
1.828492e+03;1.474349e-21
1.828592e+03;1.474269e-21
1.828692e+03;1.474189e-21
1.828792e+03;1.474108e-21
1.828892e+03;1.474028e-21
1.828992e+03;1.473947e-21
1.829092e+03;1.473867e-21
1.829192e+03;1.473787e-21
1.829292e+03;1.473706e-21
1.829392e+03;1.473626e-21
1.829492e+03;1.473545e-21
1.829592e+03;1.473465e-21
1.829692e+03;1.473385e-21
1.829792e+03;1.473304e-21
1.829892e+03;1.473224e-21
1.829992e+03;1.473144e-21
1.830092e+03;1.473064e-21
1.830192e+03;1.472983e-21
1.830292e+03;1.472903e-21
1.830392e+03;1.472823e-21
1.830492e+03;1.472742e-21
1.830592e+03;1.472662e-21
1.830692e+03;1.472582e-21
1.830792e+03;1.472502e-21
1.830892e+03;1.472421e-21
1.830992e+03;1.472341e-21
1.831092e+03;1.472261e-21
1.831192e+03;1.472181e-21
1.831292e+03;1.472101e-21
1.831392e+03;1.472020e-21
1.831492e+03;1.471940e-21
1.831592e+03;1.471860e-21
1.831692e+03;1.471780e-21
1.831792e+03;1.471700e-21
1.831892e+03;1.471620e-21
1.831992e+03;1.471539e-21
1.832092e+03;1.471459e-21
1.832192e+03;1.471379e-21
1.832292e+03;1.471299e-21
1.832392e+03;1.471219e-21
1.832492e+03;1.471139e-21
1.832592e+03;1.471059e-21
1.832692e+03;1.470979e-21
1.832792e+03;1.470899e-21
1.832892e+03;1.470819e-21
1.832992e+03;1.470738e-21
1.833092e+03;1.470658e-21
1.833192e+03;1.470578e-21
1.833292e+03;1.470498e-21
1.833393e+03;1.470418e-21
1.833493e+03;1.470338e-21
1.833593e+03;1.470258e-21
1.833693e+03;1.470178e-21
1.833793e+03;1.470098e-21
1.833893e+03;1.470018e-21
1.833993e+03;1.469938e-21
1.834093e+03;1.469858e-21
1.834193e+03;1.469778e-21
1.834293e+03;1.469699e-21
1.834393e+03;1.469619e-21
1.834493e+03;1.469539e-21
1.834593e+03;1.469459e-21
1.834693e+03;1.469379e-21
1.834793e+03;1.469299e-21
1.834893e+03;1.469219e-21
1.834993e+03;1.469139e-21
1.835093e+03;1.469059e-21
1.835193e+03;1.468979e-21
1.835293e+03;1.468900e-21
1.835393e+03;1.468820e-21
1.835493e+03;1.468740e-21
1.835593e+03;1.468660e-21
1.835693e+03;1.468580e-21
1.835793e+03;1.468501e-21
1.835893e+03;1.468421e-21
1.835993e+03;1.468341e-21
1.836093e+03;1.468261e-21
1.836193e+03;1.468181e-21
1.836293e+03;1.468102e-21
1.836393e+03;1.468022e-21
1.836493e+03;1.467942e-21
1.836593e+03;1.467862e-21
1.836693e+03;1.467783e-21
1.836793e+03;1.467703e-21
1.836893e+03;1.467623e-21
1.836993e+03;1.467543e-21
1.837093e+03;1.467464e-21
1.837193e+03;1.467384e-21
1.837293e+03;1.467304e-21
1.837393e+03;1.467225e-21
1.837493e+03;1.467145e-21
1.837593e+03;1.467065e-21
1.837693e+03;1.466986e-21
1.837793e+03;1.466906e-21
1.837893e+03;1.466827e-21
1.837993e+03;1.466747e-21
1.838093e+03;1.466667e-21
1.838193e+03;1.466588e-21
1.838293e+03;1.466508e-21
1.838393e+03;1.466429e-21
1.838493e+03;1.466349e-21
1.838593e+03;1.466269e-21
1.838693e+03;1.466190e-21
1.838793e+03;1.466110e-21
1.838893e+03;1.466031e-21
1.838993e+03;1.465951e-21
1.839093e+03;1.465872e-21
1.839193e+03;1.465792e-21
1.839293e+03;1.465713e-21
1.839393e+03;1.465633e-21
1.839493e+03;1.465554e-21
1.839593e+03;1.465474e-21
1.839693e+03;1.465395e-21
1.839793e+03;1.465315e-21
1.839893e+03;1.465236e-21
1.839993e+03;1.465156e-21
1.840093e+03;1.465077e-21
1.840193e+03;1.464997e-21
1.840293e+03;1.464918e-21
1.840393e+03;1.464839e-21
1.840493e+03;1.464759e-21
1.840593e+03;1.464680e-21
1.840693e+03;1.464600e-21
1.840793e+03;1.464521e-21
1.840893e+03;1.464442e-21
1.840993e+03;1.464362e-21
1.841093e+03;1.464283e-21
1.841193e+03;1.464204e-21
1.841293e+03;1.464124e-21
1.841393e+03;1.464045e-21
1.841493e+03;1.463966e-21
1.841593e+03;1.463886e-21
1.841693e+03;1.463807e-21
1.841793e+03;1.463728e-21
1.841893e+03;1.463648e-21
1.841993e+03;1.463569e-21
1.842093e+03;1.463490e-21
1.842193e+03;1.463411e-21
1.842293e+03;1.463331e-21
1.842393e+03;1.463252e-21
1.842493e+03;1.463173e-21
1.842593e+03;1.463094e-21
1.842693e+03;1.463015e-21
1.842793e+03;1.462935e-21
1.842893e+03;1.462856e-21
1.842993e+03;1.462777e-21
1.843093e+03;1.462698e-21
1.843193e+03;1.462619e-21
1.843293e+03;1.462539e-21
1.843393e+03;1.462460e-21
1.843493e+03;1.462381e-21
1.843593e+03;1.462302e-21
1.843693e+03;1.462223e-21
1.843793e+03;1.462144e-21
1.843893e+03;1.462065e-21
1.843993e+03;1.461986e-21
1.844093e+03;1.461906e-21
1.844193e+03;1.461827e-21
1.844293e+03;1.461748e-21
1.844393e+03;1.461669e-21
1.844493e+03;1.461590e-21
1.844593e+03;1.461511e-21
1.844693e+03;1.461432e-21
1.844793e+03;1.461353e-21
1.844893e+03;1.461274e-21
1.844993e+03;1.461195e-21
1.845093e+03;1.461116e-21
1.845193e+03;1.461037e-21
1.845293e+03;1.460958e-21
1.845393e+03;1.460879e-21
1.845493e+03;1.460800e-21
1.845593e+03;1.460721e-21
1.845693e+03;1.460642e-21
1.845793e+03;1.460563e-21
1.845893e+03;1.460484e-21
1.845993e+03;1.460405e-21
1.846093e+03;1.460326e-21
1.846193e+03;1.460247e-21
1.846293e+03;1.460169e-21
1.846393e+03;1.460090e-21
1.846493e+03;1.460011e-21
1.846593e+03;1.459932e-21
1.846693e+03;1.459853e-21
1.846793e+03;1.459774e-21
1.846893e+03;1.459695e-21
1.846993e+03;1.459616e-21
1.847093e+03;1.459538e-21
1.847193e+03;1.459459e-21
1.847293e+03;1.459380e-21
1.847393e+03;1.459301e-21
1.847493e+03;1.459222e-21
1.847593e+03;1.459144e-21
1.847693e+03;1.459065e-21
1.847793e+03;1.458986e-21
1.847893e+03;1.458907e-21
1.847993e+03;1.458828e-21
1.848093e+03;1.458750e-21
1.848193e+03;1.458671e-21
1.848293e+03;1.458592e-21
1.848393e+03;1.458513e-21
1.848493e+03;1.458435e-21
1.848593e+03;1.458356e-21
1.848693e+03;1.458277e-21
1.848793e+03;1.458199e-21
1.848893e+03;1.458120e-21
1.848993e+03;1.458041e-21
1.849093e+03;1.457963e-21
1.849193e+03;1.457884e-21
1.849293e+03;1.457805e-21
1.849393e+03;1.457727e-21
1.849493e+03;1.457648e-21
1.849593e+03;1.457569e-21
1.849693e+03;1.457491e-21
1.849793e+03;1.457412e-21
1.849893e+03;1.457334e-21
1.849993e+03;1.457255e-21
1.850093e+03;1.457176e-21
1.850193e+03;1.457098e-21
1.850293e+03;1.457019e-21
1.850393e+03;1.456941e-21
1.850493e+03;1.456862e-21
1.850593e+03;1.456784e-21
1.850693e+03;1.456705e-21
1.850793e+03;1.456627e-21
1.850893e+03;1.456548e-21
1.850993e+03;1.456470e-21
1.851093e+03;1.456391e-21
1.851193e+03;1.456313e-21
1.851293e+03;1.456234e-21
1.851393e+03;1.456156e-21
1.851493e+03;1.456077e-21
1.851593e+03;1.455999e-21
1.851693e+03;1.455920e-21
1.851793e+03;1.455842e-21
1.851893e+03;1.455763e-21
1.851993e+03;1.455685e-21
1.852093e+03;1.455607e-21
1.852193e+03;1.455528e-21
1.852293e+03;1.455450e-21
1.852393e+03;1.455371e-21
1.852493e+03;1.455293e-21
1.852593e+03;1.455215e-21
1.852693e+03;1.455136e-21
1.852793e+03;1.455058e-21
1.852893e+03;1.454979e-21
1.852993e+03;1.454901e-21
1.853093e+03;1.454823e-21
1.853193e+03;1.454745e-21
1.853293e+03;1.454666e-21
1.853393e+03;1.454588e-21
1.853493e+03;1.454510e-21
1.853593e+03;1.454431e-21
1.853693e+03;1.454353e-21
1.853793e+03;1.454275e-21
1.853893e+03;1.454196e-21
1.853993e+03;1.454118e-21
1.854093e+03;1.454040e-21
1.854193e+03;1.453962e-21
1.854293e+03;1.453884e-21
1.854393e+03;1.453805e-21
1.854493e+03;1.453727e-21
1.854593e+03;1.453649e-21
1.854693e+03;1.453571e-21
1.854793e+03;1.453493e-21
1.854893e+03;1.453414e-21
1.854993e+03;1.453336e-21
1.855093e+03;1.453258e-21
1.855193e+03;1.453180e-21
1.855293e+03;1.453102e-21
1.855393e+03;1.453024e-21
1.855493e+03;1.452945e-21
1.855594e+03;1.452867e-21
1.855694e+03;1.452789e-21
1.855794e+03;1.452711e-21
1.855894e+03;1.452633e-21
1.855994e+03;1.452555e-21
1.856094e+03;1.452477e-21
1.856194e+03;1.452399e-21
1.856294e+03;1.452321e-21
1.856394e+03;1.452243e-21
1.856494e+03;1.452165e-21
1.856594e+03;1.452087e-21
1.856694e+03;1.452009e-21
1.856794e+03;1.451931e-21
1.856894e+03;1.451853e-21
1.856994e+03;1.451775e-21
1.857094e+03;1.451697e-21
1.857194e+03;1.451619e-21
1.857294e+03;1.451541e-21
1.857394e+03;1.451463e-21
1.857494e+03;1.451385e-21
1.857594e+03;1.451307e-21
1.857694e+03;1.451229e-21
1.857794e+03;1.451151e-21
1.857894e+03;1.451073e-21
1.857994e+03;1.450995e-21
1.858094e+03;1.450917e-21
1.858194e+03;1.450839e-21
1.858294e+03;1.450761e-21
1.858394e+03;1.450683e-21
1.858494e+03;1.450606e-21
1.858594e+03;1.450528e-21
1.858694e+03;1.450450e-21
1.858794e+03;1.450372e-21
1.858894e+03;1.450294e-21
1.858994e+03;1.450216e-21
1.859094e+03;1.450138e-21
1.859194e+03;1.450061e-21
1.859294e+03;1.449983e-21
1.859394e+03;1.449905e-21
1.859494e+03;1.449827e-21
1.859594e+03;1.449749e-21
1.859694e+03;1.449672e-21
1.859794e+03;1.449594e-21
1.859894e+03;1.449516e-21
1.859994e+03;1.449438e-21
1.860094e+03;1.449361e-21
1.860194e+03;1.449283e-21
1.860294e+03;1.449205e-21
1.860394e+03;1.449127e-21
1.860494e+03;1.449050e-21
1.860594e+03;1.448972e-21
1.860694e+03;1.448894e-21
1.860794e+03;1.448817e-21
1.860894e+03;1.448739e-21
1.860994e+03;1.448661e-21
1.861094e+03;1.448584e-21
1.861194e+03;1.448506e-21
1.861294e+03;1.448428e-21
1.861394e+03;1.448351e-21
1.861494e+03;1.448273e-21
1.861594e+03;1.448195e-21
1.861694e+03;1.448118e-21
1.861794e+03;1.448040e-21
1.861894e+03;1.447963e-21
1.861994e+03;1.447885e-21
1.862094e+03;1.447808e-21
1.862194e+03;1.447730e-21
1.862294e+03;1.447652e-21
1.862394e+03;1.447575e-21
1.862494e+03;1.447497e-21
1.862594e+03;1.447420e-21
1.862694e+03;1.447342e-21
1.862794e+03;1.447265e-21
1.862894e+03;1.447187e-21
1.862994e+03;1.447110e-21
1.863094e+03;1.447032e-21
1.863194e+03;1.446955e-21
1.863294e+03;1.446877e-21
1.863394e+03;1.446800e-21
1.863494e+03;1.446722e-21
1.863594e+03;1.446645e-21
1.863694e+03;1.446567e-21
1.863794e+03;1.446490e-21
1.863894e+03;1.446413e-21
1.863994e+03;1.446335e-21
1.864094e+03;1.446258e-21
1.864194e+03;1.446180e-21
1.864294e+03;1.446103e-21
1.864394e+03;1.446026e-21
1.864494e+03;1.445948e-21
1.864594e+03;1.445871e-21
1.864694e+03;1.445793e-21
1.864794e+03;1.445716e-21
1.864894e+03;1.445639e-21
1.864994e+03;1.445561e-21
1.865094e+03;1.445484e-21
1.865194e+03;1.445407e-21
1.865294e+03;1.445329e-21
1.865394e+03;1.445252e-21
1.865494e+03;1.445175e-21
1.865594e+03;1.445098e-21
1.865694e+03;1.445020e-21
1.865794e+03;1.444943e-21
1.865894e+03;1.444866e-21
1.865994e+03;1.444789e-21
1.866094e+03;1.444711e-21
1.866194e+03;1.444634e-21
1.866294e+03;1.444557e-21
1.866394e+03;1.444480e-21
1.866494e+03;1.444402e-21
1.866594e+03;1.444325e-21
1.866694e+03;1.444248e-21
1.866794e+03;1.444171e-21
1.866894e+03;1.444094e-21
1.866994e+03;1.444016e-21
1.867094e+03;1.443939e-21
1.867194e+03;1.443862e-21
1.867294e+03;1.443785e-21
1.867394e+03;1.443708e-21
1.867494e+03;1.443631e-21
1.867594e+03;1.443554e-21
1.867694e+03;1.443476e-21
1.867794e+03;1.443399e-21
1.867894e+03;1.443322e-21
1.867994e+03;1.443245e-21
1.868094e+03;1.443168e-21
1.868194e+03;1.443091e-21
1.868294e+03;1.443014e-21
1.868394e+03;1.442937e-21
1.868494e+03;1.442860e-21
1.868594e+03;1.442783e-21
1.868694e+03;1.442706e-21
1.868794e+03;1.442629e-21
1.868894e+03;1.442552e-21
1.868994e+03;1.442475e-21
1.869094e+03;1.442398e-21
1.869194e+03;1.442321e-21
1.869294e+03;1.442244e-21
1.869394e+03;1.442167e-21
1.869494e+03;1.442090e-21
1.869594e+03;1.442013e-21
1.869694e+03;1.441936e-21
1.869794e+03;1.441859e-21
1.869894e+03;1.441782e-21
1.869994e+03;1.441705e-21
1.870094e+03;1.441628e-21
1.870194e+03;1.441551e-21
1.870294e+03;1.441474e-21
1.870394e+03;1.441398e-21
1.870494e+03;1.441321e-21
1.870594e+03;1.441244e-21
1.870694e+03;1.441167e-21
1.870794e+03;1.441090e-21
1.870894e+03;1.441013e-21
1.870994e+03;1.440936e-21
1.871094e+03;1.440860e-21
1.871194e+03;1.440783e-21
1.871294e+03;1.440706e-21
1.871394e+03;1.440629e-21
1.871494e+03;1.440552e-21
1.871594e+03;1.440475e-21
1.871694e+03;1.440399e-21
1.871794e+03;1.440322e-21
1.871894e+03;1.440245e-21
1.871994e+03;1.440168e-21
1.872094e+03;1.440092e-21
1.872194e+03;1.440015e-21
1.872294e+03;1.439938e-21
1.872394e+03;1.439861e-21
1.872494e+03;1.439785e-21
1.872594e+03;1.439708e-21
1.872694e+03;1.439631e-21
1.872794e+03;1.439555e-21
1.872894e+03;1.439478e-21
1.872994e+03;1.439401e-21
1.873094e+03;1.439325e-21
1.873194e+03;1.439248e-21
1.873294e+03;1.439171e-21
1.873394e+03;1.439095e-21
1.873494e+03;1.439018e-21
1.873594e+03;1.438941e-21
1.873694e+03;1.438865e-21
1.873794e+03;1.438788e-21
1.873894e+03;1.438712e-21
1.873994e+03;1.438635e-21
1.874094e+03;1.438558e-21
1.874194e+03;1.438482e-21
1.874294e+03;1.438405e-21
1.874394e+03;1.438329e-21
1.874494e+03;1.438252e-21
1.874594e+03;1.438175e-21
1.874694e+03;1.438099e-21
1.874794e+03;1.438022e-21
1.874894e+03;1.437946e-21
1.874994e+03;1.437869e-21
1.875094e+03;1.437793e-21
1.875194e+03;1.437716e-21
1.875294e+03;1.437640e-21
1.875394e+03;1.437563e-21
1.875494e+03;1.437487e-21
1.875594e+03;1.437410e-21
1.875694e+03;1.437334e-21
1.875794e+03;1.437258e-21
1.875894e+03;1.437181e-21
1.875994e+03;1.437105e-21
1.876094e+03;1.437028e-21
1.876194e+03;1.436952e-21
1.876294e+03;1.436875e-21
1.876394e+03;1.436799e-21
1.876494e+03;1.436723e-21
1.876594e+03;1.436646e-21
1.876694e+03;1.436570e-21
1.876794e+03;1.436494e-21
1.876894e+03;1.436417e-21
1.876994e+03;1.436341e-21
1.877094e+03;1.436264e-21
1.877194e+03;1.436188e-21
1.877294e+03;1.436112e-21
1.877394e+03;1.436035e-21
1.877494e+03;1.435959e-21
1.877594e+03;1.435883e-21
1.877694e+03;1.435807e-21
1.877795e+03;1.435730e-21
1.877895e+03;1.435654e-21
1.877995e+03;1.435578e-21
1.878095e+03;1.435501e-21
1.878195e+03;1.435425e-21
1.878295e+03;1.435349e-21
1.878395e+03;1.435273e-21
1.878495e+03;1.435196e-21
1.878595e+03;1.435120e-21
1.878695e+03;1.435044e-21
1.878795e+03;1.434968e-21
1.878895e+03;1.434892e-21
1.878995e+03;1.434815e-21
1.879095e+03;1.434739e-21
1.879195e+03;1.434663e-21
1.879295e+03;1.434587e-21
1.879395e+03;1.434511e-21
1.879495e+03;1.434435e-21
1.879595e+03;1.434358e-21
1.879695e+03;1.434282e-21
1.879795e+03;1.434206e-21
1.879895e+03;1.434130e-21
1.879995e+03;1.434054e-21
1.880095e+03;1.433978e-21
1.880195e+03;1.433902e-21
1.880295e+03;1.433826e-21
1.880395e+03;1.433750e-21
1.880495e+03;1.433674e-21
1.880595e+03;1.433597e-21
1.880695e+03;1.433521e-21
1.880795e+03;1.433445e-21
1.880895e+03;1.433369e-21
1.880995e+03;1.433293e-21
1.881095e+03;1.433217e-21
1.881195e+03;1.433141e-21
1.881295e+03;1.433065e-21
1.881395e+03;1.432989e-21
1.881495e+03;1.432913e-21
1.881595e+03;1.432837e-21
1.881695e+03;1.432761e-21
1.881795e+03;1.432685e-21
1.881895e+03;1.432609e-21
1.881995e+03;1.432533e-21
1.882095e+03;1.432458e-21
1.882195e+03;1.432382e-21
1.882295e+03;1.432306e-21
1.882395e+03;1.432230e-21
1.882495e+03;1.432154e-21
1.882595e+03;1.432078e-21
1.882695e+03;1.432002e-21
1.882795e+03;1.431926e-21
1.882895e+03;1.431850e-21
1.882995e+03;1.431774e-21
1.883095e+03;1.431699e-21
1.883195e+03;1.431623e-21
1.883295e+03;1.431547e-21
1.883395e+03;1.431471e-21
1.883495e+03;1.431395e-21
1.883595e+03;1.431319e-21
1.883695e+03;1.431244e-21
1.883795e+03;1.431168e-21
1.883895e+03;1.431092e-21
1.883995e+03;1.431016e-21
1.884095e+03;1.430940e-21
1.884195e+03;1.430865e-21
1.884295e+03;1.430789e-21
1.884395e+03;1.430713e-21
1.884495e+03;1.430637e-21
1.884595e+03;1.430562e-21
1.884695e+03;1.430486e-21
1.884795e+03;1.430410e-21
1.884895e+03;1.430334e-21
1.884995e+03;1.430259e-21
1.885095e+03;1.430183e-21
1.885195e+03;1.430107e-21
1.885295e+03;1.430032e-21
1.885395e+03;1.429956e-21
1.885495e+03;1.429880e-21
1.885595e+03;1.429805e-21
1.885695e+03;1.429729e-21
1.885795e+03;1.429653e-21
1.885895e+03;1.429578e-21
1.885995e+03;1.429502e-21
1.886095e+03;1.429427e-21
1.886195e+03;1.429351e-21
1.886295e+03;1.429275e-21
1.886395e+03;1.429200e-21
1.886495e+03;1.429124e-21
1.886595e+03;1.429049e-21
1.886695e+03;1.428973e-21
1.886795e+03;1.428897e-21
1.886895e+03;1.428822e-21
1.886995e+03;1.428746e-21
1.887095e+03;1.428671e-21
1.887195e+03;1.428595e-21
1.887295e+03;1.428520e-21
1.887395e+03;1.428444e-21
1.887495e+03;1.428369e-21
1.887595e+03;1.428293e-21
1.887695e+03;1.428218e-21
1.887795e+03;1.428142e-21
1.887895e+03;1.428067e-21
1.887995e+03;1.427991e-21
1.888095e+03;1.427916e-21
1.888195e+03;1.427840e-21
1.888295e+03;1.427765e-21
1.888395e+03;1.427689e-21
1.888495e+03;1.427614e-21
1.888595e+03;1.427539e-21
1.888695e+03;1.427463e-21
1.888795e+03;1.427388e-21
1.888895e+03;1.427312e-21
1.888995e+03;1.427237e-21
1.889095e+03;1.427162e-21
1.889195e+03;1.427086e-21
1.889295e+03;1.427011e-21
1.889395e+03;1.426936e-21
1.889495e+03;1.426860e-21
1.889595e+03;1.426785e-21
1.889695e+03;1.426710e-21
1.889795e+03;1.426634e-21
1.889895e+03;1.426559e-21
1.889995e+03;1.426484e-21
1.890095e+03;1.426408e-21
1.890195e+03;1.426333e-21
1.890295e+03;1.426258e-21
1.890395e+03;1.426182e-21
1.890495e+03;1.426107e-21
1.890595e+03;1.426032e-21
1.890695e+03;1.425957e-21
1.890795e+03;1.425881e-21
1.890895e+03;1.425806e-21
1.890995e+03;1.425731e-21
1.891095e+03;1.425656e-21
1.891195e+03;1.425581e-21
1.891295e+03;1.425505e-21
1.891395e+03;1.425430e-21
1.891495e+03;1.425355e-21
1.891595e+03;1.425280e-21
1.891695e+03;1.425205e-21
1.891795e+03;1.425129e-21
1.891895e+03;1.425054e-21
1.891995e+03;1.424979e-21
1.892095e+03;1.424904e-21
1.892195e+03;1.424829e-21
1.892295e+03;1.424754e-21
1.892395e+03;1.424679e-21
1.892495e+03;1.424603e-21
1.892595e+03;1.424528e-21
1.892695e+03;1.424453e-21
1.892795e+03;1.424378e-21
1.892895e+03;1.424303e-21
1.892995e+03;1.424228e-21
1.893095e+03;1.424153e-21
1.893195e+03;1.424078e-21
1.893295e+03;1.424003e-21
1.893395e+03;1.423928e-21
1.893495e+03;1.423853e-21
1.893595e+03;1.423778e-21
1.893695e+03;1.423703e-21
1.893795e+03;1.423628e-21
1.893895e+03;1.423553e-21
1.893995e+03;1.423478e-21
1.894095e+03;1.423403e-21
1.894195e+03;1.423328e-21
1.894295e+03;1.423253e-21
1.894395e+03;1.423178e-21
1.894495e+03;1.423103e-21
1.894595e+03;1.423028e-21
1.894695e+03;1.422953e-21
1.894795e+03;1.422878e-21
1.894895e+03;1.422803e-21
1.894995e+03;1.422728e-21
1.895095e+03;1.422653e-21
1.895195e+03;1.422578e-21
1.895295e+03;1.422504e-21
1.895395e+03;1.422429e-21
1.895495e+03;1.422354e-21
1.895595e+03;1.422279e-21
1.895695e+03;1.422204e-21
1.895795e+03;1.422129e-21
1.895895e+03;1.422054e-21
1.895995e+03;1.421980e-21
1.896095e+03;1.421905e-21
1.896195e+03;1.421830e-21
1.896295e+03;1.421755e-21
1.896395e+03;1.421680e-21
1.896495e+03;1.421606e-21
1.896595e+03;1.421531e-21
1.896695e+03;1.421456e-21
1.896795e+03;1.421381e-21
1.896895e+03;1.421306e-21
1.896995e+03;1.421232e-21
1.897095e+03;1.421157e-21
1.897195e+03;1.421082e-21
1.897295e+03;1.421007e-21
1.897395e+03;1.420933e-21
1.897495e+03;1.420858e-21
1.897595e+03;1.420783e-21
1.897695e+03;1.420709e-21
1.897795e+03;1.420634e-21
1.897895e+03;1.420559e-21
1.897995e+03;1.420485e-21
1.898095e+03;1.420410e-21
1.898195e+03;1.420335e-21
1.898295e+03;1.420261e-21
1.898395e+03;1.420186e-21
1.898495e+03;1.420111e-21
1.898595e+03;1.420037e-21
1.898695e+03;1.419962e-21
1.898795e+03;1.419887e-21
1.898895e+03;1.419813e-21
1.898995e+03;1.419738e-21
1.899095e+03;1.419664e-21
1.899195e+03;1.419589e-21
1.899295e+03;1.419514e-21
1.899395e+03;1.419440e-21
1.899495e+03;1.419365e-21
1.899595e+03;1.419291e-21
1.899695e+03;1.419216e-21
1.899795e+03;1.419142e-21
1.899895e+03;1.419067e-21
1.899995e+03;1.418993e-21
1.900096e+03;1.418918e-21
1.900196e+03;1.418844e-21
1.900296e+03;1.418769e-21
1.900396e+03;1.418695e-21
1.900496e+03;1.418620e-21
1.900596e+03;1.418546e-21
1.900696e+03;1.418471e-21
1.900796e+03;1.418397e-21
1.900896e+03;1.418322e-21
1.900996e+03;1.418248e-21
1.901096e+03;1.418173e-21
1.901196e+03;1.418099e-21
1.901296e+03;1.418025e-21
1.901396e+03;1.417950e-21
1.901496e+03;1.417876e-21
1.901596e+03;1.417801e-21
1.901696e+03;1.417727e-21
1.901796e+03;1.417653e-21
1.901896e+03;1.417578e-21
1.901996e+03;1.417504e-21
1.902096e+03;1.417430e-21
1.902196e+03;1.417355e-21
1.902296e+03;1.417281e-21
1.902396e+03;1.417207e-21
1.902496e+03;1.417132e-21
1.902596e+03;1.417058e-21
1.902696e+03;1.416984e-21
1.902796e+03;1.416909e-21
1.902896e+03;1.416835e-21
1.902996e+03;1.416761e-21
1.903096e+03;1.416686e-21
1.903196e+03;1.416612e-21
1.903296e+03;1.416538e-21
1.903396e+03;1.416464e-21
1.903496e+03;1.416389e-21
1.903596e+03;1.416315e-21
1.903696e+03;1.416241e-21
1.903796e+03;1.416167e-21
1.903896e+03;1.416093e-21
1.903996e+03;1.416018e-21
1.904096e+03;1.415944e-21
1.904196e+03;1.415870e-21
1.904296e+03;1.415796e-21
1.904396e+03;1.415722e-21
1.904496e+03;1.415647e-21
1.904596e+03;1.415573e-21
1.904696e+03;1.415499e-21
1.904796e+03;1.415425e-21
1.904896e+03;1.415351e-21
1.904996e+03;1.415277e-21
1.905096e+03;1.415203e-21
1.905196e+03;1.415128e-21
1.905296e+03;1.415054e-21
1.905396e+03;1.414980e-21
1.905496e+03;1.414906e-21
1.905596e+03;1.414832e-21
1.905696e+03;1.414758e-21
1.905796e+03;1.414684e-21
1.905896e+03;1.414610e-21
1.905996e+03;1.414536e-21
1.906096e+03;1.414462e-21
1.906196e+03;1.414388e-21
1.906296e+03;1.414314e-21
1.906396e+03;1.414240e-21
1.906496e+03;1.414166e-21
1.906596e+03;1.414092e-21
1.906696e+03;1.414018e-21
1.906796e+03;1.413944e-21
1.906896e+03;1.413870e-21
1.906996e+03;1.413796e-21
1.907096e+03;1.413722e-21
1.907196e+03;1.413648e-21
1.907296e+03;1.413574e-21
1.907396e+03;1.413500e-21
1.907496e+03;1.413426e-21
1.907596e+03;1.413352e-21
1.907696e+03;1.413278e-21
1.907796e+03;1.413204e-21
1.907896e+03;1.413130e-21
1.907996e+03;1.413056e-21
1.908096e+03;1.412982e-21
1.908196e+03;1.412909e-21
1.908296e+03;1.412835e-21
1.908396e+03;1.412761e-21
1.908496e+03;1.412687e-21
1.908596e+03;1.412613e-21
1.908696e+03;1.412539e-21
1.908796e+03;1.412465e-21
1.908896e+03;1.412392e-21
1.908996e+03;1.412318e-21
1.909096e+03;1.412244e-21
1.909196e+03;1.412170e-21
1.909296e+03;1.412096e-21
1.909396e+03;1.412023e-21
1.909496e+03;1.411949e-21
1.909596e+03;1.411875e-21
1.909696e+03;1.411801e-21
1.909796e+03;1.411728e-21
1.909896e+03;1.411654e-21
1.909996e+03;1.411580e-21
1.910096e+03;1.411506e-21
1.910196e+03;1.411433e-21
1.910296e+03;1.411359e-21
1.910396e+03;1.411285e-21
1.910496e+03;1.411211e-21
1.910596e+03;1.411138e-21
1.910696e+03;1.411064e-21
1.910796e+03;1.410990e-21
1.910896e+03;1.410917e-21
1.910996e+03;1.410843e-21
1.911096e+03;1.410769e-21
1.911196e+03;1.410696e-21
1.911296e+03;1.410622e-21
1.911396e+03;1.410548e-21
1.911496e+03;1.410475e-21
1.911596e+03;1.410401e-21
1.911696e+03;1.410328e-21
1.911796e+03;1.410254e-21
1.911896e+03;1.410180e-21
1.911996e+03;1.410107e-21
1.912096e+03;1.410033e-21
1.912196e+03;1.409960e-21
1.912296e+03;1.409886e-21
1.912396e+03;1.409813e-21
1.912496e+03;1.409739e-21
1.912596e+03;1.409665e-21
1.912696e+03;1.409592e-21
1.912796e+03;1.409518e-21
1.912896e+03;1.409445e-21
1.912996e+03;1.409371e-21
1.913096e+03;1.409298e-21
1.913196e+03;1.409224e-21
1.913296e+03;1.409151e-21
1.913396e+03;1.409077e-21
1.913496e+03;1.409004e-21
1.913596e+03;1.408930e-21
1.913696e+03;1.408857e-21
1.913796e+03;1.408783e-21
1.913896e+03;1.408710e-21
1.913996e+03;1.408637e-21
1.914096e+03;1.408563e-21
1.914196e+03;1.408490e-21
1.914296e+03;1.408416e-21
1.914396e+03;1.408343e-21
1.914496e+03;1.408270e-21
1.914596e+03;1.408196e-21
1.914696e+03;1.408123e-21
1.914796e+03;1.408049e-21
1.914896e+03;1.407976e-21
1.914996e+03;1.407903e-21
1.915096e+03;1.407829e-21
1.915196e+03;1.407756e-21
1.915296e+03;1.407683e-21
1.915396e+03;1.407609e-21
1.915496e+03;1.407536e-21
1.915596e+03;1.407463e-21
1.915696e+03;1.407389e-21
1.915796e+03;1.407316e-21
1.915896e+03;1.407243e-21
1.915996e+03;1.407169e-21
1.916096e+03;1.407096e-21
1.916196e+03;1.407023e-21
1.916296e+03;1.406950e-21
1.916396e+03;1.406876e-21
1.916496e+03;1.406803e-21
1.916596e+03;1.406730e-21
1.916696e+03;1.406657e-21
1.916796e+03;1.406583e-21
1.916896e+03;1.406510e-21
1.916996e+03;1.406437e-21
1.917096e+03;1.406364e-21
1.917196e+03;1.406291e-21
1.917296e+03;1.406218e-21
1.917396e+03;1.406144e-21
1.917496e+03;1.406071e-21
1.917596e+03;1.405998e-21
1.917696e+03;1.405925e-21
1.917796e+03;1.405852e-21
1.917896e+03;1.405779e-21
1.917996e+03;1.405705e-21
1.918096e+03;1.405632e-21
1.918196e+03;1.405559e-21
1.918296e+03;1.405486e-21
1.918396e+03;1.405413e-21
1.918496e+03;1.405340e-21
1.918596e+03;1.405267e-21
1.918696e+03;1.405194e-21
1.918796e+03;1.405121e-21
1.918896e+03;1.405048e-21
1.918996e+03;1.404975e-21
1.919096e+03;1.404901e-21
1.919196e+03;1.404828e-21
1.919296e+03;1.404755e-21
1.919396e+03;1.404682e-21
1.919496e+03;1.404609e-21
1.919596e+03;1.404536e-21
1.919696e+03;1.404463e-21
1.919796e+03;1.404390e-21
1.919896e+03;1.404317e-21
1.919996e+03;1.404244e-21
1.920096e+03;1.404171e-21
1.920196e+03;1.404098e-21
1.920296e+03;1.404026e-21
1.920396e+03;1.403953e-21
1.920496e+03;1.403880e-21
1.920596e+03;1.403807e-21
1.920696e+03;1.403734e-21
1.920796e+03;1.403661e-21
1.920896e+03;1.403588e-21
1.920996e+03;1.403515e-21
1.921096e+03;1.403442e-21
1.921196e+03;1.403369e-21
1.921296e+03;1.403296e-21
1.921396e+03;1.403223e-21
1.921496e+03;1.403151e-21
1.921596e+03;1.403078e-21
1.921696e+03;1.403005e-21
1.921796e+03;1.402932e-21
1.921896e+03;1.402859e-21
1.921996e+03;1.402786e-21
1.922096e+03;1.402714e-21
1.922196e+03;1.402641e-21
1.922297e+03;1.402568e-21
1.922397e+03;1.402495e-21
1.922497e+03;1.402422e-21
1.922597e+03;1.402350e-21
1.922697e+03;1.402277e-21
1.922797e+03;1.402204e-21
1.922897e+03;1.402131e-21
1.922997e+03;1.402059e-21
1.923097e+03;1.401986e-21
1.923197e+03;1.401913e-21
1.923297e+03;1.401840e-21
1.923397e+03;1.401768e-21
1.923497e+03;1.401695e-21
1.923597e+03;1.401622e-21
1.923697e+03;1.401550e-21
1.923797e+03;1.401477e-21
1.923897e+03;1.401404e-21
1.923997e+03;1.401331e-21
1.924097e+03;1.401259e-21
1.924197e+03;1.401186e-21
1.924297e+03;1.401113e-21
1.924397e+03;1.401041e-21
1.924497e+03;1.400968e-21
1.924597e+03;1.400896e-21
1.924697e+03;1.400823e-21
1.924797e+03;1.400750e-21
1.924897e+03;1.400678e-21
1.924997e+03;1.400605e-21
1.925097e+03;1.400533e-21
1.925197e+03;1.400460e-21
1.925297e+03;1.400387e-21
1.925397e+03;1.400315e-21
1.925497e+03;1.400242e-21
1.925597e+03;1.400170e-21
1.925697e+03;1.400097e-21
1.925797e+03;1.400025e-21
1.925897e+03;1.399952e-21
1.925997e+03;1.399880e-21
1.926097e+03;1.399807e-21
1.926197e+03;1.399734e-21
1.926297e+03;1.399662e-21
1.926397e+03;1.399589e-21
1.926497e+03;1.399517e-21
1.926597e+03;1.399445e-21
1.926697e+03;1.399372e-21
1.926797e+03;1.399300e-21
1.926897e+03;1.399227e-21
1.926997e+03;1.399155e-21
1.927097e+03;1.399082e-21
1.927197e+03;1.399010e-21
1.927297e+03;1.398937e-21
1.927397e+03;1.398865e-21
1.927497e+03;1.398793e-21
1.927597e+03;1.398720e-21
1.927697e+03;1.398648e-21
1.927797e+03;1.398575e-21
1.927897e+03;1.398503e-21
1.927997e+03;1.398431e-21
1.928097e+03;1.398358e-21
1.928197e+03;1.398286e-21
1.928297e+03;1.398213e-21
1.928397e+03;1.398141e-21
1.928497e+03;1.398069e-21
1.928597e+03;1.397996e-21
1.928697e+03;1.397924e-21
1.928797e+03;1.397852e-21
1.928897e+03;1.397780e-21
1.928997e+03;1.397707e-21
1.929097e+03;1.397635e-21
1.929197e+03;1.397563e-21
1.929297e+03;1.397490e-21
1.929397e+03;1.397418e-21
1.929497e+03;1.397346e-21
1.929597e+03;1.397274e-21
1.929697e+03;1.397201e-21
1.929797e+03;1.397129e-21
1.929897e+03;1.397057e-21
1.929997e+03;1.396985e-21
1.930097e+03;1.396912e-21
1.930197e+03;1.396840e-21
1.930297e+03;1.396768e-21
1.930397e+03;1.396696e-21
1.930497e+03;1.396624e-21
1.930597e+03;1.396551e-21
1.930697e+03;1.396479e-21
1.930797e+03;1.396407e-21
1.930897e+03;1.396335e-21
1.930997e+03;1.396263e-21
1.931097e+03;1.396191e-21
1.931197e+03;1.396118e-21
1.931297e+03;1.396046e-21
1.931397e+03;1.395974e-21
1.931497e+03;1.395902e-21
1.931597e+03;1.395830e-21
1.931697e+03;1.395758e-21
1.931797e+03;1.395686e-21
1.931897e+03;1.395614e-21
1.931997e+03;1.395542e-21
1.932097e+03;1.395470e-21
1.932197e+03;1.395398e-21
1.932297e+03;1.395325e-21
1.932397e+03;1.395253e-21
1.932497e+03;1.395181e-21
1.932597e+03;1.395109e-21
1.932697e+03;1.395037e-21
1.932797e+03;1.394965e-21
1.932897e+03;1.394893e-21
1.932997e+03;1.394821e-21
1.933097e+03;1.394749e-21
1.933197e+03;1.394677e-21
1.933297e+03;1.394605e-21
1.933397e+03;1.394533e-21
1.933497e+03;1.394461e-21
1.933597e+03;1.394389e-21
1.933697e+03;1.394317e-21
1.933797e+03;1.394246e-21
1.933897e+03;1.394174e-21
1.933997e+03;1.394102e-21
1.934097e+03;1.394030e-21
1.934197e+03;1.393958e-21
1.934297e+03;1.393886e-21
1.934397e+03;1.393814e-21
1.934497e+03;1.393742e-21
1.934597e+03;1.393670e-21
1.934697e+03;1.393598e-21
1.934797e+03;1.393526e-21
1.934897e+03;1.393455e-21
1.934997e+03;1.393383e-21
1.935097e+03;1.393311e-21
1.935197e+03;1.393239e-21
1.935297e+03;1.393167e-21
1.935397e+03;1.393095e-21
1.935497e+03;1.393024e-21
1.935597e+03;1.392952e-21
1.935697e+03;1.392880e-21
1.935797e+03;1.392808e-21
1.935897e+03;1.392736e-21
1.935997e+03;1.392665e-21
1.936097e+03;1.392593e-21
1.936197e+03;1.392521e-21
1.936297e+03;1.392449e-21
1.936397e+03;1.392378e-21
1.936497e+03;1.392306e-21
1.936597e+03;1.392234e-21
1.936697e+03;1.392162e-21
1.936797e+03;1.392091e-21
1.936897e+03;1.392019e-21
1.936997e+03;1.391947e-21
1.937097e+03;1.391876e-21
1.937197e+03;1.391804e-21
1.937297e+03;1.391732e-21
1.937397e+03;1.391660e-21
1.937497e+03;1.391589e-21
1.937597e+03;1.391517e-21
1.937697e+03;1.391446e-21
1.937797e+03;1.391374e-21
1.937897e+03;1.391302e-21
1.937997e+03;1.391231e-21
1.938097e+03;1.391159e-21
1.938197e+03;1.391087e-21
1.938297e+03;1.391016e-21
1.938397e+03;1.390944e-21
1.938497e+03;1.390873e-21
1.938597e+03;1.390801e-21
1.938697e+03;1.390729e-21
1.938797e+03;1.390658e-21
1.938897e+03;1.390586e-21
1.938997e+03;1.390515e-21
1.939097e+03;1.390443e-21
1.939197e+03;1.390372e-21
1.939297e+03;1.390300e-21
1.939397e+03;1.390229e-21
1.939497e+03;1.390157e-21
1.939597e+03;1.390085e-21
1.939697e+03;1.390014e-21
1.939797e+03;1.389942e-21
1.939897e+03;1.389871e-21
1.939997e+03;1.389799e-21
1.940097e+03;1.389728e-21
1.940197e+03;1.389657e-21
1.940297e+03;1.389585e-21
1.940397e+03;1.389514e-21
1.940497e+03;1.389442e-21
1.940597e+03;1.389371e-21
1.940697e+03;1.389299e-21
1.940797e+03;1.389228e-21
1.940897e+03;1.389156e-21
1.940997e+03;1.389085e-21
1.941097e+03;1.389014e-21
1.941197e+03;1.388942e-21
1.941297e+03;1.388871e-21
1.941397e+03;1.388799e-21
1.941497e+03;1.388728e-21
1.941597e+03;1.388657e-21
1.941697e+03;1.388585e-21
1.941797e+03;1.388514e-21
1.941897e+03;1.388443e-21
1.941997e+03;1.388371e-21
1.942097e+03;1.388300e-21
1.942197e+03;1.388229e-21
1.942297e+03;1.388157e-21
1.942397e+03;1.388086e-21
1.942497e+03;1.388015e-21
1.942597e+03;1.387943e-21
1.942697e+03;1.387872e-21
1.942797e+03;1.387801e-21
1.942897e+03;1.387730e-21
1.942997e+03;1.387658e-21
1.943097e+03;1.387587e-21
1.943197e+03;1.387516e-21
1.943297e+03;1.387445e-21
1.943397e+03;1.387373e-21
1.943497e+03;1.387302e-21
1.943597e+03;1.387231e-21
1.943697e+03;1.387160e-21
1.943797e+03;1.387088e-21
1.943897e+03;1.387017e-21
1.943997e+03;1.386946e-21
1.944097e+03;1.386875e-21
1.944197e+03;1.386804e-21
1.944297e+03;1.386733e-21
1.944397e+03;1.386661e-21
1.944498e+03;1.386590e-21
1.944598e+03;1.386519e-21
1.944698e+03;1.386448e-21
1.944798e+03;1.386377e-21
1.944898e+03;1.386306e-21
1.944998e+03;1.386235e-21
1.945098e+03;1.386163e-21
1.945198e+03;1.386092e-21
1.945298e+03;1.386021e-21
1.945398e+03;1.385950e-21
1.945498e+03;1.385879e-21
1.945598e+03;1.385808e-21
1.945698e+03;1.385737e-21
1.945798e+03;1.385666e-21
1.945898e+03;1.385595e-21
1.945998e+03;1.385524e-21
1.946098e+03;1.385453e-21
1.946198e+03;1.385382e-21
1.946298e+03;1.385311e-21
1.946398e+03;1.385240e-21
1.946498e+03;1.385169e-21
1.946598e+03;1.385098e-21
1.946698e+03;1.385027e-21
1.946798e+03;1.384956e-21
1.946898e+03;1.384885e-21
1.946998e+03;1.384814e-21
1.947098e+03;1.384743e-21
1.947198e+03;1.384672e-21
1.947298e+03;1.384601e-21
1.947398e+03;1.384530e-21
1.947498e+03;1.384459e-21
1.947598e+03;1.384388e-21
1.947698e+03;1.384317e-21
1.947798e+03;1.384246e-21
1.947898e+03;1.384175e-21
1.947998e+03;1.384104e-21
1.948098e+03;1.384033e-21
1.948198e+03;1.383963e-21
1.948298e+03;1.383892e-21
1.948398e+03;1.383821e-21
1.948498e+03;1.383750e-21
1.948598e+03;1.383679e-21
1.948698e+03;1.383608e-21
1.948798e+03;1.383537e-21
1.948898e+03;1.383467e-21
1.948998e+03;1.383396e-21
1.949098e+03;1.383325e-21
1.949198e+03;1.383254e-21
1.949298e+03;1.383183e-21
1.949398e+03;1.383113e-21
1.949498e+03;1.383042e-21
1.949598e+03;1.382971e-21
1.949698e+03;1.382900e-21
1.949798e+03;1.382829e-21
1.949898e+03;1.382759e-21
1.949998e+03;1.382688e-21
1.950098e+03;1.382617e-21
1.950198e+03;1.382546e-21
1.950298e+03;1.382476e-21
1.950398e+03;1.382405e-21
1.950498e+03;1.382334e-21
1.950598e+03;1.382263e-21
1.950698e+03;1.382193e-21
1.950798e+03;1.382122e-21
1.950898e+03;1.382051e-21
1.950998e+03;1.381981e-21
1.951098e+03;1.381910e-21
1.951198e+03;1.381839e-21
1.951298e+03;1.381769e-21
1.951398e+03;1.381698e-21
1.951498e+03;1.381627e-21
1.951598e+03;1.381557e-21
1.951698e+03;1.381486e-21
1.951798e+03;1.381415e-21
1.951898e+03;1.381345e-21
1.951998e+03;1.381274e-21
1.952098e+03;1.381204e-21
1.952198e+03;1.381133e-21
1.952298e+03;1.381062e-21
1.952398e+03;1.380992e-21
1.952498e+03;1.380921e-21
1.952598e+03;1.380851e-21
1.952698e+03;1.380780e-21
1.952798e+03;1.380710e-21
1.952898e+03;1.380639e-21
1.952998e+03;1.380569e-21
1.953098e+03;1.380498e-21
1.953198e+03;1.380427e-21
1.953298e+03;1.380357e-21
1.953398e+03;1.380286e-21
1.953498e+03;1.380216e-21
1.953598e+03;1.380145e-21
1.953698e+03;1.380075e-21
1.953798e+03;1.380004e-21
1.953898e+03;1.379934e-21
1.953998e+03;1.379864e-21
1.954098e+03;1.379793e-21
1.954198e+03;1.379723e-21
1.954298e+03;1.379652e-21
1.954398e+03;1.379582e-21
1.954498e+03;1.379511e-21
1.954598e+03;1.379441e-21
1.954698e+03;1.379370e-21
1.954798e+03;1.379300e-21
1.954898e+03;1.379230e-21
1.954998e+03;1.379159e-21
1.955098e+03;1.379089e-21
1.955198e+03;1.379019e-21
1.955298e+03;1.378948e-21
1.955398e+03;1.378878e-21
1.955498e+03;1.378807e-21
1.955598e+03;1.378737e-21
1.955698e+03;1.378667e-21
1.955798e+03;1.378596e-21
1.955898e+03;1.378526e-21
1.955998e+03;1.378456e-21
1.956098e+03;1.378385e-21
1.956198e+03;1.378315e-21
1.956298e+03;1.378245e-21
1.956398e+03;1.378174e-21
1.956498e+03;1.378104e-21
1.956598e+03;1.378034e-21
1.956698e+03;1.377964e-21
1.956798e+03;1.377893e-21
1.956898e+03;1.377823e-21
1.956998e+03;1.377753e-21
1.957098e+03;1.377683e-21
1.957198e+03;1.377612e-21
1.957298e+03;1.377542e-21
1.957398e+03;1.377472e-21
1.957498e+03;1.377402e-21
1.957598e+03;1.377332e-21
1.957698e+03;1.377261e-21
1.957798e+03;1.377191e-21
1.957898e+03;1.377121e-21
1.957998e+03;1.377051e-21
1.958098e+03;1.376981e-21
1.958198e+03;1.376910e-21
1.958298e+03;1.376840e-21
1.958398e+03;1.376770e-21
1.958498e+03;1.376700e-21
1.958598e+03;1.376630e-21
1.958698e+03;1.376560e-21
1.958798e+03;1.376490e-21
1.958898e+03;1.376419e-21
1.958998e+03;1.376349e-21
1.959098e+03;1.376279e-21
1.959198e+03;1.376209e-21
1.959298e+03;1.376139e-21
1.959398e+03;1.376069e-21
1.959498e+03;1.375999e-21
1.959598e+03;1.375929e-21
1.959698e+03;1.375859e-21
1.959798e+03;1.375789e-21
1.959898e+03;1.375719e-21
1.959998e+03;1.375649e-21
1.960098e+03;1.375579e-21
1.960198e+03;1.375509e-21
1.960298e+03;1.375439e-21
1.960398e+03;1.375369e-21
1.960498e+03;1.375299e-21
1.960598e+03;1.375229e-21
1.960698e+03;1.375159e-21
1.960798e+03;1.375089e-21
1.960898e+03;1.375019e-21
1.960998e+03;1.374949e-21
1.961098e+03;1.374879e-21
1.961198e+03;1.374809e-21
1.961298e+03;1.374739e-21
1.961398e+03;1.374669e-21
1.961498e+03;1.374599e-21
1.961598e+03;1.374529e-21
1.961698e+03;1.374459e-21
1.961798e+03;1.374389e-21
1.961898e+03;1.374319e-21
1.961998e+03;1.374249e-21
1.962098e+03;1.374180e-21
1.962198e+03;1.374110e-21
1.962298e+03;1.374040e-21
1.962398e+03;1.373970e-21
1.962498e+03;1.373900e-21
1.962598e+03;1.373830e-21
1.962698e+03;1.373760e-21
1.962798e+03;1.373690e-21
1.962898e+03;1.373621e-21
1.962998e+03;1.373551e-21
1.963098e+03;1.373481e-21
1.963198e+03;1.373411e-21
1.963298e+03;1.373341e-21
1.963398e+03;1.373272e-21
1.963498e+03;1.373202e-21
1.963598e+03;1.373132e-21
1.963698e+03;1.373062e-21
1.963798e+03;1.372992e-21
1.963898e+03;1.372923e-21
1.963998e+03;1.372853e-21
1.964098e+03;1.372783e-21
1.964198e+03;1.372713e-21
1.964298e+03;1.372644e-21
1.964398e+03;1.372574e-21
1.964498e+03;1.372504e-21
1.964598e+03;1.372435e-21
1.964698e+03;1.372365e-21
1.964798e+03;1.372295e-21
1.964898e+03;1.372226e-21
1.964998e+03;1.372156e-21
1.965098e+03;1.372086e-21
1.965198e+03;1.372016e-21
1.965298e+03;1.371947e-21
1.965398e+03;1.371877e-21
1.965498e+03;1.371808e-21
1.965598e+03;1.371738e-21
1.965698e+03;1.371668e-21
1.965798e+03;1.371599e-21
1.965898e+03;1.371529e-21
1.965998e+03;1.371459e-21
1.966098e+03;1.371390e-21
1.966198e+03;1.371320e-21
1.966298e+03;1.371251e-21
1.966398e+03;1.371181e-21
1.966498e+03;1.371111e-21
1.966598e+03;1.371042e-21
1.966699e+03;1.370972e-21
1.966799e+03;1.370903e-21
1.966899e+03;1.370833e-21
1.966999e+03;1.370764e-21
1.967099e+03;1.370694e-21
1.967199e+03;1.370625e-21
1.967299e+03;1.370555e-21
1.967399e+03;1.370486e-21
1.967499e+03;1.370416e-21
1.967599e+03;1.370347e-21
1.967699e+03;1.370277e-21
1.967799e+03;1.370208e-21
1.967899e+03;1.370138e-21
1.967999e+03;1.370069e-21
1.968099e+03;1.369999e-21
1.968199e+03;1.369930e-21
1.968299e+03;1.369860e-21
1.968399e+03;1.369791e-21
1.968499e+03;1.369721e-21
1.968599e+03;1.369652e-21
1.968699e+03;1.369583e-21
1.968799e+03;1.369513e-21
1.968899e+03;1.369444e-21
1.968999e+03;1.369374e-21
1.969099e+03;1.369305e-21
1.969199e+03;1.369236e-21
1.969299e+03;1.369166e-21
1.969399e+03;1.369097e-21
1.969499e+03;1.369027e-21
1.969599e+03;1.368958e-21
1.969699e+03;1.368889e-21
1.969799e+03;1.368819e-21
1.969899e+03;1.368750e-21
1.969999e+03;1.368681e-21
1.970099e+03;1.368611e-21
1.970199e+03;1.368542e-21
1.970299e+03;1.368473e-21
1.970399e+03;1.368403e-21
1.970499e+03;1.368334e-21
1.970599e+03;1.368265e-21
1.970699e+03;1.368196e-21
1.970799e+03;1.368126e-21
1.970899e+03;1.368057e-21
1.970999e+03;1.367988e-21
1.971099e+03;1.367919e-21
1.971199e+03;1.367849e-21
1.971299e+03;1.367780e-21
1.971399e+03;1.367711e-21
1.971499e+03;1.367642e-21
1.971599e+03;1.367572e-21
1.971699e+03;1.367503e-21
1.971799e+03;1.367434e-21
1.971899e+03;1.367365e-21
1.971999e+03;1.367296e-21
1.972099e+03;1.367226e-21
1.972199e+03;1.367157e-21
1.972299e+03;1.367088e-21
1.972399e+03;1.367019e-21
1.972499e+03;1.366950e-21
1.972599e+03;1.366881e-21
1.972699e+03;1.366811e-21
1.972799e+03;1.366742e-21
1.972899e+03;1.366673e-21
1.972999e+03;1.366604e-21
1.973099e+03;1.366535e-21
1.973199e+03;1.366466e-21
1.973299e+03;1.366397e-21
1.973399e+03;1.366328e-21
1.973499e+03;1.366259e-21
1.973599e+03;1.366190e-21
1.973699e+03;1.366120e-21
1.973799e+03;1.366051e-21
1.973899e+03;1.365982e-21
1.973999e+03;1.365913e-21
1.974099e+03;1.365844e-21
1.974199e+03;1.365775e-21
1.974299e+03;1.365706e-21
1.974399e+03;1.365637e-21
1.974499e+03;1.365568e-21
1.974599e+03;1.365499e-21
1.974699e+03;1.365430e-21
1.974799e+03;1.365361e-21
1.974899e+03;1.365292e-21
1.974999e+03;1.365223e-21
1.975099e+03;1.365154e-21
1.975199e+03;1.365085e-21
1.975299e+03;1.365016e-21
1.975399e+03;1.364947e-21
1.975499e+03;1.364878e-21
1.975599e+03;1.364809e-21
1.975699e+03;1.364740e-21
1.975799e+03;1.364672e-21
1.975899e+03;1.364603e-21
1.975999e+03;1.364534e-21
1.976099e+03;1.364465e-21
1.976199e+03;1.364396e-21
1.976299e+03;1.364327e-21
1.976399e+03;1.364258e-21
1.976499e+03;1.364189e-21
1.976599e+03;1.364120e-21
1.976699e+03;1.364052e-21
1.976799e+03;1.363983e-21
1.976899e+03;1.363914e-21
1.976999e+03;1.363845e-21
1.977099e+03;1.363776e-21
1.977199e+03;1.363707e-21
1.977299e+03;1.363639e-21
1.977399e+03;1.363570e-21
1.977499e+03;1.363501e-21
1.977599e+03;1.363432e-21
1.977699e+03;1.363363e-21
1.977799e+03;1.363295e-21
1.977899e+03;1.363226e-21
1.977999e+03;1.363157e-21
1.978099e+03;1.363088e-21
1.978199e+03;1.363019e-21
1.978299e+03;1.362951e-21
1.978399e+03;1.362882e-21
1.978499e+03;1.362813e-21
1.978599e+03;1.362745e-21
1.978699e+03;1.362676e-21
1.978799e+03;1.362607e-21
1.978899e+03;1.362538e-21
1.978999e+03;1.362470e-21
1.979099e+03;1.362401e-21
1.979199e+03;1.362332e-21
1.979299e+03;1.362264e-21
1.979399e+03;1.362195e-21
1.979499e+03;1.362126e-21
1.979599e+03;1.362058e-21
1.979699e+03;1.361989e-21
1.979799e+03;1.361920e-21
1.979899e+03;1.361852e-21
1.979999e+03;1.361783e-21
1.980099e+03;1.361714e-21
1.980199e+03;1.361646e-21
1.980299e+03;1.361577e-21
1.980399e+03;1.361509e-21
1.980499e+03;1.361440e-21
1.980599e+03;1.361371e-21
1.980699e+03;1.361303e-21
1.980799e+03;1.361234e-21
1.980899e+03;1.361166e-21
1.980999e+03;1.361097e-21
1.981099e+03;1.361029e-21
1.981199e+03;1.360960e-21
1.981299e+03;1.360891e-21
1.981399e+03;1.360823e-21
1.981499e+03;1.360754e-21
1.981599e+03;1.360686e-21
1.981699e+03;1.360617e-21
1.981799e+03;1.360549e-21
1.981899e+03;1.360480e-21
1.981999e+03;1.360412e-21
1.982099e+03;1.360343e-21
1.982199e+03;1.360275e-21
1.982299e+03;1.360206e-21
1.982399e+03;1.360138e-21
1.982499e+03;1.360069e-21
1.982599e+03;1.360001e-21
1.982699e+03;1.359933e-21
1.982799e+03;1.359864e-21
1.982899e+03;1.359796e-21
1.982999e+03;1.359727e-21
1.983099e+03;1.359659e-21
1.983199e+03;1.359590e-21
1.983299e+03;1.359522e-21
1.983399e+03;1.359454e-21
1.983499e+03;1.359385e-21
1.983599e+03;1.359317e-21
1.983699e+03;1.359248e-21
1.983799e+03;1.359180e-21
1.983899e+03;1.359112e-21
1.983999e+03;1.359043e-21
1.984099e+03;1.358975e-21
1.984199e+03;1.358907e-21
1.984299e+03;1.358838e-21
1.984399e+03;1.358770e-21
1.984499e+03;1.358702e-21
1.984599e+03;1.358633e-21
1.984699e+03;1.358565e-21
1.984799e+03;1.358497e-21
1.984899e+03;1.358428e-21
1.984999e+03;1.358360e-21
1.985099e+03;1.358292e-21
1.985199e+03;1.358224e-21
1.985299e+03;1.358155e-21
1.985399e+03;1.358087e-21
1.985499e+03;1.358019e-21
1.985599e+03;1.357951e-21
1.985699e+03;1.357882e-21
1.985799e+03;1.357814e-21
1.985899e+03;1.357746e-21
1.985999e+03;1.357678e-21
1.986099e+03;1.357609e-21
1.986199e+03;1.357541e-21
1.986299e+03;1.357473e-21
1.986399e+03;1.357405e-21
1.986499e+03;1.357337e-21
1.986599e+03;1.357268e-21
1.986699e+03;1.357200e-21
1.986799e+03;1.357132e-21
1.986899e+03;1.357064e-21
1.986999e+03;1.356996e-21
1.987099e+03;1.356928e-21
1.987199e+03;1.356860e-21
1.987299e+03;1.356791e-21
1.987399e+03;1.356723e-21
1.987499e+03;1.356655e-21
1.987599e+03;1.356587e-21
1.987699e+03;1.356519e-21
1.987799e+03;1.356451e-21
1.987899e+03;1.356383e-21
1.987999e+03;1.356315e-21
1.988099e+03;1.356247e-21
1.988199e+03;1.356179e-21
1.988299e+03;1.356110e-21
1.988399e+03;1.356042e-21
1.988499e+03;1.355974e-21
1.988599e+03;1.355906e-21
1.988699e+03;1.355838e-21
1.988799e+03;1.355770e-21
1.988900e+03;1.355702e-21
1.989000e+03;1.355634e-21
1.989100e+03;1.355566e-21
1.989200e+03;1.355498e-21
1.989300e+03;1.355430e-21
1.989400e+03;1.355362e-21
1.989500e+03;1.355294e-21
1.989600e+03;1.355226e-21
1.989700e+03;1.355158e-21
1.989800e+03;1.355090e-21
1.989900e+03;1.355022e-21
1.990000e+03;1.354954e-21
1.990100e+03;1.354887e-21
1.990200e+03;1.354819e-21
1.990300e+03;1.354751e-21
1.990400e+03;1.354683e-21
1.990500e+03;1.354615e-21
1.990600e+03;1.354547e-21
1.990700e+03;1.354479e-21
1.990800e+03;1.354411e-21
1.990900e+03;1.354343e-21
1.991000e+03;1.354275e-21
1.991100e+03;1.354208e-21
1.991200e+03;1.354140e-21
1.991300e+03;1.354072e-21
1.991400e+03;1.354004e-21
1.991500e+03;1.353936e-21
1.991600e+03;1.353868e-21
1.991700e+03;1.353800e-21
1.991800e+03;1.353733e-21
1.991900e+03;1.353665e-21
1.992000e+03;1.353597e-21
1.992100e+03;1.353529e-21
1.992200e+03;1.353461e-21
1.992300e+03;1.353394e-21
1.992400e+03;1.353326e-21
1.992500e+03;1.353258e-21
1.992600e+03;1.353190e-21
1.992700e+03;1.353122e-21
1.992800e+03;1.353055e-21
1.992900e+03;1.352987e-21
1.993000e+03;1.352919e-21
1.993100e+03;1.352851e-21
1.993200e+03;1.352784e-21
1.993300e+03;1.352716e-21
1.993400e+03;1.352648e-21
1.993500e+03;1.352581e-21
1.993600e+03;1.352513e-21
1.993700e+03;1.352445e-21
1.993800e+03;1.352378e-21
1.993900e+03;1.352310e-21
1.994000e+03;1.352242e-21
1.994100e+03;1.352175e-21
1.994200e+03;1.352107e-21
1.994300e+03;1.352039e-21
1.994400e+03;1.351972e-21
1.994500e+03;1.351904e-21
1.994600e+03;1.351836e-21
1.994700e+03;1.351769e-21
1.994800e+03;1.351701e-21
1.994900e+03;1.351633e-21
1.995000e+03;1.351566e-21
1.995100e+03;1.351498e-21
1.995200e+03;1.351431e-21
1.995300e+03;1.351363e-21
1.995400e+03;1.351295e-21
1.995500e+03;1.351228e-21
1.995600e+03;1.351160e-21
1.995700e+03;1.351093e-21
1.995800e+03;1.351025e-21
1.995900e+03;1.350958e-21
1.996000e+03;1.350890e-21
1.996100e+03;1.350823e-21
1.996200e+03;1.350755e-21
1.996300e+03;1.350688e-21
1.996400e+03;1.350620e-21
1.996500e+03;1.350553e-21
1.996600e+03;1.350485e-21
1.996700e+03;1.350418e-21
1.996800e+03;1.350350e-21
1.996900e+03;1.350283e-21
1.997000e+03;1.350215e-21
1.997100e+03;1.350148e-21
1.997200e+03;1.350080e-21
1.997300e+03;1.350013e-21
1.997400e+03;1.349945e-21
1.997500e+03;1.349878e-21
1.997600e+03;1.349810e-21
1.997700e+03;1.349743e-21
1.997800e+03;1.349676e-21
1.997900e+03;1.349608e-21
1.998000e+03;1.349541e-21
1.998100e+03;1.349473e-21
1.998200e+03;1.349406e-21
1.998300e+03;1.349339e-21
1.998400e+03;1.349271e-21
1.998500e+03;1.349204e-21
1.998600e+03;1.349136e-21
1.998700e+03;1.349069e-21
1.998800e+03;1.349002e-21
1.998900e+03;1.348934e-21
1.999000e+03;1.348867e-21
1.999100e+03;1.348800e-21
1.999200e+03;1.348732e-21
1.999300e+03;1.348665e-21
1.999400e+03;1.348598e-21
1.999500e+03;1.348530e-21
1.999600e+03;1.348463e-21
1.999700e+03;1.348396e-21
1.999800e+03;1.348329e-21
1.999900e+03;1.348261e-21
2.000000e+03;1.348194e-21
